species,decimalLongitude,decimalLatitude
Abalistes stellaris,115.98333,-20.01667
Abalistes stellaris,118.3075,-20.02666
Abalistes stellaris,118.21667,-19.33166
Abalistes stellaris,118.80334,-19.20083
Abalistes stellaris,117.97667,-20.08
Abalistes stellaris,118.2207,-19.882
Abalistes stellaris,118.0475,-19.83666
Abalistes stellaris,117.88417,-19.82916
Abalistes stellaris,117.89917,-19.56833
Abalistes stellaris,115.93,-20.315
Abalistes stellaris,115.725,-20.42083
Abalistes stellaris,117.36,-20.3325
Abalistes stellaris,117.77334,-19.29583
Abalistes stellaris,117.07584,-20.11167
Abalistes stellaris,116.97583,-19.88916
Abalistes stellaris,119.32383,-17.27033
Abalistes stellaris,117.90334,-19.97916
Abalistes stellaris,116.9625,-20.12167
Abalistes stellaris,117.14834,-20.22583
Abalistes stellaris,117.495,-20.09417
Abalistes stellaris,117.5807,-19.4792
Abalistes stellaris,116.8407,-19.7983
Abalistes stellaris,116.6488,-19.7972
Abalistes stellaris,118.67417,-19.50166
Abalistes stellaris,118.83583,-19.50916
Abalistes stellaris,118.075,-20.14916
Abalistes stellaris,116.53833,-19.8075
Abalistes stellaris,118.55167,-19.61667
Abalistes stellaris,116.0287,-20.4942
Abalistes stellaris,117.7312,-19.3608
Abalistes stellaris,118.04584,-19.67666
Abalistes stellaris,117.74417,-19.94333
Abalistes stellaris,115.1,-20.36667
Abalistes stellaris,117.80833,-20.21833
Abalistes stellaris,117.98584,-19.62416
Abalistes stellaris,119.44167,-18.71666
Abalistes stellaris,117.48083,-20.12666
Abalistes stellaris,118.58667,-19.12333
Abalistes stellaris,118.59417,-19.08333
Abalistes stellaris,117.6495,-19.499
Abalistes stellaris,115.9672,-20.1925
Abalistes stellaris,117.25,-19.64583
Abalistes stellaris,115.98333,-20.645
Abalistes stellaris,116.855,-20.2375
Abalistes stellaris,118.19417,-19.465
Abalistes stellaris,118.16084,-20.01917
Abalistes stellaris,117.82083,-19.89416
Abalistes stellaris,117.72167,-19.95
Abalistes stellaris,118.0217,-19.6022
Abalistes stellaris,115.86667,-20.69333
Abalistes stellaris,117.7675,-19.9175
Abalistes stellaris,117.05167,-20.1675
Abalistes stellaris,118.825,-19.49166
Abalistes stellaris,117.71167,-19.85
Abalistes stellaris,116.6752,-19.9268
Abalistes stellaris,118.1225,-19.33416
Abalistes stellaris,117.35084,-20
Abalistes stellaris,118.69167,-18.9725
Abalistes stellaris,115.85333,-20.535
Abalistes stellaris,115.875,-20.92267
Abalistes stellaris,117.78584,-20.06
Abalistes stellaris,116.53584,-19.78583
Abalistes stellaris,116.35334,-20.01
Abalistes stellaris,117.3302,-19.5835
Abalistes stellaris,117.20917,-20.35333
Abalistes stellaris,117.70167,-20.09083
Abalistes stellaris,118.57334,-19.6275
Abalistes stellaris,116.76083,-19.70833
Abalistes stellaris,115.815,-20.1952
Abalistes stellaris,115.8816,-20.6583
Abalistes stellaris,117.86334,-19.725
Abalistes stellaris,115.865,-20.4065
Abalistes stellaris,116.17167,-20.12
Abalistes stellaris,117.42167,-19.82416
Abalistes stellaris,115.66833,-19.915
Abalistes stellaris,117.56167,-19.42666
Abalistes stellaris,116.98333,-19.92083
Abalistes stellaris,117.71167,-19.95416
Abalistes stellaris,116.19917,-20.36916
Abalistes stellaris,117.19167,-19.47917
Abalistes stellaris,117.96167,-19.5575
Abalistes stellaris,118.27084,-20.02666
Abalistes stellaris,115.26667,-20.175
Abalistes stellaris,116.03,-19.96333
Abalistes stellaris,117.70167,-19.965
Abalistes stellaris,116.145,-20.5675
Abalistes stellaris,117.5075,-20.2475
Abalistes stellaris,118.21667,-19.76667
Abalistes stellaris,116.3857,-20.028
Abalistes stellaris,118.8,-19.47667
Abalistes stellaris,117.91833,-19.72416
Abalistes stellaris,118.70167,-18.94333
Abalistes stellaris,118.41333,-19.98
Abalistes stellaris,116.6603,-19.8255
Abalistes stellaris,116.3775,-20.2725
Abalistes stellaris,115.83667,-19.85833
Abalistes stellaris,116.70167,-19.67
Abalistes stellaris,116.11917,-20.55917
Abalistes stellaris,116.57917,-20.17
Abalistes stellaris,118.795,-19.525
Abalistes stellaris,116.97,-19.83083
Abalistes stellaris,116.89417,-19.95
Abalistes stellaris,117.24417,-20.2125
Abalistes stellaris,117.74917,-19.8825
Abalistes stellaris,116.7672,-20.0353
Abalistes stellaris,117.0075,-20.22916
Abalistes stellaris,117.1175,-20.2175
Abalistes stellaris,116.66833,-20.15833
Abalistes stellaris,117.39917,-20.21166
Abalistes stellaris,118.54417,-19.28333
Abalistes stellaris,118.1477,-19.4313
Abalistes stellaris,117.7075,-19.9275
Abalistes stellaris,116.7577,-19.5255
Abalistes stellaris,118.82417,-19.5225
Abalistes stellaris,116.5148,-20.4444
Abalistes stellaris,115.725,-20.34166
Abalistes stellaris,117.30917,-19.55417
Abalistes stellaris,117.44834,-19.61416
Abalistes stellaris,118.47083,-19.39667
Abalistes stellaris,117.185,-20.3
Abalistes stellaris,118.20084,-19.98083
Abalistes stellaris,116.2125,-20.5225
Abalistes stellaris,117.56,-19.82166
Abalistes stellaris,117.86583,-20.19833
Abalistes stellaris,116.45917,-20.0925
Abalistes stellaris,115.7612,-20.504
Abalistes stellaris,117.79583,-19.89166
Abalistes stellaris,116.401,-20.0205
Abalistes stellaris,116.44667,-20.36166
Abalistes stellaris,117.83333,-19.76166
Abalistes stellaris,117.93917,-20.15916
Abalistes stellaris,118.32833,-19.57666
Abalistes stellaris,118.91667,-19.60833
Abalistes stellaris,116.6075,-19.99583
Abalistes stellaris,117.3945,-20.1828
Abalistes stellaris,116.5275,-20.40416
Abalistes stellaris,118.61167,-19.86167
Abalistes stellaris,118.11584,-19.1475
Abalistes stellaris,116.615,-19.82833
Abalistes stellaris,115.91,-20.61666
Abalistes stellaris,115.32552,-20.175
Abalistes stellaris,116.09181,-20.31791
Abalistes stellaris,118.40917,-19.95666
Abalistes stellaris,118.03333,-19.825
Abalistes stellaris,116.9068,-19.8395
Abalistes stellaris,115.78667,-20.39083
Abalistes stellaris,115.18,-20.83333
Abalistes stellaris,117.91083,-20.08417
Abalistes stellaris,116.49167,-20.15
Abalistes stellaris,116.52,-19.905
Abalistes stellaris,116.80667,-19.725
Abalistes stellaris,117.40917,-19.96166
Abalistes stellaris,116.6558,-19.738
Abalistes stellaris,116.32,-20.25166
Abalistes stellaris,117.72834,-20.04583
Abalistes stellaris,115.19917,-20.2775
Abalistes stellaris,114.97083,-20.435
Abalistes stellaris,115.77834,-20.16
Abalistes stellaris,118.32,-19.44166
Abalistes stellaris,116.57334,-19.78667
Abalistes stellaris,116.12083,-20.5025
Abalistes stellaris,115.88167,-20.65833
Abalistes stellaris,118.60167,-19.90583
Abalistes stellaris,118.13334,-19.3275
Abalistes stellaris,117.69834,-18.83333
Abalistes stellaris,117.59834,-20.23167
Abalistes stellaris,116.205,-20.0897
Abalistes stellaris,117.697,-19.4827
Abalistes stellaris,116.885,-20.1125
Abalistes stellaris,118.03,-19.23
Abalistes stellaris,116.5314,-20.5511
Abalistes stellaris,117.34167,-20.105
Abalistes stellaris,115.7625,-19.95166
Abalistes stellaris,116.4475,-20.23166
Abalistes stellaris,115.79667,-20.43
Abalistes stellaris,116.68834,-20.3
Abalistes stellaris,117.87,-19.91416
Abalistes stellaris,116.57334,-20.0975
Abalistes stellaris,117.6287,-19.2995
Abalistes stellaris,118.865,-19.0725
Abalistes stellaris,116.26667,-20.38333
Abalistes stellaris,116.16917,-19.87917
Abalistes stellaris,118.175,-19.88166
Abalistes stellaris,117.78528,-20.21736
Abalistes stellaris,117.0825,-20.1525
Abalistes stellaris,116.02,-19.88
Abalistes stellaris,116.32667,-20.43833
Abalistes stellaris,116.89417,-20.12917
Abalistes stellaris,118.47334,-19.54166
Abalistes stellaris,115.92834,-20.63583
Abalistes stellaris,118.71667,-19.36083
Abalistes stellaris,116.17667,-20.00166
Abalistes stellaris,116.82084,-19.7225
Abalistes stellaris,117.6402,-19.6688
Abalistes stellaris,117.95583,-19.75666
Abalistes stellaris,117.70667,-19.91416
Abalistes stellaris,116.87084,-20.27667
Abalistes stellaris,116.4577,-20.1898
Abalistes stellaris,116.61667,-20.17
Abalistes stellaris,116.88407,-20.38083
Abalistes stellaris,115.75167,-20.33917
Abalistes stellaris,117.66417,-19.92916
Abalistes stellaris,115.09417,-20.92667
Abalistes stellaris,116.30333,-20.11583
Abalistes stellaris,117.89167,-19.21916
Abalistes stellaris,116.54167,-19.46
Abalistes stellaris,116.69833,-19.67667
Abalistes stellaris,117.7275,-19.9275
Abalistes stellaris,118.32667,-19.75833
Abalistes stellaris,119.51667,-19.63333
Abalistes stellaris,116.268,-20.0533
Abalistes stellaris,117.87,-19.56667
Abalistes stellaris,116.7058,-19.9052
Abalistes stellaris,116.0387,-20.2032
Abalistes stellaris,116.44834,-20.42333
Abalistes stellaris,116.108,-20.5603
Abalistes stellaris,114.90282,-21.3055
Abalistes stellaris,117.70334,-20.03833
Abalistes stellaris,117.2287,-20.3422
Abalistes stellaris,118.61584,-18.83916
Abalistes stellaris,117.0125,-20.29416
Abalistes stellaris,116.55,-20.16666
Abalistes stellaris,114.92917,-20.47416
Abalistes stellaris,116.4147,-20.1991
Abalistes stellaris,116.55833,-19.66167
Abalistes stellaris,116.80334,-20.06917
Abalistes stellaris,116.72667,-19.92667
Abalistes stellaris,116.1425,-20.285
Abalistes stellaris,117.0925,-19.56
Abalistes stellaris,117.94917,-19.69583
Abalistes stellaris,118.27333,-19.18833
Abalistes stellaris,118.74667,-19.27666
Abalistes stellaris,117.1975,-20.06833
Abalistes stellaris,118.64833,-19.70167
Abalistes stellaris,116.965,-19.76166
Abalistes stellaris,116.7932,-19.53514
Abalistes stellaris,116.04167,-20.1825
Abalistes stellaris,116.3462,-20.1835
Abalistes stellaris,118.70833,-19.45167
Abalistes stellaris,116.01667,-20.12167
Abalistes stellaris,118.46,-19.0275
Abalistes stellaris,116.445,-19.79333
Abalistes stellaris,118.0238,-19.428
Abalistes stellaris,118.6075,-19.11
Abalistes stellaris,116.8298,-19.4723
Abalistes stellaris,116.51333,-20.25
Abalistes stellaris,117.38084,-20.3325
Abalistes stellaris,116.5625,-19.77833
Abalistes stellaris,116.92084,-20.11083
Abalistes stellaris,117.36,-20.01083
Abalistes stellaris,116.18445,-20.06777
Abalistes stellaris,117.66167,-20.00583
Abalistes stellaris,118.79584,-18.88
Abalistes stellaris,117.06334,-20.19833
Abalistes stellaris,118.43583,-19.95
Abalistes stellaris,116.1238,-20.3278
Abalistes stellaris,113.54762,-22.78253
Abalistes stellaris,118.01334,-19.41166
Abalistes stellaris,113.61135,-22.63028
Abalistes stellaris,117.0318,-20
Abalistes stellaris,115.9453,-20.6198
Abalistes stellaris,118.445,-19.46333
Abalistes stellaris,116.4162,-20.0572
Abalistes stellaris,120.56667,-19.325
Abalistes stellaris,117.59667,-19.23583
Abalistes stellaris,116.42583,-20.21333
Abalistes stellaris,117.05084,-19.23583
Abalistes stellaris,117.635,-19.86667
Abalistes stellaris,115.68833,-20.63416
Abalistes stellaris,117.01167,-19.53833
Abalistes stellaris,117.83084,-19.71333
Abalistes stellaris,116.2567,-19.8185
Abalistes stellaris,117.25417,-19.87667
Abalistes stellaris,116.80334,-19.85583
Abalistes stellaris,118.92,-19.46917
Abalistes stellaris,118.18334,-19.63333
Abalistes stellaris,116.735,-19.7837
Abalistes stellaris,116.40167,-20.13
Abalistes stellaris,116.09417,-20.52583
Abalistes stellaris,116.02333,-20.41583
Abalistes stellaris,118.64834,-18.9725
Abalistes stellaris,116.02833,-20.59916
Abalistes stellaris,118.86584,-19.2775
Abalistes stellaris,117.57167,-19.24333
Abalistes stellaris,117.00583,-19.78416
Abalistes stellaris,119.00333,-19.42667
Abalistes stellaris,117.01,-20.3095
Abalistes stellaris,117.76083,-19.89833
Abalistes stellaris,118.96167,-19.24583
Abalistes stellaris,115.9402,-20.1018
Abalistes stellaris,118.30833,-19.45333
Abalistes stellaris,116.6393,-19.9113
Abalistes stellaris,116.535,-19.6915
Abalistes stellaris,116.5625,-19.6565
Abalistes stellaris,113.76131,-22.27814
Abalistes stellaris,117.4825,-20.12166
Abalistes stellaris,118.19833,-19.53333
Abalistes stellaris,118.17834,-19.18083
Abalistes stellaris,115.48192,-20.408
Abalistes stellaris,116.63334,-19.79917
Abalistes stellaris,116.35167,-20.04667
Abalistes stellaris,116.69,-19.45333
Abalistes stellaris,117.97667,-20.0225
Abalistes stellaris,115.94833,-20.4125
Abalistes stellaris,116.634,-19.9715
Abalistes stellaris,116.98333,-20.22333
Abalistes stellaris,115.85417,-20.73083
Abalistes stellaris,117.36167,-19.9275
Abalistes stellaris,116.19917,-20.28333
Abalistes stellaris,117.78084,-19.99333
Abalistes stellaris,117.8125,-19.80083
Abalistes stellaris,115.58548,-20.46392
Abalistes stellaris,118.2433,-19.715
Abalistes stellaris,117.86,-19.215
Abalistes stellaris,118.43833,-19.59833
Abalistes stellaris,116.71014,-20.02611
Abalistes stellaris,118.43333,-19.69236
Abalistes stellaris,117.5525,-19.6925
Abalistes stellaris,117.7475,-19.90583
Abalistes stellaris,116.70834,-19.67667
Abalistes stellaris,116.4712,-20.3619
Abalistes stellaris,118.67417,-19.2425
Abalistes stellaris,117.06,-20.31583
Abalistes stellaris,118.23,-19.75916
Abalistes stellaris,117.69,-20.16
Abalistes stellaris,113.58888,-22.61981
Abalistes stellaris,116.16917,-19.73916
Abalistes stellaris,116.03167,-20.26083
Abalistes stellaris,116.75,-19.63667
Abalistes stellaris,113.58159,-22.82441
Abalistes stellaris,114.96833,-20.44667
Abalistes stellaris,117.17167,-20.24916
Abalistes stellaris,121.46517,-18.3265
Abalistes stellaris,117.08167,-19.75
Abalistes stellaris,116.47084,-19.92167
Abalistes stellaris,113.80203,-22.27035
Abalistes stellaris,117.94417,-20.1125
Abalistes stellaris,116.7297,-19.744
Abalistes stellaris,117.97667,-20.035
Abalistes stellaris,117.24833,-19.575
Abalistes stellaris,117.4675,-20.0675
Abalistes stellaris,116.23334,-19.675
Abalistes stellaris,114.57869,-21.55154
Abalistes stellaris,116.17584,-20.3125
Abalistes stellaris,118.68084,-19.265
Abalistes stellaris,116.8858,-20.1762
Abalistes stellaris,117.79417,-20.205
Abalistes stellaris,117.90333,-20.1675
Abalistes stellaris,116.03333,-20.57166
Abalistes stellaris,116.37333,-20.3275
Abalistes stellaris,117.18833,-20.33333
Abalistes stellaris,117.6425,-19.35083
Abalistes stellaris,114.16819,-21.86461
Abalistes stellaris,117.10917,-19.87916
Abalistes stellaris,117.265,-20.28583
Abalistes stellaris,117.18417,-20.07916
Abalistes stellaris,118.15,-19.25833
Abalistes stellaris,116.0875,-20.10916
Abalistes stellaris,116.59667,-19.93667
Abalistes stellaris,117.30167,-20.33833
Abalistes stellaris,117.12917,-19.86333
Abalistes stellaris,116.14583,-20.64
Abalistes stellaris,117.61917,-19.44916
Abalistes stellaris,116.4575,-19.54417
Abalistes stellaris,117.23,-20.2
Abalistes stellaris,118.24834,-19.98083
Abalistes stellaris,115.1575,-20.48667
Abalistes stellaris,117.23667,-19.6125
Abalistes stellaris,118.18584,-19.5375
Abalistes stellaris,148.43417,-38.77513
Abalistes stellaris,115.29417,-20.1575
Abalistes stellaris,116.25,-19.89583
Abalistes stellaris,117.10917,-20.22417
Abalistes stellaris,118.78084,-19.14916
Abalistes stellaris,117.91917,-19.905
Abalistes stellaris,116.0637,-19.9377
Abalistes stellaris,116.077,-20.13
Abalistes stellaris,116.4975,-20.1975
Abalistes stellaris,117.08584,-19.44583
Abalistes stellaris,118.775,-19.34166
Abalistes stellaris,118.865,-19.6825
Abalistes stellaris,118.67833,-19.2775
Abalistes stellaris,117.7725,-19.90333
Abalistes stellaris,116.2575,-20.22666
Abalistes stellaris,118.51167,-19.16333
Abalistes stellaris,118.7325,-19.235
Abalistes stellaris,118.76584,-19.57917
Abalistes stellaris,116.28,-20.16333
Abalistes stellaris,117.35903,-19.80152
Abalistes stellaris,117.72,-19.94833
Abalistes stellaris,115.83,-20.58916
Abalistes stellaris,118.51,-19.17333
Abalistes stellaris,118.90834,-19.61
Abalistes stellaris,117.93583,-19.8725
Abalistes stellaris,117.47334,-20.34
Abalistes stellaris,116.5825,-19.87916
Abalistes stellaris,118.415,-18.92167
Abalistes stellaris,117.75083,-20.13916
Abalistes stellaris,113.16667,-24.75
Abalistes stellaris,117.585,-19.4975
Abalistes stellaris,116.4012,-20.6349
Abalistes stellaris,117.25834,-20.225
Abalistes stellaris,117.76667,-19.925
Abalistes stellaris,117.16667,-20.04916
Abalistes stellaris,117.7725,-19.87
Abalistes stellaris,116.4475,-19.93583
Abalistes stellaris,118.08584,-19.48333
Abalistes stellaris,117.02667,-20.01666
Abalistes stellaris,117.2775,-19.43166
Abalistes stellaris,118.88334,-18.86666
Abalistes stellaris,117.75667,-19.92083
Abalistes stellaris,115.82737,-19.96694
Abalistes stellaris,118.61084,-19.43833
Abalistes stellaris,116.4739,-20.5923
Abalistes stellaris,117.79584,-20.06167
Abalistes stellaris,117.15084,-20.33583
Abalistes stellaris,118.49334,-19.42333
Abalistes stellaris,117.23667,-20.07583
Abalistes stellaris,116.78667,-20.21833
Abalistes stellaris,116.78167,-19.71416
Abalistes stellaris,117.70667,-19.94583
Abalistes stellaris,116.0143,-20.5713
Abalistes stellaris,116.47528,-19.80083
Abalistes stellaris,115.22925,-20.81344
Abalistes stellaris,114.86389,-21.34589
Abalistes stellaris,116.3675,-20.21416
Abalistes stellaris,118.85945,-19.0925
Abalistes stellaris,113.80178,-22.17832
Abalistes stellaris,117.78834,-19.115
Abalistes stellaris,118.62417,-19.70916
Abalistes stellaris,117.39917,-19.80833
Abalistes stellaris,118.64833,-19.15
Abalistes stellaris,116.00167,-20.4675
Abalistes stellaris,121.43334,-17.625
Abalistes stellaris,117.9625,-19.8175
Abalistes stellaris,116.60167,-19.95667
Abalistes stellaris,116.4725,-19.71167
Abalistes stellaris,117.7225,-19.94083
Abalistes stellaris,115.96833,-19.99333
Abalistes stellaris,117.7323,-20.1478
Abalistes stellaris,115.75833,-20.66333
Abalistes stellaris,121.06667,-17.33333
Abalistes stellaris,115.92084,-20.51333
Abalistes stellaris,116.60834,-20.2025
Abalistes stellaris,116.77167,-19.96666
Abalistes stellaris,118.044,-19.372
Abalistes stellaris,117.63584,-19.20666
Abalistes stellaris,116.85417,-19.56166
Abalistes stellaris,115.997,-20.2553
Abalistes stellaris,116.04167,-19.95916
Abalistes stellaris,115.44852,-20.304
Abalistes stellaris,116.03417,-20.3875
Abalistes stellaris,118.16084,-20.02583
Abalistes stellaris,117.7375,-20.07166
Abalistes stellaris,118.21584,-19.04417
Abalistes stellaris,117.82834,-19.81666
Abalistes stellaris,117.56584,-19.25833
Abalistes stellaris,117.5772,-19.4205
Abalistes stellaris,114.56054,-21.55712
Abalistes stellaris,116.77667,-20.26417
Abalistes stellaris,118.31667,-19.37167
Abalistes stellaris,116.4013,-20.1822
Abalistes stellaris,118.67084,-19.51833
Abalistes stellaris,117.35834,-20.3575
Abalistes stellaris,117.91667,-19.8525
Abalistes stellaris,118.025,-19.1
Abalistes stellaris,118.45667,-19.31667
Abalistes stellaris,118.16417,-19.38833
Abalistes stellaris,118.8725,-19.485
Abalistes stellaris,117.34167,-19.7
Abalistes stellaris,116.42167,-20.32333
Abalistes stellaris,116.60584,-20.15417
Abalistes stellaris,116.1875,-20.47333
Abalistes stellaris,115.02431,-21.48611
Abalistes stellaris,119.3166667,-18.46666667
Abalistes stellaris,115.7075,-20.63083
Abalistes stellaris,118.4,-19.05
Abalistes stellaris,118.00889,-20.05972
Abalistes stellaris,115.5275,-19.9975
Abalistes stellaris,115.54917,-20.2325
Abalistes stellaris,116.60667,-19.55667
Abalistes stellaris,116.1525,-20.1725
Abalistes stellaris,117.285,-20.09666
Abalistes stellaris,116.9575,-19.925
Abalistes stellaris,118.54667,-19.19583
Abalistes stellaris,117.01583,-19.68166
Abalistes stellaris,115.02834,-20.56583
Abalistes stellaris,117.77584,-19.59833
Abalistes stellaris,113.8468,-22.15165
Abalistes stellaris,117.46084,-19.88583
Abalistes stellaris,116.0975,-19.84166
Abalistes stellaris,116.57470000000001,-19.7823
Abalistes stellaris,116.5588,-19.9303
Abalistes stellaris,116.85333,-20.2
Abalistes stellaris,118.1525,-19.35333
Abalistes stellaris,116.7325,-19.815
Abalistes stellaris,116.4486,-20.58363
Abalistes stellaris,121.28333,-18.16667
Abalistes stellaris,116.73333,-19.53333
Abalistes stellaris,117.7525,-19.66167
Abalistes stellaris,117.85584,-20.0525
Abalistes stellaris,117.6672,-19.5977
Abalistes stellaris,116.0175,-20.25416
Abalistes stellaris,118.615,-19.43333
Abalistes stellaris,118.88333,-19.4975
Abalistes stellaris,116.54667,-20.05667
Abalistes stellaris,117.69417,-19.58833
Abalistes stellaris,117.22833,-20.02833
Abalistes stellaris,148.1,-42.12
Abalistes stellaris,113.58196,-22.62865
Abalistes stellaris,115.19833,-20.295
Abalistes stellaris,118.71167,-18.80166
Abalistes stellaris,117.535,-20.35083
Abalistes stellaris,116.4691,-20.3227
Abalistes stellaris,116.36,-19.76667
Abalistes stellaris,118.11084,-19.505
Abalistes stellaris,117.72,-19.88167
Abalistes stellaris,116.27834,-20.51083
Abalistes stellaris,117.3525,-20.34666
Abalistes stellaris,114.88958,-21.31932
Abalistes stellaris,116.56778,-19.4593
Abalistes stellaris,116.445,-20.29916
Abalistes stellaris,116.595,-20.29416
Abalistes stellaris,148.72556,-40.11028
Abalistes stellaris,117.11667,-19.96916
Abalistes stellaris,117.30917,-20.32583
Abalistes stellaris,118.71917,-19.7075
Abalistes stellaris,116.041,-20.4893
Abalistes stellaris,114.27322,-21.60556
Abalistes stellaris,117.6025,-20.26417
Abalistes stellaris,117.60417,-19.25583
Abalistes stellaris,118.21667,-19.875
Abalistes stellaris,117.85917,-19.57
Abalistes stellaris,118.13917,-19.15666
Abalistes stellaris,116.9975,-20.0375
Abalistes stellaris,116.72083,-19.545
Abalistes stellaris,115.25584,-20.1575
Abalistes stellaris,117.44292,-19.88417
Abalistes stellaris,118.18084,-19.2475
Abalistes stellaris,117.3022,-19.7772
Abalistes stellaris,114.80563,-21.41438
Abalistes stellaris,116.52333,-20.34833
Abalistes stellaris,116.19417,-20.11167
Abalistes stellaris,121.40833,-18.5
Abalistes stellaris,119.54167,-19.63333
Abalistes stellaris,118.95667,-19.095
Abalistes stellaris,116.1912,-20.0995
Abalistes stellaris,113.80478,-22.20378
Abalistes stellaris,116.4193,-20.0625
Abalistes stellaris,117.02917,-19.655
Abalistes stellaris,117.27834,-20.23666
Abalistes stellaris,117.35417,-20.335
Abalistes stellaris,117.80667,-20.04083
Abalistes stellaris,113.51938,-22.80608
Abalistes stellaris,117.70084,-19.94666
Abalistes stellaris,118.2175,-19.8875
Abalistes stellaris,116.80584,-20.22333
Abalistes stellaris,115.22463,-20.74204
Abalistes stellaris,117.035,-20.01083
Abalistes stellaris,116.01584,-20.53333
Abalistes stellaris,119.03334,-18.96667
Abalistes stellaris,117.72,-19.325
Abalistes stellaris,116.48112,-20.55567
Abalistes stellaris,115.80667,-20.62166
Abalistes stellaris,117.53667,-20.14583
Abalistes stellaris,117.43917,-19.5875
Abalistes stellaris,117.98334,-19.39166
Abalistes stellaris,118.16334,-19.44167
Abalistes stellaris,118.74833,-19.24166
Abalistes stellaris,117.905,-19.22
Abalistes stellaris,116.7425,-19.77
Abalistes stellaris,117.77167,-19.26166
Abalistes stellaris,117.93417,-19.4
Abalistes stellaris,117.68584,-19.26167
Abalistes stellaris,118.41084,-19.17917
Abalistes stellaris,116.81334,-20.13417
Abalistes stellaris,117.75417,-19.955
Abalistes stellaris,116.47,-19.62166
Abalistes stellaris,117.79417,-19.90916
Abalistes stellaris,119.34208,-19.21736
Abalistes stellaris,117.565,-19.83167
Abalistes stellaris,116.23333,-20.17083
Abalistes stellaris,116.1275,-19.8775
Abalistes stellaris,116.2675,-20.04416
Abalistes stellaris,117.435,-19.50416
Abalistes stellaris,116.425,-19.85583
Abalistes stellaris,113.65301,-22.47056
Abalistes stellaris,118.075,-20.05833
Abalistes stellaris,116.7725,-20.175
Abalistes stellaris,117.22334,-19.53667
Abalistes stellaris,118.50167,-19.58166
Abalistes stellaris,116.765,-19.6125
Abalistes stellaris,117.295,-20.3525
Abalistes stellaris,118.39834,-19.39916
Abalistes stellaris,116.59167,-19.55903
Abalistes stellaris,118.12167,-19.945
Abalistes stellaris,117.79584,-19.57166
Abalistes stellaris,117.73833,-19.93166
Abalistes stellaris,118.58833,-19.76583
Abalistes stellaris,115.795,-19.91
Abalistes stellaris,116.0525,-20.43166
Abalistes stellaris,117.88084,-19.76333
Abalistes stellaris,118.11917,-19.14333
Abalistes stellaris,117.24667,-19.7575
Abalistes stellaris,117.715,-19.97
Abalistes stellaris,118.705,-18.92
Abalistes stellaris,116.86834,-19.7375
Abalistes stellaris,117.05667,-19.77166
Abalistes stellaris,118.8975,-19.62417
Abalistes stellaris,114.48505,-21.57204
Abalistes stellaris,118.12667,-19.43667
Abalistes stellaris,118.2075,-19.91
Abalistes stellaris,117.93,-19.2245
Abalistes stellaris,153.25,-27.25
Abalistes stellaris,116.5525,-19.75236
Abalistes stellaris,115.5125,-20.19666
Abalistes stellaris,118.50167,-19.42
Abalistes stellaris,117.7025,-19.91167
Abalistes stellaris,116.06417,-20.37583
Abalistes stellaris,115.8757,-20.125
Abalistes stellaris,117.69084,-19.9125
Abalistes stellaris,117.79917,-20.17583
Abalistes stellaris,116.3175,-20.0575
Abalistes stellaris,116.76584,-20.1175
Abalistes stellaris,118.055,-19.145
Abalistes stellaris,117.72334,-19.93583
Abalistes stellaris,117.05417,-19.995
Abalistes stellaris,113.56259,-22.83154
Abalistes stellaris,118.93,-19.49916
Abalistes stellaris,118.13720000000001,-19.294
Abalistes stellaris,116.54,-20.1
Abalistes stellaris,114.98444,-20.43514
Abalistes stellaris,117.205,-19.40083
Abalistes stellaris,120.8,-18.89166
Abalistes stellaris,117.36667,-19.65917
Abalistes stellaris,114.18584,-21.63754
Abalistes stellaris,117.81083,-19.16166
Abalistes stellaris,117.89584,-19.93667
Abalistes stellaris,117.94834,-19.94583
Abalistes stellaris,115.6925,-20.41916
Abalistes stellaris,117.9433,-20.1473
Abalistes stellaris,115.96667,-19.90833
Abalistes stellaris,116.1527,-19.8582
Abalistes stellaris,116.67167,-19.52166
Abalistes stellaris,116.71167,-20.26083
Abalistes stellaris,116.0825,-20.025
Abalistes stellaris,113.84,-22.14724
Abalistes stellaris,118.825,-19.52083
Abalistes stellaris,116.5219,-20.4478
Abalistes stellaris,115.75334,-20.14333
Abalistes stellaris,115.7708,-20.3447
Abalistes stellaris,117.10833,-19.5
Abalistes stellaris,118.17,-19.62667
Abalistes stellaris,117.44,-19.46083
Abalistes stellaris,117.8825,-20.025
Abalistes stellaris,116.29834,-19.935
Abalistes stellaris,118.84833,-19.02
Abalistes stellaris,116.25945,-20.16777
Abalistes stellaris,116.5435,-20.5658
Abalistes stellaris,116.56917,-19.78347
Abalistes stellaris,117.925,-19.2825
Abalistes stellaris,116.00667,-20.54167
Abalistes stellaris,118.68334,-19.715
Abalistes stellaris,116.1225,-20.14167
Abalistes stellaris,118.915,-19.48166
Abalistes stellaris,116.58458,-19.87583
Abalistes stellaris,121.7,-17.68333
Abalistes stellaris,116.49167,-20.32
Abalistes stellaris,116.295,-20.3698
Abalistes stellaris,116.88333,-19.955
Abalistes stellaris,115.21917,-20.4175
Abalistes stellaris,115.9625,-19.84416
Abalistes stellaris,116.75917,-20.25417
Abalistes stellaris,114.8875,-20.62417
Abalistes stellaris,117.97667,-19.8
Abalistes stellaris,118.18,-19.28583
Abalistes stellaris,113.80287,-22.21374
Abalistes stellaris,116.645,-20.04167
Abalistes stellaris,117.08417,-20.35833
Abalistes stellaris,118.77834,-19.05583
Abalistes stellaris,116.1637,-19.6933
Abalistes stellaris,115.67583,-20.57083
Abalistes stellaris,115.945,-20.17917
Abalistes stellaris,115.75667,-19.92
Abalistes stellaris,116.68084,-19.46166
Abalistes stellaris,118.3025,-19.3575
Abalistes stellaris,117.7125,-19.93666
Abalistes stellaris,113.60983,-22.58675
Abalistes stellaris,116.95333,-19.755
Abalistes stellaris,116.02417,-20.25417
Abalistes stellaris,117.91834,-19.96416
Abalistes stellaris,118.81334,-19.30583
Abalistes stellaris,115.72917,-20.60333
Abalistes stellaris,117.35,-20.19667
Abalistes stellaris,118.54167,-19.8325
Abalistes stellaris,117.35084,-20.23666
Abalistes stellaris,115.34729,-20.17001
Abalistes stellaris,117.15,-19.99166
Abalistes stellaris,117.34584,-20.1125
Abalistes stellaris,117.42917,-20.0575
Abalistes stellaris,117.845,-19.94
Abalistes stellaris,116.59334,-19.94833
Abalistes stellaris,116.62084,-19.79833
Abalistes stellaris,116.35056,-19.74167
Abalistes stellaris,118.78334,-19.11667
Abalistes stellaris,116.306,-19.6792
Abalistes stellaris,117.04417,-19.70416
Abalistes stellaris,117.03584,-19.3675
Abalistes stellaris,118.64833,-18.93083
Abalistes stellaris,118.34667,-19.69
Abalistes stellaris,116.91333,-20.13167
Abalistes stellaris,117.73583000000001,-19.875
Abalistes stellaris,118.6475,-18.8275
Abalistes stellaris,116.61083000000001,-19.73833
Abalistes stellaris,150.12667,-36.9593
Abalistes stellaris,116.54334,-20.15583
Abalistes stellaris,115.89833,-20.215
Abalistes stellaris,118.6025,-18.98
Abalistes stellaris,116.2925,-20.255
Abalistes stellaris,118.0425,-19.45833
Abalistes stellaris,118.71167,-19.43667
Abalistes stellaris,117.46167,-20.03667
Abalistes stellaris,115.01667,-20.6
Abalistes stellaris,116.87333,-20.11
Abalistes stellaris,117.00333,-19.98083
Abalistes stellaris,116.65973,-19.71917
Abalistes stellaris,114.50425,-21.569210000000002
Abalistes stellaris,116.6025,-20.2825
Abalistes stellaris,118.03667,-19.08833
Abalistes stellaris,117.0616,-20.0166
Abalistes stellaris,116.717,-19.4238
Abalistes stellaris,115.865,-20.71667
Abalistes stellaris,116.22,-20.15
Abalistes stellaris,115.9745,-20.1783
Abalistes stellaris,116.27584,-20.3275
Abalistes stellaris,118.2255,-19.6768
Abalistes stellaris,116.78917,-20.21083
Abalistes stellaris,118.01334,-20.03
Abalistes stellaris,118.18583,-19.92333
Abalistes stellaris,114.09,-21.69197
Abalistes stellaris,118.18333,-20.085
Abalistes stellaris,115.935,-20.28
Abalistes stellaris,117.62,-19.6825
Abalistes stellaris,117.71417,-19.36666
Abalistes stellaris,114.87583,-20.59083
Abalistes stellaris,117.22417,-20.32666
Abalistes stellaris,117.17584,-20.325
Abalistes stellaris,116.069,-20.81013
Abalistes stellaris,117.79167,-19.90667
Abalistes stellaris,115.4639,-20.327
Abalistes stellaris,116.895,-19.67
Abalistes stellaris,116.4722,-19.7978
Abalistes stellaris,121.18459,-17.24403
Abalistes stellaris,118.955,-19.07833
Abalistes stellaris,117.37833,-19.49333
Abalistes stellaris,117.5575,-19.25083
Abalistes stellaris,118.855,-19.02666
Abalistes stellaris,118.73167,-19.455
Abalistes stellaris,117.24917,-19.47666
Abalistes stellaris,116.06834,-19.96
Abalistes stellaris,116.33917,-20.03
Abalistes stellaris,115.97917,-19.9375
Abalistes stellaris,118.635,-19.71916
Abalistes stellaris,117.49833,-20.24833
Abalistes stellaris,117.20834,-20.175
Abalistes stellaris,115.26334,-20.72666
Abalistes stellaris,115.9495,-20.1103
Abalistes stellaris,117.60584,-19.65167
Abalistes stellaris,116.54,-20.16833
Abalistes stellaris,116.045,-20.51167
Abalistes stellaris,117.843,-19.7027
Abalistes stellaris,116.20667,-20.18333
Abalistes stellaris,117.71167,-19.17667
Abalistes stellaris,117.78333,-20.27333
Abalistes stellaris,116.5938,-19.6235
Abalistes stellaris,114.92417,-20.6525
Abalistes stellaris,119.0525,-19.0675
Abalistes stellaris,119.2,-19.14166
Abalistes stellaris,119.06917,-19.03666
Abalistes stellaris,119.05167,-19.06833
Abalistes stellaris,117.3425,-20.0125
Abalistes stellaris,115.575,-20.13333
Abalistes stellaris,117.62584,-19.50833
Abalistes stellaris,116.79292,-19.94263
Abalistes stellaris,118.57833,-19.65833
Abalistes stellaris,117.96584,-19.18333
Abalistes stellaris,116.425,-20.26417
Abalistes stellaris,117.325,-19.91666
Abalistes stellaris,121.19167,-17.89166
Abalistes stellaris,118.3275,-19.64
Abalistes stellaris,118,-19.15
Abalistes stellaris,116.7433,-19.8178
Abalistes stellaris,118.81,-18.88833
Abalistes stellaris,116.89917,-19.68166
Abalistes stellaris,117.365,-20.19083
Abalistes stellaris,115.76833,-20.27833
Abalistes stellaris,117.125,-20.06417
Abalistes stellaris,116.5287,-19.7782
Abalistes stellaris,118.12639,-19.96083
Abalistes stellaris,116.25417,-20.11416
Abalistes stellaris,115.452,-20.244
Abalistes stellaris,114.9481,-21.26826
Abalistes stellaris,116.025,-20.50417
Abalistes stellaris,117.64084,-20.1225
Abalistes stellaris,116.78917,-20.05583
Abalistes stellaris,116.20833,-19.8675
Abalistes stellaris,118.14583,-19.76416
Abalistes stellaris,117.65333,-19.75416
Abalistes stellaris,116.75334,-19.69333
Abalistes stellaris,116.381,-20.0478
Abalistes stellaris,116.3913,-20.0919
Abalistes stellaris,116.69973,-20.46207
Abalistes stellaris,116.485,-20.02625
Abalistes stellaris,116.22333,-20.23
Abalistes stellaris,113.91423,-21.89513
Abalistes stellaris,116.46834,-20.32583
Abalistes stellaris,117.76917,-19.90416
Abalistes stellaris,118.72,-18.81333
Abalistes stellaris,117.95917,-20.05833
Abalistes stellaris,116.69583,-19.815
Abalistes stellaris,119.88403,-18.31666
Abalistes stellaris,114.97667,-20.905
Abalistes stellaris,118.11833,-19.27
Abalistes stellaris,118.8025,-19.67083
Abalistes stellaris,121.96667,-15.40833
Abalistes stellaris,117.41667,-19.64167
Abalistes stellaris,115.47483,-20.347
Abalistes stellaris,117.72834,-19.92333
Abalistes stellaris,116.2425,-20.33444
Abalistes stellaris,118.01917,-19.08666
Abalistes stellaris,117.03334,-20.11666
Abalistes stellaris,116.87917,-19.54417
Abalistes stellaris,116.5,-20
Abalistes stellaris,116.1905,-20.0873
Abalistes stellaris,117.20584,-20.36166
Abalistes stellaris,117.9025,-19.5825
Abalistes stellaris,117.13167,-20.32
Abalistes stellaris,117.2525,-19.58833
Abalistes stellaris,115.20167,-20.15
Abalistes stellaris,115.76917,-20.65666
Abalistes stellaris,117.525,-20.16583
Abalistes stellaris,116.18,-20.14833
Abalistes stellaris,116.19167,-20.31667
Abalistes stellaris,117.71917,-19.89
Abalistes stellaris,118.21,-19.89833
Abalistes stellaris,118.365,-19.50167
Abalistes stellaris,115.45834,-19.93333
Abalistes stellaris,118.29333,-19.70166
Abalistes stellaris,116.63834,-19.6125
Abalistes stellaris,113.65741,-22.46143
Abalistes stellaris,117.735,-19.11833
Abalistes stellaris,118.1,-19.68916
Abalistes stellaris,113.82904,-22.12396
Abalistes stellaris,117.68667,-19.96583
Abalistes stellaris,113.61075,-22.6341
Abalistes stellaris,113.81203,-22.06517
Abalistes stellaris,116.21806,-19.97513
Abalistes stellaris,119.24167,-19.25
Abalistes stellaris,118.85084,-19.09
Abalistes stellaris,115.8555,-19.9168
Abalistes stellaris,115.16667,-20.86667
Abalistes stellaris,115.6025,-19.94833
Abalistes stellaris,118.19167,-19.1025
Abalistes stellaris,117.155,-19.43666
Abalistes stellaris,116.07,-20.55667
Abalistes stellaris,113.90722,-21.90687
Abalistes stellaris,116.08334,-19.76666
Abalistes stellaris,116.3263,-20.1796
Abalistes stellaris,116.5296,-20.4513
Abalistes stellaris,117.6125,-20.23916
Abalistes stellaris,117.16084,-19.67583
Abalistes stellaris,116.0133,-20.228
Abalistes stellaris,116.79917,-20.1375
Abalistes stellaris,118.4975,-18.96333
Abalistes stellaris,116.08,-20.54083
Abalistes stellaris,119.11667,-18.95
Abalistes stellaris,116.99917,-19.79166
Abalistes stellaris,120.50834,-19.09166
Abalistes stellaris,117.62084,-19.53167
Abalistes stellaris,121.4275,-18.3593
Abalistes stellaris,118.12334,-19.33833
Abalistes stellaris,117.69667,-19.92916
Abalistes stellaris,118.415,-19.66833
Abalistes stellaris,116.84264,-20.00097
Abalistes stellaris,118.8175,-18.94166
Abalistes stellaris,114.15404,-21.89819
Abalistes stellaris,116.83,-19.70583
Abalistes stellaris,117.39917,-19.57667
Abalistes stellaris,119,-19
Abalistes stellaris,121.51764,-17.56833
Abalistes stellaris,116.45111,-19.92514
Abalistes stellaris,116.41833,-20.38833
Abalistes stellaris,115.47417,-20.02417
Abalistes stellaris,113.5476,-22.7505
Abalistes stellaris,115.4225,-19.96833
Abalistes stellaris,115.7666667,-20.2
Abalistes stellaris,117.25417,-19.87666
Abalistes stellaris,117.83333,-20.17667
Abalistes stellaris,117.48583000000001,-19.90166
Abalistes stellaris,118.41334,-19.13
Abalistes stellaris,115.74,-20.50833
Abalistes stellaris,118.80833,-19.11667
Abalistes stellaris,113.73333,-25.35
Abalistes stellaris,115.61931,-20.346
Abalistes stellaris,116.64583,-20.3725
Abalistes stellaris,117,-19.88333
Abalistes stellaris,117.8,-19.99167
Abalistes stellaris,118.32333,-19.575
Abalistes stellaris,117.68417,-19.5625
Abalistes stellaris,115.55334,-20.09
Abalistes stellaris,117.73917,-19.9225
Abalistes stellaris,115.52167,-20.02
Abalistes stellaris,116.5379,-20.4549
Abalistes stellaris,116.79,-19.6175
Abalistes stellaris,117.9625,-20.05666
Abalistes stellaris,116.3804,-20.1476
Abalistes stellaris,118.51834,-18.86083
Abalistes stellaris,117.45,-20.03833
Abalistes stellaris,120.26778,-18.9593
Abalistes stellaris,113.79181,-22.28916
Abalistes stellaris,116.3564,-20.1415
Abalistes stellaris,115.05417,-20.31833
Abalistes stellaris,116.50945,-19.79306
Abalistes stellaris,113.83488,-22.10373
Abalistes stellaris,114.21556,-21.62382
Abalistes stellaris,116.29454,-20.76614
Abalistes stellaris,117.725,-19.29833
Abalistes stellaris,113.80412,-22.17099
Abalistes stellaris,116.4724,-20.411
Abalistes stellaris,117.22917,-20.19
Abalistes stellaris,116.4712,-20.3908
Abalistes stellaris,115.17917,-20.36833
Abalistes stellaris,115.17083,-20.46166
Abalistes stellaris,116.3733,-20.1084
Abalistes stellaris,117.78334,-19.92083
Abalistes stellaris,116.0702,-20.2205
Abalistes stellaris,117.15084,-19.37666
Abalistes stellaris,116.72083,-20.13583
Abalistes stellaris,118.70042,-19.26722
Abalistes stellaris,116.6765,-20.50133
Abalistes stellaris,117.13417,-19.5675
Abalistes stellaris,121.741,-15.1031
Abalistes stellaris,116.14,-19.74416
Abalistes stellaris,120.10945,-18.40139
Abalistes stellaris,117.495,-19.95667
Abalistes stellaris,115.0225,-20.58833
Abalistes stellaris,118.64834,-19.59166
Abalistes stellaris,117.85667,-20.2125
Abalistes stellaris,115.33126,-20.207
Abalistes stellaris,115.7948,-19.8967
Abalistes stellaris,118.18333,-19.55
Abalistes stellaris,117.275,-20.36667
Abalistes stellaris,117.88667,-19.93666
Abalistes stellaris,118.115,-19.19917
Abalistes stellaris,117.05584,-20.17416
Abalistes stellaris,118.37167,-19.53416
Abalistes stellaris,117.73834,-19.91333
Abalistes stellaris,115.83,-19.8975
Abalistes stellaris,116.35,-20.445
Abalistes stellaris,118.10583,-19.26666
Abalistes stellaris,116.9275,-19.735
Abalistes stellaris,116.5079,-20.441
Abalistes stellaris,115.9042,-19.9783
Abalistes stellaris,117.80667,-19.92916
Abalistes stellaris,118.62584,-19.04416
Abalistes stellaris,117.10083,-19.875
Abalistes stellaris,118.13584,-19.45083
Abalistes stellaris,116.4975,-20.22917
Abalistes stellaris,115.815,-19.88
Abalistes stellaris,113.5531,-22.7459
Abalistes stellaris,117.72667,-19.91167
Abalistes stellaris,120.95847,-18.83444
Abalistes stellaris,117.69167,-20.15
Abalistes stellaris,121.325,-17.49166
Abalistes stellaris,115.23584,-20.5875
Abalistes stellaris,115.145,-20.66583
Abalistes stellaris,116.20167,-20.33333
Abalistes stellaris,116.3747,-20.1187
Abalistes stellaris,119.31666666666666,-18.466666666666665
Abalistes stellaris,118.91667,-19.4825
Abalistes stellaris,113.57328,-22.72876
Abalistes stellaris,116.65667,-20.34666
Abalistes stellaris,117.2125,-19.76583
Abalistes stellaris,117.11,-19.86333
Abalistes stellaris,115.93403,-20.25833
Abalistes stellaris,118.483,-19.05
Abalistes stellaris,117.08403,-19.88528
Abalistes stellaris,115.52544,-20.332
Abalistes stellaris,118.75834,-19.005
Abalistes stellaris,115.74167,-20.6
Abalistes stellaris,116.80222,-19.69236
Abalistes stellaris,116.535,-19.745
Abalistes stellaris,115.7225,-20.66333
Abalistes stellaris,118.965,-19.06833
Abalistes stellaris,116.4754,-20.4193
Abalistes stellaris,117,-20
Abalistes stellaris,117.25834,-19.83333
Abalistes stellaris,117.93133,-20.15383
Abalistes stellaris,117.935,-20.07833
Abalistes stellaris,116.20917,-20.07
Abalistes stellaris,152.9,-31.416
Abalistes stellaris,113.83687,-22.10941
Abalistes stellaris,115.81834,-19.95417
Abalistes stellaris,116.92083,-20.1425
Abalistes stellaris,117.12,-20.20667
Abalistes stellaris,116.8025,-19.9573
Abalistes stellaris,115.775,-20.40833
Abalistes stellaris,116.77,-19.45917
Abalistes stellaris,152.5,-32.166
Abalistes stellaris,115.315,-20.15
Abalistes stellaris,116.9975,-19.98333
Abalistes stellaris,116.65917,-19.81
Abalistes stellaris,118.12667,-19.7025
Abalistes stellaris,116.40167,-20.29833
Abalistes stellaris,115.33253,-20.225
Abalistes stellaris,117.90084,-19.95666
Abalistes stellaris,116.62584,-20.32833
Abalistes stellaris,119.44167,-18.675
Abalistes stellaris,117.65056,-19.81736
Abalistes stellaris,117.71584,-19.94833
Abalistes stellaris,116.3182,-20.173
Abalistes stellaris,116.3721,-20.0889
Abalistes stellaris,115.8025,-20.6325
Abalistes stellaris,116.49417,-19.81833
Abalistes stellaris,115.66333,-20.25833
Abalistes stellaris,116.5,-19.71667
Abalistes stellaris,118.13167,-19.76583
Abalistes stellaris,117.25181,-19.73333
Abalistes stellaris,118.30931,-19.06666
Abalistes stellaris,116.52834,-20.19333
Abalistes stellaris,116.485,-20.3075
Abalistes stellaris,117.15945,-19.93361
Abalistes stellaris,118.35834,-19.75833
Abalistes stellaris,114.975,-20.33333
Abalistes stellaris,112.98333,-25.03333
Abalistes stellaris,117.32834,-20.19666
Abalistes stellaris,115.85,-20.27416
Abalistes stellaris,118.0025,-19.10916
Abalistes stellaris,117.2575,-20.18333
Abalistes stellaris,116.4998,-20.4383
Abalistes stellaris,116.4275,-20.29833
Abalistes stellaris,117.9175,-19.74
Abalistes stellaris,118.515,-19.4375
Abalistes stellaris,115.7187,-19.8832
Abalistes stellaris,120.14264,-18.70222
Abalistes stellaris,117.7825,-19.88916
Abalistes stellaris,116.1675,-20.48
Abalistes stellaris,116.4102,-20.6688
Abalistes stellaris,117.85417,-20.135
Abalistes stellaris,117.31167,-19.81333
Abalistes stellaris,118.71084,-19.50833
Abalistes stellaris,121.45,-17.86667
Abalistes stellaris,117.19237,-20.07569
Abalistes stellaris,117.749,-19.824
Abalistes stellaris,116.4516,-20.2522
Abalistes stellaris,118.09584,-20.00916
Abalistes stellaris,115.9,-20.45833
Abalistes stellaris,116.54834,-20.0575
Abalistes stellaris,116.51917,-19.6775
Abalistes stellaris,117.95917,-20.04416
Abalistes stellaris,116.34717,-20.06467
Abalistes stellaris,113.78109,-22.23436
Abalistes stellaris,146.86875,-38.91777
Abalistes stellaris,118.49167,-19.78333
Abalistes stellaris,115.85584,-20.23666
Abalistes stellaris,118.0757,-19.18347
Abalistes stellaris,148.30125,-38.75902
Abalistes stellaris,115.71417,-20.4925
Abalistes stellaris,118.00334,-19.92
Abalistes stellaris,116.125,-20.1
Abalistes stellaris,115.89334,-19.77333
Abalistes stellaris,118.02334,-20.09083
Abalistes stellaris,115.33322,-20.199
Abalistes stellaris,116.6682,-20.08486
Abalistes stellaris,118.1,-19.6
Abalistes stellaris,117.90333,-19.55333
Abalistes stellaris,115.86,-20.63583
Abalistes stellaris,121.483,-16.55
Abalistes stellaris,118.35,-19.58333
Abalistes stellaris,115.80833,-19.83333
Abalistes stellaris,117.68834,-19.95166
Abalistes stellaris,116.44222,-20.10111
Abalistes stellaris,118.19667,-20.07666
Abalistes stellaris,117.715,-20.055
Abalistes stellaris,116.65834,-20.2775
Abalistes stellaris,113.56401,-22.81912
Abalistes stellaris,116.5023,-20.5738
Abalistes stellaris,117.725,-20.035
Abalistes stellaris,116.46389,-20.62827
Abalistes stellaris,116.3757,-20.1383
Abalistes stellaris,116.30834,-20.30833
Abalistes stellaris,115.12417,-20.66583
Abalistes stellaris,113.8081,-22.09742
Abalistes stellaris,116.49833,-19.51917
Abalistes stellaris,116.43417,-20.375
Abalistes stellaris,115.39799,-20.173
Abalistes stellaris,118.47167,-19.25583
Abalistes stellaris,116.9,-20.26667
Abalistes stellaris,118.84667,-19.4725
Abalistes stellaris,121.44167,-17.55833
Abalistes stellaris,117.81417,-20.12583
Abalistes stellaris,117.855,-19.90833
Abalistes stellaris,115.33355,-20.453
Abalistes stellaris,115.90833,-20.03916
Abalistes stellaris,116.77584,-19.58458
Abalistes stellaris,118.2925,-19.835
Abalistes stellaris,114.89917,-20.86416
Abalistes stellaris,116.34278,-20
Abalistes stellaris,115.23,-20.60167
Abalistes stellaris,116.1175,-20.07416
Abalistes stellaris,117.1775,-19.61583
Abalistes stellaris,116.1125,-20.34667
Abalistes stellaris,116.64667,-19.805
Abalistes stellaris,116.79167,-19.88528
Abalistes stellaris,117.1085,-19.7782
Abalistes stellaris,117.80833,-20.23167
Abalistes stellaris,117.36722,-19.78333
Abalistes stellaris,115.50584,-20.2225
Abalistes stellaris,115.6,-20.06167
Abalistes stellaris,116.5448,-20.4575
Abalistes stellaris,116.06083,-20.01833
Abalistes stellaris,116.10202,-20.77281
Abalistes stellaris,117.72334,-19.935
Abalistes stellaris,115.97493,-20.95524
Abalistes stellaris,116.4628,-20.2944
Abalistes stellaris,114.25535,-21.60979
Abalistes stellaris,115.85333,-19.9
Abalistes stellaris,116.4,-20
Abalistes stellaris,146.25125,-39.45194
Abalistes stellaris,116.385,-19.71416
Abalistes stellaris,117.286,-19.8607
Abalistes stellaris,117.08472,-19.82569
Abalistes stellaris,115.63811,-20.29
Abalistes stellaris,115.59672,-20.374
Abalistes stellaris,116.275,-20.38583
Abalistes stellaris,117.5225,-20.20667
Abalistes stellaris,115.9275,-20.36166
Abalistes stellaris,116.54222,-19.76736
Abalistes stellaris,118.55667,-19.83333
Abalistes stellaris,117.64584,-20.02917
Abalistes stellaris,114.74861,-21.45592
Abalistes stellaris,116.93833,-19.74167
Abalistes stellaris,117.365,-20.22833
Abalistes stellaris,116.55333,-19.64417
Abalistes stellaris,118.77667,-19.53583
Abalistes stellaris,116.45834,-19.9575
Abalistes stellaris,123.633,-17.316
Abalistes stellaris,115.262,-20.54247
Abalistes stellaris,116.4712,-20.3801
Abalistes stellaris,119.417,-19.017
Abalistes stellaris,115.56896,-20.48664
Abalistes stellaris,117.22,-19.53833
Abalistes stellaris,118.21833,-19.76667
Abalistes stellaris,117.13334,-20.08361
Abalistes stellaris,116.56667,-20.35
Abalistes stellaris,117.76917,-20.07833
Abalistes stellaris,117.86583,-19.98
Abalistes stellaris,117.19833,-20.14583
Abalistes stellaris,115.01667,-20.43333
Abalistes stellaris,116.71917,-19.58
Abalistes stellaris,116.1,-20.03333
Abalistes stellaris,116.125,-20.59166
Abalistes stellaris,115.52425,-20.311
Abalistes stellaris,113.83189,-22.11358
Abalistes stellaris,117.01042,-19.8668
Abalistes stellaris,117.715,-19.92833
Abalistes stellaris,117.7625,-19.83
Abalistes stellaris,118.22917,-19.75833
Abalistes stellaris,116.4695,-20.3139
Abalistes stellaris,116.6325,-20.2625
Abalistes stellaris,117.71334,-20.12167
Abalistes stellaris,117.83333,-19.97666
Abalistes stellaris,119.01028,-18.75916
Abalistes stellaris,116.215,-20.41
Abalistes stellaris,118.91133,-17.54566
Abalistes stellaris,117.54167,-19.31916
Abalistes stellaris,117.13334,-20.31666
Abalistes stellaris,117.85584,-20.08
Abalistes stellaris,117.89333,-20.03166
Abalistes stellaris,116.665,-19.7325
Abalistes stellaris,116.07,-20.5566
Abalistes stellaris,117.035,-20.1325
Abalistes stellaris,117.94584,-19.77416
Abalistes stellaris,117.7475,-19.87083
Abalistes stellaris,117.5182,-19.87639
Abalistes stellaris,113.80159,-23.06235
Abalistes stellaris,117.49167,-19.94417
Abalistes stellaris,117.58334,-20.11083
Abalistes stellaris,119.00833,-19.28333
Abalistes stellaris,117.51778,-19.44361
Abalistes stellaris,116.4875,-19.62416
Abalistes stellaris,118.08333,-19.72083
Abalistes stellaris,116.14,-19.99416
Abalistes stellaris,119.0025,-19.06166
Abalistes stellaris,119.44167,-19.06667
Abalistes stellaris,119.39167,-18.70833
Abalistes stellaris,115.52167,-19.935
Abalistes stellaris,117.22334,-19.525
Abalistes stellaris,113.83728,-22.0998
Abalistes stellaris,117.06167,-20.01667
Abalistes stellaris,115.44248,-20.297
Abalistes stellaris,117.4547,-20.042
Abalistes stellaris,117.56667,-19.24667
Abalistes stellaris,117.7625,-19.95416
Abalistes stellaris,115.76667,-20.16167
Abalistes stellaris,116.98667,-20.0175
Abalistes stellaris,115.983,-20.75
Abalistes stellaris,116.86667,-19.72667
Abalistes stellaris,121.00945,-17.09291
Abalistes stellaris,116.7525,-20.2675
Abalistes stellaris,118.71583,-19.58083
Abalistes stellaris,117.81667,-19.99166
Abalistes stellaris,113.57233,-22.76279
Abalistes stellaris,117.78584,-19.88
Abalistes stellaris,113.57161,-22.82165
Abalistes stellaris,117.21833,-20.01722
Abalistes stellaris,113.8514,-22.14651
Abalistes stellaris,117.48167,-19.75833
Abalistes stellaris,118.79,-18.92166
Abalistes stellaris,118.2302,-19.307
Abalistes stellaris,117.91709,-19.83375
Abalistes stellaris,117.82083,-19.75333
Abalistes stellaris,116.60333,-20.00833
Abalistes stellaris,117.54167,-19.625
Abalistes stellaris,117.73167,-20.01916
Abalistes stellaris,115.47558,-20.264
Abalistes stellaris,115.36088,-20.38
Abalistes stellaris,119.25112,-19.034300000000002
Abalistes stellaris,116.26,-20.47583
Abalistes stellaris,117.43445,-19.80972
Abalistes stellaris,113.64556,-23.10765
Abalistes stellaris,116.1935,-20.1075
Abalistes stellaris,116.94334,-20.00416
Abalistes stellaris,117.25667,-20.22
Abalistes stellaris,117.3725,-20.0975
Abalistes stellaris,118.195,-19.05167
Abalistes stellaris,118.04667,-19.825
Abalistes stellaris,117.38583,-20.28583
Abalistes stellaris,116.80056,-19.69319
Abalistes stellaris,117.945,-19.91917
Abalistes stellaris,116.4701,-20.3333
Abalistes stellaris,118.63167,-19.71083
Abalistes stellaris,113.65603,-22.49875
Abalistes stellaris,118.79333,-19.65833
Abalistes stellaris,117.51,-19.335
Abalistes stellaris,118.23334,-19.75417
Abalistes stellaris,115.40333,-19.96833
Abalistes stellaris,114.168,-21.86
Abalistes stellaris,119.4757,-18.91014
Abalistes stellaris,120.04167,-19.59166
Abalistes stellaris,117.04167,-20.02167
Abalistes stellaris,116.19264,-20.18333
Abalistes stellaris,113.67991,-23.08562
Abalistes stellaris,121.4,-17.98333
Abalistes stellaris,117.83333,-19.99167
Abalistes stellaris,117.455,-20.06
Abalistes stellaris,115.75,-19.66667
Abalistes stellaris,118.0375,-19.955
Abalistes stellaris,117.89167,-19.16667
Abalistes stellaris,116.3775,-19.6225
Abalistes stellaris,116.3438,-19.6792
Abalistes stellaris,118.02,-19.91417
Abalistes stellaris,121.08333,-16.06666
Abalistes stellaris,116.8,-20
Abalistes stellaris,116.46833,-20.39833
Abalistes stellaris,115.99264,-20.05847
Abalistes stellaris,115.88417,-20.09916
Abalistes stellaris,116.62612,-19.93403
Abalistes stellaris,116.24333,-20.15833
Abalistes stellaris,117.90834,-20.00833
Abalistes stellaris,118.20834,-19.875
Abalistes stellaris,117.89584,-19.60166
Abalistes stellaris,117.97917,-20.12666
Abalistes stellaris,117.725,-19.55416
Abalistes stellaris,113.60286,-22.62135
Abalistes stellaris,116.345,-19.77167
Abalistes stellaris,116.77,-19.785
Abalistes stellaris,116.16667,-20.11667
Abalistes stellaris,117.7775,-19.775
Abalistes stellaris,118.43917,-19.32583
Abalistes stellaris,116.00834,-19.75833
Abalistes stellaris,115.79417,-19.77583
Abalistes stellaris,116.87667,-19.8625
Abalistes stellaris,122.15834,-15.21667
Abalistes stellaris,118.14417,-19.17833
Abalistes stellaris,116.46464,-20.59943
Abalistes stellaris,116.36167,-20.50083
Abalistes stellaris,117.84834,-20.2025
Abalistes stellaris,116.28417,-20.3675
Abalistes stellaris,118.00167,-19.40333
Abalistes stellaris,117.15833,-19.69833
Abalistes stellaris,117.5925,-20.23
Abalistes stellaris,116.18333,-20.30916
Abalistes stellaris,115.95,-19.9
Abalistes stellaris,117.14223,-19.93333
Abalistes stellaris,119.00333,-19.0825
Abalistes stellaris,116.47601,-20.55799
Abalistes stellaris,116.4211,-20.2066
Abalistes stellaris,118.01667,-19.45833
Abalistes stellaris,115.985,-19.94166
Abalistes stellaris,117.1675,-19.68416
Abalistes stellaris,117.82334,-19.58583
Abalistes stellaris,117.065,-20.035
Abalistes stellaris,117.75334,-19.95166
Abalistes stellaris,118.15,-19.31833
Abalistes stellaris,117.9425,-19.56333
Abalistes stellaris,117.05,-19.95
Abalistes stellaris,118.80931,-19.48361
Abalistes stellaris,121.63333,-17.25833
Abalistes stellaris,115.84833,-20.42833
Abalistes stellaris,115.19553,-20.91327
Abalistes stellaris,116.4243,-20.217
Abalistes stellaris,114.40831,-21.58393
Abalistes stellaris,117.53334,-20.29083
Abalistes stellaris,117.6325,-20.27
Abalistes stellaris,121.66722,-17.70889
Abalistes stellaris,116.43417,-20.37666
Abalistes stellaris,118.44333,-19.01583
Abalistes stellaris,117.72334,-19.83833
Abalistes stellaris,119.90833,-18.53333
Abalistes stellaris,112.68472,-25.04166
Abalistes stellaris,115.78917,-20.09333
Abalistes stellaris,118.22,-19.74167
Abalistes stellaris,116.58667,-19.91
Abalistes stellaris,116.63473,-20.10958
Abalistes stellaris,117.95,-19.91916
Abalistes stellaris,117.29417,-20.0825
Abalistes stellaris,118.74417,-18.81333
Abalistes stellaris,115.89667,-20.50667
Abalistes stellaris,119.05,-19.38333
Abalistes stellaris,117.58084,-19.4775
Abalistes stellaris,113.78796,-22.28611
Abalistes stellaris,116.80417,-20.1575
Abalistes stellaris,117.1633,-20.133
Abalistes stellaris,116.075,-20.25069
Abalistes stellaris,117.7,-19.895
Abalistes stellaris,115.65237,-20.271
Abalistes stellaris,115.54583,-19.97
Abalistes stellaris,116.09195,-20.31042
Abalistes stellaris,115.24917,-20.32667
Abalistes stellaris,117.61333,-20.09417
Abalistes stellaris,116.04236,-19.95069
Abalistes stellaris,116.3776,-20.0882
Abalistes stellaris,115.85583,-20.52166
Abalistes stellaris,116.06778,-19.76764
Abalistes stellaris,116.3725,-20.1009
Abalistes stellaris,116.3726,-20.0936
Abalistes stellaris,118.25667,-19.03583
Abalistes stellaris,117.46667,-19.875
Abalistes stellaris,115.815,-19.87167
Abalistes stellaris,118.03667,-19.07667
Abalistes stellaris,115.60213,-20.367
Abalistes stellaris,116.43445,-20.10222
Abalistes stellaris,113.80531,-22.20061
Abalistes stellaris,115.175,-20.38333
Abalistes stellaris,114.42663,-21.57891
Abalistes stellaris,117.91736,-19.46791
Abalistes stellaris,118.03333,-19.80833
Abalistes stellaris,117.915,-19.98
Abalistes stellaris,153.35,-27.48333
Abalistes stellaris,117.83667,-19.915
Abalistes stellaris,117.26417,-19.64916
Abalistes stellaris,118.61584,-19.27
Abalistes stellaris,116.30333,-20.15167
Abalistes stellaris,113.58978,-22.59986
Abalistes stellaris,116.80667,-19.70833
Abalistes stellaris,116.4365,-20.0728
Abalistes stellaris,117.88334,-19.73333
Abalistes stellaris,112.54945,-23.97368
Abalistes stellaris,116.25833,-20.58333
Abalistes stellaris,114.98199,-21.23871
Abalistes stellaris,115.27,-20.74666
Abalistes stellaris,115.6875,-19.91333
Abalistes stellaris,118.24167,-20.05
Abalistes stellaris,118.56167,-19.315
Abalistes stellaris,116.40028,-20.17694
Abalistes stellaris,118.25667,-19.06
Abalistes stellaris,145.5,-42.98
Abalistes stellaris,117.80917,-20.2075
Abalistes stellaris,117.19167,-19.925
Abalistes stellaris,116.3415,-20.1914
Abalistes stellaris,118.366,-19.483
Abalistes stellaris,113.85976,-22.10502
Abalistes stellaris,116.34167,-20.04166
Abalistes stellaris,116.55417,-19.68667
Abalistes stellaris,115.63252,-20.332
Abalistes stellaris,116.03334,-20.28333
Abalistes stellaris,118.46667,-19.72167
Abalistes stellaris,115.28701,-20.53235
Abalistes stellaris,120.775,-18.16667
Abalistes stellaris,115.28227,-20.314
Abalistes stellaris,118.8175,-19.05666
Abalistes stellaris,118.92167,-19.465
Abalistes stellaris,116.8037,-19.4358
Abalistes stellaris,117.57917,-20.0975
Abalistes stellaris,117.915,-19.6
Abalistes stellaris,116.14264,-20.1768
Abalistes stellaris,114.77541,-21.43679
Abalistes stellaris,117.74084,-19.91583
Abalistes stellaris,116.80167,-19.81833
Abalistes stellaris,117.97333,-20.19166
Abalistes stellaris,116.995,-20.21916
Abalistes stellaris,115.98333,-20.75
Abalistes stellaris,117.93667,-20.16333
Abalistes stellaris,116.56736,-19.67639
Abalistes stellaris,119.34366,-17.3945
Abalistes stellaris,121.60084,-18.17514
Abalistes stellaris,113.74727,-22.28231
Abalistes stellaris,116,-19.766666666666666
Abalistes stellaris,117.11667,-19.70833
Abalistes stellaris,117.65833,-19.51667
Abalistes stellaris,117.80333,-19.905
Abalistes stellaris,116.45834,-19.73333
Abalistes stellaris,116.3835,-20.1574
Abalistes stellaris,113.58319,-22.76082
Abalistes stellaris,116.47276,-20.56075
Abalistes stellaris,118.585,-19.65833
Abalistes stellaris,118.075,-19.32583
Abalistes stellaris,117.49667,-19.445
Abalistes stellaris,115.39678,-20.39
Abalistes stellaris,148.04347,-39.51806
Abalistes stellaris,118.22167,-19.98917
Abalistes stellaris,118.785,-19.07416
Abalistes stellaris,114.90083,-20.71083
Abalistes stellaris,113.56591,-22.82901
Abalistes stellaris,117.35667,-19.48667
Abalistes stellaris,118.05833,-20.06333
Abalistes stellaris,115.49833,-20.19
Abalistes stellaris,118.22667,-19.3775
Abalistes stellaris,116.4278,-20.2266
Abalistes stellaris,117.86,-20.01583
Abalistes stellaris,116.39417,-20.00111
Abalistes stellaris,116.54417,-20.33
Abalistes stellaris,117.83333,-20
Abalistes stellaris,117.88,-19.9525
Abalistes stellaris,113.75336,-22.27365
Abalistes stellaris,118.4,-19.21736
Abalistes stellaris,116.845,-20.10833
Abalistes stellaris,117.67333000000001,-19.75333
Abalistes stellaris,115.90917,-20.13333
Abalistes stellaris,115.68333,-20.015
Abalistes stellaris,118.8175,-19.49916
Abalistes stellaris,116.13333,-20.5575
Abalistes stellaris,117.71,-19.89333
Abalistes stellaris,115.38707,-20.386
Abalistes stellaris,117.34084,-19.6625
Abalistes stellaris,118.09167,-19.15833
Abalistes stellaris,113.76757,-22.26741
Abalistes stellaris,117.05834,-19.7
Abalistes stellaris,117.10084,-20.1625
Abalistes stellaris,117.67917,-19.96167
Abalistes stellaris,117.93333,-19.09166
Abalistes stellaris,116.5,-20.30667
Abalistes stellaris,116.69167,-19.59166
Abalistes stellaris,116.81014,-19.86806
Abalistes stellaris,116.9425,-20.0325
Abalistes stellaris,121,-17.14167
Abalistes stellaris,116.2175,-20.01916
Abalistes stellaris,120.18528,-18.64263
Abalistes stellaris,117.91167,-20.16166
Abalistes stellaris,118.275,-19.94833
Abalistes stellaris,118.08167,-19.48833
Abalistes stellaris,118.22917,-19.75917
Abalistes stellaris,117.73083,-19.94416
Abalistes stellaris,116.6476,-20.43888
Abalistes stellaris,118.8725,-19.08416
Abalistes stellaris,118.2516,-20.0683
Abalistes stellaris,117.085,-19.45667
Abalistes stellaris,116.4,-19.95
Abalistes stellaris,117.9175,-20.0625
Abalistes stellaris,114.14874,-21.92199
Abalistes stellaris,117.69,-20.21083
Abalistes stellaris,116.76417,-19.98083
Abalistes stellaris,116.99167,-20.1875
Abalistes stellaris,117.99667,-19.80166
Abalistes stellaris,120.91,-17.97555
Abalistes stellaris,118.285,-19.83
Abalistes stellaris,116.55139,-19.66667
Abalistes stellaris,117.93084,-19.90416
Abalistes stellaris,117.545,-19.54583
Abalistes stellaris,116.43334,-20.34166
Abalistes stellaris,117.90833,-19.705
Abalistes stellaris,115.65,-19.855
Abalistes stellaris,116.01667,-20.275
Abalistes stellaris,116.4224,-20.0644
Abalistes stellaris,115.25,-20.39333
Abalistes stellaris,118.03333,-19.83333
Abalistes stellaris,116.8575,-19.44667
Abalistes stellaris,116.45284,-20.5799
Abalistes stellaris,116.5,-20.35833
Abalistes stellaris,117.875,-20.06667
Abalistes stellaris,115.70833,-20.665
Abalistes stellaris,116.49917,-19.765
Abalistes stellaris,117.92167,-20.18
Abalistes stellaris,117.37667,-20.08583
Abalistes stellaris,118.19667,-19.07
Abalistes stellaris,114.69634,-21.48831
Abalistes stellaris,117.9425,-19.895
Abalistes stellaris,117.39334,-20.1475
Abalistes stellaris,116.79667,-19.80667
Abalistes stellaris,114.54077,-21.5589
Abalistes stellaris,116.46583,-19.8
Abalistes stellaris,116.26806,-20.19208
Abalistes stellaris,118.41709,-18.95861
Abalistes stellaris,116.05,-20.625
Abalistes stellaris,117.47833,-20.20333
Abalistes stellaris,117.79167,-20.10833
Abalistes stellaris,117.25833,-19.85833
Abalistes stellaris,115.30834,-20.14417
Abalistes stellaris,117.7425,-20.1575
Abalistes stellaris,119.4,-18.70833
Abalistes stellaris,121.01667,-18.04167
Abalistes stellaris,117.95834,-19.92
Abalistes stellaris,117.285,-19.5925
Abalistes stellaris,120.3,-18.29167
Abalistes stellaris,116.92584,-19.81916
Abalistes stellaris,117.06,-19.97917
Abalistes stellaris,116.45125,-20.10861
Abalistes stellaris,116.45584,-19.79583
Abalistes stellaris,118.09333,-19.71
Abalistes stellaris,118.1625,-19.05833
Abalistes stellaris,116.73917,-19.86083
Abalistes stellaris,114.68035,-21.49702
Abalistes stellaris,115.96834,-20.24917
Abalistes stellaris,117.02167,-20.14916
Abalistes stellaris,118.69361,-19.30139
Abalistes stellaris,116.27167,-19.69917
Abalistes stellaris,118.12,-19.45333
Abalistes stellaris,116.80945,-19.72569
Abalistes stellaris,117.78,-19.91167
Abalistes stellaris,117.495,-19.32833
Abalistes stellaris,116.86417,-20.195
Abalistes stellaris,115.19685,-20.90888
Abalistes stellaris,113.65447,-22.47655
Abalistes stellaris,117.715,-19.49083
Abalistes stellaris,118.18667,-20.07
Abalistes stellaris,115.46138,-20.359
Abalistes stellaris,117.735,-19.245
Abalistes stellaris,115.97,-20.01583
Abalistes stellaris,118.8275,-19.5025
Abalistes stellaris,114.44731,-21.58054
Abalistes stellaris,117.00333,-19.67333
Abalistes stellaris,116.2525,-20.06666
Abalistes stellaris,117.83333,-19.73333
Abalistes stellaris,113.82142,-22.17225
Abalistes stellaris,117.71084,-20.15583
Abalistes stellaris,116.2325,-20.135
Abalistes stellaris,116.55903,-19.66805
Abalistes stellaris,121.775,-17.825
Abalistes stellaris,116.21792,-19.81778
Abalistes stellaris,117.32834,-19.795
Abalistes stellaris,117.835,-20.19833
Abalistes stellaris,118.86584,-18.97833
Abalistes stellaris,153.35,-27.483333
Abalistes stellaris,116.45833,-19.70167
Abalistes stellaris,115.33335,-20.233
Abalistes stellaris,117.76917,-20.25
Abalistes stellaris,116.3673,-20.0901
Abalistes stellaris,116.4194,-20.6698
Abalistes stellaris,113.83601,-22.18662
Abalistes stellaris,118.23,-19.75917
Abalistes stellaris,119.33403,-19.18416
Abalistes stellaris,119.33283,-17.38483
Abalistes stellaris,117.90583,-19.87
Abalistes stellaris,117.105,-20.12
Abalistes stellaris,117.35667,-20.10167
Abalistes stellaris,113.58574,-22.60506
Abalistes stellaris,118.61583,-19.70333
Abalistes stellaris,118.2675,-19.88333
Abalistes stellaris,118.145,-19.67583
Abalistes stellaris,115.95,-20.225
Abalistes stellaris,115.96737,-20.37583
Abalistes stellaris,116.3887,-20.1659
Abalistes stellaris,116.55,-20.4603
Abalistes stellaris,118.59167,-19.025
Abalistes stellaris,121.75267,-15.08533
Abalistes stellaris,117.82333,-19.75833
Abalistes stellaris,116.26,-20.21333
Abalistes stellaris,116.56333,-19.81
Abalistes stellaris,116.46049,-20.61656
Abalistes stellaris,119.875,-18.71666
Abalistes stellaris,116.795,-20.15833
Abalistes stellaris,121.24167,-18.05
Abalistes stellaris,113.67151,-22.4917
Abalistes stellaris,116.51711,-20.49038
Abalistes stellaris,115.20917,-20.16667
Abalistes stellaris,116.51917,-19.69333
Abalistes stellaris,118.355,-19.05333
Abalistes stellaris,117.15667,-19.62167
Abalistes stellaris,115.43472,-20.287
Abalistes stellaris,117.8275,-19.62667
Abalistes stellaris,115.19521,-20.91069
Abalistes stellaris,118.78833,-19.05833
Abalistes stellaris,116.56441,-20.46483
Abalistes stellaris,118.4,-19.475
Abalistes stellaris,120.75,-18.25
Abalistes stellaris,118.20931,-19.23402
Abalistes stellaris,116.89584,-20.28916
Abalistes stellaris,119.925,-18.73333
Abalistes stellaris,118.53333,-19.41666
Abalistes stellaris,148.20862,-38.78444
Abalistes stellaris,116.44167,-19.725
Abalistes stellaris,117.34167,-20.08333
Abalistes stellaris,117.36722,-19.66819
Abalistes stellaris,118,-20.09
Abalistes stellaris,117.37333,-19.505
Abalistes stellaris,117.01917,-19.5275
Abalistes stellaris,118.46667,-19.63333
Abalistes stellaris,118.35833,-18.93333
Abalistes stellaris,116.76708000000001,-19.67653
Abalistes stellaris,118.55,-18.88333
Abalistes stellaris,116.38,-20.02833
Abalistes stellaris,117.42167,-20.26833
Abalistes stellaris,121.98334,-16.20986
Abalistes stellaris,113.5,-25.33333
Abalistes stellaris,117.60931,-19.87611
Abalistes stellaris,117.92834,-19.69917
Abalistes stellaris,116.75,-20.0616
Abalistes stellaris,116.46667,-19.925
Abalistes stellaris,121.87681,-17.89194
Abalistes stellaris,117.8875,-20.1875
Abalistes stellaris,118.36667,-19.05833
Abalistes stellaris,117.43583,-20.16333
Abalistes stellaris,115.58639,-20.45501
Abalistes stellaris,118.21167,-19.49
Abalistes stellaris,116.60042,-19.83333
Abalistes stellaris,115.69334,-19.76667
Abalistes stellaris,117.67333000000001,-19.73833
Abalistes stellaris,118.01584,-19.925
Abalistes stellaris,115.33738,-20.452
Abalistes stellaris,117.6475,-19.51083
Abalistes stellaris,115.33333,-19.62667
Abalistes stellaris,117.41667,-19.375
Abalistes stellaris,116.81667,-19.97833
Abalistes stellaris,115.08333,-20.36667
Abalistes stellaris,117.815,-19.71333
Abalistes stellaris,113.66593,-22.45845
Abalistes stellaris,113.83179,-22.18935
Abalistes stellaris,117.15,-19.665
Abalistes stellaris,117.77583,-19.8525
Abalistes stellaris,113.78796,-22.29251
Abalistes stellaris,113.60689,-22.62676
Abalistes stellaris,117.36084,-19.2625
Abalistes stellaris,116.55667,-19.79333
Abalistes stellaris,120.60834,-18.725
Abalistes stellaris,117.86917,-19.97333
Abalistes stellaris,116.56667,-20.2
Abalistes stellaris,118.19084,-20.0375
Abalistes stellaris,116.71,-20.20667
Abalistes stellaris,118.65,-19.76667
Abalistes stellaris,116.65139,-20.2
Abalistes stellaris,116.79417,-20.23083
Abalistes stellaris,115.92576,-20.87603
Abalistes stellaris,116.83917,-20.12333
Abalistes stellaris,116.4116,-20.0414
Abalistes stellaris,116.8,-19.89166
Abalistes stellaris,116.92584,-20.2275
Abalistes stellaris,116.81833,-20.25167
Abalistes stellaris,116.46199,-20.61224
Abalistes stellaris,118.80834,-19.45833
Abalistes stellaris,115.90667,-20.605
Abalistes stellaris,118.21667,-19.82166
Abalistes stellaris,113.80108,-22.18117
Abalistes stellaris,117.0833333,-19.33333333
Abalistes stellaris,116.35,-19.67333
Abalistes stellaris,116.4665,-20.3048
Abalistes stellaris,118.91866,-17.52733
Abalistes stellaris,115.86834,-20.66416
Abalistes stellaris,113.54049,-22.84786
Abalistes stellaris,115.45833,-20.01667
Abalistes stellaris,116.51667,-19.7075
Abalistes stellaris,113.81798,-22.1834
Abalistes stellaris,117.34334,-20.335
Abalistes stellaris,117.85833,-19.53333
Abalistes stellaris,118.31334,-19.975
Abalistes stellaris,117.05667,-19.97833
Abalistes stellaris,118.575,-18.89167
Abalistes stellaris,117.68917,-20.1875
Abalistes stellaris,117.77834,-20.12166
Abalistes stellaris,113.60766,-22.58815
Abalistes stellaris,115.65,-19.25
Abalistes stellaris,114.35095,-21.59581
Abalistes stellaris,116.0925,-20.49833
Abalistes stellaris,117.71083,-20.20917
Abalistes stellaris,117.30833,-19.43333
Abalistes stellaris,118.21917,-19.095
Abalistes stellaris,118.79417,-19.04833
Abalistes stellaris,118.38334,-19.475
Abalistes stellaris,116.79167,-20.11833
Abalistes stellaris,115.24834,-20.74166
Abalistes stellaris,119.327,-17.37816
Abalistes stellaris,116.55417,-20.09166
Abalistes stellaris,116.81333,-19.73667
Abalistes stellaris,115.95333,-20.16667
Abalistes stellaris,115.19086,-20.36353
Abalistes stellaris,116.54667,-20.04083
Abalistes stellaris,115.96666666666667,-20.216666666666665
Abalistes stellaris,118,-19.95833
Abalistes stellaris,115.81667,-19.97167
Abalistes stellaris,117.82417,-19.91083
Abalistes stellaris,118.02584,-19.40666
Abalistes stellaris,117.61667,-19.8
Abalistes stellaris,117.48084,-20.31916
Abalistes stellaris,118.26,-19.83167
Abalistes stellaris,115.75,-20.2
Abalistes stellaris,117.47834,-20.0625
Abalistes stellaris,114.12681,-21.80297
Abalistes stellaris,113.60706,-22.61508
Abalistes stellaris,117.66667,-20.275
Abalistes stellaris,116.42639,-19.95069
Abalistes stellaris,113.83054,-22.2372
Abalistes stellaris,114.85084,-20.8725
Abalistes stellaris,121.41667,-17.73333
Abalistes stellaris,116.55945,-20
Abalistes stellaris,117.69584,-19.38083
Abalistes stellaris,118.87834,-18.99333
Abalistes stellaris,116.36,-20.06167
Abalistes stellaris,117.16334,-19.38666
Abalistes stellaris,116.4675,-19.5125
Abalistes stellaris,118.14167,-19.055
Abalistes stellaris,117.57167,-19.47
Abalistes stellaris,114.71822,-21.47647
Abalistes stellaris,117.60028,-19.60875
Abalistes stellaris,120.25945,-18.16
Abalistes stellaris,145.85917,-40.65041
Abalistes stellaris,118.00667,-20.03083
Abalistes stellaris,118.31667,-19.49166
Abalistes stellaris,115.76666666666667,-20.2
Abalistes stellaris,115.49687,-20.37016
Abalistes stellaris,117.91667,-19.7
Abalistes stellaris,118.43083,-18.90916
Abalistes stellaris,115.83877,-21.00602
Abalistes stellaris,113.6633,-22.45028
Abalistes stellaris,117.19167,-19.425
Abalistes stellaris,121.425,-16.26667
Abalistes stellaris,115.70519,-20.66077
Abalistes stellaris,115.93834,-19.89916
Abalistes stellaris,117.73333,-19.7
Abalistes stellaris,116.6019,-20.4965
Abalistes stellaris,116.60097,-19.95889
Abalistes stellaris,114.59747,-21.54766
Abalistes stellaris,115.8,-20.05
Abalistes stellaris,115.76584,-20.5575
Abalistes stellaris,113.81588,-22.10772
Abalistes stellaris,115.57584,-20.14
Abalistes stellaris,115.33094,-20.247
Abalistes stellaris,117.015,-19.815
Abalistes stellaris,118.9,-19.17541
Abalistes stellaris,115.65745,-20.264
Abalistes stellaris,116.50125,-19.79361
Abalistes stellaris,117.64084,-20.20833
Abalistes stellaris,115.85167,-20.29
Abalistes stellaris,116.33173,-20.74473
Abalistes stellaris,115.9666667,-20.21666667
Abalistes stellaris,116.5291,-20.5591
Abalistes stellaris,117.92917,-19.67833
Abalistes stellaris,114.7727,-21.5405
Abalistes stellaris,116.4757,-19.60125
Abalistes stellaris,115.0833,-20.3666
Abalistes stellaris,115.47612,-20.407
Abalistes stellaris,118.10667,-19.32167
Abalistes stellaris,118.90334,-19.44833
Abalistes stellaris,150,-36.9
Abalistes stellaris,115.52503,-20.317
Abalistes stellaris,121.75266,-15.08533
Abalistes stellaris,113.68089,-23.0917
Abalistes stellaris,118.19,-19.85916
Abalistes stellaris,118.71333,-19.59333
Abalistes stellaris,115.96167,-20.47916
Abalistes stellaris,115.45317,-20.323
Abalistes stellaris,117.84917,-20.0675
Abalistes stellaris,115.42453,-20.396
Abalistes stellaris,116.70834,-19.97569
Abalistes stellaris,118.65,-19.63333
Abalistes stellaris,115.63167,-19.8575
Abalistes stellaris,115.92833,-20.55916
Abalistes stellaris,116.18334,-19.91667
Abalistes stellaris,116.53917,-20.34833
Abalistes stellaris,117.7325,-20.08916
Abalistes stellaris,117.355,-20.24
Abalistes stellaris,118.13917,-19.67916
Abalistes stellaris,113.83157,-22.11913
Abalistes stellaris,117.21667,-19.54222
Abalistes stellaris,117.705,-19.3
Abalistes stellaris,116.96667,-20
Abalistes stellaris,113.6589,-22.4562
Abalistes stellaris,116.60833,-20.06736
Abalistes stellaris,119,-19.4
Abalistes stellaris,116.08,-20
Abalistes stellaris,120.80834,-18.89166
Abalistes stellaris,118.83556,-19.24347
Abalistes stellaris,114.76948,-21.5554
Abalistes stellaris,117.54306,-19.65903
Abalistes stellaris,118.885,-19.48
Abalistes stellaris,119.03667,-19.05167
Abalistes stellaris,116.82084,-19.99
Abalistes stellaris,117.65834,-20.16166
Abalistes stellaris,114.15,-21.65833
Abalistes stellaris,113.60215,-22.62908
Abalistes stellaris,116.75834,-20.31667
Abalistes stellaris,117.77417,-19.25167
Abalistes stellaris,115.6475,-20.23916
Abalistes stellaris,116.06584,-20.48833
Abalistes stellaris,117.5825,-20.02
Abalistes stellaris,116.44167,-20.225
Abalistes stellaris,117,-20.04166
Abalistes stellaris,117.2525,-19.72583
Abalistes stellaris,116.63834,-20.03167
Abalistes stellaris,115.85195,-19.79236
Abalistes stellaris,114.94417,-20.77833
Abalistes stellaris,113.68716,-22.47401
Abalistes stellaris,114.96847,-21.25087
Abalistes stellaris,116.4925,-19.7625
Abalistes stellaris,116.62333,-19.74833
Abalistes stellaris,117.96917,-19.95666
Abalistes stellaris,116.98,-19.95333
Abalistes stellaris,117.42083,-20.02666
Abalistes stellaris,118.395,-19.7325
Abalistes stellaris,117.275,-19.73333
Abalistes stellaris,115.85917,-20.66833
Abalistes stellaris,116.17017,-20.10767
Abalistes stellaris,115.89667,-20.59667
Abalistes stellaris,115.8225,-20.74166
Abalistes stellaris,117.41834,-19.8475
Abalistes stellaris,116.52667,-20.20667
Abalistes stellaris,117.5425,-19.85028
Abalistes stellaris,117.0125,-19.93083
Abalistes stellaris,117.92,-20.005
Abalistes stellaris,117.83333,-20.18333
Abalistes stellaris,117.41334,-20.03166
Abalistes stellaris,116.79236,-19.90944
Abalistes stellaris,116.46417,-19.56166
Abalistes stellaris,116.72084,-20.21167
Abalistes stellaris,117.84333,-19.76083
Abalistes stellaris,117.82417,-20.225
Abalistes stellaris,115.59667,-20.05167
Abalistes stellaris,116.24167,-20.28402
Abalistes stellaris,115.41624,-20.394
Abalistes stellaris,117.08333333333333,-19.333333333333332
Abalistes stellaris,117.725,-20.07416
Abalistes stellaris,118.85167,-19.35
Abalistes stellaris,118.57834,-19.89333
Abalistes stellaris,113.80406,-22.16774
Abalistes stellaris,115.35784,-20.248
Abalistes stellaris,116.66833,-19.71833
Abalistes stellaris,115.24,-20.75025
Abalistes stellaris,117.81667,-19.99167
Abalistes stellaris,115.74667,-20.12917
Abalistes stellaris,115.59167,-19.93667
Abalistes stellaris,119.33616,-17.38816
Abalistes stellaris,116.63431,-19.75972
Abalistes stellaris,118.475,-19.5
Abalistes stellaris,115.7125,-20.59416
Abalistes stellaris,116.21778,-20.45139
Abalistes stellaris,115.9725,-20.71
Abalistes stellaris,117.18834,-19.92166
Abalistes stellaris,117.91833,-20.17833
Abalistes stellaris,114.99525,-21.22615
Abalistes stellaris,116.4138,-20.0495
Abalistes stellaris,113.53596,-22.77091
Abalistes stellaris,116.54167,-20.11666
Abalistes stellaris,118.29361,-19.39417
Abalistes stellaris,116.09167,-20.28333
Abalistes stellaris,113.66533,-22.48041
Abalistes stellaris,118.41833,-19.75
Abalistes stellaris,114.7346,-21.46669
Abalistes stellaris,120.76667,-18.08333
Abalistes stellaris,117.87334,-19.97666
Abalistes stellaris,116.45417,-20.39666
Abalistes stellaris,118.575,-19.525
Abalistes stellaris,118.78334,-19.21666
Abalistes stellaris,116.52144,-20.41877
Abalistes stellaris,117.45117,-20.04367
Abalistes stellaris,115.34271,-20.17553
Abalistes stellaris,117.75834,-20.25
Abalistes stellaris,117.7325,-19.99833
Abalistes stellaris,115.91056,-20.24305
Abalistes stellaris,115.90334,-20.4725
Abalistes stellaris,117.915,-19.72
Abalistes stellaris,118.95,-19.265
Abalistes stellaris,117.96834,-19.77083
Abalistes stellaris,116.965,-19.81833
Abalistes stellaris,115.41182,-20.212
Abalistes stellaris,116.935,-20.2775
Abalistes stellaris,117.685,-19.9625
Abalistes stellaris,117.995,-18.9775
Abalistes stellaris,117.42583,-20.21167
Abalistes stellaris,121.45834,-17.85
Abalistes stellaris,115.46917,-20.1225
Abalistes stellaris,116.25,-20.58333
Abalistes stellaris,116.55028,-19.5
Abalistes stellaris,117.88667,-20.19333
Abalistes stellaris,116.59667,-19.56583
Abalistes stellaris,117.675,-20.01917
Abalistes stellaris,117.12083,-19.64666
Abalistes stellaris,116.775,-20.215
Abalistes stellaris,118.10833,-19.695
Abalistes stellaris,117.88333,-19.65
Abalistes stellaris,117.90833,-20.00333
Abalistes stellaris,116.13667,-20.41167
Abalistes stellaris,116.555,-19.79916
Abalistes stellaris,147.25028,-39.12611
Abalistes stellaris,118.64667,-18.8675
Abalistes stellaris,117.88833,-19.73
Abalistes stellaris,117.17167,-20.04583
Abalistes stellaris,118.05,-19.85
Abalistes stellaris,119.71792,-18.65902
Abalistes stellaris,115.885,-19.84667
Abalistes stellaris,119.3295,-17.382
Abalistes stellaris,114.99167,-20.88
Abalistes stellaris,118.255,-19.47416
Abalistes stellaris,115.60673,-20.361
Abalistes stellaris,117.86167,-19.51
Abalistes stellaris,116.66,-19.51833
Abalistes stellaris,116.4375,-20.2333
Abalistes stellaris,118.8325,-19.05416
Abalistes stellaris,116.4535,-20.2624
Abalistes stellaris,117.35167,-19.94194
Abalistes stellaris,117.82583,-20.055
Abalistes stellaris,113.84977,-22.14495
Abalistes stellaris,118.69584,-18.89583
Abalistes stellaris,116.4442,-20.2437
Abalistes stellaris,116.15,-20.1
Abalistes stellaris,116.46755,-20.59492
Abalistes stellaris,116.79833000000001,-19.62833
Abalistes stellaris,115.40096,-20.19
Abalistes stellaris,116.9175,-20.01722
Abalistes stellaris,116.84222,-19.86778
Abalistes stellaris,115.94667,-20.2325
Abalistes stellaris,116.3535,-20.1302
Abalistes stellaris,148.69334,-40.55167
Abalistes stellaris,118.21333,-20.01167
Abalistes stellaris,118.04834,-19.08167
Abalistes stellaris,118.8475,-19.36666
Abalistes stellaris,118.47612,-19.42597
Abalistes stellaris,117.40125,-19.51722
Abalistes stellaris,116.75,-20.06167
Abalistes stellaris,115.39667,-20.1425
Abalistes stellaris,116.3953,-20.0876
Abalistes stellaris,113.83406,-22.19263
Abalistes stellaris,117.935,-20.175
Abalistes stellaris,116.14833,-20.20417
Abalistes stellaris,115.71917,-20.64
Abalistes stellaris,116.07083,-19.975
Abalistes stellaris,117.82,-20.175
Abalistes stellaris,115.5916,-19.9366
Abalistes stellaris,117.3743,-20.3258
Abalistes stellaris,116.4562,-20.2725
Abalistes stellaris,114.5,-21.5
Abalistes stellaris,118.13167,-19.66833
Abalistes stellaris,116.33334,-20.20902
Abalistes stellaris,116.81792,-19.93472
Abalistes stellaris,115.18575,-20.62484
Abalistes stellaris,118.825,-19.52833
Abalistes stellaris,113.79756,-23.07213
Abalistes stellaris,116.82653,-19.85861
Abalistes stellaris,113.638598575259,-25.9522459340334
Abalistes stellaris,117.8625,-20.16583
Abalistes stellaris,118.83334,-19.09083
Abalistes stellaris,117.00667,-20.005
Abalistes stellaris,115.91666666666667,-20.316666666666666
Abalistes stellaris,122.2,-15.275
Abalistes stellaris,118.25334,-19.6425
Abalistes stellaris,115.52499,-20.324
Abalistes stellaris,113.63161,-23.11156
Abalistes stellaris,117.03417,-20.05
Abalistes stellaris,116.96167,-20.13
Abalistes stellaris,116.45897,-20.62107
Abalistes stellaris,118.62667,-18.83833
Abalistes stellaris,113.577,-23.09315
Abalistes stellaris,118.54667,-19.4125
Abalistes stellaris,117.34,-19.85666
Abalistes stellaris,116.6383,-20.4639
Abalistes stellaris,117.68084,-20.06916
Abalistes stellaris,117.92834,-19.71916
Abalistes stellaris,116.3666667,-19.61666667
Abalistes stellaris,118.22834,-19.75833
Abalistes stellaris,116.48431,-19.71833
Abalistes stellaris,117.77333,-20.27083
Abalistes stellaris,117.975,-19.96
Abalistes stellaris,116.85098,-19.59389
Abalistes stellaris,117.2275,-20.33916
Abalistes stellaris,115.0102,-21.21231
Abalistes stellaris,115.80333,-19.765
Abalistes stellaris,118.35917,-19.72666
Abalistes stellaris,118.91733,-17.5335
Abalistes stellaris,116.625,-19.90097
Abalistes stellaris,117.6,-19.80833
Abalistes stellaris,117.56083,-19.59583
Abalistes stellaris,116.50333,-19.80583
Abalistes stellaris,118.225,-20.07916
Abalistes stellaris,115.7075,-20.11083
Abalistes stellaris,117.475,-20.16666
Abalistes stellaris,117.47667,-20.12083
Abalistes stellaris,116.53333,-20.48333
Abalistes stellaris,117.85834,-20.24166
Abalistes stellaris,117.125,-19.425
Abalistes stellaris,116.20834,-19.71667
Abalistes stellaris,116.895,-19.64417
Abalistes stellaris,116.71167,-19.77667
Abalistes stellaris,118.04917,-18.97333
Abalistes stellaris,116.50167,-20.2475
Abalistes stellaris,118.4025,-19.7375
Abalistes stellaris,118.87334,-19.50583
Abalistes stellaris,115.79,-20.59416
Abalistes stellaris,116.94208,-20.04347
Abalistes stellaris,118.40084,-18.90917
Abalistes stellaris,117.13167,-19.76833
Abalistes stellaris,117.74334,-20.0475
Abalistes stellaris,118.06667,-20.15
Abalistes stellaris,115.29167,-20.18333
Abalistes stellaris,115.45093,-20.313
Abalistes stellaris,118.48333,-19.60916
Abalistes stellaris,117.21667,-19.73333
Abalistes stellaris,115.61157,-20.327
Abalistes stellaris,118.2275,-19.95833
Abalistes stellaris,121.15834,-17.05
Abalistes stellaris,116.53375,-19.90208
Abalistes stellaris,116.23583000000001,-20.2225
Abalistes stellaris,116.76667,-19.525
Abalistes stellaris,116.16667,-20.475
Abalistes stellaris,151.266,-33.85
Abalistes stellaris,116.96,-20.03417
Abalistes stellaris,117.78667,-20.01667
Abalistes stellaris,121.39167,-17.61666
Abalistes stellaris,117.8,-19.98333
Abalistes stellaris,116.31167,-19.6675
Abalistes stellaris,118.34348,-19.77652
Abalistes stellaris,118.835,-19.51917
Abalistes stellaris,117.55,-20.35167
Abalistes stellaris,114.60833,-21.22528
Abalistes stellaris,151.266,-33.983
Abalistes stellaris,117.44167,-20.05166
Abalistes stellaris,114.82993,-21.38927
Abalistes stellaris,114.40833,-21.51666
Abalistes stellaris,117.96917,-20.15917
Abalistes stellaris,113.81922,-22.09671
Abalistes stellaris,115.895,-19.9425
Abalistes stellaris,117.95917,-19.72167
Abalistes stellaris,116.2507,-20.25042
Abalistes stellaris,115.21,-20.64583
Abalistes stellaris,117.81736,-20.20833
Abalistes stellaris,117.70833,-19.98333
Abalistes stellaris,118.2625,-19.07583
Abalistes stellaris,115.99236,-20.18403
Abalistes stellaris,113.82491,-22.09206
Abalistes stellaris,118.56334,-19.5
Abalistes stellaris,118.05834,-19.85
Abalistes stellaris,117.30667,-20.06333
Abalistes stellaris,146.31861,-39.77625
Abalistes stellaris,116.46327,-20.56489
Abalistes stellaris,119.01584,-19.04333
Abalistes stellaris,117.87167,-20.12667
Abalistes stellaris,115.77084,-19.925
Abalistes stellaris,117.25,-20.07167
Abalistes stellaris,115.275,-20.43333
Abalistes stellaris,116.3633,-20.1122
Abalistes stellaris,117.045,-20.195
Abalistes stellaris,116.55833,-19.6475
Abalistes stellaris,118.583,-20.3
Abalistes stellaris,117.6025,-20.16666
Abalistes stellaris,116.525,-19.9
Abalistes stellaris,114.1552,-21.8875
Abalistes stellaris,117.2682,-19.79306
Abalistes stellaris,115.77584,-19.9525
Abalistes stellaris,113.42541,-23.37787
Abalistes stellaris,116.69167,-20.00833
Abalistes stellaris,117.88917,-20.1125
Abalistes stellaris,118.36667,-19.23333
Abalistes stellaris,116.10028,-20.19347
Abalistes stellaris,116.71667,-19.825
Abalistes stellaris,115.92,-20.3425
Abalistes stellaris,116.63334,-19.71667
Abalistes stellaris,115.88584,-20.6
Abalistes stellaris,117.10917,-19.8175
Abalistes stellaris,116.34209,-20.07611
Abalistes stellaris,114.63219,-21.52987
Abalistes stellaris,115.92504,-20.86666
Abalistes stellaris,116.11014,-20.23389
Abalistes stellaris,113.77227,-22.30285
Abalistes stellaris,116.65903,-19.86791
Abalistes stellaris,115.82917,-19.93833
Abalistes stellaris,113.80236,-22.13671
Abalistes stellaris,118.46833,-19.31667
Abalistes stellaris,116.76889,-19.83333
Abalistes stellaris,113.83075,-22.19349
Abalistes stellaris,113.70132,-22.39904
Abalistes stellaris,118.44333,-18.89667
Abalistes stellaris,117.89833,-20.11917
Abalistes stellaris,117.595,-20.03083
Abalistes stellaris,117.71417,-19.92416
Abalistes stellaris,117.7,-20.10833
Abalistes stellaris,116.3,-20.16417
Abalistes stellaris,115.88334,-20.35
Abalistes stellaris,117.09033,-19.79299
Abalistes stellaris,118.71584,-19.73666
Abalistes stellaris,116.50167,-19.74417
Abalistes stellaris,118.20083,-20.07
Abalistes stellaris,118.17834,-20.0725
Abalistes stellaris,115.85083,-20.41666
Abalistes stellaris,115.25,-20.40916
Abalistes stellaris,116.55667,-20.17583
Abalistes stellaris,118.76667,-19.34166
Abalistes stellaris,115.825,-19.86
Abalistes stellaris,115.88167,-19.76833
Abalistes stellaris,117.66667,-19.66736
Abalistes stellaris,118.265,-19.95166
Abalistes stellaris,118.43445,-19.66764
Abalistes stellaris,115.85173,-20.97391
Abalistes stellaris,116.25,-19.71667
Abalistes stellaris,115.29196,-20.4695
Abalistes stellaris,115.22084,-20.1675
Abalistes stellaris,115.43804,-20.216
Abalistes stellaris,118.15,-19.53333
Abalistes stellaris,121.55833,-15.93444
Abalistes stellaris,117.29,-20.02333
Abalistes stellaris,151.45,-33.45
Abalistes stellaris,118.35834,-18.9
Abalistes stellaris,117.225,-20.23333
Abalistes stellaris,117.19333,-20.17167
Abalistes stellaris,117.75667,-20.08833
Abalistes stellaris,113.6611,-22.4891
Abalistes stellaris,116.19237,-20.21667
Abalistes stellaris,116.59583,-20.05167
Abalistes stellaris,117.09167,-20.09166
Abalistes stellaris,113.77986,-22.29243
Abalistes stellaris,120.36667,-18.53333
Abalistes stellaris,118.25167,-20.06833
Abalistes stellaris,113.66306,-22.48548
Abalistes stellaris,116.27647,-20.68016
Abalistes stellaris,116.65,-19.95
Abalistes stellaris,119.06667,-18.65833
Abalistes stellaris,113.85408,-22.14083
Abalistes stellaris,115.125,-20.55069
Abalistes stellaris,117.755,-19.44166
Abalistes stellaris,121.01667,-18.55833
Abalistes stellaris,116.89905,-20.39015
Abalistes stellaris,116.625,-20.225
Abalistes stellaris,113.57895,-22.63518
Abalistes stellaris,117.32917,-19.47166
Abalistes stellaris,117.825,-19.14167
Abalistes stellaris,116.15834,-19.92083
Abalistes stellaris,113.68005,-23.10076
Abalistes stellaris,117.16167,-20.27417
Abalistes stellaris,117.10834,-20.21833
Abalistes stellaris,117.34584,-19.48583
Abalistes stellaris,118.0175,-19.48333
Abalistes stellaris,118.04,-19.41166
Abalistes stellaris,113.66168,-22.45105
Abalistes stellaris,118.95583,-19.1
Abalistes stellaris,116.96667,-20.325
Abalistes stellaris,117.51,-20.145
Abalistes stellaris,118.36737,-19.2425
Abalistes stellaris,116.45834,-19.78333
Abalistes stellaris,117.82583,-19.98472
Abalistes stellaris,114.75697,-21.54259
Abalistes stellaris,116.45833,-20.33333
Abalistes stellaris,119.015,-19.07833
Abalistes stellaris,117.09033,-19.793
Abalistes stellaris,117.01333,-19.91667
Abalistes stellaris,117.03334,-19.66667
Abalistes stellaris,118.895,-17.63516
Abalistes stellaris,116.51334,-19.765
Abalistes stellaris,116.89361,-19.75944
Abalistes stellaris,120.96667,-18.80833
Abalistes stellaris,116.68445,-19.725
Abalistes stellaris,116.01667,-20.12417
Abalistes stellaris,116.62167,-19.79667
Abalistes stellaris,118.84333,-18.80167
Abalistes stellaris,121.45167,-17.66792
Abalistes stellaris,117.90833,-19.855
Abalistes stellaris,118.53667,-19.37416
Abalistes stellaris,115.90833,-20.32833
Abalistes stellaris,116.77,-19.7975
Abalistes stellaris,113.82703,-22.08861
Abalistes stellaris,115.61344,-20.353
Abalistes stellaris,118.4275,-19.58666
Abalistes stellaris,117.78084,-19.92583
Abalistes stellaris,116.25,-20.21667
Abalistes stellaris,118.08917,-19.2225
Abalistes stellaris,116.50834,-19.85916
Abalistes stellaris,113.80414,-22.20685
Abalistes stellaris,119.30237,-19.42625
Abalistes stellaris,119.31933,-17.28033
Abalistes stellaris,116.30705,-20.75911
Abalistes stellaris,116.3491,-20.1966
Abalistes stellaris,118.02917,-20.105
Abalistes stellaris,117.28084,-20.34833
Abalistes stellaris,117.70917,-20.01666
Abalistes stellaris,116.4077,-20.1901
Abalistes stellaris,116.56584,-19.61583
Abalistes stellaris,117.5955,-19.4712
Abalistes stellaris,117.61084,-19.31417
Abalistes stellaris,115.19247,-20.63151
Abalistes stellaris,118.80917,-19.08416
Abalistes stellaris,118.83334,-19.07
Abalistes stellaris,117.60167,-19.66167
Abalistes stellaris,115.83167,-20.02417
Abalistes stellaris,116.73472,-20.00958
Abalistes stellaris,118.46417,-19.7025
Abalistes stellaris,118.03417,-19.1
Abalistes stellaris,115.56356,-20.49487
Abalistes stellaris,116.01736,-19.99347
Abalistes stellaris,116.4175,-20.10903
Abalistes stellaris,113.7624,-22.27722
Abalistes stellaris,118.055,-20.10583
Abalistes stellaris,116.75959,-20.00139
Abalistes stellaris,117.09833,-19.62583
Abalistes stellaris,117.67833,-20.145
Abalistes stellaris,116.45847,-20.01722
Abalistes stellaris,118.35,-19.71667
Abalistes stellaris,119.80042,-18.65069
Abalistes stellaris,120.375,-19.05
Abalistes stellaris,118.8625,-18.80833
Abalistes stellaris,118.4875,-19.42583
Abalistes stellaris,117.94167,-19.7
Abalistes stellaris,116.94917,-19.69583
Abalistes stellaris,118.40834,-19.43333
Abalistes stellaris,118.275,-19.94333
Abalistes stellaris,113.82048,-22.17525
Abalistes stellaris,120.51667,-18.26667
Abalistes stellaris,121.79167,-18.05
Abalistes stellaris,118.81167,-19.07166
Abalistes stellaris,117.9025,-19.94833
Abalistes stellaris,116.40834,-20.06667
Abalistes stellaris,148.31861,-38.73514
Abalistes stellaris,115.77695,-19.80903
Abalistes stellaris,118.29334,-19.1975
Abalistes stellaris,116,-19.76666667
Abalistes stellaris,118.00333,-20.07
Abalistes stellaris,121.30931,-18.27541
Abalistes stellaris,116.3953,-20.1737
Abalistes stellaris,115.16,-20.92
Abalistes stellaris,113.56996,-22.63635
Abalistes stellaris,119.56792,-19.52569
Abalistes stellaris,117.52584,-20.0875
Abalistes stellaris,115.50687,-20.21116
Abalistes stellaris,116.8705,-20.37284
Abalistes stellaris,118.8865,-17.59333
Abalistes stellaris,117.86667,-19.53333
Abalistes stellaris,118.06667,-19.84167
Abalistes stellaris,114.64778,-21.51846
Abalistes stellaris,117.52333,-20.26
Abalistes stellaris,116.9675,-20.11416
Abalistes stellaris,115.8475,-20.11916
Abalistes stellaris,116.61695,-19.83444
Abalistes stellaris,117.60667,-19.66167
Abalistes stellaris,116.34084,-19.69
Abalistes stellaris,116.73167,-19.55166
Abalistes stellaris,117.72,-20.10583
Abalistes stellaris,118.48473,-19.16666
Abalistes stellaris,120.23389,-19.01736
Abalistes stellaris,116.7757,-19.9925
Abalistes stellaris,118.23083,-19.75917
Abalistes stellaris,118.99667,-19.08916
Abalistes stellaris,116.79167,-20.17583
Abalistes stellaris,115.62166,-20.312
Abalistes stellaris,119.58334,-18.84166
Abalistes stellaris,119.83334,-19.38333
Abalistes stellaris,116.415,-20.29583
Abalistes stellaris,117.845,-19.935
Abalistes stellaris,116.81834,-20.13167
Abalistes stellaris,116.9675,-20.0275
Abalistes stellaris,117.73333,-19.75833
Abalistes stellaris,115.7845,-20.036
Abalistes stellaris,114.18002,-21.84729
Abalistes stellaris,116.4711,-20.3528
Abalistes stellaris,120.47597,-18.06777
Abalistes stellaris,116.75139,-19.9593
Abalistes stellaris,117.79,-20.02667
Abalistes stellaris,117.865,-19.98666
Abalistes stellaris,115.47612,-20.4358
Abalistes stellaris,118.6375,-19.19833
Abalistes stellaris,118.92166,-17.52166
Abalistes stellaris,113.78298,-22.29185
Abalistes stellaris,117.45116,-20.04366
Abalistes stellaris,113.83471,-22.1407
Abalistes stellaris,118.4625,-19.30083
Abalistes stellaris,116.69667,-19.69083
Abalistes stellaris,116.5,-19.75
Abalistes stellaris,116.70125,-19.95833
Abalistes stellaris,121.00833,-17.71667
Abalistes stellaris,118.15945,-19.825
Abalistes stellaris,116.5475,-19.97
Abalistes stellaris,120.04167,-19.58333
Abalistes stellaris,113.85442,-22.13873
Abalistes stellaris,115.86917,-19.84167
Abalistes stellaris,118.55334,-19.31416
Abalistes stellaris,117.76667,-19.51166
Abalistes stellaris,116.26415,-20.78334
Abalistes stellaris,118.20083,-19.54583
Abalistes stellaris,118.02834,-19.96333
Abalistes stellaris,115.19398,-20.8865
Abalistes stellaris,118.8975,-19.105
Abalistes stellaris,118.9,-19.07083
Abalistes stellaris,117.09167,-19.83333
Abalistes stellaris,115.8757,-20.00903
Abalistes stellaris,116.76681,-19.86055
Abalistes stellaris,116.5975,-19.94667
Abalistes stellaris,117.9375,-19.2525
Abalistes stellaris,117.015,-19.99166
Abalistes stellaris,118.80833,-19.325
Abalistes stellaris,117.4275,-20.09833
Abalistes stellaris,118.87084,-19.4825
Abalistes stellaris,116.71,-19.49416
Abalistes stellaris,120.95945,-18.49263
Abalistes stellaris,115.14584,-20.86416
Abalistes stellaris,117.16833,-19.83361
Abalistes stellaris,115.015,-20.59
Abalistes stellaris,117.06417,-20.00166
Abalistes stellaris,116.80945,-20.12639
Abalistes stellaris,116.3375,-20.38666
Abalistes stellaris,116.36666666666666,-19.616666666666667
Abalistes stellaris,118.68334,-19.29166
Abalistes stellaris,118.4375,-18.87917
Abalistes stellaris,116.06167,-20.13417
Abalistes stellaris,118.41833,-19.65667
Abalistes stellaris,117.56333,-20.06916
Abalistes stellaris,116.73584,-20.065
Abalistes stellaris,117.90417,-19.58083
Abalistes stellaris,121,-18.53333
Abalistes stellaris,117.9,-19.99333
Abalistes stellaris,120.06667,-19.03333
Abalistes stellaris,118.615,-19.85916
Abalistes stellaris,117.89667,-19.7475
Abalistes stellaris,116.23333,-20.41667
Abalistes stellaris,115.1475,-20.925
Abalistes stellaris,113.83514,-22.13591
Abalistes stellaris,118.35417,-19.49083
Abalistes stellaris,118.00083,-19.06833
Abalistes stellaris,118.00167,-19.22583
Abalistes stellaris,117.045,-20.18166
Abalistes stellaris,115.92167,-20.28583
Abalistes stellaris,116.65917,-20.12583
Abalistes stellaris,118.81334,-19.01083
Abalistes stellaris,117.61,-19.245
Abalistes stellaris,115.62764,-20.305
Abalistes stellaris,115.33223,-20.239
Abalistes stellaris,117.45584,-20.02667
Abalistes stellaris,117.09167,-19.97583
Abalistes stellaris,117.09292,-19.93361
Abalistes stellaris,120.76667,-18.90833
Abalistes stellaris,118.05167,-19.22333
Abalistes stellaris,116.3334,-20.1856
Abalistes stellaris,121.425,-17.71666
Abalistes stellaris,115.23094,-20.78917
Abalistes stellaris,117.38334,-19.98333
Abalistes stellaris,120.04236,-19.32541
Abalistes stellaris,116.4599,-20.2829
Abalistes stellaris,116.23403,-19.90833
Abalistes stellaris,114.164,-21.9074
Abalistes stellaris,115.925,-20.65
Abalistes stellaris,115.69,-20.15166
Abalistes stellaris,117.67667,-20.20416
Abalistes stellaris,113.80051,-23.06719
Abalistes stellaris,117.105,-20.13916
Abalistes stellaris,117.38,-20.11833
Abalistes stellaris,116.7507,-19.90125
Abalistes stellaris,116.51834,-19.75333
Abalistes stellaris,115.5175,-19.92583
Abalistes stellaris,113.80341,-22.1738
Abalistes stellaris,115.43557,-20.60011
Abalistes stellaris,115.63667,-20.14833
Abalistes stellaris,115.97625,-20.25861
Abalistes stellaris,146.20931,-40.92652
Abalistes stellaris,115.58596,-20.44629
Abalistes stellaris,120.36667,-19.46666
Abalistes stellaris,117.94167,-19.69583
Abalistes stellaris,118.67167,-19.28
Abalistes stellaris,116.77597,-20.0175
Abalistes stellaris,115.9166667,-20.31666667
Abalistes stellaris,118.05,-19.74167
Abalistes stellaris,118.2,-19.24833
Abalistes stellaris,118.24167,-19.875
