species,decimalLongitude,decimalLatitude
Abalistes filamentosus,115.59167,-19.93667
Abalistes filamentosus,113.5502,-22.7056
Abalistes filamentosus,115.5916,-19.9366
Abalistes filamentosus,113.66878,-22.46434
Abalistes filamentosus,113.53596,-22.77091
Abalistes filamentosus,113.53384,-22.80693
Abalistes filamentosus,113.5184,-22.84027
Abalistes filamentosus,115.2016,-20.15
Abalistes filamentosus,113.52077,-22.81314
Abalistes filamentosus,113.5571,-22.6934
Abalistes filamentosus,113.5501,-22.7263
Abalistes filamentosus,113.51304,-22.84437
Abalistes filamentosus,113.5447,-22.7221
Abalistes filamentosus,113.58319,-22.76082
Abalistes filamentosus,113.7941,-22.16882
Abalistes filamentosus,113.57161,-22.76808
Abalistes filamentosus,113.5452,-22.7437
Abalistes filamentosus,115.26,-20.17
Abalistes filamentosus,113.5538,-22.7298
Abalistes filamentosus,113.5589,-22.7328
Abalistes filamentosus,113.58157,-22.69621
Abalistes filamentosus,113.69728,-22.39766
Abalistes filamentosus,113.57328,-22.72876
Abalistes filamentosus,113.57783,-22.69542
Abalistes filamentosus,113.82818,-22.06265
Abalistes filamentosus,113.73717,-22.32667
Abalistes filamentosus,113.5555,-22.7337
Abalistes filamentosus,116.785,-19.16833
Abalistes filamentosus,113.5552,-22.7239
Abalistes filamentosus,113.56259,-22.83154
Abalistes filamentosus,150,-36.9
Abalistes filamentosus,113.55332,-22.73175
Abalistes filamentosus,113.57565,-22.7306
Abalistes filamentosus,113.5445,-22.7519
Abalistes filamentosus,113.5474,-22.7506
Abalistes filamentosus,113.54025,-22.75175
Abalistes filamentosus,113.5563,-22.6884
Abalistes filamentosus,113.66783,-22.46825
Abalistes filamentosus,113.5563,-22.7021
Abalistes filamentosus,113.80823,-22.06563
Abalistes filamentosus,113.62435,-22.52872
Abalistes filamentosus,113.63457,-22.52389
Abalistes filamentosus,113.57708,-22.82257
Abalistes filamentosus,113.56188,-22.78303
Abalistes filamentosus,114.09,-21.69197
Abalistes filamentosus,112.765,-24.935
Abalistes filamentosus,113.5451,-22.7557
Abalistes filamentosus,113.62744000000001,-22.53378
Abalistes filamentosus,113.52339,-22.83154
Abalistes filamentosus,113.57233,-22.76279
Abalistes filamentosus,113.5444,-22.7522
Abalistes filamentosus,113.542,-22.7375
Abalistes filamentosus,113.57245,-22.77278
Abalistes filamentosus,113.5613,-22.69
Abalistes filamentosus,113.542,-22.734
Abalistes filamentosus,113.549,-22.7482
Abalistes filamentosus,113.79163,-22.13639
Abalistes filamentosus,113.5439,-22.7548
Abalistes filamentosus,113.5537,-22.6952
Abalistes filamentosus,113.5522,-22.7281
Abalistes filamentosus,113.5507,-22.7426
Abalistes filamentosus,113.82557,-22.00056
Abalistes filamentosus,115.20167,-20.15
Abalistes filamentosus,113.5395,-22.7406
Abalistes filamentosus,113.70584,-22.40386
Abalistes filamentosus,113.54762,-22.78253
Abalistes filamentosus,113.62554,-22.52619
Abalistes filamentosus,113.55546,-22.72508
Abalistes filamentosus,113.55367,-22.75818
Abalistes filamentosus,113.5427,-22.7593
Abalistes filamentosus,113.82153,-22.00792
Abalistes filamentosus,153.55,-27.4
Abalistes filamentosus,113.59167,-22.624
Abalistes filamentosus,116.785,-19.1683
Abalistes filamentosus,115.315,-20.15
Abalistes filamentosus,113.5382,-22.7574
Abalistes filamentosus,113.56591,-22.82901
Abalistes filamentosus,113.81939,-22.09438
Abalistes filamentosus,113.5454,-22.7435
Abalistes filamentosus,113.6923,-22.40478
Abalistes filamentosus,113.57994,-22.7017
