species,decimalLongitude,decimalLatitude
Abantennarius coccineus,153.25,-27.25
Abantennarius coccineus,105.66667,-10.41667
Abantennarius coccineus,153.6,-29.9
Abantennarius coccineus,151.66305,-33.09916
Abantennarius coccineus,105.66667,-10.43333
Abantennarius coccineus,153.4,-29.3
Abantennarius coccineus,153.58249,-28.258
Abantennarius coccineus,151.233333,-33.85
Abantennarius coccineus,151.23333,-33.85
Abantennarius coccineus,153.55,-28.166667
Abantennarius coccineus,153.60833,-29.883
Abantennarius coccineus,153.481667,-26.978333
Abantennarius coccineus,151.255,-33.95
Abantennarius coccineus,153.43333,-27.93333
Abantennarius coccineus,119.35,-17.36667
Abantennarius coccineus,153.433333,-27.933333
Abantennarius coccineus,153.433333,-27.4
Abantennarius coccineus,105.56667,-10.45
Abantennarius coccineus,153.43333,-27.4
Abantennarius coccineus,153.55,-27.41667
Abantennarius coccineus,153.55,-27.416667
Abantennarius coccineus,153.48166,-26.97833
Abantennarius coccineus,153.55,-28.16667
