species,decimalLongitude,decimalLatitude
Abantennarius nummifer,153.55,-27.416667
Abantennarius nummifer,113.95,-21.91667
Abantennarius nummifer,113.73333,-25.35
Abantennarius nummifer,115.31,-20.24667
Abantennarius nummifer,115.5,-32
Abantennarius nummifer,151.233,-33.95
Abantennarius nummifer,114.55,-30
Abantennarius nummifer,114.05,-28.8
Abantennarius nummifer,114.33333,-21.68333
Abantennarius nummifer,122.77,-15.244
Abantennarius nummifer,116.76667,-20.26833
Abantennarius nummifer,114.64666666666668,-29.974999999999998
Abantennarius nummifer,153.55,-27.41667
Abantennarius nummifer,115.33333,-31.01667
Abantennarius nummifer,123.6,-16.13333
Abantennarius nummifer,116.36667,-20.265
Abantennarius nummifer,151.3,-33.733
Abantennarius nummifer,114.33333,-21.66667
Abantennarius nummifer,145.5,-42.98
Abantennarius nummifer,122.16667,-17.43333
Abantennarius nummifer,113.5,-23.5
Abantennarius nummifer,115.88333,-20.35
Abantennarius nummifer,114.4,-29.48333
Abantennarius nummifer,115.466,-32
Abantennarius nummifer,114,-28.88333
Abantennarius nummifer,113.638598575259,-25.9522459340334
Abantennarius nummifer,113.15,-26.13333
Abantennarius nummifer,113.11667,-25.91667
Abantennarius nummifer,105.66667,-10.48333
Abantennarius nummifer,114.6466667,-29.975
Abantennarius nummifer,150.76667,-35.11667
Abantennarius nummifer,114.66667,-28.53333
