species,decimalLongitude,decimalLatitude
Ablennes hians,151.333,-33.75
Ablennes hians,148,-37.88
Ablennes hians,153.55,-27.4
Ablennes hians,114.61667,-28.76667
Ablennes hians,153.6,-28.26667
Ablennes hians,151.266,-33.8
Ablennes hians,152,-32
Ablennes hians,115.63333,-32.06667
Ablennes hians,150.883,-34.433
Ablennes hians,152.166,-32.75
Ablennes hians,153.77499,-28.87499
Ablennes hians,153.25,-27.25
Ablennes hians,113.73333,-25.35
Ablennes hians,114.06873276,-21.82918624
Ablennes hians,152.183,-32.716
Ablennes hians,113.638598575259,-25.9522459340334
Ablennes hians,153.53333,-27.43333
Ablennes hians,153.333333,-27.166667
Ablennes hians,153.33333,-27.16667
Ablennes hians,115.71667,-32.28333
Ablennes hians,153.533333,-27.433333
Ablennes hians,151.216,-34
Ablennes hians,113.51667,-23.81667
Ablennes hians,115.5,-32
Ablennes hians,114.9,-30.33333
Ablennes hians,151.283,-33.866
Ablennes hians,151,-33.75
Ablennes hians,115.11667,-21.63333
Ablennes hians,153.6,-28.266667
