species,decimalLongitude,decimalLatitude
Abudefduf sexfasciatus,116.447,-20.6514
Abudefduf sexfasciatus,113.82943,-22.24313
Abudefduf sexfasciatus,113.91066,-22.03736
Abudefduf sexfasciatus,113.94939,-21.92457
Abudefduf sexfasciatus,113.9609,-21.91769
Abudefduf sexfasciatus,113.82991,-22.24186
Abudefduf sexfasciatus,113.94825,-21.92379
Abudefduf sexfasciatus,113.8495,-22.19946
Abudefduf sexfasciatus,113.95721,-21.91241
Abudefduf sexfasciatus,114.03333,-28.88333
Abudefduf sexfasciatus,113.75875,-23.16108
Abudefduf sexfasciatus,115.1682,-21.3265
Abudefduf sexfasciatus,113.93949,-21.95183
Abudefduf sexfasciatus,113.94197,-21.94953
Abudefduf sexfasciatus,113.9415,-21.94737
Abudefduf sexfasciatus,113.82892,-22.24323
Abudefduf sexfasciatus,113.8299,-22.2421
Abudefduf sexfasciatus,115.0782,-21.608
Abudefduf sexfasciatus,113.87882,-22.08498
Abudefduf sexfasciatus,113.95717,-21.91524
Abudefduf sexfasciatus,113.96649,-21.90973
Abudefduf sexfasciatus,113.955,-21.9119
Abudefduf sexfasciatus,113.9621,-21.912
Abudefduf sexfasciatus,113.83333,-28.75
Abudefduf sexfasciatus,113.84143,-22.21248
Abudefduf sexfasciatus,113.95644,-21.91454
Abudefduf sexfasciatus,113.95393,-21.90258
Abudefduf sexfasciatus,116.5366,-20.6212
Abudefduf sexfasciatus,114.66246,-21.57197
Abudefduf sexfasciatus,113.96085,-21.91133
Abudefduf sexfasciatus,113.82995,-22.24159
Abudefduf sexfasciatus,113.95494,-21.91404
Abudefduf sexfasciatus,115.53694,-20.47583
Abudefduf sexfasciatus,113.95415,-21.9142
Abudefduf sexfasciatus,113.8286,-22.2448
Abudefduf sexfasciatus,113.82983,-22.24281
Abudefduf sexfasciatus,113.9494,-21.9227
Abudefduf sexfasciatus,113.41667,-24.48333
Abudefduf sexfasciatus,113.89023,-22.09415
Abudefduf sexfasciatus,113.9393,-21.95227
Abudefduf sexfasciatus,117.06667,-20.43333
Abudefduf sexfasciatus,113.88789,-22.09267
Abudefduf sexfasciatus,115.0086,-21.5648
Abudefduf sexfasciatus,113.9531,-21.902
Abudefduf sexfasciatus,113.95815,-21.90898
Abudefduf sexfasciatus,113.82863,-22.2413
Abudefduf sexfasciatus,113.87812,-22.10791
Abudefduf sexfasciatus,113.87730417,-22.13186648
Abudefduf sexfasciatus,115.1641,-21.3206
Abudefduf sexfasciatus,114.15,-21.866
Abudefduf sexfasciatus,113.833,-22.2477
Abudefduf sexfasciatus,113.8291,-22.2426
Abudefduf sexfasciatus,113.70443,-22.79586
Abudefduf sexfasciatus,113.84969,-22.19815
Abudefduf sexfasciatus,113.82994,-22.24133
Abudefduf sexfasciatus,113.88995,-22.09565
Abudefduf sexfasciatus,113.93663,-21.95617
Abudefduf sexfasciatus,113.96346,-21.91211
Abudefduf sexfasciatus,113.82602,-22.24427
Abudefduf sexfasciatus,114.4188,-21.9479
Abudefduf sexfasciatus,113.8507,-22.19256
Abudefduf sexfasciatus,113.93655,-21.94509
Abudefduf sexfasciatus,113.82992,-22.24136
Abudefduf sexfasciatus,113.82989,-22.24191
Abudefduf sexfasciatus,113.87724,-22.10885
Abudefduf sexfasciatus,113.8531,-22.1952
Abudefduf sexfasciatus,113.97569,-21.88869
Abudefduf sexfasciatus,113.84973,-22.19304
Abudefduf sexfasciatus,113.66667,-24.88333
Abudefduf sexfasciatus,153.57632,-28.3615
Abudefduf sexfasciatus,113.83311,-22.24318
Abudefduf sexfasciatus,114.691,-21.6299
Abudefduf sexfasciatus,113.88104,-22.10758
Abudefduf sexfasciatus,113.8298,-22.2441
Abudefduf sexfasciatus,113.83046,-22.23672
Abudefduf sexfasciatus,115.56441,-20.50507
Abudefduf sexfasciatus,113.83393,-22.2479
Abudefduf sexfasciatus,113.9562,-21.9111
Abudefduf sexfasciatus,116.5425,-20.5406
Abudefduf sexfasciatus,113.88146,-22.10716
Abudefduf sexfasciatus,113.83294,-22.24375
Abudefduf sexfasciatus,113.95762,-21.91503
Abudefduf sexfasciatus,113.83345,-22.24285
Abudefduf sexfasciatus,113.73333,-28.5
Abudefduf sexfasciatus,113.83306,-22.24325
Abudefduf sexfasciatus,113.88005,-22.10448
Abudefduf sexfasciatus,113.8405,-22.2042
Abudefduf sexfasciatus,113.8791,-22.1078
Abudefduf sexfasciatus,113.87768,-22.10837
Abudefduf sexfasciatus,113.9547,-21.91658
Abudefduf sexfasciatus,113.82885,-22.24368
Abudefduf sexfasciatus,113.83192,-22.25133
Abudefduf sexfasciatus,113.95666,-21.9177
Abudefduf sexfasciatus,113.88435,-22.11029
Abudefduf sexfasciatus,113.85265,-22.19662
Abudefduf sexfasciatus,113.82989,-22.24238
Abudefduf sexfasciatus,113.83295,-22.24382
Abudefduf sexfasciatus,113.83285,-22.24485
Abudefduf sexfasciatus,113.96764,-21.90978
Abudefduf sexfasciatus,113.9631,-21.912
Abudefduf sexfasciatus,113.8287,-22.2417
Abudefduf sexfasciatus,113.77308,-23.41367
Abudefduf sexfasciatus,115.55226,-20.35786
Abudefduf sexfasciatus,113.94257,-21.8998
Abudefduf sexfasciatus,113.84529,-22.19905
Abudefduf sexfasciatus,115.2159,-21.4865
Abudefduf sexfasciatus,113.96761,-21.90992
Abudefduf sexfasciatus,113.85289,-22.19506
Abudefduf sexfasciatus,113.95917,-21.90484
Abudefduf sexfasciatus,113.849,-22.194
Abudefduf sexfasciatus,113.88045,-22.10403
Abudefduf sexfasciatus,113.8334,-22.2427
Abudefduf sexfasciatus,113.82978,-22.24313
Abudefduf sexfasciatus,113.82625,-22.24327
Abudefduf sexfasciatus,113.88254,-22.10425
Abudefduf sexfasciatus,153.58282,-28.258
Abudefduf sexfasciatus,113.8329,-22.246
Abudefduf sexfasciatus,113.8436,-22.2022
Abudefduf sexfasciatus,113.654,-22.59506
Abudefduf sexfasciatus,113.83577,-22.21785
Abudefduf sexfasciatus,113.8298,-22.24206
Abudefduf sexfasciatus,113.82973,-22.24427
Abudefduf sexfasciatus,113.88083,-22.10361
Abudefduf sexfasciatus,113.8331,-22.24655
Abudefduf sexfasciatus,113.8512,-22.2006
Abudefduf sexfasciatus,113.87811,-22.11072
Abudefduf sexfasciatus,113.8269,-22.24973
Abudefduf sexfasciatus,113.83333,-22.2426
Abudefduf sexfasciatus,113.95774,-21.90626
Abudefduf sexfasciatus,113.8784,-22.1099
Abudefduf sexfasciatus,113.84299,-22.20153
Abudefduf sexfasciatus,113.83005,-22.24336
Abudefduf sexfasciatus,113.83387,-22.24537
Abudefduf sexfasciatus,153.58249,-28.258
Abudefduf sexfasciatus,113.87677,-22.10934
Abudefduf sexfasciatus,153.25,-29.833
Abudefduf sexfasciatus,113.9611,-21.9131
Abudefduf sexfasciatus,116.53333,-20.48333
Abudefduf sexfasciatus,113.83605,-22.21733
Abudefduf sexfasciatus,113.83287,-22.2443
Abudefduf sexfasciatus,113.96093,-21.91287
Abudefduf sexfasciatus,113.8507,-22.19527
Abudefduf sexfasciatus,153.13639,-26.67889
Abudefduf sexfasciatus,116.6765,-20.50133
Abudefduf sexfasciatus,113.8777,-22.1112
Abudefduf sexfasciatus,113.83167,-22.25185
Abudefduf sexfasciatus,113.8767,-22.1118
Abudefduf sexfasciatus,113.95933,-21.90782
Abudefduf sexfasciatus,113.84987,-22.19328
Abudefduf sexfasciatus,113.84647,-22.19922
Abudefduf sexfasciatus,113.8331,-22.2435
Abudefduf sexfasciatus,113.96201,-21.91022
Abudefduf sexfasciatus,113.9591,-21.9045
Abudefduf sexfasciatus,113.96809,-21.90938
Abudefduf sexfasciatus,113.8299,-22.2422
Abudefduf sexfasciatus,113.8312,-22.2383
Abudefduf sexfasciatus,113.88,-22.1103
Abudefduf sexfasciatus,113.95685,-21.8994
Abudefduf sexfasciatus,113.833,-22.2444
Abudefduf sexfasciatus,113.8,-22.35
Abudefduf sexfasciatus,113.82877,-22.24428
Abudefduf sexfasciatus,113.84312,-22.20475
Abudefduf sexfasciatus,113.85016,-22.19509
Abudefduf sexfasciatus,115.61667,-20.43333
Abudefduf sexfasciatus,113.84488,-22.19958
Abudefduf sexfasciatus,113.88999,-22.09529
Abudefduf sexfasciatus,114.06873276,-21.82918624
Abudefduf sexfasciatus,113.82987,-22.24242
Abudefduf sexfasciatus,113.89005,-22.09567
Abudefduf sexfasciatus,113.84324,-22.19997
Abudefduf sexfasciatus,113.8291,-22.2429
Abudefduf sexfasciatus,113.9662,-21.9082
Abudefduf sexfasciatus,113.8511,-22.1922
Abudefduf sexfasciatus,114.32226,-21.67624
Abudefduf sexfasciatus,113.83662,-22.21635
Abudefduf sexfasciatus,113.82643,-22.25077
Abudefduf sexfasciatus,113.95821,-21.90575
Abudefduf sexfasciatus,114.32933,-21.67213
Abudefduf sexfasciatus,113.95699,-21.91709
Abudefduf sexfasciatus,113.95964,-21.90435
Abudefduf sexfasciatus,113.96319,-21.90911
Abudefduf sexfasciatus,113.82985,-22.24212
Abudefduf sexfasciatus,113.87556,-22.1134
Abudefduf sexfasciatus,113.8434,-22.1997
Abudefduf sexfasciatus,113.83299,-22.24604
Abudefduf sexfasciatus,113.88987,-22.09344
Abudefduf sexfasciatus,113.88921,-22.09176
Abudefduf sexfasciatus,113.8286,-22.24482
Abudefduf sexfasciatus,113.84915,-22.19339
Abudefduf sexfasciatus,150.88054,-34.54666
Abudefduf sexfasciatus,113.82912,-22.25206
Abudefduf sexfasciatus,113.8532,-22.195
Abudefduf sexfasciatus,113.84403,-22.20069
Abudefduf sexfasciatus,113.96164,-21.9106
Abudefduf sexfasciatus,113.8816,-22.1048
Abudefduf sexfasciatus,113.9587,-21.90529
Abudefduf sexfasciatus,113.95568,-21.91488
Abudefduf sexfasciatus,153.54983,-28.16916
Abudefduf sexfasciatus,113.9657,-21.9101
Abudefduf sexfasciatus,113.96196,-21.91245
Abudefduf sexfasciatus,113.8505,-22.1963
Abudefduf sexfasciatus,113.88989,-22.09397
Abudefduf sexfasciatus,113.87977,-22.10659
Abudefduf sexfasciatus,113.8424,-22.2024
Abudefduf sexfasciatus,115.5761,-20.43525
Abudefduf sexfasciatus,113.16667,-26.13333
Abudefduf sexfasciatus,113.88993,-22.09448
Abudefduf sexfasciatus,113.8487,-22.194
Abudefduf sexfasciatus,113.82856,-22.25297
Abudefduf sexfasciatus,113.8287,-22.2411
Abudefduf sexfasciatus,114.65667,-21.57333
Abudefduf sexfasciatus,113.638598575259,-25.9522459340334
Abudefduf sexfasciatus,113.82829,-22.25345
Abudefduf sexfasciatus,113.82879,-22.2427
Abudefduf sexfasciatus,113.87621,-22.11179
Abudefduf sexfasciatus,113.84233,-22.20627
Abudefduf sexfasciatus,113.9583,-21.9085
Abudefduf sexfasciatus,113.833,-22.2456
Abudefduf sexfasciatus,113.96505,-21.91076
Abudefduf sexfasciatus,113.88116,-22.10324
Abudefduf sexfasciatus,113.87954,-22.10788
Abudefduf sexfasciatus,113.8476,-22.1954
Abudefduf sexfasciatus,113.96317,-21.9116
Abudefduf sexfasciatus,116.53333,-20.55
Abudefduf sexfasciatus,153.606,-28.82266
Abudefduf sexfasciatus,113.8289,-22.2459
Abudefduf sexfasciatus,113.82864,-22.24181
Abudefduf sexfasciatus,113.76313,-22.91165
Abudefduf sexfasciatus,151.266,-33.833
Abudefduf sexfasciatus,113.84942,-22.19368
Abudefduf sexfasciatus,113.94276,-21.90025
Abudefduf sexfasciatus,113.8506,-22.1955
Abudefduf sexfasciatus,113.4,-24.4
Abudefduf sexfasciatus,113.82884,-22.25251
Abudefduf sexfasciatus,113.9575,-21.9026
Abudefduf sexfasciatus,113.84598,-22.20199
Abudefduf sexfasciatus,113.83924,-22.19618
Abudefduf sexfasciatus,113.8329,-22.2437
Abudefduf sexfasciatus,113.8297,-22.2426
Abudefduf sexfasciatus,113.84946,-22.20755
Abudefduf sexfasciatus,113.87943,-22.10848
Abudefduf sexfasciatus,113.8753,-22.11393
Abudefduf sexfasciatus,113.84629,-22.20202
Abudefduf sexfasciatus,113.84339,-22.20426
Abudefduf sexfasciatus,113.9668,-21.9086
Abudefduf sexfasciatus,113.96126,-21.91098
Abudefduf sexfasciatus,113.8383,-22.2367
Abudefduf sexfasciatus,113.89005,-22.09514
Abudefduf sexfasciatus,113.9646,-21.9103
Abudefduf sexfasciatus,114.7623,-21.5311
Abudefduf sexfasciatus,113.88997,-22.09509
Abudefduf sexfasciatus,113.82976,-22.24368
Abudefduf sexfasciatus,113.88463,-22.10982
Abudefduf sexfasciatus,113.83287,-22.24484
Abudefduf sexfasciatus,113.8773,-22.1124
Abudefduf sexfasciatus,113.9591,-21.9076
Abudefduf sexfasciatus,113.8803,-22.1054
Abudefduf sexfasciatus,113.955,-21.9129
Abudefduf sexfasciatus,113.8301,-22.2433
Abudefduf sexfasciatus,113.9663,-21.91
Abudefduf sexfasciatus,116.83333,-20.4
Abudefduf sexfasciatus,113.86667,-22.2
Abudefduf sexfasciatus,113.83292,-22.24423
Abudefduf sexfasciatus,113.96147,-21.91266
Abudefduf sexfasciatus,113.8371,-22.2384
Abudefduf sexfasciatus,114.25,-28.2
Abudefduf sexfasciatus,113.829,-22.2438
Abudefduf sexfasciatus,113.9648,-21.9102
Abudefduf sexfasciatus,113.8259,-22.24482
Abudefduf sexfasciatus,113.83142,-22.25247
Abudefduf sexfasciatus,113.87937,-22.10905
Abudefduf sexfasciatus,113.96,-21.9038
Abudefduf sexfasciatus,113.963,-21.91201
Abudefduf sexfasciatus,113.8294,-22.2516
Abudefduf sexfasciatus,113.87628,-22.10988
Abudefduf sexfasciatus,113.8481,-22.1935
Abudefduf sexfasciatus,115.5,-32
Abudefduf sexfasciatus,113.8796,-22.1067
Abudefduf sexfasciatus,113.95728,-21.91648
Abudefduf sexfasciatus,113.82877,-22.24234
Abudefduf sexfasciatus,113.8786,-22.1134
Abudefduf sexfasciatus,113.833,-22.2459
Abudefduf sexfasciatus,113.95505,-21.91595
Abudefduf sexfasciatus,113.84836,-22.20097
Abudefduf sexfasciatus,113.9711,-21.9143
Abudefduf sexfasciatus,113.82614,-22.24377
Abudefduf sexfasciatus,114.88738,-21.48864
Abudefduf sexfasciatus,113.8329,-22.2453
Abudefduf sexfasciatus,113.82612,-22.25145
Abudefduf sexfasciatus,113.82585,-22.25203
Abudefduf sexfasciatus,113.83549,-22.21834
Abudefduf sexfasciatus,113.9645,-21.9118
Abudefduf sexfasciatus,113.88878,-22.09207
Abudefduf sexfasciatus,113.87602,-22.11232
Abudefduf sexfasciatus,113.83294,-22.24555
Abudefduf sexfasciatus,153.36667,-27.16667
Abudefduf sexfasciatus,113.83287,-22.24483
