species,decimalLongitude,decimalLatitude
Abudefduf natalensis,32.656666,-27.625
Abudefduf natalensis,32.991883,-25.9671
Abudefduf natalensis,32.666667,-27.540278
Abudefduf natalensis,35.542467,-23.812333
Abudefduf natalensis,32.88575,-26.928583
Abudefduf natalensis,32.75,-27.333334
Abudefduf natalensis,35.522817,-23.981167
Abudefduf natalensis,31,-29.85
Abudefduf natalensis,32.739,-27.487
Abudefduf natalensis,32.849998,-27.033333
Abudefduf natalensis,32.766666,-27.266666
Abudefduf natalensis,32.726667,-27.414917
Abudefduf natalensis,32.728217,-27.4135
Abudefduf natalensis,35.239183,-24.482133
Abudefduf natalensis,32.599998,-27.916666
Abudefduf natalensis,34.363,-24.927333
Abudefduf natalensis,47.102333,-24.968
Abudefduf natalensis,31.016667,-29.873611
Abudefduf natalensis,32.861563,-27.03418
Abudefduf natalensis,46.24864,-9.370197
Abudefduf natalensis,35.571933,-23.118433
Abudefduf natalensis,32.683334,-27.516666
Abudefduf natalensis,32.683334,-27.533333
Abudefduf natalensis,30.966667,-29.966667
Abudefduf natalensis,32.682817,-27.5297
Abudefduf natalensis,35.268467,-24.44155
Abudefduf natalensis,35.5826,-22.7604
