species,decimalLongitude,decimalLatitude
Abudefduf vaigiensis,149.98323,-36.73748
Abudefduf vaigiensis,113.87730417,-22.13186648
Abudefduf vaigiensis,114.06873276,-21.82918624
Abudefduf vaigiensis,153.61882,-28.7075
Abudefduf vaigiensis,153.36667,-27.13333
Abudefduf vaigiensis,152.79833,-31.71999
Abudefduf vaigiensis,113.76882,-22.98855
Abudefduf vaigiensis,153.3,-29.833
Abudefduf vaigiensis,149.886,-36.9675
Abudefduf vaigiensis,113.83662,-22.21635
Abudefduf vaigiensis,113.76941,-23.02129
Abudefduf vaigiensis,113.75875,-23.16108
Abudefduf vaigiensis,153.606,-28.82266
Abudefduf vaigiensis,153.57132,-28.84783
Abudefduf vaigiensis,115.61667,-20.43333
Abudefduf vaigiensis,113.70443,-22.79586
Abudefduf vaigiensis,151.233,-34
Abudefduf vaigiensis,150.53577,-35.2442
Abudefduf vaigiensis,151.25,-33.966
Abudefduf vaigiensis,113.88993,-22.09448
Abudefduf vaigiensis,153.60666,-28.82249
Abudefduf vaigiensis,114.174572,-21.8295877
Abudefduf vaigiensis,113.88989,-22.09397
Abudefduf vaigiensis,113.83941818,-22.23723118
Abudefduf vaigiensis,113.84987,-22.19328
Abudefduf vaigiensis,152.533,-32.433
Abudefduf vaigiensis,113.88995,-22.09565
Abudefduf vaigiensis,149.924,-36.8959
Abudefduf vaigiensis,153.364,-29.47882
Abudefduf vaigiensis,113.76572,-23.00515
Abudefduf vaigiensis,152,-32
Abudefduf vaigiensis,153.13639,-26.67889
Abudefduf vaigiensis,151.266,-33.85
Abudefduf vaigiensis,113.82884,-22.25251
Abudefduf vaigiensis,113.84942,-22.19368
Abudefduf vaigiensis,153.56666,-28.2
Abudefduf vaigiensis,152.466,-32.383
Abudefduf vaigiensis,153.59716,-28.80183
Abudefduf vaigiensis,151.25,-33.85
Abudefduf vaigiensis,153.3,-29.883
Abudefduf vaigiensis,107.5,-10
Abudefduf vaigiensis,153.2,-30.066
Abudefduf vaigiensis,151.166,-34.066
Abudefduf vaigiensis,113.94532745,-21.96216403
Abudefduf vaigiensis,113.82912,-22.25206
Abudefduf vaigiensis,113.76633,-23.15479
Abudefduf vaigiensis,113.88997,-22.09509
Abudefduf vaigiensis,113.8507,-22.19256
Abudefduf vaigiensis,153.485,-26.98
Abudefduf vaigiensis,153.616,-28.716
Abudefduf vaigiensis,153.15,-26.8
Abudefduf vaigiensis,150.53568,-35.22478
Abudefduf vaigiensis,151.45,-33.45
Abudefduf vaigiensis,153.36667,-27.16667
Abudefduf vaigiensis,153.333333333,-29.7666666667
Abudefduf vaigiensis,113.16667,-26.13333
Abudefduf vaigiensis,113.84969,-22.19815
Abudefduf vaigiensis,150.7,-35.2
Abudefduf vaigiensis,153.333328247,-29.8333339691
Abudefduf vaigiensis,150.5361,-35.24444
Abudefduf vaigiensis,150.216,-35.783
Abudefduf vaigiensis,153.30111,-29.765
Abudefduf vaigiensis,153.25,-29.833
Abudefduf vaigiensis,114.66667,-21.6
Abudefduf vaigiensis,105.7,-10.46667
Abudefduf vaigiensis,113.89032,-22.09365
Abudefduf vaigiensis,149.9,-37.433
Abudefduf vaigiensis,113.638598575259,-25.9522459340334
Abudefduf vaigiensis,115.5761,-20.43525
Abudefduf vaigiensis,151.266,-33.8
Abudefduf vaigiensis,153.58282,-28.258
Abudefduf vaigiensis,153.6075,-28.84283
Abudefduf vaigiensis,113.82614,-22.24377
Abudefduf vaigiensis,113.82612,-22.25145
Abudefduf vaigiensis,153.616,-28.65
Abudefduf vaigiensis,153.333333333,-29.8333333333
Abudefduf vaigiensis,114.33333,-21.65
Abudefduf vaigiensis,153.333328247,-29.7666664124
Abudefduf vaigiensis,113.86667,-22.2
Abudefduf vaigiensis,113.72724,-22.84784
Abudefduf vaigiensis,153.57632,-28.3615
Abudefduf vaigiensis,153.13944,-26.67972
Abudefduf vaigiensis,153.58249,-28.258
Abudefduf vaigiensis,115.5,-20.45
Abudefduf vaigiensis,153.55,-27.43333
