species,decimalLongitude,decimalLatitude
Abudefduf bengalensis,114.937,-21.5854
Abudefduf bengalensis,114.691,-21.6299
Abudefduf bengalensis,116.629,-20.4704
Abudefduf bengalensis,116.4373,-20.6538
Abudefduf bengalensis,113.53502584,-25.92840289
Abudefduf bengalensis,122.66667,-16.85
Abudefduf bengalensis,114.5132,-22.0951
Abudefduf bengalensis,114.689,-21.6319
Abudefduf bengalensis,114.66246,-21.57197
Abudefduf bengalensis,114.932,-21.5854
Abudefduf bengalensis,113.95415,-21.9142
Abudefduf bengalensis,115.0086,-21.5648
Abudefduf bengalensis,115.53694,-20.47583
Abudefduf bengalensis,116.52528,-20.58889
Abudefduf bengalensis,113.94532745,-21.96216403
Abudefduf bengalensis,114.6853,-21.6342
Abudefduf bengalensis,114.12681,-21.80297
Abudefduf bengalensis,118.22167,-19.98917
Abudefduf bengalensis,113.9494,-21.9227
Abudefduf bengalensis,113.83387,-22.24537
Abudefduf bengalensis,114.5044,-22.1069
Abudefduf bengalensis,113.9074548,-26.1006336
Abudefduf bengalensis,114.47349,-21.7301
Abudefduf bengalensis,114.1779,-21.8567
Abudefduf bengalensis,113.9631,-21.912
Abudefduf bengalensis,113.41667,-24.48333
Abudefduf bengalensis,114.4177,-21.9475
Abudefduf bengalensis,116.5219,-20.5871
Abudefduf bengalensis,113.9709,-21.89536
Abudefduf bengalensis,116.67277,-20.525
Abudefduf bengalensis,115.89425,-20.90888
Abudefduf bengalensis,113.53502365,-25.92843495
Abudefduf bengalensis,114.9396,-21.589
Abudefduf bengalensis,114.1799,-21.8487
Abudefduf bengalensis,115.1682,-21.3265
Abudefduf bengalensis,114.1775,-21.8403
Abudefduf bengalensis,114.9291,-21.5963
Abudefduf bengalensis,114.38937,-21.61864
Abudefduf bengalensis,115.2213,-21.4844
Abudefduf bengalensis,113.61667,-26.05
Abudefduf bengalensis,115.2159,-21.4865
Abudefduf bengalensis,122.16667,-17.96667
Abudefduf bengalensis,116.4083,-20.6797
Abudefduf bengalensis,114.88738,-21.48864
Abudefduf bengalensis,115.1659,-21.327
Abudefduf bengalensis,114.135,-21.9872
Abudefduf bengalensis,113.8445,-22.2059
Abudefduf bengalensis,115.88273,-20.9153
Abudefduf bengalensis,153.57632,-28.3615
Abudefduf bengalensis,116.64278,-20.57638
Abudefduf bengalensis,116.447,-20.6514
Abudefduf bengalensis,115.1161,-21.5246
Abudefduf bengalensis,122.15,-17.56667
Abudefduf bengalensis,116.33173,-20.74473
Abudefduf bengalensis,115.56441,-20.50507
Abudefduf bengalensis,113.88712,-22.09535
Abudefduf bengalensis,116.62505,-20.43317
Abudefduf bengalensis,114.65667,-21.57333
Abudefduf bengalensis,114.8477,-21.58019
Abudefduf bengalensis,113.94825,-21.92379
Abudefduf bengalensis,113.7242017,-25.86370161
Abudefduf bengalensis,118.02917,-20.105
Abudefduf bengalensis,113.8849,-22.1112
Abudefduf bengalensis,113.87730417,-22.13186648
Abudefduf bengalensis,114.59087,-21.70352
Abudefduf bengalensis,116.53333,-20.48333
Abudefduf bengalensis,113.8453,-22.2031
Abudefduf bengalensis,118.8975,-19.62417
Abudefduf bengalensis,114.5011,-22.1106
Abudefduf bengalensis,115.1262,-21.5264
Abudefduf bengalensis,114.10472,-21.79931
Abudefduf bengalensis,116.6162,-20.4886
Abudefduf bengalensis,118.58333,-20.3
Abudefduf bengalensis,114.48333,-22.11666
Abudefduf bengalensis,113.96,-21.9038
Abudefduf bengalensis,113.86667,-22.2
Abudefduf bengalensis,115.49838,-20.3658
Abudefduf bengalensis,114.174572,-21.8295877
Abudefduf bengalensis,115.1641,-21.3206
Abudefduf bengalensis,113.97569,-21.88869
Abudefduf bengalensis,114.5106,-22.0992
Abudefduf bengalensis,115.11667,-21.63333
Abudefduf bengalensis,113.8329,-22.2453
Abudefduf bengalensis,116.93693,-20.40554
Abudefduf bengalensis,153.2,-30.066
Abudefduf bengalensis,114.95687,-21.41397
Abudefduf bengalensis,113.95494,-21.91404
Abudefduf bengalensis,115.46747,-20.44638
Abudefduf bengalensis,114.54326,-21.73147
Abudefduf bengalensis,114.4855,-22.1246
Abudefduf bengalensis,113.73333,-25.35
Abudefduf bengalensis,115.17265,-21.315
Abudefduf bengalensis,113.9658,-21.9091
Abudefduf bengalensis,118.67084,-19.51833
Abudefduf bengalensis,114.4188,-21.9479
Abudefduf bengalensis,113.95644,-21.91454
Abudefduf bengalensis,113.9583,-21.9085
Abudefduf bengalensis,116.91276,-20.39742
Abudefduf bengalensis,117.9,-19.99333
Abudefduf bengalensis,123.11667,-16.4
Abudefduf bengalensis,113.9073706,-26.1006758
Abudefduf bengalensis,117.355,-20.24
Abudefduf bengalensis,116.5023,-20.5738
Abudefduf bengalensis,124.41694,-16.13194
Abudefduf bengalensis,113.9645,-21.9118
Abudefduf bengalensis,114.1881,-22.411
Abudefduf bengalensis,124.42778,-16.07777
Abudefduf bengalensis,116.53611,-20.61666
Abudefduf bengalensis,113.96808,-21.90952
Abudefduf bengalensis,116.6,-20.5
Abudefduf bengalensis,114.39484,-21.63196
Abudefduf bengalensis,114.32933,-21.67213
Abudefduf bengalensis,116.5225,-20.5609
Abudefduf bengalensis,113.9562,-21.9111
Abudefduf bengalensis,153.41666,-27.46667
Abudefduf bengalensis,116.53333,-20.55
Abudefduf bengalensis,113.83092,-22.2386
Abudefduf bengalensis,114.4134,-21.9503
Abudefduf bengalensis,118.61167,-19.86167
Abudefduf bengalensis,113.93333,-21.96667
Abudefduf bengalensis,113.907455,-26.100634
Abudefduf bengalensis,114.85799,-21.57601
Abudefduf bengalensis,117.68917,-20.1875
Abudefduf bengalensis,122.233,-17.967
Abudefduf bengalensis,113.6197017,-26.1042868
Abudefduf bengalensis,114.85446,-21.57798
Abudefduf bengalensis,115.15061,-21.31671
Abudefduf bengalensis,114.7597,-21.5304
Abudefduf bengalensis,117.10084,-20.1625
Abudefduf bengalensis,115.0326,-21.4515
Abudefduf bengalensis,115.88333,-20.35
Abudefduf bengalensis,117.22,-20.18667
Abudefduf bengalensis,113.654,-22.59506
Abudefduf bengalensis,115.59866,-20.41756
Abudefduf bengalensis,153.4,-27.5
Abudefduf bengalensis,122.183,-17.983
Abudefduf bengalensis,113.8812,-22.1131
Abudefduf bengalensis,113.96085,-21.91133
Abudefduf bengalensis,113.888,-22.0962
Abudefduf bengalensis,116.46156,-20.60767
Abudefduf bengalensis,115.15882,-21.31644
Abudefduf bengalensis,113.96195,-21.91066
Abudefduf bengalensis,114.8631,-21.57758
Abudefduf bengalensis,113.84614,-22.19955
Abudefduf bengalensis,114.34541,-21.65725
Abudefduf bengalensis,113.8481,-22.2015
Abudefduf bengalensis,116.567,-20.483
Abudefduf bengalensis,113.583333333,-25.9
Abudefduf bengalensis,114.99523,-21.39129
Abudefduf bengalensis,122.417,-16.417
Abudefduf bengalensis,113.85473,-22.19475
Abudefduf bengalensis,153.59716,-28.80183
Abudefduf bengalensis,153.13639,-26.67889
Abudefduf bengalensis,115.0768,-21.5476
Abudefduf bengalensis,116.5366,-20.6212
Abudefduf bengalensis,115.42044,-21.30115
Abudefduf bengalensis,113.8371,-22.2384
Abudefduf bengalensis,122.18333,-17.98333
Abudefduf bengalensis,114.4831,-22.1342
Abudefduf bengalensis,115.1609,-21.3221
Abudefduf bengalensis,113.883,-22.1048
Abudefduf bengalensis,113.833,-22.2444
Abudefduf bengalensis,114.1556,-22.2956
Abudefduf bengalensis,115.46586,-20.45141
Abudefduf bengalensis,113.83866,-22.2315
Abudefduf bengalensis,114.87977,-21.49184
Abudefduf bengalensis,123.35305,-15.71111
Abudefduf bengalensis,115,-32
Abudefduf bengalensis,118.2925,-19.835
Abudefduf bengalensis,118.65,-19.76667
Abudefduf bengalensis,113.83345,-22.24285
Abudefduf bengalensis,115.1957,-21.5191
Abudefduf bengalensis,114.6829,-21.6349
Abudefduf bengalensis,116.5358,-20.5411
Abudefduf bengalensis,113.8383,-22.2367
Abudefduf bengalensis,115.49133,-20.41599
Abudefduf bengalensis,113.9631,-21.9133
Abudefduf bengalensis,118.175,-19.88166
Abudefduf bengalensis,114.1877,-22.303
Abudefduf bengalensis,115.076,-21.5495
Abudefduf bengalensis,114.7623,-21.5311
Abudefduf bengalensis,116.5342,-20.532
Abudefduf bengalensis,114.62079,-21.58948
Abudefduf bengalensis,153.11667,-27.21667
Abudefduf bengalensis,117.2,-17.96667
Abudefduf bengalensis,114.33823,-21.66335
Abudefduf bengalensis,115.16667,-21.31667
Abudefduf bengalensis,115.1187,-21.5292
Abudefduf bengalensis,114.2074,-22.3568
Abudefduf bengalensis,153.58249,-28.258
Abudefduf bengalensis,113.8,-22.35
Abudefduf bengalensis,114.18002,-21.84729
Abudefduf bengalensis,116.55278,-20.53333
Abudefduf bengalensis,114.1906,-22.4225
Abudefduf bengalensis,113.8879,-22.096
Abudefduf bengalensis,118.2275,-19.95833
Abudefduf bengalensis,116.5875,-20.5019
Abudefduf bengalensis,114.65,-21.83333
Abudefduf bengalensis,123.3,-16.05
Abudefduf bengalensis,116.81667,-20.43333
Abudefduf bengalensis,113.87812,-22.10791
Abudefduf bengalensis,153.5505,-28.53749
Abudefduf bengalensis,153.36667,-27.13333
Abudefduf bengalensis,114.1796,-21.8524
Abudefduf bengalensis,115.0368,-21.4532
Abudefduf bengalensis,114.39768,-21.62155
Abudefduf bengalensis,151.25,-33.833
Abudefduf bengalensis,113.9648,-21.9102
Abudefduf bengalensis,117.8625,-20.16583
Abudefduf bengalensis,115.2034,-21.5186
Abudefduf bengalensis,116.4795,-20.585
Abudefduf bengalensis,115.65238,-21.09178
Abudefduf bengalensis,113.95454,-21.90166
Abudefduf bengalensis,113.9653,-21.9104
Abudefduf bengalensis,153.25,-27.25
Abudefduf bengalensis,114.51667,-22.1
Abudefduf bengalensis,153.606,-28.82266
Abudefduf bengalensis,115.40136,-21.34782
Abudefduf bengalensis,113.83311,-22.24318
Abudefduf bengalensis,116.53333,-20.46667
Abudefduf bengalensis,113.84786,-22.20086
Abudefduf bengalensis,114.30701,-21.69183
Abudefduf bengalensis,117.85833,-20.20583
Abudefduf bengalensis,113.85265,-22.19662
Abudefduf bengalensis,118.71917,-19.7075
Abudefduf bengalensis,114,-22
Abudefduf bengalensis,114.1759,-21.8425
Abudefduf bengalensis,113.9668,-21.9086
Abudefduf bengalensis,153.333333333,-29.8333333333
Abudefduf bengalensis,117.20834,-20.175
Abudefduf bengalensis,114.41884,-21.69464
Abudefduf bengalensis,123.18333,-16.43333
Abudefduf bengalensis,114.61554,-21.67582
Abudefduf bengalensis,114.15,-21.866
Abudefduf bengalensis,116.61667,-20.46667
Abudefduf bengalensis,113.8804,-22.1101
Abudefduf bengalensis,122.08333,-16.85
Abudefduf bengalensis,113.965,-21.9116
Abudefduf bengalensis,122.917,-16.417
Abudefduf bengalensis,118.18583,-19.92333
Abudefduf bengalensis,113.5351058,-25.9283249
Abudefduf bengalensis,117.30917,-20.32583
Abudefduf bengalensis,113.89005,-22.09514
Abudefduf bengalensis,122.15,-17.35
Abudefduf bengalensis,113.84336,-22.1997
Abudefduf bengalensis,118.2075,-19.91
Abudefduf bengalensis,113.89005,-22.09366
Abudefduf bengalensis,114.25,-22.08333
Abudefduf bengalensis,113.83843,-22.23203
Abudefduf bengalensis,116.6,-20.46667
Abudefduf bengalensis,113.666,-24.883
Abudefduf bengalensis,116.556,-20.5697
Abudefduf bengalensis,117.74917,-19.97916
Abudefduf bengalensis,114.28333,-21.7
Abudefduf bengalensis,114.1373,-21.9804
Abudefduf bengalensis,113.53506795,-25.92837554
Abudefduf bengalensis,116.8,-20.46667
Abudefduf bengalensis,113.9587,-21.90529
Abudefduf bengalensis,118.16084,-20.02583
Abudefduf bengalensis,115.37656,-21.38377
Abudefduf bengalensis,113.8827,-22.11558
Abudefduf bengalensis,113.85298,-22.19452
Abudefduf bengalensis,114.1606,-22.2973
Abudefduf bengalensis,153.41666,-27.43333
Abudefduf bengalensis,123.31666,-16.31666
Abudefduf bengalensis,122.13333,-17.5
Abudefduf bengalensis,113.96908,-21.90825
Abudefduf bengalensis,115.57198,-20.54322
Abudefduf bengalensis,122.23333,-17.96667
Abudefduf bengalensis,113.84778,-22.20131
Abudefduf bengalensis,116.5665,-20.5744
Abudefduf bengalensis,113.84588,-22.20222
Abudefduf bengalensis,117.76917,-20.25
Abudefduf bengalensis,123.45,-16.08333
Abudefduf bengalensis,113.85289,-22.19506
Abudefduf bengalensis,117.35084,-20.23666
Abudefduf bengalensis,113.84313,-22.20024
Abudefduf bengalensis,116.6765,-20.50133
Abudefduf bengalensis,113.66667,-24.88333
Abudefduf bengalensis,113.8329,-22.2437
Abudefduf bengalensis,116.5425,-20.5406
Abudefduf bengalensis,115.49168,-20.40098
Abudefduf bengalensis,113.9673,-21.9106
Abudefduf bengalensis,113.88435,-22.11029
Abudefduf bengalensis,117.10834,-20.21833
Abudefduf bengalensis,114.42,-22.0667
Abudefduf bengalensis,115.54465,-20.3517
Abudefduf bengalensis,115.57713,-20.59954
Abudefduf bengalensis,118.21667,-19.82166
Abudefduf bengalensis,113.83387,-22.24453
Abudefduf bengalensis,118.34667,-19.69
Abudefduf bengalensis,113.89014,-22.09463
Abudefduf bengalensis,153.333328247,-29.8333339691
Abudefduf bengalensis,153.58282,-28.258
Abudefduf bengalensis,153.43333,-27.4
Abudefduf bengalensis,114.94671,-21.41839
Abudefduf bengalensis,153.133,-26.8
Abudefduf bengalensis,117.9625,-20.05666
Abudefduf bengalensis,113.85477,-22.19423
Abudefduf bengalensis,117.935,-20.07833
Abudefduf bengalensis,113.96761,-21.90992
Abudefduf bengalensis,114.13,-21.8729
Abudefduf bengalensis,114.51666,-22.1
Abudefduf bengalensis,116.60806,-20.50194
Abudefduf bengalensis,113.84978,-22.20634
Abudefduf bengalensis,123.33333,-16.15
Abudefduf bengalensis,114.1842,-22.3337
Abudefduf bengalensis,115.7642,-21.06225
Abudefduf bengalensis,153.55,-28.16667
Abudefduf bengalensis,113.88997,-22.09509
Abudefduf bengalensis,153.54983,-28.16916
Abudefduf bengalensis,113.88989,-22.09397
Abudefduf bengalensis,113.535097,-25.92835727
Abudefduf bengalensis,116.5612,-20.5727
Abudefduf bengalensis,153.1,-27.26667
Abudefduf bengalensis,153.15,-26.8
Abudefduf bengalensis,113.638598575259,-25.9522459340334
Abudefduf bengalensis,113.583335876,-25.8999996185
Abudefduf bengalensis,153.36667,-27.08333
Abudefduf bengalensis,118.58833,-19.76583
Abudefduf bengalensis,115.5,-20.5
Abudefduf bengalensis,116.83333,-20.4
Abudefduf bengalensis,113.9688,-21.9096
