species,decimalLongitude,decimalLatitude
Abudefduf taurus,-64.611076355,17.7872200012
Abudefduf taurus,-81.6999969482,12.5100002289
Abudefduf taurus,-59,13
Abudefduf taurus,-71.9791564941,12.0203027725
Abudefduf taurus,-74.494507,20.351609
Abudefduf taurus,-81.711635,7.59388
Abudefduf taurus,-79.9674999872843,9.366666666666672
Abudefduf taurus,-79.9483333587646,9.35805555979411
Abudefduf taurus,-77,26.5667
Abudefduf taurus,-64.6633682251,18.3344402313
Abudefduf taurus,-67.26688,18.35072
Abudefduf taurus,-81.89,12.08
Abudefduf taurus,-109.95,24
Abudefduf taurus,-65.63689,18.38606
Abudefduf taurus,-82.880196,24.628528
Abudefduf taurus,-64.615,17.7858
Abudefduf taurus,-83.0100021362,10
Abudefduf taurus,5.617000103,-1.39999997616
Abudefduf taurus,-79.9638888676961,9.370555559794107
Abudefduf taurus,-25.317045,16.94394
Abudefduf taurus,-79.68333,9.596666
Abudefduf taurus,-64.6929702759,18.3433589935
Abudefduf taurus,-61.2,13.25
Abudefduf taurus,-83.0100021362,9.98999977112
Abudefduf taurus,-97.3691329956,27.3733863831
Abudefduf taurus,-64.6184692383,17.7890892029
Abudefduf taurus,-79.8736111323039,9.40416666666667
Abudefduf taurus,-65.33055,18.31629
Abudefduf taurus,-77.3587222,8.6621388
Abudefduf taurus,-92.6140518188,29.0193500519
Abudefduf taurus,-74.2211837769,11.2447366714
Abudefduf taurus,-87.9202074056662,17.1356694189347
Abudefduf taurus,-59.5980567932,13.3194446564
Abudefduf taurus,-77.45449,25.07761
Abudefduf taurus,-81.6956166,12.5551833
Abudefduf taurus,-64.6150283813,17.785779953
Abudefduf taurus,-65.26908,18.29649
Abudefduf taurus,-81.405056,13.362722
Abudefduf taurus,-68.214,10.883
Abudefduf taurus,-68.9588888804118,12.1216666698456
Abudefduf taurus,-87.8837127686,21.5704536438
Abudefduf taurus,-81.6800003052,12.6000003815
Abudefduf taurus,-69.0638888875643,12.3100000063578
Abudefduf taurus,-106.5,21.4167
Abudefduf taurus,-59.5980555556,13.3194444444
Abudefduf taurus,-83.0599975586,10.0100002289
Abudefduf taurus,-97.6327133179,22.3360748291
Abudefduf taurus,-81.07524,25.3165
Abudefduf taurus,-82.887260437,23.0251464844
Abudefduf taurus,-68.239,10.827
Abudefduf taurus,-82.3406906128,24.7805652618
Abudefduf taurus,-17.433333333333334,14.666666666666666
Abudefduf taurus,-86.5596389771,30.4191112518
Abudefduf taurus,-66.5,11.83
Abudefduf taurus,-60.7888888889,11.2138888889
Abudefduf taurus,-83.2079162598,27.3017368317
Abudefduf taurus,-81.8613861,12.1958278
Abudefduf taurus,-97.0777359009,27.280796051
Abudefduf taurus,-109.917,22.9167
Abudefduf taurus,-88.3442077637,22.3022727966
Abudefduf taurus,-64.6115722656,17.7878093719
Abudefduf taurus,-59.6447222222,13.2608333333
Abudefduf taurus,-79.5347,8.91667
Abudefduf taurus,-60.5494422913,11.3255558014
Abudefduf taurus,-79.6738889058431,9.54861113230387
Abudefduf taurus,-75.7683410645,10.0929498672
Abudefduf taurus,-93.0898971558,29.7485084534
Abudefduf taurus,-81.84351,12.16524
Abudefduf taurus,-68.244,10.974
Abudefduf taurus,-74.1922222296397,11
Abudefduf taurus,-97.7937316895,22.279958725
Abudefduf taurus,-82.6907272339,27.4702758789
Abudefduf taurus,-66.6589,11.934
Abudefduf taurus,-61,14.05
Abudefduf taurus,-65.34982,18.31134
Abudefduf taurus,-64.6247,17.79
Abudefduf taurus,-65.3757,18.32659
Abudefduf taurus,-75.7936096191,9.42694473267
Abudefduf taurus,-25.343782,17.022951
Abudefduf taurus,-77.3000030518,3.94444394112
Abudefduf taurus,-59.6447219849,13.2608337402
Abudefduf taurus,-109.9,22.883333
Abudefduf taurus,-68.9705555597941,12.1141666650772
Abudefduf taurus,-82.75,9.65999984741
Abudefduf taurus,-67.978,10.508
Abudefduf taurus,-77.4544906616,25.0776100159
Abudefduf taurus,60.7888870239,11.213889122
Abudefduf taurus,-83.0500030518,10.0100002289
Abudefduf taurus,-80.2583312988,14.3000001907
Abudefduf taurus,-60.9666671753,14.0638885498
Abudefduf taurus,-68.248,10.82
Abudefduf taurus,-64.6247711182,17.7901000977
Abudefduf taurus,-81.3701,13.3821
Abudefduf taurus,-86.6693878174,30.2504348755
Abudefduf taurus,-83.0299987793,10.0100002289
Abudefduf taurus,-59.5388888889,13.2166666667
Abudefduf taurus,-60.9666666667,14.0638888889
Abudefduf taurus,12.3999996185,-15.7600002289
Abudefduf taurus,11.3999996185,-4.18300008774
Abudefduf taurus,-94.021156311,18.3952617645
Abudefduf taurus,-106.7,21.75
Abudefduf taurus,-94.1317977905,18.211057663
