species,decimalLongitude,decimalLatitude
Abudefduf sordidus,113.87730417,-22.13186648
Abudefduf sordidus,118.00167,-20.0275
Abudefduf sordidus,113.83941818,-22.23723118
Abudefduf sordidus,114.06873276,-21.82918624
Abudefduf sordidus,153.283,-29.816
Abudefduf sordidus,115.58333,-20.43333
Abudefduf sordidus,113.41667,-24.48333
Abudefduf sordidus,116.53333,-20.48333
Abudefduf sordidus,153.55,-27.43333
Abudefduf sordidus,113.638598575259,-25.9522459340334
Abudefduf sordidus,114.174572,-21.8295877
Abudefduf sordidus,149.924,-36.8942
Abudefduf sordidus,152.916,-31.45
Abudefduf sordidus,114.2,-27.7
Abudefduf sordidus,116.567,-20.483
Abudefduf sordidus,153.61882,-28.7075
Abudefduf sordidus,113.8,-22.35
Abudefduf sordidus,149.98971,-36.69563
Abudefduf sordidus,113.94532745,-21.96216403
Abudefduf sordidus,114.16667,-21.78333
Abudefduf sordidus,105.66667,-10.5
Abudefduf sordidus,153.59716,-28.80183
Abudefduf sordidus,153.57632,-28.3615
Abudefduf sordidus,153.2,-30.066
Abudefduf sordidus,151.283,-33.916
Abudefduf sordidus,115.61667,-20.43333
Abudefduf sordidus,153.55116,-28.16899
Abudefduf sordidus,113.16667,-26.13333
Abudefduf sordidus,151.1,-34.083
Abudefduf sordidus,115.41667,-20.75
Abudefduf sordidus,114.66667,-21.6
Abudefduf sordidus,153.13639,-26.67889
Abudefduf sordidus,113.86667,-22.2
Abudefduf sordidus,115.56667,-20.4
Abudefduf sordidus,153.016666667,-30.7333333333
Abudefduf sordidus,116.58333,-20.48333
Abudefduf sordidus,152.466,-32.383
Abudefduf sordidus,153.56666,-28.2
Abudefduf sordidus,153.3,-29.816
Abudefduf sordidus,114.33333,-21.65
Abudefduf sordidus,151,-34
Abudefduf sordidus,153.016662598,-30.7333335876
Abudefduf sordidus,105.7,-10.46667
