species,decimalLongitude,decimalLatitude
Abudefduf sparoides,46.2066688538,-9.39166736603
Abudefduf sparoides,32.9166984558,-26
Abudefduf sparoides,29.15,-31.983334
Abudefduf sparoides,38.9169998169,-6.43300008774
Abudefduf sparoides,46.999267,-25.0495
Abudefduf sparoides,63.494167,-19.683056
Abudefduf sparoides,63.4202766418,-19.6783332825
Abudefduf sparoides,57.575001,-20.508333
Abudefduf sparoides,42.5,-20
Abudefduf sparoides,63.4575,-19.661944
Abudefduf sparoides,43.6527777778,-12.4052777778
Abudefduf sparoides,32.866665,-26.883333
Abudefduf sparoides,55,-20
Abudefduf sparoides,39.25,-6.66667
Abudefduf sparoides,46.333332,-9.433333
Abudefduf sparoides,57.5750007629,-20.5083332062
Abudefduf sparoides,40.116665,-3.2
Abudefduf sparoides,37.90620041,-0.023559101
Abudefduf sparoides,57.5,-20.166666
Abudefduf sparoides,45.225,-12.9433333333
Abudefduf sparoides,32.739,-27.487
Abudefduf sparoides,40.36666667,-22.36666667
Abudefduf sparoides,40.583332,-13
Abudefduf sparoides,57.583332,-20.299999
Abudefduf sparoides,40.650002,-10.683333
Abudefduf sparoides,44.1666679382,-12.6916666031
Abudefduf sparoides,46.2133331299,-9.38833332062
Abudefduf sparoides,55.53,-21.26
Abudefduf sparoides,55.230556488,-20.615278244
Abudefduf sparoides,48.3816680908,-13.4361114502
Abudefduf sparoides,30.175,-31.110833
Abudefduf sparoides,46.2066688538,-9.39833259583
Abudefduf sparoides,39.6791687012,-4.08666706085
Abudefduf sparoides,47,-25.1830005646
Abudefduf sparoides,59.5,-16.6000003815
Abudefduf sparoides,31.233334,-29.5
Abudefduf sparoides,46.3493133811656,-9.42222923790892
Abudefduf sparoides,45.2949981689,-12.8066673279
Abudefduf sparoides,40.616665,-12.333333
Abudefduf sparoides,49.283000946,-12.3170003891
Abudefduf sparoides,63.420277,-19.678333
Abudefduf sparoides,50.9402770996,-14.723610878
Abudefduf sparoides,29.266666,-31.883333
Abudefduf sparoides,43.7083320618,-12.3902778625
Abudefduf sparoides,43.7083333333,-12.3902777778
Abudefduf sparoides,40.742222,-15.031667
Abudefduf sparoides,49.5,-17.666666
Abudefduf sparoides,48.2638888889,-13.2833333333
Abudefduf sparoides,43.516998291,-23.3330001831
Abudefduf sparoides,32.599998,-26.033333
Abudefduf sparoides,43.261424,-11.655118
Abudefduf sparoides,29.13094,-32.01128
Abudefduf sparoides,44.1666666667,-12.6916666667
Abudefduf sparoides,32.766666,-27.266666
Abudefduf sparoides,63.433334,-19.666668
Abudefduf sparoides,57.333332,-20.416666
Abudefduf sparoides,39.783333,-7.85
Abudefduf sparoides,55.230556,-20.615278
Abudefduf sparoides,46.9956,-25.027517
Abudefduf sparoides,39.3333,-6.86667
Abudefduf sparoides,35.5,-21.666666
Abudefduf sparoides,57.766666,-20.266666
Abudefduf sparoides,43.6527786255,-12.4052772522
Abudefduf sparoides,45.2249984741,-12.9433336258
Abudefduf sparoides,48.2249984741,-13.404999733
Abudefduf sparoides,40.566666,-12
