species,decimalLongitude,decimalLatitude
Abudefduf abdominalis,-158.317,21.3833
Abudefduf abdominalis,-173.970567,25.953783
Abudefduf abdominalis,-177.386133,28.26925
Abudefduf abdominalis,-175.852052,27.94957
Abudefduf abdominalis,-171.72905,25.7874
Abudefduf abdominalis,-175.817198,27.956412
Abudefduf abdominalis,-175.722687,27.905687
Abudefduf abdominalis,-171.7228833,25.7718
Abudefduf abdominalis,-177.31885020000001,28.20225609
Abudefduf abdominalis,-170.5985667,25.43831667
Abudefduf abdominalis,-175.801172,27.962813
Abudefduf abdominalis,-155.5312334,19.10352711
Abudefduf abdominalis,-177.41535,28.2301
Abudefduf abdominalis,-174.007356,26.075788
Abudefduf abdominalis,-175.74858,27.838953
Abudefduf abdominalis,-173.8503069,25.99620321
Abudefduf abdominalis,-157.843758,21.277561
Abudefduf abdominalis,-157.7725,21.5025
Abudefduf abdominalis,-170.643217,25.471117
Abudefduf abdominalis,-175.8929431,27.91293207
Abudefduf abdominalis,-156.550059,20.783025
Abudefduf abdominalis,-156.8136992,20.84040161
Abudefduf abdominalis,-177.36711,28.19773
Abudefduf abdominalis,-178.344583,28.418667
Abudefduf abdominalis,-156.200616,20.897916
Abudefduf abdominalis,-174.0154833,26.04943333
Abudefduf abdominalis,-174.016967,25.970492
Abudefduf abdominalis,-156.875757,20.742582
Abudefduf abdominalis,-156.6030698,21.03291926
Abudefduf abdominalis,-177.3663111,28.19762969
Abudefduf abdominalis,-175.955817,27.7908
Abudefduf abdominalis,-174.0047,26.0453
Abudefduf abdominalis,-173.925495,26.0794314
Abudefduf abdominalis,-173.8775695,26.00608271
Abudefduf abdominalis,-177.4155833,28.22825
Abudefduf abdominalis,-177.399533,28.190333
Abudefduf abdominalis,-160.214405,21.919574
Abudefduf abdominalis,-177.344067,28.2179
Abudefduf abdominalis,-173.9629,25.96925
Abudefduf abdominalis,-177.397152,28.270598
Abudefduf abdominalis,-177.3183689,28.23955203
Abudefduf abdominalis,-174.009467,26.041683
Abudefduf abdominalis,-177.3139267,28.22283844
Abudefduf abdominalis,-178.3084333,28.45275
Abudefduf abdominalis,-156.932433,21.16975
Abudefduf abdominalis,-175.881494,27.925594
Abudefduf abdominalis,-177.3124,28.21308333
Abudefduf abdominalis,-175.8501,27.949167
Abudefduf abdominalis,-175.96251,27.86913
Abudefduf abdominalis,-173.9352,26.07808
Abudefduf abdominalis,-175.795127,27.784218
Abudefduf abdominalis,-175.912183,27.85035
Abudefduf abdominalis,-156.7352138,21.16966112
Abudefduf abdominalis,-177.3972333,28.2248
Abudefduf abdominalis,-175.774598,27.963428
Abudefduf abdominalis,-174.017123,26.029692
Abudefduf abdominalis,-177.375017,28.196367
Abudefduf abdominalis,-173.94363,25.93759
Abudefduf abdominalis,-177.4188763,28.22622011
Abudefduf abdominalis,-175.818262,27.959301
Abudefduf abdominalis,-173.974585,26.097267
Abudefduf abdominalis,-173.8803328,25.94365002
Abudefduf abdominalis,-155.439217,20.09175
Abudefduf abdominalis,-160.2349154,21.88420421
Abudefduf abdominalis,-155.465917,20.1031
Abudefduf abdominalis,-177.401817,28.193667
Abudefduf abdominalis,-173.99445,25.986917
Abudefduf abdominalis,-177.4017833,28.23658333
Abudefduf abdominalis,-173.964983,25.944317
Abudefduf abdominalis,-173.9527667,26.06816667
Abudefduf abdominalis,-168.066665649,24.86668396
Abudefduf abdominalis,-175.9709,27.75831
Abudefduf abdominalis,-175.803433,27.78045
Abudefduf abdominalis,-166.326973,23.846884
Abudefduf abdominalis,-178.351504,28.44896
Abudefduf abdominalis,-173.8889167,26.0262
Abudefduf abdominalis,-175.962127,27.848667
Abudefduf abdominalis,-173.877428,25.975134
Abudefduf abdominalis,-175.86175,27.940767
Abudefduf abdominalis,-174.0304252,25.98609723
Abudefduf abdominalis,-177.425067,28.215133
Abudefduf abdominalis,-156.9460969,21.18590928
Abudefduf abdominalis,-175.973484,27.775752
Abudefduf abdominalis,-158.2324244,21.49505046
Abudefduf abdominalis,-160.20821,21.903631
Abudefduf abdominalis,-177.3137167,28.22661667
Abudefduf abdominalis,-175.8174747,27.95736018
Abudefduf abdominalis,-173.900878,26.04096
Abudefduf abdominalis,-178.3570667,28.38918333
Abudefduf abdominalis,-176.4718813,0.18710394
Abudefduf abdominalis,-174.012433,26.039467
Abudefduf abdominalis,-154.945774,19.614773
Abudefduf abdominalis,-166.261733,23.769283
Abudefduf abdominalis,-156.8728603,20.90102607
Abudefduf abdominalis,-175.783718,27.963134
Abudefduf abdominalis,-174.0341667,26.03086667
Abudefduf abdominalis,-177.415,28.23632
Abudefduf abdominalis,-173.99925,26.08276
Abudefduf abdominalis,-175.861583,27.919583
Abudefduf abdominalis,-177.313123,28.208453
Abudefduf abdominalis,-175.797835,27.961771
Abudefduf abdominalis,-177.4031667,28.25505
Abudefduf abdominalis,-156.5269,20.9869
Abudefduf abdominalis,-174.01738,26.06094
Abudefduf abdominalis,-177.40317,28.25002
Abudefduf abdominalis,-175.84157,27.953356
Abudefduf abdominalis,-177.38486,28.27079
Abudefduf abdominalis,-178.315762,28.385931
Abudefduf abdominalis,-175.896539,27.891119
Abudefduf abdominalis,-170.6369833,25.47766667
Abudefduf abdominalis,-170.6143667,25.32351667
Abudefduf abdominalis,-174.0093775,26.03164391
Abudefduf abdominalis,-174.010578,26.073421
Abudefduf abdominalis,-157.8645416,21.29066211
Abudefduf abdominalis,-173.92267,25.95654
Abudefduf abdominalis,-170.583733,25.41695
Abudefduf abdominalis,-173.910394,26.001085
Abudefduf abdominalis,-155.8828862,19.939099
Abudefduf abdominalis,-173.9559259,26.00335917
Abudefduf abdominalis,-175.932783,27.881133
Abudefduf abdominalis,-173.9039747,26.05233723
Abudefduf abdominalis,-156.9372327,20.73600585
Abudefduf abdominalis,-175.984095,27.77572
Abudefduf abdominalis,-175.896292,27.892211
Abudefduf abdominalis,-157.862,21.2899
Abudefduf abdominalis,-175.877581,27.786906
Abudefduf abdominalis,-164.706417,23.578217
Abudefduf abdominalis,-175.86155,27.9404667
Abudefduf abdominalis,-174.0047616,26.02889741
Abudefduf abdominalis,-173.927336,26.0578734
Abudefduf abdominalis,-173.9353749,26.08646943
Abudefduf abdominalis,-158.245,21.546
Abudefduf abdominalis,-157.72,21.4711
Abudefduf abdominalis,-169.681057,-14.175809
Abudefduf abdominalis,-175.835115,27.954912
Abudefduf abdominalis,-177.41555,28.22725
Abudefduf abdominalis,-155.081361,19.853316
Abudefduf abdominalis,-178.371417,28.42035
Abudefduf abdominalis,-156.613903,20.801437
Abudefduf abdominalis,-175.888559,27.778811
Abudefduf abdominalis,-177.4243182,28.21738383
Abudefduf abdominalis,-175.905267,27.905695
Abudefduf abdominalis,-177.424462,28.204467
Abudefduf abdominalis,-170.501283,25.368367
Abudefduf abdominalis,-155.08925,19.78915
Abudefduf abdominalis,-170.528333,25.344033
Abudefduf abdominalis,-177.4196833,28.24516667
Abudefduf abdominalis,-175.815879,27.957091
Abudefduf abdominalis,-175.760717,27.810467
Abudefduf abdominalis,-173.9396725,26.08100058
Abudefduf abdominalis,-178.3588074,28.38883541
Abudefduf abdominalis,-156.6978211,20.92325873
Abudefduf abdominalis,-177.31485,28.22966
Abudefduf abdominalis,-177.410622,28.196813
Abudefduf abdominalis,-170.550272,25.37778
Abudefduf abdominalis,-170.610367,25.402917
Abudefduf abdominalis,-110.792778,19.3288
Abudefduf abdominalis,-156.993631,20.829877
Abudefduf abdominalis,-175.771931,27.7911871
Abudefduf abdominalis,-157.697477,21.260833
Abudefduf abdominalis,-155.8947,20.2401
Abudefduf abdominalis,-159.2847423,22.13601225
Abudefduf abdominalis,-175.7411513,27.85297304
Abudefduf abdominalis,-174.028353,26.025678
Abudefduf abdominalis,-175.8617333,27.9197667
Abudefduf abdominalis,-177.41753,28.2284
Abudefduf abdominalis,-173.8788788,26.03325952
Abudefduf abdominalis,-175.730033,27.879917
Abudefduf abdominalis,-156.217709,20.915689
Abudefduf abdominalis,-171.7431877,25.76568771
Abudefduf abdominalis,-173.9468795,25.93626782
Abudefduf abdominalis,-157.659783,21.326967
Abudefduf abdominalis,-173.8940607,26.06496189
Abudefduf abdominalis,-171.715379,25.781153
Abudefduf abdominalis,-175.9092794,27.90138901
Abudefduf abdominalis,-177.391972,28.259637
Abudefduf abdominalis,-174.049637,26.059457
Abudefduf abdominalis,-177.41779,28.22615
Abudefduf abdominalis,-157.700333,21.391983
Abudefduf abdominalis,-160.183392,21.92818
Abudefduf abdominalis,-177.364184,28.281132
Abudefduf abdominalis,-177.391885,28.191505
Abudefduf abdominalis,-178.3433167,28.38676667
Abudefduf abdominalis,-177.366117,28.27735
Abudefduf abdominalis,-156.682558,20.971893
Abudefduf abdominalis,-177.41057,28.23561
Abudefduf abdominalis,-173.9528635,26.05253228
Abudefduf abdominalis,-177.4134396,28.25765326
Abudefduf abdominalis,-157.865711,21.291426
Abudefduf abdominalis,-158.35,21.4833
Abudefduf abdominalis,-173.8924299,26.03114912
Abudefduf abdominalis,-158.1255859,21.3304355
Abudefduf abdominalis,-173.953907,26.069101
Abudefduf abdominalis,-157.829,21.24807
Abudefduf abdominalis,-156.9479494,21.1887737
Abudefduf abdominalis,-173.996696,25.977144
Abudefduf abdominalis,-173.863164,26.002427
Abudefduf abdominalis,-171.7161295,25.77301358
Abudefduf abdominalis,-155.949476,19.484837
Abudefduf abdominalis,-177.325786,28.202655
Abudefduf abdominalis,-166.297267,23.84955
Abudefduf abdominalis,-157.832291,21.277121
Abudefduf abdominalis,-157.6767453,21.33735484
Abudefduf abdominalis,-156.93724,20.734585
Abudefduf abdominalis,-156.607764,20.803211
Abudefduf abdominalis,-174.0150255,25.98906702
Abudefduf abdominalis,-156.945537,21.180178
Abudefduf abdominalis,-174.0126326,26.01535887
Abudefduf abdominalis,-160,22
Abudefduf abdominalis,-174.001707,26.065898
Abudefduf abdominalis,-155.0896,19.808717
Abudefduf abdominalis,-175.8969074,27.91125803
Abudefduf abdominalis,-158.188188,21.423606
Abudefduf abdominalis,-156.9356569,21.17068741
Abudefduf abdominalis,-173.993454,26.084197
Abudefduf abdominalis,-173.906437,26.079741
Abudefduf abdominalis,-173.88475,26.06668
Abudefduf abdominalis,-157.66,21.311
Abudefduf abdominalis,-177.3199541,28.20513954
Abudefduf abdominalis,-155.9098846,19.17447103
Abudefduf abdominalis,-173.980982,25.976147
Abudefduf abdominalis,-173.9199,26.056283
Abudefduf abdominalis,-177.40323,28.26826
Abudefduf abdominalis,-155.825602,20.01060066
Abudefduf abdominalis,-156.074853,20.824815
Abudefduf abdominalis,-173.9705902,25.94523344
Abudefduf abdominalis,-156.9472237,21.18218386
Abudefduf abdominalis,-173.92225,26.0757
Abudefduf abdominalis,-174.0342667,26.03063333
Abudefduf abdominalis,-174.0207721,25.97857917
Abudefduf abdominalis,-156.155274,20.624016
Abudefduf abdominalis,-171.71536,25.78361
Abudefduf abdominalis,-156.740678,21.176712
Abudefduf abdominalis,-170.503157,25.409976
Abudefduf abdominalis,-177.4142788,28.24458662
Abudefduf abdominalis,-159.351208,21.935684
Abudefduf abdominalis,-155.8994194,19.25695055
Abudefduf abdominalis,-170.5423,25.3731
Abudefduf abdominalis,-177.4258833,28.2139833
Abudefduf abdominalis,-173.992215,26.06982
Abudefduf abdominalis,-178.3357237,28.38486146
Abudefduf abdominalis,-156.4976365,20.79586177
Abudefduf abdominalis,-174.0103305,26.02071583
Abudefduf abdominalis,-175.92062,27.892466
Abudefduf abdominalis,-157.755277,21.26953
Abudefduf abdominalis,-174.0123502,25.96691323
Abudefduf abdominalis,-177.39938,28.24382
Abudefduf abdominalis,-158.278362,21.572206
Abudefduf abdominalis,-159.7313241,22.14039146
Abudefduf abdominalis,-177.4152,28.1984
Abudefduf abdominalis,-171.7450826,25.77196324
Abudefduf abdominalis,-173.994384,26.097259
Abudefduf abdominalis,-158.232438,21.537065
Abudefduf abdominalis,-178.366167,28.43205
Abudefduf abdominalis,-174.0183129,26.00404029
Abudefduf abdominalis,-174.021343,25.995879
Abudefduf abdominalis,-156.5395724,20.99273055
Abudefduf abdominalis,-175.8725244,27.9004639
Abudefduf abdominalis,-156.76109400000001,21.086605
Abudefduf abdominalis,-173.8746447,26.02250386
Abudefduf abdominalis,-173.9722618,25.98080574
Abudefduf abdominalis,-156.93772,21.173522
Abudefduf abdominalis,-175.9655022,27.75714291
Abudefduf abdominalis,-166.293968,23.876965
Abudefduf abdominalis,-170.6303333,25.42873333
Abudefduf abdominalis,-174.022138,26.04651
Abudefduf abdominalis,-156.874033,21.166
Abudefduf abdominalis,-173.974697,26.072924
Abudefduf abdominalis,-173.915105,26.077636
Abudefduf abdominalis,-173.9493175,26.08692918
Abudefduf abdominalis,-156.03107,19.65136
Abudefduf abdominalis,-152.5,22.5
Abudefduf abdominalis,-170.610769,25.480901
Abudefduf abdominalis,-166.281871,23.876125
Abudefduf abdominalis,-173.99795,26.10006667
Abudefduf abdominalis,-155.507387,19.12663
Abudefduf abdominalis,-155.8998144,19.2123574
Abudefduf abdominalis,-156.689214,20.513914
Abudefduf abdominalis,-160.189643,21.950615
Abudefduf abdominalis,-173.934243,25.927345
Abudefduf abdominalis,-176.4642797,0.19734194
Abudefduf abdominalis,-155.408681,20.078584
Abudefduf abdominalis,-160.2094899,21.90161543
Abudefduf abdominalis,-173.91916,26.07809
Abudefduf abdominalis,-156.9706601,20.74234214
Abudefduf abdominalis,-155.889523,19.916767
Abudefduf abdominalis,-173.8961,26.048342
Abudefduf abdominalis,-160.2109,21.9069
Abudefduf abdominalis,-155.0877632,19.77316163
Abudefduf abdominalis,-156.95079,21.19239
Abudefduf abdominalis,-175.88977,27.91114
Abudefduf abdominalis,-177.3684176,28.28005817
Abudefduf abdominalis,-166.2092328,23.65411288
Abudefduf abdominalis,-173.9592833,26.06340244
Abudefduf abdominalis,-166.269044,23.880939
Abudefduf abdominalis,-160.2503,21.813
Abudefduf abdominalis,-175.969473,27.813413
Abudefduf abdominalis,-175.772155,27.799773
Abudefduf abdominalis,-175.8351727,27.78918249
Abudefduf abdominalis,-166.261483,23.76845
Abudefduf abdominalis,-159.459016,21.87023
Abudefduf abdominalis,-175.776336,27.787321
Abudefduf abdominalis,-173.8791834,26.01544445
Abudefduf abdominalis,-158.13,21.354
Abudefduf abdominalis,-173.9223,25.941
Abudefduf abdominalis,-175.8337022,27.95490604
Abudefduf abdominalis,-175.943305,27.888442
Abudefduf abdominalis,-155.3638895,20.05500748
Abudefduf abdominalis,-155.962008,19.853365
Abudefduf abdominalis,-173.9702318,26.07385325
Abudefduf abdominalis,-175.956607,27.858348
Abudefduf abdominalis,-173.946117,25.946367
Abudefduf abdominalis,-173.8961,26.04834
Abudefduf abdominalis,-173.96637,25.95192
Abudefduf abdominalis,-155.208315,19.974095
Abudefduf abdominalis,-178.3680295,28.42930432
Abudefduf abdominalis,-170.6354167,25.49348333
Abudefduf abdominalis,-178.3634197,28.39618198
Abudefduf abdominalis,-173.9535,25.944517
Abudefduf abdominalis,-177.40639,28.25317
Abudefduf abdominalis,-159.3264,22.047858
Abudefduf abdominalis,-175.796839,27.963392
Abudefduf abdominalis,-156.1787089,20.88027349
Abudefduf abdominalis,-156.887695,20.7340511
Abudefduf abdominalis,-174.0158396,26.0542701
Abudefduf abdominalis,-157.012261,20.852808
Abudefduf abdominalis,-173.9446185,26.08411672
Abudefduf abdominalis,-155.075404,19.736516
Abudefduf abdominalis,-156.621091,20.51379
Abudefduf abdominalis,-178.2988021,28.44668596
Abudefduf abdominalis,-156.034566,19.684544
Abudefduf abdominalis,-173.9377833,26.10053333
Abudefduf abdominalis,-157.782582,21.45188
Abudefduf abdominalis,-156.448583,20.7187
Abudefduf abdominalis,-175.961608,27.843651
Abudefduf abdominalis,-173.9194787,26.06642478
Abudefduf abdominalis,-175.9751839,27.81328901
Abudefduf abdominalis,-157.877,21.247
Abudefduf abdominalis,-155.0868,19.8639
Abudefduf abdominalis,-166.230633,23.8061
Abudefduf abdominalis,-173.8908591,26.03651145
Abudefduf abdominalis,-177.39694,28.25513
Abudefduf abdominalis,-178.3495167,28.38591667
Abudefduf abdominalis,-174.009931,26.034861
Abudefduf abdominalis,-177.4045235,28.26608352
Abudefduf abdominalis,-177.3833263,28.19379942
Abudefduf abdominalis,-175.780283,27.785833
Abudefduf abdominalis,-177.4202441,28.24145154
Abudefduf abdominalis,-156.893253,21.167498
Abudefduf abdominalis,-171.743611,25.774167
Abudefduf abdominalis,-175.7608537,27.81172327
Abudefduf abdominalis,-173.912699,26.071467
Abudefduf abdominalis,-156.668186,20.502835
Abudefduf abdominalis,-175.7347192,27.86933871
Abudefduf abdominalis,-166.12284,23.83256
Abudefduf abdominalis,-155.282715,20.020272
Abudefduf abdominalis,-171.745124,25.773024
Abudefduf abdominalis,-178.3344098,28.38469064
Abudefduf abdominalis,-157.800003052,21.5
Abudefduf abdominalis,-156.69807,20.521513
Abudefduf abdominalis,-157.780589,21.470812
Abudefduf abdominalis,-170.61066,25.48315
Abudefduf abdominalis,-175.740858,27.855164
Abudefduf abdominalis,-173.9589,26.08858333
Abudefduf abdominalis,-174.018342,26.052362
Abudefduf abdominalis,-157.193485,21.211608
Abudefduf abdominalis,-175.966383,27.790967
Abudefduf abdominalis,-158.0985458,21.61841389
Abudefduf abdominalis,-175.7313967,27.88181534
Abudefduf abdominalis,-159.4638419,21.87361057
Abudefduf abdominalis,-174.01825,26.01136667
Abudefduf abdominalis,-171.747217,25.777617
Abudefduf abdominalis,-173.887731,26.059989
Abudefduf abdominalis,-156.0159867,20.79850123
Abudefduf abdominalis,-175.84521,27.946548
Abudefduf abdominalis,-171.723608,25.787172
Abudefduf abdominalis,-173.87526,26.02157
Abudefduf abdominalis,-174.0049536,25.98429873
Abudefduf abdominalis,-173.91096,26.0567
Abudefduf abdominalis,-156.604139,20.51488
Abudefduf abdominalis,-176.4743348,0.18751432
Abudefduf abdominalis,-175.998357,27.837944
Abudefduf abdominalis,-159.680822,22.165731
Abudefduf abdominalis,-155.294332,20.022652
Abudefduf abdominalis,-175.833674,27.952142
Abudefduf abdominalis,-173.968485,25.947742
Abudefduf abdominalis,-156.871426,21.039227
Abudefduf abdominalis,-177.409511,28.257127
Abudefduf abdominalis,-175.961783,27.755883
Abudefduf abdominalis,-155.8815182,19.03992992
Abudefduf abdominalis,-173.964516,26.038707
Abudefduf abdominalis,-157.880249,21.592015
Abudefduf abdominalis,-156.59395,21.030633
Abudefduf abdominalis,-177.4070574,28.24814684
Abudefduf abdominalis,-154.988682,19.714348
Abudefduf abdominalis,-156.947342,21.057015
Abudefduf abdominalis,-173.966313,26.072963
Abudefduf abdominalis,-175.879267,27.784334
Abudefduf abdominalis,-158,21
Abudefduf abdominalis,-171.744498,25.775645
Abudefduf abdominalis,-156.883331,21.049999
Abudefduf abdominalis,-174.0082318,25.98828943
Abudefduf abdominalis,-156.968333,20.737667
Abudefduf abdominalis,-171.745792,25.772643
Abudefduf abdominalis,-154.883551,19.558805
Abudefduf abdominalis,-166.292711,23.877309
Abudefduf abdominalis,-173.9556847,26.07504884
Abudefduf abdominalis,-175.74295,27.94986
Abudefduf abdominalis,-158.062,21.651
Abudefduf abdominalis,-159.4054,22.2306
Abudefduf abdominalis,-175.8752455,27.93110101
Abudefduf abdominalis,-173.9231853,26.07116994
Abudefduf abdominalis,-155.764613,20.24141
Abudefduf abdominalis,-156.8784,21.1699
Abudefduf abdominalis,-174.0005833,26.0847
Abudefduf abdominalis,-177.40895,28.26475
Abudefduf abdominalis,-177.383294,28.194471
Abudefduf abdominalis,-175.9563388,27.8582456
Abudefduf abdominalis,-171.092421,-11.054905
Abudefduf abdominalis,-173.9678928,25.97517042
Abudefduf abdominalis,-166.29411,23.87395998
Abudefduf abdominalis,-155.393637,20.068805
Abudefduf abdominalis,-170.5880667,25.41768333
Abudefduf abdominalis,-174.01399,26.03936
Abudefduf abdominalis,-173.8918756,26.04736157
Abudefduf abdominalis,-177.386,28.27432
Abudefduf abdominalis,-178.358242,28.440073
Abudefduf abdominalis,-170.620333,25.481667
Abudefduf abdominalis,-171.7192,25.7845
Abudefduf abdominalis,-173.994028,26.004283
Abudefduf abdominalis,-177.403217,28.217667
Abudefduf abdominalis,-174.009769,26.001009
Abudefduf abdominalis,-158.220685,21.465791
Abudefduf abdominalis,-157.3043795,21.12186307
Abudefduf abdominalis,-157.050773,20.914387
Abudefduf abdominalis,-157.105355,21.196658
Abudefduf abdominalis,-170.584267,25.391217
Abudefduf abdominalis,-156.609936,20.590042
Abudefduf abdominalis,-173.96301,26.07145
Abudefduf abdominalis,-177.37593,28.19552
Abudefduf abdominalis,-177.3568852,28.20033688
Abudefduf abdominalis,-173.931441,26.087213
Abudefduf abdominalis,-173.8759265,26.02048474
Abudefduf abdominalis,-170.5866333,25.43925
Abudefduf abdominalis,-178.3614196,28.40150448
Abudefduf abdominalis,-173.9325202,25.94416777
Abudefduf abdominalis,-156.984433,21.205735
Abudefduf abdominalis,-158.224,21.477
Abudefduf abdominalis,-159.7364741,22.12305802
Abudefduf abdominalis,-156.5995799,21.03183305
Abudefduf abdominalis,-173.895658,26.004728
Abudefduf abdominalis,-177.3114487,28.21959313
Abudefduf abdominalis,-156.6905119,20.88291278
Abudefduf abdominalis,-156.649569,20.563207
Abudefduf abdominalis,-155.6884,18.939
Abudefduf abdominalis,-175.8159506,27.95997826
Abudefduf abdominalis,-159.4719202,21.87836646
Abudefduf abdominalis,-170.632422,25.402537
Abudefduf abdominalis,-177.3781847,28.27883408
Abudefduf abdominalis,-170.55707,25.40151
Abudefduf abdominalis,-156.589983,21.03055
Abudefduf abdominalis,-156.224995,20.914341
Abudefduf abdominalis,-173.978858,26.014666
Abudefduf abdominalis,-157.04876,21.080061
Abudefduf abdominalis,-176.46663,0.19607
Abudefduf abdominalis,-154.808004,19.506029
Abudefduf abdominalis,-173.88336,25.95531
Abudefduf abdominalis,-175.970172,27.857474
Abudefduf abdominalis,-178.3579167,28.3907
Abudefduf abdominalis,-173.9862654,26.08821698
Abudefduf abdominalis,-178.3661667,28.43205
Abudefduf abdominalis,-155.175665,19.947887
Abudefduf abdominalis,-174.0282349,26.01263928
Abudefduf abdominalis,-175.7348097,27.86959109
Abudefduf abdominalis,-157.8618,21.27579
Abudefduf abdominalis,-177.37515,28.1965
Abudefduf abdominalis,-156.6971676,20.92632098
Abudefduf abdominalis,-175.98438,27.845156
Abudefduf abdominalis,-155.344223,20.047385
Abudefduf abdominalis,-158.0291538,21.69970376
Abudefduf abdominalis,-177.4223,28.215033
Abudefduf abdominalis,-158.262344,21.563076
Abudefduf abdominalis,-175.730107,27.883704
Abudefduf abdominalis,-177.40427,28.24165
Abudefduf abdominalis,-157.843044,21.570011
Abudefduf abdominalis,-175.9296932,27.78349176
Abudefduf abdominalis,-170.64388,25.4491
Abudefduf abdominalis,-175.976667,27.760971
Abudefduf abdominalis,-175.935476,27.841924
Abudefduf abdominalis,-170.56703,25.37486
Abudefduf abdominalis,-175.941053,27.755772
Abudefduf abdominalis,-175.976716,27.765463
Abudefduf abdominalis,-173.883983,25.944518
Abudefduf abdominalis,-166.0860749,23.80643494
Abudefduf abdominalis,-171.745,25.771667
Abudefduf abdominalis,-155.676217,20.176517
Abudefduf abdominalis,-154.83159,19.534812
Abudefduf abdominalis,-175.802182,27.957989
Abudefduf abdominalis,-175.724983,27.90962
Abudefduf abdominalis,-157.048744,20.868838
Abudefduf abdominalis,-157.696,21.273
Abudefduf abdominalis,-155.523119,20.117904
Abudefduf abdominalis,-175.932755,27.896006
Abudefduf abdominalis,-155.873407,20.090013
Abudefduf abdominalis,-157.033,20.7667
Abudefduf abdominalis,-170.683633,25.461483
Abudefduf abdominalis,-157.803937,21.43626
Abudefduf abdominalis,-173.92238,25.92256
Abudefduf abdominalis,-177.41664,28.23194
Abudefduf abdominalis,-156.814173,21.173213
Abudefduf abdominalis,-158.108277,21.604342
Abudefduf abdominalis,-156.783501,21.177014
Abudefduf abdominalis,-174.0183799,26.03120344
Abudefduf abdominalis,-176.4673172,0.20099033
Abudefduf abdominalis,-156.919045,20.737005
Abudefduf abdominalis,-160.21526,21.781435
Abudefduf abdominalis,-157.934096,21.299906
Abudefduf abdominalis,-157.005594,20.846865
Abudefduf abdominalis,-156.060932,19.725837
Abudefduf abdominalis,-158.064,21.646
Abudefduf abdominalis,-175.77779,27.96286
Abudefduf abdominalis,-174.0264062,26.05743787
Abudefduf abdominalis,-159.626882,21.908902
Abudefduf abdominalis,-175.967342,27.762552
Abudefduf abdominalis,-155.18553,19.955028
Abudefduf abdominalis,-159.586767,21.89735
Abudefduf abdominalis,-170.585875,25.414761
Abudefduf abdominalis,-175.995669,27.79172891
Abudefduf abdominalis,-173.8884739,25.94278635
Abudefduf abdominalis,-173.8859632,25.98250902
Abudefduf abdominalis,-178.3249,28.44286667
Abudefduf abdominalis,-171.71955,25.758133
Abudefduf abdominalis,-157.7012019,21.36064405
Abudefduf abdominalis,-155.2322548,19.98708649
Abudefduf abdominalis,-173.95407,25.94192
Abudefduf abdominalis,-156.4565,20.7248
Abudefduf abdominalis,-173.8890329,26.06832337
Abudefduf abdominalis,-173.88179,26.04231
Abudefduf abdominalis,-169.51148,16.74975
Abudefduf abdominalis,-177.4236833,28.22345
Abudefduf abdominalis,-157.2568479,21.17287751
