species,decimalLongitude,decimalLatitude
Abudefduf troschelii,-89.97502,0.33531
Abudefduf troschelii,-90.3742,-1.25141
Abudefduf troschelii,-90.286766,-0.75412
Abudefduf troschelii,-89.96083,0.34407
Abudefduf troschelii,-91.437,-0.27079
Abudefduf troschelii,127.746,26.3227
Abudefduf troschelii,-90.42328,-1.21718
Abudefduf troschelii,-77.3511734009,6.01393890381
Abudefduf troschelii,-84.850833,9.686111
Abudefduf troschelii,-109.833333333333,22.9
Abudefduf troschelii,-90.3576,-1.2852
Abudefduf troschelii,-90.4195,-1.22564
Abudefduf troschelii,-89.6366,-1.34813
Abudefduf troschelii,-91.3813,-0.3713
Abudefduf troschelii,-91.34984,-0.72589
Abudefduf troschelii,-77.3467,6.0113666
Abudefduf troschelii,-80.83511601,-1.67842104
Abudefduf troschelii,-90.4854,-1.2444
Abudefduf troschelii,-84.4000015259,9.35999965668
Abudefduf troschelii,-91.4311,-0.2739
Abudefduf troschelii,-90.58803,-0.23095
Abudefduf troschelii,-90.55091,-0.29786
Abudefduf troschelii,-81.7848,7.85264
Abudefduf troschelii,-89.65,-1.366667
Abudefduf troschelii,-81.653,7.37418
Abudefduf troschelii,-91.3799,-0.36996
Abudefduf troschelii,-85.5299987793,9.86999988556
Abudefduf troschelii,-90.3581,-1.26277
Abudefduf troschelii,-90.42287,-1.21579
Abudefduf troschelii,-114.728905,18.345758
Abudefduf troschelii,-90.49147,0.2821
Abudefduf troschelii,-89.95016,0.3045
Abudefduf troschelii,-78.1905822754,2.94074988365
Abudefduf troschelii,-78.1905833,2.94075
Abudefduf troschelii,-91.217,-0.00414
Abudefduf troschelii,-90.46817,-1.22964
Abudefduf troschelii,-110.333333333333,24.4166666666667
Abudefduf troschelii,-111.883333333333,26.7666666666667
Abudefduf troschelii,-89.9456,0.31164
Abudefduf troschelii,-78.183333,2.983333
Abudefduf troschelii,-80.786394,-1.939036
Abudefduf troschelii,-90.40129,0.31283
Abudefduf troschelii,-91.33796,-0.32864
Abudefduf troschelii,-90.4971,-1.28928
Abudefduf troschelii,-89.95326,0.31463
Abudefduf troschelii,-85,9
Abudefduf troschelii,-81.7119,7.59386
Abudefduf troschelii,-90.9632,-0.3831
Abudefduf troschelii,-91.35976,-0.30223
Abudefduf troschelii,-110.999291,18.758452
Abudefduf troschelii,-89.6337,-1.3655
Abudefduf troschelii,-89.7379,-1.35867
Abudefduf troschelii,-89.5686,-0.8539
Abudefduf troschelii,-91.435,-0.27205
Abudefduf troschelii,-91.32616,0.1493667
Abudefduf troschelii,-90.50151,0.28602
Abudefduf troschelii,-81.711635,7.59388
Abudefduf troschelii,-110.3,24.1833333333333
Abudefduf troschelii,-91.3378,-0.33099
Abudefduf troschelii,-91.3543,-0.31059
Abudefduf troschelii,-89.7459,-1.36712
Abudefduf troschelii,-85.8099975586,10.9300003052
Abudefduf troschelii,-90.56861,-0.28115
Abudefduf troschelii,-90.0763,-0.7986
Abudefduf troschelii,-89.6682,-1.34421
Abudefduf troschelii,-91.3404,-0.71585
Abudefduf troschelii,-81.626555,7.697882
Abudefduf troschelii,-91.54444,-0.04701
Abudefduf troschelii,-90.9000015259,-0.20000000298
Abudefduf troschelii,-85.808416,10.423167
Abudefduf troschelii,-78.198059082,2.95305562019
Abudefduf troschelii,-44.334,-23.1063
Abudefduf troschelii,-90.819,-0.3345
Abudefduf troschelii,-77.3474666,6.0133333
Abudefduf troschelii,-84.6200027466,9.59000015259
Abudefduf troschelii,-110.383333333333,24.5833333333333
Abudefduf troschelii,-81.06176603,-1.26950101
Abudefduf troschelii,-91.60721,-0.47965
Abudefduf troschelii,-91.32271,-0.69246
Abudefduf troschelii,-81.8009,7.22266
Abudefduf troschelii,-89.6236,-1.37844
Abudefduf troschelii,-78.1780548096,2.95849990845
Abudefduf troschelii,-77.34935,6.01155
Abudefduf troschelii,-89.96983,0.34017
Abudefduf troschelii,-89.9681,0.30678
Abudefduf troschelii,-90.54489,-0.27971
Abudefduf troschelii,-110.916667,25.208333
Abudefduf troschelii,-91.6524,-0.3018
Abudefduf troschelii,-77.3897222,5.6313889
Abudefduf troschelii,-89.64402,-1.33901
Abudefduf troschelii,-91.44458,-0.261942
Abudefduf troschelii,-90.58061,-0.23551
Abudefduf troschelii,-89.701,-1.34495
Abudefduf troschelii,-91.38768,-0.26084
Abudefduf troschelii,-90.4829,-1.23482
Abudefduf troschelii,-78.1780555,2.9585
Abudefduf troschelii,-78.1805801392,2.95624995232
Abudefduf troschelii,-106.464945,23.224552
Abudefduf troschelii,-81.6096,7.68619
Abudefduf troschelii,-91.33129,-0.70053
Abudefduf troschelii,-91.38719,-0.25808
Abudefduf troschelii,-90.4737,-1.23015
Abudefduf troschelii,-91.3591,-0.29752
Abudefduf troschelii,-81.6005,3.9999889
Abudefduf troschelii,-91.2132,-0.0115
Abudefduf troschelii,-79.057869,8.632833
Abudefduf troschelii,-64.8879,18.3114
Abudefduf troschelii,-81.6312,7.68501
Abudefduf troschelii,127.74,26.3556
Abudefduf troschelii,-91.31796,-0.69066
Abudefduf troschelii,-90.3865,-1.23552
Abudefduf troschelii,-91.4368,-0.27111
Abudefduf troschelii,-91.37553,-0.26461
Abudefduf troschelii,-81.7967,7.21142
Abudefduf troschelii,-90.4989,-1.29029
Abudefduf troschelii,-91.8166,1.387
Abudefduf troschelii,-91.8111,1.38318
Abudefduf troschelii,-85.8499984741,10.2899999619
Abudefduf troschelii,-77.3570022583,6
Abudefduf troschelii,-90.83816,-0.85693
Abudefduf troschelii,-80.785597,-1.939725
Abudefduf troschelii,-89.269,-0.69013
Abudefduf troschelii,-112.774499999999,18.8360713724027
Abudefduf troschelii,-91.33129,-0.70266
Abudefduf troschelii,-78.1930847168,2.94041657448
Abudefduf troschelii,-91.20502,-0.01694
Abudefduf troschelii,-75.625,10.2097215652
Abudefduf troschelii,-81.06999597,-1.260844013
Abudefduf troschelii,-89.74138,-1.369063
Abudefduf troschelii,-91.3671,-0.27315
Abudefduf troschelii,-81.8577,7.5441
Abudefduf troschelii,-90.82772,-0.16752
Abudefduf troschelii,-85.9499969482,10.8900003433
Abudefduf troschelii,-112.083333333333,24.7666666666667
Abudefduf troschelii,-90.53722,-0.5550167
Abudefduf troschelii,-110.98118,27.880819
Abudefduf troschelii,-90.6018,-0.3763
Abudefduf troschelii,-110.583333333333,24.8
Abudefduf troschelii,-90.68373,-0.5910333
Abudefduf troschelii,-84.884722,9.772222
Abudefduf troschelii,-90.5423,0.315
Abudefduf troschelii,-90.4593,-0.5026
Abudefduf troschelii,-80.84001498,-1.56472002
Abudefduf troschelii,-89.2991,-0.68879
Abudefduf troschelii,-89.66467,-1.34534
Abudefduf troschelii,-83.8799972534,8.71000003815
Abudefduf troschelii,-85.0299987793,10.0500001907
Abudefduf troschelii,-91.8117,1.38374
Abudefduf troschelii,-85.9000015259,10.8800001144
Abudefduf troschelii,-104.317954,19.058078
Abudefduf troschelii,-91.3602,-0.30298
Abudefduf troschelii,-90.2729,-0.75845
Abudefduf troschelii,-109.7,22.0166666666667
Abudefduf troschelii,-89.94461,0.30032
Abudefduf troschelii,-85.9199981689,10.8500003815
Abudefduf troschelii,-90.83614,-0.17237
Abudefduf troschelii,-81.5,7.80000019073
Abudefduf troschelii,-80.7888,-1.935164
Abudefduf troschelii,-90.77033,0.6416333
Abudefduf troschelii,-90.38269,-0.7725
Abudefduf troschelii,-90.57959,-0.368812
Abudefduf troschelii,-91.443056,-0.2625
Abudefduf troschelii,-90.68868,-0.6031666
Abudefduf troschelii,-77.406296,3.894323
Abudefduf troschelii,-112.1,24.7833333333333
Abudefduf troschelii,-91.6647,-0.3092
Abudefduf troschelii,-81.7095,7.59419
Abudefduf troschelii,-90.3,-0.46
Abudefduf troschelii,-110.3,24.35
Abudefduf troschelii,-90.3028030395508,-0.751399993896484
Abudefduf troschelii,-96.133333,15.725
Abudefduf troschelii,-111.911613,26.874098
Abudefduf troschelii,-110.316666666667,24.2666666666667
Abudefduf troschelii,-90.5371,0.3075
Abudefduf troschelii,-81.6843,7.38893
Abudefduf troschelii,-81.7705,7.81443
Abudefduf troschelii,-90.296315,-0.745151
Abudefduf troschelii,-111.9,26.8666666666667
Abudefduf troschelii,-85.6999969482,10.5500001907
Abudefduf troschelii,-79.059329,8.626756
Abudefduf troschelii,-85.8399963379,10.2899999619
Abudefduf troschelii,-87.7074966431,13.1658334732
Abudefduf troschelii,-89.94804,0.31265
Abudefduf troschelii,-111.432414,26.632249
Abudefduf troschelii,-80.788931,-1.9341
Abudefduf troschelii,-91.65047,-0.30119
Abudefduf troschelii,-91.6483,-0.30037
Abudefduf troschelii,127.772,26.4453
Abudefduf troschelii,-59.6147,13.0883
Abudefduf troschelii,-85.7200012207,10.5399999619
Abudefduf troschelii,-77.4116667,5.6316667
Abudefduf troschelii,-90.7165,-0.4022
Abudefduf troschelii,-78.1705551147,2.96888899803
Abudefduf troschelii,-91.54678,-0.04991
Abudefduf troschelii,-81.8207,7.59377
Abudefduf troschelii,-110.083333333333,24.5333333333333
Abudefduf troschelii,-90.3,-0.75
Abudefduf troschelii,-87.180915,12.490288
Abudefduf troschelii,-110.083333333333,24.5833333333333
Abudefduf troschelii,-84.6800003052,9.69999980927
Abudefduf troschelii,-90.503371,-1.271663
Abudefduf troschelii,-81.7583,7.81528
Abudefduf troschelii,-110.3,24.45
Abudefduf troschelii,-81.7999,7.2166
Abudefduf troschelii,-81.7371,7.81647
Abudefduf troschelii,-78.1805833,2.95625
Abudefduf troschelii,-81.6952,7.42198
Abudefduf troschelii,-91.389,-0.25458
Abudefduf troschelii,-91.8164,1.38696
Abudefduf troschelii,-91.2082,-0.66762
Abudefduf troschelii,-96.126841,15.74952
Abudefduf troschelii,-90.7011,-0.40516
Abudefduf troschelii,-91.3984,-0.22311
Abudefduf troschelii,-91.4276,-0.27544
Abudefduf troschelii,-112.891667,28.446389
Abudefduf troschelii,-90.6551,-0.366
Abudefduf troschelii,-81.7934,7.87268
Abudefduf troschelii,-89.2456,-0.7027
Abudefduf troschelii,-110.660236,24.9645
Abudefduf troschelii,-91.4421,-0.2716
Abudefduf troschelii,-111.975,27.0925
Abudefduf troschelii,-89.6489,-1.35267
Abudefduf troschelii,-81.875,7.533333
Abudefduf troschelii,-79.5,8.89999961853
Abudefduf troschelii,-89.93952,0.3368
Abudefduf troschelii,-81.05667997,-1.276470982
Abudefduf troschelii,-90.40044,-1.23953
Abudefduf troschelii,-89.6472,-1.35158
Abudefduf troschelii,-90.63001,-0.41248
Abudefduf troschelii,-89.59193,-0.94891
Abudefduf troschelii,-90.99034,-0.96854
Abudefduf troschelii,-85.516624,9.85833
Abudefduf troschelii,-78.20605556,2.936861111
Abudefduf troschelii,-91.8194,1.37867
Abudefduf troschelii,-90.7031,-0.404
Abudefduf troschelii,-81.76,7.775
Abudefduf troschelii,-81.7590499999921,7.81464000001434
Abudefduf troschelii,-84.8899993896,9.77000045776
Abudefduf troschelii,-84.876638,9.843108
Abudefduf troschelii,-81.6957,7.63075
Abudefduf troschelii,-85.7600021362,10.0600004196
Abudefduf troschelii,-90.4373,-0.5052
Abudefduf troschelii,-89.56938,-0.854675
Abudefduf troschelii,-110.333333333333,24.1333333333333
Abudefduf troschelii,-87.060766913595,5.53406913051918
Abudefduf troschelii,-89.2589,-0.6915
Abudefduf troschelii,-90.81231,-0.84419
Abudefduf troschelii,-111.366668701,27.9500007629
Abudefduf troschelii,-87.176111,12.451944
Abudefduf troschelii,-81.8155,7.2936
Abudefduf troschelii,-113.534088,28.932449
Abudefduf troschelii,-90.56608,-0.35266
Abudefduf troschelii,-109.95,24.3333333333333
Abudefduf troschelii,-91.466088,-0.241826
Abudefduf troschelii,-110.45,24.2
Abudefduf troschelii,-89.6251,-1.39802
Abudefduf troschelii,-64.895,18.279
Abudefduf troschelii,-111.891667,27.05
Abudefduf troschelii,-81.7336,7.62188
Abudefduf troschelii,-90.03709,-0.80301
Abudefduf troschelii,-90.8337,-0.19627
Abudefduf troschelii,-75.8533325195,9.70166683197
Abudefduf troschelii,-90.65246,-0.6001765
Abudefduf troschelii,-81.7126,7.31991
Abudefduf troschelii,-110.083333333333,24.55
Abudefduf troschelii,-81.69756,7.636247
Abudefduf troschelii,-84.842654,9.822852
Abudefduf troschelii,-85.882778,11.253333
Abudefduf troschelii,-81.7983,7.23513
Abudefduf troschelii,-81.8417925319385,7.50418833202063
Abudefduf troschelii,-77.36530812260676,5.754781606147322
Abudefduf troschelii,-87.7230529785,13.1686115265
Abudefduf troschelii,-81.069242,-1.2612556
Abudefduf troschelii,-84.6200027466,9.60000038147
Abudefduf troschelii,-81.8332,7.59167
Abudefduf troschelii,-77.3298056,5.6448889
Abudefduf troschelii,-91.3519,-0.31334
Abudefduf troschelii,-111.4,27.966667
Abudefduf troschelii,-80.5,8.10000038147
Abudefduf troschelii,-81.7298,7.65623
Abudefduf troschelii,-90.4798812866211,-1.23612999916077
Abudefduf troschelii,-91.09022,-0.62965
Abudefduf troschelii,-81.7432,7.6403
Abudefduf troschelii,-90.852387,-0.229011
Abudefduf troschelii,-81.7589649999912,7.81486500001307
Abudefduf troschelii,-91.37229,-0.26766
Abudefduf troschelii,-109.910201,22.8852
Abudefduf troschelii,-79.5,8.80000019073
Abudefduf troschelii,-89.636,-1.3408
Abudefduf troschelii,-81.7015,7.42551
Abudefduf troschelii,-90.97,-0.97
Abudefduf troschelii,-96.097778,15.758889
Abudefduf troschelii,-90.30561,-0.75491
Abudefduf troschelii,-84.9800033569,9.75
Abudefduf troschelii,-110,20
Abudefduf troschelii,-111.435888,26.637297
Abudefduf troschelii,-111.316666666667,25.8166666666667
Abudefduf troschelii,-80.788036,-1.932249
Abudefduf troschelii,-85.8899993896,10.8800001144
Abudefduf troschelii,-91.486984,-0.507546
Abudefduf troschelii,-81.6691999961285,7.39885500406807
Abudefduf troschelii,-89.24815,-0.7021
Abudefduf troschelii,-77.21517163720414,3.6690543571682634
Abudefduf troschelii,-79.489084,9.005044
Abudefduf troschelii,-90.5,0.5
Abudefduf troschelii,-112.983329773,28.75
Abudefduf troschelii,-81.6784,7.31978
Abudefduf troschelii,-110.879821,27.863257
Abudefduf troschelii,-90.95535,-0.56548
Abudefduf troschelii,-111.053062,27.939386
Abudefduf troschelii,-112.553288,29.694967
Abudefduf troschelii,-85.910408,10.855634
Abudefduf troschelii,-110.300003052,24.2999992371
Abudefduf troschelii,-84.5299987793,9.51000022888
Abudefduf troschelii,-78.16664029981919,2.9733591881611496
Abudefduf troschelii,-86.5500030518,11.75
Abudefduf troschelii,-111.333333333333,26.0333333333333
Abudefduf troschelii,-110.35,24.1333333333333
Abudefduf troschelii,-110.266666666667,24.2166666666667
Abudefduf troschelii,-83.3300018311,12.4600000381
Abudefduf troschelii,-85.8000030518,10.9200000763
Abudefduf troschelii,-79.5183334351,9
Abudefduf troschelii,-84.875,9.858333
Abudefduf troschelii,-81.7948,7.83875
Abudefduf troschelii,-89.729858,-1.341619
Abudefduf troschelii,-90.83875,-0.85539
Abudefduf troschelii,-81.602544,4.0076599999999996
Abudefduf troschelii,-105.133333,19.566667
Abudefduf troschelii,-91.33582,0.1674833
Abudefduf troschelii,-90.4084,-1.23515
Abudefduf troschelii,-90.67915,-0.589791
Abudefduf troschelii,-169.92,-19.13
Abudefduf troschelii,-90.21958,-0.7018
Abudefduf troschelii,-112.05642,24.543958
Abudefduf troschelii,-81.6033556,4.0044528
Abudefduf troschelii,-90.4765,-0.5125
Abudefduf troschelii,-110.400842,24.474586
Abudefduf troschelii,-81.818,7.29708
Abudefduf troschelii,-90.56171,-0.3462333
Abudefduf troschelii,-109.083333333333,22.9
Abudefduf troschelii,-109.824439,23.983776
Abudefduf troschelii,-87.0599975586,5.53999996185
Abudefduf troschelii,-81.6366,7.70692
Abudefduf troschelii,-81.7833,7.63115
Abudefduf troschelii,-110.383333333333,24.1333333333333
Abudefduf troschelii,-90.862,-0.276
Abudefduf troschelii,-84.7200012207,9.93000030518
Abudefduf troschelii,-81.536111,7.754167
Abudefduf troschelii,-81.7286,7.62981
Abudefduf troschelii,-111.066324,27.937766
Abudefduf troschelii,-90.95442,-0.561195
Abudefduf troschelii,-81.7863,7.62114
Abudefduf troschelii,-70.0577,12.6019
Abudefduf troschelii,-79.051809,8.666601
Abudefduf troschelii,-79.089014,8.249575
Abudefduf troschelii,-111.831529,26.638821
Abudefduf troschelii,-90.451361,-1.235389
Abudefduf troschelii,-81.8927,7.52395
Abudefduf troschelii,-89.96292,0.30883
