species,decimalLongitude,decimalLatitude
Acanthurus gahhm,154.756667,1.033611
Acanthurus gahhm,154.751111,1.030278
Acanthurus gahhm,-150.5083333,-15.50833333
Acanthurus gahhm,154.780278,1.081111
Acanthurus gahhm,144.433611,7.246667
Acanthurus gahhm,154.755833,1.0311110000000001
Acanthurus gahhm,-151.750257,-16.492163
Acanthurus gahhm,162.155,11.65
Acanthurus gahhm,154.733889,1.048611
Acanthurus gahhm,144.447778,7.2575
Acanthurus gahhm,154.7275,1.051667
Acanthurus gahhm,154.702778,1.074167
Acanthurus gahhm,122.047924,6.872849
Acanthurus gahhm,53.2672707221978,12.4105308574551
Acanthurus gahhm,46.24,-9.38
Acanthurus gahhm,154.767778,1.026667
Acanthurus gahhm,154.791111,1.088056
Acanthurus gahhm,154.799167,1.051111
Acanthurus gahhm,53.311529,-5.423584
Acanthurus gahhm,42.04797222,16.90208333
Acanthurus gahhm,145.586356,-15.778183
Acanthurus gahhm,144.366666666667,-1.23333333333333
Acanthurus gahhm,-142.433333,-16.016667
Acanthurus gahhm,39,20
Acanthurus gahhm,116.741667,20.625
Acanthurus gahhm,154.753611,1.035556
Acanthurus gahhm,144.44,7.244722
Acanthurus gahhm,72.882455,5.038175
Acanthurus gahhm,154.734722,1.074722
Acanthurus gahhm,43.2572,-11.6506
Acanthurus gahhm,144.440278,7.247222
Acanthurus gahhm,144.450833,7.251389
Acanthurus gahhm,37.583,21.5
Acanthurus gahhm,154.710556,1.070833
Acanthurus gahhm,145.458637,-15.736514
Acanthurus gahhm,55.433333,-4.566667
Acanthurus gahhm,162.24,11.66
Acanthurus gahhm,154.781111,1.0575
Acanthurus gahhm,144.444444,7.242778
Acanthurus gahhm,32.739,-27.487
Acanthurus gahhm,154.728611,1.092222
Acanthurus gahhm,125.213096,1.445594
Acanthurus gahhm,178.5333,-18.75
Acanthurus gahhm,124.25,7.216667
Acanthurus gahhm,123.122783,12.963443
Acanthurus gahhm,118.562501,2.281057
Acanthurus gahhm,120.017275,16.19259
Acanthurus gahhm,154.773333,1.097778
Acanthurus gahhm,154.768611,1.026111
Acanthurus gahhm,154.795833,1.039722
Acanthurus gahhm,53.310842,-5.417432
Acanthurus gahhm,119.880261437599,8.90034993218769
Acanthurus gahhm,154.707778,1.074444
Acanthurus gahhm,156.015,-8.0025
Acanthurus gahhm,158.198608398,7.00833320618
Acanthurus gahhm,32.866665,-26.883333
Acanthurus gahhm,39.02873889,22.23065278
Acanthurus gahhm,146.040492,-5.063812
Acanthurus gahhm,154.749722,1.038333
Acanthurus gahhm,73.4,5.9417
Acanthurus gahhm,154.708333,1.082222
Acanthurus gahhm,144.453889,7.249167
Acanthurus gahhm,48,12
Acanthurus gahhm,125.48168,3.605508
Acanthurus gahhm,118.5575,2.261863
Acanthurus gahhm,57.844258,-20.351511
Acanthurus gahhm,78.8867,8.9532
Acanthurus gahhm,162.315,11.62
Acanthurus gahhm,73.5166667,4.1916667
Acanthurus gahhm,119.808989,11.443811
Acanthurus gahhm,154.752222,1.038333
Acanthurus gahhm,125.192745,5.980142
Acanthurus gahhm,158.262496948,6.99166679382
Acanthurus gahhm,120.044433,16.207067
Acanthurus gahhm,145.582837,-15.778183
Acanthurus gahhm,72.7417,4.1
Acanthurus gahhm,37.5830001831,21.5
Acanthurus gahhm,55.522246,-4.660052
Acanthurus gahhm,53.313969,-5.40331
Acanthurus gahhm,177.2547,-17.4883
