species,decimalLongitude,decimalLatitude
Acanthurus xanthopterus,116.53333,-20.48333
Acanthurus xanthopterus,153.25,-27.25
Acanthurus xanthopterus,153.5,-28.116667
Acanthurus xanthopterus,153.366667,-27.166667
Acanthurus xanthopterus,116,-19.766666666666666
Acanthurus xanthopterus,153.55,-28.166
Acanthurus xanthopterus,153.433333,-27.4
Acanthurus xanthopterus,117.08333333333333,-19.333333333333332
Acanthurus xanthopterus,153.2,-30.066
Acanthurus xanthopterus,115.86666666666666,-20.183333333333334
Acanthurus xanthopterus,153.139444,-26.679722
Acanthurus xanthopterus,153.416667,-27.966667
Acanthurus xanthopterus,115.30709,-20.352
Acanthurus xanthopterus,115.30126,-20.322
Acanthurus xanthopterus,153.41666,-27.96667
Acanthurus xanthopterus,153.5,-28.11666
Acanthurus xanthopterus,153.36667,-27.16667
Acanthurus xanthopterus,153.55,-28.166667
Acanthurus xanthopterus,152,-32
Acanthurus xanthopterus,153.55,-28.16667
Acanthurus xanthopterus,153.43333,-27.4
Acanthurus xanthopterus,116,-19.76666667
Acanthurus xanthopterus,117.0833333,-19.33333333
Acanthurus xanthopterus,115.8666667,-20.18333333
Acanthurus xanthopterus,153.13944,-26.67972
Acanthurus xanthopterus,151.283,-33.8
