species,decimalLongitude,decimalLatitude
Acanthaluteres brownii,115.45,-32.01667
Acanthaluteres brownii,115.6661,-32.6236
Acanthaluteres brownii,115.68333,-32.23333
Acanthaluteres brownii,134,-34.38333
Acanthaluteres brownii,115.15,-34.28333
Acanthaluteres brownii,115.71667,-32.26667
Acanthaluteres brownii,114.89637,-34.01369
Acanthaluteres brownii,115.71667,-32.28333
Acanthaluteres brownii,115.3,-33.61667
Acanthaluteres brownii,137.7494,-35.0847
Acanthaluteres brownii,115.73333,-32.13333
Acanthaluteres brownii,115.72,-32.28
Acanthaluteres brownii,137.72827,-35.15242
Acanthaluteres brownii,118.2,-34.966
Acanthaluteres brownii,137.766,-35.783
Acanthaluteres brownii,115.65543,-32.66577
Acanthaluteres brownii,115.66667,-32.11667
Acanthaluteres brownii,114.88887,-34.04619
Acanthaluteres brownii,127.01667,-32.40833
Acanthaluteres brownii,117.95,-35
Acanthaluteres brownii,137.966,-35.733
Acanthaluteres brownii,115.73333,-32.05
Acanthaluteres brownii,115.733,-32.05
Acanthaluteres brownii,114.9113,-33.6602
Acanthaluteres brownii,117.08333333333333,-19.333333333333332
Acanthaluteres brownii,137.861,-34.7768
Acanthaluteres brownii,138.42,-35.35
Acanthaluteres brownii,115.333,-33.633
Acanthaluteres brownii,116.36825,-35.05447
Acanthaluteres brownii,137.08,-34.93
Acanthaluteres brownii,114.87887,-33.78369
Acanthaluteres brownii,114.86387,-33.77119
Acanthaluteres brownii,114.49222,-33.91778
Acanthaluteres brownii,137.879,-34.6653
Acanthaluteres brownii,137.749,-35.0853
Acanthaluteres brownii,117.86667,-35
Acanthaluteres brownii,122.65493,-33.99645
Acanthaluteres brownii,138.53,-34.97
Acanthaluteres brownii,138,-35
Acanthaluteres brownii,138.48,-34.78
Acanthaluteres brownii,114.81702,-34.12422
Acanthaluteres brownii,115.75,-31.93333
Acanthaluteres brownii,137.5,-34.32
Acanthaluteres brownii,124.525,-33.5
Acanthaluteres brownii,136.22,-34.58
Acanthaluteres brownii,118,-35
Acanthaluteres brownii,133.28561,-32.57256
Acanthaluteres brownii,125.50834,-32.69167
Acanthaluteres brownii,114.06667,-26.2
Acanthaluteres brownii,136.86329,-35.1868
Acanthaluteres brownii,115.066,-33.55
Acanthaluteres brownii,115.716667,-32.183333
Acanthaluteres brownii,125.43334,-33.69166
Acanthaluteres brownii,145.233001709,-38.466999054
Acanthaluteres brownii,115.66667,-32.2
Acanthaluteres brownii,122.01423,-33.96813
Acanthaluteres brownii,115.7,-32.28333
Acanthaluteres brownii,137.341876,-35.993148
Acanthaluteres brownii,137.5667,-34.05
Acanthaluteres brownii,137.8,-35.7917
Acanthaluteres brownii,115.716,-32.283
Acanthaluteres brownii,138.25,-35.6167
Acanthaluteres brownii,136.416,-35.183
Acanthaluteres brownii,115.1,-33.6
Acanthaluteres brownii,145.233,-38.467
Acanthaluteres brownii,114.75887,-34.02119
Acanthaluteres brownii,115.93333,-31.88333
Acanthaluteres brownii,137.03,-34.92
Acanthaluteres brownii,114.74137,-33.98869
Acanthaluteres brownii,137.92,-35.17
Acanthaluteres brownii,115.71667,-32.18333
Acanthaluteres brownii,117.0833333,-19.33333333
Acanthaluteres brownii,115.02743,-33.5104
Acanthaluteres brownii,115.16667,-34.28333
Acanthaluteres brownii,117.88333,-35.01667
Acanthaluteres brownii,114.93637,-33.90619
Acanthaluteres brownii,116.3537,-35.04245
Acanthaluteres brownii,116.41245,-35.00433
Acanthaluteres brownii,137.95,-35.72
Acanthaluteres brownii,114.78637,-33.99369
Acanthaluteres brownii,115.73333,-32.33333
Acanthaluteres brownii,115.56667,-32.33333
Acanthaluteres brownii,117.35,-34.96667
Acanthaluteres brownii,149.761,-37.5558
Acanthaluteres brownii,137.35,-34.93
Acanthaluteres brownii,133.7,-32.13
Acanthaluteres brownii,125.4,-33.55
Acanthaluteres brownii,133.48,-32.43
Acanthaluteres brownii,136.22,-34.75
Acanthaluteres brownii,115.5,-33.5
Acanthaluteres brownii,131.38333,-32.25
Acanthaluteres brownii,115.31667,-31
