species,decimalLongitude,decimalLatitude
Acanthurus achilles,-171.0788862,-11.06835519
Acanthurus achilles,-168.148119,-14.533832
Acanthurus achilles,-156.59395,21.030633
Acanthurus achilles,-174.18171,-18.15824
Acanthurus achilles,-168.1655168,-14.53611357
Acanthurus achilles,-171.08771,-11.048088
Acanthurus achilles,-169.66806,-14.1879
Acanthurus achilles,-155.969954,19.567348
Acanthurus achilles,145,13.5
Acanthurus achilles,-168.15435,-14.530367
Acanthurus achilles,166.615487,19.28590558
Acanthurus achilles,-168.1591,-14.55998
Acanthurus achilles,-160.008099,-0.369308
Acanthurus achilles,-169.924417,-19.101033
Acanthurus achilles,-166.27365,23.8804667
Acanthurus achilles,-168.13982,-14.55147
Acanthurus achilles,-142.433333,-16.016667
Acanthurus achilles,-168.168467,-14.549417
Acanthurus achilles,-169.79335,-19.02085
Acanthurus achilles,-169.4236135,16.76880187
Acanthurus achilles,-109.2166667,10.3
Acanthurus achilles,-171.073565,-11.045339
Acanthurus achilles,-171.063917,-11.054717
Acanthurus achilles,-169.48532,16.69803
Acanthurus achilles,-170.70452,-14.33595
Acanthurus achilles,-160.010672,-0.371858
Acanthurus achilles,-171.06962,-11.06233
Acanthurus achilles,-168.153483,-14.529383
Acanthurus achilles,-168.16701,-14.55098
Acanthurus achilles,-166.326973,23.846884
Acanthurus achilles,166.6560012,19.27683569
Acanthurus achilles,-162.428109,6.427529
Acanthurus achilles,-169.8014,-18.984333
Acanthurus achilles,-168.160097,-14.534634
Acanthurus achilles,-171.06535,-11.05165
Acanthurus achilles,-156.8758,20.7412
Acanthurus achilles,-168.1469,-14.55563
Acanthurus achilles,-169.48565,16.7286
Acanthurus achilles,-170.80157,-14.29101
Acanthurus achilles,-170.70232,-14.33555
Acanthurus achilles,-168.16,-14.53
Acanthurus achilles,-170.6750337,-14.29492958
Acanthurus achilles,-156.9213,20.7337
Acanthurus achilles,-160.004818,-0.363192
Acanthurus achilles,-166.32635,23.8479167
Acanthurus achilles,-169.68182,-14.1738
Acanthurus achilles,-169.51051,16.72178
Acanthurus achilles,-169.52398,16.72188
Acanthurus achilles,-166.312371,23.845613
Acanthurus achilles,-169.655008,-14.165029
Acanthurus achilles,-168.165535,-14.553003
Acanthurus achilles,-155.996419,19.63297
Acanthurus achilles,-166.293968,23.876965
Acanthurus achilles,-168.16515,-14.53644
Acanthurus achilles,-169.897167,-18.974617
Acanthurus achilles,-171.08688,-11.06371
Acanthurus achilles,-159.98967,-0.36392
Acanthurus achilles,-169.50465,16.77455
Acanthurus achilles,-169.5263,16.7647545
Acanthurus achilles,166.653045,19.296869
Acanthurus achilles,-162.391481,6.44088154
Acanthurus achilles,-159.9839085,-0.37295194
Acanthurus achilles,166.7237842,11.191619
Acanthurus achilles,-162.37942,6.42038
Acanthurus achilles,-168.166452,-14.551852
Acanthurus achilles,-168.5166667,17.75
Acanthurus achilles,-171.08865,-11.06196
Acanthurus achilles,-168.165911,-14.536811
Acanthurus achilles,165.38,11.505
Acanthurus achilles,-169.53947,16.731
Acanthurus achilles,-157.927904,21.298931
Acanthurus achilles,-171.089586,-11.0605746
Acanthurus achilles,-160.08094,22.009987
Acanthurus achilles,-169.4578695,16.73827347
Acanthurus achilles,-157.865711,21.291426
Acanthurus achilles,-169.56126,16.7124
Acanthurus achilles,-169.43379,16.77859
Acanthurus achilles,-170.494167,25.34
Acanthurus achilles,-169.6259332,-14.18283144
Acanthurus achilles,-160.012577,-0.374252
Acanthurus achilles,-168.167116,-14.550687
Acanthurus achilles,-169.51276,16.76044
Acanthurus achilles,-168.171505,-14.537936
Acanthurus achilles,-166.261483,23.76845
Acanthurus achilles,178.66025,-7.45975
Acanthurus achilles,-168.165333,-14.55405
Acanthurus achilles,-170.678683,-14.302008
Acanthurus achilles,-171.08246,-11.06768
Acanthurus achilles,166.6322599,19.31524996
Acanthurus achilles,-166.228161,23.662034
Acanthurus achilles,-159.984821,-0.381588
Acanthurus achilles,-169.47965,16.71147
Acanthurus achilles,-169.51173,16.75968
Acanthurus achilles,-156.456244,20.905259
Acanthurus achilles,-166.077438,23.689389
Acanthurus achilles,-171.0649,-11.05732
Acanthurus achilles,-169.56065,16.69632
Acanthurus achilles,-171.0756,-11.06745
Acanthurus achilles,-169.91,-19.13
Acanthurus achilles,-160.0086,-0.3695
Acanthurus achilles,-162.411442,6.44454276
Acanthurus achilles,-150.5083333,-15.50833333
Acanthurus achilles,-166.2084433,23.70241947
Acanthurus achilles,-168.149859,-14.531283
Acanthurus achilles,-169.4396697,16.7518245
Acanthurus achilles,-168.16541,-14.55329
Acanthurus achilles,-159.97953,-0.36783
Acanthurus achilles,-170.5868,-14.250317
Acanthurus achilles,-162.008018,5.87534
Acanthurus achilles,-169.547322,16.68813117
Acanthurus achilles,-169.53633,16.7447
Acanthurus achilles,-169.6648446,-14.16326146
Acanthurus achilles,-170.7,-14.312076
Acanthurus achilles,-155.8998144,19.2123574
Acanthurus achilles,-171.0776703,-11.06779964
Acanthurus achilles,-171.06853,-11.04749
Acanthurus achilles,-169.53952,16.74854
Acanthurus achilles,166.60743,19.29172
Acanthurus achilles,-169.51962,16.7702
Acanthurus achilles,-168.160583,-14.559317
Acanthurus achilles,-171.0756188,-11.04525081
Acanthurus achilles,-168.167692,-14.55013565
Acanthurus achilles,-169.51148,16.74975
Acanthurus achilles,-171.065057,-11.051855
Acanthurus achilles,-169.674635,-14.157495
Acanthurus achilles,-157.975338,-8.994769
Acanthurus achilles,-171.07835,-11.046117
Acanthurus achilles,165.565,11.525
Acanthurus achilles,-168.161368,-14.558424
Acanthurus achilles,166.5951259,19.30259873
Acanthurus achilles,-166.273131,23.880124
Acanthurus achilles,-145.36,-16.7
Acanthurus achilles,-169.53903,16.70251
Acanthurus achilles,-171.0691092,-11.047168
Acanthurus achilles,-168.150333,-14.555983
Acanthurus achilles,-168.167396,-14.550508
Acanthurus achilles,-169.51203,16.76325
Acanthurus achilles,-155.975209,19.848332
Acanthurus achilles,166.59486,19.30284
Acanthurus achilles,-157.85,21.3166667
Acanthurus achilles,-159.282125,22.143671
Acanthurus achilles,-168.169855,-14.547071
Acanthurus achilles,-169.5169351,16.73024227
Acanthurus achilles,-170.63768,-14.28185
Acanthurus achilles,-168.143133,-14.542917
Acanthurus achilles,-160.0074457,-0.36826411
Acanthurus achilles,-169.55009,16.72787
Acanthurus achilles,-171.08942,-11.048767
Acanthurus achilles,-155.5566665,19.03911771
Acanthurus achilles,-168.1501716,-14.52975129
Acanthurus achilles,166.8959177,11.17384133
Acanthurus achilles,-168.1702295,-14.54603347
Acanthurus achilles,-166.18005,23.63835
Acanthurus achilles,-176.47308,0.18802
Acanthurus achilles,-169.51645,16.7265
Acanthurus achilles,-171.06931,-11.062
Acanthurus achilles,144.89055,20.5532
Acanthurus achilles,-155.523119,20.117904
Acanthurus achilles,-169.921333,-19.132383
Acanthurus achilles,-168.15553,-14.55928
Acanthurus achilles,-166.0681813,23.69184343
Acanthurus achilles,-168.1468276,-14.53774754
Acanthurus achilles,-169.6364,-14.17236
Acanthurus achilles,-168.1462256,-14.5546996
Acanthurus achilles,-169.5041353,16.69539317
Acanthurus achilles,-169.54195,16.71768
Acanthurus achilles,-162.036797,5.879854
Acanthurus achilles,-169.47392,16.78817
Acanthurus achilles,-169.805433,-18.965033
Acanthurus achilles,-155.893385,19.916096
Acanthurus achilles,-166.3323382,23.86122895
Acanthurus achilles,-169.5208504,16.76916791
Acanthurus achilles,145.6141625,15.07220191
Acanthurus achilles,-169.4599914,16.71598339
Acanthurus achilles,-163.19,-18.05
Acanthurus achilles,-168.15335,-14.55805
Acanthurus achilles,-171.07784,-11.06798
Acanthurus achilles,-171.07655,-11.04588
Acanthurus achilles,-169.47962,16.73182
Acanthurus achilles,-169.67442,-14.15785
Acanthurus achilles,166.5941516,19.30581529
Acanthurus achilles,-171.0919,-11.0559
Acanthurus achilles,-168.17123,-14.53776
Acanthurus achilles,-171.0705,-11.04572992
Acanthurus achilles,-171.073,-11.0597
Acanthurus achilles,-146.14,-15.79
Acanthurus achilles,-155.2554,19.2672
Acanthurus achilles,-169.917133,-19.128767
Acanthurus achilles,-156.227127,20.924371
Acanthurus achilles,-172.171,-4.4881
Acanthurus achilles,-171.066768,-11.05
Acanthurus achilles,-157.050773,20.914387
Acanthurus achilles,-156.621091,20.51379
Acanthurus achilles,-145.777717,-16.102117
Acanthurus achilles,-169.6514154,-14.17916142
Acanthurus achilles,-155.0255332,19.74557402
Acanthurus achilles,-171.0721,-11.06475
Acanthurus achilles,-160.205382,21.934634
Acanthurus achilles,-168.1450859,-14.5404305
Acanthurus achilles,-170.6768327,-14.28981872
Acanthurus achilles,-160.2147137,21.78182026
Acanthurus achilles,178.676433,-7.461783
Acanthurus achilles,-171.0666867,-11.05977153
Acanthurus achilles,166.604309,19.322123
Acanthurus achilles,-171.06568,-11.05137
Acanthurus achilles,-171.0806647,-11.04623158
Acanthurus achilles,-169.4299587,16.7326695
Acanthurus achilles,-168.170777,-14.545775
Acanthurus achilles,-168.1727,-14.542217
Acanthurus achilles,-171.0749472,-11.06645711
Acanthurus achilles,-159.9966629,-0.38141364
Acanthurus achilles,-159.99838,-0.36258
Acanthurus achilles,-171.0913501,-11.05832842
Acanthurus achilles,-169.5137,16.7304
Acanthurus achilles,-169.5231909,16.7064064
Acanthurus achilles,-169.798883,-18.995433
Acanthurus achilles,-166.3228,23.861113
Acanthurus achilles,-168.1598,-14.534083
Acanthurus achilles,-169.47492,-14.26257
Acanthurus achilles,-159.776868,-21.225983
Acanthurus achilles,-169.638,-14.17185
Acanthurus achilles,-168.162517,-14.556667
Acanthurus achilles,-168.16423,-14.536177
Acanthurus achilles,-171.08101,-11.04654
Acanthurus achilles,-176.478051,0.203762
Acanthurus achilles,-169.919467,-19.00425
Acanthurus achilles,-160.0144,-0.3764
Acanthurus achilles,-157.934096,21.299906
Acanthurus achilles,-168.170567,-14.53765
Acanthurus achilles,-156.178231,20.623966
Acanthurus achilles,-171.0914496,-11.05769291
Acanthurus achilles,-159.325398,21.965359
Acanthurus achilles,-169.6178048,-14.15457638
Acanthurus achilles,166.61186,19.3254
Acanthurus achilles,-169.538629,16.7214142
Acanthurus achilles,-169.68583,-14.17162
Acanthurus achilles,-166.20157,23.6672
Acanthurus achilles,-173.876961,25.939799
Acanthurus achilles,-170.684248,-14.273513
Acanthurus achilles,165.56,11.56
Acanthurus achilles,-171.08118,-11.06818
Acanthurus achilles,-169.463632,-14.212625
Acanthurus achilles,-157.225517,21.082183
Acanthurus achilles,-155.4652,19.1432
Acanthurus achilles,-172.128217,-13.8383
Acanthurus achilles,-166.261733,23.769283
Acanthurus achilles,-134.86,-23.16
Acanthurus achilles,-169.49425,16.70556
Acanthurus achilles,-171.0658722,-11.05882228
Acanthurus achilles,-168.171217,-14.545133
Acanthurus achilles,166.6060736,19.2934125
Acanthurus achilles,-171.0852335,-11.04704831
Acanthurus achilles,-168.15074,-14.52962
Acanthurus achilles,-168.1476113,-14.53508293
Acanthurus achilles,-171.068471,-11.061378
Acanthurus achilles,166.65115,19.27116
Acanthurus achilles,-169.48178,16.77028
Acanthurus achilles,-171.08685,-11.04762
Acanthurus achilles,-170.6729659,-14.29085196
Acanthurus achilles,-169.6852103,-14.17079729
Acanthurus achilles,-168.145383,-14.554596
Acanthurus achilles,145.6201732,14.96033619
Acanthurus achilles,-168.1557296,-14.55933471
Acanthurus achilles,-169.913433,-19.123317
Acanthurus achilles,166.62753,19.28015
Acanthurus achilles,-169.90165,-18.9829
Acanthurus achilles,-166.29785,23.852815
Acanthurus achilles,-168.14385,-14.553633
Acanthurus achilles,-162.4107235,6.45007473
Acanthurus achilles,-169.50618,16.69531
Acanthurus achilles,-168.1457225,-14.55452157
Acanthurus achilles,-170.593825,-14.28113121
Acanthurus achilles,-159.995785,-0.36221866
Acanthurus achilles,144.9077283,13.61366887
Acanthurus achilles,-160.2349154,21.88420421
Acanthurus achilles,-169.46956,16.71442
Acanthurus achilles,-155.452934,20.097243
Acanthurus achilles,-171.085617,-11.064801
Acanthurus achilles,-156.262218,20.596882
Acanthurus achilles,-169.46386999999999,16.78178
Acanthurus achilles,-159.9835499,-0.3771615
Acanthurus achilles,-171.08653,-11.06432
Acanthurus achilles,-168.144666,-14.541428
Acanthurus achilles,-162.0055657,5.86844224
Acanthurus achilles,166.647879,19.271696
Acanthurus achilles,-162.4193966,6.38041944
Acanthurus achilles,-168.16131,-14.558022
Acanthurus achilles,-146.15,-15.8
Acanthurus achilles,-171.07542,-11.04524
Acanthurus achilles,-168.1680349,-14.54957549
Acanthurus achilles,-168.1699072,-14.54728094
Acanthurus achilles,-169.4269568,16.76373384
Acanthurus achilles,-168.1457,-14.5395
Acanthurus achilles,-163.09,-13.25
Acanthurus achilles,-174.0150255,25.98906702
Acanthurus achilles,-169.41562,16.7581
Acanthurus achilles,-162.0101173,5.87536301
Acanthurus achilles,-168.149978,-14.53054
Acanthurus achilles,-155.197,19.2533
Acanthurus achilles,-168.172544,-14.54016
Acanthurus achilles,-168.17235,-14.5387
Acanthurus achilles,-166.335308,23.80385
Acanthurus achilles,-170.82288,-14.30159
Acanthurus achilles,-168.1629591,-14.5563329
Acanthurus achilles,-169.67535,-14.15845
Acanthurus achilles,-168.147967,-14.534017
Acanthurus achilles,-142.433333,-16
Acanthurus achilles,-170.6931,-14.31091
Acanthurus achilles,-156.2797,20.5926
Acanthurus achilles,-171.0831603,-11.06693823
Acanthurus achilles,-169.4697048,16.72224149
Acanthurus achilles,-159.995818,-0.381987
Acanthurus achilles,-168.16049,-14.55892
Acanthurus achilles,-149.792,-17.570633
Acanthurus achilles,-155.393637,20.068805
Acanthurus achilles,-169.68546,-14.17146
Acanthurus achilles,166.61303,19.28765
Acanthurus achilles,166.657304,19.287882
Acanthurus achilles,-159.9733869,-0.37565175
Acanthurus achilles,-169.49561,16.72109
Acanthurus achilles,-171.08373,-11.06645
Acanthurus achilles,-169.93795,-19.09055
Acanthurus achilles,-171.0919632,-11.0540358
Acanthurus achilles,-171.06389,-11.05444
Acanthurus achilles,-168.1482059,-14.53492317
Acanthurus achilles,-170.632422,25.402537
Acanthurus achilles,-170.6703198,-14.23703067
Acanthurus achilles,-168.1720686,-14.5382098
Acanthurus achilles,-171.08669,-11.04723
Acanthurus achilles,-169.6772,-14.15331
Acanthurus achilles,-148.257617,-14.953167
Acanthurus achilles,-171.07262,-11.04555
Acanthurus achilles,-156.8452382,20.75698625
Acanthurus achilles,-171.0916629,-11.05514799
Acanthurus achilles,-157.095447,21.081812
Acanthurus achilles,-169.5142711,-14.21900832
Acanthurus achilles,-166.2429583,23.6708414
Acanthurus achilles,-169.5333333,16.75
Acanthurus achilles,-171.082656,-11.067575
Acanthurus achilles,-170.701753,-14.253818
Acanthurus achilles,-171.715418,25.781222
Acanthurus achilles,-168.1663243,-14.53703323
Acanthurus achilles,-171.0682411,-11.06149418
Acanthurus achilles,-155.6182,18.965417
Acanthurus achilles,-169.67602,-14.1846
Acanthurus achilles,-160.1802,21.927683
Acanthurus achilles,-166.194359,23.726281
Acanthurus achilles,-170.820099,-14.332533
Acanthurus achilles,-168.1610668,-14.53563588
Acanthurus achilles,-168.1725663,-14.54190823
Acanthurus achilles,-169.5126027,16.70574783
Acanthurus achilles,-168.1401548,-14.54620437
Acanthurus achilles,-171.0722801,-11.04558189
Acanthurus achilles,-143.96,-16.44
Acanthurus achilles,-171.069319,-11.046719
Acanthurus achilles,-162.39873,6.38217
Acanthurus achilles,-170.69318,-14.30883
Acanthurus achilles,-168.1617234,-14.53547093
Acanthurus achilles,-166.6,19.3
Acanthurus achilles,-159.9747113,-0.37415424
Acanthurus achilles,-168.16541,-14.53654
Acanthurus achilles,-168.1649779,-14.55412033
Acanthurus achilles,-169.43864,16.782
Acanthurus achilles,-169.913217,-19.120417
Acanthurus achilles,-169.503866,-14.249736
Acanthurus achilles,-168.171397,-14.544504
Acanthurus achilles,-168.1571469,-14.5600548
Acanthurus achilles,-170.69731,-14.32108
Acanthurus achilles,-159.9784198,-0.37844737
Acanthurus achilles,-172.677283,-13.506833
Acanthurus achilles,-169.4622906,16.71878085
Acanthurus achilles,-169.677556,-14.183349
Acanthurus achilles,-160.0096442,-0.38107224
Acanthurus achilles,166.6459446,19.27325101
Acanthurus achilles,-168.172099,-14.54209
Acanthurus achilles,-155.764613,20.24141
Acanthurus achilles,-155.919356,19.132875
Acanthurus achilles,-170.5252,25.3341833
Acanthurus achilles,166.60214,19.32046
Acanthurus achilles,-168.1718668,-14.53797871
Acanthurus achilles,-171.068181,-11.04789203
Acanthurus achilles,-154.808004,19.506029
Acanthurus achilles,-169.793583,-19.006783
Acanthurus achilles,-162.4635884,6.39581482
Acanthurus achilles,-171.0856919,-11.04747101
Acanthurus achilles,-159.9731,-0.38055
Acanthurus achilles,166.6515803,19.29930548
Acanthurus achilles,-168.13922,-14.54607
Acanthurus achilles,-159.79,-21.2
Acanthurus achilles,-169.44568,16.76082
Acanthurus achilles,-171.0847748,-11.04719952
Acanthurus achilles,-163.1,-13.26
Acanthurus achilles,-170.8378196,-14.31777346
Acanthurus achilles,-160,22
Acanthurus achilles,-169.86345,-18.955783
Acanthurus achilles,-166.307621,23.865512
Acanthurus achilles,-169.4794449,16.67953125
Acanthurus achilles,166.593973,19.311712
Acanthurus achilles,-160.184842,21.92810493
Acanthurus achilles,-145.79125,-16.106317
Acanthurus achilles,-170.748417,-14.290533
Acanthurus achilles,-171.06532,-11.05844
Acanthurus achilles,166.780164,11.359661
Acanthurus achilles,-170.7626392,-14.36688571
Acanthurus achilles,-155.3638895,20.05500748
Acanthurus achilles,-166.2806801,23.8787535
Acanthurus achilles,-166.226467,23.789283
Acanthurus achilles,-169.50577,-14.2466
Acanthurus achilles,-169.66115,-14.18653
Acanthurus achilles,-171.068419,-11.061601
Acanthurus achilles,166.606399,19.323975
Acanthurus achilles,-166.089529,23.809284
Acanthurus achilles,-166.1591232,23.6588163
Acanthurus achilles,-168.170537,-14.546084
Acanthurus achilles,-171.091317,-11.057274
Acanthurus achilles,-170.649,-14.2903
Acanthurus achilles,-160.010989,-0.371407
Acanthurus achilles,-171.0724113,-11.06488508
Acanthurus achilles,-170.80322,-14.33475
Acanthurus achilles,-169.512114,-14.241514
Acanthurus achilles,-155.507387,19.12663
Acanthurus achilles,-168.1443634,-14.54137045
Acanthurus achilles,-166.297267,23.84955
Acanthurus achilles,-169.54281,16.71606235
Acanthurus achilles,166.598261,19.298006
Acanthurus achilles,-156.8784,20.741219
Acanthurus achilles,-157.780418,21.471604
Acanthurus achilles,-171.08916,-11.04844
Acanthurus achilles,166.635201,19.277862
Acanthurus achilles,-168.144896,-14.554329
Acanthurus achilles,-160.233583,21.876517
Acanthurus achilles,-170.6672087,-14.24710177
Acanthurus achilles,-166.133696,23.624255
Acanthurus achilles,144.6567923,13.46774898
Acanthurus achilles,166.6411715,19.27484533
Acanthurus achilles,-171.091611,-11.0500383
Acanthurus achilles,-142.42464,-15.98384
Acanthurus achilles,-160.0624,21.952
Acanthurus achilles,-173.968485,25.947742
Acanthurus achilles,-171.0645715,-11.05305025
Acanthurus achilles,-171.0646045,-11.05229421
Acanthurus achilles,166.612566,19.28716
Acanthurus achilles,-171.083455,-11.046747
Acanthurus achilles,-159.999474,-0.381715
Acanthurus achilles,-170.6064807,-14.2833194
Acanthurus achilles,166.6078594,19.2919139
Acanthurus achilles,-171.0751937,-11.06686564
Acanthurus achilles,-166.071342,23.795748
Acanthurus achilles,-171.0646994,-11.05271984
Acanthurus achilles,-169.69,-14.17
Acanthurus achilles,-171.7450826,25.77196324
Acanthurus achilles,-171.0707,-11.0635
Acanthurus achilles,-170.6706109,-14.24405009
Acanthurus achilles,-159.998965,-0.362704
Acanthurus achilles,-157.094472,21.083051
Acanthurus achilles,144.444722,7.244444
Acanthurus achilles,-162.4373131,6.38268205
Acanthurus achilles,-171.06747,-11.04956497
Acanthurus achilles,-168.165914,-14.536735
Acanthurus achilles,-166.0668,23.7066
Acanthurus achilles,-170.63841,-14.28602
Acanthurus achilles,-171.0699623,-11.04612093
Acanthurus achilles,-169.4278577,16.77386479
Acanthurus achilles,-170.683633,25.461483
Acanthurus achilles,-171.0895477,-11.0481543
Acanthurus achilles,-168.1561,-14.560017
Acanthurus achilles,-169.62186,-14.18729
Acanthurus achilles,-168.166778,-14.536892
Acanthurus achilles,-173.99445,25.986917
Acanthurus achilles,-168.146069,-14.538841
Acanthurus achilles,-166.0860749,23.80643494
Acanthurus achilles,-171.06711,-11.06024
Acanthurus achilles,-170.7641913,-14.36227474
Acanthurus achilles,-156.034566,19.684544
Acanthurus achilles,-170.67563,-14.23976
Acanthurus achilles,-168.141233,-14.552579
Acanthurus achilles,-171.0770394,-11.04598029
Acanthurus achilles,-170.586282,-14.249609
Acanthurus achilles,-169.44225,-14.254
Acanthurus achilles,-170.6744498,-14.2961831
Acanthurus achilles,-169.50941,16.7662
Acanthurus achilles,-168.15907,-14.5338
Acanthurus achilles,-171.0844488,-11.0662453
Acanthurus achilles,-159.972767,-0.377912
Acanthurus achilles,-142.4972,-16.2343
Acanthurus achilles,-154.806578,19.518805
Acanthurus achilles,-155.73085,18.968567
Acanthurus achilles,-166.3233506,23.87038627
Acanthurus achilles,-155.869178,19.030253
Acanthurus achilles,-171.7192,25.7845
Acanthurus achilles,-156.848935,20.756588
Acanthurus achilles,-155.294332,20.022652
Acanthurus achilles,-170.522764,25.460927
Acanthurus achilles,-171.079665,-11.068428
Acanthurus achilles,-169.672197,-14.15889
Acanthurus achilles,-168.1723151,-14.5413655
Acanthurus achilles,-173.9705902,25.94523344
Acanthurus achilles,-173.964983,25.944317
Acanthurus achilles,166.6258988,19.28197288
Acanthurus achilles,-156.64248,20.567682
Acanthurus achilles,-171.71536,25.78361
Acanthurus achilles,-168.13792,-14.54895
Acanthurus achilles,-162.335263,6.391676
Acanthurus achilles,-159.996309,-0.362745
Acanthurus achilles,-166.253703,23.80577495
Acanthurus achilles,-171.0870821,-11.0478487
Acanthurus achilles,-144.66,-16.86
Acanthurus achilles,-159.984343,-0.364657
Acanthurus achilles,-171.0681867,-11.06127483
Acanthurus achilles,-168.1410408,-14.5450522
Acanthurus achilles,-168.1537,-14.53775
Acanthurus achilles,-168.1401715,-14.54597295
Acanthurus achilles,-168.13808,-14.54937
Acanthurus achilles,-169.6734441,-14.18763226
Acanthurus achilles,-168.1413846,-14.54471499
Acanthurus achilles,-168.15828,-14.56028
Acanthurus achilles,-169.533056,16.756667
Acanthurus achilles,166.594737,19.313186
Acanthurus achilles,-154.885278,19.559103
Acanthurus achilles,-170.693033,-14.308933
Acanthurus achilles,-162.1209,5.88741
Acanthurus achilles,-169.5346,16.73993
Acanthurus achilles,-156.604139,20.51488
Acanthurus achilles,-171.0640896,-11.05376598
Acanthurus achilles,-154.72,-21.8
Acanthurus achilles,-169.779667,-19.04965
Acanthurus achilles,-171.0921351,-11.05266611
Acanthurus achilles,-157.495834351,1.94583296776
Acanthurus achilles,-171.07283,-11.065183
Acanthurus achilles,-176.4673172,0.20099033
Acanthurus achilles,-169.417377,-14.231777
Acanthurus achilles,-166.3241134,23.84894301
Acanthurus achilles,-166.2390705,23.66236621
Acanthurus achilles,-159.987808,-0.364108
Acanthurus achilles,-155.909605,19.176212
Acanthurus achilles,-168.1577755,-14.53340948
Acanthurus achilles,-170.80858,-14.33227
Acanthurus achilles,-157.005594,20.846865
Acanthurus achilles,-171.065391,-11.058341
Acanthurus achilles,-168.164693,-14.554188
Acanthurus achilles,-162.457,6.38003
Acanthurus achilles,-166.193398,23.763525
Acanthurus achilles,-162.417205,6.436813
Acanthurus achilles,-169.4886645,16.71014842
Acanthurus achilles,-157.913901,21.158509
Acanthurus achilles,-160.378747,4.682123
Acanthurus achilles,-170.832031,-14.309449
Acanthurus achilles,-169.641721,-14.172462
Acanthurus achilles,-159.996338,-0.362813
Acanthurus achilles,-162.1086015,5.86701958
Acanthurus achilles,-158,21
Acanthurus achilles,-142.48144,-16.0566
Acanthurus achilles,-168.16203,-14.55740847
Acanthurus achilles,-169.49765,-14.265586
Acanthurus achilles,-156.2112697,20.90330738
Acanthurus achilles,-168.1373351,-14.54834998
Acanthurus achilles,-155.862667,19.0264
Acanthurus achilles,178.35565,-7.943367
Acanthurus achilles,-169.92,-19.06
Acanthurus achilles,-170.8109654,-14.29694217
Acanthurus achilles,-169.515632,-14.23755
Acanthurus achilles,-168.1589069,-14.53373336
Acanthurus achilles,-171.0681579,-11.04782757
Acanthurus achilles,-168.14818,-14.53498
Acanthurus achilles,-176.6205,0.7989
Acanthurus achilles,-168.1383838,-14.54628526
Acanthurus achilles,-169.871533,-18.957083
Acanthurus achilles,-171.09241,-11.0516
Acanthurus achilles,-155.907468,19.189921
Acanthurus achilles,-148.245545,-15.83294
Acanthurus achilles,-168.1458223,-14.5383862
Acanthurus achilles,-155.789587,18.998308
Acanthurus achilles,166.599793,19.317925
Acanthurus achilles,166.657291,19.285678
Acanthurus achilles,-171.0778773,-11.04567393
Acanthurus achilles,-171.0910121,-11.05014064
Acanthurus achilles,-155.962008,19.853365
Acanthurus achilles,-171.079196,-11.046275
Acanthurus achilles,166.639327,19.276414
Acanthurus achilles,-168.1491544,-14.53015579
Acanthurus achilles,-171.08662,-11.06404446
Acanthurus achilles,-173.9535,25.944517
Acanthurus achilles,166.59475,19.303605
Acanthurus achilles,-159.9734886,-0.37950801
Acanthurus achilles,-170.7932891,-14.29233262
Acanthurus achilles,-154.9464032,19.37339933
Acanthurus achilles,-158.278362,21.572206
Acanthurus achilles,166.633119,19.315434
Acanthurus achilles,-169.4804778,16.68643945
Acanthurus achilles,-156.538552,20.521888
Acanthurus achilles,-166.334338,23.869886
Acanthurus achilles,-146.323095,-15.447958
Acanthurus achilles,-166.2092328,23.65411288
Acanthurus achilles,-169.898983,-18.97725
Acanthurus achilles,-171.72905,25.7874
Acanthurus achilles,166.594562,19.304261
Acanthurus achilles,166.6428128,19.27449354
Acanthurus achilles,-174.0207721,25.97857917
Acanthurus achilles,-171.0716356,-11.06394522
Acanthurus achilles,-160.006872,-0.366654
Acanthurus achilles,-168.155333,-14.530611
Acanthurus achilles,-171.074337,-11.06628
Acanthurus achilles,-157.090705,21.194882
Acanthurus achilles,-163.13,-13.31
Acanthurus achilles,-148.29165,-15.04494
Acanthurus achilles,-171.0874561,-11.06293302
Acanthurus achilles,-171.0704373,-11.04579488
Acanthurus achilles,-155.6884,18.939
Acanthurus achilles,-160.010626,-0.371312
Acanthurus achilles,-168.167689,-14.550077
Acanthurus achilles,-159.98282,-0.3781
Acanthurus achilles,-156.61668,20.514606
Acanthurus achilles,-170.65647,-14.31541
Acanthurus achilles,-168.1605054,-14.53496894
Acanthurus achilles,-168.1469361,-14.55484
Acanthurus achilles,-171.072998047,-11.0600004196
Acanthurus achilles,166.5946153,19.30485522
Acanthurus achilles,-169.825633,-18.956633
Acanthurus achilles,-170.800242,-14.291098
Acanthurus achilles,-162.4197944,6.44049908
Acanthurus achilles,-170.5718698,-14.24734971
Acanthurus achilles,-160.01176,-0.37216
Acanthurus achilles,-155.6063743,18.9636033
Acanthurus achilles,-170.7089822,-14.33712937
Acanthurus achilles,-170.69319,-14.31296
Acanthurus achilles,-162.4205,6.37824
Acanthurus achilles,-168.150333,-14.5282
Acanthurus achilles,166.6186775,19.28353401
Acanthurus achilles,-159.351208,21.935684
Acanthurus achilles,-156.5737248,21.01818153
Acanthurus achilles,-169.417422,-14.223866
Acanthurus achilles,-170.79024,-14.34014
Acanthurus achilles,-155.901017,19.074833
Acanthurus achilles,-171.72398,25.78343
Acanthurus achilles,178.39415,-7.93685
Acanthurus achilles,-176.12825,-13.26995
Acanthurus achilles,-171.0740786,-11.06596475
Acanthurus achilles,-142.46657,-16.21172
Acanthurus achilles,-169.41792,-14.22728
Acanthurus achilles,-176.472238,0.205276
Acanthurus achilles,-110.083333333333,24.4666666666667
Acanthurus achilles,-168.161743,-14.535783
Acanthurus achilles,-170.6833333,-14.2666667
Acanthurus achilles,-159.81,-18.85
Acanthurus achilles,-168.1503567,-14.52893028
Acanthurus achilles,-168.157269,-14.560622
Acanthurus achilles,-171.091855,-11.054772
Acanthurus achilles,-170.70432,-14.33562
Acanthurus achilles,-171.745792,25.772643
Acanthurus achilles,-168.1665462,-14.55178907
Acanthurus achilles,-171.0907219,-11.05880845
Acanthurus achilles,-169.488202,-14.27672
Acanthurus achilles,-166.2486305,23.7737503
Acanthurus achilles,-168.1720766,-14.5384341
Acanthurus achilles,-162.0721595,5.89886192
Acanthurus achilles,-171.09207,-11.05233
Acanthurus achilles,-155.475317,20.10425
Acanthurus achilles,178.681267,-7.500983
Acanthurus achilles,-154.9274,19.394
Acanthurus achilles,-171.0690342,-11.04723983
Acanthurus achilles,-169.54956,16.7372
Acanthurus achilles,-162.016776,5.878941
Acanthurus achilles,-156.1212544,20.84505248
Acanthurus achilles,-168.145135,-14.540082
Acanthurus achilles,-159.9999938,-0.38138883
Acanthurus achilles,-162.3689172,6.38403439
Acanthurus achilles,-176.6267141,0.82089929
Acanthurus achilles,-169.6078442,-14.15811162
Acanthurus achilles,-155.5691274,19.02496713
Acanthurus achilles,-162.4237443,6.43603949
Acanthurus achilles,-162.424526,6.381108
Acanthurus achilles,-166.29994,23.874486
Acanthurus achilles,-171.0840072,-11.04673147
Acanthurus achilles,-176.620171,0.8214188
Acanthurus achilles,-155.5312334,19.10352711
Acanthurus achilles,145.6946333,15.16191667
Acanthurus achilles,-169.50068,-14.25755
Acanthurus achilles,-168.1388805,-14.55097309
Acanthurus achilles,-169.46269,16.73486
Acanthurus achilles,-169.5170163,16.76379813
Acanthurus achilles,-155.8969777,19.91123286
Acanthurus achilles,-170.777978,-14.36132323
Acanthurus achilles,-169.67923,-14.1796
Acanthurus achilles,-160.0065382,-0.36619747
Acanthurus achilles,-169.535513,16.73372
Acanthurus achilles,-154.9548368,19.36723553
Acanthurus achilles,-169.908017,-18.9926
Acanthurus achilles,166.64288,19.31576
Acanthurus achilles,-166.2042438,23.66939309
Acanthurus achilles,-134.87,-23.1
Acanthurus achilles,-166.2568668,23.67157054
Acanthurus achilles,-169.61975,-14.16127
Acanthurus achilles,-170.6752735,-14.29315371
Acanthurus achilles,-169.5452,16.73411
Acanthurus achilles,-171.0746085,-11.04552012
Acanthurus achilles,-168.159071,-14.533801
Acanthurus achilles,166.8375098,11.152035
Acanthurus achilles,-155.969343,19.565873
Acanthurus achilles,-171.090208,-11.059884
Acanthurus achilles,-162.0152887,5.86494731
Acanthurus achilles,-170.768524,-14.36443
Acanthurus achilles,-166.300697,23.767446
Acanthurus achilles,162.087941,11.45468
Acanthurus achilles,-160.0140755,-0.37680309
Acanthurus achilles,-171.092421,-11.054905
Acanthurus achilles,-168.16634,-14.55199
Acanthurus achilles,-170.83447,-14.32669
Acanthurus achilles,165.41,11.51
Acanthurus achilles,166.59378,19.30782
Acanthurus achilles,-169.924283,-19.016267
Acanthurus achilles,-170.799293,-14.288351
Acanthurus achilles,-173.87076,25.95722
Acanthurus achilles,-170.7684929,-14.36567302
Acanthurus achilles,-160.00481,-0.36324
Acanthurus achilles,-168.1436,-14.54227
Acanthurus achilles,-171.09133,-11.05761
Acanthurus achilles,-169.4515328,-14.2107462
Acanthurus achilles,166.8820667,11.15727067
Acanthurus achilles,166.627349,19.31619435
Acanthurus achilles,166.59407,19.306304
Acanthurus achilles,-171.0925737,-11.05343968
Acanthurus achilles,-171.0724136,-11.06477654
Acanthurus achilles,166.6159408,19.28428897
Acanthurus achilles,-170.673675,-14.29046496
Acanthurus achilles,-168.1510822,-14.52811045
Acanthurus achilles,-169.4368,16.7774
Acanthurus achilles,-170.794952,-14.335073
Acanthurus achilles,-148.176,-15.006
Acanthurus achilles,-169.5468828,16.73444529
Acanthurus achilles,-176.62128,0.80582
Acanthurus achilles,-170.7012029,-14.33440089
Acanthurus achilles,-170.7628876,-14.36384602
Acanthurus achilles,-169.5021103,-14.21541341
Acanthurus achilles,-155.9036,20.1915
Acanthurus achilles,-168.15314,-14.55792
Acanthurus achilles,-169.5141146,-14.23973886
Acanthurus achilles,165.290838295057,-20.5800085674362
Acanthurus achilles,-162.392789,6.44193
Acanthurus achilles,-169.64597,-14.164971
Acanthurus achilles,166.610493,19.325587
Acanthurus achilles,-169.664501,-14.162772
Acanthurus achilles,-170.7041501,-14.33630928
Acanthurus achilles,-171.075482,-11.066678
Acanthurus achilles,166.8901402,11.15509283
Acanthurus achilles,-159.2847423,22.13601225
Acanthurus achilles,-171.06438,-11.05337
Acanthurus achilles,-169.617838,-14.153832
Acanthurus achilles,-160.247143,21.833288
Acanthurus achilles,-169.477195,-14.212781
Acanthurus achilles,-155.344223,20.047385
Acanthurus achilles,-175.77779,27.96286
Acanthurus achilles,-171.0900769,-11.06029222
Acanthurus achilles,-128.296,-24.328
Acanthurus achilles,-169.4856458,-14.27409553
Acanthurus achilles,-168.1519601,-14.52931182
Acanthurus achilles,-166.21145,23.86315
Acanthurus achilles,-171.0813,-11.046217
Acanthurus achilles,-160.0141628,-0.3799158
Acanthurus achilles,-155.56104,19.031586
Acanthurus achilles,-156.83883,20.75811
Acanthurus achilles,166.5938427,19.30821033
Acanthurus achilles,-157.985611,21.300927
Acanthurus achilles,166.653434,19.270077
Acanthurus achilles,-168.1386213,-14.55032089
Acanthurus achilles,-156.9274066,20.73497814
Acanthurus achilles,145.6292534,14.93781318
Acanthurus achilles,144.7432541,13.26116667
Acanthurus achilles,-169.4906071,16.7240871
Acanthurus achilles,-169.920383,-19.02905
Acanthurus achilles,166.5976849,19.29873451
Acanthurus achilles,-166.230633,23.8061
Acanthurus achilles,-170.827999,-14.306917
Acanthurus achilles,-110.3,24.35
Acanthurus achilles,-162.3976712,6.44566719
Acanthurus achilles,-162.07565,5.89728
Acanthurus achilles,-169.5241636,16.76520335
Acanthurus achilles,-169.637769,-14.16117
Acanthurus achilles,-169.515609,-14.238637
Acanthurus achilles,-160.004883,-0.36317
Acanthurus achilles,-168.138172,-14.547691
Acanthurus achilles,-160.0094813,-0.37108915
Acanthurus achilles,-171.08742,-11.04752
Acanthurus achilles,177.340017,-6.116133
Acanthurus achilles,-166.281871,23.876125
Acanthurus achilles,-169.5174418,-14.23352377
Acanthurus achilles,166.5937066,19.30706411
Acanthurus achilles,-171.0848945,-11.04695896
Acanthurus achilles,145.2634441,14.15336553
Acanthurus achilles,-144.966971,-14.44622
Acanthurus achilles,-168.154285,-14.52911
Acanthurus achilles,-160.008139,-0.369011
Acanthurus achilles,-171.0638459,-11.05537556
Acanthurus achilles,-160.20821,21.903631
Acanthurus achilles,-149.4135,-17.786317
Acanthurus achilles,162.162032,11.368271
Acanthurus achilles,-160.2109,21.9069
Acanthurus achilles,-155.84153,19.972761
Acanthurus achilles,-166.20361,23.65481
Acanthurus achilles,-159.290183,22.1394
Acanthurus achilles,166.8368338,11.15273233
Acanthurus achilles,166.613878,19.325391
Acanthurus achilles,-159.81,-18.86
Acanthurus achilles,-156.200616,20.897916
Acanthurus achilles,-170.7732862,-14.29200682
Acanthurus achilles,-162.03015,5.879553
Acanthurus achilles,-169.64957,-14.17737
Acanthurus achilles,-172.174167,-13.710167
Acanthurus achilles,-163.13,-13.23
Acanthurus achilles,-171.0662867,-11.05015757
Acanthurus achilles,-169.418668,-14.242432
Acanthurus achilles,-162.3596923,6.38951666
Acanthurus achilles,-170.7633607,-14.36330547
Acanthurus achilles,-168.1404617,-14.55211504
Acanthurus achilles,-171.06735,-11.048683
Acanthurus achilles,-171.0709938,-11.06366853
Acanthurus achilles,-171.092075,-11.0562285
Acanthurus achilles,-169.4751756,-14.26301206
Acanthurus achilles,-169.638115,-14.162294
Acanthurus achilles,-170.76237,-14.366522
Acanthurus achilles,-162.1556653,5.87938246
Acanthurus achilles,-171.0919352,-11.05592198
Acanthurus achilles,-169.9305,-19.095567
Acanthurus achilles,-157.0583993,20.88422656
Acanthurus achilles,-168.14168,-14.544417
Acanthurus achilles,-162.464716,6.384268
Acanthurus achilles,-171.092425,-11.050737
Acanthurus achilles,-170.6710455,-14.22953272
Acanthurus achilles,-169.4178162,-14.24411648
Acanthurus achilles,-162.11,5.870833
Acanthurus achilles,-155.8322626,19.97885806
Acanthurus achilles,-169.5579622,16.69761018
Acanthurus achilles,-166.205144,23.667068
Acanthurus achilles,-155.950035,19.485654
Acanthurus achilles,-167.575004578,24.7583503723
Acanthurus achilles,-168.160946,-14.53481
Acanthurus achilles,145.6941,18.74818
Acanthurus achilles,-169.785833,-19.038317
Acanthurus achilles,-155.892197,20.128634
Acanthurus achilles,-170.654034,-14.293555
Acanthurus achilles,-174.0304252,25.98609723
Acanthurus achilles,-169.665015,-14.163099
Acanthurus achilles,-155.8204122,19.01212153
Acanthurus achilles,-169.52397,16.74728
Acanthurus achilles,-169.5369437,16.73567785
Acanthurus achilles,166.8857735,11.15657867
Acanthurus achilles,-169.9331,-19.061833
Acanthurus achilles,-149.5493,-23.3828
Acanthurus achilles,-155.901028,19.218277
Acanthurus achilles,-163.13,-13.21
Acanthurus achilles,-170.6754,25.4613
Acanthurus achilles,166.836496,11.15345117
Acanthurus achilles,-170.636144,-14.281534
Acanthurus achilles,-168.1489093,-14.53277615
Acanthurus achilles,-162.409776,6.3849
Acanthurus achilles,-171.0820257,-11.06776334
Acanthurus achilles,-166.2618219,23.68082173
Acanthurus achilles,-155.800695,20.252542
Acanthurus achilles,-169.4839985,16.76514057
Acanthurus achilles,-170.80248,-14.292466
Acanthurus achilles,-154.7,-21.79
Acanthurus achilles,-155.9190188,19.13674979
Acanthurus achilles,166.6569504,19.2892094
Acanthurus achilles,-168.141661,-14.552925
Acanthurus achilles,-154.945774,19.614773
Acanthurus achilles,-124.8,-24.68
Acanthurus achilles,-162.0013542,5.87554959
Acanthurus achilles,-171.079236,-11.06835737
Acanthurus achilles,-155.8994194,19.25695055
Acanthurus achilles,-159.99718,-0.36171
Acanthurus achilles,-169.914317,-18.998883
Acanthurus achilles,-171.0775275,-11.04571098
Acanthurus achilles,-159.3916667,3.925
Acanthurus achilles,-142.45574,-16.02008
Acanthurus achilles,-170.77895,-14.36295
Acanthurus achilles,-155.280583,19.2656
Acanthurus achilles,-166.331992,23.858306
Acanthurus achilles,-160.1666683,21.95241739
Acanthurus achilles,166.65619,19.280821
Acanthurus achilles,-170.83542,-14.3265
Acanthurus achilles,-169.6077,-14.1864
Acanthurus achilles,-143.533004761,-17.533000946
Acanthurus achilles,-160.006139,-0.365279
Acanthurus achilles,-140.25,-8.83
Acanthurus achilles,-169.92,-19.13
Acanthurus achilles,-159.6666667,3.85
Acanthurus achilles,-171.0818587,-11.06797029
Acanthurus achilles,-145.88,-15.93
Acanthurus achilles,-169.939583,-19.065433
Acanthurus achilles,-169.62435,-14.16373
Acanthurus achilles,-176.46663,0.19607
Acanthurus achilles,-170.501283,25.368367
Acanthurus achilles,-171.086877,-11.063687
Acanthurus achilles,166.621919,19.282455
Acanthurus achilles,-168.138168,-14.550104
Acanthurus achilles,-168.1527358,-14.52988087
Acanthurus achilles,-171.0892941,-11.04820032
Acanthurus achilles,-168.167557,-14.536839
Acanthurus achilles,-162.1612277,5.88491276
Acanthurus achilles,-168.1634814,-14.53621742
Acanthurus achilles,-170.557533,-14.277267
Acanthurus achilles,-166.35066,23.86363
Acanthurus achilles,-155.8947,20.2401
Acanthurus achilles,-169.51543,-14.23758
Acanthurus achilles,-156.9969382,20.83457795
Acanthurus achilles,-168.172905,-14.540724
Acanthurus achilles,-156.9249977,20.73476558
Acanthurus achilles,179.204683,-8.520533
Acanthurus achilles,-155.952485,19.505647
Acanthurus achilles,-170.6963373,-14.33112072
Acanthurus achilles,-168.1541422,-14.52897211
Acanthurus achilles,-176.4610198,0.18724199
Acanthurus achilles,-176.4734733,0.20351973
Acanthurus achilles,-159.9976077,-0.36268394
Acanthurus achilles,-175.8337022,27.95490604
Acanthurus achilles,-169.560781,16.71641573
Acanthurus achilles,-170.7193972,-14.27049886
Acanthurus achilles,-155.081361,19.853316
Acanthurus achilles,154.761667,1.103056
Acanthurus achilles,-170.670225,-14.23843606
Acanthurus achilles,-174.0123502,25.96691323
Acanthurus achilles,-169.6281971,-14.16618749
Acanthurus achilles,-168.1491241,-14.55594926
Acanthurus achilles,-171.09183,-11.054617
Acanthurus achilles,-174.022764,25.991347
Acanthurus achilles,-171.073767,-11.045733
Acanthurus achilles,-162.118287,5.866502
Acanthurus achilles,-162.1199598,5.88425553
Acanthurus achilles,-159.7005375,22.16838886
Acanthurus achilles,-166.269044,23.880939
Acanthurus achilles,-169.4244114,16.74419579
Acanthurus achilles,166.8957352,11.17905567
Acanthurus achilles,-169.916667,-19.108883
Acanthurus achilles,-171.741133,25.753883
Acanthurus achilles,-163.1,-13.25
Acanthurus achilles,-157.7157074,21.40350466
Acanthurus achilles,175,5
Acanthurus achilles,-170.7501397,-14.3598372
Acanthurus achilles,166.621068,19.32215
Acanthurus achilles,-166.276578,23.867155
Acanthurus achilles,-171.089924,-11.048514
Acanthurus achilles,-169.62175,-14.18741
Acanthurus achilles,-169.6863853,-14.16908537
Acanthurus achilles,-140.101176,-8.928199
Acanthurus achilles,-171.417583,-14.0617
Acanthurus achilles,166.6056694,19.32359657
Acanthurus achilles,-159.697471,22.16368829
Acanthurus achilles,-170.814107,-14.300153
Acanthurus achilles,166.6415067,19.31610516
Acanthurus achilles,-168.16988,-14.53724
Acanthurus achilles,166.59824,19.31654
Acanthurus achilles,-168.1457517,-14.53868229
Acanthurus achilles,-160.0105315,-0.37199732
Acanthurus achilles,-168.171063,-14.54535093
Acanthurus achilles,-170.7608348,-14.36471061
Acanthurus achilles,166.614754,19.324275
Acanthurus achilles,-169.558411,16.723517
Acanthurus achilles,-154.971091,19.65415243
Acanthurus achilles,-170.8023886,-14.29242902
Acanthurus achilles,-171.09225,-11.050583
Acanthurus achilles,156.958433,-8.191767
Acanthurus achilles,-169.919383,-19.033767
Acanthurus achilles,144.8782804,13.65065427
Acanthurus achilles,-170.5754829,-14.27516388
Acanthurus achilles,-169.41892000000001,-14.24713
Acanthurus achilles,-168.14363,-14.542283
Acanthurus achilles,-166.22926,23.677382
Acanthurus achilles,-159.978177,-0.374613
Acanthurus achilles,-159.97828,-0.377444
Acanthurus achilles,-155.5838151,19.00462098
Acanthurus achilles,166.5984116,19.31633843
Acanthurus achilles,-168.1530219,-14.55788221
Acanthurus achilles,166.59816,19.29774
Acanthurus achilles,166.629377,19.295854
Acanthurus achilles,-160.00635,-0.36537
Acanthurus achilles,-169.60817,-14.15714
Acanthurus achilles,-166.194727,23.635948
Acanthurus achilles,-157.35495,1.994583
Acanthurus achilles,-154.8508,19.5475
Acanthurus achilles,-169.49142,-14.27653
Acanthurus achilles,-169.877633,-18.958617
Acanthurus achilles,-170.56104,-14.2623
Acanthurus achilles,166.637794,19.316283
Acanthurus achilles,-160.007361,-0.368892
Acanthurus achilles,-171.081695,-11.046189
Acanthurus achilles,-159.98035,-0.38256
Acanthurus achilles,166.604523,19.29401
Acanthurus achilles,-110.3,24.1833333333333
Acanthurus achilles,-168.1480696,-14.53393218
Acanthurus achilles,-169.62227,-14.18893
Acanthurus achilles,-154.73,-21.81
Acanthurus achilles,-144.380004883,-27.6049995422
Acanthurus achilles,-112.774499999999,18.8360713724027
Acanthurus achilles,-168.16292,-14.53605
Acanthurus achilles,-169.493168,-14.215651
Acanthurus achilles,-168.150441,-14.529209
Acanthurus achilles,-171.749715,25.763772
Acanthurus achilles,-171.0650689,-11.05809909
Acanthurus achilles,-155.825867,20.260833
Acanthurus achilles,-154.99985,19.731783
Acanthurus achilles,-171.0724995,-11.06463823
Acanthurus achilles,-160.007139,-0.366942
Acanthurus achilles,145.693832,15.163378
Acanthurus achilles,-136.783333333333,-14.8333333333333
Acanthurus achilles,-155.889173,19.313184
Acanthurus achilles,-170.83168,-14.32988
Acanthurus achilles,166.779955,11.168257
Acanthurus achilles,-159.7109315,22.15610895
Acanthurus achilles,-156.4459974,20.6452015
Acanthurus achilles,-144.38,-27.605
Acanthurus achilles,-169.53238,16.74967
Acanthurus achilles,-170.8319,-14.32808
Acanthurus achilles,-169.68074,-14.17466
Acanthurus achilles,-166.19987,23.676682
Acanthurus achilles,-169.891217,-18.968483
Acanthurus achilles,-169.894433,-18.971333
Acanthurus achilles,-169.899683,-18.97895
Acanthurus achilles,-171.08941,-11.061052
Acanthurus achilles,166.6294564,19.27958496
Acanthurus achilles,-155.520135,19.112916
Acanthurus achilles,-155.902417,19.227075
Acanthurus achilles,166.8437915,11.153993
Acanthurus achilles,-169.4818267,16.73165428
Acanthurus achilles,-170.830848,-14.308422
Acanthurus achilles,-162.4627996,6.38750273
Acanthurus achilles,-168.14409,-14.5542
Acanthurus achilles,-156.666899,20.501113
Acanthurus achilles,-142.4723,-16.04119
Acanthurus achilles,-159.972682,-0.380382
Acanthurus achilles,166.6341474,19.31508232
Acanthurus achilles,-155.895701,19.262566
Acanthurus achilles,-154.8178,19.4856
Acanthurus achilles,-162.13792,5.8956
Acanthurus achilles,-140.13,-9.4
Acanthurus achilles,-162.38959,6.38318
Acanthurus achilles,-157.56255,1.877167
Acanthurus achilles,145.23755,20.02361
Acanthurus achilles,120.577785,18.624681
Acanthurus achilles,-170.507422,25.437582
Acanthurus achilles,169.918383,10.457617
Acanthurus achilles,-159.9795826,-0.37527264
Acanthurus achilles,-139.08,-9.89
Acanthurus achilles,-168.14459,-14.54134
Acanthurus achilles,-155.7963,19.006233
Acanthurus achilles,166.6056698,19.32389103
Acanthurus achilles,-168.168653,-14.549021
Acanthurus achilles,-154.71,-21.8
Acanthurus achilles,-169.5607978,16.70061543
Acanthurus achilles,-154.822906,19.473039
Acanthurus achilles,-169.430079,-14.210866
Acanthurus achilles,-170.7207727,-14.34320432
Acanthurus achilles,-170.74007,-14.289558
Acanthurus achilles,-154.989483,19.339767
Acanthurus achilles,-168.1486117,-14.53283809
Acanthurus achilles,-162.38808,6.43887
Acanthurus achilles,-138.832,-9.95037
Acanthurus achilles,-166.2397,23.865717
Acanthurus achilles,-156.282806,20.590436
Acanthurus achilles,-160.0022822,-0.36151542
Acanthurus achilles,-162.1271583,5.86370311
Acanthurus achilles,-155.0156763,19.7366633
Acanthurus achilles,-162.06865,5.89903
Acanthurus achilles,-156.5995799,21.03183305
Acanthurus achilles,-155.318017,20.0329
Acanthurus achilles,-155.9098846,19.17447103
Acanthurus achilles,119.880261437599,8.90034993218769
Acanthurus achilles,166.6154091,19.28550803
Acanthurus achilles,-169.4997695,16.77717724
Acanthurus achilles,166.595465,19.301949
Acanthurus achilles,-155.5452286,19.08245567
Acanthurus achilles,-162.0059361,5.87516704
Acanthurus achilles,166.593727,19.310274
Acanthurus achilles,-159.9944623,-0.38178261
Acanthurus achilles,-162.4116502,6.3802829
Acanthurus achilles,-156.9391167,20.73548868
Acanthurus achilles,-169.46957,-14.25395
Acanthurus achilles,-170.794572,-14.291977
Acanthurus achilles,-160.012848,-0.374711
Acanthurus achilles,-166.230705,23.881739
Acanthurus achilles,-169.4929,16.74938
Acanthurus achilles,-169.91885,-19.130367
Acanthurus achilles,-168.1377728,-14.54823346
Acanthurus achilles,-171.092544,-11.053191
Acanthurus achilles,-171.0894868,-11.06126376
Acanthurus achilles,-169.50818,-14.24369
Acanthurus achilles,-154.9731,19.6629
Acanthurus achilles,-157.8,21.583
Acanthurus achilles,179.12015,-8.500317
Acanthurus achilles,166.6572735,19.28935616
Acanthurus achilles,166.642453,19.274244
Acanthurus achilles,-160.007448,-0.381499
Acanthurus achilles,166.8430458,11.14896667
Acanthurus achilles,-173.77,-15.93
Acanthurus achilles,-156.5269,20.9869
Acanthurus achilles,-176.47007,0.1868
Acanthurus achilles,144.812281,13.43301035
Acanthurus achilles,-170.67082,-14.22971
Acanthurus achilles,-171.0836971,-11.06694359
Acanthurus achilles,-169.910917,-18.9954
Acanthurus achilles,-169.52582,16.75863
Acanthurus achilles,-168.1611218,-14.53492979
Acanthurus achilles,-170.55298,-14.2757
Acanthurus achilles,-168.169982,-14.547047
Acanthurus achilles,-154.8527585,19.44592735
Acanthurus achilles,-169.8564,-18.9544
Acanthurus achilles,-162.1425394,5.86885504
Acanthurus achilles,166.6022507,19.3204827
Acanthurus achilles,-156.993631,20.829877
Acanthurus achilles,-162.4583038,6.38086662
Acanthurus achilles,-142.47678,-16.0366
Acanthurus achilles,-162.044843,5.872554
Acanthurus achilles,-160.0047243,-0.3633374
Acanthurus achilles,-169.920467,-19.0512
Acanthurus achilles,-168.171353,-14.545056
Acanthurus achilles,-171.092233,-11.050833
Acanthurus achilles,-166.166667,23.750278
Acanthurus achilles,-157.800003052,21.5830001831
Acanthurus achilles,-156.7352138,21.16966112
Acanthurus achilles,-155.564814,19.028007
Acanthurus achilles,-170.700951,-14.333937
Acanthurus achilles,-168.1833333,-14.5333333
Acanthurus achilles,145.66322,18.72673
Acanthurus achilles,-166.265237,23.769163
Acanthurus achilles,166.599067,19.316295
Acanthurus achilles,-143.533,-17.533
Acanthurus achilles,-176.6204048,0.79896729
Acanthurus achilles,-159.9909661,-0.36348752
Acanthurus achilles,-170.8060469,-14.33549238
Acanthurus achilles,-160.097799,22.022345
Acanthurus achilles,166.6532768,19.296992500000002
Acanthurus achilles,-155.7862736,18.99763014
Acanthurus achilles,-142.46266,-16.03106
Acanthurus achilles,-172.174983,-13.71625
Acanthurus achilles,-170.660984,-14.244918
Acanthurus achilles,-171.7511,25.76983333
Acanthurus achilles,-170.69904,-14.33183
Acanthurus achilles,166.8666868,11.15778567
Acanthurus achilles,-155.849028,19.017998
Acanthurus achilles,-156.2173797,20.91567035
Acanthurus achilles,-169.4827797,16.72161779
Acanthurus achilles,-162.127911,5.871459
Acanthurus achilles,-169.4993578,16.73080637
Acanthurus achilles,-156.750328,21.175399380000002
Acanthurus achilles,-169.5223191,16.71223341
Acanthurus achilles,-171.744598,25.778183
Acanthurus achilles,-170.5538,-14.27632
Acanthurus achilles,-170.819283,-14.300067
Acanthurus achilles,-166.3066148,23.87416667
Acanthurus achilles,-142.53484,-16.1555
Acanthurus achilles,-130.758,-23.931
Acanthurus achilles,-171.083549,-11.06705189
Acanthurus achilles,166.8386793,11.151681
Acanthurus achilles,-169.44694,-14.25116
Acanthurus achilles,-170.5941659,-14.2560974
Acanthurus achilles,166.650524,19.270443
Acanthurus achilles,-169.6337286,-14.16161223
Acanthurus achilles,-171.070543,-11.06318
Acanthurus achilles,-168.142732,-14.543113
Acanthurus achilles,-169.9,-18.98
Acanthurus achilles,-157.75,21.5
Acanthurus achilles,-110.35,24.15
