species,decimalLongitude,decimalLatitude
Acanthurus bariene,121.5977,15.8547
Acanthurus bariene,44.939446410239,-12.543656417828
Acanthurus bariene,78.3192,8.6626
Acanthurus bariene,79.6666641235,8.25
Acanthurus bariene,79.666664,8.25
Acanthurus bariene,45.168271023354,-12.69138361572
Acanthurus bariene,145.37643,-14.75943
Acanthurus bariene,54.197331,12.672825
Acanthurus bariene,44.956794505662,-12.523654538936
Acanthurus bariene,54.346147,12.602461
Acanthurus bariene,125.48168,3.605508
Acanthurus bariene,122.983,-12.25
Acanthurus bariene,132.736,-10.32389
Acanthurus bariene,79.7333297729,8.38333320618
Acanthurus bariene,145.459,-14.705
Acanthurus bariene,45.249446561624,-12.892456563862
Acanthurus bariene,145.37527,-14.76455
Acanthurus bariene,45.077796602098,-12.546113195536
Acanthurus bariene,79.73333,8.383333
Acanthurus bariene,145.46923,-14.69147
Acanthurus bariene,44.924243649595,-12.6003636566
Acanthurus bariene,147.266667,-18.75
Acanthurus bariene,116.728,20.696
Acanthurus bariene,151.91666,-23.45
Acanthurus bariene,125.213096,1.445594
Acanthurus bariene,120.370002747,22.3600006104
Acanthurus bariene,44.96734735095,-12.688144208242
Acanthurus bariene,130.001111,28.367222
Acanthurus bariene,-157.865711,21.291426
Acanthurus bariene,44.9725,-12.7969
Acanthurus bariene,118.433,9.25
Acanthurus bariene,117.013753,7.939438
Acanthurus bariene,130.75,-0.23333
Acanthurus bariene,130.937222,30.662222
Acanthurus bariene,165.290838295057,-20.5800085674362
Acanthurus bariene,147.26667,-18.75
Acanthurus bariene,45.203996174015,-12.933601796194
Acanthurus bariene,132.5,-7.5
Acanthurus bariene,146.53242,-17.79117
Acanthurus bariene,44.9645,-12.9211
Acanthurus bariene,99.211,7.417
Acanthurus bariene,98.9407,5.6802
Acanthurus bariene,151.916667,-23.45
Acanthurus bariene,119.880261437599,8.90034993218769
Acanthurus bariene,40.36666667,-22.36666667
Acanthurus bariene,146.264712,-16.895802
Acanthurus bariene,123.122783,12.963443
Acanthurus bariene,147.33333,-18.4
Acanthurus bariene,45.249307498735,-12.887206939796
Acanthurus bariene,44.985395106534,-12.972353987975
Acanthurus bariene,45.110490866769,-12.594139143738
Acanthurus bariene,35.56645,-23.83775
Acanthurus bariene,152.56656,-21.4363
Acanthurus bariene,44.945689264185,-12.855712331438
Acanthurus bariene,45.046340866283,-12.65240794287
Acanthurus bariene,97.636,8.572
Acanthurus bariene,125.101837,-8.68075926
Acanthurus bariene,134.45665,7.184133
Acanthurus bariene,45.272533,-12.85977
Acanthurus bariene,147.333333,-18.4
Acanthurus bariene,151.93336,-23.43459
