species,decimalLongitude,decimalLatitude
Acanthurus reversus,-140.1,-8.94
Acanthurus reversus,-139.1,-9.91
Acanthurus reversus,46.2109879,-9.4461709
Acanthurus reversus,-140.13,-9.4
Acanthurus reversus,46.2253634,-9.42518
Acanthurus reversus,-139.08,-9.89
Acanthurus reversus,-138.842,-9.97178
Acanthurus reversus,46.2057637,-9.4011713
Acanthurus reversus,46.206047,-9.400901
Acanthurus reversus,-140.25,-8.83
Acanthurus reversus,-139.533004761,-8.91699981689
Acanthurus reversus,-139.533,-8.917
Acanthurus reversus,-138.832,-9.95037
Acanthurus reversus,-140.13,-9.41
