species,decimalLongitude,decimalLatitude
Acanthaluteres spilomelanurus,151.216,-33.866
Acanthaluteres spilomelanurus,150.121,-36.2214
Acanthaluteres spilomelanurus,149.883,-36.883
Acanthaluteres spilomelanurus,151.25,-33.83333
Acanthaluteres spilomelanurus,150.177,-35.7014
Acanthaluteres spilomelanurus,150.779,-35.0316
Acanthaluteres spilomelanurus,147.26,-43.03
Acanthaluteres spilomelanurus,150.766,-35.033
Acanthaluteres spilomelanurus,150.733,-35.1389
Acanthaluteres spilomelanurus,115.717,-32.2
Acanthaluteres spilomelanurus,150.133,-36.15
Acanthaluteres spilomelanurus,141.6,-38.35
Acanthaluteres spilomelanurus,150.77,-35.0125
Acanthaluteres spilomelanurus,146.38,-38.8
Acanthaluteres spilomelanurus,115.15371,-33.5681
Acanthaluteres spilomelanurus,137.60001,-33.185
Acanthaluteres spilomelanurus,148.0032,-42.50664
Acanthaluteres spilomelanurus,148.3,-40.216
Acanthaluteres spilomelanurus,151.3,-33.633
Acanthaluteres spilomelanurus,144.649,-38.0203
Acanthaluteres spilomelanurus,145.218,-38.3417
Acanthaluteres spilomelanurus,144.458,-38.1225
Acanthaluteres spilomelanurus,147.955,-37.8786
Acanthaluteres spilomelanurus,147.936,-37.8828
Acanthaluteres spilomelanurus,151.107,-34.0796
Acanthaluteres spilomelanurus,144.798,-38.3573
Acanthaluteres spilomelanurus,151.25,-33.85
Acanthaluteres spilomelanurus,137.77,-35.82
Acanthaluteres spilomelanurus,137.6167,-33.9333
Acanthaluteres spilomelanurus,151.27756,-33.84603
Acanthaluteres spilomelanurus,147.15,-43.24
Acanthaluteres spilomelanurus,147.26092,-43.63351
Acanthaluteres spilomelanurus,149.883,-36.916
Acanthaluteres spilomelanurus,115.25,-33.6
Acanthaluteres spilomelanurus,150.733,-35.05
Acanthaluteres spilomelanurus,148.06207,-42.57658
Acanthaluteres spilomelanurus,144.466,-38.1086
Acanthaluteres spilomelanurus,147.33253,-43.05907
Acanthaluteres spilomelanurus,144.666,-38.266
Acanthaluteres spilomelanurus,146.269,-38.8056
Acanthaluteres spilomelanurus,151.119,-34.0708
Acanthaluteres spilomelanurus,151.283,-33.866
Acanthaluteres spilomelanurus,148.26477,-42.15631
Acanthaluteres spilomelanurus,146.338,-38.6889
Acanthaluteres spilomelanurus,147.897,-42.56867
Acanthaluteres spilomelanurus,137.537,-33.8308
Acanthaluteres spilomelanurus,115.73333,-32.13333
Acanthaluteres spilomelanurus,150.098,-36.2159
Acanthaluteres spilomelanurus,147.28181,-43.14505
Acanthaluteres spilomelanurus,151.181,-33.9491
Acanthaluteres spilomelanurus,151.266,-33.85
Acanthaluteres spilomelanurus,145.30836,-40.7665
Acanthaluteres spilomelanurus,146.468,-38.7008
Acanthaluteres spilomelanurus,147.02,-43.32
Acanthaluteres spilomelanurus,144.899,-38.355
Acanthaluteres spilomelanurus,144.693,-38.1203
Acanthaluteres spilomelanurus,137.483,-33.605
Acanthaluteres spilomelanurus,137.5667,-34.05
Acanthaluteres spilomelanurus,145.223,-38.3183
Acanthaluteres spilomelanurus,144.607,-38.0683
Acanthaluteres spilomelanurus,144.915,-37.8683
Acanthaluteres spilomelanurus,145.218,-38.3414
Acanthaluteres spilomelanurus,150.183,-35.7132
Acanthaluteres spilomelanurus,119.57187,-34.20297
Acanthaluteres spilomelanurus,145.218,-38.3425
Acanthaluteres spilomelanurus,147.82,-37.82
Acanthaluteres spilomelanurus,147.33333,-42.88333
Acanthaluteres spilomelanurus,144.777,-38.3597
Acanthaluteres spilomelanurus,147.59433,-40.84848
Acanthaluteres spilomelanurus,150.101,-36.207
Acanthaluteres spilomelanurus,144.718,-38.1761
Acanthaluteres spilomelanurus,144.773,-38.3617
Acanthaluteres spilomelanurus,148.00697,-42.66082
Acanthaluteres spilomelanurus,150.1,-36.2
Acanthaluteres spilomelanurus,137.6,-33.185
Acanthaluteres spilomelanurus,144.38583,-38.1125
Acanthaluteres spilomelanurus,147.89749,-42.56833
Acanthaluteres spilomelanurus,137.493,-33.4283
Acanthaluteres spilomelanurus,146.283,-38.683
Acanthaluteres spilomelanurus,149.9,-36.883
Acanthaluteres spilomelanurus,145.032,-38.215
Acanthaluteres spilomelanurus,153.67499,-28.37499
Acanthaluteres spilomelanurus,146.7905,-41.06547
Acanthaluteres spilomelanurus,147.463,-38.0331
Acanthaluteres spilomelanurus,151.142,-34.0684
Acanthaluteres spilomelanurus,144.365,-38.1133
Acanthaluteres spilomelanurus,144.883,-38.083
Acanthaluteres spilomelanurus,145.207,-38.3336
Acanthaluteres spilomelanurus,117.88467,-35.01733
Acanthaluteres spilomelanurus,144.71,-38.1917
Acanthaluteres spilomelanurus,144.912,-37.865
Acanthaluteres spilomelanurus,145.22,-38.35
Acanthaluteres spilomelanurus,144.656,-38.304
Acanthaluteres spilomelanurus,115.41667,-33.58333
Acanthaluteres spilomelanurus,115.683,-32.283
Acanthaluteres spilomelanurus,115.66667,-32.2
Acanthaluteres spilomelanurus,148.22939,-40.46449
Acanthaluteres spilomelanurus,151.127,-34.0808
Acanthaluteres spilomelanurus,144.37,-38.13
Acanthaluteres spilomelanurus,144.68,-38.12
Acanthaluteres spilomelanurus,152,-32.683
Acanthaluteres spilomelanurus,115.1479,-33.5539
Acanthaluteres spilomelanurus,137.4989,-33.6228
Acanthaluteres spilomelanurus,137.645,-33.295
Acanthaluteres spilomelanurus,147.26,-43.26
Acanthaluteres spilomelanurus,122.02622,-33.8574
Acanthaluteres spilomelanurus,150.15166,-36.66916
Acanthaluteres spilomelanurus,147.3344,-43.0244
Acanthaluteres spilomelanurus,122.08945,-33.95318
Acanthaluteres spilomelanurus,147.25,-43.23
Acanthaluteres spilomelanurus,144.387,-38.09
Acanthaluteres spilomelanurus,151.176,-34.0266
Acanthaluteres spilomelanurus,147.9872,-42.5242
Acanthaluteres spilomelanurus,135.87,-34.73
Acanthaluteres spilomelanurus,147.892,-37.8822
Acanthaluteres spilomelanurus,121.997,-33.97755
Acanthaluteres spilomelanurus,151.25,-33.633
Acanthaluteres spilomelanurus,145.375,-38.2356
Acanthaluteres spilomelanurus,146.247,-38.6962
Acanthaluteres spilomelanurus,122.03797,-33.87155
Acanthaluteres spilomelanurus,148.3278,-41.2485
Acanthaluteres spilomelanurus,148.0546,-42.58268
Acanthaluteres spilomelanurus,115.2168,-33.5764
Acanthaluteres spilomelanurus,144.56417,-38.11167
Acanthaluteres spilomelanurus,144.56,-38.1511
Acanthaluteres spilomelanurus,146.698,-38.6125
Acanthaluteres spilomelanurus,148.29073,-42.14191
Acanthaluteres spilomelanurus,151.25,-33.866
Acanthaluteres spilomelanurus,123.88333,-33.61667
Acanthaluteres spilomelanurus,144.43,-38.12
Acanthaluteres spilomelanurus,151.146,-34.082
Acanthaluteres spilomelanurus,147.89699,-42.56866
Acanthaluteres spilomelanurus,144.358,-38.1283
Acanthaluteres spilomelanurus,144.36,-38.1167
Acanthaluteres spilomelanurus,146.261,-38.6886
Acanthaluteres spilomelanurus,145.214,-38.3136
Acanthaluteres spilomelanurus,151.11667,-34.06667
Acanthaluteres spilomelanurus,147.947,-37.8789
Acanthaluteres spilomelanurus,138,-34.933
Acanthaluteres spilomelanurus,115.71667,-32.26667
Acanthaluteres spilomelanurus,144.57,-38.15
Acanthaluteres spilomelanurus,133.2974,-32.49023
Acanthaluteres spilomelanurus,147.9413,-42.6161
Acanthaluteres spilomelanurus,151,-33
Acanthaluteres spilomelanurus,147.316,-42.883
Acanthaluteres spilomelanurus,148.02431,-42.62899
Acanthaluteres spilomelanurus,144.409,-38.1075
Acanthaluteres spilomelanurus,137.633,-33.933
Acanthaluteres spilomelanurus,150.183,-35.716
Acanthaluteres spilomelanurus,147.42,-38.17
Acanthaluteres spilomelanurus,137.879,-34.6653
Acanthaluteres spilomelanurus,133.4614,-32.1714
Acanthaluteres spilomelanurus,115.71667,-32.28333
Acanthaluteres spilomelanurus,144.397,-38.1067
Acanthaluteres spilomelanurus,145.007,-38.2817
Acanthaluteres spilomelanurus,147.3421,-43.0534
Acanthaluteres spilomelanurus,137.03,-34.92
Acanthaluteres spilomelanurus,151.116,-34.083
Acanthaluteres spilomelanurus,147.25,-43.133
Acanthaluteres spilomelanurus,144.4,-38.106
Acanthaluteres spilomelanurus,117.8846,-35.0173
Acanthaluteres spilomelanurus,141.608,-38.349
Acanthaluteres spilomelanurus,133.716,-32.216
Acanthaluteres spilomelanurus,115.1379,-33.5684
Acanthaluteres spilomelanurus,151.266998291,-33.8499984741
Acanthaluteres spilomelanurus,137.798,-34.9
Acanthaluteres spilomelanurus,148.283,-42.133
Acanthaluteres spilomelanurus,122.00167,-33.9827
Acanthaluteres spilomelanurus,146.87592,-41.01829
Acanthaluteres spilomelanurus,147.3922,-42.9771
Acanthaluteres spilomelanurus,151.2166667,-33.8666667
Acanthaluteres spilomelanurus,115.71667,-32.18333
Acanthaluteres spilomelanurus,144.668,-38.2672
Acanthaluteres spilomelanurus,151.23027,-33.83999
Acanthaluteres spilomelanurus,144.36,-38.1217
Acanthaluteres spilomelanurus,149.88333,-36.9
Acanthaluteres spilomelanurus,147.333,-42.883
Acanthaluteres spilomelanurus,133.71667,-32.21667
Acanthaluteres spilomelanurus,147.67032,-40.81948
Acanthaluteres spilomelanurus,115.15,-34.28333
Acanthaluteres spilomelanurus,149.933,-37.25
Acanthaluteres spilomelanurus,141.62,-38.33
Acanthaluteres spilomelanurus,148.31363,-41.86954
Acanthaluteres spilomelanurus,139.75,-37.17
Acanthaluteres spilomelanurus,115.3,-33.61667
Acanthaluteres spilomelanurus,145.224,-38.3175
Acanthaluteres spilomelanurus,144.55,-38.18
Acanthaluteres spilomelanurus,117.88333,-35.01667
Acanthaluteres spilomelanurus,150.966,-33.5
Acanthaluteres spilomelanurus,151.1,-34.083
Acanthaluteres spilomelanurus,148.30344,-41.86864
Acanthaluteres spilomelanurus,147.833,-37.9331
Acanthaluteres spilomelanurus,147.35709,-43.06273
Acanthaluteres spilomelanurus,133.68333,-32.13333
Acanthaluteres spilomelanurus,144.868,-38.365
Acanthaluteres spilomelanurus,115.1974,-33.6079
Acanthaluteres spilomelanurus,144.722,-37.9919
Acanthaluteres spilomelanurus,150.75,-35
Acanthaluteres spilomelanurus,136.92,-34.5
Acanthaluteres spilomelanurus,137.749,-35.0853
Acanthaluteres spilomelanurus,137.9336,-34.9372
Acanthaluteres spilomelanurus,144.564,-38.11067
Acanthaluteres spilomelanurus,151.272266,-33.850143
Acanthaluteres spilomelanurus,147.14182,-43.29383
Acanthaluteres spilomelanurus,144.535,-38.0967
Acanthaluteres spilomelanurus,144.663,-38.2633
Acanthaluteres spilomelanurus,138,-33.2
Acanthaluteres spilomelanurus,151.332992554,-33.5830001831
Acanthaluteres spilomelanurus,144.72,-38.08
Acanthaluteres spilomelanurus,144.98,-37.9
Acanthaluteres spilomelanurus,144.967,-37.767
Acanthaluteres spilomelanurus,145.516,-40.85
Acanthaluteres spilomelanurus,149.933,-36.883
Acanthaluteres spilomelanurus,141.623,-38.3486
Acanthaluteres spilomelanurus,144.563,-38.1517
Acanthaluteres spilomelanurus,145.05683,-38.00583
Acanthaluteres spilomelanurus,145,-38
Acanthaluteres spilomelanurus,145.28,-38.25
Acanthaluteres spilomelanurus,150.1,-36.216
Acanthaluteres spilomelanurus,150.177,-35.7077
Acanthaluteres spilomelanurus,147.72499,-43.12499
Acanthaluteres spilomelanurus,148.08046,-42.57373
Acanthaluteres spilomelanurus,146,-43.33333
Acanthaluteres spilomelanurus,144.629,-38.1089
Acanthaluteres spilomelanurus,144.407,-38.1167
Acanthaluteres spilomelanurus,151.333,-33.583
Acanthaluteres spilomelanurus,147.266,-43.033
Acanthaluteres spilomelanurus,151.22249,-33.86305
Acanthaluteres spilomelanurus,147.4,-41
Acanthaluteres spilomelanurus,115.7,-32.26667
Acanthaluteres spilomelanurus,152.1,-32.7
Acanthaluteres spilomelanurus,143.85,-39.933
Acanthaluteres spilomelanurus,145.22,-38.3525
Acanthaluteres spilomelanurus,115.1,-33.6
Acanthaluteres spilomelanurus,147.8975,-42.56833
Acanthaluteres spilomelanurus,148.166,-42.25
Acanthaluteres spilomelanurus,147.9465,-42.6075
Acanthaluteres spilomelanurus,147,-43.533
Acanthaluteres spilomelanurus,147.766,-43
Acanthaluteres spilomelanurus,144.713,-38.0144
Acanthaluteres spilomelanurus,115.2028,-33.6076
Acanthaluteres spilomelanurus,151.18549,-33.84033
Acanthaluteres spilomelanurus,115.71667,-32.21667
Acanthaluteres spilomelanurus,150.75,-35.083
Acanthaluteres spilomelanurus,116.26852,-35.06907
Acanthaluteres spilomelanurus,147.31667,-42.88333
Acanthaluteres spilomelanurus,150.663,-35.0249
Acanthaluteres spilomelanurus,137.8,-35.7917
Acanthaluteres spilomelanurus,144.6,-38.12
Acanthaluteres spilomelanurus,144.7235,-37.995
Acanthaluteres spilomelanurus,144.776,-37.9614
Acanthaluteres spilomelanurus,145.075,-38.027
Acanthaluteres spilomelanurus,144.358,-38.1417
Acanthaluteres spilomelanurus,115.68333,-32.28333
Acanthaluteres spilomelanurus,145.27,-38.27
Acanthaluteres spilomelanurus,115.4099,-32.0565
Acanthaluteres spilomelanurus,115.1591,-33.5814
Acanthaluteres spilomelanurus,147.91566,-42.58359
Acanthaluteres spilomelanurus,137.877,-34.705
Acanthaluteres spilomelanurus,144.679,-38.0411
Acanthaluteres spilomelanurus,147.72,-37.98
Acanthaluteres spilomelanurus,145.22,-38.34
Acanthaluteres spilomelanurus,122.096,-33.94967
Acanthaluteres spilomelanurus,144.966995239,-37.766998291
Acanthaluteres spilomelanurus,113.583000183,-25.8999996185
Acanthaluteres spilomelanurus,146.323,-39.07
Acanthaluteres spilomelanurus,148.30984,-41.88012
Acanthaluteres spilomelanurus,115.111,-33.5372
Acanthaluteres spilomelanurus,147.772,-37.9044
Acanthaluteres spilomelanurus,151.2,-34.0098
Acanthaluteres spilomelanurus,122.09945,-33.94747
Acanthaluteres spilomelanurus,148.28851,-42.29332
Acanthaluteres spilomelanurus,151.116,-34.066
Acanthaluteres spilomelanurus,137.58,-33.5
Acanthaluteres spilomelanurus,150.22832,-36.67249
Acanthaluteres spilomelanurus,133.666,-32.133
Acanthaluteres spilomelanurus,115.3,-33.616667
Acanthaluteres spilomelanurus,148.27242,-42.21498
Acanthaluteres spilomelanurus,151.333,-33.616
Acanthaluteres spilomelanurus,118.21878,-35.02292
Acanthaluteres spilomelanurus,122.59778,-33.91607
Acanthaluteres spilomelanurus,134.52,-33.72
Acanthaluteres spilomelanurus,147.18173,-43.28534
Acanthaluteres spilomelanurus,148.3,-40.21667
Acanthaluteres spilomelanurus,115.63333,-32.25
Acanthaluteres spilomelanurus,142.257,-38.3642
Acanthaluteres spilomelanurus,117.95,-34.96667
Acanthaluteres spilomelanurus,151.266,-33.866
Acanthaluteres spilomelanurus,138.1072,-35.4189
Acanthaluteres spilomelanurus,137.65,-33.51667
Acanthaluteres spilomelanurus,151.5,-33.316
Acanthaluteres spilomelanurus,133.29453,-32.4901
Acanthaluteres spilomelanurus,146.81955,-41.03787
Acanthaluteres spilomelanurus,148.16667,-42.25
Acanthaluteres spilomelanurus,151.25,-33.8
Acanthaluteres spilomelanurus,144.973,-37.8783
Acanthaluteres spilomelanurus,151.267,-33.85
Acanthaluteres spilomelanurus,147,-43.53333
Acanthaluteres spilomelanurus,115.71667,-32.16667
Acanthaluteres spilomelanurus,148.33333,-41.25
Acanthaluteres spilomelanurus,144.802,-38.2869
Acanthaluteres spilomelanurus,151.166,-33.833
Acanthaluteres spilomelanurus,144.77,-38.35
Acanthaluteres spilomelanurus,115.3,-33.61666
Acanthaluteres spilomelanurus,147.9427,-42.6125
Acanthaluteres spilomelanurus,114.9085,-33.66985
Acanthaluteres spilomelanurus,146.88,-38.63
Acanthaluteres spilomelanurus,145.02,-38.2
Acanthaluteres spilomelanurus,115.18809,-33.5818
Acanthaluteres spilomelanurus,117.95,-35
Acanthaluteres spilomelanurus,144.801,-38.307
Acanthaluteres spilomelanurus,146.78432,-41.05602
Acanthaluteres spilomelanurus,145.29836,-40.7405
Acanthaluteres spilomelanurus,148.56,-38.2978
Acanthaluteres spilomelanurus,122.02993,-33.97919
Acanthaluteres spilomelanurus,146.7097,-41.06141
Acanthaluteres spilomelanurus,144.398,-38.075
Acanthaluteres spilomelanurus,148,-37.87
Acanthaluteres spilomelanurus,115.1518,-33.5917
Acanthaluteres spilomelanurus,137.93356,-34.93712
Acanthaluteres spilomelanurus,144.776,-38.3594
Acanthaluteres spilomelanurus,115.3674,-32.0591
Acanthaluteres spilomelanurus,147.39807,-42.99168
Acanthaluteres spilomelanurus,145.72037,-40.9435
Acanthaluteres spilomelanurus,115.66667,-32.11667
Acanthaluteres spilomelanurus,151.19083,-33.85222
Acanthaluteres spilomelanurus,151.137,-34.0052
Acanthaluteres spilomelanurus,137.6083,-35.6958
Acanthaluteres spilomelanurus,151.216,-34
Acanthaluteres spilomelanurus,151.28132,-33.84566
Acanthaluteres spilomelanurus,119.6826,-34.27225
Acanthaluteres spilomelanurus,137.71953,-33.1275
Acanthaluteres spilomelanurus,114.96452,-33.71996
Acanthaluteres spilomelanurus,148.05035,-42.59211
Acanthaluteres spilomelanurus,114.93333,-30.13333
Acanthaluteres spilomelanurus,144.9935,-38.24667
Acanthaluteres spilomelanurus,118.19747,-34.96132
Acanthaluteres spilomelanurus,146.64893,-39.473
Acanthaluteres spilomelanurus,115.716667,-32.183333
Acanthaluteres spilomelanurus,113.583,-25.9
Acanthaluteres spilomelanurus,137.5,-33.75
Acanthaluteres spilomelanurus,148.3268,-41.2507
Acanthaluteres spilomelanurus,148.06735,-42.5623
Acanthaluteres spilomelanurus,122.08378,-33.93782
