species,decimalLongitude,decimalLatitude
Acanthurus nubilus,-141,-18.07
Acanthurus nubilus,145.21238,20.0176
Acanthurus nubilus,144.89055,20.5532
Acanthurus nubilus,-130.758,-23.931
Acanthurus nubilus,145.2298256,20.01769904
Acanthurus nubilus,145.39225,19.68072
Acanthurus nubilus,-148.29165,-15.04494
Acanthurus nubilus,134.53614,7.9995
Acanthurus nubilus,145.2060879,20.02131013
Acanthurus nubilus,145.2077,20.02328
Acanthurus nubilus,145.2378502,20.02462492
Acanthurus nubilus,150.36666666666667,-5.166666666666668
Acanthurus nubilus,145.77527,16.7164
Acanthurus nubilus,158.058667,-8.458117
Acanthurus nubilus,-124.8,-24.68
Acanthurus nubilus,127.2708476,-8.38647449
Acanthurus nubilus,157.977667,-8.4341
Acanthurus nubilus,145.40305,19.70842
Acanthurus nubilus,145.7843597,16.69038875
Acanthurus nubilus,166.612566,19.28716
Acanthurus nubilus,145.2294188,20.02302381
Acanthurus nubilus,145.7535151,18.08242271
Acanthurus nubilus,145.76647,18.16657
Acanthurus nubilus,158.041367,-8.4598
Acanthurus nubilus,-130.111,-25.078
Acanthurus nubilus,144.89927,20.538
Acanthurus nubilus,120.12471,13.76683
Acanthurus nubilus,125.5736666,-8.18486843
Acanthurus nubilus,166.6275567,19.31579235
Acanthurus nubilus,145.8051883,18.12164247
Acanthurus nubilus,-152.7882,-22.6439
Acanthurus nubilus,166.6294564,19.27958496
Acanthurus nubilus,168,-24
Acanthurus nubilus,32.666667,-27.540278
Acanthurus nubilus,144.88565,20.54603
Acanthurus nubilus,144.9404961,13.56236575
Acanthurus nubilus,-154.72,-21.8
Acanthurus nubilus,-124.8,-24.66
Acanthurus nubilus,166.5937066,19.30706411
Acanthurus nubilus,119.880261437599,8.90034993218769
Acanthurus nubilus,-128.296,-24.328
Acanthurus nubilus,165.290838295057,-20.5800085674362
Acanthurus nubilus,145.206126,20.026565
Acanthurus nubilus,145.83495,17.30015
