species,decimalLongitude,decimalLatitude
Acanthurus triostegus,113.84914,-22.19471
Acanthurus triostegus,113.83399,-22.24589
Acanthurus triostegus,113.66138,-22.51351
Acanthurus triostegus,113.87768,-22.10837
Acanthurus triostegus,113.87730417,-22.13186648
Acanthurus triostegus,113.83941818,-22.23723118
Acanthurus triostegus,114.14922,-21.78715
Acanthurus triostegus,113.76485,-23.174583
Acanthurus triostegus,113.75936,-22.89354
Acanthurus triostegus,153.59716,-28.80183
Acanthurus triostegus,113.8896,-22.0953
Acanthurus triostegus,113.84638,-22.20183
Acanthurus triostegus,113.63027,-22.68148
Acanthurus triostegus,113.8431,-22.2033
Acanthurus triostegus,113.76941,-23.02129
Acanthurus triostegus,114.06873276,-21.82918624
Acanthurus triostegus,113.65579,-22.52854
Acanthurus triostegus,113.88987,-22.09344
Acanthurus triostegus,150.88054,-34.54666
Acanthurus triostegus,113.94447,-21.90255
Acanthurus triostegus,113.8481,-22.2015
Acanthurus triostegus,114.1514,-21.78504
Acanthurus triostegus,113.72724,-22.84784
Acanthurus triostegus,113.8412,-22.2034
Acanthurus triostegus,113.88997,-22.09509
Acanthurus triostegus,113.87724,-22.10885
Acanthurus triostegus,113.64932,-22.711
Acanthurus triostegus,105.6666667,-10.5
Acanthurus triostegus,113.84915,-22.19339
Acanthurus triostegus,113.84688,-22.2015
Acanthurus triostegus,115.5761,-20.43525
Acanthurus triostegus,113.9609,-21.91769
Acanthurus triostegus,113.89005,-22.09567
Acanthurus triostegus,113.829,-22.2437
Acanthurus triostegus,113.6614,-22.72795
Acanthurus triostegus,113.8435,-22.199
Acanthurus triostegus,113.73333,-28.5
Acanthurus triostegus,113.84442,-22.20018
Acanthurus triostegus,113.96317,-21.91035
Acanthurus triostegus,113.88685,-22.09489
Acanthurus triostegus,113.88921,-22.09176
Acanthurus triostegus,113.8455,-22.2028
Acanthurus triostegus,113.88221,-22.1049
Acanthurus triostegus,113.82614,-22.24377
Acanthurus triostegus,113.8441,-22.2015
Acanthurus triostegus,113.8417,-22.2026
Acanthurus triostegus,113.87677,-22.10934
Acanthurus triostegus,113.88276,-22.10521
Acanthurus triostegus,113.76572,-23.00515
Acanthurus triostegus,113.88088,-22.1028
Acanthurus triostegus,113.8521,-22.1961
Acanthurus triostegus,122.15,-17.35
Acanthurus triostegus,113.87602,-22.11232
Acanthurus triostegus,113.8382,-22.2336
Acanthurus triostegus,113.84737,-22.20118
Acanthurus triostegus,113.94532745,-21.96216403
Acanthurus triostegus,113.76882,-22.98855
Acanthurus triostegus,114.15549,-21.78084
Acanthurus triostegus,113.82877,-22.24234
Acanthurus triostegus,105.699996948,-10.4666662216
Acanthurus triostegus,113.96,-21.9038
Acanthurus triostegus,113.8492,-22.2006
Acanthurus triostegus,113.84978,-22.20634
Acanthurus triostegus,113.88388,-22.10343
Acanthurus triostegus,113.83,-22.2411
Acanthurus triostegus,151.266,-33.95
Acanthurus triostegus,113.88427,-22.11336
Acanthurus triostegus,113.83387,-22.24537
Acanthurus triostegus,113.8778,-22.1163
Acanthurus triostegus,113.88448,-22.11272
Acanthurus triostegus,152.533,-32.466
Acanthurus triostegus,114.174572,-21.8295877
Acanthurus triostegus,113.84956,-22.19902
Acanthurus triostegus,113.88694,-22.09463
Acanthurus triostegus,113.76726,-23.40204
Acanthurus triostegus,105.66667,-10.5
Acanthurus triostegus,113.41667,-24.48333
Acanthurus triostegus,113.75258,-22.87565
Acanthurus triostegus,113.82884,-22.2426
Acanthurus triostegus,113.84647,-22.19922
Acanthurus triostegus,153.2,-30.066
Acanthurus triostegus,113.88755,-22.09496
Acanthurus triostegus,113.8429,-22.2039
Acanthurus triostegus,113.84964,-22.20693
Acanthurus triostegus,113.73891,-23.11951
Acanthurus triostegus,113.94426,-21.90191
Acanthurus triostegus,113.842,-22.20377
Acanthurus triostegus,113.845,-22.2012
Acanthurus triostegus,113.82983,-22.24281
Acanthurus triostegus,113.8789,-22.1091
Acanthurus triostegus,113.82973,-22.24427
Acanthurus triostegus,113.84533,-22.20217
Acanthurus triostegus,113.9657,-21.9101
Acanthurus triostegus,113.84068,-22.21349
Acanthurus triostegus,153.56666,-28.2
Acanthurus triostegus,113.84667,-22.20185
Acanthurus triostegus,113.9565,-21.89988
Acanthurus triostegus,113.8315,-22.2383
Acanthurus triostegus,113.88,-22.1089
Acanthurus triostegus,115.58333,-20.43333
Acanthurus triostegus,113.8461,-22.199
Acanthurus triostegus,113.88024,-22.1047
Acanthurus triostegus,113.8773,-22.1094
Acanthurus triostegus,151.266,-33.783
Acanthurus triostegus,113.8329,-22.2453
Acanthurus triostegus,113.89005,-22.09366
Acanthurus triostegus,113.88743,-22.09589
Acanthurus triostegus,113.8873,-22.0948
Acanthurus triostegus,113.84614,-22.19955
Acanthurus triostegus,113.7498,-23.17435
Acanthurus triostegus,113.84629,-22.20202
Acanthurus triostegus,114.16667,-21.78333
Acanthurus triostegus,113.7043,-22.45642
Acanthurus triostegus,113.8495,-22.19946
Acanthurus triostegus,113.88964,-22.09149
Acanthurus triostegus,113.88999,-22.09529
Acanthurus triostegus,113.9556,-21.8972
Acanthurus triostegus,113.8424,-22.201
Acanthurus triostegus,113.8763,-22.1143
Acanthurus triostegus,113.88802,-22.096
Acanthurus triostegus,105.666664124,-10.5166664124
Acanthurus triostegus,113.9518,-21.9031
Acanthurus triostegus,105.7,-10.46666667
Acanthurus triostegus,113.8451,-22.201
Acanthurus triostegus,113.83852,-22.23327
Acanthurus triostegus,113.84667,-22.1954
Acanthurus triostegus,113.8512,-22.2006
Acanthurus triostegus,113.88814,-22.09652
Acanthurus triostegus,105.7,-10.4666666667
Acanthurus triostegus,113.8858,-22.0928
Acanthurus triostegus,113.67206,-22.74221
Acanthurus triostegus,113.84924,-22.20812
Acanthurus triostegus,113.85462,-22.19587
Acanthurus triostegus,113.8879,-22.096
Acanthurus triostegus,116.53333,-20.48333
Acanthurus triostegus,153.129567,-26.805669
Acanthurus triostegus,113.8287,-22.2411
Acanthurus triostegus,119.366,-17.266
Acanthurus triostegus,113.9663,-21.9109
Acanthurus triostegus,113.84332,-22.19947
Acanthurus triostegus,105.666666667,-10.5
Acanthurus triostegus,113.88005,-22.10448
Acanthurus triostegus,113.83866,-22.2315
Acanthurus triostegus,113.87812,-22.10791
Acanthurus triostegus,152.79833,-31.71999
Acanthurus triostegus,113.82612,-22.25145
Acanthurus triostegus,119.358,-17.2833
Acanthurus triostegus,113.95454,-21.90166
Acanthurus triostegus,153.55,-28.166
Acanthurus triostegus,113.83127,-22.23803
Acanthurus triostegus,113.82636,-22.24276
Acanthurus triostegus,113.82892,-22.24323
Acanthurus triostegus,115.16667,-21.31667
Acanthurus triostegus,105.666,-10.5
Acanthurus triostegus,114.35805,-21.63967
Acanthurus triostegus,114.33333,-21.65
Acanthurus triostegus,113.8394,-22.23067
Acanthurus triostegus,113.638598575259,-25.9522459340334
Acanthurus triostegus,113.88319,-22.11464
Acanthurus triostegus,113.8286,-22.2448
Acanthurus triostegus,119.36667,-17.3
Acanthurus triostegus,113.83092,-22.2386
Acanthurus triostegus,113.83,-22.24057
Acanthurus triostegus,113.72778,-22.4102
Acanthurus triostegus,113.82668,-22.25023
Acanthurus triostegus,153.57632,-28.3615
Acanthurus triostegus,113.83049,-22.23736
Acanthurus triostegus,113.8848,-22.1108
Acanthurus triostegus,113.82935,-22.24358
Acanthurus triostegus,113.8312,-22.2375
Acanthurus triostegus,153.25,-29.833
Acanthurus triostegus,113.82985,-22.24212
Acanthurus triostegus,153.55,-27.433333
Acanthurus triostegus,113.9632,-21.9088
Acanthurus triostegus,113.8392,-22.2346
Acanthurus triostegus,113.8809,-22.1081
Acanthurus triostegus,113.88022,-22.10844
Acanthurus triostegus,113.88657,-22.09442
Acanthurus triostegus,113.94831,-21.90204
Acanthurus triostegus,113.8369,-22.237
Acanthurus triostegus,153.36383,-29.47882
Acanthurus triostegus,113.8895,-22.0946
Acanthurus triostegus,153.3,-29.883
Acanthurus triostegus,113.83843,-22.23203
Acanthurus triostegus,113.8298,-22.2441
Acanthurus triostegus,114.33333,-22
Acanthurus triostegus,113.84946,-22.20755
Acanthurus triostegus,113.84103,-22.21298
Acanthurus triostegus,113.8468,-22.2021
Acanthurus triostegus,113.8299,-22.2413
Acanthurus triostegus,153.15,-26.8
Acanthurus triostegus,113.8797,-22.1049
Acanthurus triostegus,113.82585,-22.25203
Acanthurus triostegus,113.88989,-22.09397
Acanthurus triostegus,113.84143,-22.21248
Acanthurus triostegus,113.8384,-22.233
Acanthurus triostegus,113.9688,-21.9096
Acanthurus triostegus,113.88435,-22.11029
Acanthurus triostegus,113.88271,-22.10378
Acanthurus triostegus,113.8804,-22.1101
Acanthurus triostegus,113.8753,-22.11393
Acanthurus triostegus,113.87967,-22.10725
Acanthurus triostegus,113.85265,-22.19662
Acanthurus triostegus,115.1609,-21.3221
Acanthurus triostegus,113.8791,-22.1078
Acanthurus triostegus,113.84712,-22.20164
Acanthurus triostegus,153.6075,-28.84283
Acanthurus triostegus,113.88247,-22.10432
Acanthurus triostegus,113.8794,-22.108
Acanthurus triostegus,113.8286,-22.24482
Acanthurus triostegus,151.66005,-33.09641
Acanthurus triostegus,113.84683,-22.19889
Acanthurus triostegus,113.84271,-22.20127
Acanthurus triostegus,113.8816,-22.1048
Acanthurus triostegus,113.88267,-22.10375
Acanthurus triostegus,149.924,-36.8944
Acanthurus triostegus,113.88731,-22.09441
Acanthurus triostegus,113.8426,-22.2013
Acanthurus triostegus,105.616668701,-10.5166664124
Acanthurus triostegus,113.829,-22.2438
Acanthurus triostegus,113.65071,-22.54652
Acanthurus triostegus,113.84987,-22.19328
Acanthurus triostegus,113.9444,-21.9
Acanthurus triostegus,113.849,-22.194
Acanthurus triostegus,113.84316,-22.20047
Acanthurus triostegus,151.3,-33.716
Acanthurus triostegus,113.955,-21.9129
Acanthurus triostegus,119.366,-17.3
Acanthurus triostegus,114.30969,-21.68621
Acanthurus triostegus,113.8767,-22.1118
Acanthurus triostegus,113.83311,-22.24318
Acanthurus triostegus,113.8804,-22.1077
Acanthurus triostegus,113.87906,-22.10945
Acanthurus triostegus,113.8845,-22.0919
Acanthurus triostegus,113.88735,-22.09502
Acanthurus triostegus,105.616666667,-10.5166666667
Acanthurus triostegus,113.88827,-22.09642
Acanthurus triostegus,113.8291,-22.2426
Acanthurus triostegus,113.8287,-22.2469
Acanthurus triostegus,113.88789,-22.09267
Acanthurus triostegus,113.88083,-22.10361
Acanthurus triostegus,113.8796,-22.1067
Acanthurus triostegus,113.8259,-22.24482
Acanthurus triostegus,113.84261,-22.20574
Acanthurus triostegus,113.61783,-22.62548
Acanthurus triostegus,113.82877,-22.24428
Acanthurus triostegus,113.85463,-22.19455
Acanthurus triostegus,113.89012,-22.09117
Acanthurus triostegus,105.6666667,-10.51666667
Acanthurus triostegus,113.9575,-21.9026
Acanthurus triostegus,113.82989,-22.24238
Acanthurus triostegus,113.83605,-22.21733
Acanthurus triostegus,113.85289,-22.19506
Acanthurus triostegus,113.87628,-22.10988
Acanthurus triostegus,113.88197,-22.10544
Acanthurus triostegus,113.8457,-22.2002
Acanthurus triostegus,153.61882,-28.7075
Acanthurus triostegus,113.87954,-22.10788
Acanthurus triostegus,113.88995,-22.09565
Acanthurus triostegus,113.83065,-22.23772
Acanthurus triostegus,114.333333,-22
Acanthurus triostegus,113.83549,-22.21834
Acanthurus triostegus,119.583,-17.083
Acanthurus triostegus,114.32933,-21.67213
Acanthurus triostegus,113.8849,-22.1112
Acanthurus triostegus,113.88993,-22.09448
Acanthurus triostegus,113.8301,-22.2409
Acanthurus triostegus,113.8866,-22.094
Acanthurus triostegus,113.88795,-22.09596
Acanthurus triostegus,113.94312,-21.9012
Acanthurus triostegus,113.84488,-22.19958
Acanthurus triostegus,113.84482,-22.20251
Acanthurus triostegus,113.8499,-22.2031
Acanthurus triostegus,113.89014,-22.09463
Acanthurus triostegus,113.86667,-22.2
Acanthurus triostegus,113.88878,-22.09207
Acanthurus triostegus,113.8405,-22.2042
Acanthurus triostegus,113.8499,-22.2045
Acanthurus triostegus,113.833,-22.2456
Acanthurus triostegus,113.96596,-21.9105
Acanthurus triostegus,113.96164,-21.9106
Acanthurus triostegus,113.84339,-22.20426
Acanthurus triostegus,153.485,-26.98
Acanthurus triostegus,113.843,-22.2005
Acanthurus triostegus,113.95337,-21.90347
Acanthurus triostegus,113.11667,-25
Acanthurus triostegus,113.80635,-22.28075
Acanthurus triostegus,113.85473,-22.19475
Acanthurus triostegus,115.5761111,-20.43527778
Acanthurus triostegus,113.8436,-22.19915
Acanthurus triostegus,113.87621,-22.11179
Acanthurus triostegus,113.83892,-22.23097
Acanthurus triostegus,153.333328247,-29.7666664124
Acanthurus triostegus,113.84312,-22.20475
Acanthurus triostegus,113.63719,-22.69678
Acanthurus triostegus,113.9591,-21.9076
Acanthurus triostegus,153.58282,-28.258
Acanthurus triostegus,113.88327,-22.10439
Acanthurus triostegus,113.9556,-21.9056
Acanthurus triostegus,113.82997,-22.24111
Acanthurus triostegus,113.9488,-21.9023
Acanthurus triostegus,113.8481,-22.1934
Acanthurus triostegus,113.88764,-22.09547
Acanthurus triostegus,153.136389,-26.678889
Acanthurus triostegus,113.88241,-22.10476
Acanthurus triostegus,113.76864,-22.93883
Acanthurus triostegus,153.633,-28.65
Acanthurus triostegus,105.6166667,-10.51666667
Acanthurus triostegus,113.88247,-22.11602
Acanthurus triostegus,113.9702,-21.9084
Acanthurus triostegus,113.888,-22.0962
Acanthurus triostegus,113.8407,-22.2057
Acanthurus triostegus,113.82643,-22.25077
Acanthurus triostegus,113.82879,-22.2427
Acanthurus triostegus,113.82903,-22.2428
Acanthurus triostegus,113.8371,-22.2384
Acanthurus triostegus,113.83662,-22.21635
Acanthurus triostegus,113.83333,-22.2426
Acanthurus triostegus,113.77162,-23.32081
Acanthurus triostegus,113.89007,-22.09315
Acanthurus triostegus,153.366,-29.366
Acanthurus triostegus,113.8434,-22.1997
Acanthurus triostegus,113.82911,-22.2431
Acanthurus triostegus,113.74554,-23.14444
Acanthurus triostegus,152.466,-32.383
Acanthurus triostegus,153.55,-27.43333
Acanthurus triostegus,113.84169,-22.20437
Acanthurus triostegus,113.95917,-21.90484
Acanthurus triostegus,113.87843,-22.11034
Acanthurus triostegus,113.8436,-22.2022
Acanthurus triostegus,113.9533,-21.9023
Acanthurus triostegus,113.84299,-22.20153
Acanthurus triostegus,113.88,-22.1103
Acanthurus triostegus,113.84233,-22.20627
Acanthurus triostegus,113.8461,-22.2023
Acanthurus triostegus,113.77252,-23.336
Acanthurus triostegus,113.8444,-22.204
Acanthurus triostegus,113.95666,-21.9177
Acanthurus triostegus,153.3333333,-29.76666667
Acanthurus triostegus,113.94409,-21.90131
Acanthurus triostegus,113.4103,-24.4886
Acanthurus triostegus,113.87875,-22.1099
Acanthurus triostegus,113.88778,-22.09548
Acanthurus triostegus,113.76633,-23.15479
Acanthurus triostegus,113.84313,-22.20024
Acanthurus triostegus,113.8289,-22.2363
Acanthurus triostegus,113.88045,-22.10403
Acanthurus triostegus,113.84361,-22.2012
Acanthurus triostegus,113.91066,-22.03736
Acanthurus triostegus,113.8494,-22.19996
Acanthurus triostegus,113.87556,-22.1134
Acanthurus triostegus,113.84778,-22.20131
Acanthurus triostegus,113.89032,-22.09365
Acanthurus triostegus,153.333333333,-29.7666666667
Acanthurus triostegus,113.8786,-22.1134
Acanthurus triostegus,113.8446,-22.2048
Acanthurus triostegus,113.84292,-22.20075
Acanthurus triostegus,113.8381,-22.2311
Acanthurus triostegus,113.9531,-21.902
Acanthurus triostegus,113.8312,-22.2383
Acanthurus triostegus,113.8816,-22.1073
Acanthurus triostegus,113.854,-22.1949
Acanthurus triostegus,113.84241,-22.20316
Acanthurus triostegus,114.6829,-21.6349
Acanthurus triostegus,113.95545,-21.9014
Acanthurus triostegus,113.85298,-22.19452
Acanthurus triostegus,113.95393,-21.90258
Acanthurus triostegus,113.88179,-22.10677
Acanthurus triostegus,153.13639,-26.67889
Acanthurus triostegus,105.66667,-10.48333
Acanthurus triostegus,113.87577,-22.11287
Acanthurus triostegus,113.88355,-22.10392
Acanthurus triostegus,113.8449,-22.1933
Acanthurus triostegus,113.85466,-22.19529
Acanthurus triostegus,113.82625,-22.24327
Acanthurus triostegus,113.9453,-21.899
Acanthurus triostegus,113.833,-22.2459
Acanthurus triostegus,113.8429,-22.2066
Acanthurus triostegus,113.8892,-22.0932
Acanthurus triostegus,113.8472,-22.2019
Acanthurus triostegus,113.8543,-22.1946
Acanthurus triostegus,113.84307,-22.201
Acanthurus triostegus,113.82991,-22.24186
Acanthurus triostegus,113.88104,-22.10758
Acanthurus triostegus,153.25,-27.25
Acanthurus triostegus,113.84786,-22.20086
Acanthurus triostegus,113.84555,-22.20221
Acanthurus triostegus,113.83815,-22.23441
Acanthurus triostegus,113.8789,-22.1123
Acanthurus triostegus,113.84529,-22.19905
Acanthurus triostegus,113.8823,-22.106
Acanthurus triostegus,113.83903,-22.23101
Acanthurus triostegus,113.87937,-22.10905
Acanthurus triostegus,113.8291,-22.2429
Acanthurus triostegus,113.82856,-22.24158
Acanthurus triostegus,113.95964,-21.90435
Acanthurus triostegus,113.8298,-22.24206
Acanthurus triostegus,113.94238,-21.89935
Acanthurus triostegus,113.8383,-22.2367
Acanthurus triostegus,113.82978,-22.24313
Acanthurus triostegus,113.88353,-22.11454
Acanthurus triostegus,113.84577,-22.19988
Acanthurus triostegus,152.5333333,-32.43333333
Acanthurus triostegus,113.89023,-22.09415
Acanthurus triostegus,113.8503,-22.20407
Acanthurus triostegus,113.88999,-22.0947
Acanthurus triostegus,113.8776,-22.1058
Acanthurus triostegus,113.8299,-22.24256
Acanthurus triostegus,113.82863,-22.2413
Acanthurus triostegus,113.88064,-22.108
Acanthurus triostegus,113.8289,-22.2459
Acanthurus triostegus,113.8785,-22.1113
Acanthurus triostegus,113.8425,-22.2045
Acanthurus triostegus,113.88345,-22.11414
Acanthurus triostegus,113.84836,-22.20097
Acanthurus triostegus,113.839,-22.19657
Acanthurus triostegus,113.84403,-22.20069
Acanthurus triostegus,113.84324,-22.19997
Acanthurus triostegus,113.9509,-21.9047
Acanthurus triostegus,113.7833,-28.75
Acanthurus triostegus,113.8298,-22.2426
Acanthurus triostegus,113.9559,-21.9038
Acanthurus triostegus,113.9653,-21.9104
Acanthurus triostegus,113.8511,-22.1922
Acanthurus triostegus,113.8381,-22.2326
Acanthurus triostegus,113.82994,-22.24133
Acanthurus triostegus,113.84588,-22.20222
Acanthurus triostegus,113.84969,-22.19815
Acanthurus triostegus,113.8302,-22.2362
Acanthurus triostegus,113.8844,-22.1119
Acanthurus triostegus,113.85466,-22.19328
Acanthurus triostegus,114.66667,-21.6
Acanthurus triostegus,113.8331,-22.24655
Acanthurus triostegus,105.666666667,-10.5166666667
Acanthurus triostegus,113.84031,-22.21399
Acanthurus triostegus,113.82602,-22.24427
Acanthurus triostegus,113.84864,-22.19454
Acanthurus triostegus,113.88726,-22.09516
Acanthurus triostegus,113.89005,-22.09514
Acanthurus triostegus,151.266,-33.85
Acanthurus triostegus,113.84459,-22.20303
Acanthurus triostegus,113.9453,-21.9009
Acanthurus triostegus,113.84962,-22.19489
Acanthurus triostegus,113.84598,-22.20199
Acanthurus triostegus,113.68818,-22.76442
Acanthurus triostegus,113.87811,-22.11072
Acanthurus triostegus,113.84963,-22.19857
Acanthurus triostegus,113.8309,-22.2377
Acanthurus triostegus,113.8306,-22.2377
Acanthurus triostegus,113.8269,-22.24973
Acanthurus triostegus,113.8453,-22.2031
Acanthurus triostegus,113.88254,-22.10425
Acanthurus triostegus,113.88146,-22.10716
Acanthurus triostegus,113.8836,-22.1134
Acanthurus triostegus,113.88297,-22.10322
Acanthurus triostegus,113.88757,-22.09568
Acanthurus triostegus,113.83995,-22.23058
Acanthurus triostegus,113.9463,-21.9023
Acanthurus triostegus,113.8868,-22.0937
Acanthurus triostegus,113.8892,-22.0923
Acanthurus triostegus,113.82866,-22.24213
Acanthurus triostegus,113.84727,-22.1985
Acanthurus triostegus,113.8499,-22.207
Acanthurus triostegus,113.84286,-22.20525
Acanthurus triostegus,113.82943,-22.24313
Acanthurus triostegus,113.8812,-22.1131
Acanthurus triostegus,113.87943,-22.10848
Acanthurus triostegus,153.566667,-28.2
Acanthurus triostegus,113.8804,-22.10423
Acanthurus triostegus,115.56667,-20.4
Acanthurus triostegus,113.96147,-21.91266
Acanthurus triostegus,113.88786,-22.0961
Acanthurus triostegus,113.8318,-22.2405
Acanthurus triostegus,113.84336,-22.1997
Acanthurus triostegus,113.88712,-22.09535
Acanthurus triostegus,113.8431,-22.2054
Acanthurus triostegus,113.8509,-22.2021
Acanthurus triostegus,113.955,-21.9119
Acanthurus triostegus,113.82885,-22.24368
Acanthurus triostegus,105.666664124,-10.5
Acanthurus triostegus,113.88736,-22.0958
Acanthurus triostegus,113.88828,-22.09654
Acanthurus triostegus,113.94970000000001,-21.9055
