species,decimalLongitude,decimalLatitude
Acanthurus japonicus,128.5525,27.397778
Acanthurus japonicus,128.582647,27.380691
Acanthurus japonicus,124.005298,10.401291
Acanthurus japonicus,120.478996277,14.2460002899
Acanthurus japonicus,120.5336,12.6897
Acanthurus japonicus,130.200278,30.483056
Acanthurus japonicus,111.201,15.782361
Acanthurus japonicus,122.9475,24.441389
Acanthurus japonicus,121.05,13.716667
Acanthurus japonicus,106.9850006,10.14500046
Acanthurus japonicus,120.816,13.6724
Acanthurus japonicus,120.81614,13.67239
Acanthurus japonicus,142.239722,27.048056
Acanthurus japonicus,128.891389,27.885833
Acanthurus japonicus,106.98500061,10.1450004578
Acanthurus japonicus,120.8261633,13.68631116
Acanthurus japonicus,120.4961,12.6197
Acanthurus japonicus,119.880261437599,8.90034993218769
Acanthurus japonicus,120.009499999387,8.92514000302976
Acanthurus japonicus,119.839341611354,8.79612393901102
Acanthurus japonicus,119.89903,16.415084
Acanthurus japonicus,114.367,10.381
Acanthurus japonicus,114.374,10.374
Acanthurus japonicus,114.361,10.374
Acanthurus japonicus,119.916999995199,8.84260502135317
Acanthurus japonicus,114.378,10.379
Acanthurus japonicus,119.822692233337,8.74372800349681
Acanthurus japonicus,119.809996682856,8.80859975817503
Acanthurus japonicus,120.720001221,22.0300006866
Acanthurus japonicus,119.941108,16.421789
Acanthurus japonicus,116.728,20.696
Acanthurus japonicus,129.907222,30.830556
Acanthurus japonicus,120.4789963,14.24600029
Acanthurus japonicus,114.364,10.361
Acanthurus japonicus,114.367,10.383
Acanthurus japonicus,114.361,10.381
Acanthurus japonicus,127.886998,26.157986
Acanthurus japonicus,119.894441842063,8.88527347221271
Acanthurus japonicus,114.378,10.383
Acanthurus japonicus,120.8292,13.6981
Acanthurus japonicus,114.358,10.378
Acanthurus japonicus,114.333,10.371
Acanthurus japonicus,120.8416986,13.64982364
Acanthurus japonicus,119.5364,12.1386
Acanthurus japonicus,120.4794,12.6261
Acanthurus japonicus,119.814,9.04693
Acanthurus japonicus,114.371,10.376
