species,decimalLongitude,decimalLatitude
Acanthaphritis barbata,153.67499,-29.67499
Acanthaphritis barbata,118.8,-19.07333
Acanthaphritis barbata,152.85,-31.917
Acanthaphritis barbata,118.83333,-19.06667
Acanthaphritis barbata,120.461,-17.4872
Acanthaphritis barbata,152.87499,-31.94166
Acanthaphritis barbata,118.84,-19.07833
Acanthaphritis barbata,118.9,-19.08333
Acanthaphritis barbata,118.78333,-19.06667
Acanthaphritis barbata,153.53333,-26.95
Acanthaphritis barbata,153.666,-29.683
Acanthaphritis barbata,153.53333,-26.88333
Acanthaphritis barbata,115.95,-20.05
Acanthaphritis barbata,115.983,-19.483
Acanthaphritis barbata,120.435,-17.4344
