species,decimalLongitude,decimalLatitude
Acanthurus tennentii,44.951417407281,-12.892242175241
Acanthurus tennentii,45.05841,-12.95968
Acanthurus tennentii,44.941399084974,-12.842041920824
Acanthurus tennentii,44.949556403835,-12.884997001376
Acanthurus tennentii,44.924243649595,-12.6003636566
Acanthurus tennentii,71.756942749,-5.42861127853
Acanthurus tennentii,45.249307498735,-12.887206939796
Acanthurus tennentii,44.962467112683,-12.80698648418
Acanthurus tennentii,44.9894,-12.5177
Acanthurus tennentii,55.445801,-4.6241
Acanthurus tennentii,46.207535,-9.381249
Acanthurus tennentii,45.044001096736,-12.67203030579
Acanthurus tennentii,45.14371,-13.07287
Acanthurus tennentii,45.036274741107,-12.864893140372
Acanthurus tennentii,45.02447,-12.65595
Acanthurus tennentii,44.9474,-12.65943
Acanthurus tennentii,45.20129603625,-12.980987475677
Acanthurus tennentii,45.203996174015,-12.933601796194
Acanthurus tennentii,45.06832004563,-12.585888078981
Acanthurus tennentii,43.291111,-11.375
Acanthurus tennentii,44.981657791388,-12.980089361185
Acanthurus tennentii,45.046340866283,-12.65240794287
Acanthurus tennentii,46.3493133811656,-9.42222923790892
Acanthurus tennentii,45.018583976635,-12.613857647245
Acanthurus tennentii,40.36666667,-22.36666667
Acanthurus tennentii,44.966557879339,-12.936238196801
Acanthurus tennentii,46.305865,-9.367426
Acanthurus tennentii,46.338745,-9.470313
Acanthurus tennentii,32.687,-27.527833
Acanthurus tennentii,46.300325,-9.365573
Acanthurus tennentii,44.96588,-12.92952
Acanthurus tennentii,45.045,-12.6169
Acanthurus tennentii,45.21015,-13.0442
Acanthurus tennentii,45.080091139769,-12.964415814718
Acanthurus tennentii,44.957414494376,-12.898285616633
Acanthurus tennentii,71.7616653442,-5.42805576324
Acanthurus tennentii,45.2522,-12.6981
Acanthurus tennentii,46.222109,-9.463743
Acanthurus tennentii,44.92538,-12.581480000000001
Acanthurus tennentii,73.62,10.07
Acanthurus tennentii,45.258219112216,-12.897068816353
Acanthurus tennentii,46.254004,-9.367345
Acanthurus tennentii,32.896767,-26.828917
Acanthurus tennentii,45.225811664753,-12.974040125506
Acanthurus tennentii,46.2057166,-9.4010242
Acanthurus tennentii,44.9822,-12.7639
Acanthurus tennentii,45.13308,-12.64618
Acanthurus tennentii,32.68,-27.54
Acanthurus tennentii,45.103384534848,-12.651332913486
Acanthurus tennentii,40.766666,-14.216666
Acanthurus tennentii,35.542467,-23.812333
Acanthurus tennentii,32.683334,-27.516666
Acanthurus tennentii,44.932894492622,-12.631624095958
Acanthurus tennentii,44.956794505662,-12.523654538936
Acanthurus tennentii,45.003461693551,-13.00935051078
Acanthurus tennentii,46.201617,-9.402873
Acanthurus tennentii,42.5,-20
Acanthurus tennentii,35.56645,-23.83775
Acanthurus tennentii,45.254325351319,-12.903233937772
Acanthurus tennentii,45.03802751294,-12.686184290648
Acanthurus tennentii,44.945689264185,-12.855712331438
Acanthurus tennentii,44.9725,-12.7969
Acanthurus tennentii,45.02635,-12.52698
Acanthurus tennentii,32.567367,-28.16285
Acanthurus tennentii,44.939446410239,-12.543656417828
Acanthurus tennentii,46.206047,-9.400901
Acanthurus tennentii,45.224195058666,-12.960075893719
Acanthurus tennentii,32.899867,-26.77905
Acanthurus tennentii,44.943574731297,-12.620931815131
Acanthurus tennentii,44.974827873784,-12.7996447719
Acanthurus tennentii,45.2707,-12.7136
Acanthurus tennentii,32.666667,-27.540278
Acanthurus tennentii,32.88575,-26.928583
Acanthurus tennentii,37.90620041,-0.023559101
Acanthurus tennentii,32.6864,-27.52245
Acanthurus tennentii,71.76166667,-5.428055556
Acanthurus tennentii,59.5,-16.6000003815
Acanthurus tennentii,45.2978,-12.7944
Acanthurus tennentii,44.96734735095,-12.688144208242
Acanthurus tennentii,32.868567,-27.035933
Acanthurus tennentii,46.2109879,-9.4461709
Acanthurus tennentii,54.346147,12.602461
Acanthurus tennentii,45.05683,-13.05241
Acanthurus tennentii,45.2333,-12.6803
Acanthurus tennentii,30.733334,-30.316668
Acanthurus tennentii,46.268532,-9.370351
Acanthurus tennentii,78.3192,8.6626
Acanthurus tennentii,44.984195037001,-12.599825901801
Acanthurus tennentii,54.196083,12.6717
Acanthurus tennentii,39.6,-4.2333333333333325
Acanthurus tennentii,97.636,8.572
Acanthurus tennentii,32.883301,-26.766701
Acanthurus tennentii,45.249446561624,-12.892456563862
Acanthurus tennentii,44.979786236671,-12.973472285375
Acanthurus tennentii,45.272166,-12.87066
Acanthurus tennentii,45.271033,-12.86613
Acanthurus tennentii,44.9645,-12.9211
Acanthurus tennentii,32.6833,-27.5333
Acanthurus tennentii,55.789684,-4.350941
Acanthurus tennentii,39.466167,-6.1295
Acanthurus tennentii,55.747863,-4.281338
Acanthurus tennentii,46.266015,-9.368242
Acanthurus tennentii,72.63,10.55
Acanthurus tennentii,55.833332,-4.366667
Acanthurus tennentii,32.56200027,-28.16200066
Acanthurus tennentii,32.726667,-27.414917
Acanthurus tennentii,44.985395106534,-12.972353987975
Acanthurus tennentii,63.4202766418,-19.6783332825
Acanthurus tennentii,72.79,11.21
Acanthurus tennentii,39.21,-4.42
Acanthurus tennentii,55.230556488,-20.615278244
Acanthurus tennentii,55.230556,-20.615278
Acanthurus tennentii,79.80799866,7.117000103
Acanthurus tennentii,46.349936,-9.466657
Acanthurus tennentii,44.985496506557,-12.719405835441
Acanthurus tennentii,30.826233,-30.260667
Acanthurus tennentii,35.5826,-22.7604
Acanthurus tennentii,45.233680862026,-13.027209378991
Acanthurus tennentii,46.384012,-9.36607
Acanthurus tennentii,45.136828823884,-12.610766938078
Acanthurus tennentii,49.283,-12.317
Acanthurus tennentii,45.04097,-12.72029
Acanthurus tennentii,57.5830001831,-20.3330001831
Acanthurus tennentii,46.263446,-9.366529
Acanthurus tennentii,45.2278,-12.9508
Acanthurus tennentii,45.177041150665,-12.628515200226
Acanthurus tennentii,32.656666,-27.625
Acanthurus tennentii,45.219496754589,-12.907985924215
Acanthurus tennentii,45.006463134243,-12.659959347467
Acanthurus tennentii,46.210031,-9.43459
Acanthurus tennentii,57.364682,-20.333953
Acanthurus tennentii,46.223123,-9.469808
Acanthurus tennentii,39.383335,-4.65
Acanthurus tennentii,32.607567,-27.8666
Acanthurus tennentii,43.517,-23.333
Acanthurus tennentii,71.7627777778,-5.43194444444
Acanthurus tennentii,72.5,11
Acanthurus tennentii,46.333332,-9.433333
Acanthurus tennentii,32.883335,-26.833334
Acanthurus tennentii,45.230602247304,-12.901553607801
Acanthurus tennentii,71.75694444,-5.428611111
Acanthurus tennentii,46.303365,-9.491031
Acanthurus tennentii,79.8079986572,7.117000103
Acanthurus tennentii,57.583332,-20.299999
Acanthurus tennentii,59.6416664124,-16.2999992371
Acanthurus tennentii,45.23091008759,-12.817388062411
Acanthurus tennentii,46.217721,-9.371242
Acanthurus tennentii,46.421593,-9.370668
Acanthurus tennentii,44.9858,-12.7506
Acanthurus tennentii,45.09927,-12.82251
Acanthurus tennentii,57.583,-20.333
Acanthurus tennentii,45.3014,-12.7842
Acanthurus tennentii,72.0986,16.4806
Acanthurus tennentii,39.5,-4.66667
Acanthurus tennentii,71.7616666667,-5.42805555556
Acanthurus tennentii,53.2672707221978,12.4105308574551
Acanthurus tennentii,46.35513,-9.367637
Acanthurus tennentii,53.310842,-5.417432
Acanthurus tennentii,46.212222,-9.441707
Acanthurus tennentii,46.365855,-9.36911
Acanthurus tennentii,46.208263,-9.437544
Acanthurus tennentii,45.077796602098,-12.546113195536
Acanthurus tennentii,33.1738,-25.43635
Acanthurus tennentii,45.244840103421,-13.009698168003
Acanthurus tennentii,46.251972,-9.369362
Acanthurus tennentii,45.110490866769,-12.594139143738
Acanthurus tennentii,63.420277,-19.678333
Acanthurus tennentii,49.283000946,-12.3170003891
Acanthurus tennentii,72.72,11.11
Acanthurus tennentii,46.204778,-9.381681
Acanthurus tennentii,60.453,-10.598667
Acanthurus tennentii,45.07686,-12.58113
Acanthurus tennentii,45.217433125681,-13.038727546116
Acanthurus tennentii,71.76277778,-5.431944444
Acanthurus tennentii,55.206094,-3.720436
Acanthurus tennentii,55.53,-21.26
Acanthurus tennentii,46.2057637,-9.4011713
Acanthurus tennentii,46.200494,-9.388935
Acanthurus tennentii,48,12
Acanthurus tennentii,46.344611,-9.468781
Acanthurus tennentii,45.3014,-12.7697
Acanthurus tennentii,35.58053,-22.7761
Acanthurus tennentii,46.293562,-9.49628
Acanthurus tennentii,57.770101,-20.48536
Acanthurus tennentii,71.7627792358,-5.43194437027
Acanthurus tennentii,32.991883,-25.9671
Acanthurus tennentii,46.29869,-9.491039
Acanthurus tennentii,45.26978,-12.869383
Acanthurus tennentii,71.7569444444,-5.42861111111
Acanthurus tennentii,35.5708,-22.528783
Acanthurus tennentii,46.390547,-9.365082
Acanthurus tennentii,46.450737,-9.3695186
Acanthurus tennentii,57.736711,-20.384764
Acanthurus tennentii,35.522817,-23.981167
Acanthurus tennentii,45.10959,-13.00353
Acanthurus tennentii,46.221168,-9.371738
Acanthurus tennentii,43.516998291,-23.3330001831
