species,decimalLongitude,decimalLatitude
Acanthurus nigrofuscus,116.53333,-20.48333
Acanthurus nigrofuscus,115.56171,-20.36467
Acanthurus nigrofuscus,119.38333,-17.3
Acanthurus nigrofuscus,105.623863,-10.452421
Acanthurus nigrofuscus,153.2,-30.066
Acanthurus nigrofuscus,117.05834,-19.7
Acanthurus nigrofuscus,152.466,-32.383
Acanthurus nigrofuscus,113.8287,-22.2417
Acanthurus nigrofuscus,117.78403,-19.20861
Acanthurus nigrofuscus,119.583,-17.083
Acanthurus nigrofuscus,118.0757,-19.18347
Acanthurus nigrofuscus,113.8287,-22.2411
Acanthurus nigrofuscus,153.43333,-27.4
Acanthurus nigrofuscus,153.58566,-28.87582
Acanthurus nigrofuscus,153.55,-27.416667
Acanthurus nigrofuscus,153.55,-27.41667
Acanthurus nigrofuscus,152.79833,-31.71999
Acanthurus nigrofuscus,119.358,-17.2833
Acanthurus nigrofuscus,113.8301,-22.2409
Acanthurus nigrofuscus,153.606,-28.82266
Acanthurus nigrofuscus,113.8304,-22.2412
Acanthurus nigrofuscus,117.68403,-19.68402
Acanthurus nigrofuscus,114.33333,-21.66667
Acanthurus nigrofuscus,113.829,-22.2437
Acanthurus nigrofuscus,119.35,-17.36667
Acanthurus nigrofuscus,105.66667,-10.48333
Acanthurus nigrofuscus,113.82636,-22.24276
Acanthurus nigrofuscus,115.5,-20.45
Acanthurus nigrofuscus,153.433333,-27.4
Acanthurus nigrofuscus,153.433333,-27.933333
Acanthurus nigrofuscus,153.383,-29.933
Acanthurus nigrofuscus,113.65,-22.55
Acanthurus nigrofuscus,153.43333,-27.93333
Acanthurus nigrofuscus,119.36667,-17.3
Acanthurus nigrofuscus,113.9648,-21.91088
Acanthurus nigrofuscus,151.3,-33.75
Acanthurus nigrofuscus,113.85179,-22.16277
