species,decimalLongitude,decimalLatitude
Acanthocybium solandri,111.75,-28.75
Acanthocybium solandri,113.25,-29.75
Acanthocybium solandri,154.25,-28.75
Acanthocybium solandri,111.75,-24.25
Acanthocybium solandri,113.75,-32.75
Acanthocybium solandri,113.25,-21.75
Acanthocybium solandri,113.75,-32.25
Acanthocybium solandri,111.75,-28.25
Acanthocybium solandri,113.75,-21.75
Acanthocybium solandri,112.25,-31.25
Acanthocybium solandri,113.75,-22.25
Acanthocybium solandri,153.75,-29.75
Acanthocybium solandri,114.25,-30.25
Acanthocybium solandri,109.25,-28.25
Acanthocybium solandri,153.25,-31.75
Acanthocybium solandri,154.75,-29.75
Acanthocybium solandri,112.75,-31.75
Acanthocybium solandri,114.25,-32.25
Acanthocybium solandri,111.75,-24.75
Acanthocybium solandri,113.75,-28.75
Acanthocybium solandri,114.25,-20.75
Acanthocybium solandri,153.25,-32.75
Acanthocybium solandri,113.75,-29.25
Acanthocybium solandri,114.75,-30.75
Acanthocybium solandri,154.25,-28.25
Acanthocybium solandri,112.25,-24.75
Acanthocybium solandri,111.75,-22.75
Acanthocybium solandri,112.25,-27.75
Acanthocybium solandri,113.25,-32.75
Acanthocybium solandri,114.25,-34.25
Acanthocybium solandri,110.75,-27.25
Acanthocybium solandri,154.25,-29.25
Acanthocybium solandri,153.75,-29.25
Acanthocybium solandri,153.25,-29.75
Acanthocybium solandri,112.75,-21.25
Acanthocybium solandri,106.46946666667,-17.385633333333
Acanthocybium solandri,114.25,-30.75
Acanthocybium solandri,150.75,-35.75
Acanthocybium solandri,153.25,-29.25
Acanthocybium solandri,112.75,-28.75
Acanthocybium solandri,109.75,-26.25
Acanthocybium solandri,112.75,-32.25
Acanthocybium solandri,111.25,-24.25
Acanthocybium solandri,114.75,-35.25
Acanthocybium solandri,111.75,-23.75
Acanthocybium solandri,112.25,-31.75
Acanthocybium solandri,151.25,-35.75
Acanthocybium solandri,112.25,-22.75
Acanthocybium solandri,153.75,-27.25
Acanthocybium solandri,153.25,-30.25
Acanthocybium solandri,114.75,-20.25
Acanthocybium solandri,110.75,-26.25
Acanthocybium solandri,113.75,-29.75
Acanthocybium solandri,111.75,-26.25
Acanthocybium solandri,112.25,-27.25
Acanthocybium solandri,113.25,-28.75
Acanthocybium solandri,113.25,-32.25
Acanthocybium solandri,111.25,-29.75
Acanthocybium solandri,154.25,-27.25
Acanthocybium solandri,113.75,-30.25
Acanthocybium solandri,111.75,-33.25
Acanthocybium solandri,113.75,-30.75
Acanthocybium solandri,112.75,-32.75
Acanthocybium solandri,113.25,-30.75
Acanthocybium solandri,152.75,-30.75
Acanthocybium solandri,113.75,-33.25
Acanthocybium solandri,110.75,-28.25
Acanthocybium solandri,151.75,-34.75
Acanthocybium solandri,111.75,-30.25
Acanthocybium solandri,112.25,-28.25
Acanthocybium solandri,152.25,-33.25
Acanthocybium solandri,153.75,-30.25
Acanthocybium solandri,153.25,-31.25
Acanthocybium solandri,155.399993896,-27.6333007812
Acanthocybium solandri,112.75,-28.25
Acanthocybium solandri,112.25,-26.25
Acanthocybium solandri,113.25,-22.25
Acanthocybium solandri,112.25,-23.25
Acanthocybium solandri,153.75,-31.25
Acanthocybium solandri,154.25,-27.75
Acanthocybium solandri,153.3,-27
Acanthocybium solandri,114.75,-31.75
Acanthocybium solandri,114.25,-29.75
Acanthocybium solandri,116.585,-19.91847
Acanthocybium solandri,112.25,-30.75
Acanthocybium solandri,126.75,-33.25
Acanthocybium solandri,109.75,-26.75
Acanthocybium solandri,112.75,-27.75
Acanthocybium solandri,112.75,-27.25
Acanthocybium solandri,153.75,-30.75
Acanthocybium solandri,154.75,-27.75
Acanthocybium solandri,112.25,-32.75
Acanthocybium solandri,111.25,-23.75
Acanthocybium solandri,153.75,-28.75
Acanthocybium solandri,111.75,-26.75
Acanthocybium solandri,112.75,-29.75
Acanthocybium solandri,153.75,-31.75
Acanthocybium solandri,110.25,-27.25
Acanthocybium solandri,111.25,-26.25
Acanthocybium solandri,151.2167,-34.0833
Acanthocybium solandri,110.25,-25.25
Acanthocybium solandri,112.75,-22.75
Acanthocybium solandri,154.25,-29.75
Acanthocybium solandri,111.75,-27.75
Acanthocybium solandri,113.75,-20.75
Acanthocybium solandri,111.25,-29.25
Acanthocybium solandri,153.25,-30.75
Acanthocybium solandri,113.25,-33.75
Acanthocybium solandri,110.25,-26.25
Acanthocybium solandri,153.33333,-27.16667
Acanthocybium solandri,113.25,-31.75
Acanthocybium solandri,151.2267,-34.1192
Acanthocybium solandri,151.25,-35.25
Acanthocybium solandri,113.25,-22.75
Acanthocybium solandri,114.75,-31.25
Acanthocybium solandri,155.75,-27.75
Acanthocybium solandri,112.75,-31.25
Acanthocybium solandri,109.75,-25.75
Acanthocybium solandri,109.75,-24.75
Acanthocybium solandri,152.25,-34.75
Acanthocybium solandri,152.25,-34.25
Acanthocybium solandri,111.75,-27.25
Acanthocybium solandri,110.75,-27.75
Acanthocybium solandri,111.25,-27.75
Acanthocybium solandri,152.25,-33.75
Acanthocybium solandri,109.98923333333,-21.3186666666669
Acanthocybium solandri,154.75,-28.25
Acanthocybium solandri,111.25,-30.25
Acanthocybium solandri,155.75,-28.75
Acanthocybium solandri,111.75,-29.25
Acanthocybium solandri,112.75,-22.25
Acanthocybium solandri,153.75,-28.25
Acanthocybium solandri,113.25,-31.25
Acanthocybium solandri,110.25,-27.75
Acanthocybium solandri,109.75,-25.25
Acanthocybium solandri,111.75,-29.75
Acanthocybium solandri,111.25,-24.75
Acanthocybium solandri,113.25,-28.25
Acanthocybium solandri,113.75,-31.25
Acanthocybium solandri,109.25,-24.75
Acanthocybium solandri,109.2013,-15.50309
Acanthocybium solandri,110.75,-26.75
Acanthocybium solandri,113.75,-31.75
Acanthocybium solandri,110.75,-25.75
Acanthocybium solandri,112.75,-23.25
Acanthocybium solandri,155.39999,-27.6333
Acanthocybium solandri,151.933,-33.933
Acanthocybium solandri,112.68362,-24.575
Acanthocybium solandri,150.25,-37.75
Acanthocybium solandri,110.75,-25.25
Acanthocybium solandri,109.75,-24.25
Acanthocybium solandri,153.25,-28.75
Acanthocybium solandri,152.75,-33.75
Acanthocybium solandri,110.25,-25.75
Acanthocybium solandri,113.25,-33.25
Acanthocybium solandri,113.25,-29.25
Acanthocybium solandri,151.75,-35.25
Acanthocybium solandri,113.75,-21.25
Acanthocybium solandri,153.333333,-27.166667
Acanthocybium solandri,151.25,-34.75
Acanthocybium solandri,109.98929333333,-15.989293333333
Acanthocybium solandri,112.75,-21.75
Acanthocybium solandri,111.75,-25.75
Acanthocybium solandri,152.75,-32.25
Acanthocybium solandri,109.75,-27.75
Acanthocybium solandri,114.25,-29.25
Acanthocybium solandri,114.25,-31.75
Acanthocybium solandri,114.25,-20.25
Acanthocybium solandri,128.25,-33.25
Acanthocybium solandri,154.25,-31.25
Acanthocybium solandri,155.25,-28.25
Acanthocybium solandri,151.33546,-34.00636
Acanthocybium solandri,107.80482,-18.6371833333329
Acanthocybium solandri,112.25,-28.75
Acanthocybium solandri,153.562,-27.345
Acanthocybium solandri,116.58333,-20.48333
Acanthocybium solandri,115.25,-19.25
Acanthocybium solandri,114.25,-33.75
Acanthocybium solandri,115.4443,-31.9774
Acanthocybium solandri,111.25,-25.75
Acanthocybium solandri,152.25,-35.25
Acanthocybium solandri,106.1006,-14.1677666666669
Acanthocybium solandri,153.25,-32.25
Acanthocybium solandri,153.75,-33.25
Acanthocybium solandri,152.75,-32.75
Acanthocybium solandri,153.75,-32.25
Acanthocybium solandri,151.25,-36.25
Acanthocybium solandri,114.25,-33.25
