species,decimalLongitude,decimalLatitude
Acanthopagrus australis,150.14,-35.63
Acanthopagrus australis,150.14,-35.7
Acanthopagrus australis,150.58,-34.87
Acanthopagrus australis,150.98,-33.91
Acanthopagrus australis,150.15,-35.66
Acanthopagrus australis,150.57,-34.86
Acanthopagrus australis,150.72,-34.88
Acanthopagrus australis,151.63499,-33.06
Acanthopagrus australis,150.6,-34.87
Acanthopagrus australis,151.61,-33.09
Acanthopagrus australis,150.14,-35.62
Acanthopagrus australis,153.32,-27.7
Acanthopagrus australis,150.2,-35.72
Acanthopagrus australis,150.14,-35.65
Acanthopagrus australis,151.883,-32.85
Acanthopagrus australis,150.6,-34.86
Acanthopagrus australis,150.12,-35.68
Acanthopagrus australis,150.7,-34.87
Acanthopagrus australis,153.233,-29.333
Acanthopagrus australis,150.15,-35.62
Acanthopagrus australis,150.68,-34.86
Acanthopagrus australis,150.67,-34.85
Acanthopagrus australis,150.56,-34.87
Acanthopagrus australis,150.97,-33.94
Acanthopagrus australis,150.14,-35.64
Acanthopagrus australis,151.07,-33.99
Acanthopagrus australis,150.57,-34.87
Acanthopagrus australis,150.13,-35.7
Acanthopagrus australis,151.16,-33.94
Acanthopagrus australis,150.15,-35.67
Acanthopagrus australis,150.61,-34.86
Acanthopagrus australis,150.55,-34.85
Acanthopagrus australis,151,-33.98
Acanthopagrus australis,150.64,-34.85
Acanthopagrus australis,151.06,-33.99
Acanthopagrus australis,151.1,-34
Acanthopagrus australis,150.73,-34.86
Acanthopagrus australis,151.16,-34
Acanthopagrus australis,150.95,-33.91
Acanthopagrus australis,150.71,-34.87
Acanthopagrus australis,150.18,-35.71
Acanthopagrus australis,150.71,-34.89
Acanthopagrus australis,151.16,-34.07
Acanthopagrus australis,150.15,-35.7
Acanthopagrus australis,151.03,-33.99
Acanthopagrus australis,151.65472,-33.04735
Acanthopagrus australis,151.57,-33.09
Acanthopagrus australis,150.59,-34.87
Acanthopagrus australis,150.98,-33.93
Acanthopagrus australis,151.03,-33.98
Acanthopagrus australis,151.01,-33.98
Acanthopagrus australis,150.69,-35.08
Acanthopagrus australis,150.95,-33.92
Acanthopagrus australis,150.16,-35.7
Acanthopagrus australis,151.2,-34.0098
Acanthopagrus australis,151.61,-33.1
Acanthopagrus australis,150.66,-34.85
Acanthopagrus australis,153.033,-27.466
Acanthopagrus australis,151.56,-33.09
Acanthopagrus australis,153.258,-29.83533
Acanthopagrus australis,150.13,-35.67
Acanthopagrus australis,153.22,-27.71
Acanthopagrus australis,150.15,-35.61
Acanthopagrus australis,150.7,-35.09
Acanthopagrus australis,150.19,-35.71
Acanthopagrus australis,150.62,-34.85
Acanthopagrus australis,153.19,-27.77
Acanthopagrus australis,153.28,-27.7
Acanthopagrus australis,151.65,-33.05166
Acanthopagrus australis,150.69,-35.09
Acanthopagrus australis,151.2167,-34.0833
Acanthopagrus australis,151.08,-34
Acanthopagrus australis,150.17,-35.57
Acanthopagrus australis,150.76,-34.9
Acanthopagrus australis,150.22,-36.25
Acanthopagrus australis,150.7,-35.1
Acanthopagrus australis,150.73,-34.9
Acanthopagrus australis,150.7,-35.07
Acanthopagrus australis,150.16,-35.59
Acanthopagrus australis,150.99,-33.97
Acanthopagrus australis,150.54,-34.87
Acanthopagrus australis,150.67,-35.0539
Acanthopagrus australis,153.55,-28.166667
Acanthopagrus australis,150.68,-35.05
Acanthopagrus australis,153.47499,-29.45
Acanthopagrus australis,151.6,-33.08
Acanthopagrus australis,151.59,-33.1
Acanthopagrus australis,150.663,-35.0249
Acanthopagrus australis,151.14,-34.01
Acanthopagrus australis,150.866,-34.55
Acanthopagrus australis,151.05,-33.99
Acanthopagrus australis,153.199996948,-30.1166667938
Acanthopagrus australis,151.3,-33.633
Acanthopagrus australis,144.93,-37.87
Acanthopagrus australis,150.72,-34.89
Acanthopagrus australis,150.74,-34.91
Acanthopagrus australis,151.266,-33.8
Acanthopagrus australis,153.36,-27.76
Acanthopagrus australis,151.181,-33.9491
Acanthopagrus australis,151.25,-34.1
Acanthopagrus australis,150.16,-35.6
Acanthopagrus australis,151.137,-34.0052
Acanthopagrus australis,150.77,-35.11
Acanthopagrus australis,150.121,-36.2214
Acanthopagrus australis,150.5,-34.87
Acanthopagrus australis,152.75,-30.6
Acanthopagrus australis,151.633,-33.083
Acanthopagrus australis,150.13,-35.69
Acanthopagrus australis,150.77,-35.08
Acanthopagrus australis,151.59,-33.11
Acanthopagrus australis,152.80428,-27.55696
Acanthopagrus australis,151.083,-33.983
Acanthopagrus australis,150.133,-36.033
Acanthopagrus australis,150.48499,-35.34805
Acanthopagrus australis,151.55,-33.07
Acanthopagrus australis,150.71,-35.01
Acanthopagrus australis,150.68,-34.85
Acanthopagrus australis,150.17,-35.58
Acanthopagrus australis,151.166,-33.833
Acanthopagrus australis,153.58282,-28.258
Acanthopagrus australis,153.25,-27.7
Acanthopagrus australis,151.02,-33.98
Acanthopagrus australis,153.416,-30.933
Acanthopagrus australis,150.744,-35.138
Acanthopagrus australis,151.62999,-33.09193
Acanthopagrus australis,151.317,-33.883
Acanthopagrus australis,153.2,-27.74
Acanthopagrus australis,150.55,-34.86
Acanthopagrus australis,150.68,-35.07
Acanthopagrus australis,150.98,-33.95
Acanthopagrus australis,151.06,-34
Acanthopagrus australis,151.176,-34.0266
Acanthopagrus australis,150.17,-35.7
Acanthopagrus australis,150.15,-35.6
Acanthopagrus australis,138.5,-35.18
Acanthopagrus australis,153.4755,-28.1409
Acanthopagrus australis,152.98666,-30.88316
Acanthopagrus australis,150.97,-33.91
Acanthopagrus australis,150.73,-34.89
Acanthopagrus australis,151.15,-34
Acanthopagrus australis,151.1666,-34.0666
Acanthopagrus australis,150.68,-35.04
Acanthopagrus australis,151.11,-34
Acanthopagrus australis,150.678,-35.0252
Acanthopagrus australis,153.35,-29.433
Acanthopagrus australis,151.09,-34
Acanthopagrus australis,151.233,-34.1
Acanthopagrus australis,153.25,-29.433
Acanthopagrus australis,153.0935,-27.34344
Acanthopagrus australis,153.300003052,-29.8829994202
Acanthopagrus australis,147.708,-37.9878
Acanthopagrus australis,153.3,-29.883
Acanthopagrus australis,147.955,-37.8786
Acanthopagrus australis,152.983,-30.92332
Acanthopagrus australis,152.19274,-32.73774
Acanthopagrus australis,153.08333,-27.16667
Acanthopagrus australis,151.63999,-33.08499
Acanthopagrus australis,151.25,-33.633
Acanthopagrus australis,150.59,-35.17
Acanthopagrus australis,153.33,-27.63
Acanthopagrus australis,153.333,-27.416
Acanthopagrus australis,151.58333,-33.1
Acanthopagrus australis,151.8,-32.833
Acanthopagrus australis,150.77,-35.09
Acanthopagrus australis,151.07,-34
Acanthopagrus australis,152.5,-32.283
Acanthopagrus australis,153.35,-27.69
Acanthopagrus australis,151.233,-33.816
Acanthopagrus australis,151.783,-32.983
Acanthopagrus australis,118.58333,-20.3
Acanthopagrus australis,151.5,-33.34
Acanthopagrus australis,150.694,-35.1133
Acanthopagrus australis,152.9,-31.416
Acanthopagrus australis,147.713,-37.9236
Acanthopagrus australis,153.43449,-29.1145
Acanthopagrus australis,151.3333,-33.9583
Acanthopagrus australis,151.75,-33.05
Acanthopagrus australis,150.88054,-34.54666
Acanthopagrus australis,150.97,-33.92
Acanthopagrus australis,151.1,-34.083
Acanthopagrus australis,153.3555,-29.41749
Acanthopagrus australis,150.98,-33.97
Acanthopagrus australis,152.517,-32.133
Acanthopagrus australis,150.18,-35.56
Acanthopagrus australis,150.15,-36.05
Acanthopagrus australis,153.5802,-27.3889
Acanthopagrus australis,151.63166,-33.066
Acanthopagrus australis,153.25,-27.25
Acanthopagrus australis,150.689,-35.0165
Acanthopagrus australis,151.333,-33.817
Acanthopagrus australis,150.05,-35.733
Acanthopagrus australis,151.3,-33.8
Acanthopagrus australis,151.48999,-33.33999
Acanthopagrus australis,150.97,-33.93
Acanthopagrus australis,149.5,-37.73
Acanthopagrus australis,150.966,-33.5
Acanthopagrus australis,153.17,-27.69
Acanthopagrus australis,150.94,-33.92
Acanthopagrus australis,150.674,-35.0301
Acanthopagrus australis,112.7757,-25.52611
Acanthopagrus australis,151.57,-33.08
Acanthopagrus australis,144.800003052,-37.9169998169
Acanthopagrus australis,144.15,-37.35
Acanthopagrus australis,152.8727,-31.7506
Acanthopagrus australis,150.695,-35.1184
Acanthopagrus australis,147.487,-38.0692
Acanthopagrus australis,151.142,-34.0585
Acanthopagrus australis,152.9722,-26.62043
Acanthopagrus australis,151.16667,-34.06667
Acanthopagrus australis,151.12,-34.01
Acanthopagrus australis,151.61999,-33.08833
Acanthopagrus australis,151.3,-33.967
Acanthopagrus australis,153.1247,-32.6593
Acanthopagrus australis,150.101,-36.207
Acanthopagrus australis,150.785,-35.0338
Acanthopagrus australis,150.133331,-36.066666
Acanthopagrus australis,150.19,-35.54
Acanthopagrus australis,153.34,-29.38
Acanthopagrus australis,153.333328247,-29.7666664124
Acanthopagrus australis,153.136389,-26.678889
Acanthopagrus australis,151.61,-33.07499
Acanthopagrus australis,149.52,-37.7383
Acanthopagrus australis,147.772,-37.9044
Acanthopagrus australis,150.96,-33.91
Acanthopagrus australis,151.333,-33.833
Acanthopagrus australis,150.116,-36.15
Acanthopagrus australis,152.45,-30.45
Acanthopagrus australis,150.133,-36.0667
Acanthopagrus australis,151.59,-33.08
Acanthopagrus australis,153.2133,-32.6653
Acanthopagrus australis,150.733,-35.05
Acanthopagrus australis,148.967,-37.7611
Acanthopagrus australis,151.717,-33.05
Acanthopagrus australis,151.583,-33.083
Acanthopagrus australis,151.19016,-33.86116
Acanthopagrus australis,151.22,-33.78
Acanthopagrus australis,151.417,-33.9
Acanthopagrus australis,153.5,-28.25
Acanthopagrus australis,152.98899,-30.83999
Acanthopagrus australis,151.29,-33.81
Acanthopagrus australis,150.75,-34.9
Acanthopagrus australis,153.22,-27.72
Acanthopagrus australis,150.73304,-35.13304
Acanthopagrus australis,147.785,-37.8475
Acanthopagrus australis,151.417,-33.817
Acanthopagrus australis,151.17632,-33.87216
Acanthopagrus australis,151.28132,-33.84566
Acanthopagrus australis,150.98,-33.96
Acanthopagrus australis,150.8,-34.833
Acanthopagrus australis,113.907455,-26.100634
Acanthopagrus australis,153,-30.65
Acanthopagrus australis,153.087,-32.5868
Acanthopagrus australis,150.483,-35.25
Acanthopagrus australis,151.266,-33.85
Acanthopagrus australis,151.61333,-33.04333
Acanthopagrus australis,151.27499,-33.55055
Acanthopagrus australis,150.85,-34.533
Acanthopagrus australis,151.233,-33.85
Acanthopagrus australis,151.16027,-33.85861
Acanthopagrus australis,151.316,-33.866
Acanthopagrus australis,151.683,-33.083
Acanthopagrus australis,150.93,-33.92
Acanthopagrus australis,153.416,-27.966
Acanthopagrus australis,141.58,-38.4
Acanthopagrus australis,150.133,-36.15
Acanthopagrus australis,149.9,-37.5
Acanthopagrus australis,150.673,-35.0641
Acanthopagrus australis,151.501436,-33.294089
Acanthopagrus australis,144.8,-37.917
Acanthopagrus australis,150.098,-36.2159
Acanthopagrus australis,150.71,-35.12
Acanthopagrus australis,153.8773,-27.1348
Acanthopagrus australis,153.41,-27.74
Acanthopagrus australis,151.2267,-34.1192
Acanthopagrus australis,151.5,-33.333
Acanthopagrus australis,150.693,-35.1079
Acanthopagrus australis,153.26,-27.69
Acanthopagrus australis,151.58333,-33.08333
Acanthopagrus australis,151.26,-33.82
Acanthopagrus australis,151.13,-34.14
Acanthopagrus australis,153.1333,-26.8166
Acanthopagrus australis,151.17,-33.95
Acanthopagrus australis,152.79833,-31.71999
Acanthopagrus australis,152.23,-32.71
Acanthopagrus australis,151.26,-33.99
Acanthopagrus australis,151.75,-33
Acanthopagrus australis,151.483,-33.366
Acanthopagrus australis,153.29,-27.69
Acanthopagrus australis,152.18349,-32.74524
Acanthopagrus australis,150.71,-34.86
Acanthopagrus australis,152.94,-32.96
Acanthopagrus australis,150.066666,-36.366665
Acanthopagrus australis,151.25,-33.8
Acanthopagrus australis,150.16667,-35.7
Acanthopagrus australis,151.27,-33.85
Acanthopagrus australis,152.766,-30.416
Acanthopagrus australis,116.14264,-20.1768
Acanthopagrus australis,153.533,-28.533
Acanthopagrus australis,153.15,-26.8
Acanthopagrus australis,151.04,-33.98
Acanthopagrus australis,153.55,-28.16667
Acanthopagrus australis,153.211,-32.5883
Acanthopagrus australis,151.23,-33.8
Acanthopagrus australis,151.27,-33.84
Acanthopagrus australis,153.066667,-27.316667
Acanthopagrus australis,153.13333,-26.81667
Acanthopagrus australis,153.15,-27.1
Acanthopagrus australis,151.183,-34.133
Acanthopagrus australis,153.5,-32.45
Acanthopagrus australis,151.119,-34.0699
Acanthopagrus australis,137.08,-35.93
Acanthopagrus australis,145.083,-38.0111
Acanthopagrus australis,151.333,-33.483
Acanthopagrus australis,151.63949,-33.08433
Acanthopagrus australis,151.65,-33.083
Acanthopagrus australis,151.166,-33.633
Acanthopagrus australis,153.2666667,-29.86666667
Acanthopagrus australis,151.28,-33.83
Acanthopagrus australis,153.13639,-26.67889
Acanthopagrus australis,151.27,-33.8
Acanthopagrus australis,146.25,-38.75
Acanthopagrus australis,145.25,-38.25
Acanthopagrus australis,151.15,-34.133
Acanthopagrus australis,150.50033,-35.25037
Acanthopagrus australis,151.35,-33.733
Acanthopagrus australis,151.13,-34.07
Acanthopagrus australis,153.43333,-27.4
Acanthopagrus australis,153.39,-27.74
Acanthopagrus australis,150.1,-36.083
Acanthopagrus australis,116.65973,-19.71917
Acanthopagrus australis,150.18,-35.55
Acanthopagrus australis,150.82693,-35.01055
Acanthopagrus australis,152.466,-31.916
Acanthopagrus australis,151.25,-33.86
Acanthopagrus australis,113.535097,-25.92835727
Acanthopagrus australis,153.32,-27.69
Acanthopagrus australis,151.633,-33.06
Acanthopagrus australis,153.59716,-28.80183
Acanthopagrus australis,151.416,-33.316
Acanthopagrus australis,153.08333,-27.33333
Acanthopagrus australis,150.674,-35.0616
Acanthopagrus australis,152.55,-32.46
Acanthopagrus australis,153.0817,-26.7518
Acanthopagrus australis,153.2,-30.066
Acanthopagrus australis,151.5,-33.3
Acanthopagrus australis,151.69058,-32.82657
Acanthopagrus australis,150.699,-35.1238
Acanthopagrus australis,152.183,-32.733
Acanthopagrus australis,153.46516,-28.95466
Acanthopagrus australis,151.733,-33.05
Acanthopagrus australis,148.53,-37.8
Acanthopagrus australis,150.116,-36.2
Acanthopagrus australis,151.083,-33.833
Acanthopagrus australis,151.24049,-33.862
Acanthopagrus australis,150.45,-35.39
Acanthopagrus australis,151.433,-33.75
Acanthopagrus australis,151.333,-33.466
Acanthopagrus australis,150.76,-35.12
Acanthopagrus australis,153.45,-28.516
Acanthopagrus australis,153.1,-29.5
Acanthopagrus australis,150.757,-34.9933
Acanthopagrus australis,149.325,-37.7774
Acanthopagrus australis,147.887,-37.9144
Acanthopagrus australis,151.283,-33.9
Acanthopagrus australis,150.715,-35.007
Acanthopagrus australis,151.15,-33.983
Acanthopagrus australis,150.695,-35.0133
Acanthopagrus australis,153.24,-27.68
Acanthopagrus australis,150.69589,-35.09912
Acanthopagrus australis,151.266,-33.866
Acanthopagrus australis,150.702,-35.0107
Acanthopagrus australis,149.53,-37.72
Acanthopagrus australis,150.177,-35.7077
Acanthopagrus australis,150.18,-35.57
Acanthopagrus australis,153.208,-29.97066
Acanthopagrus australis,150.676,-35.0544
Acanthopagrus australis,136.92,-34.5
Acanthopagrus australis,153.0078,-33.6755
Acanthopagrus australis,151.2917,-33.945
Acanthopagrus australis,149.57,-37.7
Acanthopagrus australis,150.77,-35.1
Acanthopagrus australis,153.562,-27.345
Acanthopagrus australis,150.666,-34.8
Acanthopagrus australis,152.9,-30.766
Acanthopagrus australis,150.721,-35.1376
Acanthopagrus australis,151.416,-33.9
Acanthopagrus australis,153.58333,-28.88333
Acanthopagrus australis,151.066,-34.133
Acanthopagrus australis,153.266662598,-29.8666667938
Acanthopagrus australis,112.85028,-24.60139
Acanthopagrus australis,153.333,-28.2
Acanthopagrus australis,153.21,-27.68
Acanthopagrus australis,150.316,-34.8
Acanthopagrus australis,149.966,-37.466
Acanthopagrus australis,153.2,-30.11666667
Acanthopagrus australis,138.3333,-35.1833
Acanthopagrus australis,153.11667,-27.2
Acanthopagrus australis,153.583,-28.883
Acanthopagrus australis,153.57132,-28.84783
Acanthopagrus australis,153.36383,-29.47882
Acanthopagrus australis,152.366,-31.416
Acanthopagrus australis,151.767,-33
Acanthopagrus australis,150.133,-35.933
Acanthopagrus australis,151.15914,-33.66011
Acanthopagrus australis,153.21,-27.74
Acanthopagrus australis,150.633,-35.217
Acanthopagrus australis,154.0367,-28.9867
Acanthopagrus australis,151.367,-33.967
Acanthopagrus australis,116.10028,-20.19347
Acanthopagrus australis,150.753,-34.9925
Acanthopagrus australis,151.63999,-33.06999
Acanthopagrus australis,150.73,-35.13
Acanthopagrus australis,113.7242017,-25.86370161
Acanthopagrus australis,153.583,-28.483
Acanthopagrus australis,151.29,-33.8
Acanthopagrus australis,151.127,-34.0808
Acanthopagrus australis,153.41666,-27.96667
Acanthopagrus australis,151.333,-33.616
Acanthopagrus australis,151.2,-33.76749
Acanthopagrus australis,147.863,-37.8075
Acanthopagrus australis,153.016667,-27.466667
Acanthopagrus australis,150.782,-35.0306
Acanthopagrus australis,147.92,-36.95
Acanthopagrus australis,150.697,-35.1214
Acanthopagrus australis,153.01667,-27.46667
Acanthopagrus australis,152.18199,-32.74558
Acanthopagrus australis,150.755,-34.9929
Acanthopagrus australis,151.266,-33.833
Acanthopagrus australis,112.25917,-24.60013
Acanthopagrus australis,154.0833,-28
Acanthopagrus australis,151.26,-33.97
Acanthopagrus australis,151.616,-33.1
Acanthopagrus australis,151.25,-33.85
Acanthopagrus australis,153.55433,-28.54083
Acanthopagrus australis,147.08,-37.97
Acanthopagrus australis,151.63971,-33.06999
Acanthopagrus australis,149.13,-37.75
Acanthopagrus australis,153.1333,-30.3166
Acanthopagrus australis,118.83556,-19.24347
Acanthopagrus australis,153.36,-27.67
Acanthopagrus australis,153.19,-27.7
Acanthopagrus australis,151.63833,-33.05833
Acanthopagrus australis,153.5505,-28.53749
Acanthopagrus australis,150.5,-35.25
Acanthopagrus australis,151.22982,-33.8625
Acanthopagrus australis,150.674,-35.0591
Acanthopagrus australis,153.24,-27.7
Acanthopagrus australis,153.14,-31.52
Acanthopagrus australis,153.366,-29.416
Acanthopagrus australis,113.94532745,-21.96216403
Acanthopagrus australis,150.63,-34.85
Acanthopagrus australis,150.71,-34.88
Acanthopagrus australis,150.1,-36.133
Acanthopagrus australis,149.7277,-37.5083
Acanthopagrus australis,152.16,-32.71
Acanthopagrus australis,151.23,-33.78
Acanthopagrus australis,150.91,-34.42
Acanthopagrus australis,151.767,-32.983
Acanthopagrus australis,147.349,-37.5525
Acanthopagrus australis,153.433333,-27.4
Acanthopagrus australis,153.4038,-28.1517
Acanthopagrus australis,153.333333333,-29.7666666667
Acanthopagrus australis,152.216,-31.916
Acanthopagrus australis,150.8,-35.08
Acanthopagrus australis,119.00111,-19.31777
Acanthopagrus australis,150.762,-34.995
Acanthopagrus australis,152.9,-30.76667
Acanthopagrus australis,153.133333,-27.4
Acanthopagrus australis,151.25,-33.81
Acanthopagrus australis,150.116,-36.133
Acanthopagrus australis,151.2833,-34.1
Acanthopagrus australis,150.5,-34.916
Acanthopagrus australis,153.3555,-29.41766
Acanthopagrus australis,151.2,-34
Acanthopagrus australis,150.746,-35.1368
Acanthopagrus australis,151.332992554,-33.5830001831
Acanthopagrus australis,151.1911,-33.86
Acanthopagrus australis,151.2,-33.55
Acanthopagrus australis,153.364,-29.47882
Acanthopagrus australis,145.25,-37.75
Acanthopagrus australis,152.966,-28.483
Acanthopagrus australis,151.533,-33.3
Acanthopagrus australis,151.21099,-33.85365
Acanthopagrus australis,151.22,-33.88
Acanthopagrus australis,150.749,-34.9925
Acanthopagrus australis,150.743,-34.9935
Acanthopagrus australis,153.4618,-28.1877
Acanthopagrus australis,152.80389,-27.55667
Acanthopagrus australis,152.516,-31.883
Acanthopagrus australis,150.177,-35.7014
Acanthopagrus australis,144.75,-38.25
Acanthopagrus australis,153.58249,-28.258
Acanthopagrus australis,151.133,-33.8
Acanthopagrus australis,143.08,-38.62
Acanthopagrus australis,151.35,-33.9833
Acanthopagrus australis,150.733,-34.85
Acanthopagrus australis,153.3,-29.88333
Acanthopagrus australis,151.833,-32.867
Acanthopagrus australis,152.466,-32.383
Acanthopagrus australis,153.7433,-28.9717
Acanthopagrus australis,114.174572,-21.8295877
Acanthopagrus australis,151.633,-33.06999
Acanthopagrus australis,151.35,-33.8
Acanthopagrus australis,150.066,-36.35
Acanthopagrus australis,151.07916,-34.0025
Acanthopagrus australis,150.781,-35.0001
Acanthopagrus australis,117.7857,-18.79333
Acanthopagrus australis,150.566,-35.166
Acanthopagrus australis,153.11667,-27.21667
Acanthopagrus australis,152.75,-31.9833
Acanthopagrus australis,150.7833333,-35
Acanthopagrus australis,151.25,-34
Acanthopagrus australis,150.693,-35.1101
Acanthopagrus australis,151.733,-32.866
Acanthopagrus australis,152.7138,-32.478
Acanthopagrus australis,151.65,-33.1
Acanthopagrus australis,151.2,-33.98333
Acanthopagrus australis,147.95,-37.9
Acanthopagrus australis,150.786,-35.0384
Acanthopagrus australis,153.02443,-30.8761
Acanthopagrus australis,153.25,-27.75
Acanthopagrus australis,153.03333,-27.15
Acanthopagrus australis,151.421087,-33.929034
Acanthopagrus australis,153.033,-31.033
Acanthopagrus australis,151.083,-34.05
Acanthopagrus australis,143.65,-38.7
Acanthopagrus australis,152.983,-30.75
Acanthopagrus australis,143.67,-38.77
Acanthopagrus australis,151.29,-33.85
Acanthopagrus australis,153.266666667,-29.8666666667
Acanthopagrus australis,130.03403,-31.96764
Acanthopagrus australis,153.2,-30.1166666667
Acanthopagrus australis,151.63916,-33.09444
Acanthopagrus australis,147.72,-37.98
Acanthopagrus australis,151.149994,-33.983334
Acanthopagrus australis,151.116,-34.033
Acanthopagrus australis,151.27,-33.83
Acanthopagrus australis,150.675,-35.0565
Acanthopagrus australis,151.216,-33.883
Acanthopagrus australis,151.16,-34.08
Acanthopagrus australis,150.683,-35.0207
Acanthopagrus australis,150.87,-34.54
Acanthopagrus australis,153.58416,-28.64666
Acanthopagrus australis,151.16527,-33.85916
Acanthopagrus australis,113.6197017,-26.1042868
Acanthopagrus australis,149.95,-37.45
Acanthopagrus australis,150.779,-35.0292
Acanthopagrus australis,150.733,-35.133
Acanthopagrus australis,151.333,-33.583
Acanthopagrus australis,147.75,-37.75
Acanthopagrus australis,153.01667,-30.48333
Acanthopagrus australis,152.25,-30.733
Acanthopagrus australis,147.642,-37.8267
Acanthopagrus australis,151.146,-34.082
Acanthopagrus australis,153.5386,-28.53193
Acanthopagrus australis,147.25,-38.25
Acanthopagrus australis,150.2,-35.54
Acanthopagrus australis,148.25,-37.75
Acanthopagrus australis,151.18633,-33.86633
Acanthopagrus australis,151.133,-34
Acanthopagrus australis,153.0456,-31.7503
Acanthopagrus australis,118.85945,-19.0925
Acanthopagrus australis,146.88,-38.62
Acanthopagrus australis,150.784,-35.0321
Acanthopagrus australis,153.895,-28.9883
Acanthopagrus australis,153.4683,-29.9983
Acanthopagrus australis,153.57266,-28.516
Acanthopagrus australis,150.67,-35.03
Acanthopagrus australis,153.13333,-27.4
Acanthopagrus australis,149.75,-37.57
Acanthopagrus australis,151.16022,-34.02432
Acanthopagrus australis,153.13333,-30.31667
Acanthopagrus australis,151.9,-32.85
Acanthopagrus australis,151.717,-33.067
Acanthopagrus australis,151.23082,-33.85883
Acanthopagrus australis,153.116667,-27.2
Acanthopagrus australis,149.933,-37.25
Acanthopagrus australis,152.8851,-31.7505
Acanthopagrus australis,153.366667,-27.133333
Acanthopagrus australis,151.133,-34.066
Acanthopagrus australis,153.27,-27.99
Acanthopagrus australis,153.083333,-27.333333
Acanthopagrus australis,151.11083,-34.03444
Acanthopagrus australis,118.84237,-19.51764
Acanthopagrus australis,150.901,-34.4656
Acanthopagrus australis,153.3,-29.833
Acanthopagrus australis,153.290909,-29.825994
Acanthopagrus australis,151.23,-33.86
Acanthopagrus australis,147.833,-37.9331
Acanthopagrus australis,153.416,-28.483
Acanthopagrus australis,150.133,-36.1
Acanthopagrus australis,153.033333,-27.433333
Acanthopagrus australis,153.383333,-27.816667
Acanthopagrus australis,153.30933,-29.43032
Acanthopagrus australis,151.29,-33.87
Acanthopagrus australis,113.583,-25.333
Acanthopagrus australis,151.61667,-33.1
Acanthopagrus australis,151.26,-33.84
Acanthopagrus australis,150.43,-35.53
Acanthopagrus australis,153.4667,-30.1167
Acanthopagrus australis,147.715,-37.8717
Acanthopagrus australis,153.57266,-28.816
Acanthopagrus australis,151,-33
Acanthopagrus australis,151.16941,-33.95775
Acanthopagrus australis,151.22,-33.86
Acanthopagrus australis,153.655,-29.005
Acanthopagrus australis,149.983,-36.583
Acanthopagrus australis,149.833,-37.116
Acanthopagrus australis,153.142,-27.6568
Acanthopagrus australis,150.73333,-34.85
Acanthopagrus australis,153.03082,-30.50416
Acanthopagrus australis,153.05,-27.283333
Acanthopagrus australis,148.77,-37.78
Acanthopagrus australis,150.713,-35.1334
Acanthopagrus australis,151.817,-32.883
Acanthopagrus australis,151.583,-33.1
Acanthopagrus australis,144.75,-37.75
Acanthopagrus australis,151.2,-33.983333
Acanthopagrus australis,121.55833,-15.93444
Acanthopagrus australis,151.216,-33.85
Acanthopagrus australis,153.36667,-27.13333
Acanthopagrus australis,152.1,-32.7
Acanthopagrus australis,151.22749,-33.85966
Acanthopagrus australis,151.69166,-33.083
Acanthopagrus australis,153.3333333,-29.76666667
Acanthopagrus australis,152.03499,-32.72382
Acanthopagrus australis,146.75,-38.75
Acanthopagrus australis,150.76,-34.9941
Acanthopagrus australis,119.38333,-34.38333
Acanthopagrus australis,153.8399,-29.0041
Acanthopagrus australis,113.9074548,-26.1006336
Acanthopagrus australis,153.5278,-29.9999
Acanthopagrus australis,144.25,-38.25
Acanthopagrus australis,147.75,-38.25
Acanthopagrus australis,150.966,-33.416
Acanthopagrus australis,153.116667,-27.216667
Acanthopagrus australis,150.685,-35.0727
Acanthopagrus australis,153.06666,-27.31666
Acanthopagrus australis,147.71,-37.8703
Acanthopagrus australis,150.466,-35.283
Acanthopagrus australis,153.34849,-29.40783
Acanthopagrus australis,153.41,-27.76
Acanthopagrus australis,151.116,-34.083
Acanthopagrus australis,151.116,-33.85
Acanthopagrus australis,150.72249,-35.13583
Acanthopagrus australis,153.05,-27.28333
Acanthopagrus australis,150.14,-35.71
Acanthopagrus australis,151.867,-32.867
Acanthopagrus australis,150.717,-35.1359
Acanthopagrus australis,153.40528,-28.06085
Acanthopagrus australis,133.86667,-33.19167
Acanthopagrus australis,151.24,-33.81
Acanthopagrus australis,145.35,-40.26847
Acanthopagrus australis,150.85,-34.62
Acanthopagrus australis,152.666,-29.483
Acanthopagrus australis,151.05,-34.01
Acanthopagrus australis,150.833,-34.7
Acanthopagrus australis,153.03333,-27.43333
Acanthopagrus australis,150.674,-35.0665
Acanthopagrus australis,153.033333,-27.15
Acanthopagrus australis,150.86999,-34.54444
Acanthopagrus australis,151.8,-32.883
Acanthopagrus australis,153.1667,-31.9833
Acanthopagrus australis,151.183,-34.083
Acanthopagrus australis,116.1757,-20.17542
Acanthopagrus australis,150.166,-35.7
Acanthopagrus australis,151.183,-33.466
Acanthopagrus australis,150.711,-35.1299
Acanthopagrus australis,153.44024,-27.3957
Acanthopagrus australis,150.783340454,-35
Acanthopagrus australis,153.408,-29.12266
Acanthopagrus australis,151.27,-33.96
Acanthopagrus australis,151.57,-33.1
Acanthopagrus australis,151.78082,-32.86116
Acanthopagrus australis,153.34866,-29.40766
Acanthopagrus australis,151.183,-33.833
Acanthopagrus australis,151.183,-34
Acanthopagrus australis,151.16,-34.06
Acanthopagrus australis,153.57632,-28.3615
Acanthopagrus australis,151.1,-34.066
Acanthopagrus australis,153.23,-27.72
Acanthopagrus australis,152.80305,-27.55904
Acanthopagrus australis,153.606,-28.82266
Acanthopagrus australis,153.1667,-30.9833
Acanthopagrus australis,153.516,-28.183
Acanthopagrus australis,152.24,-32.7
Acanthopagrus australis,152.0167,-32.9833
Acanthopagrus australis,153.620684,-28.672749
Acanthopagrus australis,151.09666000000001,-33.99499
Acanthopagrus australis,153.0088,-26.8775
Acanthopagrus australis,118.18348,-18.26736
Acanthopagrus australis,150.786,-35.0357
Acanthopagrus australis,151.19199,-33.84283
Acanthopagrus australis,151.283,-33.833
Acanthopagrus australis,116.23403,-19.90833
Acanthopagrus australis,153.22,-27.74
Acanthopagrus australis,149.763,-37.535
Acanthopagrus australis,153.57382,-28.880490000000002
Acanthopagrus australis,150.783333333,-35
Acanthopagrus australis,153.416667,-27.966667
Acanthopagrus australis,151.817,-32.867
Acanthopagrus australis,113.9073706,-26.1006758
Acanthopagrus australis,153.32066,-29.42266
Acanthopagrus australis,150.51,-34.86
Acanthopagrus australis,150.716,-34.916
Acanthopagrus australis,152.6742,-32.5452
Acanthopagrus australis,149.7497,-37.5804
Acanthopagrus australis,127.90833,-32.45902
Acanthopagrus australis,151.107,-34.0796
Acanthopagrus australis,153.58366,-28.84649
Acanthopagrus australis,153.51982,-28.84649
Acanthopagrus australis,149.76667,-37.56667
Acanthopagrus australis,152.32,-32.6
Acanthopagrus australis,153.504,-28.202
Acanthopagrus australis,153.48333,-28.13333
Acanthopagrus australis,121.82514,-16.6343
Acanthopagrus australis,153.55,-28.166
Acanthopagrus australis,153.0166,-30.4833
Acanthopagrus australis,150.6,-35.083
Acanthopagrus australis,116.80945,-19.72569
Acanthopagrus australis,153.483333,-28.133333
Acanthopagrus australis,153.38333,-27.81666
Acanthopagrus australis,115.85861,-31.95194
Acanthopagrus australis,150.617,-35.217
Acanthopagrus australis,153.8,-27.9833
Acanthopagrus australis,144.933691,-37.822434
Acanthopagrus australis,153.083333,-27.166667
