species,decimalLongitude,decimalLatitude
Acanthurus lineatus,152.53,-32.42
Acanthurus lineatus,113.53509706,-25.92835727
Acanthurus lineatus,105.683062,-10.414841
Acanthurus lineatus,105.66667,-10.58333
Acanthurus lineatus,105.666,-10.5
Acanthurus lineatus,152.55,-32.466
Acanthurus lineatus,105.66667,-10.5
Acanthurus lineatus,113.7242017,-25.86370161
Acanthurus lineatus,113.53506795,-25.92837554
Acanthurus lineatus,113.6197017,-26.1042868
Acanthurus lineatus,116.53333,-20.48333
Acanthurus lineatus,105.66667,-10.48333
Acanthurus lineatus,119.5,-17.5
Acanthurus lineatus,113.907455,-26.100634
