species,decimalLongitude,decimalLatitude
Acanthurus leucopareius,-156.5995799,21.03183305
Acanthurus leucopareius,-155.8994194,19.25695055
Acanthurus leucopareius,-156.814173,21.173213
Acanthurus leucopareius,-155.7117529,20.19613224
Acanthurus leucopareius,-178.2829834,28.40656975
Acanthurus leucopareius,-157.7157074,21.40350466
Acanthurus leucopareius,-156.8496148,21.16552516
Acanthurus leucopareius,-170.567467,25.378567
Acanthurus leucopareius,-177.40323,28.26826
Acanthurus leucopareius,-156.217709,20.915689
Acanthurus leucopareius,-156.0355,20.8074
Acanthurus leucopareius,-157.6684372,21.32351054
Acanthurus leucopareius,145.699674,18.776928
Acanthurus leucopareius,-157.80389,21.494807
Acanthurus leucopareius,-156.115998,20.627188
Acanthurus leucopareius,144.8898889,20.5363842
Acanthurus leucopareius,-171.7425,25.76895
Acanthurus leucopareius,-159.631683,22.1926
Acanthurus leucopareius,-178.328283,28.45365
Acanthurus leucopareius,-171.74541,25.77388
Acanthurus leucopareius,144.893562,20.535775
Acanthurus leucopareius,145.404326,19.708549
Acanthurus leucopareius,-155.2322548,19.98708649
Acanthurus leucopareius,145.2087771,20.02447908
Acanthurus leucopareius,-156.7663945,21.17694391
Acanthurus leucopareius,145.418992,19.686237
Acanthurus leucopareius,-156.893253,21.167498
Acanthurus leucopareius,-155.6884,18.939
Acanthurus leucopareius,-175.997385,27.80417
Acanthurus leucopareius,-157.058324,20.880926
Acanthurus leucopareius,-155.676217,20.176517
Acanthurus leucopareius,-175.898381,27.778647
Acanthurus leucopareius,-155.294332,20.022652
Acanthurus leucopareius,-167.9999,24.99821
Acanthurus leucopareius,-178.35795,28.390011
Acanthurus leucopareius,-109.43,-27.13
Acanthurus leucopareius,-155.0099,19.3326
Acanthurus leucopareius,-155.900209,19.209742
Acanthurus leucopareius,-173.997033,26.0782
Acanthurus leucopareius,-177.4188763,28.22622011
Acanthurus leucopareius,-175.833674,27.952142
Acanthurus leucopareius,-177.3199541,28.20513954
Acanthurus leucopareius,-173.9535,25.944517
Acanthurus leucopareius,-178.283712,28.395831
Acanthurus leucopareius,-156.8209477,21.17599499
Acanthurus leucopareius,-157.6856685,21.37513879
Acanthurus leucopareius,-178.3597667,28.44498333
Acanthurus leucopareius,-156.858267,20.8899
Acanthurus leucopareius,-155.344223,20.047385
Acanthurus leucopareius,-178.324494,28.456708
Acanthurus leucopareius,-173.992036,26.07951145
Acanthurus leucopareius,-178.370254,28.395341
Acanthurus leucopareius,-170.5263,25.38848333
Acanthurus leucopareius,145.84915,17.607748
Acanthurus leucopareius,-154.846345,19.450839
Acanthurus leucopareius,-156.6905119,20.88291278
Acanthurus leucopareius,145.7906969,16.70210523
Acanthurus leucopareius,-171.747217,25.777617
Acanthurus leucopareius,-177.366117,28.27735
Acanthurus leucopareius,-154.8347954,19.46009243
Acanthurus leucopareius,-177.401817,28.193667
Acanthurus leucopareius,-175.827871,27.953
Acanthurus leucopareius,145.83233,17.31695
Acanthurus leucopareius,-178.2831167,28.40283333
Acanthurus leucopareius,-178.371417,28.42035
Acanthurus leucopareius,-156.6971676,20.92632098
Acanthurus leucopareius,-156.764425,21.176571
Acanthurus leucopareius,-157.6780721,21.33336422
Acanthurus leucopareius,-159.6113573,21.89967737
Acanthurus leucopareius,145.7720675,16.69852062
Acanthurus leucopareius,-159.7109315,22.15610895
Acanthurus leucopareius,-155.901983,19.229177
Acanthurus leucopareius,-156.01742,19.802203
Acanthurus leucopareius,-155.4463,20.0951
Acanthurus leucopareius,145.8321583,17.30794022
Acanthurus leucopareius,-178.375662,28.420163
Acanthurus leucopareius,145.7876644,16.69493987
Acanthurus leucopareius,141.456667,24.2175
Acanthurus leucopareius,-157.780589,21.470812
Acanthurus leucopareius,-155.088344,19.81587
Acanthurus leucopareius,145.6394618,18.76066997
Acanthurus leucopareius,-155.0877632,19.77316163
Acanthurus leucopareius,-157.077592,21.19211
Acanthurus leucopareius,-159.678225,21.951216
Acanthurus leucopareius,-159.351208,21.935684
Acanthurus leucopareius,-156.2144,20.9141
Acanthurus leucopareius,-178.379913,28.402791
Acanthurus leucopareius,-155.892118,19.277203
Acanthurus leucopareius,-157.134235,21.199346
Acanthurus leucopareius,-156.1212544,20.84505248
Acanthurus leucopareius,-155.5691274,19.02496713
Acanthurus leucopareius,-156.619652,20.582429
Acanthurus leucopareius,-156.998,20.835317
Acanthurus leucopareius,145.7106869,18.05772392
Acanthurus leucopareius,-159.7055008,22.16161435
Acanthurus leucopareius,145.3987523,19.70734122
Acanthurus leucopareius,-175.8024,27.9578333
Acanthurus leucopareius,-156.947625,21.18084
Acanthurus leucopareius,-156.1787089,20.88027349
Acanthurus leucopareius,-157.2810678,21.09088297
Acanthurus leucopareius,-178.3727833,28.41136667
Acanthurus leucopareius,-177.3861667,28.2693
Acanthurus leucopareius,-174.012433,26.039467
Acanthurus leucopareius,-175.7435754,27.86071365
Acanthurus leucopareius,145.736903,18.086009
Acanthurus leucopareius,-156.0159867,20.79850123
Acanthurus leucopareius,-175.835115,27.954912
Acanthurus leucopareius,144.8862442,20.54810445
Acanthurus leucopareius,-155.895701,19.262566
Acanthurus leucopareius,-155.693117,20.185372
Acanthurus leucopareius,-156.93821,20.734544
Acanthurus leucopareius,-160.200085,21.91329
Acanthurus leucopareius,-177.391972,28.259637
Acanthurus leucopareius,-155.764613,20.24141
Acanthurus leucopareius,-178.3555579,28.44284001
Acanthurus leucopareius,-177.4253667,28.2048
Acanthurus leucopareius,144.897901,20.551249
Acanthurus leucopareius,-175.992103,27.797853
Acanthurus leucopareius,-155.372349,20.059754
Acanthurus leucopareius,-156.8739282,21.16588541
Acanthurus leucopareius,-174.0047,26.0453
Acanthurus leucopareius,-155.393637,20.068805
Acanthurus leucopareius,-171.7450826,25.77196324
Acanthurus leucopareius,-178.344017,28.453633
Acanthurus leucopareius,145.64033,18.75735
Acanthurus leucopareius,-155.838986,19.01857392
Acanthurus leucopareius,-154.989483,19.339767
Acanthurus leucopareius,145.404906,19.675158
Acanthurus leucopareius,-156.681388,20.549366
Acanthurus leucopareius,-177.40317,28.25002
Acanthurus leucopareius,-159.3795,22.2173
Acanthurus leucopareius,-156.1151772,20.83168954
Acanthurus leucopareius,-171.720282,25.782913
Acanthurus leucopareius,-156.5252046,20.97080265
Acanthurus leucopareius,-177.3310833,28.25861667
Acanthurus leucopareius,-178.3120667,28.45551667
Acanthurus leucopareius,-156.96926,20.740194
Acanthurus leucopareius,145.651907,18.809106
Acanthurus leucopareius,-173.8889167,26.0262
Acanthurus leucopareius,-155.9843535,20.71870417
Acanthurus leucopareius,-155.318017,20.0329
Acanthurus leucopareius,-156.649569,20.563207
Acanthurus leucopareius,145.2172936,20.03071295
Acanthurus leucopareius,-155.985084,19.608245
Acanthurus leucopareius,-155.901028,19.218277
Acanthurus leucopareius,145.74172,18.0607
Acanthurus leucopareius,-156.9114059,20.73538014
Acanthurus leucopareius,-155.949476,19.484837
Acanthurus leucopareius,-159.609867,22.2027
Acanthurus leucopareius,-156.591332,20.510992
Acanthurus leucopareius,-155.3824007,20.06635465
Acanthurus leucopareius,-178.3614196,28.40150448
Acanthurus leucopareius,-173.9678928,25.97517042
Acanthurus leucopareius,-155.789587,18.998308
Acanthurus leucopareius,-155.0828,19.8423
Acanthurus leucopareius,-177.3124,28.21308333
Acanthurus leucopareius,-160.2349154,21.88420421
Acanthurus leucopareius,-166.20882,23.68307
Acanthurus leucopareius,-156.649267,20.564037
Acanthurus leucopareius,-156.98817,20.771394
Acanthurus leucopareius,-156.843733,21.170467
Acanthurus leucopareius,-177.425067,28.215133
Acanthurus leucopareius,-155.3185486,20.03393152
Acanthurus leucopareius,-170.6303333,25.42873333
Acanthurus leucopareius,-157.7027804,21.40004964
Acanthurus leucopareius,144.9045882,20.54790362
Acanthurus leucopareius,-156.162603,20.619229
Acanthurus leucopareius,-160.078735,22.00234
Acanthurus leucopareius,145.2089964,20.03109382
Acanthurus leucopareius,-154.8839146,19.4231828
Acanthurus leucopareius,145.4003691,19.67622709
Acanthurus leucopareius,145.83092,17.3091
Acanthurus leucopareius,121.550003052,22.0300006866
Acanthurus leucopareius,-160.12283,21.875869
Acanthurus leucopareius,-177.409511,28.257127
Acanthurus leucopareius,-155.0156763,19.7366633
Acanthurus leucopareius,145.2145336,20.01600648
Acanthurus leucopareius,-178.2960114,28.44775205
Acanthurus leucopareius,-156.985726,20.757599
Acanthurus leucopareius,-175.84521,27.946548
Acanthurus leucopareius,-156.0631349,20.81488634
Acanthurus leucopareius,145.4057609,19.70751951
Acanthurus leucopareius,-155.3661,20.0582
Acanthurus leucopareius,-175.815879,27.957091
Acanthurus leucopareius,-155.515451,20.113915
Acanthurus leucopareius,-156.98668,21.195666
Acanthurus leucopareius,-155.956579,19.511386
Acanthurus leucopareius,145.211648,20.018715
Acanthurus leucopareius,-155.684483,18.922033
Acanthurus leucopareius,145.4153953,19.68130192
Acanthurus leucopareius,145.4174,19.69977
Acanthurus leucopareius,-161.92992,23.055
Acanthurus leucopareius,-155.2494,19.999
Acanthurus leucopareius,145.20873,20.01348
Acanthurus leucopareius,-170.4899,25.40905
Acanthurus leucopareius,-177.3405833,28.27328333
Acanthurus leucopareius,-178.3749092,28.43397506
Acanthurus leucopareius,-154.808004,19.506029
Acanthurus leucopareius,-157.687778,21.364816
Acanthurus leucopareius,-173.9536833,26.0692
Acanthurus leucopareius,-155.48646,20.106631
Acanthurus leucopareius,145.734691,18.053467
Acanthurus leucopareius,145.8217236,17.58607104
Acanthurus leucopareius,-156.605083,21.028633
Acanthurus leucopareius,-175.817198,27.956412
Acanthurus leucopareius,-178.3074384,28.38440247
Acanthurus leucopareius,-170.66945,25.41885
Acanthurus leucopareius,-160.1787293,21.95645638
Acanthurus leucopareius,-155.825867,20.260833
Acanthurus leucopareius,-156.95079,21.19239
Acanthurus leucopareius,144.8997206,20.53818908
Acanthurus leucopareius,-155.20143,19.968566
Acanthurus leucopareius,-159.697471,22.16368829
Acanthurus leucopareius,-174.0103305,26.02071583
Acanthurus leucopareius,-171.744598,25.778183
Acanthurus leucopareius,-166.089529,23.809284
Acanthurus leucopareius,-175.86175,27.940767
Acanthurus leucopareius,145.2135581,20.01704626
Acanthurus leucopareius,145.3896968,19.68394649
Acanthurus leucopareius,-170.5423,25.3731
Acanthurus leucopareius,145.8435389,17.58471075
Acanthurus leucopareius,145.78907,16.706505
Acanthurus leucopareius,-178.341334,28.454132
Acanthurus leucopareius,-156.1786217,20.88076718
Acanthurus leucopareius,-155.9155067,19.15302216
Acanthurus leucopareius,-156.1277371,20.85596571
Acanthurus leucopareius,-156.7352138,21.16966112
Acanthurus leucopareius,-156.893563,20.915868
Acanthurus leucopareius,145.697254,18.783897
Acanthurus leucopareius,-154.8146333,19.49032243
Acanthurus leucopareius,145.4130055,19.70522739
Acanthurus leucopareius,-156.114517,20.831529
Acanthurus leucopareius,145.4135777,19.70340676
Acanthurus leucopareius,-155.8038442,20.25749448
Acanthurus leucopareius,-156.042952,19.787896
Acanthurus leucopareius,-171.745556,25.75
Acanthurus leucopareius,-178.3268989,28.45132618
Acanthurus leucopareius,-156.054655,19.741137
Acanthurus leucopareius,-156.8543447,21.16696642
Acanthurus leucopareius,144.8862022,20.54667098
Acanthurus leucopareius,-157.853435,21.564413
Acanthurus leucopareius,-155.3967,20.070033
Acanthurus leucopareius,-156.8037987,20.80496008
Acanthurus leucopareius,-159.7385471,22.11829995
Acanthurus leucopareius,-156.9249977,20.73476558
Acanthurus leucopareius,-177.3137167,28.22661667
Acanthurus leucopareius,145.2095198,20.0136142
Acanthurus leucopareius,-156.59395,21.030633
Acanthurus leucopareius,145.8375706,17.57902237
Acanthurus leucopareius,-156.9679969,20.92633749
Acanthurus leucopareius,-156.2361633,20.93279919
Acanthurus leucopareius,-166.226467,23.789283
Acanthurus leucopareius,-178.324733,28.382517
Acanthurus leucopareius,130.572778,30.221111
Acanthurus leucopareius,-171.723,25.77305
Acanthurus leucopareius,-156.894781,21.166085
Acanthurus leucopareius,-154.865927,19.549881
Acanthurus leucopareius,-155.777357,20.246613
Acanthurus leucopareius,145.39173,19.680936
Acanthurus leucopareius,-177.336,28.26751667
Acanthurus leucopareius,-156.874033,21.166
Acanthurus leucopareius,-178.368637,28.393963
Acanthurus leucopareius,-155.7513162,20.23945042
Acanthurus leucopareius,-155.7417628,18.96924701
Acanthurus leucopareius,-105.36,-26.47
Acanthurus leucopareius,-178.3458833,28.448
Acanthurus leucopareius,145.2161427,20.0142897
Acanthurus leucopareius,-173.877428,25.975134
Acanthurus leucopareius,-160.1630025,21.8571895
Acanthurus leucopareius,-171.745792,25.772643
Acanthurus leucopareius,-157.012261,20.852808
Acanthurus leucopareius,-154.72,-21.8
Acanthurus leucopareius,-156.646965,20.51524
Acanthurus leucopareius,-159.6083982,21.892898
Acanthurus leucopareius,-155.9928473,20.78279664
Acanthurus leucopareius,-177.3367292,28.26884821
Acanthurus leucopareius,-155.712933,18.958533
Acanthurus leucopareius,-158.262344,21.563076
Acanthurus leucopareius,-156.413936,20.925925
Acanthurus leucopareius,145.39225,19.68072
Acanthurus leucopareius,-177.4187833,28.2469
Acanthurus leucopareius,-160.097799,22.022345
Acanthurus leucopareius,-138.75,-22.233
Acanthurus leucopareius,-159.5373044,21.88598678
Acanthurus leucopareius,-157.0423951,20.86534398
Acanthurus leucopareius,-155.564814,19.028007
Acanthurus leucopareius,-160.117908,21.975473
Acanthurus leucopareius,145.8528129,17.30673306
Acanthurus leucopareius,-156.892817,21.167033
Acanthurus leucopareius,-156.8136992,20.84040161
Acanthurus leucopareius,-156.7534401,21.17580506
Acanthurus leucopareius,-168.066665649,24.86668396
Acanthurus leucopareius,-156.9969382,20.83457795
Acanthurus leucopareius,-160.2020645,21.90959073
Acanthurus leucopareius,-164.706417,23.578217
Acanthurus leucopareius,-156.0223548,20.80351671
Acanthurus leucopareius,-156.734432,21.173618
Acanthurus leucopareius,-154.9548368,19.36723553
Acanthurus leucopareius,145.388358,19.68437766
Acanthurus leucopareius,-155.269487,20.014558
Acanthurus leucopareius,145.639377,18.760246
Acanthurus leucopareius,-155.8678176,20.08223919
Acanthurus leucopareius,-155.134927,19.912636
Acanthurus leucopareius,-174.0005833,26.0847
Acanthurus leucopareius,-171.715379,25.781153
Acanthurus leucopareius,-178.2860333,28.40093
Acanthurus leucopareius,-156.80974,20.7965
Acanthurus leucopareius,-178.314693,28.452503
Acanthurus leucopareius,-155.398549,20.074412
Acanthurus leucopareius,-166.1566965,23.7158896
Acanthurus leucopareius,-177.3273833,28.25761667
Acanthurus leucopareius,-160.06869,22.004564
Acanthurus leucopareius,-178.3357237,28.38486146
Acanthurus leucopareius,-175.989956,27.851421
Acanthurus leucopareius,-178.3646333,28.43985
Acanthurus leucopareius,-175.8202119,27.95935708
Acanthurus leucopareius,145.6484187,18.80298316
Acanthurus leucopareius,-160.112336,21.98847
Acanthurus leucopareius,-155.3638895,20.05500748
Acanthurus leucopareius,-171.726281,25.79853333
Acanthurus leucopareius,-157.806326,21.509545
Acanthurus leucopareius,-159.290183,22.1394
Acanthurus leucopareius,-155.7512105,20.23244122
Acanthurus leucopareius,-156.03246,19.674787
Acanthurus leucopareius,-157.3096563,21.10414255
Acanthurus leucopareius,-159.459016,21.87023
Acanthurus leucopareius,145.420366,19.69127496
Acanthurus leucopareius,-156.295301,20.94509
Acanthurus leucopareius,-160.1146676,21.87859604
Acanthurus leucopareius,-156.9101182,20.92158705
Acanthurus leucopareius,-154.843742,19.54249
Acanthurus leucopareius,-177.40639,28.25317
Acanthurus leucopareius,-155.118784,19.886182
Acanthurus leucopareius,-161.9259,23.05563
Acanthurus leucopareius,-178.3785833,28.4167
Acanthurus leucopareius,-173.8839333,26.03753333
Acanthurus leucopareius,141.285833,24.800833
Acanthurus leucopareius,-157.7807197,21.47027867
Acanthurus leucopareius,145.6394757,18.75679149
Acanthurus leucopareius,-178.3282833,28.45365
Acanthurus leucopareius,-155.0688391,19.74751619
Acanthurus leucopareius,-155.8246959,20.26168551
Acanthurus leucopareius,-157.865711,21.291426
Acanthurus leucopareius,-155.8815182,19.03992992
Acanthurus leucopareius,-174.001707,26.065898
Acanthurus leucopareius,-155.475317,20.10425
Acanthurus leucopareius,-157.0583993,20.88422656
Acanthurus leucopareius,-177.39505,28.2373833
Acanthurus leucopareius,-155.279717,19.26525
Acanthurus leucopareius,-155.562618,20.128452
Acanthurus leucopareius,-175.914457,27.901149
Acanthurus leucopareius,-174.018342,26.052362
Acanthurus leucopareius,145.831999,17.31302
Acanthurus leucopareius,-155.9063213,19.89316491
Acanthurus leucopareius,-173.987959,26.04062
Acanthurus leucopareius,-156.716508,21.138929
Acanthurus leucopareius,-156.750328,21.175399380000002
Acanthurus leucopareius,-156.787037,21.174859
Acanthurus leucopareius,-159.7313241,22.14039146
Acanthurus leucopareius,-177.3415582,28.27394567
Acanthurus leucopareius,-170.643217,25.471117
Acanthurus leucopareius,-178.282902,28.39944
Acanthurus leucopareius,-156.829299,20.76645202
Acanthurus leucopareius,145.3890072,19.6915244
Acanthurus leucopareius,-178.2936833,28.44648333
Acanthurus leucopareius,145.6370634,18.77465769
Acanthurus leucopareius,-157.312285,21.106146
Acanthurus leucopareius,-157.7833199,21.4748686
Acanthurus leucopareius,-157.694639,21.383864
Acanthurus leucopareius,-178.382783,28.41135699
Acanthurus leucopareius,-155.849028,19.017998
Acanthurus leucopareius,145.4043055,19.67504206
Acanthurus leucopareius,-158.077834,21.625585
Acanthurus leucopareius,-178.2828667,28.40616667
Acanthurus leucopareius,-156.945537,21.180178
Acanthurus leucopareius,-175.868076,27.93632898
Acanthurus leucopareius,-178.3443,28.4535167
Acanthurus leucopareius,-155.551831,19.065545
Acanthurus leucopareius,-156.8449286,21.16954386
Acanthurus leucopareius,-156.8784,20.741219
Acanthurus leucopareius,-156.834507,20.759552
Acanthurus leucopareius,145.6382,18.77041871
Acanthurus leucopareius,-175.940815,27.893395
Acanthurus leucopareius,-171.72905,25.7874
Acanthurus leucopareius,-159.7364741,22.12305802
Acanthurus leucopareius,-156.772991,21.078239
Acanthurus leucopareius,-154.99985,19.731783
Acanthurus leucopareius,-160.249202,21.814433
Acanthurus leucopareius,-156.7756937,21.17745705
Acanthurus leucopareius,-157.050773,20.914387
Acanthurus leucopareius,-154.89433,19.567278
Acanthurus leucopareius,-173.992215,26.06982
Acanthurus leucopareius,-171.7434,25.7621
Acanthurus leucopareius,-171.7431877,25.76568771
Acanthurus leucopareius,-159.328154,21.991416
Acanthurus leucopareius,145.8326705,17.31755988
Acanthurus leucopareius,-166.115322,23.762677
Acanthurus leucopareius,-157.259117,21.085417
Acanthurus leucopareius,-173.931441,26.087213
Acanthurus leucopareius,-161.91402,23.061889999999998
Acanthurus leucopareius,145.7886,16.6986
Acanthurus leucopareius,145.3991635,19.67663965
Acanthurus leucopareius,-170.65564,25.461663
Acanthurus leucopareius,-178.311054,28.459465
Acanthurus leucopareius,-177.41555,28.22725
Acanthurus leucopareius,-157.927904,21.298931
Acanthurus leucopareius,-160.183392,21.92818
Acanthurus leucopareius,-171.7192,25.7845
Acanthurus leucopareius,-154.885278,19.559103
Acanthurus leucopareius,-156.740678,21.176712
Acanthurus leucopareius,145.715956,18.074133
Acanthurus leucopareius,-157.799,21.47575
Acanthurus leucopareius,-178.3344098,28.38469064
Acanthurus leucopareius,-156.151317,20.863133
Acanthurus leucopareius,-157.013833,21.186991
Acanthurus leucopareius,-160.063237,22.001977
Acanthurus leucopareius,-157.090705,21.194882
Acanthurus leucopareius,-171.73679,25.78559
Acanthurus leucopareius,145.4176655,19.69826689
Acanthurus leucopareius,-178.3579167,28.3907
Acanthurus leucopareius,145.232247,20.01369
Acanthurus leucopareius,-178.375934,28.429831
Acanthurus leucopareius,145.4006045,19.67493687
Acanthurus leucopareius,-156.993631,20.829877
Acanthurus leucopareius,-156.61668,20.514606
Acanthurus leucopareius,-109.436584,-27.13956
Acanthurus leucopareius,145.676305,18.807988
Acanthurus leucopareius,-156.456244,20.905259
Acanthurus leucopareius,-159.7263119,22.15153269
Acanthurus leucopareius,-160.1650751,21.93801812
Acanthurus leucopareius,-155.0896,19.808717
Acanthurus leucopareius,-155.800695,20.252542
Acanthurus leucopareius,-157.6767453,21.33735484
Acanthurus leucopareius,-173.970567,25.953783
Acanthurus leucopareius,-166.1756528,23.85683918
Acanthurus leucopareius,-155.08925,19.78915
Acanthurus leucopareius,-178.30157,28.452552
Acanthurus leucopareius,-155.684961,18.91922507
Acanthurus leucopareius,-173.962125,26.090033
Acanthurus leucopareius,-156.82448,21.170263
Acanthurus leucopareius,145.64882,18.80747
Acanthurus leucopareius,144.8960154,20.55050067
Acanthurus leucopareius,-159.731864,22.159297
Acanthurus leucopareius,-159.282125,22.143671
Acanthurus leucopareius,-157.0798982,21.08684021
Acanthurus leucopareius,-130.758,-23.931
Acanthurus leucopareius,-178.3084333,28.45275
Acanthurus leucopareius,-177.4142788,28.24458662
Acanthurus leucopareius,-156.8728603,20.90102607
Acanthurus leucopareius,-160.2147137,21.78182026
Acanthurus leucopareius,-155.377613,20.063359
Acanthurus leucopareius,-155.9798,20.7623
Acanthurus leucopareius,-155.0579811,19.74691001
Acanthurus leucopareius,145.396691,19.676684
Acanthurus leucopareius,-159.4719202,21.87836646
Acanthurus leucopareius,144.8858418,20.54389992
Acanthurus leucopareius,-164.7155167,23.56976667
Acanthurus leucopareius,144.898678,20.538629
Acanthurus leucopareius,-178.35694,28.408562
Acanthurus leucopareius,-154.8508,19.5475
Acanthurus leucopareius,-178.3495167,28.38591667
Acanthurus leucopareius,-155.958843,19.542758
Acanthurus leucopareius,-157.105355,21.196658
Acanthurus leucopareius,-156.0863067,20.82983446
Acanthurus leucopareius,-159.63563,22.188494
Acanthurus leucopareius,-173.906437,26.079741
Acanthurus leucopareius,-177.31485,28.22966
Acanthurus leucopareius,-157.094472,21.083051
Acanthurus leucopareius,-156.848935,20.756588
Acanthurus leucopareius,-156.2319431,20.9291399
Acanthurus leucopareius,-166.2089772,23.87544818
Acanthurus leucopareius,-154.9731,19.6629
Acanthurus leucopareius,-166.06267,23.71491
Acanthurus leucopareius,-156.8716711,21.16908814
Acanthurus leucopareius,-159.3283,21.9594
Acanthurus leucopareius,-178.284107,28.413245
Acanthurus leucopareius,-156.9676673,20.73700513
Acanthurus leucopareius,-175.8174747,27.95736018
Acanthurus leucopareius,-177.397152,28.270598
Acanthurus leucopareius,-154.9554415,19.3660173
Acanthurus leucopareius,-178.3564167,28.38783333
Acanthurus leucopareius,-160.164967,21.93635
Acanthurus leucopareius,145.84265,17.61427
Acanthurus leucopareius,144.886068,20.545022
Acanthurus leucopareius,144.902495,20.549204
Acanthurus leucopareius,-157.038415,20.865849
Acanthurus leucopareius,-175.943305,27.888442
Acanthurus leucopareius,-173.9352,26.07808
Acanthurus leucopareius,-175.953292,27.863813
Acanthurus leucopareius,-170.6754,25.4613
Acanthurus leucopareius,-156.44102,20.908475
Acanthurus leucopareius,-157.6842768,21.34287693
Acanthurus leucopareius,-173.96637,25.95192
Acanthurus leucopareius,-156.123186,20.842354
Acanthurus leucopareius,-154.883551,19.558805
Acanthurus leucopareius,-156.433951,20.920984
Acanthurus leucopareius,-157.7642707,21.46609769
Acanthurus leucopareius,-155.902258,19.383239
Acanthurus leucopareius,-171.75561,25.779263
Acanthurus leucopareius,-156.1404866,20.85941219
Acanthurus leucopareius,-173.9446185,26.08411672
Acanthurus leucopareius,-178.3634197,28.39618198
Acanthurus leucopareius,-156.48676,20.938654
Acanthurus leucopareius,-177.3460833,28.271
Acanthurus leucopareius,-128.296,-24.328
Acanthurus leucopareius,-177.318183,28.2315
Acanthurus leucopareius,-158.285599,21.569702
Acanthurus leucopareius,-155.9098846,19.17447103
Acanthurus leucopareius,-171.749715,25.763772
Acanthurus leucopareius,-156.0077445,20.6837016
Acanthurus leucopareius,-158.1621239,21.58317234
Acanthurus leucopareius,145.805037,18.122448
Acanthurus leucopareius,-155.9039,20.212
Acanthurus leucopareius,145.756483,18.101941
Acanthurus leucopareius,145.2241157,20.02929205
Acanthurus leucopareius,-177.4045235,28.26608352
Acanthurus leucopareius,-166.230633,23.8061
Acanthurus leucopareius,145.388625,19.6902532
Acanthurus leucopareius,-178.286502,28.429694
Acanthurus leucopareius,-159.328262,21.963943
Acanthurus leucopareius,145.2299857,20.01808494
Acanthurus leucopareius,-156.932433,21.16975
Acanthurus leucopareius,-156.9356569,21.17068741
Acanthurus leucopareius,145.6479052,18.80204455
Acanthurus leucopareius,-155.902417,19.227075
Acanthurus leucopareius,-154.8753698,19.42717879
Acanthurus leucopareius,-155.491477,20.109713
Acanthurus leucopareius,-160.048161,21.984566
Acanthurus leucopareius,-178.295332,28.443366
Acanthurus leucopareius,-171.741133,25.753883
Acanthurus leucopareius,-155.0538582,19.74481596
Acanthurus leucopareius,-170.610367,25.402917
Acanthurus leucopareius,-128.35,-24.35
Acanthurus leucopareius,145.8202597,17.61285215
Acanthurus leucopareius,145.7699044,16.70060034
Acanthurus leucopareius,-160.0939,22.0216
Acanthurus leucopareius,-177.415,28.23632
Acanthurus leucopareius,-154.988682,19.714348
Acanthurus leucopareius,-159.706417,22.1594
Acanthurus leucopareius,-173.980982,25.976147
Acanthurus leucopareius,-155.4652,19.1432
Acanthurus leucopareius,-175.774837,27.785364
Acanthurus leucopareius,-175.8501,27.949167
Acanthurus leucopareius,-154.9464032,19.37339933
Acanthurus leucopareius,144.8908186,20.53621246
Acanthurus leucopareius,-155.648421,20.165665
Acanthurus leucopareius,-155.5312334,19.10352711
Acanthurus leucopareius,-155.10798,19.87712
Acanthurus leucopareius,145.8317723,17.31486635
Acanthurus leucopareius,-157.2571805,21.08532107
Acanthurus leucopareius,-173.977783,26.08844421
Acanthurus leucopareius,-155.923456,19.447963
Acanthurus leucopareius,-156.489157,20.929804
Acanthurus leucopareius,-155.950035,19.485654
Acanthurus leucopareius,-159.3526562,21.93601426
Acanthurus leucopareius,-154.806578,19.518805
Acanthurus leucopareius,-155.066344,19.744386
Acanthurus leucopareius,145.41615,19.683131
Acanthurus leucopareius,-156.914117,21.172117
Acanthurus leucopareius,-160.097402,22.004874
Acanthurus leucopareius,-156.015699,19.806631
Acanthurus leucopareius,-160.164205,21.944253
Acanthurus leucopareius,-155.18553,19.955028
Acanthurus leucopareius,-159.729133,22.162717
Acanthurus leucopareius,-156.200616,20.897916
Acanthurus leucopareius,-178.35847,28.391516
Acanthurus leucopareius,-160.1802,21.927683
Acanthurus leucopareius,-178.3608366,28.44688076
Acanthurus leucopareius,-155.551866,20.128582
Acanthurus leucopareius,145.406134,19.70773249
Acanthurus leucopareius,-173.9377833,26.10053333
Acanthurus leucopareius,-155.862667,19.0264
Acanthurus leucopareius,-178.35667,28.44231
Acanthurus leucopareius,-155.7370606,20.22456148
Acanthurus leucopareius,-177.386133,28.26925
Acanthurus leucopareius,-156.227127,20.924371
Acanthurus leucopareius,145.2378243,20.02359889
Acanthurus leucopareius,-157.6799119,21.35173978
Acanthurus leucopareius,-166.0986439,23.64244854
Acanthurus leucopareius,-175.86155,27.9404667
Acanthurus leucopareius,-178.3361342,28.45604737
Acanthurus leucopareius,-166.236623,23.87805194
Acanthurus leucopareius,-156.9914245,20.78225258
Acanthurus leucopareius,-177.39938,28.24382
Acanthurus leucopareius,-155.084,19.2996
Acanthurus leucopareius,145.8059322,18.16064489
Acanthurus leucopareius,-156.712009,21.161807
Acanthurus leucopareius,-173.95509,26.06315
Acanthurus leucopareius,145.208589,20.015366
Acanthurus leucopareius,-156.547118,20.556635
Acanthurus leucopareius,-174.0154833,26.04943333
Acanthurus leucopareius,-156.049831,19.7569
Acanthurus leucopareius,-156.062315,20.81808
Acanthurus leucopareius,-159.783925,22.06682
Acanthurus leucopareius,-160.2094899,21.90161543
Acanthurus leucopareius,-173.9589,26.08858333
Acanthurus leucopareius,-155.88944,19.351719
Acanthurus leucopareius,-175.7545377,27.96325433
Acanthurus leucopareius,-178.360415,28.443535
Acanthurus leucopareius,-155.408681,20.078584
Acanthurus leucopareius,-178.3588074,28.38883541
Acanthurus leucopareius,-161.92697,23.05704
Acanthurus leucopareius,-178.2837958,28.39502485
Acanthurus leucopareius,-174.009467,26.041683
Acanthurus leucopareius,165.290838295057,-20.5800085674362
Acanthurus leucopareius,-157.720529,21.406385
Acanthurus leucopareius,145.782558,16.715516
Acanthurus leucopareius,-128.36,-24.36
Acanthurus leucopareius,-154.98124,19.647725
Acanthurus leucopareius,144.889037,20.55194361
Acanthurus leucopareius,-158.108277,21.604342
Acanthurus leucopareius,-155.6063743,18.9636033
Acanthurus leucopareius,-157.695595,21.388311
Acanthurus leucopareius,-156.93772,21.173522
Acanthurus leucopareius,-155.916488,19.107665
Acanthurus leucopareius,-156.9909638,20.79129195
Acanthurus leucopareius,145.693124,18.755992
Acanthurus leucopareius,-178.2890217,28.43939991
Acanthurus leucopareius,145.2092568,20.02948936
Acanthurus leucopareius,-156.6301501,20.81896196
Acanthurus leucopareius,-175.848717,27.950328
Acanthurus leucopareius,-156.457215,20.72269924
Acanthurus leucopareius,-157.7012019,21.36064405
Acanthurus leucopareius,-178.333243,28.385734
Acanthurus leucopareius,-155.823405,19.014625
Acanthurus leucopareius,-155.232387,19.986153
Acanthurus leucopareius,-173.9353749,26.08646943
Acanthurus leucopareius,145.23755,20.02361
Acanthurus leucopareius,-178.3745865,28.43104424
Acanthurus leucopareius,145.7175297,18.0776638
Acanthurus leucopareius,-155.881927,19.042843
Acanthurus leucopareius,-160.131616,21.996405
Acanthurus leucopareius,-109.42,-27.11
Acanthurus leucopareius,145.2075534,20.01560264
Acanthurus leucopareius,-154.895444,19.41163539
Acanthurus leucopareius,-175.96251,27.86913
Acanthurus leucopareius,-178.38195,28.41368333
Acanthurus leucopareius,-156.0564945,20.81259079
Acanthurus leucopareius,-156.984433,21.205735
Acanthurus leucopareius,-171.7227167,25.76745
Acanthurus leucopareius,145.239667,20.020217
Acanthurus leucopareius,-144.3097229,-27.5913887024
Acanthurus leucopareius,-109.44,-27.15
Acanthurus leucopareius,-155.319422,20.034348
Acanthurus leucopareius,145.398479,19.67645952
Acanthurus leucopareius,-156.1005784,20.82797066
Acanthurus leucopareius,-155.8969777,19.91123286
Acanthurus leucopareius,145.750067,15.245369
Acanthurus leucopareius,-173.9527667,26.06816667
Acanthurus leucopareius,-155.439217,20.09175
Acanthurus leucopareius,-157.3043795,21.12186307
Acanthurus leucopareius,-154.9172909,19.39825846
Acanthurus leucopareius,145.214542,20.031561
Acanthurus leucopareius,-159.334604,21.995903
Acanthurus leucopareius,-178.3561167,28.45155
Acanthurus leucopareius,-160.053449,21.973069
Acanthurus leucopareius,-157.3029655,21.11505202
Acanthurus leucopareius,-178.3748214,28.43325983
Acanthurus leucopareius,-109.44,-27.14
Acanthurus leucopareius,-160.20821,21.903631
Acanthurus leucopareius,145.414057,19.704026
Acanthurus leucopareius,-171.75011,25.76579
Acanthurus leucopareius,-154.945774,19.614773
Acanthurus leucopareius,-160.1222994,21.98355398
Acanthurus leucopareius,-175.801172,27.962813
Acanthurus leucopareius,-159.7766146,22.08021761
Acanthurus leucopareius,119.880261437599,8.90034993218769
Acanthurus leucopareius,145.2267529,20.03056493
Acanthurus leucopareius,-175.962088,27.875576
Acanthurus leucopareius,145.4039913,19.70793407
Acanthurus leucopareius,145.731002,18.087159
Acanthurus leucopareius,-177.350739,28.278501
Acanthurus leucopareius,-156.5737248,21.01818153
Acanthurus leucopareius,145.2186134,20.01139551
Acanthurus leucopareius,-178.362343,28.402168
Acanthurus leucopareius,-155.235633,19.265167
Acanthurus leucopareius,145.211487,20.02784139
Acanthurus leucopareius,-155.318917,20.034048
Acanthurus leucopareius,-177.35786,28.2812
Acanthurus leucopareius,-177.4031667,28.25505
Acanthurus leucopareius,-170.5371,25.354083
Acanthurus leucopareius,-159.3264,22.047858
Acanthurus leucopareius,-173.9493175,26.08692918
Acanthurus leucopareius,-155.475679,20.104933
Acanthurus leucopareius,-158,22.5
Acanthurus leucopareius,-175.9134,27.906317
Acanthurus leucopareius,-156.644228,20.832417
Acanthurus leucopareius,-155.0868,19.8639
Acanthurus leucopareius,-175.881494,27.925594
Acanthurus leucopareius,-178.2915667,28.43153333
Acanthurus leucopareius,-159.2945837,22.1080234
Acanthurus leucopareius,-175.912183,27.85035
Acanthurus leucopareius,-158.2324244,21.49505046
Acanthurus leucopareius,145.787098,16.696079
Acanthurus leucopareius,-173.994028,26.004283
Acanthurus leucopareius,-173.996696,25.977144
Acanthurus leucopareius,-156.6146652,21.0254369
Acanthurus leucopareius,121.519996643,22.0799999237
Acanthurus leucopareius,-177.366866,28.202453
Acanthurus leucopareius,-160.08094,22.009987
Acanthurus leucopareius,-157.235433,21.082633
Acanthurus leucopareius,145.390848,19.69588526
Acanthurus leucopareius,-159.722531,22.162321
Acanthurus leucopareius,-155.830251,19.983558
Acanthurus leucopareius,-157.3118285,21.10530772
Acanthurus leucopareius,-161.93,23.055
Acanthurus leucopareius,145.224069,20.029787
Acanthurus leucopareius,-156.622489,20.806583
Acanthurus leucopareius,145.412147,19.678238
Acanthurus leucopareius,-155.5566665,19.03911771
Acanthurus leucopareius,-156.9180317,20.73717436
Acanthurus leucopareius,-157.2535399,21.17639632
Acanthurus leucopareius,-177.33215,28.26368333
Acanthurus leucopareius,-155.331339,20.040718
Acanthurus leucopareius,-170.501283,25.368367
Acanthurus leucopareius,-170.632422,25.402537
Acanthurus leucopareius,-156.971825,20.742341
Acanthurus leucopareius,-138.75,-22.2329998016
Acanthurus leucopareius,-156.9073026,21.16858103
Acanthurus leucopareius,-156.9132464,21.17104816
Acanthurus leucopareius,-156.034566,19.684544
Acanthurus leucopareius,-177.3781847,28.27883408
Acanthurus leucopareius,-177.41664,28.23194
Acanthurus leucopareius,145.409443,19.706144
Acanthurus leucopareius,-177.419,28.19928
Acanthurus leucopareius,145.2367923,20.02515525
Acanthurus leucopareius,145.678978,18.737343
Acanthurus leucopareius,144.88565,20.54603
Acanthurus leucopareius,178.43,-18.1664
Acanthurus leucopareius,-155.909741,19.171803
Acanthurus leucopareius,-178.3350553,28.38643676
Acanthurus leucopareius,-164.7009667,23.57848333
Acanthurus leucopareius,-155.277017,20.019133
Acanthurus leucopareius,-175.773297,27.798941
Acanthurus leucopareius,145.4163556,19.70220982
Acanthurus leucopareius,145.40328,19.674338
Acanthurus leucopareius,-157.005594,20.846865
Acanthurus leucopareius,144.89055,20.5532
Acanthurus leucopareius,-178.3706792,28.4112746
Acanthurus leucopareius,-158.103473,21.617529
Acanthurus leucopareius,-160.225977,21.89752
Acanthurus leucopareius,-177.403217,28.217667
Acanthurus leucopareius,-155.732867,20.2195
Acanthurus leucopareius,-156.8409191,21.16859847
Acanthurus leucopareius,-178.378433,28.416767
Acanthurus leucopareius,-177.4258833,28.2139833
Acanthurus leucopareius,-155.915334,19.421629
Acanthurus leucopareius,-156.613831,20.800392
Acanthurus leucopareius,-159.7005375,22.16838886
Acanthurus leucopareius,-155.9960137,20.70219342
Acanthurus leucopareius,-173.9680833,25.97796667
Acanthurus leucopareius,-155.197626,19.962845
Acanthurus leucopareius,-155.869178,19.030253
Acanthurus leucopareius,145.22975,20.02257
Acanthurus leucopareius,-155.7955527,19.00717646
Acanthurus leucopareius,-173.978858,26.014666
Acanthurus leucopareius,-177.3183689,28.23955203
Acanthurus leucopareius,-154.8806,19.424
Acanthurus leucopareius,145.225269,20.030584
Acanthurus leucopareius,-178.3120973,28.45525092
Acanthurus leucopareius,-160.1499807,21.86897244
Acanthurus leucopareius,-154.822906,19.473039
Acanthurus leucopareius,-177.40895,28.26475
Acanthurus leucopareius,144.888994,20.551986
Acanthurus leucopareius,-174.0150255,25.98906702
Acanthurus leucopareius,121.96333313,20.418888092
Acanthurus leucopareius,-156.76109400000001,21.086605
Acanthurus leucopareius,-156.055423,19.747491
Acanthurus leucopareius,-156.074853,20.824815
Acanthurus leucopareius,-178.315762,28.385931
Acanthurus leucopareius,145.418492,19.698767
Acanthurus leucopareius,-175.8549169,27.94434342
Acanthurus leucopareius,145.414336,19.680546
Acanthurus leucopareius,-156.729256,21.11935
Acanthurus leucopareius,-160.0819294,21.92783687
Acanthurus leucopareius,-171.72398,25.78343
Acanthurus leucopareius,-177.365422,28.280912
Acanthurus leucopareius,-178.317205,28.38776403
Acanthurus leucopareius,145.7542576,18.14561061
Acanthurus leucopareius,-160.247143,21.833288
Acanthurus leucopareius,-173.9862654,26.08821698
Acanthurus leucopareius,-161.92909,23.06242
Acanthurus leucopareius,-155.5023977,19.13276888
Acanthurus leucopareius,-178.3553167,28.44666667
Acanthurus leucopareius,-170.5587833,25.4544
Acanthurus leucopareius,-155.100709,19.870785
Acanthurus leucopareius,144.8953039,20.55164731
Acanthurus leucopareius,145.230014,20.023049
Acanthurus leucopareius,-174.01738,26.06094
Acanthurus leucopareius,-144.3,-27.6
Acanthurus leucopareius,-175.8752455,27.93110101
Acanthurus leucopareius,-154.8556298,19.4433614
Acanthurus leucopareius,-178.94,-23.63
Acanthurus leucopareius,-178.3843301,28.41337888
Acanthurus leucopareius,-177.3558379,28.28033284
Acanthurus leucopareius,-173.9629,25.96925
Acanthurus leucopareius,-155.7766,20.2472
Acanthurus leucopareius,-155.520135,19.112916
Acanthurus leucopareius,-157.035815,21.190025
Acanthurus leucopareius,-156.1961997,20.89574925
Acanthurus leucopareius,-178.93,-23.62
Acanthurus leucopareius,-155.081361,19.853316
Acanthurus leucopareius,145.208371,20.027558
Acanthurus leucopareius,-155.5520371,19.04885941
Acanthurus leucopareius,-159.7222055,22.15460666
Acanthurus leucopareius,-155.8473238,20.26759828
Acanthurus leucopareius,-155.889545,19.302749
Acanthurus leucopareius,-178.380533,28.415588
Acanthurus leucopareius,144.8862966,20.53663096
Acanthurus leucopareius,-177.41057,28.23561
Acanthurus leucopareius,-177.4070574,28.24814684
Acanthurus leucopareius,-155.730055,20.217855
Acanthurus leucopareius,-158.0415207,21.67846134
Acanthurus leucopareius,-155.155435,19.932981
Acanthurus leucopareius,145.209488,20.01346341
Acanthurus leucopareius,145.75562,18.10595
Acanthurus leucopareius,-158.278362,21.572206
Acanthurus leucopareius,-175.745412,27.844694
Acanthurus leucopareius,-154.834713,19.458164
Acanthurus leucopareius,-173.9674015,26.08836902
Acanthurus leucopareius,-178.366167,28.43205
Acanthurus leucopareius,-154.97703,19.658385
Acanthurus leucopareius,144.89927,20.538
Acanthurus leucopareius,-155.948217,19.495805
Acanthurus leucopareius,-157.2902622,21.09062858
Acanthurus leucopareius,-156.774609,21.17497
Acanthurus leucopareius,-156.783501,21.177014
Acanthurus leucopareius,-155.8998144,19.2123574
Acanthurus leucopareius,-160.116852,21.982482
Acanthurus leucopareius,-130.111,-25.078
Acanthurus leucopareius,-158.053948,21.665657
Acanthurus leucopareius,-178.3570667,28.38918333
Acanthurus leucopareius,-159.334195,22.015458
Acanthurus leucopareius,-155.969954,19.567348
Acanthurus leucopareius,-159.51685,22.213567
Acanthurus leucopareius,145.23418,20.0144
Acanthurus leucopareius,-166.2806801,23.8787535
Acanthurus leucopareius,-156.912978,21.170015
Acanthurus leucopareius,145.66322,18.72673
Acanthurus leucopareius,145.21101,20.02719
Acanthurus leucopareius,-175.8159506,27.95997826
Acanthurus leucopareius,-155.197,19.2533
Acanthurus leucopareius,-175.932755,27.896006
Acanthurus leucopareius,-175.852052,27.94957
Acanthurus leucopareius,145.200588,14.177702
Acanthurus leucopareius,145.7735165,16.69565862
Acanthurus leucopareius,-161.92201,23.06271
Acanthurus leucopareius,-156.992879,20.82448
Acanthurus leucopareius,-157.0411,21.081839
Acanthurus leucopareius,-156.403677,20.921036
Acanthurus leucopareius,145.2124317,20.01779099
Acanthurus leucopareius,145.8056278,18.12328608
Acanthurus leucopareius,-161.91988,23.05738
Acanthurus leucopareius,-155.5,19.5833
Acanthurus leucopareius,-156.9875116,20.81102941
Acanthurus leucopareius,145.635878,18.777708
Acanthurus leucopareius,-156.742555,21.104098
Acanthurus leucopareius,-156.8468314,20.88109466
Acanthurus leucopareius,-157.2920089,21.1426439
Acanthurus leucopareius,-158.2,21.45
Acanthurus leucopareius,-156.698814,20.515663
Acanthurus leucopareius,-158.285644,21.576772
Acanthurus leucopareius,-157.0402523,21.08050407
Acanthurus leucopareius,145.2190579,20.03540464
Acanthurus leucopareius,-174.0093775,26.03164391
Acanthurus leucopareius,-178.380143,28.407975
Acanthurus leucopareius,-158,21
Acanthurus leucopareius,-159.66687,21.940138
Acanthurus leucopareius,-155.280583,19.2656
Acanthurus leucopareius,-156.545882,20.510727
Acanthurus leucopareius,-171.71955,25.758133
Acanthurus leucopareius,-155.76115,18.980733
Acanthurus leucopareius,-155.86431,19.027695
Acanthurus leucopareius,-174.0183129,26.00404029
Acanthurus leucopareius,-171.7228833,25.7718
Acanthurus leucopareius,-156.538552,20.521888
Acanthurus leucopareius,-164.7011,23.57798
Acanthurus leucopareius,-159.593523,22.218748
Acanthurus leucopareius,-156.630565,20.814817
Acanthurus leucopareius,145.6941,18.74818
Acanthurus leucopareius,-156.657697,20.504288
Acanthurus leucopareius,-158.0291538,21.69970376
Acanthurus leucopareius,-178.3618592,28.39416655
Acanthurus leucopareius,-159.5917,22.2211
Acanthurus leucopareius,144.902397,20.55010588
Acanthurus leucopareius,-155.8444195,20.05506028
Acanthurus leucopareius,-173.915105,26.077636
Acanthurus leucopareius,-157.865536,21.577336
Acanthurus leucopareius,-178.2977591,28.44768181
Acanthurus leucopareius,-170.5524,25.41445
Acanthurus leucopareius,-160.096633,22.014533
Acanthurus leucopareius,-175.901812,27.912489
Acanthurus leucopareius,-178.3433167,28.38676667
Acanthurus leucopareius,-155.800246,19.009163
Acanthurus leucopareius,-160.1468034,21.95336974
Acanthurus leucopareius,-178.351504,28.44896
Acanthurus leucopareius,-155.855388,20.26778779
Acanthurus leucopareius,-171.7424,25.79185
Acanthurus leucopareius,-154.885991,19.417542
Acanthurus leucopareius,-171.723608,25.787172
Acanthurus leucopareius,-159.7337,22.133533
Acanthurus leucopareius,-173.91916,26.07809
Acanthurus leucopareius,-178.363769,28.444869
Acanthurus leucopareius,145.2298256,20.01769904
Acanthurus leucopareius,-156.959309,20.732881
Acanthurus leucopareius,-177.31529,28.23143
Acanthurus leucopareius,-177.40427,28.24165
Acanthurus leucopareius,-178.344583,28.418667
Acanthurus leucopareius,-155.900541,19.253842
Acanthurus leucopareius,-156.9885845,20.81730184
Acanthurus leucopareius,-166.276578,23.867155
Acanthurus leucopareius,-156.125412,20.853923
Acanthurus leucopareius,128.966667,27.666667
Acanthurus leucopareius,144.8949156,20.53460581
Acanthurus leucopareius,-160.082636,22.002007
Acanthurus leucopareius,145.758,18.1241
Acanthurus leucopareius,-158.1383699,21.58856995
Acanthurus leucopareius,145.3987003,19.6750662
Acanthurus leucopareius,-155.677939,20.181251
Acanthurus leucopareius,-160.184842,21.92810493
Acanthurus leucopareius,145.7116766,18.04265359
Acanthurus leucopareius,-160.189643,21.950615
Acanthurus leucopareius,-160.113151,21.991409
Acanthurus leucopareius,-154.8178,19.4856
Acanthurus leucopareius,-177.4236833,28.22345
Acanthurus leucopareius,145.824181,17.618922
Acanthurus leucopareius,-158.0492991,21.6681562
Acanthurus leucopareius,-154.9258347,19.39415543
Acanthurus leucopareius,-160.233583,21.876517
Acanthurus leucopareius,-156.667743,20.856407
Acanthurus leucopareius,-164.69705,23.5761
Acanthurus leucopareius,145.416212,19.702374
Acanthurus leucopareius,-155.6137924,18.96727181
Acanthurus leucopareius,-155.7091345,20.19749522
Acanthurus leucopareius,-178.2988021,28.44668596
Acanthurus leucopareius,-156.871967,21.172713
Acanthurus leucopareius,-173.875133,26.012783
Acanthurus leucopareius,-156.80247,20.81785
Acanthurus leucopareius,-160.229057,21.887397
Acanthurus leucopareius,-157.780418,21.471604
Acanthurus leucopareius,-174.0082318,25.98828943
Acanthurus leucopareius,-157.843044,21.570011
Acanthurus leucopareius,-156.965946,21.059528
Acanthurus leucopareius,144.8940233,20.55365159
Acanthurus leucopareius,-155.3492215,20.04969385
Acanthurus leucopareius,-156.091141,20.641866
Acanthurus leucopareius,-155.350877,20.051146
Acanthurus leucopareius,-156.8753423,20.90388372
Acanthurus leucopareius,-156.918363,20.737198
Acanthurus leucopareius,-160.0624,21.952
Acanthurus leucopareius,145.217476,20.013214
Acanthurus leucopareius,-166.24667,23.82259
Acanthurus leucopareius,144.8979918,20.53497897
Acanthurus leucopareius,-178.3492277,28.45236302
Acanthurus leucopareius,-166.1204863,23.68615564
Acanthurus leucopareius,-178.368283,28.435417
Acanthurus leucopareius,-156.9391167,20.73548868
Acanthurus leucopareius,-156.8334504,20.7621278
Acanthurus leucopareius,-109.333000183,-27.0830001831
Acanthurus leucopareius,-157.6735045,21.28112921
Acanthurus leucopareius,-156.810993,21.17751
Acanthurus leucopareius,-155.7091341,20.20014013
Acanthurus leucopareius,-155.2914663,20.02240791
Acanthurus leucopareius,-155.56104,19.031586
Acanthurus leucopareius,145.8140697,17.60209993
Acanthurus leucopareius,-156.9271747,20.73622512
Acanthurus leucopareius,-170.528333,25.344033
Acanthurus leucopareius,-166.261733,23.769283
Acanthurus leucopareius,-177.3568852,28.20033688
Acanthurus leucopareius,145.786673,15.173612
Acanthurus leucopareius,144.8863861,20.54999775
Acanthurus leucopareius,-160.0838469,21.88904199
Acanthurus leucopareius,145.840474,17.297469
Acanthurus leucopareius,-175.8337022,27.95490604
Acanthurus leucopareius,-178.296617,28.444517
Acanthurus leucopareius,-159.680822,22.165731
Acanthurus leucopareius,-156.016,20.68305
Acanthurus leucopareius,-157.880249,21.592015
Acanthurus leucopareius,-157.2428254,21.08439571
Acanthurus leucopareius,-174.028353,26.025678
Acanthurus leucopareius,145.2266663,20.01347557
Acanthurus leucopareius,-178.2924,28.44643333
Acanthurus leucopareius,-177.3588005,28.28649874
Acanthurus leucopareius,-170.5739333,25.45546667
Acanthurus leucopareius,-158.1104733,21.59508353
Acanthurus leucopareius,166.60214,19.32046
Acanthurus leucopareius,-167.998667,24.998667
Acanthurus leucopareius,-155.105778,19.876783
Acanthurus leucopareius,-160.1168289,21.97527995
Acanthurus leucopareius,-173.98845,26.0306
Acanthurus leucopareius,-175.956607,27.858348
Acanthurus leucopareius,-160.176658,21.928678
Acanthurus leucopareius,-157.225517,21.082183
Acanthurus leucopareius,-173.991517,26.042945
Acanthurus leucopareius,-157.934096,21.299906
Acanthurus leucopareius,-171.73557,25.78791
Acanthurus leucopareius,-156.104891,20.826844
Acanthurus leucopareius,-178.2979,28.38153333
Acanthurus leucopareius,144.890232,20.535899
Acanthurus leucopareius,-162.36257,6.37937
Acanthurus leucopareius,-155.8322626,19.97885806
Acanthurus leucopareius,-175.801285,27.781417
Acanthurus leucopareius,-156.5638091,21.01638788
Acanthurus leucopareius,-159.4054,22.2306
Acanthurus leucopareius,-178.285195,28.42923
Acanthurus leucopareius,-160.132935,21.968271
Acanthurus leucopareius,-156.8092223,21.17483829
Acanthurus leucopareius,-147.6609,-23.9122
Acanthurus leucopareius,-160.144184,21.958976
Acanthurus leucopareius,145.3969418,19.67794379
Acanthurus leucopareius,-155.507387,19.12663
Acanthurus leucopareius,-155.579083,19.0163
Acanthurus leucopareius,-154.83159,19.534812
Acanthurus leucopareius,-155.399111,20.075375
Acanthurus leucopareius,-155.7924614,20.25059533
Acanthurus leucopareius,-157.082317,21.087038
Acanthurus leucopareius,-164.705,23.573333
Acanthurus leucopareius,-178.32475,28.3826167
Acanthurus leucopareius,-173.8890329,26.06832337
Acanthurus leucopareius,-170.5252,25.334183
Acanthurus leucopareius,-157.68675,21.3813
Acanthurus leucopareius,-155.282715,20.020272
Acanthurus leucopareius,-171.745124,25.773024
Acanthurus leucopareius,-155.771333,18.98655
Acanthurus leucopareius,-173.971283,26.083333
Acanthurus leucopareius,-160.248497,21.836823
Acanthurus leucopareius,-157.7079005,21.40562318
Acanthurus leucopareius,-156.2173797,20.91567035
Acanthurus leucopareius,-155.6182,18.965417
Acanthurus leucopareius,144.885893,20.541587
Acanthurus leucopareius,-156.69807,20.521513
Acanthurus leucopareius,-156.6551363,20.84568179
Acanthurus leucopareius,-156.2112697,20.90330738
Acanthurus leucopareius,-156.8784,21.1699
Acanthurus leucopareius,-156.9479494,21.1887737
Acanthurus leucopareius,-155.523119,20.117904
Acanthurus leucopareius,-174.010578,26.073421
Acanthurus leucopareius,145.7822368,16.69223545
Acanthurus leucopareius,-156.6705218,20.85815105
Acanthurus leucopareius,145.4171777,19.68443055
Acanthurus leucopareius,145.8504295,17.30237598
Acanthurus leucopareius,-156.8289592,20.86122469
Acanthurus leucopareius,145.3901659,19.69476962
Acanthurus leucopareius,-161.92915,23.0626
Acanthurus leucopareius,144.9027083,20.5435913
Acanthurus leucopareius,-105.37,-26.47
Acanthurus leucopareius,-157.193485,21.211608
Acanthurus leucopareius,-155.250042,20.001223
Acanthurus leucopareius,-171.743611,25.774167
Acanthurus leucopareius,145.4191126,19.69157319
Acanthurus leucopareius,-159.5646,22.2265
Acanthurus leucopareius,-156.87051,20.902003
Acanthurus leucopareius,-155.754467,18.975683
Acanthurus leucopareius,-175.98438,27.845156
Acanthurus leucopareius,-155.208315,19.974095
Acanthurus leucopareius,-177.424462,28.204467
Acanthurus leucopareius,-156.9706601,20.74234214
Acanthurus leucopareius,-156.897251,21.165368
Acanthurus leucopareius,-158.0049205,21.29506554
Acanthurus leucopareius,-164.69936,23.57697
Acanthurus leucopareius,-177.4196833,28.24516667
Acanthurus leucopareius,-170.6189,25.38947
Acanthurus leucopareius,-160.238927,21.884872
Acanthurus leucopareius,-160.162999,21.857016
Acanthurus leucopareius,-177.383294,28.194471
Acanthurus leucopareius,-156.4647772,20.75611412
Acanthurus leucopareius,-155.8421885,20.27029943
Acanthurus leucopareius,145.22727,20.03085
Acanthurus leucopareius,-155.175665,19.947887
Acanthurus leucopareius,-109.333,-27.083
Acanthurus leucopareius,-156.64248,20.567682
Acanthurus leucopareius,-175.818262,27.959301
Acanthurus leucopareius,-174.0183799,26.03120344
Acanthurus leucopareius,145.2108889,20.0198687
Acanthurus leucopareius,-160.241301,21.858576
Acanthurus leucopareius,-156.5913139,20.79761283
Acanthurus leucopareius,-155.072139,19.749405
Acanthurus leucopareius,-162.1269,5.86397
Acanthurus leucopareius,-175.755467,27.841394
Acanthurus leucopareius,144.8870981,20.53674554
Acanthurus leucopareius,-156.8148742,20.84348104
Acanthurus leucopareius,-157.996087,21.299944
Acanthurus leucopareius,-155.222333,19.982259
Acanthurus leucopareius,-174.007356,26.075788
Acanthurus leucopareius,-178.311541,28.45518705
Acanthurus leucopareius,-155.226814,19.98493443
Acanthurus leucopareius,-156.282806,20.590436
Acanthurus leucopareius,-160.24774,21.843803
Acanthurus leucopareius,-156.8759834,21.167987
Acanthurus leucopareius,-157.8366796,21.56155642
Acanthurus leucopareius,-155.899904,19.242862
Acanthurus leucopareius,-156.604139,20.51488
Acanthurus leucopareius,-178.2945923,28.44236006
Acanthurus leucopareius,-173.9882841,25.99555705
Acanthurus leucopareius,-156.5269,20.9869
Acanthurus leucopareius,-173.8940607,26.06496189
Acanthurus leucopareius,-156.9913586,20.79437683
Acanthurus leucopareius,145.641917,18.7516
Acanthurus leucopareius,-157.9129927,21.63492573
Acanthurus leucopareius,-156.950417,20.734278
Acanthurus leucopareius,-157.695357,21.394147
Acanthurus leucopareius,-157.6829169,21.36150956
Acanthurus leucopareius,123.009167,24.4375
Acanthurus leucopareius,-157.6705246,21.28141478
Acanthurus leucopareius,145.2101506,20.02290311
Acanthurus leucopareius,-156.609936,20.590042
Acanthurus leucopareius,-159.2847423,22.13601225
Acanthurus leucopareius,-174.021343,25.995879
Acanthurus leucopareius,145.6392775,18.76168619
Acanthurus leucopareius,-173.943564,25.966131
Acanthurus leucopareius,145.8396111,17.29808654
Acanthurus leucopareius,-109.45,-27.16
Acanthurus leucopareius,-170.573983,25.3983
Acanthurus leucopareius,-170.542083,25.404217
Acanthurus leucopareius,-166.2330675,23.67634404
Acanthurus leucopareius,-166.3205941,23.85988575
Acanthurus leucopareius,-156.9472237,21.18218386
Acanthurus leucopareius,144.8856977,20.538215309999998
Acanthurus leucopareius,-156.8768255,21.16690742
Acanthurus leucopareius,124.630241,8.568128
Acanthurus leucopareius,-170.595617,25.406317
Acanthurus leucopareius,-177.3139267,28.22283844
Acanthurus leucopareius,-178.285933,28.426683
Acanthurus leucopareius,-178.3661667,28.43205
Acanthurus leucopareius,-178.2896484,28.43719161
Acanthurus leucopareius,-155.8899036,20.24361681
Acanthurus leucopareius,-175.753823,27.96185
Acanthurus leucopareius,-160.091794,22.015955
Acanthurus leucopareius,-173.9708777,26.0739037
Acanthurus leucopareius,145.8321662,17.30808003
Acanthurus leucopareius,-156.8452382,20.75698625
Acanthurus leucopareius,-173.900878,26.04096
Acanthurus leucopareius,-157.985611,21.300927
Acanthurus leucopareius,-155.0356113,19.74035217
Acanthurus leucopareius,-178.3240895,28.45708849
Acanthurus leucopareius,-173.9122009,26.08378856
Acanthurus leucopareius,145.7662397,16.70254016
Acanthurus leucopareius,142.1333333,26.7
Acanthurus leucopareius,145.2249374,20.03514354
Acanthurus leucopareius,-171.744498,25.775645
Acanthurus leucopareius,-170.49788,25.41127
Acanthurus leucopareius,-178.291397,28.438402
Acanthurus leucopareius,-156.818187,20.785231
Acanthurus leucopareius,-156.4515363,20.70014211
Acanthurus leucopareius,-164.7064,23.5782167
Acanthurus leucopareius,142.13333333333333,26.7
Acanthurus leucopareius,-156.8112123,20.7929996
Acanthurus leucopareius,145.4096145,19.70668509
Acanthurus leucopareius,-155.89885,19.372795
Acanthurus leucopareius,-124.8,-24.68
Acanthurus leucopareius,-157.040757,20.866404
Acanthurus leucopareius,-177.3339,28.26421667
Acanthurus leucopareius,-157.831573,21.287281
Acanthurus leucopareius,-159.5405291,22.22163373
Acanthurus leucopareius,-175.779221,27.965134
Acanthurus leucopareius,-175.755846,27.959366
Acanthurus leucopareius,-156.0658485,20.81943302
Acanthurus leucopareius,145.22758,20.01355
Acanthurus leucopareius,-177.3684176,28.28005817
Acanthurus leucopareius,-166.297267,23.84955
Acanthurus leucopareius,-160.1731634,21.839746
Acanthurus leucopareius,-157.7268286,21.41352925
Acanthurus leucopareius,145.7553248,18.1279558
Acanthurus leucopareius,-175.905267,27.905695
Acanthurus leucopareius,-157.095447,21.081812
Acanthurus leucopareius,145.2126494,20.03005187
Acanthurus leucopareius,-159.4768364,21.87811475
Acanthurus leucopareius,-174.0158396,26.0542701
Acanthurus leucopareius,145.7780554,16.69189867
Acanthurus leucopareius,-159.3363855,21.99459395
Acanthurus leucopareius,-178.3689,28.44038333
Acanthurus leucopareius,-154.73,-21.81
Acanthurus leucopareius,145.639359,18.75145021
Acanthurus leucopareius,145.835197,17.57908179
Acanthurus leucopareius,144.8860071,20.5474344
Acanthurus leucopareius,-160.2109,21.9069
Acanthurus leucopareius,-155.081647,19.838023
Acanthurus leucopareius,141.461,24.233333
Acanthurus leucopareius,-171.7541,25.77366667
Acanthurus leucopareius,-155.914273,19.422209
Acanthurus leucopareius,-158.1765855,21.58681545
Acanthurus leucopareius,-156.9629062,21.05995953
Acanthurus leucopareius,-156.668186,20.502835
Acanthurus leucopareius,145.409783,19.67629675
Acanthurus leucopareius,-156.155274,20.624016
Acanthurus leucopareius,-178.3810528,28.40612023
Acanthurus leucopareius,-156.747076,21.097332
Acanthurus leucopareius,-175.722886,27.9191
Acanthurus leucopareius,-159.310261,22.070648
Acanthurus leucopareius,145.4178212,19.68528592
Acanthurus leucopareius,141.286667,24.746667
Acanthurus leucopareius,-155.5838151,19.00462098
Acanthurus leucopareius,-156.8019791,21.18048425
Acanthurus leucopareius,-156.060932,19.725837
Acanthurus leucopareius,-156.3961,20.926945
Acanthurus leucopareius,145.77527,16.7164
Acanthurus leucopareius,-156.709942,20.52629
Acanthurus leucopareius,145.783212,16.71467632
Acanthurus leucopareius,-173.887731,26.059989
Acanthurus leucopareius,-177.341879,28.274066
Acanthurus leucopareius,-155.2554,19.2672
Acanthurus leucopareius,-156.2939629,20.94686503
Acanthurus leucopareius,145.81808,17.58693
Acanthurus leucopareius,-156.8753089,20.74177066
Acanthurus leucopareius,-160.049617,21.992777
Acanthurus leucopareius,-175.842854,27.953997
Acanthurus leucopareius,-156.8989264,20.92536863
Acanthurus leucopareius,-175.984095,27.77572
Acanthurus leucopareius,145.411019,19.676708
Acanthurus leucopareius,-177.329926,28.258995
Acanthurus leucopareius,-175.949781,27.871934
Acanthurus leucopareius,-156.1836375,20.88338024
Acanthurus leucopareius,-156.947342,21.057015
Acanthurus leucopareius,-155.825602,20.01060066
Acanthurus leucopareius,145.757114,18.116489
Acanthurus leucopareius,-178.3628833,28.44133333
Acanthurus leucopareius,-155.7862736,18.99763014
Acanthurus leucopareius,-159.76927,22.07714
Acanthurus leucopareius,-156.928631,21.046675
Acanthurus leucopareius,-155.891729,19.357144
Acanthurus leucopareius,145.2273314,20.0334431
Acanthurus leucopareius,-177.4073667,28.2299
Acanthurus leucopareius,145.41177,19.67803
Acanthurus leucopareius,-175.8233988,27.9600656
Acanthurus leucopareius,-162.0861,5.89565
Acanthurus leucopareius,-152.5,-20
Acanthurus leucopareius,-174.01825,26.01136667
Acanthurus leucopareius,-169.92,-19.06
Acanthurus leucopareius,-156.605517,20.592478
Acanthurus leucopareius,-159.685533,21.951583
Acanthurus leucopareius,-160.1633,21.9458
Acanthurus leucopareius,-155.904631,19.07713
Acanthurus leucopareius,-138.887,-21.8506
Acanthurus leucopareius,-158.230467,21.511117
Acanthurus leucopareius,-170.625052,25.497235
Acanthurus leucopareius,-160.0789952,21.91620522
Acanthurus leucopareius,145.2102934,20.0239615
Acanthurus leucopareius,145.415849,19.68093538
Acanthurus leucopareius,145.76647,18.16657
Acanthurus leucopareius,-159.770919,22.09184
Acanthurus leucopareius,-160.154198,21.962859
Acanthurus leucopareius,145.765108,18.165342
Acanthurus leucopareius,-178.2860534,28.42410763
Acanthurus leucopareius,-171.73585,25.788017
Acanthurus leucopareius,-156.64689,20.515095
Acanthurus leucopareius,-171.7161295,25.77301358
Acanthurus leucopareius,141.290833,24.7975
Acanthurus leucopareius,-158.1673069,21.58349395
Acanthurus leucopareius,-156.845145,21.171899
Acanthurus leucopareius,-177.39505,28.237383
Acanthurus leucopareius,145.7740962,16.71410191
Acanthurus leucopareius,-155.99791630000001,20.69431418
Acanthurus leucopareius,-157.9076113,21.63889557
Acanthurus leucopareius,-157.2534,21.1861
Acanthurus leucopareius,-175.797835,27.961771
Acanthurus leucopareius,-173.9551807,26.07350573
Acanthurus leucopareius,-158.0633833,21.65296199
Acanthurus leucopareius,-155.7970292,20.24934433
Acanthurus leucopareius,-159.4638419,21.87361057
Acanthurus leucopareius,145.81867,17.610117
Acanthurus leucopareius,-177.4155833,28.22825
Acanthurus leucopareius,-154.935782,19.38144528
Acanthurus leucopareius,-174.009931,26.034861
Acanthurus leucopareius,-177.4243182,28.21738383
Acanthurus leucopareius,-154.945733,19.373433
Acanthurus leucopareius,-156.988236,20.81712
Acanthurus leucopareius,-156.4638776,20.72466622
Acanthurus leucopareius,-164.68513,23.5691
Acanthurus leucopareius,145.77118,16.69883
Acanthurus leucopareius,-156.9372327,20.73600585
Acanthurus leucopareius,-177.4017833,28.23658333
Acanthurus leucopareius,-177.41753,28.2284
Acanthurus leucopareius,145.7571491,18.12174339
Acanthurus leucopareius,-156.224995,20.914341
Acanthurus leucopareius,145.391583,19.700009
Acanthurus leucopareius,-156.159467,20.8658
Acanthurus leucopareius,-156.919045,20.737005
Acanthurus leucopareius,-173.88179,26.04231
Acanthurus leucopareius,145.2250272,20.03049318
Acanthurus leucopareius,145.2150911,20.03424902
Acanthurus leucopareius,-177.36076,28.28068
Acanthurus leucopareius,-177.37485,28.280531
Acanthurus leucopareius,145.8216993,17.58363945
Acanthurus leucopareius,-171.76355,25.77041
Acanthurus leucopareius,-155.886842,19.343836
Acanthurus leucopareius,-149.4057,-23.4251
Acanthurus leucopareius,-157.77515,21.46384
Acanthurus leucopareius,-160.093858,22.010291
Acanthurus leucopareius,-156.9171419,20.9231869
Acanthurus leucopareius,-173.994384,26.097259
Acanthurus leucopareius,-157.265996,21.167612
Acanthurus leucopareius,-154.9009287,19.40856803
Acanthurus leucopareius,-156.8838787,20.90838371
Acanthurus leucopareius,-170.683633,25.461483
Acanthurus leucopareius,-156.1873165,20.88770035
Acanthurus leucopareius,-175.7313967,27.88181534
Acanthurus leucopareius,145.2309113,20.01137297
Acanthurus leucopareius,-170.4993333,25.42578333
Acanthurus leucopareius,-156.1417,20.62
Acanthurus leucopareius,-166.2887527,23.84049129
Acanthurus leucopareius,-157.8742996,21.58095449
Acanthurus leucopareius,141.289167,24.800833
Acanthurus leucopareius,145.85096,17.588836
Acanthurus leucopareius,-156.1407698,20.86477267
Acanthurus leucopareius,-177.4132708,28.25320817
Acanthurus leucopareius,-144.31,-27.5914
Acanthurus leucopareius,145.7681039,18.16747614
Acanthurus leucopareius,-156.9165748,20.73609034
Acanthurus leucopareius,-171.7211249,25.78973464
Acanthurus leucopareius,145.78795,18.16832
Acanthurus leucopareius,-159.3277717,21.96228272
Acanthurus leucopareius,-171.715418,25.781222
Acanthurus leucopareius,145.2125989,20.02957192
Acanthurus leucopareius,-160.100763,22.007703
Acanthurus leucopareius,-155.465917,20.1031
Acanthurus leucopareius,-158.131487,21.330941
Acanthurus leucopareius,-166.0860749,23.80643494
Acanthurus leucopareius,-157.061158,20.886446
Acanthurus leucopareius,-174.0282349,26.01263928
Acanthurus leucopareius,-156.782033,21.068976
Acanthurus leucopareius,-175.955817,27.7908
Acanthurus leucopareius,-178.2853681,28.42395147
Acanthurus leucopareius,-155.821472,20.260587
Acanthurus leucopareius,145.7004052,18.77599301
Acanthurus leucopareius,-156.048212,19.788396
Acanthurus leucopareius,-157.771685,21.249638
Acanthurus leucopareius,168.281585,-17.710758
Acanthurus leucopareius,131.032222,30.821111
Acanthurus leucopareius,-160.086489,22.01101
Acanthurus leucopareius,145.709302,18.050813
Acanthurus leucopareius,145.8091287,18.12878067
Acanthurus leucopareius,-156.706346,21.161218
Acanthurus leucopareius,-173.927336,26.0578734
Acanthurus leucopareius,-156.2922054,20.94429052
Acanthurus leucopareius,-160.080699,22.009173
Acanthurus leucopareius,-156.859405,21.037199
Acanthurus leucopareius,-162.3641964,6.37946541
Acanthurus leucopareius,145.8497412,17.60798654
Acanthurus leucopareius,145.2082929,20.0267515
Acanthurus leucopareius,145.806402,18.158203
Acanthurus leucopareius,145.643925,18.798559
Acanthurus leucopareius,-164.7063,23.578517
Acanthurus leucopareius,-156.998395,20.83448
Acanthurus leucopareius,-178.3695514,28.43763887
Acanthurus leucopareius,145.388583,19.68475
Acanthurus leucopareius,-173.9702318,26.07385325
Acanthurus leucopareius,-168.00003,25.00062
Acanthurus leucopareius,-155.452934,20.097243
Acanthurus leucopareius,-157.234858,21.082637
Acanthurus leucopareius,-156.8234471,20.77728412
Acanthurus leucopareius,-173.884266,25.967144
Acanthurus leucopareius,-173.9565957,26.09191541
Acanthurus leucopareius,-160.194558,21.949722
Acanthurus leucopareius,-159.708953,22.17106
Acanthurus leucopareius,-160.205317,21.909967
Acanthurus leucopareius,-178.307017,28.383183
Acanthurus leucopareius,-156.964147,20.73142715
Acanthurus leucopareius,-155.90719000000001,19.194486
Acanthurus leucopareius,-159.777652,22.080052
Acanthurus leucopareius,-157.07441,21.0839394
Acanthurus leucopareius,-149.557054,-17.521956
Acanthurus leucopareius,-156.8203,20.78
Acanthurus leucopareius,-157.056131,20.913637
Acanthurus leucopareius,-177.429,28.22251667
Acanthurus leucopareius,-177.41535,28.2301
Acanthurus leucopareius,-144.326,-27.6503
Acanthurus leucopareius,145.2337967,20.01321631
Acanthurus leucopareius,145.8328696,17.30222711
Acanthurus leucopareius,-177.4202441,28.24145154
Acanthurus leucopareius,-156.591954,20.59929
Acanthurus leucopareius,-155.949943,19.491988
Acanthurus leucopareius,-156.6030698,21.03291926
Acanthurus leucopareius,145.2292807,20.02294511
Acanthurus leucopareius,-156.023781,20.805168
Acanthurus leucopareius,-174.009769,26.001009
Acanthurus leucopareius,-178.322371,28.458571
Acanthurus leucopareius,-156.8070399,20.8343347
Acanthurus leucopareius,-148.29165,-15.04494
Acanthurus leucopareius,145.403504,19.67435257
Acanthurus leucopareius,-156.051682,19.763842
Acanthurus leucopareius,-156.022947,19.799082
Acanthurus leucopareius,-144.326385498,-27.6502780914
Acanthurus leucopareius,-178.3647671,28.43960493
Acanthurus leucopareius,145.40305,19.70842
Acanthurus leucopareius,-160.124296,21.999264
Acanthurus leucopareius,145.85093,17.30583
Acanthurus leucopareius,-155.696117,18.945117
Acanthurus leucopareius,-173.9199,26.056283
Acanthurus leucopareius,-154.9843,19.7077
Acanthurus leucopareius,144.788409,13.424092
Acanthurus leucopareius,-177.4134396,28.25765326
Acanthurus leucopareius,-158.277283,21.572067
Acanthurus leucopareius,-174.0126326,26.01535887
Acanthurus leucopareius,-156.968333,20.737667
Acanthurus leucopareius,-173.9753394,26.06548919
Acanthurus leucopareius,-160.21526,21.781435
Acanthurus leucopareius,-177.41779,28.22615
Acanthurus leucopareius,-159.626882,21.908902
Acanthurus leucopareius,-155.140342,19.919755
Acanthurus leucopareius,-156.025,19.6458
Acanthurus leucopareius,-157.1220078,21.08929988
