species,decimalLongitude,decimalLatitude
Acanthaluteres vittiger,148.34775,-40.98914
Acanthaluteres vittiger,144.717,-38.317
Acanthaluteres vittiger,145.665,-38.672
Acanthaluteres vittiger,144.7825,-38.1755
Acanthaluteres vittiger,147.4835,-43.03717
Acanthaluteres vittiger,136.92,-34.5
Acanthaluteres vittiger,147.34215,-39.49295
Acanthaluteres vittiger,148.05035,-42.59211
Acanthaluteres vittiger,145.22,-38.35
Acanthaluteres vittiger,128.87625,-33.21791
Acanthaluteres vittiger,147.36667,-43.26067
Acanthaluteres vittiger,147.503,-39.5697
Acanthaluteres vittiger,147.98036,-42.64348
Acanthaluteres vittiger,147.33133,-43.342
Acanthaluteres vittiger,148.0546,-42.58268
Acanthaluteres vittiger,146.43,-39.11
Acanthaluteres vittiger,145.362,-38.565
Acanthaluteres vittiger,148.02431,-42.62899
Acanthaluteres vittiger,147.94814,-42.55305
Acanthaluteres vittiger,144.76233,-38.17617
Acanthaluteres vittiger,148.27636999999999,-42.29524
Acanthaluteres vittiger,147.60167,-42.86717
Acanthaluteres vittiger,151.283,-33.833
Acanthaluteres vittiger,146.239,-39.018
Acanthaluteres vittiger,146.242,-39.025
Acanthaluteres vittiger,137.54487,-33.34588
Acanthaluteres vittiger,150.25,-35.733
Acanthaluteres vittiger,146.334,-39.102
Acanthaluteres vittiger,145.661,-38.675
Acanthaluteres vittiger,151.28132,-33.84566
Acanthaluteres vittiger,144.72165,-38.17019
Acanthaluteres vittiger,133.2974,-32.49023
Acanthaluteres vittiger,144.72,-38.08
Acanthaluteres vittiger,137.7086,-35.4919
Acanthaluteres vittiger,147.6,-43.18
Acanthaluteres vittiger,137.78,-35.82
Acanthaluteres vittiger,144.38583,-38.1125
Acanthaluteres vittiger,146.469,-39.064
Acanthaluteres vittiger,148.31802,-41.24904
Acanthaluteres vittiger,147.8295,-42.882
Acanthaluteres vittiger,147.61417,-43.01433
Acanthaluteres vittiger,133.33893,-32.4744
Acanthaluteres vittiger,148.31631,-41.90329
Acanthaluteres vittiger,148.31363,-41.86954
Acanthaluteres vittiger,147.892,-37.8822
Acanthaluteres vittiger,146.47,-39.04
Acanthaluteres vittiger,147.42538,-43.25349
Acanthaluteres vittiger,148.25179,-42.23265
Acanthaluteres vittiger,147.33894,-43.03834
Acanthaluteres vittiger,141.6,-38.35
Acanthaluteres vittiger,114.86387,-33.77119
Acanthaluteres vittiger,148.31433,-41.87447
Acanthaluteres vittiger,150.733,-35.1
Acanthaluteres vittiger,147.96925,-42.52398
Acanthaluteres vittiger,147.41638,-43.05849
Acanthaluteres vittiger,149.96333,-36.92167
Acanthaluteres vittiger,148.3085,-41.96518
Acanthaluteres vittiger,114.91637,-33.89119
Acanthaluteres vittiger,147.85267,-42.88983
Acanthaluteres vittiger,146.6454,-39.48049
Acanthaluteres vittiger,142.48,-38.4
Acanthaluteres vittiger,114.908,-34.0923
Acanthaluteres vittiger,148.04628,-42.6025
Acanthaluteres vittiger,115.58333,-32.08333
Acanthaluteres vittiger,148.368,-41.28787
Acanthaluteres vittiger,144.62,-38.29
Acanthaluteres vittiger,147.8,-42.9
Acanthaluteres vittiger,146.228,-38.966
Acanthaluteres vittiger,144.693,-38.1203
Acanthaluteres vittiger,153.383,-29.383
Acanthaluteres vittiger,145.92647,-43.29901
Acanthaluteres vittiger,137.608,-35.2945
Acanthaluteres vittiger,148.283,-41.166
Acanthaluteres vittiger,147.62833,-40.82248
Acanthaluteres vittiger,137.483,-33.605
Acanthaluteres vittiger,118.1941,-34.95493
Acanthaluteres vittiger,147.41248,-43.18762
Acanthaluteres vittiger,133.30877,-32.52095
Acanthaluteres vittiger,147.33253,-43.05907
Acanthaluteres vittiger,114.89887,-34.04369
Acanthaluteres vittiger,137.16766,-34.6768
Acanthaluteres vittiger,147.85767,-42.87783
Acanthaluteres vittiger,147.6375,-42.95717
Acanthaluteres vittiger,147.3421,-43.0534
Acanthaluteres vittiger,151.2758333,-33.8363333
Acanthaluteres vittiger,144.63,-38.28
Acanthaluteres vittiger,147.32667,-43.34083
Acanthaluteres vittiger,137.4989,-33.6228
Acanthaluteres vittiger,148.33,-39.95
Acanthaluteres vittiger,146.97951,-39.22592
Acanthaluteres vittiger,147.48367,-43.0355
Acanthaluteres vittiger,147.42,-43.39
Acanthaluteres vittiger,147.63667,-42.95833
Acanthaluteres vittiger,148.30974,-41.86441
Acanthaluteres vittiger,145.009,-37.972
Acanthaluteres vittiger,146.284,-39.023
Acanthaluteres vittiger,148.09,-42.10917
Acanthaluteres vittiger,145.84244,-43.30981
Acanthaluteres vittiger,148.30984,-41.88012
Acanthaluteres vittiger,137.60001,-33.185
Acanthaluteres vittiger,115.716,-32.333
Acanthaluteres vittiger,148.08033,-42.15
Acanthaluteres vittiger,148.0519,-42.58626
Acanthaluteres vittiger,144.63,-38.29
Acanthaluteres vittiger,147.418,-43.20433
Acanthaluteres vittiger,147.61833,-43.08033
Acanthaluteres vittiger,147.816,-37.9164
Acanthaluteres vittiger,145.61935,-40.9245
Acanthaluteres vittiger,145.25,-40.6717
Acanthaluteres vittiger,147.63633,-42.95567
Acanthaluteres vittiger,148.01146,-42.72014
Acanthaluteres vittiger,114.84387,-34.05619
Acanthaluteres vittiger,147.29466,-39.46457
Acanthaluteres vittiger,137.5333,-35.5
Acanthaluteres vittiger,147.9872,-42.5242
Acanthaluteres vittiger,147.86583,-42.8705
Acanthaluteres vittiger,147.35117,-43.27467
Acanthaluteres vittiger,147.858,-42.87617
Acanthaluteres vittiger,145.029,-37.997
Acanthaluteres vittiger,145.4,-38.62
Acanthaluteres vittiger,147.91566,-42.58359
Acanthaluteres vittiger,148.333,-39.95
Acanthaluteres vittiger,144.598,-38.294
Acanthaluteres vittiger,147.3775,-43.09733
Acanthaluteres vittiger,145.61,-38.68
Acanthaluteres vittiger,143.83337,-39.66551
Acanthaluteres vittiger,144.745,-38.01917
Acanthaluteres vittiger,145.03,-38.2
Acanthaluteres vittiger,144.698,-38.277
Acanthaluteres vittiger,137.80699,-35.35516
Acanthaluteres vittiger,114.78933,-34.10723
Acanthaluteres vittiger,147.36,-43.31
Acanthaluteres vittiger,144.73183,-38.17567
Acanthaluteres vittiger,147.147,-43.4505
Acanthaluteres vittiger,151.85,-32.85
Acanthaluteres vittiger,137.537,-33.8308
Acanthaluteres vittiger,115.594,-31.9097
Acanthaluteres vittiger,145.02,-38.2
Acanthaluteres vittiger,144.716,-38.316
Acanthaluteres vittiger,146.64893,-39.473
Acanthaluteres vittiger,145.51636,-40.8585
Acanthaluteres vittiger,119.60702,-34.16362
Acanthaluteres vittiger,145.53636,-40.8905
Acanthaluteres vittiger,148.25294,-42.29195
Acanthaluteres vittiger,147.9465,-42.6075
Acanthaluteres vittiger,147.35709,-43.06273
Acanthaluteres vittiger,148.00697,-42.66082
Acanthaluteres vittiger,144.13336,-39.83551
Acanthaluteres vittiger,145.00333,-38.25417
Acanthaluteres vittiger,145.034,-38.0314
Acanthaluteres vittiger,148.28167,-41.3045
Acanthaluteres vittiger,133.29453,-32.4901
Acanthaluteres vittiger,145.05683,-38.00583
Acanthaluteres vittiger,144.9075,-38.20167
Acanthaluteres vittiger,148.06735,-42.5623
Acanthaluteres vittiger,147.83117,-42.97583
Acanthaluteres vittiger,137.877,-34.705
Acanthaluteres vittiger,148.3268,-41.2507
Acanthaluteres vittiger,146.36667,-38.93333
Acanthaluteres vittiger,145.341,-38.559
Acanthaluteres vittiger,147.13,-43.2535
Acanthaluteres vittiger,144.587,-38.0869
Acanthaluteres vittiger,115.66667,-32.03333
Acanthaluteres vittiger,147.756,-42.9505
Acanthaluteres vittiger,144.993,-37.945
Acanthaluteres vittiger,137.7494,-35.0847
Acanthaluteres vittiger,147.26092,-43.63351
Acanthaluteres vittiger,148.34172,-42.1107
Acanthaluteres vittiger,134.27313,-33.9624
Acanthaluteres vittiger,118.195,-34.96005
Acanthaluteres vittiger,147.463,-43.04
Acanthaluteres vittiger,147.55533,-42.93883
Acanthaluteres vittiger,115.333,-33.633
Acanthaluteres vittiger,145.647,-38.677
Acanthaluteres vittiger,147.875,-37.8792
Acanthaluteres vittiger,146.342,-39.112
Acanthaluteres vittiger,144.04475,-40.08036
Acanthaluteres vittiger,147.37744,-39.44677
Acanthaluteres vittiger,144.973,-37.8783
Acanthaluteres vittiger,147.839,-42.88833
Acanthaluteres vittiger,147.8845,-42.83633
Acanthaluteres vittiger,147.62317,-43.02933
Acanthaluteres vittiger,145.54842,-40.90182
Acanthaluteres vittiger,144.656,-38.304
Acanthaluteres vittiger,145.89661,-43.31243
Acanthaluteres vittiger,147.25,-43.23
Acanthaluteres vittiger,134.58,-33.3
Acanthaluteres vittiger,151.883,-32.85
Acanthaluteres vittiger,144.589,-38.29
Acanthaluteres vittiger,144.655,-38.275
Acanthaluteres vittiger,138.6,-34.933
Acanthaluteres vittiger,147.2971,-39.44067
Acanthaluteres vittiger,148.08046,-42.57373
Acanthaluteres vittiger,144.613,-38.297
Acanthaluteres vittiger,144.802,-38.2869
Acanthaluteres vittiger,148.341,-41.25195
Acanthaluteres vittiger,147.8,-42.89
Acanthaluteres vittiger,145.695,-38.655
Acanthaluteres vittiger,148.34564,-42.18272
Acanthaluteres vittiger,133.30471,-32.49106
Acanthaluteres vittiger,137.49951,-35.26195
Acanthaluteres vittiger,144.625,-38.28
Acanthaluteres vittiger,148.34729,-39.95246
Acanthaluteres vittiger,148,-40
Acanthaluteres vittiger,148.34607,-40.99447
Acanthaluteres vittiger,147.31422,-39.46125
Acanthaluteres vittiger,148.06207,-42.57658
Acanthaluteres vittiger,147.3991,-42.9971
Acanthaluteres vittiger,147.32967,-39.45399
Acanthaluteres vittiger,133.33662,-32.47564
Acanthaluteres vittiger,114.93783,-33.68313
Acanthaluteres vittiger,148.31609,-41.24639
Acanthaluteres vittiger,148.0032,-42.50664
Acanthaluteres vittiger,114.81887,-33.88369
Acanthaluteres vittiger,147.35,-43.07
Acanthaluteres vittiger,123.40272,-34.00123
Acanthaluteres vittiger,147.51217,-43.02317
Acanthaluteres vittiger,147.28526,-39.44366
Acanthaluteres vittiger,137.493,-33.4283
Acanthaluteres vittiger,148.08332,-42.11666
Acanthaluteres vittiger,147.28181,-43.14505
Acanthaluteres vittiger,137.6,-33.185
Acanthaluteres vittiger,151,-34
Acanthaluteres vittiger,146.78333,-41.06665
Acanthaluteres vittiger,147.67032,-40.81948
Acanthaluteres vittiger,133.291,-32.55222
Acanthaluteres vittiger,148.08067,-42.15033
Acanthaluteres vittiger,144.659,-38.304
Acanthaluteres vittiger,147.702,-43.099
Acanthaluteres vittiger,138.600006104,-34.9329986572
Acanthaluteres vittiger,114.86637,-34.06119
Acanthaluteres vittiger,115.68078,-32.59317
Acanthaluteres vittiger,148.333,-40
Acanthaluteres vittiger,147.5425,-42.99067
Acanthaluteres vittiger,147.31013,-39.46937
Acanthaluteres vittiger,146.324,-39.076
Acanthaluteres vittiger,118.23127,-35.01692
Acanthaluteres vittiger,148.30344,-41.86864
Acanthaluteres vittiger,147.9413,-42.6161
Acanthaluteres vittiger,146.7905,-41.06547
Acanthaluteres vittiger,125.38333,-32.76667
Acanthaluteres vittiger,114.966,-30.066
Acanthaluteres vittiger,147.93999,-39.69625
Acanthaluteres vittiger,115.55,-32
Acanthaluteres vittiger,146.99239,-39.21515
Acanthaluteres vittiger,147.30203,-39.449
Acanthaluteres vittiger,144.72499,-41.3
Acanthaluteres vittiger,149.9,-36.98333
Acanthaluteres vittiger,150.183,-35.716
Acanthaluteres vittiger,137.5919,-35.4583
Acanthaluteres vittiger,145.58836,-40.9155
Acanthaluteres vittiger,148.069,-42.18987
Acanthaluteres vittiger,121.997,-33.97755
Acanthaluteres vittiger,144.109,-38.47
Acanthaluteres vittiger,115.5,-32.01667
Acanthaluteres vittiger,148.33971,-41.34432
Acanthaluteres vittiger,148.43,-40.42
Acanthaluteres vittiger,147.955,-37.8786
Acanthaluteres vittiger,147.35158,-39.47374
Acanthaluteres vittiger,146.321,-39.054
Acanthaluteres vittiger,151.833,-32.867
Acanthaluteres vittiger,115,-33.61666
Acanthaluteres vittiger,146.8,-41.06665
Acanthaluteres vittiger,146.38,-38.8
Acanthaluteres vittiger,133.28561,-32.57256
Acanthaluteres vittiger,145.30836,-40.7665
Acanthaluteres vittiger,147.615,-43.01167
Acanthaluteres vittiger,148.07833,-42.15617
Acanthaluteres vittiger,147.14343,-43.27292
Acanthaluteres vittiger,147.41,-43.1
Acanthaluteres vittiger,115.41667,-32
Acanthaluteres vittiger,145.28,-38.25
Acanthaluteres vittiger,145.359,-38.567
Acanthaluteres vittiger,145.92377,-43.297110000000004
Acanthaluteres vittiger,147.983,-42.3
Acanthaluteres vittiger,115.5,-33.33333
Acanthaluteres vittiger,148.00484,-42.43884
Acanthaluteres vittiger,147.61067,-42.89667
Acanthaluteres vittiger,147.40917,-43.24967
Acanthaluteres vittiger,115.73333,-32.13333
Acanthaluteres vittiger,114.87637,-34.04869
Acanthaluteres vittiger,147.32667,-43.31583
Acanthaluteres vittiger,147.55533,-43.03617
Acanthaluteres vittiger,146.242,-39.0883
Acanthaluteres vittiger,144.78317,-38.17333
Acanthaluteres vittiger,121.15,-33.81667
Acanthaluteres vittiger,147.40317,-43.06833
Acanthaluteres vittiger,137.807,-35.35517
Acanthaluteres vittiger,146.64201,-41.09892
Acanthaluteres vittiger,147.1684,-43.32533
Acanthaluteres vittiger,147.59,-43.23
Acanthaluteres vittiger,148.787,-37.82
Acanthaluteres vittiger,146.261,-38.6886
Acanthaluteres vittiger,147.86417,-42.88467
Acanthaluteres vittiger,147.39167,-43.121
Acanthaluteres vittiger,145.075,-38.027
Acanthaluteres vittiger,147.95,-42.79
Acanthaluteres vittiger,114.91387,-33.92619
Acanthaluteres vittiger,147.37,-43.08583
Acanthaluteres vittiger,137.63,-35.57
Acanthaluteres vittiger,144.712,-38.1389
Acanthaluteres vittiger,148.30429,-42.05611
Acanthaluteres vittiger,147.72033,-43.107
Acanthaluteres vittiger,148.08117,-42.13383
Acanthaluteres vittiger,148.16177,-42.41202
Acanthaluteres vittiger,147.38246,-43.10133
Acanthaluteres vittiger,144.65,-38.27
Acanthaluteres vittiger,133.5,-32.2833
Acanthaluteres vittiger,148.28851,-42.29332
Acanthaluteres vittiger,148.22939,-40.46449
Acanthaluteres vittiger,143.97,-38.53
Acanthaluteres vittiger,114.83907,-34.05437
Acanthaluteres vittiger,147.61,-43
Acanthaluteres vittiger,147.85283,-42.88883
Acanthaluteres vittiger,147.40833,-43.10467
Acanthaluteres vittiger,147.14867,-43.2875
Acanthaluteres vittiger,122.00167,-33.9827
Acanthaluteres vittiger,148.25783,-42.11917
Acanthaluteres vittiger,144.564,-38.11067
Acanthaluteres vittiger,146.441,-39.088
Acanthaluteres vittiger,144.74733,-38.169
Acanthaluteres vittiger,138.2167,-35.8167
Acanthaluteres vittiger,144.7235,-37.995
Acanthaluteres vittiger,117.86667,-35
Acanthaluteres vittiger,145.86667,-43.28333
Acanthaluteres vittiger,114.80887,-33.79369
Acanthaluteres vittiger,148.417,-40.1033
Acanthaluteres vittiger,115.3,-31.9
Acanthaluteres vittiger,148.1273,-40.73247
Acanthaluteres vittiger,144.214,-38.413
Acanthaluteres vittiger,146.7,-41.06
Acanthaluteres vittiger,147.05,-39.88
Acanthaluteres vittiger,147.16739,-43.2845
Acanthaluteres vittiger,146.87592,-41.01829
Acanthaluteres vittiger,146.79001,-41.05436
Acanthaluteres vittiger,122.03927,-33.86792
Acanthaluteres vittiger,147.39,-43.09
Acanthaluteres vittiger,147.575,-43.02983
Acanthaluteres vittiger,150.69589,-35.09912
Acanthaluteres vittiger,137.77,-35.63
Acanthaluteres vittiger,115.37633,-31.47078
Acanthaluteres vittiger,151.66305,-33.09916
Acanthaluteres vittiger,147,-41.23333
Acanthaluteres vittiger,147.91667,-42.53333
Acanthaluteres vittiger,147.34656,-39.45989
Acanthaluteres vittiger,146.338,-38.6889
Acanthaluteres vittiger,147.9,-42.583
Acanthaluteres vittiger,147.52,-43.07
Acanthaluteres vittiger,143.68,-38.76
Acanthaluteres vittiger,123.2084,-34.08185
Acanthaluteres vittiger,147.9393,-39.70147
Acanthaluteres vittiger,147.2195,-43.32217
Acanthaluteres vittiger,147.66483,-42.97833
Acanthaluteres vittiger,148.18383,-41.14525
Acanthaluteres vittiger,133.30282,-32.48982
Acanthaluteres vittiger,122.09945,-33.94747
Acanthaluteres vittiger,147.41333,-43.20267
Acanthaluteres vittiger,151.27756,-33.84603
Acanthaluteres vittiger,146.99239,-39.21917
Acanthaluteres vittiger,144.68,-38.12
Acanthaluteres vittiger,151.9,-32.85
Acanthaluteres vittiger,144.628,-38.285
Acanthaluteres vittiger,145.01,-38.2575
Acanthaluteres vittiger,133.2934,-32.55291
Acanthaluteres vittiger,147.28708,-39.4653
Acanthaluteres vittiger,146.305,-39.04
Acanthaluteres vittiger,137.91099,-35.40783
Acanthaluteres vittiger,147.64917,-43.084
Acanthaluteres vittiger,147.2865,-43.079
Acanthaluteres vittiger,147.44,-43.2
Acanthaluteres vittiger,147.2945,-43.24533
Acanthaluteres vittiger,148.15,-42.25
Acanthaluteres vittiger,147.43317,-43.09
Acanthaluteres vittiger,151.266,-33.8
Acanthaluteres vittiger,153.383,-29.367
Acanthaluteres vittiger,150.1,-36.2
Acanthaluteres vittiger,115.3,-33.61667
Acanthaluteres vittiger,147.68,-43.23
Acanthaluteres vittiger,147.35453,-42.95313
Acanthaluteres vittiger,137.1014,-34.83242
Acanthaluteres vittiger,147.14182,-43.29383
Acanthaluteres vittiger,137.52,-35.58
Acanthaluteres vittiger,115.41667,-33.58333
Acanthaluteres vittiger,146.468,-38.7008
Acanthaluteres vittiger,137.6375,-35.4161
Acanthaluteres vittiger,147.53333,-40.83332
Acanthaluteres vittiger,147.39183,-43.25217
Acanthaluteres vittiger,117.8846,-35.0173
Acanthaluteres vittiger,146.292,-39.025
Acanthaluteres vittiger,147.3295,-43.3135
Acanthaluteres vittiger,148.27242,-42.21498
Acanthaluteres vittiger,149.8125,-37.59166
Acanthaluteres vittiger,144.73367,-38.17783
Acanthaluteres vittiger,133.30823,-32.51767
Acanthaluteres vittiger,148.27267,-42.11883
Acanthaluteres vittiger,144.332,-38.345
Acanthaluteres vittiger,144.659,-38.302
Acanthaluteres vittiger,123.32833,-33.96777
Acanthaluteres vittiger,151.817,-32.867
Acanthaluteres vittiger,145.03,-38.03
Acanthaluteres vittiger,144.93,-40.515
Acanthaluteres vittiger,122.04012,-33.86478
Acanthaluteres vittiger,147.132,-39.3389
Acanthaluteres vittiger,147.828,-42.97617
Acanthaluteres vittiger,147.18173,-43.28534
Acanthaluteres vittiger,148.23512,-42.31115
Acanthaluteres vittiger,147.33317,-43.36033
Acanthaluteres vittiger,147.88583,-42.851
Acanthaluteres vittiger,145.33,-38.65
Acanthaluteres vittiger,147.34583,-43.37
Acanthaluteres vittiger,147.86767,-42.88317
Acanthaluteres vittiger,118.18888,-34.95318
Acanthaluteres vittiger,147.642,-42.95983
Acanthaluteres vittiger,134.775,-34.825
Acanthaluteres vittiger,147.45567,-43.03667
Acanthaluteres vittiger,151.817,-32.883
Acanthaluteres vittiger,133.32629,-32.50117
Acanthaluteres vittiger,145.01033,-38.25567
Acanthaluteres vittiger,145.688,-38.66
Acanthaluteres vittiger,137.833,-35.333
Acanthaluteres vittiger,146.99556,-39.21909
Acanthaluteres vittiger,150.75,-35
Acanthaluteres vittiger,137.645,-33.295
Acanthaluteres vittiger,147.44,-43.12
Acanthaluteres vittiger,138.166,-34.783
Acanthaluteres vittiger,118.19315,-34.95778
Acanthaluteres vittiger,144.9,-37.9
Acanthaluteres vittiger,138.52,-35.05
Acanthaluteres vittiger,148.08533,-42.104
Acanthaluteres vittiger,147.27727,-39.44352
Acanthaluteres vittiger,146.73749,-41.04788
Acanthaluteres vittiger,144.93,-37.85
Acanthaluteres vittiger,149.68584,-37.59166
Acanthaluteres vittiger,148.31085,-41.86776
Acanthaluteres vittiger,141.66667,-38.33333
Acanthaluteres vittiger,123.23507,-33.99608
Acanthaluteres vittiger,147.58,-40.42
Acanthaluteres vittiger,148.26477,-42.15631
Acanthaluteres vittiger,144.72,-38.32
Acanthaluteres vittiger,148.33565,-41.25111
Acanthaluteres vittiger,147.88067,-42.8405
Acanthaluteres vittiger,144.4,-38.106
Acanthaluteres vittiger,147.35917,-43.12933
Acanthaluteres vittiger,144.801,-38.307
Acanthaluteres vittiger,147.37183,-43.0883
Acanthaluteres vittiger,146.295,-39.0333
Acanthaluteres vittiger,145.23,-38.28
Acanthaluteres vittiger,148.12331,-40.73547
Acanthaluteres vittiger,148.33968,-41.25126
Acanthaluteres vittiger,151.25,-33.833
Acanthaluteres vittiger,149.21549,-39.46899
Acanthaluteres vittiger,145.84277,-43.30933
Acanthaluteres vittiger,151.266998291,-33.8499984741
Acanthaluteres vittiger,147.36833,-43.0805
Acanthaluteres vittiger,148.35394,-41.27299
Acanthaluteres vittiger,148.29163,-41.20793
Acanthaluteres vittiger,148.10585,-42.58352
Acanthaluteres vittiger,144.718,-38.1761
Acanthaluteres vittiger,148.10759,-42.58321
Acanthaluteres vittiger,148.33829,-41.26009
Acanthaluteres vittiger,147.725,-43.125
Acanthaluteres vittiger,145.866,-43.283
Acanthaluteres vittiger,115.634,-31.8789
Acanthaluteres vittiger,147.53067,-42.99817
Acanthaluteres vittiger,147.60467,-42.869
Acanthaluteres vittiger,148.1,-42.12
Acanthaluteres vittiger,151.283,-33.8
Acanthaluteres vittiger,123.2196,-33.99973
Acanthaluteres vittiger,115.51667,-32.01667
Acanthaluteres vittiger,148.25371,-42.22826
Acanthaluteres vittiger,115.71667,-32.33333
Acanthaluteres vittiger,145.11,-38.52
Acanthaluteres vittiger,147.32857,-43.00734
Acanthaluteres vittiger,147.96,-42.8
Acanthaluteres vittiger,146.448,-38.96
Acanthaluteres vittiger,147.39807,-42.99168
Acanthaluteres vittiger,114.88394,-34.12791
Acanthaluteres vittiger,147.77917,-42.90583
Acanthaluteres vittiger,144.77,-38.35
Acanthaluteres vittiger,147.45,-43.2255
Acanthaluteres vittiger,147.62633,-40.79648
Acanthaluteres vittiger,114.91637,-33.97119
Acanthaluteres vittiger,146.59751,-38.99667
Acanthaluteres vittiger,140.79869,-38.04702
Acanthaluteres vittiger,146.477,-39.0683
Acanthaluteres vittiger,147.70333,-43.10333
Acanthaluteres vittiger,148.333,-42.1
Acanthaluteres vittiger,147.864,-42.8805
Acanthaluteres vittiger,115.5,-32
Acanthaluteres vittiger,148.883,-37.794
Acanthaluteres vittiger,146.66676,-43.60043
Acanthaluteres vittiger,144.56417,-38.11167
Acanthaluteres vittiger,147.62083,-43.06367
Acanthaluteres vittiger,149.98323,-36.73748
Acanthaluteres vittiger,137.814,-35.4118
Acanthaluteres vittiger,144.623,-38.29
Acanthaluteres vittiger,115.45,-32.05
Acanthaluteres vittiger,143.9664,-40.11726
Acanthaluteres vittiger,148.30183,-41.30483
Acanthaluteres vittiger,144.108,-38.469
Acanthaluteres vittiger,115.801455,-31.997252
Acanthaluteres vittiger,150.483,-35.32204
Acanthaluteres vittiger,138.599,-35.5808
Acanthaluteres vittiger,148.166,-42.25
Acanthaluteres vittiger,147.86617,-42.8795
Acanthaluteres vittiger,146.465,-39.04
Acanthaluteres vittiger,147.39117,-43.10583
Acanthaluteres vittiger,121.80482,-33.915
Acanthaluteres vittiger,146.61,-39.00667
Acanthaluteres vittiger,138.0692,-35.7797
Acanthaluteres vittiger,145.516,-40.85
Acanthaluteres vittiger,147.45,-43.31
Acanthaluteres vittiger,149.963,-37.519
Acanthaluteres vittiger,147.58,-42.98
Acanthaluteres vittiger,147.43,-43.34
Acanthaluteres vittiger,149.288,-37.796
Acanthaluteres vittiger,147.866,-39.75
Acanthaluteres vittiger,150.717,-35.217
Acanthaluteres vittiger,115.644,-31.8785
Acanthaluteres vittiger,133.7,-32.13
Acanthaluteres vittiger,147.62333,-43.02133
Acanthaluteres vittiger,149.974,-37.51
Acanthaluteres vittiger,123.14392,-33.97348
Acanthaluteres vittiger,122.0891,-33.93657
Acanthaluteres vittiger,122.59018,-33.92905
Acanthaluteres vittiger,115.22444,-30.63055
Acanthaluteres vittiger,141.72,-38.42
Acanthaluteres vittiger,145.72037,-40.9435
Acanthaluteres vittiger,144.4,-38.12
Acanthaluteres vittiger,144.71,-38.1917
Acanthaluteres vittiger,123.14318,-33.97348
Acanthaluteres vittiger,147.38333,-43.073
Acanthaluteres vittiger,147.83767,-42.88833
Acanthaluteres vittiger,148.27303,-42.25714
Acanthaluteres vittiger,137.842,-35.39117
Acanthaluteres vittiger,147.48,-43.25
Acanthaluteres vittiger,119.62465,-34.18733
Acanthaluteres vittiger,115.683,-32.283
Acanthaluteres vittiger,153.367,-29.383
Acanthaluteres vittiger,151.67096,-33.08677
Acanthaluteres vittiger,147.76667,-42.94817
Acanthaluteres vittiger,118.15558,-35.00605
Acanthaluteres vittiger,144.64969,-40.89886
Acanthaluteres vittiger,151.166,-33.833
Acanthaluteres vittiger,122.03093,-34.03978
Acanthaluteres vittiger,141.623,-38.3486
Acanthaluteres vittiger,128.51667,-32.03333
Acanthaluteres vittiger,118.21858,-34.98963
Acanthaluteres vittiger,137.842,-35.39116
Acanthaluteres vittiger,123.22015,-34.0025
Acanthaluteres vittiger,147.64133,-40.77848
Acanthaluteres vittiger,136.9167,-33.6833
Acanthaluteres vittiger,147.47144,-43.04491
Acanthaluteres vittiger,147.507,-39.5514
Acanthaluteres vittiger,147.42217,-43.05233
Acanthaluteres vittiger,115.03333,-33.5
Acanthaluteres vittiger,147.87933,-42.83733
Acanthaluteres vittiger,150,-35.35
Acanthaluteres vittiger,147.3455,-43.36683
Acanthaluteres vittiger,153.367,-29.4
Acanthaluteres vittiger,147.33054,-39.49496
Acanthaluteres vittiger,151.283,-33.816
Acanthaluteres vittiger,148.26195,-42.16828
Acanthaluteres vittiger,148.6155,-40.5087
Acanthaluteres vittiger,147.713,-37.9217
Acanthaluteres vittiger,147.93912,-42.6258
Acanthaluteres vittiger,148.216,-42.216
Acanthaluteres vittiger,114.89984,-34.05394
Acanthaluteres vittiger,121.95517,-33.86427
Acanthaluteres vittiger,116.32727,-35.02907
Acanthaluteres vittiger,147.344,-43.362
Acanthaluteres vittiger,147.54583,-42.99483
Acanthaluteres vittiger,147.38333,-41
Acanthaluteres vittiger,147.65983,-42.89517
Acanthaluteres vittiger,151.267,-33.85
Acanthaluteres vittiger,144.769,-37.946
Acanthaluteres vittiger,147.34,-43.3
Acanthaluteres vittiger,151.266,-33.966
Acanthaluteres vittiger,148.6238,-40.5082
Acanthaluteres vittiger,150.667,-35.083
Acanthaluteres vittiger,146.467,-39.029
Acanthaluteres vittiger,147.43533,-43.241
Acanthaluteres vittiger,115.733,-32.05
Acanthaluteres vittiger,147.41583,-43.20183
Acanthaluteres vittiger,144.82,-37.92
Acanthaluteres vittiger,115,-33
Acanthaluteres vittiger,134.55,-33.22
Acanthaluteres vittiger,114.89637,-34.07869
Acanthaluteres vittiger,114.96667,-30.06667
Acanthaluteres vittiger,123.3698,-33.94842
Acanthaluteres vittiger,134.67,-33.2
Acanthaluteres vittiger,147.74267,-42.919670000000004
Acanthaluteres vittiger,148.3427,-41.35428
Acanthaluteres vittiger,148.31125,-41.89552
Acanthaluteres vittiger,115.56667,-32.21667
Acanthaluteres vittiger,147.65417,-42.95517
Acanthaluteres vittiger,133.48,-32.43
Acanthaluteres vittiger,152.91667,-31.45
Acanthaluteres vittiger,149.88333,-36.9
Acanthaluteres vittiger,148.34232,-40.48947
Acanthaluteres vittiger,147.51,-43.11
Acanthaluteres vittiger,149.976,-37.508
Acanthaluteres vittiger,122.5874,-33.93133
Acanthaluteres vittiger,148.61561,-40.50869
Acanthaluteres vittiger,147.59433,-40.84848
Acanthaluteres vittiger,145.683,-38.664
Acanthaluteres vittiger,148.12,-42.13
Acanthaluteres vittiger,138.23,-35.53
Acanthaluteres vittiger,123.88333,-33.61667
Acanthaluteres vittiger,147.93,-39.85
Acanthaluteres vittiger,115.66667,-32.2
Acanthaluteres vittiger,149.95,-36.95
Acanthaluteres vittiger,137.25843,-34.68603
Acanthaluteres vittiger,118.19422,-34.94688
Acanthaluteres vittiger,148.24,-40.22
Acanthaluteres vittiger,145.621,-38.676
Acanthaluteres vittiger,148.2805,-42.14617
Acanthaluteres vittiger,147.4835,-43.0362
Acanthaluteres vittiger,145.29836,-40.7405
Acanthaluteres vittiger,146.322,-39.0767
Acanthaluteres vittiger,148.30949,-41.86651
Acanthaluteres vittiger,122,-34.05
Acanthaluteres vittiger,147.141,-39.3578
Acanthaluteres vittiger,114.9056,-33.6787
Acanthaluteres vittiger,146.458,-39.0383
Acanthaluteres vittiger,144.75983,-38.16917
Acanthaluteres vittiger,114.87887,-33.98619
Acanthaluteres vittiger,114.70139,-29.58333
Acanthaluteres vittiger,115.35,-33.65
Acanthaluteres vittiger,147.55467,-42.91833
Acanthaluteres vittiger,147.44867,-43.07267
Acanthaluteres vittiger,118.19242,-34.95272
Acanthaluteres vittiger,147.152,-39.3677
Acanthaluteres vittiger,147.95,-42.81
Acanthaluteres vittiger,144.876,-37.866
Acanthaluteres vittiger,133.32648,-32.49524
Acanthaluteres vittiger,153.35,-29.633
Acanthaluteres vittiger,145.223,-38.529
Acanthaluteres vittiger,114.84887,-33.90619
Acanthaluteres vittiger,147.5315,-43.0245
Acanthaluteres vittiger,147.41617,-43.20033
Acanthaluteres vittiger,151.27582,-33.83633
Acanthaluteres vittiger,145.91719,-43.30334
Acanthaluteres vittiger,123.13335,-33.97283
Acanthaluteres vittiger,115.73333,-31.8
Acanthaluteres vittiger,137.749,-35.0853
Acanthaluteres vittiger,115.066,-33.55
Acanthaluteres vittiger,146.37741,-43.59151
Acanthaluteres vittiger,115.16667,-33.01667
Acanthaluteres vittiger,149.845,-37.63083
Acanthaluteres vittiger,148.16667,-42.25
Acanthaluteres vittiger,151.266,-33.833
Acanthaluteres vittiger,147.57567,-42.85667
Acanthaluteres vittiger,117.88467,-35.01733
Acanthaluteres vittiger,145.270441,-38.363083
Acanthaluteres vittiger,114.71667,-29.58333
Acanthaluteres vittiger,144.777,-38.3597
Acanthaluteres vittiger,114.03333,-28.71667
Acanthaluteres vittiger,138.53,-34.97
Acanthaluteres vittiger,145.3,-38.47
Acanthaluteres vittiger,149.274,-37.804
Acanthaluteres vittiger,147.67517,-42.981
Acanthaluteres vittiger,145.659,-38.677
Acanthaluteres vittiger,151.283,-33.916
Acanthaluteres vittiger,144.74533,-38.1755
Acanthaluteres vittiger,150.733,-35.083
Acanthaluteres vittiger,122.09225,-33.93563
Acanthaluteres vittiger,148.32583,-38.92417
Acanthaluteres vittiger,137.09022,-34.81601
Acanthaluteres vittiger,144.231,-38.41
Acanthaluteres vittiger,147.3344,-43.0244
Acanthaluteres vittiger,147.34,-43.29
Acanthaluteres vittiger,151.11667,-34.06667
Acanthaluteres vittiger,148.2785,-41.20767
Acanthaluteres vittiger,121.8771,-33.89732
Acanthaluteres vittiger,142.866,-38.616
Acanthaluteres vittiger,147.536,-42.894
Acanthaluteres vittiger,126.05834,-33.275
Acanthaluteres vittiger,147.54033,-42.87483
Acanthaluteres vittiger,148.62379,-40.50813
Acanthaluteres vittiger,138.1,-35.6
Acanthaluteres vittiger,146.58167,-38.985
Acanthaluteres vittiger,153.333,-29.633
Acanthaluteres vittiger,147.7243,-40.13547
Acanthaluteres vittiger,145.654,-38.679
Acanthaluteres vittiger,148.26683,-42.12883
Acanthaluteres vittiger,148.30285,-41.86969
Acanthaluteres vittiger,115.63333,-31.78333
Acanthaluteres vittiger,137.67,-35.6417
Acanthaluteres vittiger,147.378,-43.09867
Acanthaluteres vittiger,149.9975,-37.28666
Acanthaluteres vittiger,122.01275,-33.9689
Acanthaluteres vittiger,151.133,-34.066
Acanthaluteres vittiger,147.45,-43.28
Acanthaluteres vittiger,115.68333,-32.28333
Acanthaluteres vittiger,146.45,-38.68
Acanthaluteres vittiger,136.9,-33.9792
Acanthaluteres vittiger,147.62517,-43.045
Acanthaluteres vittiger,148.29383,-41.32333
Acanthaluteres vittiger,121.88113,-33.91668
Acanthaluteres vittiger,146.572,-39.0167
Acanthaluteres vittiger,114.88387,-33.78619
Acanthaluteres vittiger,146.99438,-39.22445
Acanthaluteres vittiger,147.35417,-43.36217
Acanthaluteres vittiger,147.678,-42.9745
Acanthaluteres vittiger,147.33,-43.31
Acanthaluteres vittiger,148.26071,-42.17929
Acanthaluteres vittiger,137.0964,-34.83422
Acanthaluteres vittiger,147.98333,-42.3
Acanthaluteres vittiger,115.5935,-31.90967
Acanthaluteres vittiger,137.5,-33.75
Acanthaluteres vittiger,147.51,-43.08
Acanthaluteres vittiger,147.6675,-42.902
Acanthaluteres vittiger,136.120833,-35.341667
Acanthaluteres vittiger,146.58333,-39.00833
Acanthaluteres vittiger,147.74117,-42.94617
Acanthaluteres vittiger,147.40138,-43.12849
Acanthaluteres vittiger,115.01667,-33.98333
Acanthaluteres vittiger,119.59732,-34.164
Acanthaluteres vittiger,147.93832,-40.76247
Acanthaluteres vittiger,147.36883,-43.08717
Acanthaluteres vittiger,147.66117,-42.97083
Acanthaluteres vittiger,146.81955,-41.03787
Acanthaluteres vittiger,115.15,-34.28333
Acanthaluteres vittiger,147.34,-43.32
Acanthaluteres vittiger,114.83137,-33.98119
Acanthaluteres vittiger,149.266,-37.8
Acanthaluteres vittiger,147.37267,-43.065
Acanthaluteres vittiger,147.02135,-40.98029
Acanthaluteres vittiger,145.57,-38.72
Acanthaluteres vittiger,133.9007,-33.44167
Acanthaluteres vittiger,150.7,-35.2
Acanthaluteres vittiger,137.911,-35.40783
Acanthaluteres vittiger,147.5995,-42.90383
Acanthaluteres vittiger,144.71833,-37.99583
Acanthaluteres vittiger,115.355,-31.71603
Acanthaluteres vittiger,134.6464,-33.3342
Acanthaluteres vittiger,115.64399,-31.87849
Acanthaluteres vittiger,150.133,-37.166
Acanthaluteres vittiger,147.3285,-43.30033
Acanthaluteres vittiger,114.85387,-33.90619
Acanthaluteres vittiger,137.0859,-34.81902
Acanthaluteres vittiger,114.93387,-33.76369
Acanthaluteres vittiger,153.4,-29.333
Acanthaluteres vittiger,117,-20
Acanthaluteres vittiger,151.333,-33.833
Acanthaluteres vittiger,147.53,-43.09
Acanthaluteres vittiger,136.92,-37.68
Acanthaluteres vittiger,114.86887,-33.98119
Acanthaluteres vittiger,149.55394,-36.53591
Acanthaluteres vittiger,147.118,-39.3095
Acanthaluteres vittiger,138.2217,-35.7553
Acanthaluteres vittiger,152.517,-32.133
Acanthaluteres vittiger,119.581,-34.21815
Acanthaluteres vittiger,123.23677,-34.0374
Acanthaluteres vittiger,115.66667,-32.11667
Acanthaluteres vittiger,122.58797,-33.92188
Acanthaluteres vittiger,115.59349,-31.90966
Acanthaluteres vittiger,138.2161,-35.5106
Acanthaluteres vittiger,147.75599,-42.95049
Acanthaluteres vittiger,144.196,-38.416
Acanthaluteres vittiger,147.54133,-42.88167
Acanthaluteres vittiger,147.73367,-43.101
Acanthaluteres vittiger,147.57,-43.26
Acanthaluteres vittiger,118.18903,-34.95643
Acanthaluteres vittiger,115.45,-32.01667
Acanthaluteres vittiger,146.232,-39.09
Acanthaluteres vittiger,148.31752,-41.5816
Acanthaluteres vittiger,114.93333,-33.58333
Acanthaluteres vittiger,146.033,-38.85
Acanthaluteres vittiger,122.98345,-33.87776
Acanthaluteres vittiger,123.13443,-33.94046
Acanthaluteres vittiger,137.881,-34.5733
Acanthaluteres vittiger,147.64967,-42.96717
Acanthaluteres vittiger,145.54053,-40.89011
Acanthaluteres vittiger,122,-34.03333
Acanthaluteres vittiger,153.2,-30.06667
Acanthaluteres vittiger,145.03,-38.23
Acanthaluteres vittiger,148.283,-42.133
Acanthaluteres vittiger,147.33333,-43.32117
Acanthaluteres vittiger,147.73283,-43.11567
Acanthaluteres vittiger,148.33333,-41.25
Acanthaluteres vittiger,147.672,-42.9675
Acanthaluteres vittiger,147.40467,-43.12367
Acanthaluteres vittiger,119,-19
Acanthaluteres vittiger,114.8848,-34.13229
Acanthaluteres vittiger,118.09194,-19.10125
Acanthaluteres vittiger,122.02993,-33.97919
Acanthaluteres vittiger,148.08,-42.1345
Acanthaluteres vittiger,122.08945,-33.95318
Acanthaluteres vittiger,114.81637,-33.67869
Acanthaluteres vittiger,122.05,-34.03333
Acanthaluteres vittiger,114.78637,-34.06619
Acanthaluteres vittiger,147.73733,-42.92917
Acanthaluteres vittiger,149.385,-37.782
Acanthaluteres vittiger,114.86137,-33.98369
Acanthaluteres vittiger,147.5735,-42.93633
Acanthaluteres vittiger,117.96667,-35.05
Acanthaluteres vittiger,133.68445,-32.83403
Acanthaluteres vittiger,137.58,-33.5
Acanthaluteres vittiger,134.78,-34.82
Acanthaluteres vittiger,148.10283,-42.13217
Acanthaluteres vittiger,135.91667,-34.7
Acanthaluteres vittiger,114.80137,-33.72369
Acanthaluteres vittiger,114.87637,-33.83369
Acanthaluteres vittiger,147.84267,-42.88683
Acanthaluteres vittiger,148.32396,-41.25041
Acanthaluteres vittiger,149.2155,-39.469
Acanthaluteres vittiger,150.667007446,-35.0830001831
Acanthaluteres vittiger,115.01667,-33.53333
Acanthaluteres vittiger,118.18258,-34.95878
Acanthaluteres vittiger,115.55,-32.08333
Acanthaluteres vittiger,115.73333,-32.05
Acanthaluteres vittiger,139.85,-36.83333
Acanthaluteres vittiger,146.7097,-41.06141
Acanthaluteres vittiger,115.1666,-33.0166
Acanthaluteres vittiger,146.59918,-38.9975
Acanthaluteres vittiger,146.56916,-38.97666
Acanthaluteres vittiger,147.4285,-43.09033
Acanthaluteres vittiger,148.22,-42.22
Acanthaluteres vittiger,136.92,-33.68
Acanthaluteres vittiger,147.72683,-43.123
Acanthaluteres vittiger,118.18593,-34.95923
Acanthaluteres vittiger,114.84137,-33.66369
Acanthaluteres vittiger,136.72939,-34.19805
Acanthaluteres vittiger,148.33548,-41.25027
Acanthaluteres vittiger,137.16882,-34.67502
Acanthaluteres vittiger,148.28333,-41.22117
Acanthaluteres vittiger,144.92833,-38.08567
Acanthaluteres vittiger,147.53,-43.2
Acanthaluteres vittiger,149.964,-37.521
Acanthaluteres vittiger,147.31117,-43.137
Acanthaluteres vittiger,147.333,-43.361
Acanthaluteres vittiger,145.96962,-43.42177
Acanthaluteres vittiger,122.59778,-33.91607
Acanthaluteres vittiger,147.9427,-42.6125
Acanthaluteres vittiger,136.0723,-35.23137
Acanthaluteres vittiger,134.6,-33.28
Acanthaluteres vittiger,147.17931,-43.35424
Acanthaluteres vittiger,137.08811,-34.81747
Acanthaluteres vittiger,147.86083,-42.8805
Acanthaluteres vittiger,147.37,-43.04
Acanthaluteres vittiger,146.25,-39.08333
