species,decimalLongitude,decimalLatitude
Acanthurus grammoptilus,116.93693,-20.40554
Acanthurus grammoptilus,114.9396,-21.589
Acanthurus grammoptilus,115.58116,-20.38769
Acanthurus grammoptilus,114.61554,-21.67582
Acanthurus grammoptilus,113.8812,-22.1131
Acanthurus grammoptilus,115.22463,-20.74204
Acanthurus grammoptilus,113.83299,-22.24604
Acanthurus grammoptilus,117.5807,-19.4792
Acanthurus grammoptilus,113.96196,-21.91245
Acanthurus grammoptilus,115.59866,-20.41756
Acanthurus grammoptilus,153.35,-27.116667
Acanthurus grammoptilus,115.57713,-20.59954
Acanthurus grammoptilus,115.88273,-20.9153
Acanthurus grammoptilus,113.8789,-22.1091
Acanthurus grammoptilus,115.47426,-21.23208
Acanthurus grammoptilus,117.58067,-19.47917
Acanthurus grammoptilus,113.5503,-22.7345
Acanthurus grammoptilus,114.08777,-21.69635
Acanthurus grammoptilus,116.26415,-20.78334
Acanthurus grammoptilus,114.51847,-21.73669
Acanthurus grammoptilus,124.53694,-16.03
Acanthurus grammoptilus,115.1262,-21.5264
Acanthurus grammoptilus,117.3302,-19.5835
Acanthurus grammoptilus,115.46351,-20.45731
Acanthurus grammoptilus,113.8295,-22.237
Acanthurus grammoptilus,115.57509,-20.47938
Acanthurus grammoptilus,114.32933,-21.67213
Acanthurus grammoptilus,116.445,-20.29916
Acanthurus grammoptilus,116.7058,-19.9052
Acanthurus grammoptilus,116.29834,-19.935
Acanthurus grammoptilus,117.86583,-19.98
Acanthurus grammoptilus,115.50644,-20.34062
Acanthurus grammoptilus,116.62505,-20.43317
Acanthurus grammoptilus,113.82987,-22.24242
Acanthurus grammoptilus,117.5525,-19.6925
Acanthurus grammoptilus,118.77667,-19.53583
Acanthurus grammoptilus,113.8868,-22.0937
Acanthurus grammoptilus,116.7425,-19.77
Acanthurus grammoptilus,113.96905,-21.9133
Acanthurus grammoptilus,113.9671,-21.89498
Acanthurus grammoptilus,116.47276,-20.56075
Acanthurus grammoptilus,117.04167,-20.02167
Acanthurus grammoptilus,115.54465,-20.3517
Acanthurus grammoptilus,114.07748,-21.70252
Acanthurus grammoptilus,116.75334,-19.69333
Acanthurus grammoptilus,114.94671,-21.41839
Acanthurus grammoptilus,116.4577,-20.1898
Acanthurus grammoptilus,113.638598575259,-25.9522459340334
Acanthurus grammoptilus,116.5296,-20.5801
Acanthurus grammoptilus,115.2249,-20.298
Acanthurus grammoptilus,113.83843,-22.23203
Acanthurus grammoptilus,116.50213,-20.49921
Acanthurus grammoptilus,115.53468,-20.34561
Acanthurus grammoptilus,114.1606,-22.2973
Acanthurus grammoptilus,115.28701,-20.53235
Acanthurus grammoptilus,116.401,-20.0205
Acanthurus grammoptilus,116.83917,-20.12333
Acanthurus grammoptilus,116.77,-19.7975
Acanthurus grammoptilus,113.88905,-22.05046
Acanthurus grammoptilus,113.88486,-22.11151
Acanthurus grammoptilus,117.9833,-19.15
Acanthurus grammoptilus,121.2,-16.117
Acanthurus grammoptilus,116.8298,-19.4723
Acanthurus grammoptilus,122.233,-17.967
Acanthurus grammoptilus,115.89141,-20.91119
Acanthurus grammoptilus,150.9,-34.433
Acanthurus grammoptilus,113.53194,-22.69312
Acanthurus grammoptilus,115.84464,-20.9787
Acanthurus grammoptilus,116.55833,-19.6475
Acanthurus grammoptilus,114.76667,-21.7
Acanthurus grammoptilus,113.67966,-22.48201
Acanthurus grammoptilus,115.0569,-21.5694
Acanthurus grammoptilus,113.85265,-22.19662
Acanthurus grammoptilus,116.205,-20.0897
Acanthurus grammoptilus,113.8383,-22.2367
Acanthurus grammoptilus,114.60888,-21.59062
Acanthurus grammoptilus,113.96244,-21.91038
Acanthurus grammoptilus,117.67333000000001,-19.73833
Acanthurus grammoptilus,117.843,-19.7027
Acanthurus grammoptilus,114.6853,-21.6342
Acanthurus grammoptilus,113.71884,-22.41888
Acanthurus grammoptilus,116.54667,-20.04083
Acanthurus grammoptilus,114.1775,-21.8403
Acanthurus grammoptilus,113.8444,-22.204
Acanthurus grammoptilus,113.82997,-22.24111
Acanthurus grammoptilus,116.53333,-20.48333
Acanthurus grammoptilus,116.405,-20.625
Acanthurus grammoptilus,113.9559,-21.9038
Acanthurus grammoptilus,113.7498,-23.17435
Acanthurus grammoptilus,116.57971,-20.45865
Acanthurus grammoptilus,115.49838,-20.3658
Acanthurus grammoptilus,115.17875,-20.60971
Acanthurus grammoptilus,116.79833000000001,-19.62833
Acanthurus grammoptilus,114.932,-21.5854
Acanthurus grammoptilus,115.18252,-20.61623
Acanthurus grammoptilus,113.61783,-22.62548
Acanthurus grammoptilus,114.99523,-21.39129
Acanthurus grammoptilus,116.3033,-20.3366
Acanthurus grammoptilus,113.9648,-21.91088
Acanthurus grammoptilus,115.59556,-20.41234
Acanthurus grammoptilus,113.97569,-21.88869
Acanthurus grammoptilus,113.88355,-22.10392
Acanthurus grammoptilus,117.56,-19.82166
Acanthurus grammoptilus,116.15834,-19.92083
Acanthurus grammoptilus,113.61719,-22.62884
Acanthurus grammoptilus,113.8412,-22.2034
Acanthurus grammoptilus,115.77584,-19.9525
Acanthurus grammoptilus,116.62084,-19.79833
Acanthurus grammoptilus,113.6846,-22.48616
Acanthurus grammoptilus,116.03167,-20.26083
Acanthurus grammoptilus,117.03417,-20.05
Acanthurus grammoptilus,122.15,-17.56667
Acanthurus grammoptilus,123.45,-16.08333
Acanthurus grammoptilus,116.34084,-19.69
Acanthurus grammoptilus,114.73851,-21.54787
Acanthurus grammoptilus,116.0975,-19.84166
Acanthurus grammoptilus,113.8492,-22.2006
Acanthurus grammoptilus,116.5435,-20.5658
Acanthurus grammoptilus,117.72,-19.325
Acanthurus grammoptilus,115.85917,-20.66833
Acanthurus grammoptilus,124.54306,-15.93972
Acanthurus grammoptilus,113.88104,-22.10758
Acanthurus grammoptilus,116.30705,-20.75911
Acanthurus grammoptilus,113.8329,-22.2453
Acanthurus grammoptilus,115.7075,-20.11083
Acanthurus grammoptilus,115.33427,-20.373
Acanthurus grammoptilus,114.33823,-21.66335
Acanthurus grammoptilus,115.775,-20.40833
Acanthurus grammoptilus,114.60893,-21.59873
Acanthurus grammoptilus,114.38937,-21.61864
Acanthurus grammoptilus,114.14655,-21.78971
Acanthurus grammoptilus,113.88921,-22.09176
Acanthurus grammoptilus,113.8339,-22.2448
Acanthurus grammoptilus,113.83866,-22.2315
Acanthurus grammoptilus,113.83119,-22.2391
Acanthurus grammoptilus,116.52,-19.905
Acanthurus grammoptilus,119.0525,-19.0675
Acanthurus grammoptilus,115.96833,-19.99333
Acanthurus grammoptilus,113.96997,-21.91243
Acanthurus grammoptilus,114.9291,-21.5963
Acanthurus grammoptilus,117.58066,-19.47916
Acanthurus grammoptilus,116.6393,-19.9113
Acanthurus grammoptilus,115.65238,-21.09178
Acanthurus grammoptilus,113.8879,-22.096
Acanthurus grammoptilus,117.86667,-19.53333
Acanthurus grammoptilus,116.46583,-19.8
Acanthurus grammoptilus,115.725,-20.42083
Acanthurus grammoptilus,122.417,-16.417
Acanthurus grammoptilus,124.42778,-16.07777
Acanthurus grammoptilus,113.84969,-22.19815
Acanthurus grammoptilus,114.11116,-21.79682
Acanthurus grammoptilus,115.44891,-21.25556
Acanthurus grammoptilus,116.665,-19.7325
Acanthurus grammoptilus,116.02954,-20.8935
Acanthurus grammoptilus,153.41666,-27.46667
Acanthurus grammoptilus,114.30969,-21.68621
Acanthurus grammoptilus,113.84786,-22.20086
Acanthurus grammoptilus,115.57743,-20.38191
Acanthurus grammoptilus,114.90232,-21.4774
Acanthurus grammoptilus,114.34093,-21.66088
Acanthurus grammoptilus,114.17638,-21.85936
Acanthurus grammoptilus,118.67417,-19.2425
Acanthurus grammoptilus,115.92576,-20.87603
Acanthurus grammoptilus,114.17644,-21.78266
Acanthurus grammoptilus,115.40549,-20.211
Acanthurus grammoptilus,114.39768,-21.62155
Acanthurus grammoptilus,118.1477,-19.4313
Acanthurus grammoptilus,122.15,-17.35
Acanthurus grammoptilus,113.8873,-22.0948
Acanthurus grammoptilus,116.53333,-20.55
Acanthurus grammoptilus,117.62,-19.6825
Acanthurus grammoptilus,113.8306,-22.2369
Acanthurus grammoptilus,115.56171,-20.36467
Acanthurus grammoptilus,153.1,-29.5
Acanthurus grammoptilus,113.89012,-22.09117
Acanthurus grammoptilus,113.85289,-22.19506
Acanthurus grammoptilus,113.75168,-22.36148
Acanthurus grammoptilus,114.7808,-21.55143
Acanthurus grammoptilus,114.1373,-21.9804
Acanthurus grammoptilus,113.8494,-22.19996
Acanthurus grammoptilus,115.89183,-19.99099
Acanthurus grammoptilus,117.0125,-19.93083
Acanthurus grammoptilus,115.40136,-21.34782
Acanthurus grammoptilus,113.82892,-22.24323
Acanthurus grammoptilus,113.8329,-22.246
Acanthurus grammoptilus,113.88828,-22.09654
Acanthurus grammoptilus,114.8631,-21.57758
Acanthurus grammoptilus,113.61075,-22.6341
Acanthurus grammoptilus,114.8477,-21.58019
Acanthurus grammoptilus,117.6287,-19.2995
Acanthurus grammoptilus,113.82992,-22.24136
Acanthurus grammoptilus,116.83669,-20.35032
Acanthurus grammoptilus,114.59087,-21.70352
Acanthurus grammoptilus,113.8468,-22.2021
Acanthurus grammoptilus,115.16563,-20.58103
Acanthurus grammoptilus,116.5425,-20.5406
Acanthurus grammoptilus,113.84555,-22.20221
Acanthurus grammoptilus,116.4012,-20.6349
Acanthurus grammoptilus,116.38364,-20.71062
Acanthurus grammoptilus,113.96809,-21.90938
Acanthurus grammoptilus,118.11917,-19.14333
Acanthurus grammoptilus,113.8407,-22.2057
Acanthurus grammoptilus,116.125,-20.1
Acanthurus grammoptilus,113.84598,-22.20199
Acanthurus grammoptilus,115.45527,-21.24956
Acanthurus grammoptilus,113.77246,-23.30339
Acanthurus grammoptilus,116.38,-20.02833
Acanthurus grammoptilus,117.9425,-19.56333
Acanthurus grammoptilus,115.56504,-20.51542
Acanthurus grammoptilus,113.83333,-22.2426
Acanthurus grammoptilus,113.9647,-21.8919
Acanthurus grammoptilus,116.32,-20.25166
Acanthurus grammoptilus,113.93949,-21.95183
Acanthurus grammoptilus,118.055,-19.145
Acanthurus grammoptilus,113.8282,-22.2356
Acanthurus grammoptilus,114.97168,-21.40338
Acanthurus grammoptilus,113.84313,-22.20024
Acanthurus grammoptilus,113.8809,-22.1081
Acanthurus grammoptilus,117.34,-19.85666
Acanthurus grammoptilus,113.88731,-22.09441
Acanthurus grammoptilus,113.8301,-22.2409
Acanthurus grammoptilus,114.1759,-21.8425
Acanthurus grammoptilus,113.948,-21.8999
Acanthurus grammoptilus,116.30333,-20.33667
Acanthurus grammoptilus,113.8449,-22.1933
Acanthurus grammoptilus,113.9556,-21.9056
Acanthurus grammoptilus,115.89183,-19.991
Acanthurus grammoptilus,113.82863,-22.2413
Acanthurus grammoptilus,122.18333,-17.98333
Acanthurus grammoptilus,116.13333,-20.5575
Acanthurus grammoptilus,113.96,-21.9038
Acanthurus grammoptilus,115.1187,-21.5292
Acanthurus grammoptilus,115.985,-19.94166
Acanthurus grammoptilus,113.83142,-22.25247
Acanthurus grammoptilus,115.78917,-20.09333
Acanthurus grammoptilus,113.95608,-21.91895
Acanthurus grammoptilus,113.88878,-22.09207
Acanthurus grammoptilus,116.077,-20.13
Acanthurus grammoptilus,116.47,-19.62166
Acanthurus grammoptilus,113.829,-22.2438
Acanthurus grammoptilus,114.64913,-21.64463
Acanthurus grammoptilus,113.77252,-23.336
Acanthurus grammoptilus,113.8297,-22.2426
Acanthurus grammoptilus,117.10083,-19.875
Acanthurus grammoptilus,113.8767,-22.1118
Acanthurus grammoptilus,114.51666,-22.1
Acanthurus grammoptilus,113.88088,-22.1028
Acanthurus grammoptilus,115.48709,-20.40481
Acanthurus grammoptilus,113.96495,-21.9113
Acanthurus grammoptilus,113.9494,-21.9227
Acanthurus grammoptilus,116.99917,-19.79166
Acanthurus grammoptilus,113.83065,-22.23772
Acanthurus grammoptilus,113.8289,-22.2459
Acanthurus grammoptilus,113.67504,-22.46724
Acanthurus grammoptilus,113.88814,-22.09652
Acanthurus grammoptilus,113.85281,-22.19558
Acanthurus grammoptilus,113.8773,-22.1124
Acanthurus grammoptilus,113.69625,-22.7788
Acanthurus grammoptilus,115.53694,-20.47583
Acanthurus grammoptilus,115.58067,-20.57063
Acanthurus grammoptilus,113.84712,-22.20164
Acanthurus grammoptilus,115.90833,-20.03916
Acanthurus grammoptilus,115.7625,-19.95166
Acanthurus grammoptilus,113.88469,-22.11211
Acanthurus grammoptilus,113.9583,-21.9085
Acanthurus grammoptilus,116.50167,-19.74417
Acanthurus grammoptilus,116.3375,-20.38666
Acanthurus grammoptilus,113.87724,-22.10885
Acanthurus grammoptilus,116.56441,-20.46483
Acanthurus grammoptilus,116.8221,-20.36128
Acanthurus grammoptilus,116.634,-19.9715
Acanthurus grammoptilus,115.30709,-20.352
Acanthurus grammoptilus,116.63334,-19.79917
Acanthurus grammoptilus,116.08218,-20.80063
Acanthurus grammoptilus,115.49168,-20.40098
Acanthurus grammoptilus,113.85463,-22.19455
Acanthurus grammoptilus,114.4134,-21.9503
Acanthurus grammoptilus,114.32226,-21.67624
Acanthurus grammoptilus,117.38334,-19.98333
Acanthurus grammoptilus,116.5287,-19.7782
Acanthurus grammoptilus,116.407,-20.6437
Acanthurus grammoptilus,117.43917,-19.5875
Acanthurus grammoptilus,116.4494,-20.6548
Acanthurus grammoptilus,113.95964,-21.90435
Acanthurus grammoptilus,115.1659,-21.327
Acanthurus grammoptilus,116.7297,-19.744
Acanthurus grammoptilus,113.64932,-22.711
Acanthurus grammoptilus,113.95917,-21.90484
Acanthurus grammoptilus,113.8313,-22.25312
Acanthurus grammoptilus,114.34235,-21.66
Acanthurus grammoptilus,113.76941,-23.02129
Acanthurus grammoptilus,117.7525,-19.66167
Acanthurus grammoptilus,115.56897,-20.37152
Acanthurus grammoptilus,113.8777,-22.1112
Acanthurus grammoptilus,115.19741,-20.89828
Acanthurus grammoptilus,117.585,-19.4975
Acanthurus grammoptilus,115.17265,-21.315
Acanthurus grammoptilus,113.8298,-22.2426
Acanthurus grammoptilus,117.90983,-19.237
Acanthurus grammoptilus,115.1641,-21.3206
Acanthurus grammoptilus,124.46417,-16.10972
Acanthurus grammoptilus,113.96145,-21.91091
Acanthurus grammoptilus,116.46667,-19.925
Acanthurus grammoptilus,113.8289,-22.2363
Acanthurus grammoptilus,115.9042,-19.9783
Acanthurus grammoptilus,113.8334,-22.2427
Acanthurus grammoptilus,113.88778,-22.09548
Acanthurus grammoptilus,113.82983,-22.24281
Acanthurus grammoptilus,117.13167,-19.76833
Acanthurus grammoptilus,118.53667,-19.37416
Acanthurus grammoptilus,116.53584,-19.78583
Acanthurus grammoptilus,114.61296,-21.58816
Acanthurus grammoptilus,113.8481,-22.1935
Acanthurus grammoptilus,113.9444,-21.9
Acanthurus grammoptilus,116.63834,-19.6125
Acanthurus grammoptilus,114.30074,-21.70194
Acanthurus grammoptilus,116.535,-19.6915
Acanthurus grammoptilus,113.83311,-22.24318
Acanthurus grammoptilus,115.54917,-20.2325
Acanthurus grammoptilus,153.35,-27.11666
Acanthurus grammoptilus,115.43041,-20.56051
Acanthurus grammoptilus,117.48583000000001,-19.90166
Acanthurus grammoptilus,114.689,-21.6319
Acanthurus grammoptilus,113.8507,-22.19256
Acanthurus grammoptilus,113.88802,-22.096
Acanthurus grammoptilus,113.84316,-22.20047
Acanthurus grammoptilus,124.48389,-16.06861
Acanthurus grammoptilus,118.13917,-19.15666
Acanthurus grammoptilus,117.0318,-20
Acanthurus grammoptilus,115.49733,-20.3775
Acanthurus grammoptilus,113.8434,-22.1997
Acanthurus grammoptilus,121.43334,-17.625
Acanthurus grammoptilus,118.08584,-19.48333
Acanthurus grammoptilus,118.16417,-19.38833
Acanthurus grammoptilus,116.79184,-20.37725
Acanthurus grammoptilus,116.556,-20.5697
Acanthurus grammoptilus,118.445,-19.46333
Acanthurus grammoptilus,116.1275,-19.8775
Acanthurus grammoptilus,117.286,-19.8607
Acanthurus grammoptilus,113.884,-22.1128
Acanthurus grammoptilus,116.01667,-20.12417
Acanthurus grammoptilus,116.44834,-20.42333
Acanthurus grammoptilus,118.60667,-19.28667
Acanthurus grammoptilus,113.85179,-22.16277
Acanthurus grammoptilus,118.35,-19.58333
Acanthurus grammoptilus,124.41694,-16.13194
Acanthurus grammoptilus,113.8417,-22.2026
Acanthurus grammoptilus,116.71167,-19.77667
Acanthurus grammoptilus,116.0387,-20.2032
Acanthurus grammoptilus,114.41884,-21.69464
Acanthurus grammoptilus,116.4486,-20.58363
Acanthurus grammoptilus,117.69417,-19.58833
Acanthurus grammoptilus,113.58574,-22.60506
Acanthurus grammoptilus,113.8503,-22.20407
Acanthurus grammoptilus,113.67763,-22.49038
Acanthurus grammoptilus,115.2097,-21.3021
Acanthurus grammoptilus,113.9673,-21.9106
Acanthurus grammoptilus,113.8299,-22.2422
Acanthurus grammoptilus,114.42669,-21.70293
Acanthurus grammoptilus,118.04,-19.41166
Acanthurus grammoptilus,115.58952,-20.40385
Acanthurus grammoptilus,115.35425,-20.242
Acanthurus grammoptilus,114.18437,-21.83134
Acanthurus grammoptilus,113.8823,-22.106
Acanthurus grammoptilus,113.9653,-21.9104
Acanthurus grammoptilus,115.77108,-21.04613
Acanthurus grammoptilus,118.32,-19.44166
Acanthurus grammoptilus,113.83127,-22.23803
Acanthurus grammoptilus,113.95393,-21.90258
Acanthurus grammoptilus,113.77187,-23.3608
Acanthurus grammoptilus,113.89032,-22.09365
Acanthurus grammoptilus,115.1609,-21.3221
Acanthurus grammoptilus,116.765,-19.6125
Acanthurus grammoptilus,117.85917,-19.57
Acanthurus grammoptilus,116.33173,-20.74473
Acanthurus grammoptilus,113.84271,-22.20127
Acanthurus grammoptilus,115.58034,-20.56197
Acanthurus grammoptilus,113.84973,-22.19304
Acanthurus grammoptilus,115.52405,-20.34232
Acanthurus grammoptilus,116.57470000000001,-19.7823
Acanthurus grammoptilus,118.61584,-19.27
Acanthurus grammoptilus,113.888,-22.0962
Acanthurus grammoptilus,116.425,-19.85583
Acanthurus grammoptilus,115.0723,-21.608
Acanthurus grammoptilus,113.76133,-22.3407
Acanthurus grammoptilus,113.8791,-22.1078
Acanthurus grammoptilus,113.95896,-21.90822
Acanthurus grammoptilus,113.83292,-22.24423
Acanthurus grammoptilus,113.8509,-22.2021
Acanthurus grammoptilus,118.81334,-19.30583
Acanthurus grammoptilus,113.83,-22.242
Acanthurus grammoptilus,115.56614,-20.52321
Acanthurus grammoptilus,113.8785,-22.1102
Acanthurus grammoptilus,113.61808,-22.6164
Acanthurus grammoptilus,113.82995,-22.24159
Acanthurus grammoptilus,114.98907,-21.32217
Acanthurus grammoptilus,116.4365,-20.0728
Acanthurus grammoptilus,116.80821,-20.3694
Acanthurus grammoptilus,113.8481,-22.2015
Acanthurus grammoptilus,115.58069,-20.58195
Acanthurus grammoptilus,116.43417,-20.375
Acanthurus grammoptilus,116.12,-20.1
Acanthurus grammoptilus,113.88448,-22.11272
Acanthurus grammoptilus,114.71112,-21.56118
Acanthurus grammoptilus,113.87843,-22.11034
Acanthurus grammoptilus,113.8776,-22.1058
Acanthurus grammoptilus,116.19917,-20.28333
Acanthurus grammoptilus,115.95,-20.225
Acanthurus grammoptilus,113.84915,-22.19339
Acanthurus grammoptilus,113.88764,-22.09547
Acanthurus grammoptilus,117.5955,-19.4712
Acanthurus grammoptilus,117.8125,-19.80083
Acanthurus grammoptilus,114.4188,-21.9479
Acanthurus grammoptilus,113.61391,-22.63421
Acanthurus grammoptilus,113.83794,-22.23561
Acanthurus grammoptilus,113.83387,-22.24453
Acanthurus grammoptilus,118.1,-19.68916
Acanthurus grammoptilus,116.4442,-20.2437
Acanthurus grammoptilus,116.06167,-20.13417
Acanthurus grammoptilus,114.61673,-21.58749
Acanthurus grammoptilus,113.84629,-22.20202
Acanthurus grammoptilus,113.85481,-22.19366
Acanthurus grammoptilus,113.41667,-24.48333
Acanthurus grammoptilus,115.96167,-20.47916
Acanthurus grammoptilus,113.8895,-22.0946
Acanthurus grammoptilus,117.93,-19.2245
Acanthurus grammoptilus,113.88964,-22.09149
Acanthurus grammoptilus,115.35444,-20.227
Acanthurus grammoptilus,113.89007,-22.09315
Acanthurus grammoptilus,113.95454,-21.90166
Acanthurus grammoptilus,118.32833,-19.57666
Acanthurus grammoptilus,116.69167,-19.59166
Acanthurus grammoptilus,113.82989,-22.24191
Acanthurus grammoptilus,116.6075,-19.99583
Acanthurus grammoptilus,116.447,-20.6514
Acanthurus grammoptilus,114.60841,-21.65925
Acanthurus grammoptilus,113.8511,-22.1922
Acanthurus grammoptilus,115.46586,-20.45141
Acanthurus grammoptilus,116.381,-20.0478
Acanthurus grammoptilus,116.4113,-20.6561
Acanthurus grammoptilus,113.9549,-21.9107
Acanthurus grammoptilus,113.88,-22.1103
Acanthurus grammoptilus,113.84458,-22.17285
Acanthurus grammoptilus,116.51711,-20.49038
Acanthurus grammoptilus,113.87042,-22.1198
Acanthurus grammoptilus,113.83295,-22.24382
Acanthurus grammoptilus,115.2182,-21.4853
Acanthurus grammoptilus,113.87943,-22.10848
Acanthurus grammoptilus,113.84987,-22.19328
Acanthurus grammoptilus,117.96417,-19.50833
Acanthurus grammoptilus,113.8896,-22.0953
Acanthurus grammoptilus,116.83333,-20.4
Acanthurus grammoptilus,117.97333,-20.19166
Acanthurus grammoptilus,113.84459,-22.20303
Acanthurus grammoptilus,115.26667,-20.175
Acanthurus grammoptilus,118.81334,-19.01083
Acanthurus grammoptilus,153.4,-27.5
Acanthurus grammoptilus,113.83804,-22.23504
Acanthurus grammoptilus,113.83549,-22.21834
Acanthurus grammoptilus,114.95687,-21.41397
Acanthurus grammoptilus,152.666,-29.483
Acanthurus grammoptilus,115.0782,-21.608
Acanthurus grammoptilus,113.8845,-22.0919
Acanthurus grammoptilus,113.82999,-22.24081
Acanthurus grammoptilus,116.5023,-20.5738
Acanthurus grammoptilus,115.316,-20.2
Acanthurus grammoptilus,116.5975,-19.94667
Acanthurus grammoptilus,113.9587,-21.90529
Acanthurus grammoptilus,113.8312,-22.2375
Acanthurus grammoptilus,116.3974,-20.7002
Acanthurus grammoptilus,113.79707,-22.21295
Acanthurus grammoptilus,113.8844,-22.1119
Acanthurus grammoptilus,116.16917,-19.87917
Acanthurus grammoptilus,113.96095,-21.91116
Acanthurus grammoptilus,116.45917,-20.0925
Acanthurus grammoptilus,115.94667,-20.2325
Acanthurus grammoptilus,113.82935,-22.24358
Acanthurus grammoptilus,117.09167,-19.97583
Acanthurus grammoptilus,113.833,-22.2459
Acanthurus grammoptilus,113.829,-22.2437
Acanthurus grammoptilus,113.889,-22.0916
Acanthurus grammoptilus,113.8329,-22.2437
Acanthurus grammoptilus,113.84958,-22.20319
Acanthurus grammoptilus,116.5665,-20.5744
Acanthurus grammoptilus,118.6066,-19.2866
Acanthurus grammoptilus,113.89023,-22.09415
Acanthurus grammoptilus,113.84942,-22.19368
Acanthurus grammoptilus,113.9631,-21.912
Acanthurus grammoptilus,113.955,-21.9129
Acanthurus grammoptilus,113.8436,-22.19915
Acanthurus grammoptilus,116.5366,-20.6212
Acanthurus grammoptilus,114.66246,-21.57197
Acanthurus grammoptilus,113.87577,-22.11287
Acanthurus grammoptilus,124.27472,-16.24027
Acanthurus grammoptilus,114.36055,-21.63742
Acanthurus grammoptilus,115.0086,-21.5648
Acanthurus grammoptilus,113.8286,-22.2448
Acanthurus grammoptilus,113.8424,-22.2024
Acanthurus grammoptilus,122.23333,-17.96667
Acanthurus grammoptilus,118.01334,-19.41166
Acanthurus grammoptilus,117.22334,-19.53667
Acanthurus grammoptilus,116.58333,-20.48333
Acanthurus grammoptilus,113.8302,-22.2362
Acanthurus grammoptilus,113.88005,-22.10448
Acanthurus grammoptilus,113.94831,-21.90204
Acanthurus grammoptilus,113.8304,-22.2412
Acanthurus grammoptilus,113.61808,-22.6223
Acanthurus grammoptilus,115.725,-20.34166
Acanthurus grammoptilus,116.23583000000001,-20.2225
Acanthurus grammoptilus,116.65917,-19.81
Acanthurus grammoptilus,113.95821,-21.90575
Acanthurus grammoptilus,117.98333,-19.15
Acanthurus grammoptilus,113.88267,-22.10375
Acanthurus grammoptilus,113.79326,-22.30454
Acanthurus grammoptilus,113.88083,-22.10361
Acanthurus grammoptilus,117.91833,-19.72416
Acanthurus grammoptilus,116.4303,-20.6723
Acanthurus grammoptilus,115.66249,-21.0858
Acanthurus grammoptilus,113.83,-22.2411
Acanthurus grammoptilus,113.8299,-22.2413
Acanthurus grammoptilus,117.89917,-19.56833
Acanthurus grammoptilus,113.82866,-22.24213
Acanthurus grammoptilus,117.58084,-19.4775
Acanthurus grammoptilus,118.61583,-19.70333
Acanthurus grammoptilus,113.77281,-23.43996
Acanthurus grammoptilus,113.89326,-22.03286
Acanthurus grammoptilus,116.60584,-20.15417
Acanthurus grammoptilus,115.49209,-20.38344
Acanthurus grammoptilus,113.8411,-22.2058
Acanthurus grammoptilus,118.90334,-19.44833
Acanthurus grammoptilus,116.4083,-20.6797
Acanthurus grammoptilus,113.8763,-22.1143
Acanthurus grammoptilus,113.88427,-22.11336
Acanthurus grammoptilus,123.35305,-15.71111
Acanthurus grammoptilus,113.89002,-22.09419
Acanthurus grammoptilus,113.96545,-21.91089
Acanthurus grammoptilus,118.59417,-19.08333
Acanthurus grammoptilus,116.4375,-20.30333
Acanthurus grammoptilus,118.855,-19.02666
Acanthurus grammoptilus,113.82911,-22.2431
Acanthurus grammoptilus,113.83365,-22.24444
Acanthurus grammoptilus,116.53333,-20.46667
Acanthurus grammoptilus,115.88417,-20.09916
Acanthurus grammoptilus,113.7695,-23.26862
Acanthurus grammoptilus,114.70795,-21.56058
Acanthurus grammoptilus,113.9648,-21.9102
Acanthurus grammoptilus,113.8299,-22.2421
Acanthurus grammoptilus,114.7597,-21.5304
Acanthurus grammoptilus,116.30834,-20.30833
Acanthurus grammoptilus,115.25,-20.40916
Acanthurus grammoptilus,113.84299,-22.20153
Acanthurus grammoptilus,115.85173,-20.97391
Acanthurus grammoptilus,116.6752,-19.9268
Acanthurus grammoptilus,113.87812,-22.10791
Acanthurus grammoptilus,113.72921,-23.08415
Acanthurus grammoptilus,116.20667,-20.18333
Acanthurus grammoptilus,113.8301,-22.2433
Acanthurus grammoptilus,114.15354,-21.78292
Acanthurus grammoptilus,113.88735,-22.09502
Acanthurus grammoptilus,113.8531,-22.1952
Acanthurus grammoptilus,116.4875,-19.62416
Acanthurus grammoptilus,116.40167,-20.13
Acanthurus grammoptilus,114.36463,-21.63458
Acanthurus grammoptilus,115.34729,-20.17001
Acanthurus grammoptilus,113.83853,-22.19729
Acanthurus grammoptilus,113.78796,-22.29185
Acanthurus grammoptilus,118.92167,-19.465
Acanthurus grammoptilus,113.9663,-21.9109
Acanthurus grammoptilus,118.78334,-19.21666
Acanthurus grammoptilus,116.35167,-20.04667
Acanthurus grammoptilus,117.71417,-19.36666
Acanthurus grammoptilus,118.1225,-19.33416
Acanthurus grammoptilus,118.12667,-19.43667
Acanthurus grammoptilus,117.26417,-19.64916
Acanthurus grammoptilus,116.70167,-19.67
Acanthurus grammoptilus,113.8424,-22.201
Acanthurus grammoptilus,113.8291,-22.2429
Acanthurus grammoptilus,115.30126,-20.322
Acanthurus grammoptilus,113.83,-22.2435
Acanthurus grammoptilus,116.14833,-20.20417
Acanthurus grammoptilus,113.88712,-22.09535
Acanthurus grammoptilus,113.8299,-22.24256
Acanthurus grammoptilus,113.9544,-21.9011
Acanthurus grammoptilus,116.73167,-19.55166
Acanthurus grammoptilus,114.31856,-21.67856
Acanthurus grammoptilus,113.8315,-22.2383
Acanthurus grammoptilus,114.15549,-21.78084
Acanthurus grammoptilus,116.0875,-20.10916
Acanthurus grammoptilus,115.49133,-20.41599
Acanthurus grammoptilus,113.8457,-22.2002
Acanthurus grammoptilus,118.10917,-19.31333
Acanthurus grammoptilus,113.9562,-21.9111
Acanthurus grammoptilus,113.88789,-22.09267
Acanthurus grammoptilus,113.6614,-22.72795
Acanthurus grammoptilus,116.1225,-20.14167
Acanthurus grammoptilus,113.85029,-22.19292
Acanthurus grammoptilus,117.69584,-19.38083
Acanthurus grammoptilus,116.1935,-20.1075
Acanthurus grammoptilus,122.66667,-16.85
Acanthurus grammoptilus,113.85919,-22.14266
Acanthurus grammoptilus,113.85298,-22.19452
Acanthurus grammoptilus,114.61223,-21.65982
Acanthurus grammoptilus,113.8472,-22.2019
Acanthurus grammoptilus,117.76667,-19.51166
Acanthurus grammoptilus,113.96808,-21.90952
Acanthurus grammoptilus,113.8487,-22.194
Acanthurus grammoptilus,122.183,-17.983
Acanthurus grammoptilus,114.937,-21.5854
Acanthurus grammoptilus,115.1682,-21.3265
Acanthurus grammoptilus,115.46747,-20.44638
Acanthurus grammoptilus,113.8784,-22.1099
Acanthurus grammoptilus,113.87906,-22.10945
Acanthurus grammoptilus,118.18,-19.28583
Acanthurus grammoptilus,113.74005,-22.3838
Acanthurus grammoptilus,113.76572,-23.00515
Acanthurus grammoptilus,115.77834,-20.16
Acanthurus grammoptilus,115.2034,-21.5186
Acanthurus grammoptilus,113.8461,-22.199
Acanthurus grammoptilus,116.69667,-19.69083
Acanthurus grammoptilus,116.72083,-19.545
Acanthurus grammoptilus,115.49687,-20.37016
Acanthurus grammoptilus,116.59334,-19.94833
Acanthurus grammoptilus,116.19349,-20.10749
Acanthurus grammoptilus,113.833,-22.2444
Acanthurus grammoptilus,114.7623,-21.5311
Acanthurus grammoptilus,115.48667,-20.42087
Acanthurus grammoptilus,116.59583,-20.05167
Acanthurus grammoptilus,116.55278,-20.53333
Acanthurus grammoptilus,115.15061,-21.31671
Acanthurus grammoptilus,118.54417,-19.28333
Acanthurus grammoptilus,116.6668,-20.4598
Acanthurus grammoptilus,113.82643,-22.25077
Acanthurus grammoptilus,113.84324,-22.19997
Acanthurus grammoptilus,116.78917,-20.05583
Acanthurus grammoptilus,113.61357,-22.63925
Acanthurus grammoptilus,113.83,-22.24057
Acanthurus grammoptilus,121.40833,-18.5
Acanthurus grammoptilus,116.1525,-20.1725
Acanthurus grammoptilus,113.82877,-22.24428
Acanthurus grammoptilus,115.68333,-20.015
Acanthurus grammoptilus,117.755,-19.44166
Acanthurus grammoptilus,116.82084,-19.7225
Acanthurus grammoptilus,113.8786,-22.1134
Acanthurus grammoptilus,116.91276,-20.39742
Acanthurus grammoptilus,117.2525,-19.72583
Acanthurus grammoptilus,118.35834,-19.75833
Acanthurus grammoptilus,114.691,-21.6299
Acanthurus grammoptilus,115.1237,-21.5276
Acanthurus grammoptilus,113.88054,-22.10376
Acanthurus grammoptilus,113.546,-22.7252
Acanthurus grammoptilus,113.83294,-22.24555
Acanthurus grammoptilus,113.8426,-22.2013
Acanthurus grammoptilus,113.8418,-22.2034
Acanthurus grammoptilus,113.8521,-22.1961
Acanthurus grammoptilus,113.95603,-21.91316
Acanthurus grammoptilus,116.7725,-20.175
Acanthurus grammoptilus,113.88463,-22.10982
Acanthurus grammoptilus,113.96648,-21.91008
Acanthurus grammoptilus,113.88345,-22.11414
Acanthurus grammoptilus,113.96195,-21.91066
Acanthurus grammoptilus,113.83092,-22.2386
Acanthurus grammoptilus,118.44333,-19.01583
Acanthurus grammoptilus,115.74667,-20.12917
Acanthurus grammoptilus,153.416667,-27.466667
Acanthurus grammoptilus,113.8435,-22.199
Acanthurus grammoptilus,116.3857,-20.028
Acanthurus grammoptilus,116.3776,-20.0882
Acanthurus grammoptilus,113.82856,-22.24158
Acanthurus grammoptilus,114.77314,-21.51437
Acanthurus grammoptilus,113.88435,-22.11029
Acanthurus grammoptilus,113.8532,-22.195
Acanthurus grammoptilus,115.2213,-21.4844
Acanthurus grammoptilus,115.7642,-21.06225
Acanthurus grammoptilus,113.89005,-22.09514
Acanthurus grammoptilus,116.36333,-19.6875
Acanthurus grammoptilus,114.34541,-21.65725
Acanthurus grammoptilus,113.8794,-22.108
Acanthurus grammoptilus,117.36667,-19.65917
Acanthurus grammoptilus,115.73333,-20.4
Acanthurus grammoptilus,114.62079,-21.58948
Acanthurus grammoptilus,118.14767,-19.43133
Acanthurus grammoptilus,114.33933,-21.6625
Acanthurus grammoptilus,113.8329,-22.2442
Acanthurus grammoptilus,117.88333,-19.65
Acanthurus grammoptilus,113.88,-22.1089
Acanthurus grammoptilus,113.82991,-22.24186
Acanthurus grammoptilus,115.0326,-21.4515
Acanthurus grammoptilus,113.73554,-22.39576
Acanthurus grammoptilus,113.84913,-22.20466
Acanthurus grammoptilus,116.5428,-20.6198
Acanthurus grammoptilus,113.8499,-22.2045
Acanthurus grammoptilus,113.85082,-22.19243
Acanthurus grammoptilus,115.54955,-20.356
Acanthurus grammoptilus,115.15882,-21.31644
Acanthurus grammoptilus,118.91417,-19.46416
Acanthurus grammoptilus,116.89417,-20.12917
Acanthurus grammoptilus,114.87592,-21.49553
Acanthurus grammoptilus,116.6162,-20.4886
Acanthurus grammoptilus,116.15,-20.1
Acanthurus grammoptilus,115.46988,-20.255
Acanthurus grammoptilus,115.9625,-19.84416
Acanthurus grammoptilus,117.90983,-19.23699
Acanthurus grammoptilus,113.84614,-22.19955
Acanthurus grammoptilus,113.96041,-21.91142
Acanthurus grammoptilus,113.8286,-22.24482
Acanthurus grammoptilus,117.2125,-19.76583
Acanthurus grammoptilus,113.9509,-21.9047
Acanthurus grammoptilus,117.05417,-19.995
Acanthurus grammoptilus,113.95666,-21.9177
Acanthurus grammoptilus,115.29167,-20.18333
Acanthurus grammoptilus,115.25584,-20.1575
Acanthurus grammoptilus,113.82884,-22.2426
Acanthurus grammoptilus,113.9575,-21.9026
Acanthurus grammoptilus,115.56441,-20.50507
Acanthurus grammoptilus,113.9453,-21.899
Acanthurus grammoptilus,113.94970000000001,-21.9055
Acanthurus grammoptilus,113.78333,-28.48333
Acanthurus grammoptilus,113.87768,-22.10837
Acanthurus grammoptilus,115.33738,-20.452
Acanthurus grammoptilus,116.55417,-19.68667
Acanthurus grammoptilus,114.10472,-21.79931
Acanthurus grammoptilus,115.57367,-20.37763
Acanthurus grammoptilus,113.8298,-22.2441
Acanthurus grammoptilus,113.83306,-22.24325
Acanthurus grammoptilus,118.83583,-19.50916
Acanthurus grammoptilus,117.17167,-20.04583
Acanthurus grammoptilus,113.83054,-22.2372
Acanthurus grammoptilus,113.82994,-22.24133
Acanthurus grammoptilus,113.83443,-22.24607
Acanthurus grammoptilus,113.9657,-21.9101
Acanthurus grammoptilus,113.16667,-26.13333
Acanthurus grammoptilus,115.1161,-21.5246
Acanthurus grammoptilus,117.46084,-19.88583
Acanthurus grammoptilus,116.965,-19.76166
Acanthurus grammoptilus,115.17565,-20.60278
Acanthurus grammoptilus,117.53334,-20.29083
Acanthurus grammoptilus,113.84332,-22.19947
Acanthurus grammoptilus,116.51834,-19.75333
Acanthurus grammoptilus,117.935,-20.175
Acanthurus grammoptilus,115.5017,-20.35543
Acanthurus grammoptilus,113.9547,-21.91658
Acanthurus grammoptilus,114.97619,-21.39784
Acanthurus grammoptilus,116.45897,-20.62107
Acanthurus grammoptilus,118.61084,-19.43833
Acanthurus grammoptilus,118.43583,-19.95
Acanthurus grammoptilus,113.85466,-22.19328
Acanthurus grammoptilus,116.4275,-20.29833
Acanthurus grammoptilus,123.03333,-16.36667
Acanthurus grammoptilus,118.14766,-19.43133
Acanthurus grammoptilus,113.8848,-22.11336
Acanthurus grammoptilus,115.0703,-21.6096
Acanthurus grammoptilus,113.88995,-22.09565
Acanthurus grammoptilus,113.8298,-22.24206
Acanthurus grammoptilus,113.89005,-22.09366
Acanthurus grammoptilus,113.94276,-21.90025
Acanthurus grammoptilus,113.88276,-22.10521
Acanthurus grammoptilus,115.92167,-20.28583
Acanthurus grammoptilus,116.55333,-19.64417
Acanthurus grammoptilus,113.9531,-21.902
Acanthurus grammoptilus,113.8291,-22.2426
Acanthurus grammoptilus,113.88397,-22.11416
Acanthurus grammoptilus,115.229,-21.4865
Acanthurus grammoptilus,116.53611,-20.61666
Acanthurus grammoptilus,114.74546,-21.52811
Acanthurus grammoptilus,113.85016,-22.19509
Acanthurus grammoptilus,117.32834,-19.795
Acanthurus grammoptilus,115.31667,-20.2
Acanthurus grammoptilus,113.84978,-22.20634
Acanthurus grammoptilus,116.69167,-20.00833
Acanthurus grammoptilus,115.5175,-19.92583
Acanthurus grammoptilus,113.96675,-21.9109
Acanthurus grammoptilus,117.8275,-19.62667
Acanthurus grammoptilus,117.275,-19.73333
Acanthurus grammoptilus,113.9622,-21.8886
Acanthurus grammoptilus,115.63667,-20.14833
Acanthurus grammoptilus,113.95439,-21.91715
Acanthurus grammoptilus,113.84588,-22.20222
Acanthurus grammoptilus,113.83005,-22.24336
Acanthurus grammoptilus,113.68818,-22.76442
Acanthurus grammoptilus,114.6829,-21.6349
Acanthurus grammoptilus,117.00333,-19.98083
Acanthurus grammoptilus,116.49417,-19.81833
Acanthurus grammoptilus,113.8827,-22.11558
Acanthurus grammoptilus,118.4,-19.475
Acanthurus grammoptilus,113.8785,-22.1113
Acanthurus grammoptilus,114.9947,-21.31292
Acanthurus grammoptilus,113.82978,-22.24313
Acanthurus grammoptilus,117.2525,-19.58833
Acanthurus grammoptilus,116.58667,-19.91
Acanthurus grammoptilus,117.56333,-20.06916
Acanthurus grammoptilus,113.82985,-22.24212
Acanthurus grammoptilus,116.8025,-19.9573
