species,decimalLongitude,decimalLatitude
Acanthurus dussumieri,113.88467,-22.0677
Acanthurus dussumieri,113.96832,-21.90944
Acanthurus dussumieri,114.29943,-21.70695
Acanthurus dussumieri,113.96596,-21.9105
Acanthurus dussumieri,122.23333,-17.96667
Acanthurus dussumieri,153.58249,-28.258
Acanthurus dussumieri,113.76941,-23.02129
Acanthurus dussumieri,113.69625,-22.7788
Acanthurus dussumieri,114.15549,-21.78084
Acanthurus dussumieri,114.30969,-21.68621
Acanthurus dussumieri,115.59866,-20.41756
Acanthurus dussumieri,114.98525,-21.32917
Acanthurus dussumieri,116.53333,-20.48333
Acanthurus dussumieri,114.88738,-21.48864
Acanthurus dussumieri,113.94276,-21.90025
Acanthurus dussumieri,113.7498,-23.17435
Acanthurus dussumieri,113.71694,-22.83163
Acanthurus dussumieri,114.59087,-21.70352
Acanthurus dussumieri,116.62505,-20.43317
Acanthurus dussumieri,113.95721,-21.91241
Acanthurus dussumieri,114.14655,-21.78971
Acanthurus dussumieri,115.53468,-20.34561
Acanthurus dussumieri,113.75875,-23.16108
Acanthurus dussumieri,114.1514,-21.78504
Acanthurus dussumieri,114.30074,-21.70194
Acanthurus dussumieri,113.83,-22.24057
Acanthurus dussumieri,113.73891,-23.07407
Acanthurus dussumieri,113.69833,-22.46801
Acanthurus dussumieri,113.76572,-23.00515
Acanthurus dussumieri,113.76996,-23.37655
Acanthurus dussumieri,115.96666666666667,-20.216666666666665
Acanthurus dussumieri,115.48667,-20.42087
Acanthurus dussumieri,113.84324,-22.19997
Acanthurus dussumieri,151.266,-33.833
Acanthurus dussumieri,153.58566,-28.87582
Acanthurus dussumieri,113.61357,-22.63925
Acanthurus dussumieri,153.57132,-28.84783
Acanthurus dussumieri,153.57632,-28.3615
Acanthurus dussumieri,113.65579,-22.52854
Acanthurus dussumieri,114.15842,-21.7788
Acanthurus dussumieri,114.7623,-21.5311
Acanthurus dussumieri,114.14131,-21.79397
Acanthurus dussumieri,114.06873276,-21.82918624
Acanthurus dussumieri,113.72921,-23.08415
Acanthurus dussumieri,114.15944,-21.77651
Acanthurus dussumieri,153.2,-30.066
Acanthurus dussumieri,114.60888,-21.59062
Acanthurus dussumieri,113.71884,-22.41888
Acanthurus dussumieri,117.24833,-19.575
Acanthurus dussumieri,115.46747,-20.44638
Acanthurus dussumieri,113.84621,-22.19512
Acanthurus dussumieri,115.15061,-21.31671
Acanthurus dussumieri,113.75258,-22.87565
Acanthurus dussumieri,153.3555,-29.41766
Acanthurus dussumieri,113.70443,-22.79586
Acanthurus dussumieri,113.70711,-22.4455
Acanthurus dussumieri,113.87246,-22.10225
Acanthurus dussumieri,153.606,-28.82266
Acanthurus dussumieri,150.9,-34.47999
Acanthurus dussumieri,153.58282,-28.258
Acanthurus dussumieri,113.94238,-21.89935
Acanthurus dussumieri,114.97619,-21.39784
Acanthurus dussumieri,114.60841,-21.65925
Acanthurus dussumieri,113.8297,-22.2426
Acanthurus dussumieri,113.94939,-21.92457
Acanthurus dussumieri,114.64913,-21.64463
Acanthurus dussumieri,114.932,-21.5854
Acanthurus dussumieri,153.59716,-28.80183
Acanthurus dussumieri,113.8299,-22.2421
Acanthurus dussumieri,114.4134,-21.9503
Acanthurus dussumieri,113.68818,-22.76442
Acanthurus dussumieri,115.0326,-21.4515
Acanthurus dussumieri,113.73891,-23.11951
Acanthurus dussumieri,113.83924,-22.19618
Acanthurus dussumieri,115.50001,-20.34991
Acanthurus dussumieri,114.38937,-21.61864
Acanthurus dussumieri,113.83005,-22.24336
Acanthurus dussumieri,113.64932,-22.711
Acanthurus dussumieri,153.333,-29.9
Acanthurus dussumieri,113.87875,-22.1099
Acanthurus dussumieri,113.76014,-23.24512
Acanthurus dussumieri,113.95717,-21.91524
Acanthurus dussumieri,150.91166,-34.49333
Acanthurus dussumieri,113.955,-21.9119
Acanthurus dussumieri,113.88828,-22.09654
Acanthurus dussumieri,114.67774,-21.56563
Acanthurus dussumieri,113.87730417,-22.13186648
Acanthurus dussumieri,114.34093,-21.66088
Acanthurus dussumieri,115.52405,-20.34232
Acanthurus dussumieri,115.31109,-20.363
Acanthurus dussumieri,113.72724,-22.84784
Acanthurus dussumieri,153.364,-29.47882
Acanthurus dussumieri,153.25,-29.833
Acanthurus dussumieri,113.76133,-22.3407
Acanthurus dussumieri,113.87967,-22.10725
Acanthurus dussumieri,117.2483,-19.575
Acanthurus dussumieri,115.54955,-20.356
Acanthurus dussumieri,149.924,-36.8944
Acanthurus dussumieri,114.66246,-21.57197
Acanthurus dussumieri,113.61719,-22.62884
Acanthurus dussumieri,114.97168,-21.40338
Acanthurus dussumieri,113.75936,-22.89354
Acanthurus dussumieri,114.35805,-21.63967
Acanthurus dussumieri,114.34541,-21.65725
Acanthurus dussumieri,113.96346,-21.91211
Acanthurus dussumieri,115.855,-20.6833
Acanthurus dussumieri,149.924,-36.8942
Acanthurus dussumieri,116.8221,-20.36128
Acanthurus dussumieri,151.3,-33.75
Acanthurus dussumieri,113.85179,-22.16277
Acanthurus dussumieri,114.14922,-21.78715
Acanthurus dussumieri,114.33333,-21.68333
Acanthurus dussumieri,150.91166,-34.47666
Acanthurus dussumieri,113.94831,-21.90204
Acanthurus dussumieri,113.87954,-22.10788
Acanthurus dussumieri,113.84914,-22.19471
Acanthurus dussumieri,113.955,-21.9129
Acanthurus dussumieri,114.94671,-21.41839
Acanthurus dussumieri,153.5505,-28.53749
Acanthurus dussumieri,113.94294,-21.90071
Acanthurus dussumieri,113.79707,-22.21295
Acanthurus dussumieri,115.49838,-20.3658
Acanthurus dussumieri,115.83333333333333,-20.2
Acanthurus dussumieri,115.48973,-20.40909
Acanthurus dussumieri,114.9396,-21.589
Acanthurus dussumieri,116.83669,-20.35032
Acanthurus dussumieri,114.9291,-21.5963
Acanthurus dussumieri,153.4,-29.933
Acanthurus dussumieri,113.84667,-22.1954
Acanthurus dussumieri,113.8299,-22.2422
Acanthurus dussumieri,114.16396,-21.77646
Acanthurus dussumieri,114.17644,-21.78266
Acanthurus dussumieri,115.58952,-20.40385
Acanthurus dussumieri,114.6853,-21.6342
Acanthurus dussumieri,153.43333,-27.93333
Acanthurus dussumieri,113.74688,-22.37035
Acanthurus dussumieri,115.8333333,-20.2
Acanthurus dussumieri,113.9591,-21.9045
Acanthurus dussumieri,113.84993,-22.2058
Acanthurus dussumieri,115.49733,-20.3775
Acanthurus dussumieri,153.36667,-27.16667
Acanthurus dussumieri,113.70845,-22.8142
Acanthurus dussumieri,113.85,-22.33333
Acanthurus dussumieri,113.8299,-22.24256
Acanthurus dussumieri,115.49687,-20.37016
Acanthurus dussumieri,115.15882,-21.31644
Acanthurus dussumieri,153.433333,-27.933333
Acanthurus dussumieri,114.32933,-21.67213
Acanthurus dussumieri,113.88731,-22.09441
Acanthurus dussumieri,115.33427,-20.373
Acanthurus dussumieri,113.82989,-22.24191
Acanthurus dussumieri,113.8301,-22.2433
Acanthurus dussumieri,113.78628,-22.31209
Acanthurus dussumieri,115.2097,-21.3021
Acanthurus dussumieri,113.82985,-22.24212
Acanthurus dussumieri,113.88802,-22.096
Acanthurus dussumieri,114.691,-21.6299
Acanthurus dussumieri,114.36463,-21.63458
Acanthurus dussumieri,115.9666667,-20.21666667
Acanthurus dussumieri,153.366667,-27.166667
Acanthurus dussumieri,114.15354,-21.78292
Acanthurus dussumieri,113.96648,-21.91008
Acanthurus dussumieri,113.77308,-23.41367
Acanthurus dussumieri,117.2525,-19.58833
Acanthurus dussumieri,113.77016,-22.96156
Acanthurus dussumieri,113.84316,-22.20047
Acanthurus dussumieri,113.85,-22.333333
Acanthurus dussumieri,114.77314,-21.51437
Acanthurus dussumieri,114.36055,-21.63742
Acanthurus dussumieri,114.95687,-21.41397
Acanthurus dussumieri,113.84487,-22.19433
Acanthurus dussumieri,115.49168,-20.40098
Acanthurus dussumieri,113.6829,-22.47845
Acanthurus dussumieri,115.5017,-20.35543
Acanthurus dussumieri,114.61554,-21.67582
Acanthurus dussumieri,113.84292,-22.20075
Acanthurus dussumieri,115.855,-20.68333
Acanthurus dussumieri,113.66138,-22.51351
Acanthurus dussumieri,115.17265,-21.315
