species,decimalLongitude,decimalLatitude
Acanthistius ocellatus,149.98316,-36.74833
Acanthistius ocellatus,153.283,-29.816
Acanthistius ocellatus,152.75,-31.25
Acanthistius ocellatus,153.366667,-27.133333
Acanthistius ocellatus,150.01832,-37.216
Acanthistius ocellatus,152.633,-32.433
Acanthistius ocellatus,154.25,-28.25
Acanthistius ocellatus,151.266,-33.95
Acanthistius ocellatus,153.25,-30.25
Acanthistius ocellatus,151.316,-33.75
Acanthistius ocellatus,150.53577,-35.2442
Acanthistius ocellatus,151.3,-33.716
Acanthistius ocellatus,152.79833,-31.71999
Acanthistius ocellatus,151.266,-33.966
Acanthistius ocellatus,152.59913,-32.44565
Acanthistius ocellatus,150.75,-35.133
Acanthistius ocellatus,153.25,-29.75
Acanthistius ocellatus,150.166,-36
Acanthistius ocellatus,152.25,-33.75
Acanthistius ocellatus,149.75,-36.75
Acanthistius ocellatus,149.883,-37.1
Acanthistius ocellatus,153.25,-28.75
Acanthistius ocellatus,151.75,-33.75
Acanthistius ocellatus,153.55,-28.166667
Acanthistius ocellatus,152.59877,-32.44051
Acanthistius ocellatus,152.47141,-32.58528
Acanthistius ocellatus,150.766,-35.116
Acanthistius ocellatus,153.166667,-30.3
Acanthistius ocellatus,151.25,-34.75
Acanthistius ocellatus,150.75,-36.25
Acanthistius ocellatus,153.2666667,-29.7833333
Acanthistius ocellatus,145.17,-38.4
Acanthistius ocellatus,151.216,-34
Acanthistius ocellatus,153.3,-29.883
Acanthistius ocellatus,153.25,-29.833
Acanthistius ocellatus,152.45773,-32.57751
Acanthistius ocellatus,150.0145,-37.216
Acanthistius ocellatus,152.75,-32.25
Acanthistius ocellatus,151.25,-33.633
Acanthistius ocellatus,150.25,-37.25
Acanthistius ocellatus,152.25,-32.75
Acanthistius ocellatus,151.29531,-33.80047
Acanthistius ocellatus,153.25,-30.75
Acanthistius ocellatus,152.608,-32.45562
Acanthistius ocellatus,151.166,-33.833
Acanthistius ocellatus,152.1,-32.7
Acanthistius ocellatus,151.916,-32.966
Acanthistius ocellatus,151.42016,-33.74033
Acanthistius ocellatus,152.60367,-32.46513
Acanthistius ocellatus,150.866,-34.583
Acanthistius ocellatus,152.45432,-32.58415
Acanthistius ocellatus,152.75,-32.75
Acanthistius ocellatus,152.83999,-31.64166
Acanthistius ocellatus,150.01583,-37.22166
Acanthistius ocellatus,151.266,-33.85
Acanthistius ocellatus,150.00833,-37.25216
Acanthistius ocellatus,149.75,-37.57
Acanthistius ocellatus,153.566,-28.866
Acanthistius ocellatus,153.55116,-28.16899
Acanthistius ocellatus,152.533,-32.466
Acanthistius ocellatus,153.25,-31.25
Acanthistius ocellatus,152.25,-33.25
Acanthistius ocellatus,152.75,-31.75
Acanthistius ocellatus,152.4793,-32.59491
Acanthistius ocellatus,151.63333,-33.08333
Acanthistius ocellatus,153.75,-28.25
Acanthistius ocellatus,153.25,-31.75
Acanthistius ocellatus,154.25,-29.25
Acanthistius ocellatus,151.27,-33.85
Acanthistius ocellatus,149.75,-37.75
Acanthistius ocellatus,151.316,-33.566
Acanthistius ocellatus,151.333,-33.583
Acanthistius ocellatus,153.56666,-28.2
Acanthistius ocellatus,150.25,-37.75
Acanthistius ocellatus,152.533,-32.433
Acanthistius ocellatus,150,-37.266
Acanthistius ocellatus,153.25,-32.25
Acanthistius ocellatus,153.60666,-28.82249
Acanthistius ocellatus,153.3,-29.833
Acanthistius ocellatus,150.216,-35.783
Acanthistius ocellatus,150.25,-36.25
Acanthistius ocellatus,151.75,-34.75
Acanthistius ocellatus,150.00833,-37.216
Acanthistius ocellatus,152.4537,-32.58102
Acanthistius ocellatus,152.75,-30.75
Acanthistius ocellatus,152.5832,-32.5065
Acanthistius ocellatus,152.83333,-31.65
Acanthistius ocellatus,153.25,-29.25
Acanthistius ocellatus,151.25,-33.75
Acanthistius ocellatus,150.766,-35.016
Acanthistius ocellatus,150.75,-35.25
Acanthistius ocellatus,152.75,-33.25
Acanthistius ocellatus,152.60241,-32.45552
Acanthistius ocellatus,152.54639,-32.51844
Acanthistius ocellatus,151.75,-33.25
Acanthistius ocellatus,150.53568,-35.22478
Acanthistius ocellatus,151.25,-33.25
Acanthistius ocellatus,151.75,-32.75
Acanthistius ocellatus,151.166,-34.083
Acanthistius ocellatus,151.63254,-33.16041
Acanthistius ocellatus,153.066667,-30.875
Acanthistius ocellatus,153.75,-29.75
Acanthistius ocellatus,150.75,-34.75
Acanthistius ocellatus,150.25,-35.25
Acanthistius ocellatus,151.25,-33.966
Acanthistius ocellatus,151.266,-33.933
Acanthistius ocellatus,151.75,-34.25
Acanthistius ocellatus,152.517,-32.133
Acanthistius ocellatus,152.25,-32.25
Acanthistius ocellatus,150.733,-35.133
Acanthistius ocellatus,150.25,-35.75
Acanthistius ocellatus,149.98971,-36.69563
Acanthistius ocellatus,149.966,-37.5
Acanthistius ocellatus,152.516,-32.133
Acanthistius ocellatus,153.2,-30.06667
Acanthistius ocellatus,150.433,-35.5233
Acanthistius ocellatus,153.3,-29.816
Acanthistius ocellatus,153.75,-30.25
Acanthistius ocellatus,152.5333333,-32.43333333
Acanthistius ocellatus,153.2,-30.066
Acanthistius ocellatus,153.30111,-29.765
Acanthistius ocellatus,151.25,-33.833
Acanthistius ocellatus,152.59947,-32.44311
Acanthistius ocellatus,153.616,-28.716
Acanthistius ocellatus,149.75,-37.25
Acanthistius ocellatus,150.69589,-35.09912
Acanthistius ocellatus,153.63333,-28.63333
Acanthistius ocellatus,152.29584,-32.69939
Acanthistius ocellatus,152.833333,-31.65
Acanthistius ocellatus,151.266,-33.6
Acanthistius ocellatus,148.46667,-40.36667
Acanthistius ocellatus,150.75,-34.25
Acanthistius ocellatus,154.25,-28.75
Acanthistius ocellatus,153.25,-32.75
Acanthistius ocellatus,153.06666,-30.875
Acanthistius ocellatus,149.983,-36.737
Acanthistius ocellatus,152.54642,-32.51973
Acanthistius ocellatus,152.46129,-32.57596
Acanthistius ocellatus,149.9,-37.433
Acanthistius ocellatus,152.4743,-32.58113
Acanthistius ocellatus,151.466,-33.9
Acanthistius ocellatus,151.3,-33.833
Acanthistius ocellatus,152.2525,-33.81999
Acanthistius ocellatus,151.25,-35.25
Acanthistius ocellatus,153.55,-28.183332
Acanthistius ocellatus,153.606,-28.82266
Acanthistius ocellatus,145.73333,-41
Acanthistius ocellatus,153.3,-29.783
Acanthistius ocellatus,148.75,-37.8
Acanthistius ocellatus,153.75,-29.25
Acanthistius ocellatus,150.75,-35.75
Acanthistius ocellatus,152.60819,-32.45805
Acanthistius ocellatus,151.181,-33.9491
Acanthistius ocellatus,151.5,-33.766
Acanthistius ocellatus,151.283,-33.816
Acanthistius ocellatus,150.25,-36.75
Acanthistius ocellatus,151.25,-34.25
Acanthistius ocellatus,151.3,-33.816
Acanthistius ocellatus,151.633333,-33.083333
Acanthistius ocellatus,152.47361,-32.58422
Acanthistius ocellatus,151.300003,-33.816666
Acanthistius ocellatus,149.77,-37.57
Acanthistius ocellatus,153.55,-28.16667
Acanthistius ocellatus,150.687,-35.17
Acanthistius ocellatus,147.798,-37.8544
Acanthistius ocellatus,152.96667,-32.43333
Acanthistius ocellatus,151.233337,-33.950001
Acanthistius ocellatus,153.26667,-30.01667
Acanthistius ocellatus,150.9,-34.6
Acanthistius ocellatus,151.416,-33.9
Acanthistius ocellatus,153.25,-27.25
Acanthistius ocellatus,152.533,-32.3
Acanthistius ocellatus,153.75,-28.75
Acanthistius ocellatus,152.60128,-32.44826
Acanthistius ocellatus,152.466,-32.383
Acanthistius ocellatus,153.16666,-30.3
Acanthistius ocellatus,148.466,-40.366
Acanthistius ocellatus,151.23333,-33.85
Acanthistius ocellatus,152.46128,-32.57596
Acanthistius ocellatus,152.29504,-32.69758
Acanthistius ocellatus,153.36667,-27.13333
Acanthistius ocellatus,153.566667,-28.2
Acanthistius ocellatus,151.25,-33.85
Acanthistius ocellatus,151.233333,-33.85
Acanthistius ocellatus,151.3,-33.566
Acanthistius ocellatus,153.133,-30.483
