species,decimalLongitude,decimalLatitude
Achoerodus gouldii,136.64,-35.75
Achoerodus gouldii,136.65,-35.74
Achoerodus gouldii,133.28561,-32.57256
Achoerodus gouldii,122.83636,-34.00044
Achoerodus gouldii,129.0425,-32.62625
Achoerodus gouldii,133.61667,-32.76666
Achoerodus gouldii,136.66,-35.74
Achoerodus gouldii,123.16858,-34.01738
Achoerodus gouldii,136.63,-35.75
Achoerodus gouldii,123.36302,-33.95222
Achoerodus gouldii,114.9823,-33.667
Achoerodus gouldii,115.02343,-33.52152
Achoerodus gouldii,137.92,-35.17
Achoerodus gouldii,123.20703,-34.0199
Achoerodus gouldii,139.75,-37.25
Achoerodus gouldii,122.0195,-33.99732
Achoerodus gouldii,115.00282,-33.49843
Achoerodus gouldii,114.9668,-33.6818
Achoerodus gouldii,123.33483,-33.97555
Achoerodus gouldii,136.5583,-35.7675
Achoerodus gouldii,116.72556,-19.86792
Achoerodus gouldii,115.01652,-33.5182
Achoerodus gouldii,126.65,-35.74
Achoerodus gouldii,123.39527,-34.0204
Achoerodus gouldii,134.27811,-33.94562
Achoerodus gouldii,115.07,-33.95
Achoerodus gouldii,123.16434,-34.02492
Achoerodus gouldii,133.28882,-32.55177
Achoerodus gouldii,117.86667,-35
Achoerodus gouldii,123.17252,-34.01791
Achoerodus gouldii,117.866,-35
Achoerodus gouldii,114.90887,-33.91619
Achoerodus gouldii,119.68128,-34.23888
Achoerodus gouldii,116.42722,-34.98998
Achoerodus gouldii,122.59748,-33.93294
Achoerodus gouldii,118.2189,-34.96902
Achoerodus gouldii,134.27313,-33.9624
Achoerodus gouldii,123.33547,-33.9894
Achoerodus gouldii,133.30877,-32.52095
Achoerodus gouldii,116.77584,-19.58458
Achoerodus gouldii,115.5326,-32.0321
Achoerodus gouldii,123.23099,-34.0393
Achoerodus gouldii,116.72542,-20.02597
Achoerodus gouldii,123.2368,-34.02738
Achoerodus gouldii,122.66118,-33.99075
Achoerodus gouldii,116.3757,-19.83333
Achoerodus gouldii,121.81898,-33.9219
Achoerodus gouldii,115.01667,-34.2
Achoerodus gouldii,114.95913,-33.71137
Achoerodus gouldii,124.75097,-33.57625
Achoerodus gouldii,133.64167,-32.77667
Achoerodus gouldii,115.9682,-20.16722
Achoerodus gouldii,116.3564,-35.05438
Achoerodus gouldii,115.01667,-34.25
Achoerodus gouldii,117.36667,-35
Achoerodus gouldii,134.27346,-33.95288
Achoerodus gouldii,116.33992,-35.00165
Achoerodus gouldii,150.901,-34.5977
Achoerodus gouldii,150.819,-35.0837
Achoerodus gouldii,134.2747,-33.9636
Achoerodus gouldii,121.25833,-16.38513
Achoerodus gouldii,115.00548,-33.49959
Achoerodus gouldii,114.90085,-34.1119
Achoerodus gouldii,115,-33.52
Achoerodus gouldii,138.63,-35.55
Achoerodus gouldii,121.36736,-18.39291
Achoerodus gouldii,133.31191,-32.52035
Achoerodus gouldii,133.9007,-33.44167
Achoerodus gouldii,114.99455,-33.583
Achoerodus gouldii,116.40685,-35.00538
Achoerodus gouldii,121.56764,-18.34166
Achoerodus gouldii,118.15918,-35.03067
Achoerodus gouldii,150.224,-36.2437
Achoerodus gouldii,122.84339,-34.00084
Achoerodus gouldii,115.38207,-31.74063
Achoerodus gouldii,116.35368,-35.02955
Achoerodus gouldii,116.53459,-19.84278
Achoerodus gouldii,144.656,-38.304
Achoerodus gouldii,151.230989,-33.865378
Achoerodus gouldii,123.17643,-34.01633
Achoerodus gouldii,148.23,-40.85
Achoerodus gouldii,122.01014,-33.98445
Achoerodus gouldii,151.297,-33.8005
Achoerodus gouldii,116.40492,-34.98633
Achoerodus gouldii,116.37052,-34.97505
Achoerodus gouldii,127.01833333333333,-32.656666666666666
Achoerodus gouldii,123.13932,-33.9486
Achoerodus gouldii,122.63957,-34.00008
Achoerodus gouldii,115.4032,-31.9835
Achoerodus gouldii,134.27831,-33.9476
Achoerodus gouldii,134.27109,-33.95393
Achoerodus gouldii,122.84655,-34.00037
Achoerodus gouldii,116.3261,-35.06955
Achoerodus gouldii,139.7531,-37.1603
Achoerodus gouldii,114.99302,-33.544
Achoerodus gouldii,118.24175,-34.93733
Achoerodus gouldii,115.45932,-31.39215
Achoerodus gouldii,118.22667,-34.9948
Achoerodus gouldii,115.02335,-33.51925
Achoerodus gouldii,114.99339,-33.66036
Achoerodus gouldii,151.272266,-33.850143
Achoerodus gouldii,115.46667,-32.01667
Achoerodus gouldii,123.39852,-34.0007
Achoerodus gouldii,122.26601,-33.98592
Achoerodus gouldii,115.71667,-32.53333
Achoerodus gouldii,122.02586,-33.99032
Achoerodus gouldii,122.65369,-34.00318
Achoerodus gouldii,127.0183333,-32.65666667
Achoerodus gouldii,115.23027,-31.62533
Achoerodus gouldii,115.31667,-31.01667
Achoerodus gouldii,126.53375,-32.72528
Achoerodus gouldii,114.919,-34.1138
Achoerodus gouldii,124.675,-33.05
Achoerodus gouldii,139.25,-36.75
Achoerodus gouldii,134.27788,-33.95114
Achoerodus gouldii,144.613,-38.297
Achoerodus gouldii,121.37681,-18.20847
Achoerodus gouldii,122.57241,-34.01324
Achoerodus gouldii,115.00898,-33.49369
Achoerodus gouldii,134.27968,-33.94999
Achoerodus gouldii,119.70945,-19.21875
Achoerodus gouldii,115.06667,-33.55
Achoerodus gouldii,123.35172,-33.96578
Achoerodus gouldii,115.4192,-32.0227
Achoerodus gouldii,122.01423,-33.96813
Achoerodus gouldii,116.45,-34.93333
Achoerodus gouldii,119.62325,-34.21138
Achoerodus gouldii,116.67528,-19.76764
Achoerodus gouldii,123.26872,-34.09642
Achoerodus gouldii,122.63702,-34.00262
Achoerodus gouldii,118.2195,-35.02522
Achoerodus gouldii,115.16667,-34.28333
Achoerodus gouldii,146.6454,-39.48049
Achoerodus gouldii,117.35,-34.96667
Achoerodus gouldii,122.63693,-33.98553
Achoerodus gouldii,123.16898,-34.02004
Achoerodus gouldii,119.60302,-34.22478
Achoerodus gouldii,121.90693,-33.92732
Achoerodus gouldii,117.8846,-35.0171
Achoerodus gouldii,122.65213,-33.99557
Achoerodus gouldii,133.28634,-32.55123
Achoerodus gouldii,122.57674,-34.01065
Achoerodus gouldii,122.01204,-33.98465
Achoerodus gouldii,116.39275,-34.96443
Achoerodus gouldii,123.31287,-34.0022
Achoerodus gouldii,114.80887,-33.79369
Achoerodus gouldii,115.44957,-32.03135
Achoerodus gouldii,122.57934,-34.00998
Achoerodus gouldii,139.25,-37.25
Achoerodus gouldii,114.86887,-33.98119
Achoerodus gouldii,126.6757,-32.56889
Achoerodus gouldii,137.183,-36
Achoerodus gouldii,123.3774,-34.03618
Achoerodus gouldii,151.583,-33.083
Achoerodus gouldii,133.28768,-32.57402
Achoerodus gouldii,143.68,-38.76
Achoerodus gouldii,137.75,-36.75
Achoerodus gouldii,115.02228,-33.52018
Achoerodus gouldii,151.58333,-33.08333
Achoerodus gouldii,129.53333,-32.58333
Achoerodus gouldii,122.02441,-33.97686
Achoerodus gouldii,125.10903,-33.11667
Achoerodus gouldii,115.83333,-31.93333
Achoerodus gouldii,119.6826,-34.21288
Achoerodus gouldii,118.27298,-34.95567
Achoerodus gouldii,122.02677,-33.97812
Achoerodus gouldii,114.90887,-34.07619
Achoerodus gouldii,116.60209,-19.75055
Achoerodus gouldii,151.286,-33.8438
Achoerodus gouldii,123.22997,-34.03639
Achoerodus gouldii,122.64598,-33.98847
Achoerodus gouldii,114.98112,-33.6818
Achoerodus gouldii,115.01039,-33.50099
Achoerodus gouldii,114.97,-33.97
Achoerodus gouldii,115.00587,-33.49505
Achoerodus gouldii,118.16047,-35.0258
Achoerodus gouldii,114.9433,-33.6998
Achoerodus gouldii,139.25,-38.25
Achoerodus gouldii,123.2786,-34.09937
Achoerodus gouldii,114.96044,-33.71215
Achoerodus gouldii,127.50931,-32.87597
Achoerodus gouldii,118.65903,-19.37625
Achoerodus gouldii,118.20153,-34.94488
Achoerodus gouldii,118.19915,-35.02647
Achoerodus gouldii,119.66913,-34.24957
Achoerodus gouldii,127.51667,-32.40833
Achoerodus gouldii,122.00883,-33.97036
Achoerodus gouldii,115.5212,-32.0302
Achoerodus gouldii,115.51097,-31.49167
Achoerodus gouldii,116.58334,-19.86666
Achoerodus gouldii,133.12,-34.58
Achoerodus gouldii,122.65875,-33.99202
Achoerodus gouldii,114.9791,-33.5688
Achoerodus gouldii,116.37902,-34.97623
Achoerodus gouldii,117.88467,-35.01717
Achoerodus gouldii,138.25,-36.75
Achoerodus gouldii,123.21735,-34.07858
Achoerodus gouldii,137.57,-34.05
Achoerodus gouldii,122.02382,-33.96449
Achoerodus gouldii,145.695,-38.655
Achoerodus gouldii,118.22242,-34.96935
Achoerodus gouldii,121.9935,-33.97524
Achoerodus gouldii,122.5874,-33.93133
Achoerodus gouldii,114.92306,-34.11775
Achoerodus gouldii,115.1941,-33.5658
Achoerodus gouldii,115.01429,-33.50426
Achoerodus gouldii,135.1064,-34.5911
Achoerodus gouldii,150.149994,-35.75
Achoerodus gouldii,116.51709,-19.74263
Achoerodus gouldii,115.01269,-33.51202
Achoerodus gouldii,130.475,-31.91666
Achoerodus gouldii,115.4584,-31.9769
Achoerodus gouldii,114.68563,-30.29982
Achoerodus gouldii,115.45417,-31.98205
Achoerodus gouldii,117.41806,-19.96708
Achoerodus gouldii,118.15372,-35.02675
Achoerodus gouldii,123.1097,-34.09427
Achoerodus gouldii,123.1759,-34.01406
