species,decimalLongitude,decimalLatitude
Acipenser brevirostrum,-72.5693321,42.4864031
Acipenser brevirostrum,-65.9167,45.5833
Acipenser brevirostrum,-72.6216888,42.1182166
Acipenser brevirostrum,-66.0333,45.5833
Acipenser brevirostrum,-72.612593,42.215093
Acipenser brevirostrum,-65.99960327,45.54940033
Acipenser brevirostrum,-74.722063,40.165082
Acipenser brevirostrum,-72.6033639,42.2114505
Acipenser brevirostrum,-74.741879,40.134649
Acipenser brevirostrum,-72.5861549,42.4671585
Acipenser brevirostrum,-65.9,45.4667
Acipenser brevirostrum,-70.5214118,41.5861747
Acipenser brevirostrum,-65.9332962036133,45.466670989990206
Acipenser brevirostrum,-72.590112,42.370859
Acipenser brevirostrum,-66.1,45.4667
Acipenser brevirostrum,-80.25,32.64
Acipenser brevirostrum,-77.9858017,34.23360062
Acipenser brevirostrum,-72.5859832,42.0870126
Acipenser brevirostrum,-66.1833,45.4
Acipenser brevirostrum,-67,40
Acipenser brevirostrum,-68.4599990845,42.6049995422
Acipenser brevirostrum,-81.5558333,29.7558333
Acipenser brevirostrum,-66.2,45.4167
Acipenser brevirostrum,-66.0167,45.4667
Acipenser brevirostrum,-78.9661,42.9502
Acipenser brevirostrum,-65.9667,45.8
Acipenser brevirostrum,-66.1,45.4833
Acipenser brevirostrum,-65.91666667,45.58333333
Acipenser brevirostrum,-72.5749111,42.4786174
Acipenser brevirostrum,-66.2333,45.3667
Acipenser brevirostrum,-66.1750030517578,45.8129997253418
Acipenser brevirostrum,-74.720015,40.149339
Acipenser brevirostrum,-74.722018,40.161467
Acipenser brevirostrum,-72.605266,41.975153
Acipenser brevirostrum,-74.757578,40.127396
Acipenser brevirostrum,-66.0833358765,45.7166671753
Acipenser brevirostrum,-75.133093,39.954749
Acipenser brevirostrum,-74.725392,40.165086
Acipenser brevirostrum,-72.661845,41.759479
Acipenser brevirostrum,-73.9666666666667,41.4166666666667
Acipenser brevirostrum,-74.7320251465,40.1739120483
Acipenser brevirostrum,-77.98729706,34.23460007
Acipenser brevirostrum,-65.9166641235,45.5833320618
Acipenser brevirostrum,-81.6194444,29.5911111
Acipenser brevirostrum,-72.6188564,42.2482798
Acipenser brevirostrum,-72.46206856,41.36896545
Acipenser brevirostrum,-72.487761,41.479278
Acipenser brevirostrum,-72.652029,41.752779
Acipenser brevirostrum,-66.08333333,45.71666667
Acipenser brevirostrum,-66.15,45.4333
Acipenser brevirostrum,-66.0833,45.5167
Acipenser brevirostrum,-74.820956,40.12685
Acipenser brevirostrum,-74.732025,40.173911
Acipenser brevirostrum,-76.17361,39.66083
Acipenser brevirostrum,-72.5677442,42.5267405
Acipenser brevirostrum,-74.816491,40.129557
Acipenser brevirostrum,-65.90000152587889,45.5
Acipenser brevirostrum,-81.500441,29.4697
Acipenser brevirostrum,-65.80601556,44.97985204
Acipenser brevirostrum,-66.84999847412111,45.9500007629395
Acipenser brevirostrum,-79.87120056,34.94609833
Acipenser brevirostrum,-73.8330001831,40.6669998169
Acipenser brevirostrum,-72.592231,42.208005
Acipenser brevirostrum,-73.833,40.667
Acipenser brevirostrum,-82.656811,28.544806
Acipenser brevirostrum,-65.5550003052,45.0149993896
Acipenser brevirostrum,-66,45.7999992370605
Acipenser brevirostrum,-72.6325035,42.3516937
Acipenser brevirostrum,-77.068874,38.903418
Acipenser brevirostrum,-66.0667,45.25
Acipenser brevirostrum,-74.987897,40.039871
Acipenser brevirostrum,-66.2333,45.3333
Acipenser brevirostrum,-78.913,42.9288
Acipenser brevirostrum,-65.8667,45.5167
Acipenser brevirostrum,-72.5804901,42.587024
Acipenser brevirostrum,-77.978302,33.93500137
Acipenser brevirostrum,-81.60667,29.352985
Acipenser brevirostrum,-74.73202515,40.17391205
Acipenser brevirostrum,-80.908195,29.078263
Acipenser brevirostrum,-75.527076,39.46358
Acipenser brevirostrum,-71.668823,42.066271
Acipenser brevirostrum,-72.5914764,42.3516937
Acipenser brevirostrum,-80.2561111,32.6447222
Acipenser brevirostrum,-67.641317,46.531524
Acipenser brevirostrum,-76.205,37.04
Acipenser brevirostrum,-74.723735,40.163271
Acipenser brevirostrum,-76.70500183,35.97159958
Acipenser brevirostrum,-66.155403137207,45.3024482727051
Acipenser brevirostrum,-73.95,41.2666666666667
Acipenser brevirostrum,-70.876459,42.816021
Acipenser brevirostrum,-80.85500336,33.47060013
Acipenser brevirostrum,-72.5916373,42.2094956
