species,decimalLongitude,decimalLatitude
Acipenser transmontanus,-123.129779723603,49.0810688988661
Acipenser transmontanus,-122.99498,49.18795
Acipenser transmontanus,-122.30298,49.12766
Acipenser transmontanus,-122.733069593632,49.2475804503724
Acipenser transmontanus,-122.842497140142,49.2171076325037
Acipenser transmontanus,-122.675197319481,49.3143565102198
Acipenser transmontanus,-123.168372479434,49.1101733821359
Acipenser transmontanus,-123.160310764782,49.1129284695249
Acipenser transmontanus,-122.767837702039,49.2259050214346
Acipenser transmontanus,-122.59017,49.20365
Acipenser transmontanus,-122.5901,49.20354
Acipenser transmontanus,-122.595766666667,49.2016333333333
Acipenser transmontanus,-122.614832037234,49.3521125226115
Acipenser transmontanus,-122.93015,49.16523
Acipenser transmontanus,-123.148079847074,49.1793038117136
Acipenser transmontanus,-122.94156,49.16321
Acipenser transmontanus,-122.94155,49.1632
Acipenser transmontanus,-122.99898,49.191160000000004
Acipenser transmontanus,-123.0792,49.11718
Acipenser transmontanus,-122.94165,49.1630833333333
Acipenser transmontanus,-123.08101,49.12281
Acipenser transmontanus,-123.07923,49.11708
Acipenser transmontanus,-122.94015,49.15878
Acipenser transmontanus,-122.96085,49.17197
Acipenser transmontanus,-122.93447,49.16738
Acipenser transmontanus,-123.081133333333,49.1226666666667
Acipenser transmontanus,-122.9949,49.1874
Acipenser transmontanus,-122.94768,49.19657
Acipenser transmontanus,-122.95535,49.17644
Acipenser transmontanus,-122.596,49.20163
Acipenser transmontanus,-122.590166666667,49.20365
Acipenser transmontanus,-122.99675,49.18692
Acipenser transmontanus,-122.946783333333,49.1958166666667
Acipenser transmontanus,-123.155649889573,49.0685151717962
Acipenser transmontanus,-122.96454,49.18814
Acipenser transmontanus,-122.96178,49.17281
Acipenser transmontanus,-122.96165,49.1728166666667
Acipenser transmontanus,-123.02166223526,49.1482960426483
Acipenser transmontanus,-122.94,49.1589
Acipenser transmontanus,-122.27033,49.1421
Acipenser transmontanus,-122.27028,49.14232
Acipenser transmontanus,-122.768238642883,49.2135912840339
Acipenser transmontanus,-122.95373,49.17523
Acipenser transmontanus,-122.388137,38.062886
Acipenser transmontanus,-122.94805,49.19683
Acipenser transmontanus,-123.00149,49.19002
Acipenser transmontanus,-122.665125573752,49.3001963707999
Acipenser transmontanus,-122.99711,49.18703
Acipenser transmontanus,-122.96077,49.17202
Acipenser transmontanus,-122.268433333333,49.1395666666667
Acipenser transmontanus,-122.768733155526,49.2135472987362
Acipenser transmontanus,-122.3004,49.12325
Acipenser transmontanus,-122.5725,49.1857
Acipenser transmontanus,-123.038683533668,49.1485872791942
Acipenser transmontanus,-122.81447591023,49.2230478861241
Acipenser transmontanus,-123.07921,49.11715
Acipenser transmontanus,-122.8163143047,49.2235545594119
Acipenser transmontanus,-122.94015,49.1587833333333
Acipenser transmontanus,-122.784976807811,49.2135067170282
Acipenser transmontanus,-122.94683,49.19605
Acipenser transmontanus,-121.531596,38.353079
Acipenser transmontanus,-122.456869,38.001777
Acipenser transmontanus,-122.59015,49.20359
Acipenser transmontanus,-122.270283333333,49.1423166666667
Acipenser transmontanus,-122.16415,49.14285
Acipenser transmontanus,-122.813238417729,49.2197985971025
Acipenser transmontanus,-121.171127,45.604169
Acipenser transmontanus,-122.414554,37.811083000000004
Acipenser transmontanus,-121.579333,37.811084
Acipenser transmontanus,-122.664470912168,49.2993759113274
Acipenser transmontanus,-123.61792,37.471502
Acipenser transmontanus,-122.657550097329,49.2957305535609
Acipenser transmontanus,-121.794193,38.042377
Acipenser transmontanus,-123.081,49.1228
Acipenser transmontanus,-121.680832,38.060822
Acipenser transmontanus,-121.848718,38.075724
Acipenser transmontanus,-122.664039086226,49.3001752268091
Acipenser transmontanus,-122.015006,38.091901
Acipenser transmontanus,-122.947683333333,49.1965666666667
Acipenser transmontanus,-119.709236,34.396754
Acipenser transmontanus,-85.6133333,34.2011111
Acipenser transmontanus,-120.770764,39.009344
Acipenser transmontanus,-122.664711472531,49.3004110540886
Acipenser transmontanus,-122.99675,49.1869166666667
Acipenser transmontanus,133.55,25.0401
Acipenser transmontanus,-122.657515817546,49.2947229920262
Acipenser transmontanus,-117.61507,49.003773
Acipenser transmontanus,-122.107397,49.181285
Acipenser transmontanus,-123.166667,49.1
Acipenser transmontanus,-122.815616576902,49.2228338259091
Acipenser transmontanus,-121.892695,45.676556
Acipenser transmontanus,-122.813361907646,49.2198257825346
Acipenser transmontanus,-120.5015,47.5001
Acipenser transmontanus,-121.086545,38.206789
Acipenser transmontanus,-123.099998474,49.2166671753
Acipenser transmontanus,-122.59584,49.20155
Acipenser transmontanus,-122.133,49.0833
Acipenser transmontanus,-121.80472,38.01582
Acipenser transmontanus,-121.761689,38.022093
Acipenser transmontanus,-122.662964622366,49.2983910541593
Acipenser transmontanus,-121.88361,38.02806
Acipenser transmontanus,-123,49
Acipenser transmontanus,-121.836306,38.043945
Acipenser transmontanus,-123.542039,46.247593
Acipenser transmontanus,-122.816286671098,49.2235994918324
Acipenser transmontanus,-121.805927,38.061271
Acipenser transmontanus,-121.595842,37.825589
Acipenser transmontanus,-123.629997,46.18
Acipenser transmontanus,-122.44241,37.934932
Acipenser transmontanus,-122.764933082921,49.2244239220976
Acipenser transmontanus,-122.994983333333,49.18795
Acipenser transmontanus,-85.485,32.60194
Acipenser transmontanus,-122.779194521793,49.226206141612
Acipenser transmontanus,-122.813649983674,49.2199072051452
Acipenser transmontanus,-83.3044,40.8424
Acipenser transmontanus,-122.815576046681,49.2226538557184
Acipenser transmontanus,-122.657664435922,49.293122290366
Acipenser transmontanus,10,45.3330001831
Acipenser transmontanus,-122.659158458921,49.2918583862233
Acipenser transmontanus,-117.062286,44.71389
Acipenser transmontanus,-121.37416,38.42145
Acipenser transmontanus,-121.704654,38.979297
Acipenser transmontanus,-122.098462,49.126389
Acipenser transmontanus,-121.840304,38.04667
Acipenser transmontanus,-122.788286819502,49.2229398886514
Acipenser transmontanus,-123.167,49.1167
Acipenser transmontanus,-86.337644,33.424245
Acipenser transmontanus,-122.062023,38.088077
Acipenser transmontanus,-122.720426350038,49.2528487422603
Acipenser transmontanus,-122.777929650762,49.2265005608745
Acipenser transmontanus,-122.814007938076,49.2196649095231
Acipenser transmontanus,-122.367232,38.016396
Acipenser transmontanus,-122.764631754772,49.2242523982619
Acipenser transmontanus,-122,38.85
Acipenser transmontanus,-123.864037,46.170227
Acipenser transmontanus,10,45.333
Acipenser transmontanus,-122.768392033236,49.2130878552932
Acipenser transmontanus,-123.730003,46.18
Acipenser transmontanus,-123.01086,49.08548
Acipenser transmontanus,-121.6123,38.10217
Acipenser transmontanus,-121.5577778,37.8183333
Acipenser transmontanus,-122.784021753269,49.2247130573873
Acipenser transmontanus,-121.807215,36.850584
Acipenser transmontanus,-122.665399812303,49.3003230975606
Acipenser transmontanus,-121.502508,38.116301
Acipenser transmontanus,-122.719515794804,49.2534851969404
Acipenser transmontanus,-123.630013,46.180946
Acipenser transmontanus,-124.05667,46.244692
Acipenser transmontanus,-121.865322,38.050728
Acipenser transmontanus,-121.595756,37.825521
Acipenser transmontanus,-121.727,38.05
Acipenser transmontanus,-121.521324,45.722607000000004
Acipenser transmontanus,-122.815039176731,49.2229948177548
Acipenser transmontanus,-122.795625410077,49.218401494433
Acipenser transmontanus,-119.7513,37.2502
Acipenser transmontanus,-122.711936854291,49.2618051261414
Acipenser transmontanus,-123.1,49.21666667
Acipenser transmontanus,-75.6907,44.6022
Acipenser transmontanus,-122.783953476785,49.2246229769701
Acipenser transmontanus,-122.81366398664,49.219835265502
Acipenser transmontanus,-121.5174026,37.78369904
Acipenser transmontanus,-122.742706356124,49.2439952214206
