species,decimalLongitude,decimalLatitude
Acreichthys hajam,145.832777786255,-5.1736111164093
Acreichthys hajam,106.597222,-5.863333
Acreichthys hajam,106.60833,-5.8672223
Acreichthys hajam,119.67,23.56
Acreichthys hajam,106.734,-6.034736
Acreichthys hajam,178.430157,-18.166425
Acreichthys hajam,106.608329773,-5.86722230911
Acreichthys hajam,106.8294,-6.17444
Acreichthys hajam,123.194281,9.569048
Acreichthys hajam,123.232701,9.595561
Acreichthys hajam,106.858283,-6.02014
Acreichthys hajam,123.169299,9.542933
Acreichthys hajam,127.793889,26.258056
