species,decimalLongitude,decimalLatitude
Acromycter nezumi,141.42,36.96333333333334
Acromycter nezumi,120.17,22.29
Acromycter nezumi,138.3573167,34.8532
Acromycter nezumi,116.019996643,20.8500003815
Acromycter nezumi,137.04888888888888,34.45333333333333
Acromycter nezumi,140.99883,36.523
Acromycter nezumi,128.08166666666665,30.855
Acromycter nezumi,138.73,34.955
Acromycter nezumi,138.0011111111111,34.38166666666667
Acromycter nezumi,137.99499999999998,34.38166666666667
Acromycter nezumi,120.25,22.25
Acromycter nezumi,138.70999999999998,34.76833333333333
Acromycter nezumi,128.0816667,30.855
Acromycter nezumi,141.42,36.96333333
Acromycter nezumi,126.8733333,28.3
Acromycter nezumi,138.71,34.76833333
Acromycter nezumi,126.9686111,28.555
Acromycter nezumi,137.995,34.38166667
Acromycter nezumi,121.900001526,24.9400005341
Acromycter nezumi,120.19,22.24
Acromycter nezumi,138.81666666666666,34.93
Acromycter nezumi,126.87333333333332,28.3
Acromycter nezumi,138.73,34.955000000000005
Acromycter nezumi,126.96861111111112,28.555
Acromycter nezumi,137.0488889,34.45333333
Acromycter nezumi,138.0011111,34.38166667
Acromycter nezumi,138.8166667,34.93
