species,decimalLongitude,decimalLatitude
Aetapcus maculatus,137.92,-35.17
Aetapcus maculatus,146.8,-41.08332
Aetapcus maculatus,115.1,-33.85
Aetapcus maculatus,138.48,-34.78
Aetapcus maculatus,146.75,-41.08332
Aetapcus maculatus,145.03,-38.48
Aetapcus maculatus,145.362,-38.565
Aetapcus maculatus,147.4,-41
Aetapcus maculatus,146.8,-41.06665
Aetapcus maculatus,147.033,-41.333
Aetapcus maculatus,138.5,-34.97
Aetapcus maculatus,147.8,-42.9
Aetapcus maculatus,147.965,-42.785
Aetapcus maculatus,147.92,-42.53
Aetapcus maculatus,146.7097,-41.06141
Aetapcus maculatus,146.35,-41.18332
Aetapcus maculatus,144.65,-38.27
Aetapcus maculatus,138.5,-34.92
Aetapcus maculatus,146.81666,-41.1
Aetapcus maculatus,144.716,-38.316
Aetapcus maculatus,137.67,-33.27
Aetapcus maculatus,147.34215,-39.49295
Aetapcus maculatus,144.196,-38.416
Aetapcus maculatus,138.05,-35.833
Aetapcus maculatus,144.714,-38.3178
Aetapcus maculatus,144.88,-38.1
Aetapcus maculatus,146.82499,-41.1375
Aetapcus maculatus,137.966,-35.733
Aetapcus maculatus,144.698,-38.277
Aetapcus maculatus,146.47,-39.04
Aetapcus maculatus,147.8,-42.89
Aetapcus maculatus,138.48,-34.82
Aetapcus maculatus,137.5667,-34.05
Aetapcus maculatus,137.65,-35.65
Aetapcus maculatus,137.666,-33.816
Aetapcus maculatus,122.03333,-33.88333
Aetapcus maculatus,146.64201,-41.09892
Aetapcus maculatus,133.3,-32.52
Aetapcus maculatus,138.5,-34.8
Aetapcus maculatus,146.73333,-41.05
Aetapcus maculatus,144.623,-38.29
Aetapcus maculatus,115.66667,-32.2
Aetapcus maculatus,113.583,-25.333
Aetapcus maculatus,138.53,-34.97
Aetapcus maculatus,148.04628,-42.6025
Aetapcus maculatus,115.75,-31.86667
Aetapcus maculatus,138.600006104,-34.9329986572
Aetapcus maculatus,139.85,-36.65
Aetapcus maculatus,137.35,-35.93
Aetapcus maculatus,138.507,-35.044
Aetapcus maculatus,146.78333,-41.05
Aetapcus maculatus,144.625,-38.28
Aetapcus maculatus,115.75,-31.83333
Aetapcus maculatus,148.3,-42.13333
Aetapcus maculatus,137.93,-33.6
Aetapcus maculatus,147.9,-42.6
Aetapcus maculatus,138.47,-35.13
Aetapcus maculatus,138.1,-35.6
Aetapcus maculatus,138.52,-35.05
Aetapcus maculatus,138.15,-34.18
Aetapcus maculatus,122.25,-34.13333
Aetapcus maculatus,146.6,-41.2
Aetapcus maculatus,137.35,-34.93
Aetapcus maculatus,138.48,-35.15
Aetapcus maculatus,138.75,-35.58
Aetapcus maculatus,138.6,-34.933
Aetapcus maculatus,115.16667,-34.28333
Aetapcus maculatus,145.661,-38.675
Aetapcus maculatus,138.33,-35.4
Aetapcus maculatus,144.876,-37.866
Aetapcus maculatus,148.0519,-42.58626
Aetapcus maculatus,145.9,-41.06665
Aetapcus maculatus,138.5,-35.83
Aetapcus maculatus,144.94,-40.44
Aetapcus maculatus,148.28333,-41.51667
Aetapcus maculatus,148.283,-41.516
Aetapcus maculatus,144.67,-38.27
Aetapcus maculatus,145.223,-38.529
Aetapcus maculatus,135.87,-34.72
Aetapcus maculatus,146.82499,-41.11666
Aetapcus maculatus,148.3,-41.9
Aetapcus maculatus,147.28708,-39.4653
Aetapcus maculatus,148.02431,-42.62899
Aetapcus maculatus,115.73333,-32.05
Aetapcus maculatus,144.62,-38.29
Aetapcus maculatus,146.57,-41.2
Aetapcus maculatus,137.1583,-35.8278
Aetapcus maculatus,147.9,-42.56
Aetapcus maculatus,146.33,-38.77
Aetapcus maculatus,115.75,-31.85
Aetapcus maculatus,144.717,-38.317
Aetapcus maculatus,148.06735,-42.5623
Aetapcus maculatus,115.63333,-33.33333
Aetapcus maculatus,135.87,-33.73
Aetapcus maculatus,146.65,-41.1
Aetapcus maculatus,138.48,-34.83
Aetapcus maculatus,119.53333,-34.36667
Aetapcus maculatus,115.75,-31.98333
Aetapcus maculatus,148.3,-41.88
Aetapcus maculatus,148.30344,-41.86864
Aetapcus maculatus,115.71667,-32.28333
Aetapcus maculatus,115.76667,-31.98333
Aetapcus maculatus,145.30836,-40.7665
Aetapcus maculatus,115.68333,-31.68333
Aetapcus maculatus,137.63,-35.65
Aetapcus maculatus,137.65,-35.666
Aetapcus maculatus,115.61667,-31.55
Aetapcus maculatus,115.75,-31.91667
