species,decimalLongitude,decimalLatitude
Alabes scotti,145.62,-38.6775
Alabes scotti,150.03333,-36.61667
Alabes scotti,141.603,-38.37
Alabes scotti,149.907,-37.5583
Alabes scotti,148.03333,-42.66667
Alabes scotti,148.3,-41.666
Alabes scotti,150.066,-36.416
Alabes scotti,150.05,-36.64166
Alabes scotti,149.99333,-37.315
Alabes scotti,148.29166,-41.5
Alabes scotti,148.33383,-39.82567
Alabes scotti,148.0333,-42.6666
Alabes scotti,147.543,-40.1567
Alabes scotti,147.918,-38.895
Alabes scotti,145.58,-38.67
Alabes scotti,149.99333,-37.31499
Alabes scotti,151.683,-33.05
Alabes scotti,148.02,-37.8083
Alabes scotti,148.30399,-39.90466
Alabes scotti,148.33383,-39.82566
Alabes scotti,148.304,-39.90467
Alabes scotti,149.98833,-37.315
Alabes scotti,148.02,-37.80833
