species,decimalLongitude,decimalLatitude
Albatrossia pectoralis,-132.79375,53.050883
Albatrossia pectoralis,-132.89955,53.2627
Albatrossia pectoralis,-132.5857,52.989616
Albatrossia pectoralis,-132.823166,53.211333
Albatrossia pectoralis,-159.75,54.3667
Albatrossia pectoralis,-134.51911,55.03232
Albatrossia pectoralis,-132.896833,53.00795
Albatrossia pectoralis,-132.5365,52.7725
Albatrossia pectoralis,-152.91853,55.93048
Albatrossia pectoralis,-132.8149,53.0962
Albatrossia pectoralis,-148.16,58.8
Albatrossia pectoralis,-133.044583,53.225466
Albatrossia pectoralis,-134.019,54.2537
Albatrossia pectoralis,-125.0036,46.31586
Albatrossia pectoralis,143.55,39.068333333333335
Albatrossia pectoralis,-132.849366,53.181883
Albatrossia pectoralis,-133.635566,53.94505
Albatrossia pectoralis,-147.5,59.18
Albatrossia pectoralis,-133.238133,53.604266
Albatrossia pectoralis,-166.5594444,54.2094444
Albatrossia pectoralis,-132.847783,53.166683
Albatrossia pectoralis,-172.5,56.63
Albatrossia pectoralis,-134.035533,54.26655
Albatrossia pectoralis,-133.027,53.395166
Albatrossia pectoralis,-122.231102,36.3897018
Albatrossia pectoralis,142.299771666667,39.1032716666667
Albatrossia pectoralis,-133.430283,53.77945
Albatrossia pectoralis,-170.99778,58.13722
Albatrossia pectoralis,-133.234833,53.369833
Albatrossia pectoralis,-132.816333,53.123333
Albatrossia pectoralis,-132.782983,53.1993
Albatrossia pectoralis,-124.154194,41.053372
Albatrossia pectoralis,-132.878183,53.289166
Albatrossia pectoralis,-132.7455,53.1045
Albatrossia pectoralis,-168.5,56.11
Albatrossia pectoralis,-134.025166,54.279166
Albatrossia pectoralis,-132.638,52.8265
Albatrossia pectoralis,-132.892166,53.087833
Albatrossia pectoralis,-133.243233,53.30465
Albatrossia pectoralis,-132.499633,52.929033
Albatrossia pectoralis,-133.734333,54.1105
Albatrossia pectoralis,-132.969133,53.129583
Albatrossia pectoralis,-177.16,51.67
Albatrossia pectoralis,-133.8542,54.314266
Albatrossia pectoralis,-132.587766,52.816733
Albatrossia pectoralis,-177.83,51.52
Albatrossia pectoralis,-133.193166,53.591166
Albatrossia pectoralis,-125.80723,46.4902
Albatrossia pectoralis,-133.983116,54.049033
Albatrossia pectoralis,-171.5363,56.23445
Albatrossia pectoralis,-133.876166,54.265666
Albatrossia pectoralis,-133.212383,53.388516
Albatrossia pectoralis,-133.523883,53.7369
Albatrossia pectoralis,-133.88775,54.289983
Albatrossia pectoralis,-132.90135,52.953616
Albatrossia pectoralis,-133.804033,53.9004
Albatrossia pectoralis,-124,46
Albatrossia pectoralis,142.35236,39.2333
Albatrossia pectoralis,-177.16,51.52
Albatrossia pectoralis,-132.7027,52.9393
Albatrossia pectoralis,-133.8371,53.97815
Albatrossia pectoralis,-133.9738,54.254916
Albatrossia pectoralis,-133.3188,53.657283
Albatrossia pectoralis,-133.458833,53.77565
Albatrossia pectoralis,-133.514966,53.822566
Albatrossia pectoralis,-133.74595,53.853516
Albatrossia pectoralis,-125.808333,47.366667
Albatrossia pectoralis,-167.83,53.59
Albatrossia pectoralis,-132.756616,52.9792
Albatrossia pectoralis,-126.5295,48.749166
Albatrossia pectoralis,-133.3282,53.686783
Albatrossia pectoralis,-133.282,53.363
Albatrossia pectoralis,-132.8652,53.218516
Albatrossia pectoralis,-169.16,56.28
Albatrossia pectoralis,-133.940333,54.060333
Albatrossia pectoralis,-132.920333,53.1815
Albatrossia pectoralis,-132.8761,53.078883
Albatrossia pectoralis,-178.83,59.94
Albatrossia pectoralis,-125,46
Albatrossia pectoralis,-134.022466,54.2362
Albatrossia pectoralis,-133.019833,53.375833
Albatrossia pectoralis,-133.8791,54.31775
Albatrossia pectoralis,-133.947833,54.285166
Albatrossia pectoralis,-134.030433,54.270716
Albatrossia pectoralis,-130.160783,51.633366
Albatrossia pectoralis,-132.805333,53.181333
Albatrossia pectoralis,-133.186833,53.44
Albatrossia pectoralis,144.38333333333333,41
Albatrossia pectoralis,-132.599833,52.984166
Albatrossia pectoralis,-132.78435,53.09865
Albatrossia pectoralis,-176.7803955,51.9430008
Albatrossia pectoralis,-133.210138,53.590164
Albatrossia pectoralis,-164.5,53.75
Albatrossia pectoralis,142.32319,39.2449
Albatrossia pectoralis,-145.27,56.29
Albatrossia pectoralis,-132.9029,53.304966
Albatrossia pectoralis,-133.073833,53.266166
Albatrossia pectoralis,-133.86655,53.960533
Albatrossia pectoralis,-133.379833,53.668833
Albatrossia pectoralis,-173.88789,57.78029
Albatrossia pectoralis,-133.0875,53.228066
Albatrossia pectoralis,-132.9836,53.3386
Albatrossia pectoralis,-133.817483,53.900783
Albatrossia pectoralis,-163.5,53.91
Albatrossia pectoralis,-133.2457,53.3238
Albatrossia pectoralis,-177.95039,58.60726
Albatrossia pectoralis,-132.776333,53.17
Albatrossia pectoralis,-132.901133,53.303116
Albatrossia pectoralis,142.3966667,39.105
Albatrossia pectoralis,-175.5,51.67
Albatrossia pectoralis,-172,53
Albatrossia pectoralis,-133.960166,54.276666
Albatrossia pectoralis,-124.7746046,46.1581069
Albatrossia pectoralis,-175.866667,58.5
Albatrossia pectoralis,-167.616,54.1135
Albatrossia pectoralis,174.16,52.3
Albatrossia pectoralis,-174.16,58.43
Albatrossia pectoralis,142.3034667,39.103125
Albatrossia pectoralis,-155.433333,55.433333
Albatrossia pectoralis,142.34636,39.23385
Albatrossia pectoralis,-132.917,53.0167
Albatrossia pectoralis,-132.738333,53.0182
Albatrossia pectoralis,-178.5,59.18
Albatrossia pectoralis,-170.16,55.93
Albatrossia pectoralis,-132.999083,53.1914
Albatrossia pectoralis,-167.8133,54.0583
Albatrossia pectoralis,-163.16,53.91
Albatrossia pectoralis,-175.108333,57.045
Albatrossia pectoralis,142.37089,39.23579
Albatrossia pectoralis,-133.954233,54.202266
Albatrossia pectoralis,-145,50
Albatrossia pectoralis,-168.81836,53.50054
Albatrossia pectoralis,-172.983611,56.753611
Albatrossia pectoralis,-133.175283,53.298433
Albatrossia pectoralis,-129.7123,51.197366
Albatrossia pectoralis,-174.5,58.43
Albatrossia pectoralis,-133.290466,53.659616
Albatrossia pectoralis,-133.244666,54.3515
Albatrossia pectoralis,-174.16,57.7
Albatrossia pectoralis,142.33269,39.24442
Albatrossia pectoralis,-134.5201,55.03312
Albatrossia pectoralis,-168.5,55.93
Albatrossia pectoralis,142.31971,39.24339
Albatrossia pectoralis,-177.16,51.83
Albatrossia pectoralis,-135.5,56.11
Albatrossia pectoralis,-133.184916,53.22915
Albatrossia pectoralis,-133.768833,53.816383
Albatrossia pectoralis,-179.3237,60.36245
Albatrossia pectoralis,-133.79735,53.919983
Albatrossia pectoralis,142.29742,39.16586
Albatrossia pectoralis,-126.639833,48.965
Albatrossia pectoralis,-132.87945,52.981266
Albatrossia pectoralis,-162.16,54.08
Albatrossia pectoralis,-146.1666667,56.3333333
Albatrossia pectoralis,-132.948233,53.222633
Albatrossia pectoralis,-133.86005,54.308116
Albatrossia pectoralis,-160.5,54.24
Albatrossia pectoralis,-133.634833,53.892633
Albatrossia pectoralis,-133.780766,54.07625
Albatrossia pectoralis,-178.5,60.13
Albatrossia pectoralis,-125.09656,41.49465
Albatrossia pectoralis,-124.775001526,46.158000946
Albatrossia pectoralis,-133.8262,53.967266
Albatrossia pectoralis,-133.707816,54.082716
Albatrossia pectoralis,-121.646667,35.103333
Albatrossia pectoralis,-123.137858,37.708273
Albatrossia pectoralis,-176.36458,52.04068
Albatrossia pectoralis,-154.16,55.93
Albatrossia pectoralis,-162.83,55.93
Albatrossia pectoralis,-133.285833,53.314833
Albatrossia pectoralis,-178.5,51.52
Albatrossia pectoralis,-175.83,52.14
Albatrossia pectoralis,-174.16,51.83
Albatrossia pectoralis,142.27688,39.01875
Albatrossia pectoralis,-173.83,57.88
Albatrossia pectoralis,-122.2311,36.38971
Albatrossia pectoralis,-166.742,54.128
Albatrossia pectoralis,142.45846,39.33268
Albatrossia pectoralis,-133.38335,53.73735
Albatrossia pectoralis,143.49499999999998,39.00333333333333
Albatrossia pectoralis,-149.83,57.7
Albatrossia pectoralis,-133.878983,54.168266
Albatrossia pectoralis,-124.75,46.15
Albatrossia pectoralis,-175.6075,58.15469
Albatrossia pectoralis,-136.63,57.7
Albatrossia pectoralis,-135.99,56.85
Albatrossia pectoralis,-126.335,48.4216666667
Albatrossia pectoralis,-125.1666667,44.28833333
Albatrossia pectoralis,-132.763166,53.113
Albatrossia pectoralis,-166.83,54.41
Albatrossia pectoralis,-145.2,56.3
Albatrossia pectoralis,-132.879516,53.02235
Albatrossia pectoralis,-166.783333,54.5
Albatrossia pectoralis,-170.833333,53.916667
Albatrossia pectoralis,143.55,39.06833333
Albatrossia pectoralis,-133.762183,53.835416
Albatrossia pectoralis,-176.83,51.52
Albatrossia pectoralis,-167.101,54.35466
Albatrossia pectoralis,-132.853066,53.17135
Albatrossia pectoralis,-173.616667,56.95
Albatrossia pectoralis,-176.7570038,52.0024986
Albatrossia pectoralis,-121.24626,34.522
Albatrossia pectoralis,-174.86591,58.52569
Albatrossia pectoralis,-145.71225,59.24965
Albatrossia pectoralis,143.47666666666666,41.568333333333335
Albatrossia pectoralis,-179.16,51.52
Albatrossia pectoralis,-140.33,55.13
Albatrossia pectoralis,-134.51849,55.03181
Albatrossia pectoralis,-178.16,59.94
Albatrossia pectoralis,-156.5261,54.75313
Albatrossia pectoralis,-168.5,55.59
Albatrossia pectoralis,-123.535961,38.213177
Albatrossia pectoralis,-132.729266,53.082416
Albatrossia pectoralis,-133.753833,54.028166
Albatrossia pectoralis,-133.658833,53.897666
Albatrossia pectoralis,-175.4713,58.06443
Albatrossia pectoralis,141.60217,42.22817
Albatrossia pectoralis,-122.0983333,36.3783333
Albatrossia pectoralis,142.5827,39.16684
Albatrossia pectoralis,142.35451,39.23306
Albatrossia pectoralis,-176.83,58.61
Albatrossia pectoralis,-124.9123154,40.2041892
Albatrossia pectoralis,-178.83,51.52
Albatrossia pectoralis,-179.21181,60.26942
Albatrossia pectoralis,-175.5,52.14
Albatrossia pectoralis,-170.16,52.3
Albatrossia pectoralis,-169.5,56.11
Albatrossia pectoralis,-133.870116,54.183366
Albatrossia pectoralis,-134.51938,55.03255
Albatrossia pectoralis,-175.5,58.43
Albatrossia pectoralis,-175.16,52.14
Albatrossia pectoralis,-166.75,54.047222
Albatrossia pectoralis,177.055556,53.508333
Albatrossia pectoralis,-131.917,52.5
Albatrossia pectoralis,-149.5,57.88
Albatrossia pectoralis,142.34166666666667,37.70666666666667
Albatrossia pectoralis,-174.83,51.83
Albatrossia pectoralis,-167.25,54.54
Albatrossia pectoralis,-178.519,59.63873
Albatrossia pectoralis,-153.16,56.28
Albatrossia pectoralis,-151.16,57.16
Albatrossia pectoralis,-154.16,55.76
Albatrossia pectoralis,-132.976166,53.356166
Albatrossia pectoralis,-146.16,59.37
Albatrossia pectoralis,-178.07961,58.90047
Albatrossia pectoralis,172.795,52.595
Albatrossia pectoralis,-178.07381,58.76624
Albatrossia pectoralis,-165.5,53.59
Albatrossia pectoralis,-166.466667,54.348333
Albatrossia pectoralis,173.78125,52.10488
Albatrossia pectoralis,-126.281433,48.707566
Albatrossia pectoralis,142.56,37.605000000000004
Albatrossia pectoralis,142.2033333,37.78833333
Albatrossia pectoralis,-127.2265,50.86067
Albatrossia pectoralis,-177.16,58.61
Albatrossia pectoralis,-178.16,51.36
Albatrossia pectoralis,-133.7715,54.072666
Albatrossia pectoralis,-125.699996948,47.4000015259
Albatrossia pectoralis,-124.9716667,44.5933333
Albatrossia pectoralis,-176.16,52.14
Albatrossia pectoralis,142.29355,39.01618
Albatrossia pectoralis,-124.9780057,46.2527504
Albatrossia pectoralis,-123.5666667,37.9833333
Albatrossia pectoralis,-175.615,51.725
Albatrossia pectoralis,-124.26061,41.781753
Albatrossia pectoralis,-166.383,53.2333
Albatrossia pectoralis,142.3416667,37.70666667
Albatrossia pectoralis,-133.299066,54.248066
Albatrossia pectoralis,-134.51784,55.03156
Albatrossia pectoralis,-168.81537,53.4996
Albatrossia pectoralis,-142.16,59.37
Albatrossia pectoralis,142.62444444444446,39.06333333333333
Albatrossia pectoralis,-148.16,58.61
Albatrossia pectoralis,-176.16,58.61
Albatrossia pectoralis,-133.121166,53.2615
Albatrossia pectoralis,-177.83,58.8
Albatrossia pectoralis,-124.084043,39.439218
Albatrossia pectoralis,-129.730333,51.0979
Albatrossia pectoralis,-156.52681,54.75364
Albatrossia pectoralis,-178.5,51.36
Albatrossia pectoralis,144.97333333333333,40.031666666666666
Albatrossia pectoralis,-127.176816,49.296266
Albatrossia pectoralis,-163.433333,53.925
Albatrossia pectoralis,142.56001,39.17361
Albatrossia pectoralis,-133.6322,53.989133
Albatrossia pectoralis,-162.83,53.91
Albatrossia pectoralis,-167.1375,53.947222
Albatrossia pectoralis,-172.4174,56.50814
Albatrossia pectoralis,-122.275,36.693333
Albatrossia pectoralis,170.58,41
Albatrossia pectoralis,-133.352333,53.6475
Albatrossia pectoralis,145.7716667,41.00333333
Albatrossia pectoralis,-134.51676,55.03127
Albatrossia pectoralis,-168.83,55.93
Albatrossia pectoralis,-156.52523,54.75285
Albatrossia pectoralis,-136.83,57.7
Albatrossia pectoralis,139.3466667,35.135
Albatrossia pectoralis,142.36613,39.23328
Albatrossia pectoralis,-178.5,59.56
Albatrossia pectoralis,-167.39173,54.40998
Albatrossia pectoralis,142.8,38.53666666666666
Albatrossia pectoralis,-166.666667,54.331667
Albatrossia pectoralis,-168.16,53.59
Albatrossia pectoralis,-148.5,58.25
Albatrossia pectoralis,-124.7266667,40.9033333
Albatrossia pectoralis,-129.994016,51.406116
Albatrossia pectoralis,-146.5,59.18
Albatrossia pectoralis,-124.866667,45.5
Albatrossia pectoralis,-178.83,51.67
Albatrossia pectoralis,-167.1669444,54.0355556
Albatrossia pectoralis,-173.83,57.34
Albatrossia pectoralis,178.3268,51.56516
Albatrossia pectoralis,-174.83,52.14
Albatrossia pectoralis,-133.860266,53.893666
Albatrossia pectoralis,-133.2879,53.65785
Albatrossia pectoralis,-175.16,51.67
Albatrossia pectoralis,-129,50.5167
Albatrossia pectoralis,-133.098,53.183333
Albatrossia pectoralis,-165.16,53.91
Albatrossia pectoralis,-169.16,56.11
Albatrossia pectoralis,-161.16,54.24
Albatrossia pectoralis,-133.137833,53.300333
Albatrossia pectoralis,-166.5,54.41
Albatrossia pectoralis,170.45,42.27
Albatrossia pectoralis,-146.83,59.18
Albatrossia pectoralis,-178.83,60.13
Albatrossia pectoralis,-149.24019,57.90112
Albatrossia pectoralis,-176.5,51.52
Albatrossia pectoralis,-124.3333333,40.6666667
Albatrossia pectoralis,-134.052566,54.23535
Albatrossia pectoralis,-129.729216,51.100166
Albatrossia pectoralis,173.83,52.14
Albatrossia pectoralis,-137.16,57.7
Albatrossia pectoralis,-177.5,51.99
Albatrossia pectoralis,-132.9728,53.331116
Albatrossia pectoralis,-126.334999084,48.4216651917
Albatrossia pectoralis,-174.83,58.61
Albatrossia pectoralis,143.4766667,41.56833333
Albatrossia pectoralis,-133.236683,53.293483
Albatrossia pectoralis,139.34666666666666,35.135
Albatrossia pectoralis,-125.977279,41.780815
Albatrossia pectoralis,-126.335,48.42166667
Albatrossia pectoralis,142.8,38.53666667
Albatrossia pectoralis,-132.731,53.13395
Albatrossia pectoralis,142.32567,39.24613
Albatrossia pectoralis,-124.6016667,40.7616667
Albatrossia pectoralis,-124.977996826,46.2529983521
Albatrossia pectoralis,-163.83833,53.22667
Albatrossia pectoralis,144.55722222222224,44.169999999999995
Albatrossia pectoralis,142.6244444,39.06333333
Albatrossia pectoralis,-147.83,58.99
Albatrossia pectoralis,-125.196667,46.011667
Albatrossia pectoralis,-133.777666,53.832133
Albatrossia pectoralis,-178.16,59.37
Albatrossia pectoralis,-148.83,58.25
Albatrossia pectoralis,143.495,39.00333333
Albatrossia pectoralis,-167.628333,54.497222
Albatrossia pectoralis,175.835556,51.963333
Albatrossia pectoralis,-174.5,51.83
Albatrossia pectoralis,145.0416667,39.99
Albatrossia pectoralis,-168.83,55.76
Albatrossia pectoralis,-168.27991,55.38978
Albatrossia pectoralis,-176.16,51.67
Albatrossia pectoralis,-164.83,53.59
Albatrossia pectoralis,-141.88,55.82
Albatrossia pectoralis,-141.16,58.99
Albatrossia pectoralis,-155.12833,55.74667
Albatrossia pectoralis,-132.919166,53.219
Albatrossia pectoralis,-126.418,48.4131
Albatrossia pectoralis,169.45,46.23
Albatrossia pectoralis,-160.16,54.24
Albatrossia pectoralis,142.27381,39.01903
Albatrossia pectoralis,-144.3,56.05
Albatrossia pectoralis,-177.5,51.83
Albatrossia pectoralis,-132.740166,53.137166
Albatrossia pectoralis,-168.83,56.11
Albatrossia pectoralis,-134.51733,55.03136
Albatrossia pectoralis,-165.16,53.59
Albatrossia pectoralis,145.04166666666666,39.99
Albatrossia pectoralis,-168.16,55.42
Albatrossia pectoralis,-123.394722,37.645278
Albatrossia pectoralis,-124.1833333,40.7833333
Albatrossia pectoralis,-175.83,58.43
Albatrossia pectoralis,-136.5,57.52
Albatrossia pectoralis,-132.719333,53.136666
Albatrossia pectoralis,-176.6672222,53.4016667
Albatrossia pectoralis,-151.5,56.98
Albatrossia pectoralis,-137.5,57.85
Albatrossia pectoralis,-172.16,56.63
Albatrossia pectoralis,-174.16,58.25
Albatrossia pectoralis,-133.212366,53.45435
Albatrossia pectoralis,-133.874566,54.278966
Albatrossia pectoralis,-133.543166,53.846
Albatrossia pectoralis,-147.01094,59.0729
Albatrossia pectoralis,142.55675,39.17375
Albatrossia pectoralis,170.05,44.88
Albatrossia pectoralis,-177.955278,58.878611
Albatrossia pectoralis,-134.035016,54.03995
Albatrossia pectoralis,-133.267,53.644
Albatrossia pectoralis,-133.181983,53.225216
Albatrossia pectoralis,-159.83,54.24
Albatrossia pectoralis,-179.5525,58.0675
Albatrossia pectoralis,-167.30769,54.52763
Albatrossia pectoralis,-173.83,57.52
Albatrossia pectoralis,139.4205,34.4003
Albatrossia pectoralis,-175.36817,58.25267
Albatrossia pectoralis,-134.51985,55.03306
Albatrossia pectoralis,-148.5,58.43
Albatrossia pectoralis,-126.8409,49.005866
Albatrossia pectoralis,-174.16,57.52
Albatrossia pectoralis,-133.857933,54.255983
Albatrossia pectoralis,-171.83,56.45
Albatrossia pectoralis,-126.204,48.3419
Albatrossia pectoralis,-179.16,51.67
Albatrossia pectoralis,-166.108333,54.5
Albatrossia pectoralis,-125.2466667,47.5666667
Albatrossia pectoralis,-145.83,59.37
Albatrossia pectoralis,-151.16,56.98
Albatrossia pectoralis,-173.16,57.88
Albatrossia pectoralis,142.39666666666665,39.105000000000004
Albatrossia pectoralis,-174.83,51.67
Albatrossia pectoralis,144.5572222,44.17
Albatrossia pectoralis,-179.5,52.3
Albatrossia pectoralis,-168.81555,53.49957
Albatrossia pectoralis,-151.88,56.66
Albatrossia pectoralis,-132.996666,53.236
Albatrossia pectoralis,-147.01274,59.07465
Albatrossia pectoralis,-178.65,60.5333333
Albatrossia pectoralis,142.57168,39.16772
Albatrossia pectoralis,-174.16,58.06
Albatrossia pectoralis,-150.83,57.16
Albatrossia pectoralis,-150.4,54.57
Albatrossia pectoralis,-178.16,58.99
Albatrossia pectoralis,-125.558326721,47.5
Albatrossia pectoralis,-162.83,54.08
Albatrossia pectoralis,-125.2136,44.4747
Albatrossia pectoralis,144.95666666666665,40.30333333333333
Albatrossia pectoralis,-125.27311,47.29539
Albatrossia pectoralis,-149.5,57.7
Albatrossia pectoralis,-133.426,54.174166
Albatrossia pectoralis,179.16,51.21
Albatrossia pectoralis,142.34156,39.23422
Albatrossia pectoralis,-74.778249,-10.978497
Albatrossia pectoralis,-173.16,52.3
Albatrossia pectoralis,-150.16,57.52
Albatrossia pectoralis,-146.4,56.44
Albatrossia pectoralis,-133.283166,54.265666
Albatrossia pectoralis,142.27142,39.01894
Albatrossia pectoralis,-124.184959,40.805709
Albatrossia pectoralis,-126.275116,48.646883
Albatrossia pectoralis,142.34405,39.23397
Albatrossia pectoralis,142.35633,39.23288
Albatrossia pectoralis,-177.87219,58.50635
Albatrossia pectoralis,-178.5,59.75
Albatrossia pectoralis,-126.2734,48.70555
Albatrossia pectoralis,-125.81596,48.15479
Albatrossia pectoralis,-176.5,51.99
Albatrossia pectoralis,-132.906333,53.07275
Albatrossia pectoralis,142.45856,39.33199
Albatrossia pectoralis,-178.83,51.36
Albatrossia pectoralis,-150.16,57.34
Albatrossia pectoralis,-179.16,60.13
Albatrossia pectoralis,144.9733333,40.03166667
Albatrossia pectoralis,-133.17765,53.407616
Albatrossia pectoralis,-149.83,57.52
Albatrossia pectoralis,-123.6333333,37.9666667
Albatrossia pectoralis,-164.16,53.75
Albatrossia pectoralis,-143.16,59.56
Albatrossia pectoralis,-132.65775,52.8908
Albatrossia pectoralis,174.5,52.3
Albatrossia pectoralis,-167.5,55.08
Albatrossia pectoralis,-133.26205,53.3156
Albatrossia pectoralis,-133.062116,53.246166
Albatrossia pectoralis,142.31673,39.24326
Albatrossia pectoralis,-169.83,53.1
Albatrossia pectoralis,-164.733,53.645
Albatrossia pectoralis,-168.87232,55.58945
Albatrossia pectoralis,-133.5765,53.948666
Albatrossia pectoralis,142.35836,39.2327
Albatrossia pectoralis,142.56,37.605
Albatrossia pectoralis,-172.16,56.45
Albatrossia pectoralis,-156.52946,54.75568
Albatrossia pectoralis,-170.83,56.28
Albatrossia pectoralis,-174.83,52.3
Albatrossia pectoralis,144.9566667,40.30333333
Albatrossia pectoralis,-133.77855,53.99935
Albatrossia pectoralis,-173.83,52.46
Albatrossia pectoralis,-132.543833,52.808333
Albatrossia pectoralis,-125.80827,46.49224
Albatrossia pectoralis,142.37074,39.23633
Albatrossia pectoralis,-147.01217,59.07396
Albatrossia pectoralis,-125.2233333,44.4716667
Albatrossia pectoralis,-136.5,57.7
Albatrossia pectoralis,-168.83,53.42
Albatrossia pectoralis,142.4127778,39.11333333
Albatrossia pectoralis,142.36357,39.23234
Albatrossia pectoralis,-167.6141,54.0893
Albatrossia pectoralis,-133.1875,53.542666
Albatrossia pectoralis,-177.83,58.61
Albatrossia pectoralis,-129.725416,51.203283
Albatrossia pectoralis,-177.5,51.52
Albatrossia pectoralis,-167.16,54.74
Albatrossia pectoralis,-169.5,56.28
Albatrossia pectoralis,-170.5,52.3
Albatrossia pectoralis,142.37006,39.23502
Albatrossia pectoralis,142.36834,39.23431
Albatrossia pectoralis,142.20333333333332,37.788333333333334
Albatrossia pectoralis,145.77166666666668,41.00333333333333
Albatrossia pectoralis,142.39912,39.39969
Albatrossia pectoralis,-164.1697,53.50666
Albatrossia pectoralis,142.34879,39.23367
Albatrossia pectoralis,-119.4416667,32.7533333
Albatrossia pectoralis,-125,44.166667
Albatrossia pectoralis,-134.5197,55.03276
Albatrossia pectoralis,-178.16,51.67
Albatrossia pectoralis,144.3833333,41
Albatrossia pectoralis,-125.27413,47.29667
Albatrossia pectoralis,-141.16,58.8
Albatrossia pectoralis,-132.872666,53.0715
Albatrossia pectoralis,142.55561,39.17349
Albatrossia pectoralis,-134.52002,55.03312
Albatrossia pectoralis,-178.16,58.8
Albatrossia pectoralis,-125.09727,41.49419
Albatrossia pectoralis,-178.16,51.83
Albatrossia pectoralis,-160.83,54.24
Albatrossia pectoralis,-166.16,54.58
Albatrossia pectoralis,-135.5,56.28
Albatrossia pectoralis,-173.83,57.16
Albatrossia pectoralis,-165.83,53.42
Albatrossia pectoralis,-168.83,55.59
Albatrossia pectoralis,-173.5,52.3
Albatrossia pectoralis,-173.83,51.83
Albatrossia pectoralis,-167.83,55.08
Albatrossia pectoralis,-147.16,59.18
Albatrossia pectoralis,-142.83,59.56
Albatrossia pectoralis,142.4127777777778,39.11333333333334
Albatrossia pectoralis,-133.579,53.938333
Albatrossia pectoralis,142.32865,39.2448
Albatrossia pectoralis,-130.157833,51.633733
