species,decimalLongitude,decimalLatitude
Alburnoides bipunctatus,1.363452,49.015344
Alburnoides bipunctatus,22.1667,48.5
Alburnoides bipunctatus,30.29883333333333,40.53833333333333
Alburnoides bipunctatus,54.2333,36.0667
Alburnoides bipunctatus,54.0833,36.2833
Alburnoides bipunctatus,30.505333333333333,40.3955
Alburnoides bipunctatus,21.7333335876,44.8666648865
Alburnoides bipunctatus,26.4500008,42.7669983
Alburnoides bipunctatus,24.25,46.45
Alburnoides bipunctatus,48.2,33.7833
Alburnoides bipunctatus,23.084814,47.928919
Alburnoides bipunctatus,48.3353,32.2444
Alburnoides bipunctatus,22,44.95
Alburnoides bipunctatus,27.85,42.083333
Alburnoides bipunctatus,20.8166675568,50.8166656494
Alburnoides bipunctatus,1.38333,47.2667
Alburnoides bipunctatus,52.9,29.9917
Alburnoides bipunctatus,21.7333333333,44.8666666667
Alburnoides bipunctatus,23.4667,48.0833
Alburnoides bipunctatus,3.6,46.3167
Alburnoides bipunctatus,21.175821,45.645663
Alburnoides bipunctatus,4.868055556,50.45777778
Alburnoides bipunctatus,24.25,46.4500007629
Alburnoides bipunctatus,22.3,49.5333
Alburnoides bipunctatus,9.3,48.0833
Alburnoides bipunctatus,29.178166666666662,38.24216666666668
Alburnoides bipunctatus,20.8166666667,50.8166666667
Alburnoides bipunctatus,21.25,44.8333
