species,decimalLongitude,decimalLatitude
Alburnus alburnus,24.2833,58.1667
Alburnus alburnus,4.75750877,51.78408684
Alburnus alburnus,20.8833,63.6933
Alburnus alburnus,20.8981,63.6853
Alburnus alburnus,16.5911,57.0533
Alburnus alburnus,18.2056,60.4356
Alburnus alburnus,14.437815,50.082807
Alburnus alburnus,20.8731,63.6836
Alburnus alburnus,11.2333335876,48.75
Alburnus alburnus,16.5578,57.0206
Alburnus alburnus,16.7378,58.0275
Alburnus alburnus,18.8564,59.5736
Alburnus alburnus,20.8781,63.6922
Alburnus alburnus,22.3806,65.8583
Alburnus alburnus,4.61157613,51.7034817
Alburnus alburnus,16.5908,57.0758
Alburnus alburnus,16.6511,57.4067
Alburnus alburnus,16.585,57.0842
Alburnus alburnus,16.6569,57.4064
Alburnus alburnus,18.1986,60.4278
Alburnus alburnus,20.9003,63.6847
Alburnus alburnus,3.0328,51.34266
Alburnus alburnus,16.7672,58.02
Alburnus alburnus,16.7911,58.0275
Alburnus alburnus,20.9108,63.6853
Alburnus alburnus,16.6772,57.4242
Alburnus alburnus,23.14333,58.08409
Alburnus alburnus,21.351348,45.682349
Alburnus alburnus,22.4028,65.8222
Alburnus alburnus,18.1442,60.4567
Alburnus alburnus,16.5922,57.0828
Alburnus alburnus,15.8194,56.1031
Alburnus alburnus,24.3667,58.25
Alburnus alburnus,16.6528,57.3861
Alburnus alburnus,22.4194,65.8389
Alburnus alburnus,20.9083,63.6886
Alburnus alburnus,18.2067,60.4403
Alburnus alburnus,4.42675516,51.70503345
Alburnus alburnus,18.8417,59.5608
Alburnus alburnus,16.7767,58.0256
Alburnus alburnus,16.775,58.0194
Alburnus alburnus,18.2006,60.4319
Alburnus alburnus,8.34130265,55.5316658
Alburnus alburnus,102.2666666667,60.3666666667
Alburnus alburnus,16.5953,57.0861
Alburnus alburnus,15.7197,56.0842
Alburnus alburnus,12.3,48.9667
Alburnus alburnus,18.1894,60.4442
Alburnus alburnus,16.5961,57.1039
Alburnus alburnus,16.5983,57.1003
Alburnus alburnus,1.38333,47.2667
Alburnus alburnus,16.6714,57.4258
Alburnus alburnus,18.1403,60.4614
Alburnus alburnus,22.3778,65.8694
Alburnus alburnus,12.9667,48.8
Alburnus alburnus,15.8203,56.0781
Alburnus alburnus,4.02266614,51.84375895
Alburnus alburnus,8.3413361,55.53171771
Alburnus alburnus,17.1906,61.4511
Alburnus alburnus,16.5914,57.0469
Alburnus alburnus,49.9667,37.4
Alburnus alburnus,12.8333,48.5333
Alburnus alburnus,49.3333,37.4667
Alburnus alburnus,16.5856,57.0842
Alburnus alburnus,18.1819,60.4122
Alburnus alburnus,16.6556,57.3864
Alburnus alburnus,18.1558,60.4361
Alburnus alburnus,16.5936,57.0506
Alburnus alburnus,22.4056,65.8472
Alburnus alburnus,16.6681,57.4228
Alburnus alburnus,20.9097,63.6872
Alburnus alburnus,20.8792,63.6939
Alburnus alburnus,17.2347,61.0083
Alburnus alburnus,22.4389,65.8319
Alburnus alburnus,16.7058,58.0181
Alburnus alburnus,49.9333,37.275
Alburnus alburnus,8.3412958,55.5317028
Alburnus alburnus,18.2078,60.4164
Alburnus alburnus,22.4,65.8433
Alburnus alburnus,20.8747,63.69
Alburnus alburnus,15.8028,56.0561
Alburnus alburnus,16.5908,57.0528
Alburnus alburnus,22.45,65.8306
Alburnus alburnus,2.84632,51.52808
Alburnus alburnus,15.8192,56.0708
Alburnus alburnus,16.5961,57.0869
Alburnus alburnus,16.7733,58.0222
Alburnus alburnus,18.2061,60.4319
Alburnus alburnus,4.6102602,51.70429096
Alburnus alburnus,-0.166667,51.4167
Alburnus alburnus,54.0833,36.85
Alburnus alburnus,22.4083,65.8333
Alburnus alburnus,4.76915426,51.78879588
Alburnus alburnus,55.15,37.2583
Alburnus alburnus,15.7917,56.0958
Alburnus alburnus,4.59034287,51.71062901
Alburnus alburnus,13.1833333333,48.65
Alburnus alburnus,4.58088365,51.70961142
Alburnus alburnus,16.65,57.3917
Alburnus alburnus,4.20526,51.366904
Alburnus alburnus,27.554,37.717
Alburnus alburnus,16.5589,57.0178
Alburnus alburnus,16.7036,58.0128
Alburnus alburnus,22.25,48.6667
Alburnus alburnus,2.991793,51.56758
Alburnus alburnus,15.8375,56.0892
Alburnus alburnus,16.5911,57.0525
Alburnus alburnus,22.3,49.5333
Alburnus alburnus,2.770872,51.569588
Alburnus alburnus,2.770872,51.56959
Alburnus alburnus,2.3,48.95
Alburnus alburnus,31.86444444444444,38.31919444444444
Alburnus alburnus,18.8669,59.5878
Alburnus alburnus,20.8775,63.6853
Alburnus alburnus,16.7156,58.0164
Alburnus alburnus,0,43.5
Alburnus alburnus,18.1642,60.4447
Alburnus alburnus,13.4667,48.5333
Alburnus alburnus,16.5892,57.0717
Alburnus alburnus,11.95,48.9166666667
Alburnus alburnus,31.1215,39.41333333333333
Alburnus alburnus,48.3,38.25
Alburnus alburnus,8.96666666667,48.0166666667
Alburnus alburnus,17.1511,61.4511
Alburnus alburnus,16.75,58.0203
Alburnus alburnus,20.8417,63.6694
Alburnus alburnus,12.6166666667,48.9
Alburnus alburnus,20.8764,63.6847
Alburnus alburnus,15.8025,56.0775
Alburnus alburnus,17.1506,61.4544
Alburnus alburnus,22.4611,65.8278
Alburnus alburnus,18.1928,60.4356
Alburnus alburnus,18.1844,60.4417
Alburnus alburnus,15.7964,56.0728
Alburnus alburnus,19.77,63.5372
Alburnus alburnus,22.811002,54.262155
Alburnus alburnus,16.7,57.4242
Alburnus alburnus,22.2638888889,48.6333333333
Alburnus alburnus,18.205,60.4158
Alburnus alburnus,16.5517,57.0197
Alburnus alburnus,16.5833,57.0417
Alburnus alburnus,5.78608687,52.63982771
Alburnus alburnus,15.7894,56.1272
Alburnus alburnus,24.2,46.4833
Alburnus alburnus,16.7747,58.0275
Alburnus alburnus,16.5836,57.0428
Alburnus alburnus,54.6,37.15
Alburnus alburnus,20.9028,63.6911
Alburnus alburnus,16.6772,57.4228
Alburnus alburnus,16.67,57.4228
Alburnus alburnus,16.6528,57.4078
Alburnus alburnus,18.1928,60.4256
Alburnus alburnus,4.49215366,51.68652168
Alburnus alburnus,4.69514001,51.72028406
Alburnus alburnus,16.5519,57.0222
Alburnus alburnus,18.1797,60.4167
Alburnus alburnus,18.1989,60.4278
Alburnus alburnus,4.43396387,51.70210796
Alburnus alburnus,3.66667,46.5
Alburnus alburnus,20.9081,63.685
Alburnus alburnus,16.5942,57.0506
Alburnus alburnus,3.6,46.3167
Alburnus alburnus,16.5517,57.0186
Alburnus alburnus,15.7403,56.1244
Alburnus alburnus,14.6999998093,48.1666679382
Alburnus alburnus,17.1553,61.4622
Alburnus alburnus,16.7258,58.0117
Alburnus alburnus,21,52.25
Alburnus alburnus,4.31610121,51.75038628
Alburnus alburnus,27.34033333333333,37.50416666666668
Alburnus alburnus,4.59035375,51.70919087
Alburnus alburnus,18.1853,60.4303
Alburnus alburnus,18.19,60.4147
Alburnus alburnus,22.4583,65.8167
Alburnus alburnus,16.5597,57.0253
Alburnus alburnus,4.39585314,51.68385866
Alburnus alburnus,15.7383,56.0908
Alburnus alburnus,15.8156,56.0656
Alburnus alburnus,15.7753,56.1086
Alburnus alburnus,16.6133,57.1069
Alburnus alburnus,18.2,60.443600000000004
Alburnus alburnus,22.3556,65.8583
Alburnus alburnus,18.7667,60.0333
Alburnus alburnus,18.1636,60.42
Alburnus alburnus,29.69733,45.164481
Alburnus alburnus,22.4028,65.8306
Alburnus alburnus,4.47842755,51.68949919
Alburnus alburnus,28.13683333333333,38.518
Alburnus alburnus,17.1772,61.4836
Alburnus alburnus,4.49284312,51.70578113
Alburnus alburnus,16.5942,57.0436
Alburnus alburnus,17.1736,61.4517
Alburnus alburnus,4.60596905,51.70396577
Alburnus alburnus,4.75711003,51.78565771
Alburnus alburnus,4.75339322,51.78303098
Alburnus alburnus,4.25530063,51.7949946
Alburnus alburnus,15.8358,56.0883
Alburnus alburnus,16.7242,58.0139
Alburnus alburnus,19.7531,63.5247
Alburnus alburnus,0.69,40.639
Alburnus alburnus,15.7442,56.1217
Alburnus alburnus,16.6869,57.4203
Alburnus alburnus,4.58931854,51.71046023
Alburnus alburnus,4.46228263,51.69184481
Alburnus alburnus,16.5908,57.0475
Alburnus alburnus,8.96666717529,48.0499992371
Alburnus alburnus,18.1758,60.4422
Alburnus alburnus,49.9,37.2
Alburnus alburnus,18.8706,59.5875
Alburnus alburnus,22.4583,65.8611
Alburnus alburnus,16.7119,58.0239
Alburnus alburnus,52.2667,36.6333
Alburnus alburnus,4.6205575,51.70960832
Alburnus alburnus,17.1458,61.47
Alburnus alburnus,15.8331,56.0786
Alburnus alburnus,11.9499998093,48.9166679382
Alburnus alburnus,22.4306,65.8333
Alburnus alburnus,4.61766461,51.70615561
Alburnus alburnus,16.6064,57.1028
Alburnus alburnus,18.1528,60.4392
Alburnus alburnus,20.9014,63.6861
Alburnus alburnus,22.4556,65.8528
Alburnus alburnus,15.7394,56.1178
Alburnus alburnus,4.48049045,51.69120509
Alburnus alburnus,17.1586,61.4708
Alburnus alburnus,20.9042,63.6869
Alburnus alburnus,15.7892,56.0881
Alburnus alburnus,14.7,48.1666666667
Alburnus alburnus,16.5919,57.0825
Alburnus alburnus,2.852427,51.52077
Alburnus alburnus,22.4944,65.8222
Alburnus alburnus,24.1167,46.55
Alburnus alburnus,4.52609113,51.69889309
Alburnus alburnus,22.4694,65.8611
Alburnus alburnus,16.6006,57.1
Alburnus alburnus,49.45,37.4667
Alburnus alburnus,4.2,50.5
Alburnus alburnus,15.7781,56.1067
Alburnus alburnus,21,53.666668
Alburnus alburnus,49.4,36.7667
Alburnus alburnus,22.4694,65.8278
Alburnus alburnus,16.7392,58.015
Alburnus alburnus,15.7839,56.0683
Alburnus alburnus,16.7439,58.0033
Alburnus alburnus,51.3667,36.6833
Alburnus alburnus,22.4528,65.8278
Alburnus alburnus,52.4833,36.6833
Alburnus alburnus,16.6619,57.3872
Alburnus alburnus,16.5589,57.0253
Alburnus alburnus,15.7944,56.0744
Alburnus alburnus,4.41626545,51.69764796
Alburnus alburnus,16.5861,57.0775
Alburnus alburnus,8.96666717529,48.0166664124
Alburnus alburnus,7.66666650772,44.9000015259
Alburnus alburnus,24.4333,58.3
Alburnus alburnus,12.6166667938,48.9000015259
Alburnus alburnus,20.8775,63.69
Alburnus alburnus,15.8075,56.0889
Alburnus alburnus,5.82995363,52.59473642
Alburnus alburnus,22.475,65.8444
Alburnus alburnus,4.58553192,51.70940065
Alburnus alburnus,20.8742,63.6919
Alburnus alburnus,17.1872,61.4572
Alburnus alburnus,4.44374432,51.70067696
Alburnus alburnus,54,36.7667
Alburnus alburnus,16.7108,58.0228
Alburnus alburnus,22.4667,65.8194
Alburnus alburnus,16.55,57.0222
Alburnus alburnus,16.7158,58.0206
Alburnus alburnus,50.2667,37.2167
Alburnus alburnus,15.7364,56.0911
Alburnus alburnus,4.60648872,51.70403216
Alburnus alburnus,16.5969,57.1036
Alburnus alburnus,16.6033,57.0719
Alburnus alburnus,17.1667,61.4533
Alburnus alburnus,24.15,46.4666666667
Alburnus alburnus,13.1833333969,48.6500015259
Alburnus alburnus,24.1499996185,46.4666671753
Alburnus alburnus,16.5894,57.0608
Alburnus alburnus,18.1594,60.4353
Alburnus alburnus,18.1733,60.4214
Alburnus alburnus,49.8667,37.35
Alburnus alburnus,16.5892,57.0714
Alburnus alburnus,7.30137425288901,54.1070323273528
Alburnus alburnus,4.58914302,51.7105669
Alburnus alburnus,31.86444444444444,38.31944444444444
Alburnus alburnus,23.6667,48
Alburnus alburnus,18.1878,60.443600000000004
Alburnus alburnus,16.6064,57.1025
Alburnus alburnus,16.6744,57.4214
Alburnus alburnus,11.2333333333,48.75
Alburnus alburnus,18.1174,54.3227
Alburnus alburnus,16.5608,57.0178
Alburnus alburnus,28.975,37.985833333333325
Alburnus alburnus,8.96666666667,48.05
Alburnus alburnus,5.13240059,51.81455943
Alburnus alburnus,15.7661,56.1039
Alburnus alburnus,18.1411,60.4581
Alburnus alburnus,18.1881,60.4433
Alburnus alburnus,4.61284182,51.7098272
Alburnus alburnus,27.3333,66.5833
Alburnus alburnus,20.8861,63.6986
Alburnus alburnus,22.3972,65.8556
Alburnus alburnus,15.7369,56.0892
Alburnus alburnus,20.8833,63.6883
Alburnus alburnus,18.8458,59.5811
Alburnus alburnus,16.7639,58.0094
Alburnus alburnus,18.1367,60.44
Alburnus alburnus,20.8442,63.6672
Alburnus alburnus,9.63333,48.2333
Alburnus alburnus,22.4417,65.8472
Alburnus alburnus,-0.3,51.4167
Alburnus alburnus,17.1908,60.9842
Alburnus alburnus,20.8767,63.6861
Alburnus alburnus,4.41920132,51.70646347
Alburnus alburnus,15.5128,56.1764
Alburnus alburnus,18.1219,60.4539
Alburnus alburnus,18.1242,60.4539
Alburnus alburnus,16.7536,58.0147
Alburnus alburnus,15.82,56.1097
Alburnus alburnus,16.7189,58.0192
Alburnus alburnus,16.7792,58.0244
Alburnus alburnus,50.8167,36.85
Alburnus alburnus,0.2,48
Alburnus alburnus,4.52662364,51.69979588
Alburnus alburnus,20.9083,63.6856
Alburnus alburnus,2.87122,51.50318
Alburnus alburnus,4.878611111,50.32638889
Alburnus alburnus,15.8142,56.0758
Alburnus alburnus,18.8517,59.5681
Alburnus alburnus,16.5989,57.1031
Alburnus alburnus,15.8192,56.0694
Alburnus alburnus,4.50915362,51.68464583
Alburnus alburnus,4.46452101,51.69130514
Alburnus alburnus,-0.183333,51.45
Alburnus alburnus,15.74,56.0933
Alburnus alburnus,4.59310038,51.71262529
Alburnus alburnus,4.48460431,51.68726377
Alburnus alburnus,18.1889,60.4442
Alburnus alburnus,4.58914873,51.71024334
Alburnus alburnus,22.4667,48.7333
Alburnus alburnus,22.425,65.8667
Alburnus alburnus,22.4305555556,44.7166666667
Alburnus alburnus,4.48357877,51.68864914
Alburnus alburnus,4.64230688,51.71910606
Alburnus alburnus,5.8785980078,50.3946198235
Alburnus alburnus,18,56
Alburnus alburnus,2.77087,51.569592
Alburnus alburnus,22.425,65.8056
Alburnus alburnus,18.1369,60.4531
Alburnus alburnus,19.8531,63.5392
Alburnus alburnus,22.3167,60.4667
Alburnus alburnus,18.2075,60.4172
Alburnus alburnus,16.6,57.1008
Alburnus alburnus,19.7525,63.5361
Alburnus alburnus,16.6136,57.1061
Alburnus alburnus,24.2,58.05
Alburnus alburnus,17.2542,61.0167
Alburnus alburnus,4.43413352,51.70641505
Alburnus alburnus,4.47842408,51.68823173
Alburnus alburnus,22.4333,65.8361
Alburnus alburnus,16.7261,58.0139
Alburnus alburnus,18.1269,60.445
Alburnus alburnus,-0.133333,51.45
Alburnus alburnus,22.4389,65.8194
Alburnus alburnus,16.7178,58.0144
Alburnus alburnus,16.5917,57.0342
Alburnus alburnus,20.8819,63.6917
Alburnus alburnus,28.00433333333333,37.688
Alburnus alburnus,20.8781,63.6919
Alburnus alburnus,16.7728,58.0231
Alburnus alburnus,17.1736,60.975
Alburnus alburnus,4.76340443,51.79058115
Alburnus alburnus,3.2554,51.447917
Alburnus alburnus,4.69551444,51.7194593
Alburnus alburnus,18.1364,60.4614
Alburnus alburnus,18.1917,60.4356
Alburnus alburnus,17.1711,61.4531
Alburnus alburnus,4.43911819,51.70605098
Alburnus alburnus,17.1558,61.4572
Alburnus alburnus,52.4167,36.6667
Alburnus alburnus,2.80785,51.43329
Alburnus alburnus,4.58845604,51.71013974
Alburnus alburnus,16.6572,57.3944
Alburnus alburnus,18.1378,60.4536
Alburnus alburnus,16.7733,58.0256
Alburnus alburnus,49.9,37.4667
Alburnus alburnus,15.8431,56.0881
Alburnus alburnus,22.5833,60.0167
Alburnus alburnus,50.25,37.1333
Alburnus alburnus,49.9583,37.3167
Alburnus alburnus,16.5967,57.1028
Alburnus alburnus,20.8719,63.6839
Alburnus alburnus,50.6167,36.95
Alburnus alburnus,9.95,48.4
Alburnus alburnus,27.4415,38.02616666666666
Alburnus alburnus,15.8347,56.0831
Alburnus alburnus,22.3667,65.8583
Alburnus alburnus,17.1611,60.9639
Alburnus alburnus,19.7864,63.5422
Alburnus alburnus,16.7042,58.0158
Alburnus alburnus,15.8014,56.0861
Alburnus alburnus,16.6,57.0672
Alburnus alburnus,4.47516431,51.71004045
Alburnus alburnus,22.4417,65.8667
Alburnus alburnus,18.1231,60.4569
Alburnus alburnus,18.1536,60.4539
Alburnus alburnus,4.76469275,51.79070484
Alburnus alburnus,16.5517,57.0222
Alburnus alburnus,21,63.5
Alburnus alburnus,18.6281,60.1503
Alburnus alburnus,4.38881934,51.68018533
Alburnus alburnus,5.329999923706055,52.75
Alburnus alburnus,17.1614,61.4586
Alburnus alburnus,4.74660873,51.77501222
Alburnus alburnus,13.2,48.6
Alburnus alburnus,15.7947,56.0703
Alburnus alburnus,54.0583,36.825
Alburnus alburnus,15.7767,56.0808
Alburnus alburnus,20.8908,63.69
Alburnus alburnus,4.49271347,51.70575318
Alburnus alburnus,4.58881027,51.71056463
Alburnus alburnus,18.1747,60.4169
Alburnus alburnus,51.5167,36.65
Alburnus alburnus,52.2,36.6167
Alburnus alburnus,18.1261,60.4539
Alburnus alburnus,18.1356,60.45
Alburnus alburnus,15.7467,56.0889
Alburnus alburnus,16.6572,57.4061
Alburnus alburnus,4.76529343,51.79024062
Alburnus alburnus,22.4028,65.8611
Alburnus alburnus,49.6667,37.4333
Alburnus alburnus,16.6725,57.4222
Alburnus alburnus,18.6539,60.1606
Alburnus alburnus,13.607838,55.985021
Alburnus alburnus,31.327333333333325,39.04816666666666
Alburnus alburnus,18.8819,59.5797
