species,decimalLongitude,decimalLatitude
Albula glossodonta,46.206047,-9.400901
Albula glossodonta,-130,-32.5
Albula glossodonta,46.2057637,-9.4011713
Albula glossodonta,46.2253634,-9.42518
Albula glossodonta,163.491576,-19.81434
Albula glossodonta,121.650001526,25.2000007629
Albula glossodonta,46.2109879,-9.4461709
Albula glossodonta,46.2057166,-9.4010242
Albula glossodonta,43.516998291,-23.3330001831
Albula glossodonta,40.36666667,-22.36666667
Albula glossodonta,-160,22
Albula glossodonta,46.450737,-9.3695186
Albula glossodonta,32.6669998169,28
Albula glossodonta,57.5830001831,-20.3330001831
Albula glossodonta,145.7169,15.1994
Albula glossodonta,40.8649779,-2.2917111
Albula glossodonta,121.919998169,25.0499992371
Albula glossodonta,40.14815,19.003833
Albula glossodonta,32.667,28
Albula glossodonta,-162.066333,5.87845
Albula glossodonta,55.230556,-20.615278
Albula glossodonta,60,-15
Albula glossodonta,-158.650001526,21.7000160217
Albula glossodonta,47,-25.1830005646
Albula glossodonta,55.53,-21.26
Albula glossodonta,47,-25.183
Albula glossodonta,-157.338197,1.861438
Albula glossodonta,-149.772,-17.4834
Albula glossodonta,-175.847305298,27.8562908173
Albula glossodonta,57.583,-20.333
Albula glossodonta,165.290838295057,-20.5800085674362
Albula glossodonta,54.346147,12.602461
Albula glossodonta,55.230556488,-20.615278244
Albula glossodonta,120.15,23.05
Albula glossodonta,43.517,-23.333
Albula glossodonta,120.150001526,23.0499992371
Albula glossodonta,-149.762,-17.5206
Albula glossodonta,120.28,22.56
