species,decimalLongitude,decimalLatitude
Aldrichetta forsteri,147.4505,-42.796
Aldrichetta forsteri,147.51383,-42.79
Aldrichetta forsteri,147.50517,-42.79533
Aldrichetta forsteri,146.954,-43.48467
Aldrichetta forsteri,115.7172,-32.5381
Aldrichetta forsteri,115.70767,-32.73953
Aldrichetta forsteri,147.51617,-42.79433
Aldrichetta forsteri,147.56667,-42.80917
Aldrichetta forsteri,147.594,-42.80683
Aldrichetta forsteri,115.68557,-32.68587
Aldrichetta forsteri,115.71923,-32.54573
Aldrichetta forsteri,146.85717,-41.1525
Aldrichetta forsteri,147.96683,-42.3375
Aldrichetta forsteri,148.15183,-42.06883
Aldrichetta forsteri,147.575,-42.808
Aldrichetta forsteri,147.59783,-42.84767
Aldrichetta forsteri,147.53067,-42.99817
Aldrichetta forsteri,147.49033,-42.80483
Aldrichetta forsteri,147.48117,-42.80233
Aldrichetta forsteri,147.512,-42.80783
Aldrichetta forsteri,147.507,-42.791
Aldrichetta forsteri,147.49683,-42.80917
Aldrichetta forsteri,147.97183,-42.32733
Aldrichetta forsteri,148.28133,-41.2975
Aldrichetta forsteri,147.519,-42.793
Aldrichetta forsteri,147.927,-37.7619
Aldrichetta forsteri,137.483,-34.5
Aldrichetta forsteri,147.50283,-42.8085
Aldrichetta forsteri,147.49667,-42.79933
Aldrichetta forsteri,144.72499,-41.3
Aldrichetta forsteri,147.50583,-42.793
Aldrichetta forsteri,147.515,-42.79333
Aldrichetta forsteri,147.49967,-42.79817
Aldrichetta forsteri,148.25617,-41.33317
Aldrichetta forsteri,147.518,-42.79317
Aldrichetta forsteri,147.50967,-42.794
Aldrichetta forsteri,147.97417,-42.33633
Aldrichetta forsteri,148.07833,-42.15617
Aldrichetta forsteri,147.50567,-42.79633
Aldrichetta forsteri,115.69057,-32.62805
Aldrichetta forsteri,142.5,-38.33
Aldrichetta forsteri,147.08483,-43.17483
Aldrichetta forsteri,147.592,-42.81333
Aldrichetta forsteri,115.73775,-32.61898
Aldrichetta forsteri,147.578,-42.81317
Aldrichetta forsteri,147.49617,-42.80983
Aldrichetta forsteri,147.8075,-42.91633
Aldrichetta forsteri,147.48933,-42.80233
Aldrichetta forsteri,147.50933,-42.80667
Aldrichetta forsteri,147.5215,-42.8035
Aldrichetta forsteri,147.51733,-42.79267
Aldrichetta forsteri,147.49633,-42.80117
Aldrichetta forsteri,147.53417,-42.81217
Aldrichetta forsteri,147.59283,-42.81867
Aldrichetta forsteri,147.5045,-42.88583
Aldrichetta forsteri,115.71835,-32.55215
Aldrichetta forsteri,147.50333,-42.793
Aldrichetta forsteri,147.57167,-42.81
Aldrichetta forsteri,146.57883,-41.17033
Aldrichetta forsteri,147.497,-42.805
Aldrichetta forsteri,147.58733,-42.81717
Aldrichetta forsteri,148.28333,-41.2925
Aldrichetta forsteri,147.51817,-42.79217
Aldrichetta forsteri,147.522,-42.80183
Aldrichetta forsteri,115.68082,-32.733
Aldrichetta forsteri,148.08383,-42.10417
Aldrichetta forsteri,147.47733,-42.80417
Aldrichetta forsteri,147.471,-42.79767
Aldrichetta forsteri,115.66522,-32.63722
Aldrichetta forsteri,147.59117,-42.81433
Aldrichetta forsteri,147.5045,-42.79283
Aldrichetta forsteri,147.745,-37.9581
Aldrichetta forsteri,117.36667,-35
Aldrichetta forsteri,147.52433,-42.81317
Aldrichetta forsteri,147.49517,-42.80767
Aldrichetta forsteri,147.55317,-42.81833
Aldrichetta forsteri,139.99632,-37.12922
Aldrichetta forsteri,147.50517,-42.80133
Aldrichetta forsteri,147.283,-43.0225
Aldrichetta forsteri,145.22,-38.35
Aldrichetta forsteri,147.51067,-42.79683
Aldrichetta forsteri,147.50817,-42.79367
Aldrichetta forsteri,115.75058,-32.5925
Aldrichetta forsteri,147.49217,-42.80433
Aldrichetta forsteri,147.51983,-42.79417
Aldrichetta forsteri,146.80033,-41.141
Aldrichetta forsteri,147.97383,-42.33517
Aldrichetta forsteri,147.498,-42.79917
Aldrichetta forsteri,138.88,-35.57
Aldrichetta forsteri,147.54717,-42.81183
Aldrichetta forsteri,146.78333,-41.1
Aldrichetta forsteri,147.55533,-42.81333
Aldrichetta forsteri,147.551,-42.80217
Aldrichetta forsteri,147.713,-37.9236
Aldrichetta forsteri,147.495,-42.80183
Aldrichetta forsteri,115.6968,-32.75065
Aldrichetta forsteri,147.55917,-42.80617
Aldrichetta forsteri,150.753,-34.9925
Aldrichetta forsteri,147.5505,-42.80567
Aldrichetta forsteri,148.31033,-41.30633
Aldrichetta forsteri,138.15,-34.183
Aldrichetta forsteri,145.119,-38.1437
Aldrichetta forsteri,147.487,-38.0692
Aldrichetta forsteri,146.698,-38.6125
Aldrichetta forsteri,146.5705,-41.19733
Aldrichetta forsteri,147.664,-37.9506
Aldrichetta forsteri,147.49667,-42.80633
Aldrichetta forsteri,147.82,-37.82
Aldrichetta forsteri,144.9,-37.88
Aldrichetta forsteri,115.64293,-32.6271
Aldrichetta forsteri,150.711,-35.1299
Aldrichetta forsteri,147.50233,-42.79333
Aldrichetta forsteri,147.51817,-42.80433
Aldrichetta forsteri,140.25,-38.25
Aldrichetta forsteri,147.49617,-42.79817
Aldrichetta forsteri,147.49983,-42.816
Aldrichetta forsteri,147.49417,-42.809
Aldrichetta forsteri,147.50117,-42.802
Aldrichetta forsteri,146.98054,-41.25
Aldrichetta forsteri,147.50467,-42.796
Aldrichetta forsteri,147.58467,-42.81833
Aldrichetta forsteri,147.50517,-42.80167
Aldrichetta forsteri,147.50917,-42.79633
Aldrichetta forsteri,147.508,-42.79583
Aldrichetta forsteri,147.50667,-42.80533
Aldrichetta forsteri,146.93817,-43.442
Aldrichetta forsteri,147.98433,-42.31717
Aldrichetta forsteri,147.47017,-42.91033
Aldrichetta forsteri,147.816,-37.9164
Aldrichetta forsteri,147.48217,-42.80433
Aldrichetta forsteri,146.75,-38.75
Aldrichetta forsteri,147.98133,-42.31183
Aldrichetta forsteri,147.5945,-42.81683
Aldrichetta forsteri,146.95,-43.50117
Aldrichetta forsteri,137.08,-35.93
Aldrichetta forsteri,147.46683,-42.91667
Aldrichetta forsteri,147.4775,-42.80067
Aldrichetta forsteri,147.974,-42.326
Aldrichetta forsteri,137.25,-34.75
Aldrichetta forsteri,147.51183,-42.791
Aldrichetta forsteri,147.51583,-42.79183
Aldrichetta forsteri,138.25,-34.75
Aldrichetta forsteri,147.32,-42.82
Aldrichetta forsteri,147.892,-37.8822
Aldrichetta forsteri,147.51017,-42.81017
Aldrichetta forsteri,147.494,-42.812
Aldrichetta forsteri,147.50083,-42.8055
Aldrichetta forsteri,147.4935,-42.81467
Aldrichetta forsteri,147.54167,-42.81917
Aldrichetta forsteri,147.56833,-42.811
Aldrichetta forsteri,147.5035,-42.80783
Aldrichetta forsteri,115.65543,-32.66577
Aldrichetta forsteri,150.697,-35.1214
Aldrichetta forsteri,146.58667,-41.21167
Aldrichetta forsteri,144.777,-37.93
Aldrichetta forsteri,147.56817,-42.8085
Aldrichetta forsteri,147.51983,-42.80867
Aldrichetta forsteri,147.465,-42.7985
Aldrichetta forsteri,149.74,-37.5847
Aldrichetta forsteri,150.757,-34.9933
Aldrichetta forsteri,147.504,-42.7945
Aldrichetta forsteri,147.5135,-42.78967
Aldrichetta forsteri,137.57,-35.05
Aldrichetta forsteri,149.966,-37.466
Aldrichetta forsteri,147.483,-42.966
Aldrichetta forsteri,147.48483,-42.80433
Aldrichetta forsteri,147.52617,-43.017
Aldrichetta forsteri,148.13733,-42.07133
Aldrichetta forsteri,147.772,-37.9044
Aldrichetta forsteri,148.27283,-41.3395
Aldrichetta forsteri,147.57467,-42.81033
Aldrichetta forsteri,131.25,-32.75
Aldrichetta forsteri,139.80904,-37.16983
Aldrichetta forsteri,115.7113,-32.5281
Aldrichetta forsteri,147.51833,-42.81983
Aldrichetta forsteri,143.88,-38.58
Aldrichetta forsteri,147.57867,-42.8155
Aldrichetta forsteri,147.4465,-42.797
Aldrichetta forsteri,147.52417,-42.81283
Aldrichetta forsteri,146.95583,-43.49283
Aldrichetta forsteri,146.89467,-41.15583
Aldrichetta forsteri,147.4905,-42.80717
Aldrichetta forsteri,117.333333,-35
Aldrichetta forsteri,147.50333,-42.79117
Aldrichetta forsteri,147.497,-42.80417
Aldrichetta forsteri,147.887,-37.9144
Aldrichetta forsteri,150.786,-35.0357
Aldrichetta forsteri,137.75,-33.75
Aldrichetta forsteri,146.57783,-41.166
Aldrichetta forsteri,147.5135,-42.793
Aldrichetta forsteri,147.48167,-42.80333
Aldrichetta forsteri,147.50767,-42.794
Aldrichetta forsteri,147.96483,-42.336
Aldrichetta forsteri,147.54133,-42.81983
Aldrichetta forsteri,146.57917,-41.168
Aldrichetta forsteri,133.4608,-32.1722
Aldrichetta forsteri,147.52783,-42.81483
Aldrichetta forsteri,147.5965,-42.81983
Aldrichetta forsteri,147.52467,-42.8115
Aldrichetta forsteri,147.51633,-42.90317
Aldrichetta forsteri,147.53683,-42.81667
Aldrichetta forsteri,147.4845,-42.80433
Aldrichetta forsteri,147.54783,-42.8105
Aldrichetta forsteri,147.50183,-42.79417
Aldrichetta forsteri,147.51767,-42.793
Aldrichetta forsteri,147.43283,-42.92667
Aldrichetta forsteri,147.34267,-43.2455
Aldrichetta forsteri,147.502,-42.80567
Aldrichetta forsteri,147.71,-37.8703
Aldrichetta forsteri,150.693,-35.1101
Aldrichetta forsteri,146.82917,-41.166
Aldrichetta forsteri,147.49617,-42.8065
Aldrichetta forsteri,147.98733,-42.31183
Aldrichetta forsteri,150.782,-35.0306
Aldrichetta forsteri,147.51467,-42.80283
Aldrichetta forsteri,147.57883,-42.81483
Aldrichetta forsteri,147.4105,-42.97917
Aldrichetta forsteri,147.51717,-42.79517
Aldrichetta forsteri,147.97983,-42.3225
Aldrichetta forsteri,147.785,-37.8475
Aldrichetta forsteri,147.988,-42.31217
Aldrichetta forsteri,147.495,-42.798
Aldrichetta forsteri,147.49483,-42.79817
Aldrichetta forsteri,147.49417,-42.80083
Aldrichetta forsteri,147.5025,-42.80967
Aldrichetta forsteri,147.49783,-42.811
Aldrichetta forsteri,121.9,-33.86667
Aldrichetta forsteri,147.568,-42.814
Aldrichetta forsteri,147.52583,-42.811
Aldrichetta forsteri,147.416,-38.0944
Aldrichetta forsteri,146.58583,-41.206
Aldrichetta forsteri,147.493,-42.8115
Aldrichetta forsteri,147.50917,-42.78917
Aldrichetta forsteri,150.068,-36.3961
Aldrichetta forsteri,149.763,-37.535
Aldrichetta forsteri,147.26,-43.03
Aldrichetta forsteri,147.5035,-42.8055
Aldrichetta forsteri,147.4955,-42.8005
Aldrichetta forsteri,146.033,-38.85
Aldrichetta forsteri,147.47,-38.13
Aldrichetta forsteri,115.67555,-32.57473
Aldrichetta forsteri,147.50817,-42.80317
Aldrichetta forsteri,147.488,-42.80583
Aldrichetta forsteri,147.28233,-43.02533
Aldrichetta forsteri,147.51733,-42.79367
Aldrichetta forsteri,147.51183,-42.7945
Aldrichetta forsteri,147.793,-37.8594
Aldrichetta forsteri,146.5815,-41.20083
Aldrichetta forsteri,147.47017,-42.79683
Aldrichetta forsteri,147.53983,-42.8065
Aldrichetta forsteri,147.59533,-42.81567
Aldrichetta forsteri,144.62,-38.28
Aldrichetta forsteri,147.4945,-42.80817
Aldrichetta forsteri,149.75,-37.55
Aldrichetta forsteri,146.96,-43.48267
Aldrichetta forsteri,147.49933,-42.90867
Aldrichetta forsteri,140.75,-38.75
Aldrichetta forsteri,147.56717,-42.8075
Aldrichetta forsteri,147.522,-42.802
Aldrichetta forsteri,147.5,-42.79933
Aldrichetta forsteri,147.5605,-42.814
Aldrichetta forsteri,117.33333,-35
Aldrichetta forsteri,150.702,-35.0107
Aldrichetta forsteri,139.85,-36.65
Aldrichetta forsteri,147.50233,-42.8095
Aldrichetta forsteri,139.17,-35.7
Aldrichetta forsteri,147.54383,-42.81283
Aldrichetta forsteri,146.78333,-41.14166
Aldrichetta forsteri,144.718,-38.1761
Aldrichetta forsteri,146.9025,-41.1475
Aldrichetta forsteri,147.51317,-42.79367
Aldrichetta forsteri,150.762,-34.995
Aldrichetta forsteri,138.25,-33.25
Aldrichetta forsteri,141.6,-38.35
Aldrichetta forsteri,150.9,-34.43
Aldrichetta forsteri,147.50933,-42.79733
Aldrichetta forsteri,115.733,-32.05
Aldrichetta forsteri,147.41117,-42.97767
Aldrichetta forsteri,147.5035,-42.80617
Aldrichetta forsteri,148.15583,-42.06083
Aldrichetta forsteri,148.1195,-42.096
Aldrichetta forsteri,141.8,-38.25
Aldrichetta forsteri,147.50283,-42.79417
Aldrichetta forsteri,147.50717,-42.8045
Aldrichetta forsteri,147.51017,-42.80667
Aldrichetta forsteri,147.79367,-42.90133
Aldrichetta forsteri,147.52133,-42.8065
Aldrichetta forsteri,146.95133,-43.49317
Aldrichetta forsteri,147.49667,-42.8065
Aldrichetta forsteri,147.5225,-42.81433
Aldrichetta forsteri,147.2,-43.083
Aldrichetta forsteri,147.50167,-42.80317
Aldrichetta forsteri,146.833,-38.45
Aldrichetta forsteri,147.505,-42.80383
Aldrichetta forsteri,137.866,-36.016
Aldrichetta forsteri,147.57783,-42.81667
Aldrichetta forsteri,147.51367,-42.809
Aldrichetta forsteri,138.53,-34.8
Aldrichetta forsteri,147.5525,-42.805
Aldrichetta forsteri,147.59567,-42.82483
Aldrichetta forsteri,150.689,-35.0165
Aldrichetta forsteri,115.65,-32.333
Aldrichetta forsteri,142.866,-38.616
Aldrichetta forsteri,147.955,-37.8786
Aldrichetta forsteri,115.73205,-32.57642
Aldrichetta forsteri,115.6661,-32.6236
Aldrichetta forsteri,147.507,-42.79167
Aldrichetta forsteri,147.47317,-42.79983
Aldrichetta forsteri,147.491,-42.8055
Aldrichetta forsteri,147.5435,-42.8055
Aldrichetta forsteri,147.5205,-42.80833
Aldrichetta forsteri,139.77615,-37.16617
Aldrichetta forsteri,147.49517,-42.81033
Aldrichetta forsteri,147.4775,-42.8005
Aldrichetta forsteri,146.58167,-41.206
Aldrichetta forsteri,147.53,-42.99317
Aldrichetta forsteri,147.51633,-43.02633
Aldrichetta forsteri,147.51767,-42.80817
Aldrichetta forsteri,147.36433,-43.181
Aldrichetta forsteri,137.75,-34.75
Aldrichetta forsteri,137.733333333,-35.0833333333
Aldrichetta forsteri,139.77611,-37.16614
Aldrichetta forsteri,147.562,-42.99117
Aldrichetta forsteri,147.51967,-42.802
Aldrichetta forsteri,148.13183,-42.09467
Aldrichetta forsteri,147.339,-38.1314
Aldrichetta forsteri,147.5425,-42.99067
Aldrichetta forsteri,147.54217,-42.85617
Aldrichetta forsteri,145.233,-42.133
Aldrichetta forsteri,148.168,-42.0495
Aldrichetta forsteri,147.51933,-42.79267
Aldrichetta forsteri,147.50167,-42.79733
Aldrichetta forsteri,147.875,-37.8792
Aldrichetta forsteri,147.50183,-42.80167
Aldrichetta forsteri,147.25,-43.25
Aldrichetta forsteri,147.494,-42.80533
Aldrichetta forsteri,144.25,-38.25
Aldrichetta forsteri,145.142,-38.0617
Aldrichetta forsteri,115.68078,-32.59317
Aldrichetta forsteri,144.773,-38.3617
Aldrichetta forsteri,145.31099,-42.15149
Aldrichetta forsteri,148.07567,-42.11583
Aldrichetta forsteri,147.47767,-42.801
Aldrichetta forsteri,140.71517,-38.05012
Aldrichetta forsteri,147.82867,-42.941
Aldrichetta forsteri,136.416667,-34.083333
Aldrichetta forsteri,147.82783,-42.88283
Aldrichetta forsteri,147.53617,-42.817
Aldrichetta forsteri,147.51733,-42.96833
Aldrichetta forsteri,146.75,-41.08332
Aldrichetta forsteri,147.56433,-42.813
Aldrichetta forsteri,147.513,-42.79233
Aldrichetta forsteri,147.49367,-42.799
Aldrichetta forsteri,149.62,-37.65
Aldrichetta forsteri,147.52117,-42.79883
Aldrichetta forsteri,148.16667,-41.31667
Aldrichetta forsteri,147.5482,-42.8125
Aldrichetta forsteri,146.38,-39.07
Aldrichetta forsteri,147.5175,-42.79883
Aldrichetta forsteri,146.90133,-41.146
Aldrichetta forsteri,147.72,-37.98
Aldrichetta forsteri,147.518,-42.79533
Aldrichetta forsteri,145.25,-38.25
Aldrichetta forsteri,147.7565,-43.03767
Aldrichetta forsteri,147.86817,-42.88183
Aldrichetta forsteri,146.79617,-41.14333
Aldrichetta forsteri,147.26317,-43.06433
Aldrichetta forsteri,149.966,-37.5
Aldrichetta forsteri,150.784,-35.0321
Aldrichetta forsteri,149.737,-37.5833
Aldrichetta forsteri,134.05,-32.58
Aldrichetta forsteri,146.95517,-43.48967
Aldrichetta forsteri,147.503,-42.80767
Aldrichetta forsteri,147.97783,-42.32533
Aldrichetta forsteri,138.25,-34.25
Aldrichetta forsteri,115.63333,-33.33333
Aldrichetta forsteri,147.4925,-42.8025
Aldrichetta forsteri,143,-42
Aldrichetta forsteri,147.5715,-42.80633
Aldrichetta forsteri,147.50733,-42.79417
Aldrichetta forsteri,115.633,-33.333
Aldrichetta forsteri,143.55,-38.85
Aldrichetta forsteri,147.56983,-42.80933
Aldrichetta forsteri,149.5,-37.73
Aldrichetta forsteri,147.54,-42.99483
Aldrichetta forsteri,147.3,-38.1
Aldrichetta forsteri,146.93167,-43.43
Aldrichetta forsteri,147.47483,-42.80033
Aldrichetta forsteri,144.71,-38.1917
Aldrichetta forsteri,147.678,-42.9745
Aldrichetta forsteri,147.7345,-43.01433
Aldrichetta forsteri,147.56533,-42.816
Aldrichetta forsteri,142.8846,-38.5977
Aldrichetta forsteri,150.674,-35.0616
Aldrichetta forsteri,138.5,-34.85
Aldrichetta forsteri,147.5325,-42.81833
Aldrichetta forsteri,147.48833,-42.80533
Aldrichetta forsteri,147.50983,-42.8095
Aldrichetta forsteri,147.46283,-42.9165
Aldrichetta forsteri,147.4535,-42.79883
Aldrichetta forsteri,147.5055,-42.79317
Aldrichetta forsteri,147.935,-37.8825
Aldrichetta forsteri,148.27283,-41.31017
Aldrichetta forsteri,147.22,-42.74
Aldrichetta forsteri,150.755,-34.9929
Aldrichetta forsteri,147.53,-42.81467
Aldrichetta forsteri,147.50533,-42.79733
Aldrichetta forsteri,147.52067,-42.80017
Aldrichetta forsteri,147.51267000000001,-42.79517
Aldrichetta forsteri,147.5355,-42.81683
Aldrichetta forsteri,145.2,-38.37
Aldrichetta forsteri,144.93,-37.83
Aldrichetta forsteri,147.85817,-42.88583
Aldrichetta forsteri,147.54033,-42.80867
Aldrichetta forsteri,150.786,-35.0384
Aldrichetta forsteri,137.75,-33.25
Aldrichetta forsteri,147.96283,-42.33633
Aldrichetta forsteri,150.1,-36.133
Aldrichetta forsteri,147.51967,-42.80167
Aldrichetta forsteri,147.50517,-42.78983
Aldrichetta forsteri,140.78122,-38.04395
Aldrichetta forsteri,147.96867,-42.3365
Aldrichetta forsteri,140.25,-38.75
Aldrichetta forsteri,138.75,-34.75
Aldrichetta forsteri,147.4575,-42.93167
Aldrichetta forsteri,145.23,-38.28
Aldrichetta forsteri,147.4655,-42.99917
Aldrichetta forsteri,140.79915,-38.0447
Aldrichetta forsteri,149.883,-36.916
Aldrichetta forsteri,144.35,-38.166
Aldrichetta forsteri,147.51133,-42.813
Aldrichetta forsteri,144.88,-38.1
Aldrichetta forsteri,148.119,-42.096
Aldrichetta forsteri,144.6877,-37.9754
Aldrichetta forsteri,135.27,-34.47
Aldrichetta forsteri,148.2885,-41.302
Aldrichetta forsteri,150.675,-35.0565
Aldrichetta forsteri,134.216,-32.8
Aldrichetta forsteri,131.25,-33.75
Aldrichetta forsteri,115.801455,-31.997252
Aldrichetta forsteri,146.83433,-41.17167
Aldrichetta forsteri,146.83332,-41.2
Aldrichetta forsteri,150.695,-35.1184
Aldrichetta forsteri,147.5285,-42.81333
Aldrichetta forsteri,137.25,-35.25
Aldrichetta forsteri,147.52067,-42.797
Aldrichetta forsteri,139.45,-35.93
Aldrichetta forsteri,147.52317,-42.79983
Aldrichetta forsteri,147.5895,-42.818
Aldrichetta forsteri,114.41667,-27.5
Aldrichetta forsteri,147.50483,-42.799
Aldrichetta forsteri,147.513,-42.79083
Aldrichetta forsteri,144.746,-38.3358
Aldrichetta forsteri,147.58217,-42.8185
Aldrichetta forsteri,147.53433,-42.81967
Aldrichetta forsteri,145.43,-38.42
Aldrichetta forsteri,147.833,-37.9331
Aldrichetta forsteri,146.8375,-41.17133
Aldrichetta forsteri,147.2945,-43.037
Aldrichetta forsteri,147.31883,-43.28417
Aldrichetta forsteri,147.79717,-43.04733
Aldrichetta forsteri,115.75,-31.983
Aldrichetta forsteri,147.266,-43.083
Aldrichetta forsteri,150.25,-35.833
Aldrichetta forsteri,138.466,-35.2
Aldrichetta forsteri,147.412,-38.0956
Aldrichetta forsteri,146.57467,-41.20033
Aldrichetta forsteri,147.765,-37.8942
Aldrichetta forsteri,147.5085,-42.7895
Aldrichetta forsteri,147.58233,-42.81267
Aldrichetta forsteri,147.511,-42.8085
Aldrichetta forsteri,139.80903,-37.16989
Aldrichetta forsteri,147.57433,-42.8125
Aldrichetta forsteri,147.54567,-42.80933
Aldrichetta forsteri,137.75,-35.75
Aldrichetta forsteri,115.6885,-32.57732
Aldrichetta forsteri,147.75,-42.75
Aldrichetta forsteri,146.47,-39.03
Aldrichetta forsteri,146.80083,-41.14333
Aldrichetta forsteri,144.93833,-37.88533
Aldrichetta forsteri,147.852,-42.87533
Aldrichetta forsteri,147.37983,-43.19633
Aldrichetta forsteri,144.65,-41.05
Aldrichetta forsteri,150.678,-35.0252
Aldrichetta forsteri,139.82313,-37.16825
Aldrichetta forsteri,147.416,-38
Aldrichetta forsteri,147.50867,-42.805
Aldrichetta forsteri,147.463,-38.0331
Aldrichetta forsteri,149.9,-37.5
Aldrichetta forsteri,147.52033,-42.79483
Aldrichetta forsteri,137.4817,-35.1031
Aldrichetta forsteri,150.676,-35.0544
Aldrichetta forsteri,147.49,-42.80833
Aldrichetta forsteri,146.91667,-38.6
Aldrichetta forsteri,114.6,-28.76667
Aldrichetta forsteri,119.38333,-34.38333
Aldrichetta forsteri,140.79922,-38.04478
Aldrichetta forsteri,149.883,-37.1
Aldrichetta forsteri,150.695,-35.0133
Aldrichetta forsteri,147.34267,-43.25283
Aldrichetta forsteri,147.033,-41.333
Aldrichetta forsteri,144.65,-38.266
Aldrichetta forsteri,147.496,-42.80567
Aldrichetta forsteri,147.5945,-42.81883
Aldrichetta forsteri,149.97971,-36.70305
Aldrichetta forsteri,140.79919,-38.04476
Aldrichetta forsteri,150.76,-34.9941
Aldrichetta forsteri,147.49717,-42.8075
Aldrichetta forsteri,147.49,-42.80483
Aldrichetta forsteri,147.50667,-42.80783
Aldrichetta forsteri,138.78,-35.5
Aldrichetta forsteri,134.52,-33.72
Aldrichetta forsteri,144.993,-37.9467
Aldrichetta forsteri,147.4925,-42.80083
Aldrichetta forsteri,140.0427,-37.44914
Aldrichetta forsteri,148.25,-41.333
Aldrichetta forsteri,147.51733,-42.78967
Aldrichetta forsteri,144.629,-38.1089
Aldrichetta forsteri,147.53533,-42.812
Aldrichetta forsteri,115.666,-32.266
Aldrichetta forsteri,146.89833,-41.15617
Aldrichetta forsteri,147.50667,-42.80467
Aldrichetta forsteri,147.4575,-42.80133
Aldrichetta forsteri,147.57433,-42.81333
Aldrichetta forsteri,148.25,-42.25
Aldrichetta forsteri,147.54667,-42.80767
Aldrichetta forsteri,147.502,-42.81083
Aldrichetta forsteri,150.785,-35.0338
Aldrichetta forsteri,145.198,-38.31
Aldrichetta forsteri,146.82917,-41.1565
Aldrichetta forsteri,148,-40
Aldrichetta forsteri,140.7,-38.05
Aldrichetta forsteri,146.943,-43.444
Aldrichetta forsteri,144.95,-38.42
Aldrichetta forsteri,147.81617,-42.93983
Aldrichetta forsteri,147.85683,-42.8855
Aldrichetta forsteri,139.79226,-37.17272
Aldrichetta forsteri,147.59733,-42.82
Aldrichetta forsteri,147.50733,-42.7895
Aldrichetta forsteri,137.25,-33.75
Aldrichetta forsteri,144.933,-37.833
Aldrichetta forsteri,147.60133,-42.8475
Aldrichetta forsteri,144.693,-38.1203
Aldrichetta forsteri,147.56033,-42.81917
Aldrichetta forsteri,139.85067,-37.16728
Aldrichetta forsteri,150.15,-36.216
Aldrichetta forsteri,147.52917,-42.814
Aldrichetta forsteri,144.42,-38.1367
Aldrichetta forsteri,147.083,-43.2
Aldrichetta forsteri,143.65,-38.7
Aldrichetta forsteri,145.213,-38.36
Aldrichetta forsteri,118,-34.75
Aldrichetta forsteri,146.25,-38.75
Aldrichetta forsteri,148.0825,-42.12367
Aldrichetta forsteri,147.95,-37.9
Aldrichetta forsteri,147.83767,-42.88833
Aldrichetta forsteri,147.6375,-42.95717
Aldrichetta forsteri,147.85983,-42.88567
Aldrichetta forsteri,145.25,-38.75
Aldrichetta forsteri,144.75,-40.75
Aldrichetta forsteri,147.51633,-43.02217
Aldrichetta forsteri,146.88,-38.62
Aldrichetta forsteri,147.491,-42.80667
Aldrichetta forsteri,146.76666,-41.2
Aldrichetta forsteri,138.5,-35.066
Aldrichetta forsteri,145.25,-37.75
Aldrichetta forsteri,147.86433,-42.87
Aldrichetta forsteri,148.183,-41.216
Aldrichetta forsteri,146.5635,-41.17233
Aldrichetta forsteri,147.75,-37.75
Aldrichetta forsteri,147.49133,-42.8065
Aldrichetta forsteri,147.86617,-42.8795
Aldrichetta forsteri,144.731,-38.2277
Aldrichetta forsteri,146.578,-41.189
Aldrichetta forsteri,146.586,-41.20533
Aldrichetta forsteri,138.5,-35.08
Aldrichetta forsteri,147.3385,-43.25833
Aldrichetta forsteri,147.54917,-42.81617
Aldrichetta forsteri,150.674,-35.0301
Aldrichetta forsteri,147.75,-39.75
Aldrichetta forsteri,153.35,-29.53333
Aldrichetta forsteri,147.52417,-42.81133
Aldrichetta forsteri,145.38,-38.53
Aldrichetta forsteri,144.358,-38.1283
Aldrichetta forsteri,147.84967,-42.94683
Aldrichetta forsteri,148.29383,-41.32333
Aldrichetta forsteri,150.744,-35.138
Aldrichetta forsteri,146.58667,-41.21183
Aldrichetta forsteri,148.967,-37.7611
Aldrichetta forsteri,148.33332,-40.93332
Aldrichetta forsteri,149.75,-37.57
Aldrichetta forsteri,145.058,-38.4306
Aldrichetta forsteri,147.43633,-42.91467
Aldrichetta forsteri,147.49817,-42.81117
Aldrichetta forsteri,137.75,-32.75
Aldrichetta forsteri,139.80442,-37.17086
Aldrichetta forsteri,150.694,-35.1133
Aldrichetta forsteri,148.02,-39.87
Aldrichetta forsteri,147.97733,-42.32917
Aldrichetta forsteri,146.5805,-41.2115
Aldrichetta forsteri,138.83,-35.53
Aldrichetta forsteri,138.45,-35.33
Aldrichetta forsteri,121.15,-33.81667
Aldrichetta forsteri,147.52033,-42.82133
Aldrichetta forsteri,115.91667,-31.93333
Aldrichetta forsteri,147.86667,-42.88383
Aldrichetta forsteri,142.509,-38.4025
Aldrichetta forsteri,147.77,-37.92
Aldrichetta forsteri,146.98333,-41.27221
Aldrichetta forsteri,147.59333,-42.808
Aldrichetta forsteri,138.77,-35.45
Aldrichetta forsteri,145.22433,-42.23933
Aldrichetta forsteri,137.8,-34.766
Aldrichetta forsteri,149.77,-37.55
Aldrichetta forsteri,147.86467,-42.88533
Aldrichetta forsteri,147.51583,-42.804
Aldrichetta forsteri,139.78918,-37.17301
Aldrichetta forsteri,141.007,-38.0503
Aldrichetta forsteri,148.27267,-42.11883
Aldrichetta forsteri,147.456,-42.78983
Aldrichetta forsteri,147.86083,-42.8805
Aldrichetta forsteri,146.07,-38.85
Aldrichetta forsteri,139.7762,-37.16616
Aldrichetta forsteri,137.75,-34.25
Aldrichetta forsteri,147.47917,-42.802
Aldrichetta forsteri,147.5525,-42.9835
Aldrichetta forsteri,145.791,-38.6392
Aldrichetta forsteri,147.13,-43.2535
Aldrichetta forsteri,147.50017,-42.80667
Aldrichetta forsteri,146.34,-41.16
Aldrichetta forsteri,145.9,-41.066
Aldrichetta forsteri,147.598,-42.82167
Aldrichetta forsteri,144.733,-40.6
Aldrichetta forsteri,147.82533,-42.94733
Aldrichetta forsteri,148.3015,-41.31383
Aldrichetta forsteri,115.8,-32.016
Aldrichetta forsteri,146.715,-38.6533
Aldrichetta forsteri,141.6,-38.33
Aldrichetta forsteri,147.316,-43.266
Aldrichetta forsteri,149.95,-37.45
Aldrichetta forsteri,149.98124,-36.72431
Aldrichetta forsteri,149.77,-37.57
Aldrichetta forsteri,147.49633,-42.80133
Aldrichetta forsteri,147.60167,-42.86367
Aldrichetta forsteri,140.7992,-38.04476
Aldrichetta forsteri,150.779,-35.0292
Aldrichetta forsteri,116.5,-20.333
Aldrichetta forsteri,153.60666,-28.82249
Aldrichetta forsteri,148.25783,-41.32833
Aldrichetta forsteri,147.56833,-42.80633
Aldrichetta forsteri,145.316,-42.15
Aldrichetta forsteri,147.55083,-42.81867
Aldrichetta forsteri,150.693,-35.1079
Aldrichetta forsteri,131.75,-33.25
Aldrichetta forsteri,147.50617,-42.80583
Aldrichetta forsteri,147.912,-37.8828
Aldrichetta forsteri,147.49283,-42.8105
Aldrichetta forsteri,150.743,-34.9935
Aldrichetta forsteri,144.5,-38.2767
Aldrichetta forsteri,142.23,-38.38
Aldrichetta forsteri,150.774,-34.9333
Aldrichetta forsteri,146.75,-41.25
Aldrichetta forsteri,139.78381,-37.17021
Aldrichetta forsteri,150.74,-34.9934
Aldrichetta forsteri,147.60167,-42.86717
Aldrichetta forsteri,147.83117,-42.97583
Aldrichetta forsteri,115.7,-32.55
Aldrichetta forsteri,145.004,-37.832
Aldrichetta forsteri,145.75,-41.25
Aldrichetta forsteri,137.25,-34.25
Aldrichetta forsteri,133.75,-32.25
Aldrichetta forsteri,144.93,-37.87
Aldrichetta forsteri,151.332992554,-33.5830001831
Aldrichetta forsteri,147.936,-37.8828
Aldrichetta forsteri,138.95,-35.566
Aldrichetta forsteri,146.586,-41.204
Aldrichetta forsteri,146.4663,-39.0423
Aldrichetta forsteri,115.75,-32.033
Aldrichetta forsteri,133.25,-32.75
Aldrichetta forsteri,131.75,-33.75
Aldrichetta forsteri,144.75,-37.75
Aldrichetta forsteri,140.766,-37.833
Aldrichetta forsteri,147.51083,-42.80133
Aldrichetta forsteri,150.683,-35.0207
Aldrichetta forsteri,144.88,-37.85
Aldrichetta forsteri,147.5395,-42.812
Aldrichetta forsteri,147.219,-38.1139
Aldrichetta forsteri,147.85917,-42.885
Aldrichetta forsteri,147.2835,-43.01883
Aldrichetta forsteri,145.083,-38.0111
Aldrichetta forsteri,147.52383,-42.81167
Aldrichetta forsteri,136.9531,-34.8
Aldrichetta forsteri,146.8,-41.06665
Aldrichetta forsteri,145,-37.83
Aldrichetta forsteri,149,-37.67
Aldrichetta forsteri,149.137,-37.7414
Aldrichetta forsteri,144.729,-38.3478
Aldrichetta forsteri,136.75,-34.75
Aldrichetta forsteri,138.95,-35.55
Aldrichetta forsteri,146.7208,-38.6521
Aldrichetta forsteri,137.766,-32.5
Aldrichetta forsteri,147.86767,-42.88317
Aldrichetta forsteri,149.9,-37.05
Aldrichetta forsteri,139.85,-36.833
Aldrichetta forsteri,147.52417,-42.89983
Aldrichetta forsteri,147.25,-38.25
Aldrichetta forsteri,115.64,-33.31
Aldrichetta forsteri,144.75,-41.25
Aldrichetta forsteri,140.77976,-38.04345
Aldrichetta forsteri,137.87,-33.22
Aldrichetta forsteri,138.133,-34.166
Aldrichetta forsteri,146.57117,-41.1945
Aldrichetta forsteri,145.633,-40.933
Aldrichetta forsteri,138.5,-35.83
Aldrichetta forsteri,144.933,-37.845
Aldrichetta forsteri,139.77613,-37.16618
Aldrichetta forsteri,147.56067,-42.81417
Aldrichetta forsteri,133.8258,-32.2425
Aldrichetta forsteri,147.5405,-43.01033
Aldrichetta forsteri,136.75,-35.25
Aldrichetta forsteri,137.933,-33.6
Aldrichetta forsteri,149.76667,-37.56667
Aldrichetta forsteri,150.016,-37.216
Aldrichetta forsteri,141.608,-38.349
Aldrichetta forsteri,150.746,-35.1368
Aldrichetta forsteri,115.15,-32
Aldrichetta forsteri,137.1583,-35.8278
Aldrichetta forsteri,144.899,-38.355
Aldrichetta forsteri,149.93,-37.1
Aldrichetta forsteri,143.67,-38.77
Aldrichetta forsteri,147.72,-37.92
Aldrichetta forsteri,143.671,-38.7635
Aldrichetta forsteri,142.6,-38.466
Aldrichetta forsteri,147.60317,-42.82583
Aldrichetta forsteri,137.877,-34.705
Aldrichetta forsteri,144.75,-37.933
Aldrichetta forsteri,148.16767,-42.055
Aldrichetta forsteri,142.7,-38.25
Aldrichetta forsteri,137.75,-32.25
Aldrichetta forsteri,148.75,-37.8
Aldrichetta forsteri,147.3335,-43.26683
Aldrichetta forsteri,147.147,-43.4505
Aldrichetta forsteri,147.60283,-42.838
Aldrichetta forsteri,144.65,-38.22
Aldrichetta forsteri,147.819,-37.8828
Aldrichetta forsteri,147.5235,-42.80383
Aldrichetta forsteri,144.995,-38.27
Aldrichetta forsteri,113.466181,-24.05239
Aldrichetta forsteri,139.77572,-37.16613
Aldrichetta forsteri,140.0726,-37.43368
Aldrichetta forsteri,144.462,-38.1617
Aldrichetta forsteri,131.75,-32.75
Aldrichetta forsteri,147.60467,-42.869
Aldrichetta forsteri,147.53667,-42.94333
Aldrichetta forsteri,140.75,-38.25
Aldrichetta forsteri,149.966,-37.633
Aldrichetta forsteri,123.033333333333,-33.8833333333333
Aldrichetta forsteri,148.28333,-41.3025
Aldrichetta forsteri,138.45,-35.93
Aldrichetta forsteri,136.41666,-34.08333
Aldrichetta forsteri,147.50833,-42.79033
Aldrichetta forsteri,146.5333333,-41.1166667
Aldrichetta forsteri,147.1895,-43.35117
Aldrichetta forsteri,147.75,-38.25
Aldrichetta forsteri,134.25,-32.25
Aldrichetta forsteri,141.27,-37.28
Aldrichetta forsteri,150.766,-34.95
Aldrichetta forsteri,148.1,-37.85
Aldrichetta forsteri,150.749,-34.9925
Aldrichetta forsteri,140.79888,-38.04418
Aldrichetta forsteri,149.96999,-37.24833
Aldrichetta forsteri,139.80848,-37.1702
Aldrichetta forsteri,150.674,-35.0665
Aldrichetta forsteri,150.066,-36.366
Aldrichetta forsteri,149.7277,-37.5083
Aldrichetta forsteri,146.68,-38.57
Aldrichetta forsteri,147.527,-42.999
Aldrichetta forsteri,147.85,-37.8
Aldrichetta forsteri,144.6,-38.12
Aldrichetta forsteri,141.83,-38.25
Aldrichetta forsteri,144.93,-37.85
Aldrichetta forsteri,146.58117,-41.207
Aldrichetta forsteri,147.38333,-41
Aldrichetta forsteri,147.508,-42.81033
Aldrichetta forsteri,147.4,-41
Aldrichetta forsteri,147.45217,-42.91983
Aldrichetta forsteri,146.775,-41.15832
Aldrichetta forsteri,134.0767,-32.4636
Aldrichetta forsteri,147.715,-43.00117
Aldrichetta forsteri,147.947,-37.8942
Aldrichetta forsteri,148.3,-41.2
Aldrichetta forsteri,147.686,-37.8833
Aldrichetta forsteri,148.08033,-42.15
Aldrichetta forsteri,147.48517,-42.80617
Aldrichetta forsteri,135.9122,-34.5914
Aldrichetta forsteri,133.666,-32.133
Aldrichetta forsteri,137.733,-35
Aldrichetta forsteri,148.348,-41.29167
Aldrichetta forsteri,137.25,-33.25
Aldrichetta forsteri,145.19933,-42.20549
Aldrichetta forsteri,148.08067,-42.15033
Aldrichetta forsteri,146.566,-41.183
Aldrichetta forsteri,116.45,-34.93333
Aldrichetta forsteri,146.25,-41.25
Aldrichetta forsteri,147.50783,-42.80067
Aldrichetta forsteri,140.7992,-38.0448
Aldrichetta forsteri,146.57733,-41.17267
Aldrichetta forsteri,146.79305,-41.1
Aldrichetta forsteri,147.266,-43.033
Aldrichetta forsteri,147.47683,-42.79967
Aldrichetta forsteri,115.03333,-33.53333
Aldrichetta forsteri,146.94317,-43.4495
Aldrichetta forsteri,147.57233,-42.81517
Aldrichetta forsteri,144.56,-38.1511
Aldrichetta forsteri,115.66667,-32.2
Aldrichetta forsteri,147.81533,-42.89383
Aldrichetta forsteri,144.416,-38.15
Aldrichetta forsteri,134.55,-33.65
Aldrichetta forsteri,138.6,-35.6
Aldrichetta forsteri,140.79918,-38.04477
Aldrichetta forsteri,150.699,-35.1238
Aldrichetta forsteri,145.75,-40.75
Aldrichetta forsteri,148.97,-37.7608
Aldrichetta forsteri,145.146,-38.0594
Aldrichetta forsteri,145.233001709,-38.466999054
Aldrichetta forsteri,117.35,-34.97
Aldrichetta forsteri,116.45,-34.85
Aldrichetta forsteri,145.583,-40.916
Aldrichetta forsteri,151.333,-33.583
Aldrichetta forsteri,147.6675,-42.902
Aldrichetta forsteri,150.06799,-36.3961
Aldrichetta forsteri,147.794,-37.8586
Aldrichetta forsteri,139.85041,-37.16733
Aldrichetta forsteri,147.85267,-42.88983
Aldrichetta forsteri,148.08,-37.87
Aldrichetta forsteri,150.673,-35.0641
Aldrichetta forsteri,147.49117,-42.806
Aldrichetta forsteri,150.133,-36.033
Aldrichetta forsteri,148.25,-37.75
Aldrichetta forsteri,131.75,-32.25
Aldrichetta forsteri,147.62333,-43.02133
Aldrichetta forsteri,118.2,-34.95
Aldrichetta forsteri,147.51817,-42.805
Aldrichetta forsteri,146.79733,-41.14267
Aldrichetta forsteri,146.57417,-41.1775
Aldrichetta forsteri,146.85183,-41.15833
Aldrichetta forsteri,137.32,-35.58
Aldrichetta forsteri,147.68333,-40.81667
Aldrichetta forsteri,147.5065,-42.79767
Aldrichetta forsteri,140.79921,-38.04479
Aldrichetta forsteri,140.71507,-38.05015
Aldrichetta forsteri,153.129567,-26.805669
Aldrichetta forsteri,140.03483,-37.45539
Aldrichetta forsteri,147.2855,-43.02133
Aldrichetta forsteri,147.51083,-42.90283
Aldrichetta forsteri,138.3133,-35.4356
Aldrichetta forsteri,151.183,-34.083
Aldrichetta forsteri,144.75,-38.25
Aldrichetta forsteri,145.383,-38.216
Aldrichetta forsteri,147.4225,-43.05
Aldrichetta forsteri,150.116,-36.133
Aldrichetta forsteri,147.60467,-42.83317
Aldrichetta forsteri,147.53,-42.99867
Aldrichetta forsteri,147.48083,-42.803
Aldrichetta forsteri,139.85053,-37.16733
Aldrichetta forsteri,138.69,-35.5275
Aldrichetta forsteri,145.121,-38.0663
Aldrichetta forsteri,147,-39
Aldrichetta forsteri,137.733337402,-35.0833320618
Aldrichetta forsteri,147.48283,-42.8035
Aldrichetta forsteri,147.67517,-42.981
Aldrichetta forsteri,139.80448,-37.17085
Aldrichetta forsteri,144.83,-38.37
Aldrichetta forsteri,147.79117,-43.04883
Aldrichetta forsteri,145.283,-40.75
Aldrichetta forsteri,131.25,-33.25
Aldrichetta forsteri,143.464,-38.8056
Aldrichetta forsteri,147.37,-38.17
Aldrichetta forsteri,150.133,-36.15
Aldrichetta forsteri,146.81666,-41.16666
Aldrichetta forsteri,148.28333,-41.31667
Aldrichetta forsteri,147.615,-43.01167
Aldrichetta forsteri,143.673,-38.764
Aldrichetta forsteri,136.133,-34.4
Aldrichetta forsteri,147.52017,-42.80133
Aldrichetta forsteri,147.29517,-43.254
Aldrichetta forsteri,136.916,-33.683
Aldrichetta forsteri,144.659,-37.9222
Aldrichetta forsteri,145.53636,-40.8905
Aldrichetta forsteri,147.86333,-42.88817
Aldrichetta forsteri,139.80456,-37.17081
Aldrichetta forsteri,146.587,-41.21033
Aldrichetta forsteri,145.25,-40.75
Aldrichetta forsteri,147.715,-37.8717
Aldrichetta forsteri,146.572,-41.17933
Aldrichetta forsteri,137.7333333,-35.08333333
Aldrichetta forsteri,144.133,-39.916
Aldrichetta forsteri,147.45533,-43.03567
Aldrichetta forsteri,147.52133,-42.80483
Aldrichetta forsteri,115.8,-32.01667
Aldrichetta forsteri,146.82833,-41.13483
Aldrichetta forsteri,133.75,-32.75
Aldrichetta forsteri,147.51,-42.80383
Aldrichetta forsteri,150.721,-35.1376
Aldrichetta forsteri,115.31667,-31
Aldrichetta forsteri,147.85283,-42.88883
Aldrichetta forsteri,147.41033,-42.96533
Aldrichetta forsteri,145.311,-42.1515
Aldrichetta forsteri,147.851,-42.874
Aldrichetta forsteri,139.77887,-37.16757
Aldrichetta forsteri,135.68,-34.92
Aldrichetta forsteri,139.80449,-37.17084
Aldrichetta forsteri,147.4805,-42.80283
Aldrichetta forsteri,149.09587,-34.41726
Aldrichetta forsteri,115.71667,-32.6
Aldrichetta forsteri,148.233,-41.45
Aldrichetta forsteri,145.75,-38.25
Aldrichetta forsteri,149.7967,-37.5342
Aldrichetta forsteri,115,-31
Aldrichetta forsteri,144.15,-41.07499
Aldrichetta forsteri,148.3,-41.88333
Aldrichetta forsteri,146.96665,-41.23333
Aldrichetta forsteri,147.40317,-43.06833
Aldrichetta forsteri,147.77917,-42.90583
Aldrichetta forsteri,147.791,-37.85
Aldrichetta forsteri,115.85,-32.05
Aldrichetta forsteri,146.47,-38.7
Aldrichetta forsteri,145.233,-38.467
Aldrichetta forsteri,147.53933,-42.8085
Aldrichetta forsteri,147.61683,-43.018
Aldrichetta forsteri,114.2,-27.7
Aldrichetta forsteri,146.033,-42.683
Aldrichetta forsteri,146.5795,-41.2045
Aldrichetta forsteri,115.15,-34.28333
Aldrichetta forsteri,144.966,-40.733
Aldrichetta forsteri,139.79537,-37.17638
Aldrichetta forsteri,147.52333,-43.01533
Aldrichetta forsteri,140.78132,-38.04392
Aldrichetta forsteri,146.94867,-43.48533
Aldrichetta forsteri,144.87,-37.73
Aldrichetta forsteri,115.96667,-31.9
Aldrichetta forsteri,147.54767,-42.80417
Aldrichetta forsteri,147,-41.316
Aldrichetta forsteri,147.5225,-42.82
Aldrichetta forsteri,133.25,-32.25
Aldrichetta forsteri,147.518,-42.794
Aldrichetta forsteri,140.683,-38.05
Aldrichetta forsteri,118.16667,-34.95
Aldrichetta forsteri,118.383333333333,-34.8333333333333
Aldrichetta forsteri,148.2695,-41.34017
Aldrichetta forsteri,150.674,-35.0591
Aldrichetta forsteri,148.2885,-41.30483
Aldrichetta forsteri,148.09283,-42.10017
Aldrichetta forsteri,122,-33.71667
Aldrichetta forsteri,147.44983,-42.95083
Aldrichetta forsteri,131.25,-32.25
Aldrichetta forsteri,147.86417,-42.88467
Aldrichetta forsteri,147.48817,-42.80717
Aldrichetta forsteri,147.52,-42.80133
Aldrichetta forsteri,114,-22
Aldrichetta forsteri,147.50883,-42.80083
Aldrichetta forsteri,138.92,-26.13
Aldrichetta forsteri,147.55533,-42.93883
Aldrichetta forsteri,148.166,-41.316
Aldrichetta forsteri,117.416,-35
Aldrichetta forsteri,114.61667,-28.76667
Aldrichetta forsteri,149.833,-37.633
Aldrichetta forsteri,146.75,-43.75
Aldrichetta forsteri,137.75,-35.25
Aldrichetta forsteri,148.2915,-41.23933
Aldrichetta forsteri,150.713,-35.1334
Aldrichetta forsteri,147.52767,-42.81567
Aldrichetta forsteri,146.25,-43.51667
Aldrichetta forsteri,140.71511,-38.05012
Aldrichetta forsteri,134.25,-32.75
Aldrichetta forsteri,148.283,-41.316
Aldrichetta forsteri,148.04628,-42.6025
Aldrichetta forsteri,147.45117,-43.037
Aldrichetta forsteri,137.75,-32.45
Aldrichetta forsteri,143.97,-38.53
Aldrichetta forsteri,116.16667,-32.23333
Aldrichetta forsteri,149.9333,-36.9
Aldrichetta forsteri,116.5,-34.93333
Aldrichetta forsteri,113.75,-28.5
Aldrichetta forsteri,147.54367,-42.84683
Aldrichetta forsteri,147.51183,-42.8045
Aldrichetta forsteri,137.716,-35.066
Aldrichetta forsteri,146.5875,-41.20817
Aldrichetta forsteri,147.75,-40.75
Aldrichetta forsteri,147.61733,-43.05983
Aldrichetta forsteri,147.46083,-42.957
Aldrichetta forsteri,140.79922,-38.04483
Aldrichetta forsteri,147.51967,-42.80783
Aldrichetta forsteri,149.7497,-37.5804
Aldrichetta forsteri,138.633,-35.55
Aldrichetta forsteri,147.5245,-42.90967
Aldrichetta forsteri,145.19933,-42.2055
Aldrichetta forsteri,147.10867,-43.213
Aldrichetta forsteri,116.5,-20.3330001831
Aldrichetta forsteri,148.28167,-41.3045
