species,decimalLongitude,decimalLatitude
Aldrovandia phalacra,131.05599,-34.60916
Aldrovandia phalacra,130.28,-34.641
Aldrovandia phalacra,113.636,-29.06083
Aldrovandia phalacra,116.79099,-18.38983
Aldrovandia phalacra,118.719,-35.283
Aldrovandia phalacra,113.34266,-19.58749
Aldrovandia phalacra,113.14,-22.0083
Aldrovandia phalacra,116.791,-18.38983
Aldrovandia phalacra,113.14,-22.00833
Aldrovandia phalacra,113.20584,-22.45667
Aldrovandia phalacra,153.596,-30.099
Aldrovandia phalacra,132.40799,-34.66099
Aldrovandia phalacra,112.865,-20.90416
Aldrovandia phalacra,112.85833,-20.92333
Aldrovandia phalacra,113.14499,-21.99333
Aldrovandia phalacra,111.90334,-23.97583
Aldrovandia phalacra,113.03,-28.38666667
Aldrovandia phalacra,114.453,-32.5767
Aldrovandia phalacra,119.154,-16.6344
Aldrovandia phalacra,128.40833333333333,-33.50833333333333
Aldrovandia phalacra,114.44167,-32.56333
Aldrovandia phalacra,113.03,-28.386666666666667
Aldrovandia phalacra,131.056,-34.60917
Aldrovandia phalacra,132.418,-34.65015
Aldrovandia phalacra,134.0515,-35.35205
Aldrovandia phalacra,113.74667,-29.57833
Aldrovandia phalacra,104.938,-11.41267
Aldrovandia phalacra,114.013,-20.9525
Aldrovandia phalacra,153.59599,-30.09899
Aldrovandia phalacra,113.65667,-21.47583
Aldrovandia phalacra,131.0565,-34.62215
Aldrovandia phalacra,113.34267,-19.5875
Aldrovandia phalacra,112.8583,-20.9233
Aldrovandia phalacra,113.1425,-21.99333
Aldrovandia phalacra,128.4083333,-33.50833333
Aldrovandia phalacra,132.691,-35.3196
Aldrovandia phalacra,111.4475,-25.84666
Aldrovandia phalacra,132.408,-34.661
Aldrovandia phalacra,112.865,-20.905
Aldrovandia phalacra,130.6665,-34.5162
