species,decimalLongitude,decimalLatitude
Aldrovandia affinis,112.865,-20.905
Aldrovandia affinis,105.004,-11.47167
Aldrovandia affinis,115.1,-31.9715
Aldrovandia affinis,112.91833,-20.13
Aldrovandia affinis,152.994,-32.479
Aldrovandia affinis,154.083,-28.0544
Aldrovandia affinis,112.85833,-20.92333
Aldrovandia affinis,153.84749,-26.96133
Aldrovandia affinis,112.865,-20.90416
Aldrovandia affinis,112.92833,-20.13
Aldrovandia affinis,114.013,-20.9525
Aldrovandia affinis,121.43133,-14.85333
Aldrovandia affinis,113.14499,-21.99333
Aldrovandia affinis,154.083,-28.05433
Aldrovandia affinis,153.15833,-32.116
Aldrovandia affinis,116.6,-18.483
Aldrovandia affinis,113.67899,-22.00383
Aldrovandia affinis,113.64602,-22.20177
Aldrovandia affinis,104.938,-11.41267
Aldrovandia affinis,114.47,-32.6667
Aldrovandia affinis,152.217,-33.45
Aldrovandia affinis,112.69249,-27.983
Aldrovandia affinis,119.251,-16.7381
Aldrovandia affinis,111.9016,-23.9916
Aldrovandia affinis,112.8583,-20.9233
Aldrovandia affinis,112.6925,-27.98333
Aldrovandia affinis,153.15,-32.117
Aldrovandia affinis,151.355,-34.8547
Aldrovandia affinis,113.45837,-23.1279
Aldrovandia affinis,153.847,-26.9613
Aldrovandia affinis,112.81376,-23.13834
Aldrovandia affinis,148.6983,-41.6533
Aldrovandia affinis,119.154,-16.6344
Aldrovandia affinis,111.90417,-23.9925
Aldrovandia affinis,112.71,-28.06833
Aldrovandia affinis,152.217,-33.467
Aldrovandia affinis,119.136,-16.6447
Aldrovandia affinis,152.216,-33.466
Aldrovandia affinis,111.6575,-24.1425
Aldrovandia affinis,116.5,-18.666
Aldrovandia affinis,113.679,-22.00383
Aldrovandia affinis,138.56667,-37.3
Aldrovandia affinis,111.90167,-23.99167
Aldrovandia affinis,154.08299,-28.05433
Aldrovandia affinis,112.9183,-20.13
Aldrovandia affinis,113.20584,-22.45667
Aldrovandia affinis,114.455,-32.66
Aldrovandia affinis,148.69833,-41.65333
Aldrovandia affinis,111.2328,-23.79884
Aldrovandia affinis,113.225,-20.275
Aldrovandia affinis,113.1425,-21.99333
Aldrovandia affinis,153.8475,-26.96133
Aldrovandia affinis,115.105,-31.965
