species,decimalLongitude,decimalLatitude
Aldrovandia oleosa,-77.38,24.0766667
Aldrovandia oleosa,-12.6633501053,29.1399993896
Aldrovandia oleosa,-77.3883333,24.4416667
Aldrovandia oleosa,-76.79582999999998,23.64167
Aldrovandia oleosa,-77.5416667,24
Aldrovandia oleosa,-60.99,11.6216667
Aldrovandia oleosa,-76.9416667,23.5216667
Aldrovandia oleosa,-11.8400001526,30.095000267
Aldrovandia oleosa,-77.425,24.3866667
Aldrovandia oleosa,-76.8208333,23.71
Aldrovandia oleosa,4.45,4.25
Aldrovandia oleosa,-76.715,23.6166667
Aldrovandia oleosa,-77.5166667,24.5708333
Aldrovandia oleosa,-67.33722222,39.87861111
Aldrovandia oleosa,-77.3683333,24.0466667
Aldrovandia oleosa,-17.7696990966797,20.0839996337891
Aldrovandia oleosa,-76.8000030518,23.7999992371
Aldrovandia oleosa,10.1000003815,-4.09999990463
Aldrovandia oleosa,-77.2333333,23.615
Aldrovandia oleosa,-77.5458333,24.5916667
Aldrovandia oleosa,-77.675,24.8125
Aldrovandia oleosa,-76.7533333,23.6458333
Aldrovandia oleosa,-76.81,23.6375
Aldrovandia oleosa,-67.4261667,39.8836667
Aldrovandia oleosa,-77.275,23.84
Aldrovandia oleosa,-77.2866667,23.9183333
Aldrovandia oleosa,-77.2433333,23.7633333
Aldrovandia oleosa,59.73333333333333,-8.416666666666666
Aldrovandia oleosa,-80.3,-19.66
Aldrovandia oleosa,43.0141677856,-22.4716663361
Aldrovandia oleosa,-77.05,23.8083333
Aldrovandia oleosa,-77.1133333,23.6408333
Aldrovandia oleosa,0.302833,5.5215
Aldrovandia oleosa,-11.0183000565,31.595000267
Aldrovandia oleosa,-67.42611111,39.88666667
Aldrovandia oleosa,43.03333333333333,-22.5
Aldrovandia oleosa,-22,6.85
Aldrovandia oleosa,-77.0466667,23.6533333
Aldrovandia oleosa,-76.125,24.3916667
Aldrovandia oleosa,-67.41972222,39.87972222
Aldrovandia oleosa,-1.760333,4.130667
Aldrovandia oleosa,-76.7783333,23.7333333
Aldrovandia oleosa,-77.2383333,23.8375
Aldrovandia oleosa,-76.8666667,23.8625
Aldrovandia oleosa,-77.2916667,24.1633333
Aldrovandia oleosa,65.04166667,-26.40833333
Aldrovandia oleosa,-77.0866667,23.8083333
Aldrovandia oleosa,10.1333333,-4.1333333
Aldrovandia oleosa,-76.7958333,23.6416667
Aldrovandia oleosa,-77.3125,24.26
Aldrovandia oleosa,-76.7416667,23.6833333
Aldrovandia oleosa,-76.9816667,23.7791667
Aldrovandia oleosa,-76.7125,23.57
Aldrovandia oleosa,-76.8916667,23.8583333
Aldrovandia oleosa,-67.42616667,39.88366667
Aldrovandia oleosa,-67.4261666667,39.8836666667
Aldrovandia oleosa,-77.4283333,24.39
Aldrovandia oleosa,-13.8949999809,27.8699998856
Aldrovandia oleosa,-77.1166667,23.6366667
Aldrovandia oleosa,-67.43972222,39.88083333
Aldrovandia oleosa,-9.7,4.5333333
Aldrovandia oleosa,-76.8166667,23.6325
Aldrovandia oleosa,-70.79166667,39.75833333
Aldrovandia oleosa,-77.285,24.035
Aldrovandia oleosa,-76.8533333,23.8366667
Aldrovandia oleosa,-77.1366667,23.5983333
Aldrovandia oleosa,-76.9133333,23.8566667
Aldrovandia oleosa,59.9000015259,-9.60000038147
Aldrovandia oleosa,-77.525,24.5833333
Aldrovandia oleosa,-17.3262004852295,19.4256992340088
Aldrovandia oleosa,-77.2625,23.8625
Aldrovandia oleosa,-53.3333333,7.5333333
Aldrovandia oleosa,-77.0583333,23.675
Aldrovandia oleosa,-77.37,24.5058333
Aldrovandia oleosa,-70.725,39.75833333
Aldrovandia oleosa,-77.3783333,23.985
Aldrovandia oleosa,-77.1,23.6166667
Aldrovandia oleosa,-76.9833333,23.6583333
Aldrovandia oleosa,-53.9000015259,7.90000009537
Aldrovandia oleosa,-77.1041667,23.815
Aldrovandia oleosa,-77.55,24.6533333
Aldrovandia oleosa,-76.7737503052,23.6566677094
Aldrovandia oleosa,-17.7367000579834,19.8502998352051
Aldrovandia oleosa,-42.3699989319,24.0580558777
Aldrovandia oleosa,-12.5549998283,29.3583498001
Aldrovandia oleosa,-77.3375,24.4666667
Aldrovandia oleosa,-76.7738,23.6567
Aldrovandia oleosa,-54.2833333,8.4333333
Aldrovandia oleosa,6.4755,-24.957
Aldrovandia oleosa,-71.99166667,39.29166667
Aldrovandia oleosa,-76.8483333,23.725
Aldrovandia oleosa,-22.55,43.6166666666667
Aldrovandia oleosa,-77.0833333,23.8791667
Aldrovandia oleosa,-11.0444998741,31.2366504669
