species,decimalLongitude,decimalLatitude
Aldrovandia gracilis,-88.11111,29.91472
Aldrovandia gracilis,-77.0667,23.799999
Aldrovandia gracilis,-77.1,23.6166667
Aldrovandia gracilis,-77.0625,23.5916667
Aldrovandia gracilis,-94.6644821167,26.5117797852
Aldrovandia gracilis,-87.5,28.8999996185
Aldrovandia gracilis,-74.5,18.85
Aldrovandia gracilis,-82.3166667,12.5833333
Aldrovandia gracilis,-76.9541667,23.5083333
Aldrovandia gracilis,-76.4266667,24.6433333
Aldrovandia gracilis,-76.8166667,23.7333333
Aldrovandia gracilis,-96,24.8999996185
Aldrovandia gracilis,-77.3208333,24.0966667
Aldrovandia gracilis,-77.0833333,23.8791667
Aldrovandia gracilis,-77.3625,24.3958333
Aldrovandia gracilis,-93.5333367,27.91333
Aldrovandia gracilis,-76.8333333,23.65
Aldrovandia gracilis,-77.4333333,24.2833333
Aldrovandia gracilis,-37.783,-19.017
Aldrovandia gracilis,-77.24,23.9416667
Aldrovandia gracilis,-88.3377767,29.3422267
Aldrovandia gracilis,-77.0716667,23.7983333
Aldrovandia gracilis,-77.4116667,24.4283333
Aldrovandia gracilis,-77.275,23.84
Aldrovandia gracilis,-77.2333333,23.615
Aldrovandia gracilis,-77.4133333,24.2366667
Aldrovandia gracilis,-37.783000946,-19.0170001984
Aldrovandia gracilis,-97.8399967,24.205
Aldrovandia gracilis,-77.16,23.8833333
Aldrovandia gracilis,-67.5999984741,10.8999996185
Aldrovandia gracilis,-91.2528991699,26.9163532257
Aldrovandia gracilis,-76.7333333,23.725
Aldrovandia gracilis,-64.0256,42.421391
Aldrovandia gracilis,-76.7466667,23.555
Aldrovandia gracilis,-77.0666667,23.5416667
Aldrovandia gracilis,-96.8666633,23.4
Aldrovandia gracilis,-76.4483333,24.65
Aldrovandia gracilis,-89.266784668,23.7812156677
Aldrovandia gracilis,-78.5183333,18.2666667
Aldrovandia gracilis,-77.0616667,23.8083333
Aldrovandia gracilis,-77.295,24.2375
Aldrovandia gracilis,-77.0433333,23.8916667
Aldrovandia gracilis,-90.40333,27.8333367
Aldrovandia gracilis,-89.83706667,27.56921667
Aldrovandia gracilis,-76.1566667,24.3866667
Aldrovandia gracilis,-95.5749933,26.8333367
Aldrovandia gracilis,-76.125,24.3916667
Aldrovandia gracilis,-77.37,24.5058333
Aldrovandia gracilis,-77.0583333,23.675
Aldrovandia gracilis,-96.5,24
Aldrovandia gracilis,-76.915,23.505
Aldrovandia gracilis,-77.38,24.0766667
Aldrovandia gracilis,-87.95,28.79166667
Aldrovandia gracilis,-76.81,23.6375
Aldrovandia gracilis,-77.450995,24.402665
Aldrovandia gracilis,-97.3125076294,22.4503555298
Aldrovandia gracilis,-76.4866667,24.65
Aldrovandia gracilis,-77.5166667,24.5708333
Aldrovandia gracilis,-97.40167,21.70667
Aldrovandia gracilis,-87.3833312988,28.9200000763
Aldrovandia gracilis,-76.8666667,23.7033333
Aldrovandia gracilis,-76.4583333,24.655
Aldrovandia gracilis,-76.105,24.255
Aldrovandia gracilis,-93.2333367,21.7333367
Aldrovandia gracilis,-74.80833,12.2800033
Aldrovandia gracilis,-20.2708501816,8.99164962769
Aldrovandia gracilis,-77.2183333,23.7375
Aldrovandia gracilis,-77.1033333,23.6666667
Aldrovandia gracilis,-88.3249969482,28.9416675568
Aldrovandia gracilis,-76.925,23.5066667
Aldrovandia gracilis,-77.24,23.6266667
Aldrovandia gracilis,-76.4333333,24.6483333
Aldrovandia gracilis,-77.2983333,24.1033333
Aldrovandia gracilis,-76.7733333,23.6541667
Aldrovandia gracilis,-87.1689300537,29.4725894928
Aldrovandia gracilis,-68.9416667,19.2083333
Aldrovandia gracilis,-75.9666667,23.9333333
Aldrovandia gracilis,-77.4216667,9.0033333
Aldrovandia gracilis,-77.2625,23.8625
Aldrovandia gracilis,-37.783000946,-19
Aldrovandia gracilis,-77.0466667,23.8033333
Aldrovandia gracilis,-96.4000015259,24.1000003815
Aldrovandia gracilis,-71.9166667,13.0166667
Aldrovandia gracilis,-91.4025,26.25
Aldrovandia gracilis,-76.7683333,23.5375
Aldrovandia gracilis,-88.05833333,28.825
Aldrovandia gracilis,-87.93666667,28.08333333
Aldrovandia gracilis,-76.8333333,23.7166667
Aldrovandia gracilis,-77.34,24.275
Aldrovandia gracilis,-76.9833333,23.6583333
Aldrovandia gracilis,-91.7559509277,27.6920986176
Aldrovandia gracilis,-77.375,24.5116667
Aldrovandia gracilis,-77.365,24.505
Aldrovandia gracilis,-88.0416667,29.3383367
Aldrovandia gracilis,-76.2625,24.27
Aldrovandia gracilis,-77.2383333,23.8375
Aldrovandia gracilis,-76.7958333,23.6416667
Aldrovandia gracilis,-95.85,26.0333367
Aldrovandia gracilis,-77.2433333,23.7633333
Aldrovandia gracilis,-75.9958333,24.3291667
Aldrovandia gracilis,-76.0583333,24.355
Aldrovandia gracilis,-75.9333333,24.1583333
Aldrovandia gracilis,-82.3,12.6667
Aldrovandia gracilis,-88.75833333,27.80833333
Aldrovandia gracilis,-64.5006,42.433056
Aldrovandia gracilis,-77.0233333,23.6183333
Aldrovandia gracilis,-76.7133333,23.675
Aldrovandia gracilis,-77.3375,24.4666667
Aldrovandia gracilis,-95.3416667,27.8433367
Aldrovandia gracilis,-96.8416667,24.1766633
Aldrovandia gracilis,-76.7533333,23.6458333
Aldrovandia gracilis,-92.0391667,27.6436067
Aldrovandia gracilis,-77.1875,23.9
Aldrovandia gracilis,-76.9133333,23.8566667
Aldrovandia gracilis,-76.715,23.6166667
Aldrovandia gracilis,-76.1483333,24.375
Aldrovandia gracilis,-77.165,23.5416667
Aldrovandia gracilis,-77.21,23.7375
Aldrovandia gracilis,-76.1016667,24.23
Aldrovandia gracilis,-76.7933333,23.7866667
Aldrovandia gracilis,-96.9000015259,21.7000007629
Aldrovandia gracilis,-76.9816667,23.7791667
Aldrovandia gracilis,-37.783,-19
Aldrovandia gracilis,-88.0783333,29.8666633
Aldrovandia gracilis,-76.0125,23.9466667
Aldrovandia gracilis,-76.1083333,24.2458333
Aldrovandia gracilis,-87.73,28.04166667
Aldrovandia gracilis,-68.9416656494,19.2083320618
Aldrovandia gracilis,-76.8533333,23.8366667
Aldrovandia gracilis,-62.5156,42.60611
Aldrovandia gracilis,-87.8333,28.7833
Aldrovandia gracilis,-91.16529846,27.16049957
Aldrovandia gracilis,-77.3883333,24.4416667
Aldrovandia gracilis,-76.1,24.2233333
Aldrovandia gracilis,-76.4791667,24.7791667
Aldrovandia gracilis,-76.9416667,23.5216667
Aldrovandia gracilis,-95.95,25.7666633
Aldrovandia gracilis,-79.5916667,9.8666667
Aldrovandia gracilis,-89.32316667,27.57533333
Aldrovandia gracilis,-79.976667,29.113333
Aldrovandia gracilis,-96.3978271484,22.7736930847
Aldrovandia gracilis,-82.7833333,23.55
Aldrovandia gracilis,-84.9392242432,26.7211151123
Aldrovandia gracilis,-84.7157211304,26.7991352081
Aldrovandia gracilis,-75.6291667,22.8458333
Aldrovandia gracilis,-92.7973098755,20.430393219
Aldrovandia gracilis,-76.6183333,23.5666667
Aldrovandia gracilis,-77.2866667,23.6333333
Aldrovandia gracilis,-87.76687,28.55391
Aldrovandia gracilis,-92.1999969482,27.6000003815
Aldrovandia gracilis,-81.85,23.7666667
Aldrovandia gracilis,-76.8933333,23.8541667
Aldrovandia gracilis,-75.9,24.175
Aldrovandia gracilis,-76.855,23.85
Aldrovandia gracilis,-73.2333333,19.2333333
Aldrovandia gracilis,-77.22,23.8541667
Aldrovandia gracilis,-75.9133333,24.15
Aldrovandia gracilis,-76.2866667,24.5458333
Aldrovandia gracilis,-77.3283333,23.9133333
Aldrovandia gracilis,-76.7416667,23.6833333
Aldrovandia gracilis,-77.1166667,23.8833333
Aldrovandia gracilis,-76.7783333,23.7333333
Aldrovandia gracilis,-76.9533333,23.4966667
Aldrovandia gracilis,-62.4164,42.4625
Aldrovandia gracilis,-76.7333333,23.6333333
Aldrovandia gracilis,-76.2983333,24.525
Aldrovandia gracilis,-76.9433333,23.5066667
Aldrovandia gracilis,-93.2677833,27.8125
Aldrovandia gracilis,-82.928817749,23.0369167328
Aldrovandia gracilis,-77.05,23.795
Aldrovandia gracilis,-77.2783333,23.8366667
Aldrovandia gracilis,-76.8166667,23.6325
Aldrovandia gracilis,-16.0400009155,25.8675003052
Aldrovandia gracilis,-76.8216667,23.8583333
Aldrovandia gracilis,-77.1366667,23.5983333
Aldrovandia gracilis,-75.35833333,20.85833333
Aldrovandia gracilis,-87.8,29.8333367
Aldrovandia gracilis,-80.008333,29.083333
Aldrovandia gracilis,-96.8000030518,21.6000003815
Aldrovandia gracilis,-74.25,12.05
Aldrovandia gracilis,-95.6666733,19.7666633
Aldrovandia gracilis,-77.1133333,23.6408333
Aldrovandia gracilis,-87.67217,28.91879
Aldrovandia gracilis,-76.8916667,23.8583333
Aldrovandia gracilis,-76.8208333,23.71
Aldrovandia gracilis,-75.14399719,34.93569946
Aldrovandia gracilis,-76.1999969482,10.1999998093
Aldrovandia gracilis,-77.05,23.8083333
Aldrovandia gracilis,-93.5104827881,19.2420463562
Aldrovandia gracilis,-77.235,23.6266667
Aldrovandia gracilis,-87.72916999999998,28.04167
Aldrovandia gracilis,-71.28,21.27917
Aldrovandia gracilis,-88.15833333,29.04166667
Aldrovandia gracilis,-60.2416667,11.5
Aldrovandia gracilis,-77.1083333,23.6866667
Aldrovandia gracilis,-95.4,27.0433367
Aldrovandia gracilis,-75.6333333,22.8
Aldrovandia gracilis,-77.0866667,23.8083333
Aldrovandia gracilis,-76.7383333,23.705
Aldrovandia gracilis,-77.2666667,23.8541667
Aldrovandia gracilis,-77.4466667,24.4066667
Aldrovandia gracilis,-76.8833333,9.025
Aldrovandia gracilis,-14.5199999809,36.7824993134
Aldrovandia gracilis,-77.0616667,23.8633333
Aldrovandia gracilis,-91.16329956,27.1147995
Aldrovandia gracilis,-61.4189,42.806946
Aldrovandia gracilis,-68.9417,19.2083
Aldrovandia gracilis,-61.87166667,16.05333333
Aldrovandia gracilis,-77.2733333,23.6583333
Aldrovandia gracilis,-87.7291641235,28.0416679382
Aldrovandia gracilis,-76.2833333,24.5291667
Aldrovandia gracilis,-76.6333333,9.5333333
Aldrovandia gracilis,-77.3683333,24.0466667
Aldrovandia gracilis,-77.0516667,23.6741667
Aldrovandia gracilis,-87.1716633,28.2
Aldrovandia gracilis,-77.3125,24.26
Aldrovandia gracilis,-76.02,23.9683333
Aldrovandia gracilis,-77.3625,24.1291667
Aldrovandia gracilis,-87.9375,28.0833320618
Aldrovandia gracilis,-76.9458333,23.8666667
Aldrovandia gracilis,-76.72,23.5666667
Aldrovandia gracilis,-97.7816633,24.6333367
Aldrovandia gracilis,-86.5610198975,24.06275177
Aldrovandia gracilis,-97.0733333,23.5733333
Aldrovandia gracilis,-96.0822906494,26.9641723633
Aldrovandia gracilis,-77.0466667,23.6533333
Aldrovandia gracilis,-76.85,23.505
Aldrovandia gracilis,-79.991667,29.083333
Aldrovandia gracilis,-82.4333333,23.3333333
Aldrovandia gracilis,-76.7333333,23.5166667
Aldrovandia gracilis,-65.3036,41.938889
Aldrovandia gracilis,-88.2,28.85
Aldrovandia gracilis,-77.36,24.27
Aldrovandia gracilis,-76.8716667,23.8708333
Aldrovandia gracilis,-76.8666667,23.8625
Aldrovandia gracilis,-77.425,24.3866667
Aldrovandia gracilis,-96.8000030518,21.5
Aldrovandia gracilis,-76.75,23.55
Aldrovandia gracilis,-90.615,28.0349967
Aldrovandia gracilis,-76.9766667,23.5166667
Aldrovandia gracilis,-77.2333333,23.925
Aldrovandia gracilis,-77.3,24.2016667
Aldrovandia gracilis,-76.2283333,24.4933333
Aldrovandia gracilis,-76.2866667,24.5316667
Aldrovandia gracilis,-77.3,23.8716667
Aldrovandia gracilis,-77.1783333,23.595
Aldrovandia gracilis,-76.835,23.6833333
Aldrovandia gracilis,-77.3866667,24.0833333
Aldrovandia gracilis,-88.2854156494,27.7368030548
Aldrovandia gracilis,-76.7166667,23.7
Aldrovandia gracilis,-67.1683333,11.4133333
Aldrovandia gracilis,-93.4,27.8666633
Aldrovandia gracilis,-77.1041667,23.815
Aldrovandia gracilis,-78.9966667,9.93
Aldrovandia gracilis,-77.0933333,23.5966667
Aldrovandia gracilis,-76.8483333,23.725
Aldrovandia gracilis,-77.125,23.6666667
Aldrovandia gracilis,-77.275,24.2066667
Aldrovandia gracilis,-75.7666667,23.7983333
Aldrovandia gracilis,-77.0891667,23.4958333
Aldrovandia gracilis,-77.82,17.52
Aldrovandia gracilis,-75.6933333,23.7533333
Aldrovandia gracilis,-77.4458333,24.4
Aldrovandia gracilis,-87.25,29.05
Aldrovandia gracilis,-79.4683333,16.9666667
Aldrovandia gracilis,-63.5772,42.449444
Aldrovandia gracilis,-77.1166667,23.6366667
Aldrovandia gracilis,-88.1999969482,28.7999992371
Aldrovandia gracilis,-88.5,28.7999992371
Aldrovandia gracilis,-87.79166667,28.89166667
Aldrovandia gracilis,-76.4375,24.6483333
Aldrovandia gracilis,-87.1999969482,28.6000003815
Aldrovandia gracilis,-76.19,24.4133333
Aldrovandia gracilis,-76.7533333,23.65
Aldrovandia gracilis,-89.180305481,23.6420974731
Aldrovandia gracilis,-77.1333333,23.68
Aldrovandia gracilis,-75.7791667,23.995
Aldrovandia gracilis,-73.9666671753,37.5750007629
Aldrovandia gracilis,-76.8633333,23.5366667
Aldrovandia gracilis,-77.2866667,23.9183333
