species,decimalLongitude,decimalLatitude
Alepocephalus agassizii,-62.368333,42.662167
Alepocephalus agassizii,-63.866167,42.686333
Alepocephalus agassizii,-74.54166667,36.62833333
Alepocephalus agassizii,-60.6582,43.136
Alepocephalus agassizii,-62.0113,42.6283
Alepocephalus agassizii,-63.0308,42.7058
Alepocephalus agassizii,-63.3773,42.63
Alepocephalus agassizii,-64.0007,42.616
Alepocephalus agassizii,-63.194667,42.552333
Alepocephalus agassizii,-64.027,42.468167
Alepocephalus agassizii,-63.954,42.604333
Alepocephalus agassizii,-63.506667,42.649167
Alepocephalus agassizii,-62.363,42.7605
Alepocephalus agassizii,-10.107,55.309
Alepocephalus agassizii,-96.0822906494,26.9641723633
Alepocephalus agassizii,-64.000667000000007,42.616
Alepocephalus agassizii,-60.658167,43.136
Alepocephalus agassizii,-62.011333,42.628333
Alepocephalus agassizii,-72.94166667,38.725
Alepocephalus agassizii,-62.3683,42.6622
Alepocephalus agassizii,-62.227333,42.815167
Alepocephalus agassizii,-63.5067,42.6492
Alepocephalus agassizii,-56.4333,64.349998
Alepocephalus agassizii,-13.9985,53.9965
Alepocephalus agassizii,-63.412,42.654667
Alepocephalus agassizii,-13.0333499908,51.0982990265
Alepocephalus agassizii,-62.207167,42.828667
Alepocephalus agassizii,-63.412,42.6547
Alepocephalus agassizii,-59.672,63
Alepocephalus agassizii,-63.5465,42.687833
Alepocephalus agassizii,-70.60833333,39.88861111
Alepocephalus agassizii,-63.1947,42.5523
Alepocephalus agassizii,-63.477167,42.712667
Alepocephalus agassizii,-64.008167,42.3745
Alepocephalus agassizii,-49.5,50.5
Alepocephalus agassizii,-63.030833,42.705833
Alepocephalus agassizii,-10.0945,55.339
Alepocephalus agassizii,-62.2273,42.8152
Alepocephalus agassizii,-8.30000019073,47.516998291
Alepocephalus agassizii,-9.1988,56.6662
Alepocephalus agassizii,-63.377333,42.63
Alepocephalus agassizii,-76.6902770996,32.2115287781
Alepocephalus agassizii,-62.5156,42.610279
Alepocephalus agassizii,-49.24,43.82
Alepocephalus agassizii,-64.027,42.4682
Alepocephalus agassizii,-63.141167,42.717333000000004
Alepocephalus agassizii,-59.489,62.69
Alepocephalus agassizii,-62.7815,42.723
Alepocephalus agassizii,-63.4772,42.7127
Alepocephalus agassizii,-13.957,54.034
Alepocephalus agassizii,-63.893833,42.657333
Alepocephalus agassizii,-59.544,62.89
Alepocephalus agassizii,-12.9749999046,50.5316505432
Alepocephalus agassizii,-63.1412,42.7173
Alepocephalus agassizii,-63.954,42.6043
Alepocephalus agassizii,-68.0833333333333,40.0666666666667
Alepocephalus agassizii,-74.46230316,36.86980057
Alepocephalus agassizii,-70.95833333,39.79166667
Alepocephalus agassizii,-70.9166666666667,39.8333333333333
Alepocephalus agassizii,-58.669,64.528
Alepocephalus agassizii,-43,47.5
Alepocephalus agassizii,-51.33,43.04
Alepocephalus agassizii,-74.3949966431,37.1016654968
Alepocephalus agassizii,-68.875,40.00833333
Alepocephalus agassizii,-29.75,64.5083333333333
Alepocephalus agassizii,-45.53,48.82
Alepocephalus agassizii,-69.835667,39.780333
Alepocephalus agassizii,-13.793,54.0342
Alepocephalus agassizii,-63.879167,42.547667
Alepocephalus agassizii,-74.4803009,36.8586998
Alepocephalus agassizii,-55.12,55.23
Alepocephalus agassizii,-70.6667,39.766666
Alepocephalus agassizii,70.6082993,39.8885994
Alepocephalus agassizii,-51.71,43.36
Alepocephalus agassizii,-70.5832978,39.9166983
Alepocephalus agassizii,-49.37,49.5
Alepocephalus agassizii,-60.288,62.547
Alepocephalus agassizii,-59.676,62.629
Alepocephalus agassizii,-63.5487,42.7277
Alepocephalus agassizii,-61.561833,42.8725
Alepocephalus agassizii,-63.548667,42.727667
Alepocephalus agassizii,-58.928,63.306
Alepocephalus agassizii,-72.19166667,39.15833333
Alepocephalus agassizii,-72.90833333,38.79166667
Alepocephalus agassizii,-69.075,39.95833333
Alepocephalus agassizii,-35.534,53.28
Alepocephalus agassizii,-62.4456,42.661945
Alepocephalus agassizii,-64.0082,42.3745
Alepocephalus agassizii,-10.4453,54.9685
Alepocephalus agassizii,-63.8938,42.6573
Alepocephalus agassizii,-63.8792,42.5477
Alepocephalus agassizii,-53.06,44.14
Alepocephalus agassizii,-71.875,39.625
Alepocephalus agassizii,-29.827,51.809
Alepocephalus agassizii,-60.136,61.899
Alepocephalus agassizii,-32.6333333333333,64.775
Alepocephalus agassizii,-59.535,62.5317
Alepocephalus agassizii,-13.8257,54.0292
Alepocephalus agassizii,-67.33722222,39.87861111
Alepocephalus agassizii,-68.84166667,40.075
Alepocephalus agassizii,-67.41472222,39.96916667
Alepocephalus agassizii,-67.460994,39.953281
Alepocephalus agassizii,-63.5250015259,15.411110878
Alepocephalus agassizii,-15.3083333333333,60.1483333269755
Alepocephalus agassizii,-34.766,53.139
Alepocephalus agassizii,-65.94166667,41.425
Alepocephalus agassizii,-70.49166667,39.74166667
Alepocephalus agassizii,-48.3,45.45
Alepocephalus agassizii,-72.2166666666667,39.2
Alepocephalus agassizii,-58.4833,43.983334
Alepocephalus agassizii,-30.417,51.918
Alepocephalus agassizii,-29.25,65.25
Alepocephalus agassizii,-74.6683349609,36.5416679382
Alepocephalus agassizii,-57.7199,65.1938
Alepocephalus agassizii,-52.75,54.73
Alepocephalus agassizii,-45.41,48.78
Alepocephalus agassizii,-67.3371964,39.8786011
Alepocephalus agassizii,-70.925,39.825
Alepocephalus agassizii,-68.413402,40.103955
Alepocephalus agassizii,-30.311,51.558
Alepocephalus agassizii,-63.5465,42.6878
Alepocephalus agassizii,-74.25,37.005
Alepocephalus agassizii,-62.2522,42.573891
Alepocephalus agassizii,-53.27,54.85
Alepocephalus agassizii,-74.396667,36.688333
Alepocephalus agassizii,-52.97,54.4
Alepocephalus agassizii,-48.3166666666667,45.5
Alepocephalus agassizii,-12.2467002869,50.7433013916
Alepocephalus agassizii,-70.68,39.81166667
Alepocephalus agassizii,-29.548,51.751
Alepocephalus agassizii,-60.6667,43.2833
Alepocephalus agassizii,-71.7167,39.4958
Alepocephalus agassizii,-76.6903,32.2115
Alepocephalus agassizii,-59.1,62.766666
Alepocephalus agassizii,-60.05,62.247
Alepocephalus agassizii,-57.966,63.249
Alepocephalus agassizii,-67.4016667,39.9155556
Alepocephalus agassizii,-46.15,46.23
Alepocephalus agassizii,-60.2,62.7667
Alepocephalus agassizii,-45.52,48.81
Alepocephalus agassizii,-51.58,42.93
Alepocephalus agassizii,-49.62,50.35
Alepocephalus agassizii,-9.379,56.194
Alepocephalus agassizii,-67.369833,39.975833
Alepocephalus agassizii,-63.64166667,42.65833333
Alepocephalus agassizii,-65.90833333,41.425
Alepocephalus agassizii,-68.10833333,40.10833333
Alepocephalus agassizii,-46.51,47.66
Alepocephalus agassizii,-51.23,52.46
Alepocephalus agassizii,-67.43638889,39.87388889
Alepocephalus agassizii,-63.85833333,42.675
Alepocephalus agassizii,-49.63,50.28
Alepocephalus agassizii,-61.259167,43.055667
Alepocephalus agassizii,-34.869,52.976
Alepocephalus agassizii,-64.0688,42.6517
Alepocephalus agassizii,-29.08333333,64.43333333
Alepocephalus agassizii,-57.72,65.194
Alepocephalus agassizii,-15.2166666666667,52.75
Alepocephalus agassizii,-10.1628,55.1997
Alepocephalus agassizii,-45.85,48.33
Alepocephalus agassizii,-71.4666666666667,39.7666666666667
Alepocephalus agassizii,-60.309,62.983
Alepocephalus agassizii,-64.10833333,42.675
Alepocephalus agassizii,-12.8399996758,51.0716495514
Alepocephalus agassizii,-63.8662,42.6863
Alepocephalus agassizii,-74.6166666666667,36.6833333333333
Alepocephalus agassizii,-30.339,42.915
Alepocephalus agassizii,-61.0017,43.1215
Alepocephalus agassizii,-64.068833,42.651667
Alepocephalus agassizii,-87.1689300537,29.4725894928
Alepocephalus agassizii,-46.2,46
Alepocephalus agassizii,-73.725,38.09166667
Alepocephalus agassizii,-59.7733333333333,62.68
Alepocephalus agassizii,-47.85,45.3833333333333
Alepocephalus agassizii,-61.001667,43.1215
Alepocephalus agassizii,-53.16,44.13
Alepocephalus agassizii,-74.5583,36.995
Alepocephalus agassizii,-69.5175,39.617333
Alepocephalus agassizii,-58.943,62.69
Alepocephalus agassizii,-67.4363889,39.8738889
Alepocephalus agassizii,-65.15,42.108056
Alepocephalus agassizii,-59.817,62.781
Alepocephalus agassizii,-22.6333333333333,43.6549999872843
Alepocephalus agassizii,-91.2528991699,26.9163532257
Alepocephalus agassizii,-71.325,39.80833333
Alepocephalus agassizii,-68.24166667,40.19166667
Alepocephalus agassizii,-33.612,53.034
Alepocephalus agassizii,-12.6983003616,49.5682983398
Alepocephalus agassizii,-59.971,62.379
Alepocephalus agassizii,-47.88,48.17
Alepocephalus agassizii,-56.5667,63.75
Alepocephalus agassizii,-38.937,63.01
Alepocephalus agassizii,-91.7559509277,27.6920986176
Alepocephalus agassizii,-45,49
Alepocephalus agassizii,-68.275,40.175
Alepocephalus agassizii,-49.58,51.1
Alepocephalus agassizii,-29.629,49.862
Alepocephalus agassizii,-70.725,39.75833333
Alepocephalus agassizii,-71.5517,39.7242
Alepocephalus agassizii,-60.073,62.361
Alepocephalus agassizii,-63.825,42.69166667
Alepocephalus agassizii,-52.47,53.54
Alepocephalus agassizii,-45.22,48.95
Alepocephalus agassizii,-65.4156,41.977778
Alepocephalus agassizii,-67.414583,39.969283
Alepocephalus agassizii,-65.511,69.987
Alepocephalus agassizii,-44.5,46
Alepocephalus agassizii,-28.552,43.034
Alepocephalus agassizii,-58.08,56.73
Alepocephalus agassizii,-62.2072,42.8287
Alepocephalus agassizii,-74.6683,36.5417
Alepocephalus agassizii,-61.5618,42.8725
Alepocephalus agassizii,-58.575,64.264
Alepocephalus agassizii,-70.44166667,39.65833333
Alepocephalus agassizii,-12.786649704,51.275850296
Alepocephalus agassizii,-74.3033333,37.1266667
Alepocephalus agassizii,-57.31,55.93
Alepocephalus agassizii,-16.6833333333333,54.9666666666667
Alepocephalus agassizii,-71.89,39.22166667
Alepocephalus agassizii,-29.639,42.81
Alepocephalus agassizii,-60.273,61.972
Alepocephalus agassizii,-60.2,62.76666666666667
Alepocephalus agassizii,-68.09166667,40.075
Alepocephalus agassizii,-46.05,48.45
Alepocephalus agassizii,-54.12,44.69
Alepocephalus agassizii,-13.1933002472,50.9449996948
Alepocephalus agassizii,-71.925,39.59166667
Alepocephalus agassizii,-88.3249969482,28.9416675568
Alepocephalus agassizii,-71.716667,39.495833
Alepocephalus agassizii,-58.9427,62.69
Alepocephalus agassizii,-52.77,43.55
Alepocephalus agassizii,-64.05,42.666668
Alepocephalus agassizii,-59.555,63.71167
Alepocephalus agassizii,-46.15,47.68
Alepocephalus agassizii,-70.175,39.55833333
Alepocephalus agassizii,-70.65,39.816666
Alepocephalus agassizii,-73.30166667,38.31
Alepocephalus agassizii,-56.0333,44.833332
Alepocephalus agassizii,-65.0675,42.219444
Alepocephalus agassizii,-55.49,55.33
Alepocephalus agassizii,-60.3794,43.232224
Alepocephalus agassizii,-48.0666666666667,45.4
Alepocephalus agassizii,-66.34166667,40.925
Alepocephalus agassizii,-12.5233001709,51.346698761
Alepocephalus agassizii,-9.292,56.158
Alepocephalus agassizii,-68.64166667,40.075
Alepocephalus agassizii,-47.04,46
Alepocephalus agassizii,-74.4749984741,36.6633338928
Alepocephalus agassizii,-53.02,43.97
Alepocephalus agassizii,-13.3425002098,51.114151001
Alepocephalus agassizii,-51.5,52.77
Alepocephalus agassizii,-54.88,45.00166667
Alepocephalus agassizii,-18.25,59.1166666666667
Alepocephalus agassizii,-57.96573,63.249477
Alepocephalus agassizii,-67.875,40.30833333
Alepocephalus agassizii,-69.15833333,39.925
Alepocephalus agassizii,-13.3499999046,50.3217010498
Alepocephalus agassizii,-59.535,62.53166666666667
Alepocephalus agassizii,-12.6300001144,50.0066986084
Alepocephalus agassizii,-59.555,63.712
Alepocephalus agassizii,-48.2333333333333,45.2833333333333
Alepocephalus agassizii,-72.85833333,38.875
Alepocephalus agassizii,-45.68,48.56
Alepocephalus agassizii,-52.65,43.66
Alepocephalus agassizii,-59.5533333333333,62.525
Alepocephalus agassizii,-63.375,42.775
Alepocephalus agassizii,-12.3816995621,49.8450012207
Alepocephalus agassizii,-47.47,48.18
Alepocephalus agassizii,-32.63333333,64.775
Alepocephalus agassizii,-29.536,42.933
Alepocephalus agassizii,-60.2,62.766666
Alepocephalus agassizii,-59.562,62.831
Alepocephalus agassizii,-22.556666692098,43.6099999745687
Alepocephalus agassizii,-18.0223007202148,19.9088001251221
Alepocephalus agassizii,-47.1,46.93
Alepocephalus agassizii,-58.785,62.851
Alepocephalus agassizii,-64.04166667,42.69166667
Alepocephalus agassizii,-70.79166667,39.75833333
Alepocephalus agassizii,-59.971,62.518
Alepocephalus agassizii,-58.8333333333333,57.0333333333333
Alepocephalus agassizii,-70.49166667,39.45833333
Alepocephalus agassizii,-71.99166667,39.29166667
Alepocephalus agassizii,-46.6,46.78
Alepocephalus agassizii,-54.49,44.76
Alepocephalus agassizii,-59.783,63.105
Alepocephalus agassizii,-59.0333333333333,67.33833333333334
Alepocephalus agassizii,-12.9483003616,49.8699989319
Alepocephalus agassizii,-58.5746,64.2641
Alepocephalus agassizii,-94.6644821167,26.5117797852
Alepocephalus agassizii,-59.7666666666667,62.66666666666666
Alepocephalus agassizii,-12.9682998657,49.9166984558
Alepocephalus agassizii,-70.79166667,39.85833333
Alepocephalus agassizii,-59.085,63.246
Alepocephalus agassizii,-18.0775003433,21.6283502579
Alepocephalus agassizii,-92.1777733,26.9686133
Alepocephalus agassizii,-74.0833333,37.1333333
Alepocephalus agassizii,-8.3,47.517
Alepocephalus agassizii,-49.04,43.92
Alepocephalus agassizii,-73.30278,38.31111
Alepocephalus agassizii,-84.7157211304,26.7991352081
Alepocephalus agassizii,-59.399,62.522
Alepocephalus agassizii,-57.26,56.26
Alepocephalus agassizii,-74.5329971313,36.8330001831
Alepocephalus agassizii,-63,45
Alepocephalus agassizii,-72.125,39.425
Alepocephalus agassizii,-67.43888889,39.9675
Alepocephalus agassizii,-13.3991999626,49.478351593
Alepocephalus agassizii,-73.675,38.125
Alepocephalus agassizii,-54.25,7.8333333
Alepocephalus agassizii,-45.71,48.61
Alepocephalus agassizii,-13.3092002869,49.4817008972
Alepocephalus agassizii,-59.785,62.435
Alepocephalus agassizii,-65.4156,41.978056
Alepocephalus agassizii,-62.9633,42.7885
Alepocephalus agassizii,-59.991,62.851
Alepocephalus agassizii,-48.19,48.11
Alepocephalus agassizii,-51.31,42.95
Alepocephalus agassizii,-62.963333,42.7885
Alepocephalus agassizii,-67.2515,39.943833
Alepocephalus agassizii,-59.223,62.41
Alepocephalus agassizii,-68.10833333,40.025
Alepocephalus agassizii,-67.40166667,39.91555556
Alepocephalus agassizii,-57.719885,65.19384
Alepocephalus agassizii,-58.57463,64.264147
Alepocephalus agassizii,-13.184,51.828
Alepocephalus agassizii,-69.83555556,39.78027778
Alepocephalus agassizii,-74.40730286,37.07889938
Alepocephalus agassizii,-73.8583,38.09
Alepocephalus agassizii,-58.626,62.871
Alepocephalus agassizii,-58.7,64.329
Alepocephalus agassizii,-59.7583333333333,62.67
Alepocephalus agassizii,-68.275,40.19166667
Alepocephalus agassizii,-52.73,43.64
Alepocephalus agassizii,-69.846167,39.790333
Alepocephalus agassizii,-58.942747,62.690007
Alepocephalus agassizii,-59.526,63.158
Alepocephalus agassizii,-88.2854156494,27.7368030548
Alepocephalus agassizii,-57.9657,63.2495
Alepocephalus agassizii,-29.63,49.863
Alepocephalus agassizii,-61.2592,43.0557
Alepocephalus agassizii,-70.59166667,39.925
Alepocephalus agassizii,-60.092,62.054
Alepocephalus agassizii,-49.76,50.41
Alepocephalus agassizii,-53.03,43.98
Alepocephalus agassizii,-74.533,36.833
Alepocephalus agassizii,-59.1938,62.51916666666666
Alepocephalus agassizii,-84.9392242432,26.7211151123
Alepocephalus agassizii,-57.45,56.32
Alepocephalus agassizii,-63.90833333,42.65833333
Alepocephalus agassizii,-11.9307999611,50.7416496277
Alepocephalus agassizii,-59.0333333333333,67.34833333333333
