species,decimalLongitude,decimalLatitude
Alepocephalus umbriceps,175.3625,-42.775
Alepocephalus umbriceps,135.600006104,33.3916664124
Alepocephalus umbriceps,126.97055555555556,27.038333333333334
Alepocephalus umbriceps,135.508331299,33.4041671753
Alepocephalus umbriceps,127.58166666666666,27.988333333333333
Alepocephalus umbriceps,127.5816667,27.98833333
Alepocephalus umbriceps,140.755,33.00666667
Alepocephalus umbriceps,140.755,33.00666666666667
Alepocephalus umbriceps,126.9705556,27.03833333
Alepocephalus umbriceps,135.57,33.3917
