species,decimalLongitude,decimalLatitude
Alepes melanoptera,116.39167,-20.21806
Alepes melanoptera,115.08389,-20.44264
Alepes melanoptera,118.175,-18.88333
Alepes melanoptera,115.05833,-20.96666
Alepes melanoptera,115.12597,-20.52611
Alepes melanoptera,113.13389,-24.60902
Alepes melanoptera,116.01736,-19.99347
Alepes melanoptera,112.7757,-25.52611
Alepes melanoptera,118.66667,-19.53403
Alepes melanoptera,116.55903,-20.00972
Alepes melanoptera,118.47681,-19.65903
Alepes melanoptera,116.45847,-20.16791
Alepes melanoptera,118.30833,-19.75
Alepes melanoptera,113.47542,-24.48375
Alepes melanoptera,117.96736,-19.97569
Alepes melanoptera,112.73486,-26.20125
