species,decimalLongitude,decimalLatitude
Alepisaurus ferox,109.38569333333,-16.2850633333329
Alepisaurus ferox,153.416,-30.3
Alepisaurus ferox,108.13422333333,-16.70428
Alepisaurus ferox,110.98925333333,-18.30187
Alepisaurus ferox,109.62043666667,-15.938963333333
Alepisaurus ferox,108.53658333333,-18.40248
Alepisaurus ferox,105.38563333333,-11.737833333333
Alepisaurus ferox,105.03355333333,-17.0167966666669
Alepisaurus ferox,109.3018,-16.40245
Alepisaurus ferox,108.3019,-16.8048
Alepisaurus ferox,106,-23.922166666667
Alepisaurus ferox,108.050349999999,-16.1676666666669
Alepisaurus ferox,111.10062,-17.4191866666669
Alepisaurus ferox,109.72103666667,-16.70428
Alepisaurus ferox,107.57016666667,-17.670716666667
Alepisaurus ferox,109.519806666669,-16.3521199999999
Alepisaurus ferox,109.98929333333,-15.989293333333
Alepisaurus ferox,107.80482,-18.6371833333329
Alepisaurus ferox,108.23473333333,-16.687433333333
Alepisaurus ferox,109.9558,-12.8552
Alepisaurus ferox,110.486243333329,-13.85518
Alepisaurus ferox,107.251499999999,-15.503
Alepisaurus ferox,110,-16.318566666667
Alepisaurus ferox,107.653899999999,-16.8049
Alepisaurus ferox,107.51986666667,-14.1173666666669
Alepisaurus ferox,106.48629333333,-16.335413333333
Alepisaurus ferox,108.73775333333,-17.5030199999999
Alepisaurus ferox,148.469,-38.2722
Alepisaurus ferox,109.151,-15.151
Alepisaurus ferox,109.251499999999,-14.8551699999999
Alepisaurus ferox,109.151,-17.620366666667
Alepisaurus ferox,108.06706666667,-18.385733333333
Alepisaurus ferox,111.57006666667,-16.20129
Alepisaurus ferox,109.13421333333,-18.318616666667
Alepisaurus ferox,109.352189999999,-12.570156666667
Alepisaurus ferox,109.151,-15.60365
Alepisaurus ferox,108.9055,-16.234833333333
Alepisaurus ferox,109.050299999999,-19.2012
Alepisaurus ferox,108.18447333333,-17.486323333333
Alepisaurus ferox,108.30182,-18.55336
Alepisaurus ferox,109.352149999999,-17.15097
Alepisaurus ferox,152.5,-33.45
Alepisaurus ferox,106.1007,-14.5701666666669
Alepisaurus ferox,110,-16.435963333333
Alepisaurus ferox,106.46946666667,-17.385633333333
Alepisaurus ferox,106.419166666669,-15.1173666666669
Alepisaurus ferox,106.85513,-18.5031
Alepisaurus ferox,151.416,-33.833
Alepisaurus ferox,109.95573,-12.972546666667
Alepisaurus ferox,109.2013,-15.50309
Alepisaurus ferox,108.75457,-16.972526666667
Alepisaurus ferox,109.40248,-18.419216666667
Alepisaurus ferox,107.06706666667,-14.368866666667
Alepisaurus ferox,110.653989999999,-14.0168166666669
Alepisaurus ferox,105.93893333333,-15.083833333333
Alepisaurus ferox,109.72101666667,-16.888653333333
Alepisaurus ferox,114.00008,-17.385633333333
Alepisaurus ferox,114.8049,-16.737833333333
Alepisaurus ferox,108.83839333333,-17.3856833333329
Alepisaurus ferox,109.87193666667,-16.083833333333
Alepisaurus ferox,113.01681666667,-17.436033333333
Alepisaurus ferox,112.865,-20.90416
Alepisaurus ferox,148.46899,-38.2722
Alepisaurus ferox,107.20123,-15.821586666667
Alepisaurus ferox,111.989243333329,-18.15095
Alepisaurus ferox,109.88870333333,-14.670686666667
Alepisaurus ferox,109.88871333333,-16.9054499999999
Alepisaurus ferox,107.33540333333,-16.771266666667
Alepisaurus ferox,107.134163333329,-18.536633333333
Alepisaurus ferox,108.25152,-19.4527199999999
Alepisaurus ferox,108.519856666669,-18.7042299999999
Alepisaurus ferox,109.737763333329,-15.45271
Alepisaurus ferox,105,-14
Alepisaurus ferox,150.25,-35.733
Alepisaurus ferox,109.419166666669,-12.50309
Alepisaurus ferox,110.28503333333,-12.40246
Alepisaurus ferox,104.98929333333,-10.016786666667
Alepisaurus ferox,108.75452,-16.0503199999999
Alepisaurus ferox,109.20125,-15.385703333333
Alepisaurus ferox,108.06716666667,-17.5533499999999
Alepisaurus ferox,113.033563333329,-15.838333333333
Alepisaurus ferox,108.80481,-18.5700766666669
Alepisaurus ferox,107.486333333329,-18.1677666666669
Alepisaurus ferox,153.133,-33.066
Alepisaurus ferox,107.53663333333,-18.368906666667
Alepisaurus ferox,108.67067666667,-15.838403333333
Alepisaurus ferox,108.46951666667,-15.083853333333
Alepisaurus ferox,128.033,-34.066
Alepisaurus ferox,105.01679666667,-11.033543333333
Alepisaurus ferox,107.43593333333,-13.821566666667
Alepisaurus ferox,109.88869333333,-11.838333333333
Alepisaurus ferox,108.51979666667,-17.1844833333329
Alepisaurus ferox,105.03354333333,-22.0167666666669
Alepisaurus ferox,110,-18
Alepisaurus ferox,109.1006,-16.888733333333
Alepisaurus ferox,112.88863333333,-17.8049
Alepisaurus ferox,109.251499999999,-18.5365833333329
Alepisaurus ferox,113.10061,-18.10061
