species,decimalLongitude,decimalLatitude
Alepocephalus australis,152.15,-33.467
Alepocephalus australis,152.8,-32.833
Alepocephalus australis,152.217,-33.467
Alepocephalus australis,144.3933,-41.8733
Alepocephalus australis,153.15,-32.117
Alepocephalus australis,151.25,-34.883
Alepocephalus australis,141.07,-38.63
Alepocephalus australis,151.233,-34.9
Alepocephalus australis,139,-37.6
Alepocephalus australis,139.659,-37.833
Alepocephalus australis,150.883,-35.5
Alepocephalus australis,152.1,-33.6
Alepocephalus australis,152.233,-33.467
Alepocephalus australis,151,-35.333
Alepocephalus australis,152.05,-33.7
Alepocephalus australis,152.017,-33.717
Alepocephalus australis,150.95,-35.367
Alepocephalus australis,144.716,-42.416
Alepocephalus australis,150.9,-35.483
Alepocephalus australis,148.716,-39.083
Alepocephalus australis,152.2,-33.483
Alepocephalus australis,150.883,-35.483
Alepocephalus australis,152.067,-33.683
Alepocephalus australis,151.97499,-33.783
Alepocephalus australis,151.283,-34.783
Alepocephalus australis,152.217,-33.483
Alepocephalus australis,130.66667,-33.81667
Alepocephalus australis,143.83,-41.1
Alepocephalus australis,144.71667,-42.41667
Alepocephalus australis,144.59167,-42.18833
Alepocephalus australis,152.233,-33.483
Alepocephalus australis,151.25,-34.933
Alepocephalus australis,114.21,-33.2983
Alepocephalus australis,153.15,-32.067
Alepocephalus australis,143.5,-40.75
Alepocephalus australis,121.317,-34.5917
Alepocephalus australis,151.233,-34.917
Alepocephalus australis,143.77833,-41.02667
Alepocephalus australis,144.75167,-42.36667
Alepocephalus australis,150.967,-35.367
Alepocephalus australis,152.817,-32.817
Alepocephalus australis,144.7516,-42.3666
Alepocephalus australis,152.117,-33.6
Alepocephalus australis,150.883,-35.466
Alepocephalus australis,151.25,-34.867
Alepocephalus australis,150.967,-35.35
Alepocephalus australis,151.25,-34.85
Alepocephalus australis,152.017,-33.733
Alepocephalus australis,150.917,-35.45
Alepocephalus australis,150.883,-35.467
Alepocephalus australis,150.9,-35.467
Alepocephalus australis,150.85,-35.483
Alepocephalus australis,151.333,-34.633
Alepocephalus australis,150.85,-35.45
Alepocephalus australis,150.883,-35.517
Alepocephalus australis,152.083,-33.633
Alepocephalus australis,143.7783,-41.0266
Alepocephalus australis,151.983,-33.783
Alepocephalus australis,150.717,-35.683
Alepocephalus australis,151.355,-34.8547
Alepocephalus australis,150.917,-35.483
Alepocephalus australis,144.39333,-41.87333
Alepocephalus australis,132.67499999999998,-34.848333333333336
Alepocephalus australis,152.17499,-33.50833
Alepocephalus australis,152.183,-33.5
Alepocephalus australis,152.733,-32.917
Alepocephalus australis,150.35,-37.65
Alepocephalus australis,152.9,-32.65
Alepocephalus australis,128.567,-33.442
Alepocephalus australis,152.033,-33.717
Alepocephalus australis,152.017,-33.75
Alepocephalus australis,132.675,-34.84833333
Alepocephalus australis,144.5916,-42.1883
Alepocephalus australis,151.933,-33.75
Alepocephalus australis,151.267,-34.767
Alepocephalus australis,151.217,-34.917
Alepocephalus australis,151.233,-34.867
Alepocephalus australis,150.883,-35.45
Alepocephalus australis,151.967,-33.8
Alepocephalus australis,150.85,-35.533
Alepocephalus australis,114.21,-33.29833
Alepocephalus australis,151.233,-34.883
Alepocephalus australis,152,-33.767
Alepocephalus australis,152.183,-33.533
Alepocephalus australis,150.867,-35.5
Alepocephalus australis,151.267,-34.883
Alepocephalus australis,152.217,-33.5
Alepocephalus australis,152.133,-33.583
Alepocephalus australis,150.867,-35.45
Alepocephalus australis,135.53,-35.8767
Alepocephalus australis,152.2,-33.5
Alepocephalus australis,152.217,-33.45
Alepocephalus australis,152.167,-33.5
Alepocephalus australis,151.283,-34.667
Alepocephalus australis,151.25,-34.917
Alepocephalus australis,130.666,-33.816
Alepocephalus australis,152.783,-32.9
Alepocephalus australis,151.233,-34.85
Alepocephalus australis,114.1975,-33.28083
Alepocephalus australis,148.71667,-39.08333
Alepocephalus australis,152.133,-33.55
Alepocephalus australis,140.98,-38.6
Alepocephalus australis,150.85,-35.517
Alepocephalus australis,125.52,-34.05
Alepocephalus australis,151.267,-34.917
Alepocephalus australis,151.217,-34.867
Alepocephalus australis,114.266,-34.166
Alepocephalus australis,114.26667,-34.16667
Alepocephalus australis,151.217,-34.883
Alepocephalus australis,153.15,-32.083
Alepocephalus australis,152.2,-33.45
Alepocephalus australis,152.05,-33.717
Alepocephalus australis,151.317,-34.633
Alepocephalus australis,151.217,-34.95
Alepocephalus australis,150.916,-35.45
