species,decimalLongitude,decimalLatitude
Alepes apercna,118.31334,-19.975
Alepes apercna,117.93583,-19.8725
Alepes apercna,118.73584,-19.7175
Alepes apercna,118.2675,-19.88333
Alepes apercna,153.383,-29.4
Alepes apercna,115.80667,-20.62166
Alepes apercna,153.383,-29.383
Alepes apercna,153.567,-28.583
Alepes apercna,118.885,-19.48
Alepes apercna,151.883,-32.85
Alepes apercna,115,-21
Alepes apercna,117.015,-19.99166
Alepes apercna,120.8,-18.89166
Alepes apercna,120.50834,-19.09166
Alepes apercna,118.19667,-20.07666
Alepes apercna,122.31667,-16.33333
Alepes apercna,118.55,-19.6
Alepes apercna,116.0875,-20.10916
Alepes apercna,116.445,-20.29916
Alepes apercna,115.5,-20.41667
Alepes apercna,118.90334,-19.44833
Alepes apercna,118.245,-19.77917
Alepes apercna,119.325,-18.625
Alepes apercna,152.517,-32.133
Alepes apercna,117.46667,-19.875
Alepes apercna,117.4675,-20.0675
Alepes apercna,115.175,-20.86667
Alepes apercna,118.64834,-19.59166
Alepes apercna,117.883,-19.65
Alepes apercna,153.4,-29.35
Alepes apercna,117.09167,-20.09166
Alepes apercna,153.383,-29.417
Alepes apercna,153.416667,-27.383333
Alepes apercna,120.04167,-19.59166
Alepes apercna,117.13167,-20.32
Alepes apercna,118.64167,-19.61666
Alepes apercna,118.71917,-19.7075
Alepes apercna,153.4,-29.317
Alepes apercna,115.12372,-21.11276
Alepes apercna,121.9,-17.43333
Alepes apercna,118.2625,-19.07583
Alepes apercna,153.367,-29.383
Alepes apercna,121.86667,-17.83333
Alepes apercna,118.3075,-20.02666
Alepes apercna,118.35834,-19.75833
Alepes apercna,153.2,-27.31666
Alepes apercna,153.016667,-27.466667
Alepes apercna,153.383,-29.35
Alepes apercna,153.2,-27.316667
Alepes apercna,153.25,-27.25
Alepes apercna,118.55167,-19.61667
Alepes apercna,117.18833,-20.33333
Alepes apercna,116.32863,-20.69762
Alepes apercna,113.85,-22.33333
Alepes apercna,119.62,-18.7
Alepes apercna,153.4,-29.3
Alepes apercna,151.85,-32.867
Alepes apercna,120.75,-18.25
Alepes apercna,117.15,-19.99166
Alepes apercna,153.11667,-27.31666
Alepes apercna,118.90834,-19.61
Alepes apercna,122.15,-16.5
Alepes apercna,118.32333,-19.575
Alepes apercna,121.00833,-17.71667
Alepes apercna,152.516,-32.15
Alepes apercna,118.39834,-19.39916
Alepes apercna,117.75083,-20.13916
Alepes apercna,115.92833,-20.55916
Alepes apercna,151.120325,-34.00582
Alepes apercna,122.5,-16.166
Alepes apercna,117.317,-19.59083
Alepes apercna,122.5,-16.16667
Alepes apercna,118.71667,-19.36083
Alepes apercna,118.0025,-19.10916
Alepes apercna,117.9425,-19.895
Alepes apercna,118.2925,-19.835
Alepes apercna,115.76917,-20.65666
Alepes apercna,119.00333,-19.42667
Alepes apercna,153.367,-29.333
Alepes apercna,118.16084,-20.01917
Alepes apercna,153.367,-29.4
Alepes apercna,117.88333,-19.65
Alepes apercna,115.5125,-20.19666
Alepes apercna,114.466,-21.966
Alepes apercna,153.383,-29.367
Alepes apercna,153.366667,-27.116667
Alepes apercna,119.33334,-18.59167
Alepes apercna,118.21667,-19.76667
Alepes apercna,117.7375,-20.07166
Alepes apercna,121.98333,-16.5
Alepes apercna,117.395,-20.19833
Alepes apercna,119.11667,-18.95
Alepes apercna,153.116667,-27.266667
Alepes apercna,115.28309,-21.21259
Alepes apercna,115.14584,-20.86416
Alepes apercna,153.36667,-27.11666
Alepes apercna,120.76667,-18.08333
Alepes apercna,118.92,-19.46917
Alepes apercna,114.25,-22.08333
Alepes apercna,153.35,-29.65
Alepes apercna,118.585,-19.65833
Alepes apercna,115.1,-20.36667
Alepes apercna,119.51667,-19.63333
Alepes apercna,115.79,-20.59416
Alepes apercna,116.71667,-20.65
Alepes apercna,115.09417,-20.92667
Alepes apercna,152.51667,-32.15
Alepes apercna,117.36,-20.3325
Alepes apercna,153.08333,-27.16667
Alepes apercna,118.10917,-20.07667
Alepes apercna,117.68917,-20.1875
Alepes apercna,153.417,-29.383
Alepes apercna,117.47334,-20.34
Alepes apercna,117.86583,-20.19833
Alepes apercna,113.638598575259,-25.9522459340334
Alepes apercna,116.0525,-20.43166
Alepes apercna,153.02801,-27.46785
Alepes apercna,118.06667,-20.15
Alepes apercna,153.417,-29.283
Alepes apercna,118.17834,-19.18083
Alepes apercna,114.46667,-21.96667
Alepes apercna,118.46667,-19.63333
Alepes apercna,117.0125,-20.29416
Alepes apercna,153.083333,-27.35
Alepes apercna,122.33333,-16.33333
Alepes apercna,115.12417,-20.66583
Alepes apercna,153.11667,-27.23333
Alepes apercna,120.55,-18.05
Alepes apercna,118.76584,-19.57917
Alepes apercna,118.055,-20.10583
Alepes apercna,153.116667,-27.316667
Alepes apercna,120.51667,-18.26667
Alepes apercna,117.41334,-20.03166
Alepes apercna,118.8175,-19.49916
Alepes apercna,153.1,-27.266667
Alepes apercna,118.83583,-19.50916
Alepes apercna,153.083333,-27.166667
Alepes apercna,116.4925,-19.7625
Alepes apercna,118.5,-19.6000003815
Alepes apercna,118,-19.95833
Alepes apercna,118.16084,-20.02583
Alepes apercna,116.7325,-19.815
Alepes apercna,122.333,-16.333
Alepes apercna,153.41666,-27.38333
Alepes apercna,122.48334,-16.16667
Alepes apercna,113.55028,-24.72972
Alepes apercna,116.43334,-20.34166
Alepes apercna,116.36777,-20.67634
Alepes apercna,120.80834,-18.89166
Alepes apercna,118.58667,-19.12333
Alepes apercna,153.116667,-27.233333
Alepes apercna,116.53333,-20.48333
Alepes apercna,116.73333,-20.6
Alepes apercna,153.1,-27.26667
Alepes apercna,115.98333,-20.645
Alepes apercna,118.43083,-18.90916
Alepes apercna,153.08333,-27.35
Alepes apercna,116.68834,-20.3
Alepes apercna,118.32667,-19.75833
Alepes apercna,118.09584,-20.00916
Alepes apercna,116.4375,-20.30333
Alepes apercna,118.36667,-19.23333
Alepes apercna,118.67084,-19.51833
Alepes apercna,121.15834,-17.05
Alepes apercna,118.575,-18.89167
Alepes apercna,153.11667,-27.26667
Alepes apercna,117.42167,-20.26833
Alepes apercna,118.61167,-19.86167
Alepes apercna,153.01667,-27.46667
