species,decimalLongitude,decimalLatitude
Alepocephalus antipodianus,137.375,-37.01667
Alepocephalus antipodianus,150.883,-35.483
Alepocephalus antipodianus,148.69167,-38.94166
Alepocephalus antipodianus,151.967,-33.767
Alepocephalus antipodianus,139.95,-38.06667
Alepocephalus antipodianus,138.28334,-37.225
Alepocephalus antipodianus,148.775,-39.21666
Alepocephalus antipodianus,151.85,-33.867
Alepocephalus antipodianus,152.2,-33.45
Alepocephalus antipodianus,152.117,-33.6
Alepocephalus antipodianus,144.64167,-42.26666
Alepocephalus antipodianus,139.93334,-38.05
Alepocephalus antipodianus,150.717,-35.683
Alepocephalus antipodianus,140.33334,-38.29166
Alepocephalus antipodianus,143.65834,-40.9
Alepocephalus antipodianus,144.50834,-41.925
Alepocephalus antipodianus,152.166,-33.433
Alepocephalus antipodianus,152.817,-32.817
Alepocephalus antipodianus,140.96667,-38.58333
Alepocephalus antipodianus,139.44167,-37.79166
Alepocephalus antipodianus,141.88334,-38.86667
Alepocephalus antipodianus,114.44167,-32.56333
Alepocephalus antipodianus,150.85,-35.483
Alepocephalus antipodianus,139.03334,-37.625
Alepocephalus antipodianus,137.2,-36.86666
Alepocephalus antipodianus,138.91667,-37.45833
Alepocephalus antipodianus,138.65,-37.45833
Alepocephalus antipodianus,141.94167,-38.9
Alepocephalus antipodianus,150.9,-35.467
Alepocephalus antipodianus,144.625,-42.25
Alepocephalus antipodianus,150.88334,-35.45
Alepocephalus antipodianus,142.65834,-39.35
Alepocephalus antipodianus,150.867,-35.45
Alepocephalus antipodianus,152.2,-33.483
Alepocephalus antipodianus,144.16667,-41.39166
Alepocephalus antipodianus,152.1,-33.6
Alepocephalus antipodianus,138.79167,-37.325
Alepocephalus antipodianus,153.596,-30.099
Alepocephalus antipodianus,139.04167,-37.6
Alepocephalus antipodianus,150.883,-35.467
Alepocephalus antipodianus,148.79167,-39.28333
Alepocephalus antipodianus,152.217,-33.5
Alepocephalus antipodianus,139.625,-37.86666
Alepocephalus antipodianus,149.783,-38.3
Alepocephalus antipodianus,149.8,-38.3
Alepocephalus antipodianus,151.25,-34.933
Alepocephalus antipodianus,152.017,-33.733
Alepocephalus antipodianus,139.675,-37.925
Alepocephalus antipodianus,150.883,-35.517
Alepocephalus antipodianus,139.125,-37.69166
Alepocephalus antipodianus,142.25,-39.25
Alepocephalus antipodianus,151.217,-34.883
Alepocephalus antipodianus,150.916,-35.45
Alepocephalus antipodianus,153.133,-32.067
Alepocephalus antipodianus,143.675,-40.90833
Alepocephalus antipodianus,151.483,-33.266
Alepocephalus antipodianus,152.067,-33.667
Alepocephalus antipodianus,152.017,-33.75
Alepocephalus antipodianus,143.28333,-40.28333
Alepocephalus antipodianus,151.217,-34.933
Alepocephalus antipodianus,144.81667,-42.64166
Alepocephalus antipodianus,148.79167,-39.23333
Alepocephalus antipodianus,144.64167,-42.41666
Alepocephalus antipodianus,140.45834,-38.39166
Alepocephalus antipodianus,152.17499,-33.50833
Alepocephalus antipodianus,144.29167,-41.525
Alepocephalus antipodianus,152.183,-33.5
Alepocephalus antipodianus,144.66667,-42.275
Alepocephalus antipodianus,142.125,-38.93333
Alepocephalus antipodianus,142.75,-39.25
Alepocephalus antipodianus,150.883,-35.5
Alepocephalus antipodianus,113.20584,-22.45667
Alepocephalus antipodianus,139.21667,-37.70833
Alepocephalus antipodianus,152.05,-33.7
Alepocephalus antipodianus,111.4475,-25.84666
Alepocephalus antipodianus,144.84167,-42.83333
Alepocephalus antipodianus,150.867,-35.467
Alepocephalus antipodianus,144.75834,-42.84166
Alepocephalus antipodianus,144.76667,-42.41666
Alepocephalus antipodianus,139.659,-37.833
Alepocephalus antipodianus,143.2,-40.15
Alepocephalus antipodianus,151.267,-34.8
Alepocephalus antipodianus,130.28,-34.625
Alepocephalus antipodianus,150.917,-35.45
Alepocephalus antipodianus,140.05,-38.10833
Alepocephalus antipodianus,142.39167,-39.08333
Alepocephalus antipodianus,141.00834,-38.625
Alepocephalus antipodianus,140.95,-38.6
Alepocephalus antipodianus,138.94167,-37.56666
Alepocephalus antipodianus,144.475,-41.95833
Alepocephalus antipodianus,148.85,-39.28333
Alepocephalus antipodianus,152.05,-33.533
Alepocephalus antipodianus,142.93334,-39.625
Alepocephalus antipodianus,151.967,-33.8
Alepocephalus antipodianus,148.725,-39.00833
Alepocephalus antipodianus,152.15,-33.5
Alepocephalus antipodianus,144.275,-41.46666
Alepocephalus antipodianus,148.739,-39.031
Alepocephalus antipodianus,150.83334,-35.49166
Alepocephalus antipodianus,111.51,-25.69667
Alepocephalus antipodianus,141.00833,-38.64166
Alepocephalus antipodianus,152.233,-33.467
Alepocephalus antipodianus,113.748,-29.59
Alepocephalus antipodianus,151.233,-34.867
Alepocephalus antipodianus,151.25,-34.85
Alepocephalus antipodianus,152.817,-32.85
Alepocephalus antipodianus,140.05834,-38.09166
Alepocephalus antipodianus,144.83333,-42.70833
Alepocephalus antipodianus,138.91667,-37.44167
Alepocephalus antipodianus,144.81667,-42.78333
Alepocephalus antipodianus,151.233,-34.883
Alepocephalus antipodianus,144.83333,-42.73333
Alepocephalus antipodianus,152.75,-32.917
Alepocephalus antipodianus,148.725,-41.35833
Alepocephalus antipodianus,139.025,-37.60833
Alepocephalus antipodianus,151.25,-34.883
Alepocephalus antipodianus,152.833,-32.817
Alepocephalus antipodianus,111.44749,-25.84666
Alepocephalus antipodianus,152.7,-32.95
Alepocephalus antipodianus,145.54167,-43.50833
Alepocephalus antipodianus,152.8,-32.833
Alepocephalus antipodianus,152.067,-33.683
Alepocephalus antipodianus,151,-34
Alepocephalus antipodianus,139.88334,-38.025
Alepocephalus antipodianus,144.60834,-42.08333
Alepocephalus antipodianus,152,-33.733
Alepocephalus antipodianus,153.15,-32.117
Alepocephalus antipodianus,152.767,-32.933
Alepocephalus antipodianus,152.133,-33.55
Alepocephalus antipodianus,144.175,-41.4
Alepocephalus antipodianus,114.48,-32.3175
Alepocephalus antipodianus,152.183,-33.483
Alepocephalus antipodianus,151.217,-34.95
Alepocephalus antipodianus,139.55834,-37.86666
Alepocephalus antipodianus,139.31667,-37.675
Alepocephalus antipodianus,151.233,-34.9
Alepocephalus antipodianus,144.84167,-42.65
Alepocephalus antipodianus,152.017,-33.717
Alepocephalus antipodianus,151.333,-34.633
Alepocephalus antipodianus,152,-33.767
Alepocephalus antipodianus,151.25,-34.917
Alepocephalus antipodianus,139.98334,-38.08333
Alepocephalus antipodianus,151.35,-34.583
Alepocephalus antipodianus,142.35,-39.06667
Alepocephalus antipodianus,144.28334,-41.56666
Alepocephalus antipodianus,151.266,-34.883
Alepocephalus antipodianus,144.275,-41.53333
Alepocephalus antipodianus,152.217,-33.483
Alepocephalus antipodianus,130.28,-34.641
Alepocephalus antipodianus,144.73334,-42.41666
Alepocephalus antipodianus,143.275,-40.275
Alepocephalus antipodianus,151.983,-33.783
Alepocephalus antipodianus,139.13334,-37.64166
Alepocephalus antipodianus,142.48333,-39.19166
Alepocephalus antipodianus,148.78333,-39.125
Alepocephalus antipodianus,144.69167,-42.36666
Alepocephalus antipodianus,140.34167,-38.29166
Alepocephalus antipodianus,139.58334,-37.86666
Alepocephalus antipodianus,139.5,-37.76667
Alepocephalus antipodianus,144.175,-41.375
Alepocephalus antipodianus,151.233,-34.917
Alepocephalus antipodianus,151.267,-34.917
Alepocephalus antipodianus,144.05834,-41.36666
Alepocephalus antipodianus,150.95,-35.317
Alepocephalus antipodianus,140.31667,-38.30833
Alepocephalus antipodianus,143.30834,-40.53333
Alepocephalus antipodianus,151.25,-34.867
Alepocephalus antipodianus,152.083,-33.633
Alepocephalus antipodianus,152.1,-33.55
Alepocephalus antipodianus,142.33334,-39.01666
Alepocephalus antipodianus,142.11667,-38.95
Alepocephalus antipodianus,141.91667,-38.89166
Alepocephalus antipodianus,143.6,-40.80833
Alepocephalus antipodianus,139.51667,-37.8
Alepocephalus antipodianus,139.225,-37.71666
Alepocephalus antipodianus,138.74167,-37.39166
Alepocephalus antipodianus,140.73334,-38.50833
Alepocephalus antipodianus,114.513,-33.2983
Alepocephalus antipodianus,138.68334,-37.33333
Alepocephalus antipodianus,144.40834,-41.76666
Alepocephalus antipodianus,151.97499,-33.783
Alepocephalus antipodianus,140.375,-38.30833
Alepocephalus antipodianus,152.033,-33.633
Alepocephalus antipodianus,152.016,-33.566
Alepocephalus antipodianus,151.283,-34.783
Alepocephalus antipodianus,152.75,-32.933
Alepocephalus antipodianus,150.917,-35.483
Alepocephalus antipodianus,137.40833,-36.96667
Alepocephalus antipodianus,151.217,-34.867
Alepocephalus antipodianus,152.133,-33.5
Alepocephalus antipodianus,140.91667,-38.56667
Alepocephalus antipodianus,150.333,-37.7
Alepocephalus antipodianus,138.94167,-37.49166
Alepocephalus antipodianus,138.83334,-37.35833
Alepocephalus antipodianus,151.55,-34.317
Alepocephalus antipodianus,138.525,-37.31667
Alepocephalus antipodianus,139.275,-37.73333
Alepocephalus antipodianus,144.30834,-41.575
Alepocephalus antipodianus,144.65,-42.20833
Alepocephalus antipodianus,138.65,-37.325
Alepocephalus antipodianus,138.49167,-37.375
Alepocephalus antipodianus,144.05,-41.29167
Alepocephalus antipodianus,141.25,-38.75
Alepocephalus antipodianus,152.7,-32.967
Alepocephalus antipodianus,148.69167,-38.99166
Alepocephalus antipodianus,141.03334,-38.625
Alepocephalus antipodianus,152.167,-33.433
Alepocephalus antipodianus,152.033,-33.717
Alepocephalus antipodianus,137.38334,-36.975
Alepocephalus antipodianus,144.44167,-41.85833
Alepocephalus antipodianus,152.2,-33.5
Alepocephalus antipodianus,144.48334,-41.93333
Alepocephalus antipodianus,148.76667,-39.11666
Alepocephalus antipodianus,140.41667,-38.325
Alepocephalus antipodianus,151.95,-33.833
Alepocephalus antipodianus,150.35,-37.65
Alepocephalus antipodianus,148.68333,-41.59166
Alepocephalus antipodianus,150.867,-35.5
Alepocephalus antipodianus,137.475,-36.98333
Alepocephalus antipodianus,141.05833,-38.625
Alepocephalus antipodianus,138.96667,-37.55833
Alepocephalus antipodianus,152.233,-33.483
Alepocephalus antipodianus,144.2,-41.375
Alepocephalus antipodianus,138.71667,-37.36667
Alepocephalus antipodianus,140.33334,-38.275
Alepocephalus antipodianus,137.46667,-37
Alepocephalus antipodianus,150.85,-35.45
Alepocephalus antipodianus,139.00834,-37.59166
Alepocephalus antipodianus,148.84167,-39.275
Alepocephalus antipodianus,152.683,-32.917
Alepocephalus antipodianus,139.53334,-37.84166
Alepocephalus antipodianus,142.31667,-39.03333
Alepocephalus antipodianus,150.86667,-35.44166
Alepocephalus antipodianus,150.95,-35.367
Alepocephalus antipodianus,144.5,-41.93333
Alepocephalus antipodianus,144.71667,-42.43333
Alepocephalus antipodianus,144.75,-41.683
Alepocephalus antipodianus,139.025,-37.575
Alepocephalus antipodianus,142.65,-39.30833
Alepocephalus antipodianus,151.267,-34.767
Alepocephalus antipodianus,150.15,-38.083
Alepocephalus antipodianus,148.74167,-39.14166
Alepocephalus antipodianus,142.46667,-39.14166
Alepocephalus antipodianus,150.717,-35.7
Alepocephalus antipodianus,152.217,-33.45
Alepocephalus antipodianus,138.65,-37.34166
Alepocephalus antipodianus,152.167,-33.5
Alepocephalus antipodianus,113.74667,-29.57833
Alepocephalus antipodianus,138.99167,-37.51666
Alepocephalus antipodianus,151.233,-34.85
Alepocephalus antipodianus,150.85834,-35.43333
Alepocephalus antipodianus,138.56667,-37.3
Alepocephalus antipodianus,150.85,-35.475
Alepocephalus antipodianus,150.883,-35.45
Alepocephalus antipodianus,140.75834,-38.50833
Alepocephalus antipodianus,151.933,-33.75
Alepocephalus antipodianus,142.66667,-39.375
Alepocephalus antipodianus,152.783,-32.85
Alepocephalus antipodianus,139.21667,-37.69166
Alepocephalus antipodianus,144.85834,-42.84166
Alepocephalus antipodianus,139.00834,-37.50833
Alepocephalus antipodianus,144.26667,-41.48333
Alepocephalus antipodianus,140.2,-38.20833
Alepocephalus antipodianus,139.5,-37.79166
Alepocephalus antipodianus,140.94167,-38.575
Alepocephalus antipodianus,152.1,-33.617
Alepocephalus antipodianus,151.267,-34.883
Alepocephalus antipodianus,143.36667,-40.56666
Alepocephalus antipodianus,150.88334,-35.48333
Alepocephalus antipodianus,152.05,-33.717
Alepocephalus antipodianus,150.9,-35.483
Alepocephalus antipodianus,144.61667,-42.125
Alepocephalus antipodianus,150.333,-37.65
Alepocephalus antipodianus,112.865,-20.905
Alepocephalus antipodianus,151.217,-34.917
Alepocephalus antipodianus,150.967,-35.367
Alepocephalus antipodianus,144.58333,-42.08333
Alepocephalus antipodianus,139.31667,-37.68333
Alepocephalus antipodianus,148.70834,-39.03333
Alepocephalus antipodianus,150.85,-35.517
Alepocephalus antipodianus,152.15,-33.467
Alepocephalus antipodianus,130.27999,-34.62499
Alepocephalus antipodianus,141.09167,-38.61667
Alepocephalus antipodianus,139.025,-37.65833
Alepocephalus antipodianus,150.86667,-35.45833
Alepocephalus antipodianus,150.84167,-35.49167
Alepocephalus antipodianus,138.54167,-37.34166
Alepocephalus antipodianus,150.85,-35.533
Alepocephalus antipodianus,144.23334,-41.39167
Alepocephalus antipodianus,151.217,-34.85
Alepocephalus antipodianus,152.067,-33.617
Alepocephalus antipodianus,144.125,-41.35833
Alepocephalus antipodianus,143.31667,-40.35
Alepocephalus antipodianus,152,-33.717
Alepocephalus antipodianus,148.73334,-39.01666
Alepocephalus antipodianus,139.03334,-37.64166
Alepocephalus antipodianus,148.75834,-39.15
Alepocephalus antipodianus,152.217,-33.467
