species,decimalLongitude,decimalLatitude
Alepes vari,116.069,-20.81013
Alepes vari,114.66246,-21.57197
Alepes vari,113.88701,-22.05925
Alepes vari,114.06873276,-21.82918624
Alepes vari,113.80238,-22.28816
Alepes vari,115.30979,-20.346
Alepes vari,113.74278,-22.3787
Alepes vari,113.73891,-23.07407
Alepes vari,113.87730417,-22.13186648
Alepes vari,114.70082,-21.56164
Alepes vari,115.30709,-20.352
Alepes vari,114.10472,-21.79931
Alepes vari,115.46649,-21.24216
Alepes vari,114.51847,-21.73669
Alepes vari,114.96792,-21.35052
Alepes vari,115.75671,-21.07305
Alepes vari,114.36463,-21.63458
Alepes vari,114.33333,-22.25
Alepes vari,117.3302,-19.5835
Alepes vari,115.36375,-20.256
Alepes vari,115.30805,-20.359
Alepes vari,113.87246,-22.10225
Alepes vari,115.2,-20.86667
Alepes vari,115.2,-20.8666
Alepes vari,113.94532745,-21.96216403
Alepes vari,114.97619,-21.39784
Alepes vari,114.77137,-21.54133
Alepes vari,115.31109,-20.363
Alepes vari,115.7642,-21.06225
Alepes vari,113.53502365,-25.92843495
Alepes vari,118.316,-19.233
Alepes vari,118,-20.105
Alepes vari,117.31699,-19.59083
Alepes vari,153.383,-29.383
Alepes vari,118.31667,-19.23333
Alepes vari,114.37354,-21.62827
Alepes vari,114.60888,-21.59062
Alepes vari,153.38333,-29.38333
Alepes vari,113.7043,-22.45642
Alepes vari,114.61296,-21.58816
