species,decimalLongitude,decimalLatitude
Alepocephalus tenebrosus,-122.033333,36.7
Alepocephalus tenebrosus,-124.71578,40.54752
Alepocephalus tenebrosus,-124.8666667,45.85
Alepocephalus tenebrosus,-120.9166667,31.1833333
Alepocephalus tenebrosus,-124.833333,44.566667
Alepocephalus tenebrosus,-135.28551,55.76047
Alepocephalus tenebrosus,-119.78493,33.89195
Alepocephalus tenebrosus,-124.8522222,45.885555600000004
Alepocephalus tenebrosus,-119.6,33.725
Alepocephalus tenebrosus,-126.5299988,48.59000015
Alepocephalus tenebrosus,-122.035004,36.759998
Alepocephalus tenebrosus,-124.8333333,45.7833333
Alepocephalus tenebrosus,-121.646667,35.103333
Alepocephalus tenebrosus,-124.76663,42.3925
Alepocephalus tenebrosus,-124.8852778,45.8672222
Alepocephalus tenebrosus,-122.646110535,36.974105835
Alepocephalus tenebrosus,-123.5666667,34.1333333
Alepocephalus tenebrosus,-109.7166667,25.6083333
Alepocephalus tenebrosus,-121.5022964,35.421299
Alepocephalus tenebrosus,-122.106667,36.373333
Alepocephalus tenebrosus,-117.6883333,31.3816667
Alepocephalus tenebrosus,-123.133333,37.383333
Alepocephalus tenebrosus,-121.6816667,33.4383333
Alepocephalus tenebrosus,-115.294,27.6458
Alepocephalus tenebrosus,-124.835,45.8852778
Alepocephalus tenebrosus,-117.458333,32.816667
Alepocephalus tenebrosus,-125,46
Alepocephalus tenebrosus,-122.650520325,36.9719657898
Alepocephalus tenebrosus,-124.938333,44.613333
Alepocephalus tenebrosus,-117.525,32.675
Alepocephalus tenebrosus,-122.649528503,36.9733047485
Alepocephalus tenebrosus,-124,46
Alepocephalus tenebrosus,-122.1311035,36.3162003
Alepocephalus tenebrosus,-122.645523071,36.9741706848
Alepocephalus tenebrosus,-124.866667,43.645
Alepocephalus tenebrosus,-124.75,46.15
Alepocephalus tenebrosus,-122.648956299,36.9738883972
Alepocephalus tenebrosus,-124.3341667,45.9002778
Alepocephalus tenebrosus,-123.053924,37.254851
Alepocephalus tenebrosus,-122.0983333,36.3783333
Alepocephalus tenebrosus,-122.64994812,36.9727096558
Alepocephalus tenebrosus,-122.646980286,36.9740409851
Alepocephalus tenebrosus,-122,36.778332
Alepocephalus tenebrosus,-118.5383333,33.2066667
Alepocephalus tenebrosus,-122.650169373,36.972492218
Alepocephalus tenebrosus,-118.3283333,33.1333333
Alepocephalus tenebrosus,-72.3083,-34.1083
Alepocephalus tenebrosus,-119.408333,33.829167
Alepocephalus tenebrosus,-122.266667,36.31
Alepocephalus tenebrosus,-124.975,44.7
Alepocephalus tenebrosus,-124.9180556,45.9002778
Alepocephalus tenebrosus,-132.823166,53.211333
Alepocephalus tenebrosus,-122.1,36.313889
Alepocephalus tenebrosus,-121.1433333,32.6416667
Alepocephalus tenebrosus,-119.78974,33.89858
Alepocephalus tenebrosus,-122.034248352,36.5858764648
Alepocephalus tenebrosus,171.12,38.69
Alepocephalus tenebrosus,-122.650436401,36.9720878601
Alepocephalus tenebrosus,-123.5,38.216667
Alepocephalus tenebrosus,-126.669998169,48.7799987793
Alepocephalus tenebrosus,-122.025,36.736667
Alepocephalus tenebrosus,-117.5583333,32.4466667
Alepocephalus tenebrosus,-123.217816,37.659741
Alepocephalus tenebrosus,-124.8666667,45.8675
Alepocephalus tenebrosus,-120.8833333,32.8166667
Alepocephalus tenebrosus,-119.78491,33.89156
Alepocephalus tenebrosus,-124.866667,43.383333
Alepocephalus tenebrosus,-121.4616667,33.9133333
Alepocephalus tenebrosus,-122.00868,36.15877
Alepocephalus tenebrosus,-119.9833333,32.4166667
Alepocephalus tenebrosus,-118.45649,33.18173
Alepocephalus tenebrosus,-117.5166667,32.4666667
Alepocephalus tenebrosus,-122.650558472,36.9719200134
Alepocephalus tenebrosus,-123.146667,37.343333
Alepocephalus tenebrosus,-120.1833333,32.4666667
Alepocephalus tenebrosus,-118.2166667,28.8516667
Alepocephalus tenebrosus,-124.8666667,45.9
Alepocephalus tenebrosus,-121.9034729,36.7896156311
Alepocephalus tenebrosus,-120.9833333,33.6666667
Alepocephalus tenebrosus,-118.358333,33.475833
Alepocephalus tenebrosus,-122.642860413,36.974395752
Alepocephalus tenebrosus,-121.10901,34.53713
Alepocephalus tenebrosus,-125.883333,45.866667
Alepocephalus tenebrosus,-117.59575,33.385387
Alepocephalus tenebrosus,-123.137858,37.708273
Alepocephalus tenebrosus,-133.2879,53.65785
Alepocephalus tenebrosus,-121.756667,36.041667
Alepocephalus tenebrosus,-122.3333333,36.7333333
Alepocephalus tenebrosus,-123.582017,38.234682
Alepocephalus tenebrosus,120.9638667,34.2264167
Alepocephalus tenebrosus,-124.85,45.8666667
Alepocephalus tenebrosus,-122.039550781,36.5820503235
Alepocephalus tenebrosus,-124.8833333,43.4666667
Alepocephalus tenebrosus,-120.3166667,32.5166667
Alepocephalus tenebrosus,-126.529998779,48.5900001526
Alepocephalus tenebrosus,-121.827778,36.1375
Alepocephalus tenebrosus,-118.39221,33.08188
Alepocephalus tenebrosus,-120.5333333,32.8333333
Alepocephalus tenebrosus,-121.658333,35.223333
Alepocephalus tenebrosus,-118.4833333,33.3833333
Alepocephalus tenebrosus,-122.196800232,36.7516822815
Alepocephalus tenebrosus,-125,43.083333
Alepocephalus tenebrosus,-117.2116667,32.0766667
Alepocephalus tenebrosus,-124.9166667,46
Alepocephalus tenebrosus,-121.70882,35.82
Alepocephalus tenebrosus,-118.3583333,32.9716667
Alepocephalus tenebrosus,-124.6125,40.691667
Alepocephalus tenebrosus,-124.8505556,45.9355556
Alepocephalus tenebrosus,-117.4983333,32.4083333
Alepocephalus tenebrosus,-124.182413,40.806638
Alepocephalus tenebrosus,-117.35353,32.53617
Alepocephalus tenebrosus,-122.036422729,36.5839996338
Alepocephalus tenebrosus,-124.8188889,45.9188889
Alepocephalus tenebrosus,-122.034896851,36.5853652954
Alepocephalus tenebrosus,-122.00861,36.16238
Alepocephalus tenebrosus,-122.2233333,36.3683333
Alepocephalus tenebrosus,-119.1333333,33.1333333
Alepocephalus tenebrosus,-122.078333,36.381667
Alepocephalus tenebrosus,-122.1066667,36.3733333
Alepocephalus tenebrosus,-124.8519444,45.8522222
Alepocephalus tenebrosus,-118.3924,33.07848
Alepocephalus tenebrosus,-121.1166667,34.5333333
Alepocephalus tenebrosus,-144.24969,59.54295
Alepocephalus tenebrosus,-128.0130005,50.01100159
Alepocephalus tenebrosus,-122.649971008,36.9726715088
Alepocephalus tenebrosus,-122.1733333,36.3566667
Alepocephalus tenebrosus,-122.8766667,35.0533333
Alepocephalus tenebrosus,-121.4833333,33.0666667
Alepocephalus tenebrosus,-124.67453,40.68503
Alepocephalus tenebrosus,-122.649017334,36.9738883972
Alepocephalus tenebrosus,-118.999812,33.022887
Alepocephalus tenebrosus,-128.013000488,50.0110015869
Alepocephalus tenebrosus,-122.649101257,36.9738769531
Alepocephalus tenebrosus,-118.393433,33.674534
Alepocephalus tenebrosus,-118.316667,32.958333
Alepocephalus tenebrosus,-122.642486572,36.9746856689
Alepocephalus tenebrosus,-121.737696,35.2933208
Alepocephalus tenebrosus,-122.642272949,36.9744224548
Alepocephalus tenebrosus,-124.424166,43.400833
Alepocephalus tenebrosus,-118.764043,33.321722
Alepocephalus tenebrosus,-118.45081,33.17956
Alepocephalus tenebrosus,-118.8083333,32.7166667
Alepocephalus tenebrosus,-121.37,37.75
Alepocephalus tenebrosus,-124.6016667,40.7616667
Alepocephalus tenebrosus,-122.1733333,36.3816667
Alepocephalus tenebrosus,-118.607885,32.5989094
Alepocephalus tenebrosus,-123.0125,37.4265
Alepocephalus tenebrosus,-118.6933333,33.2816667
Alepocephalus tenebrosus,-122.642288208,36.9744262695
Alepocephalus tenebrosus,-121.116996765,34.533000946
Alepocephalus tenebrosus,-124.145459,41.05355
Alepocephalus tenebrosus,-118.6166667,29.0166667
Alepocephalus tenebrosus,-121.5733333,33.3483333
Alepocephalus tenebrosus,-133.3282,53.686783
Alepocephalus tenebrosus,-124.8833333,45.8333333
Alepocephalus tenebrosus,-122.649421692,36.9734535217
Alepocephalus tenebrosus,-122.1633333,36.3916667
Alepocephalus tenebrosus,-124.943333,44.575
Alepocephalus tenebrosus,-118.2333333,30.9466667
Alepocephalus tenebrosus,-117.9883333,33.0933333
Alepocephalus tenebrosus,-119.78493,33.89173
Alepocephalus tenebrosus,-122.648468018,36.973903656
Alepocephalus tenebrosus,-125,44.666667
Alepocephalus tenebrosus,-118.45976,33.18106
Alepocephalus tenebrosus,-124.7866667,44.3416667
Alepocephalus tenebrosus,-123.42528,37.8284
Alepocephalus tenebrosus,-117.6833333,32.9333333
Alepocephalus tenebrosus,-122.650466919,36.9720230103
Alepocephalus tenebrosus,-118.430695,33.713662
Alepocephalus tenebrosus,-122.650367737,36.9721755981
Alepocephalus tenebrosus,-122.006667,36.773333
Alepocephalus tenebrosus,-121.4483333,34.1066667
Alepocephalus tenebrosus,-119.6333333,33.0833333
