species,decimalLongitude,decimalLatitude
Alepocephalus bairdii,-49.76,51.21
Alepocephalus bairdii,-10.0702,55.3718
Alepocephalus bairdii,-12.96,54.1257
Alepocephalus bairdii,-10.1558,55.2087
Alepocephalus bairdii,-13.8197,54.026
Alepocephalus bairdii,-12.8595,54.0373
Alepocephalus bairdii,-9.343,56.8682
Alepocephalus bairdii,-46.55,46.45
Alepocephalus bairdii,-46.58,46.64
Alepocephalus bairdii,-50.1,42.74
Alepocephalus bairdii,-10.4468,55.0318
Alepocephalus bairdii,-10.0632,55.3757
Alepocephalus bairdii,-56.79,55.67
Alepocephalus bairdii,-53.18,54.69
Alepocephalus bairdii,-46.23,48.09
Alepocephalus bairdii,-9.3502,56.7888
Alepocephalus bairdii,-9.3478,56.8013
Alepocephalus bairdii,-12.1949996948,49.5449981689
Alepocephalus bairdii,-13.3092,51.4263
Alepocephalus bairdii,-48.93,44.88
Alepocephalus bairdii,-45.64,48.55
Alepocephalus bairdii,-63.141167,42.717333000000004
Alepocephalus bairdii,-48.02,48.11
Alepocephalus bairdii,-13.9457,53.9407
Alepocephalus bairdii,-9.1635,56.7538
Alepocephalus bairdii,-13.7432,53.8912
Alepocephalus bairdii,-12.016699791,49.3866996765
Alepocephalus bairdii,-13.8732,53.8548
Alepocephalus bairdii,-13.1783,51.7215
Alepocephalus bairdii,-12.9287,54.0882
Alepocephalus bairdii,-12.843,54.057
Alepocephalus bairdii,-50.7333,42.966667
Alepocephalus bairdii,-49.23,43.81
Alepocephalus bairdii,-51.54,43.24
Alepocephalus bairdii,-49.16,43.64
Alepocephalus bairdii,-13.0872,51.4338
Alepocephalus bairdii,-10.423,54.883
Alepocephalus bairdii,-13.9985,53.9965
Alepocephalus bairdii,-9.244,56.601
Alepocephalus bairdii,-13.2297,51.2955
Alepocephalus bairdii,-13.169,51.844
Alepocephalus bairdii,-10.1667,55.2005
Alepocephalus bairdii,-9.7018,56.8018
Alepocephalus bairdii,-25.8333333333333,63.2166666666667
Alepocephalus bairdii,-13.8687,53.9618
Alepocephalus bairdii,-10.4332,54.971
Alepocephalus bairdii,-13.4535,51.2608
Alepocephalus bairdii,-46.88,47.93
Alepocephalus bairdii,-11.902,49.165
Alepocephalus bairdii,-64.11788,61.13687
Alepocephalus bairdii,-49.9,49.06
Alepocephalus bairdii,-49.5,49.7
Alepocephalus bairdii,-12.0333333333333,63.1666666666667
Alepocephalus bairdii,-12.862,54.129
Alepocephalus bairdii,-12.8143,54.1308
Alepocephalus bairdii,-49.52,49.8
Alepocephalus bairdii,-47.1,46.93
Alepocephalus bairdii,-12.92,54.126
Alepocephalus bairdii,-13.793,54.0342
Alepocephalus bairdii,-10.161,55.181
Alepocephalus bairdii,-6.35,45.95
Alepocephalus bairdii,-9.3495,56.781
Alepocephalus bairdii,-47.34,47.97
Alepocephalus bairdii,-13.184,51.828
Alepocephalus bairdii,-63.1412,42.7173
Alepocephalus bairdii,-51.5,43.291668
Alepocephalus bairdii,-10.5077,54.9583
Alepocephalus bairdii,-46.17,48.44
Alepocephalus bairdii,-46.88,46.17
Alepocephalus bairdii,-12.6938,51.7132
Alepocephalus bairdii,-44.91,48.84
Alepocephalus bairdii,-10.5388,54.9388
Alepocephalus bairdii,-48.9,44.18
Alepocephalus bairdii,-50.26,51.54
Alepocephalus bairdii,-10.1628,55.1997
Alepocephalus bairdii,-56.75,55.58
Alepocephalus bairdii,-13.7277,53.8943
Alepocephalus bairdii,-48.6,48.27
Alepocephalus bairdii,-2.5417,59.826
Alepocephalus bairdii,-58.29,56.7
Alepocephalus bairdii,-52.97,54.4
Alepocephalus bairdii,-10.0523,55.3847
Alepocephalus bairdii,-12.8593,54.0368
Alepocephalus bairdii,-11.765,49.287
Alepocephalus bairdii,-12.8872,54.1233
Alepocephalus bairdii,-46.06,48.06
Alepocephalus bairdii,-28.0416666666667,64.8833333333333
Alepocephalus bairdii,-62.7815,42.723
Alepocephalus bairdii,-12.831,54.084
Alepocephalus bairdii,-50.24,50.64
Alepocephalus bairdii,-9.23,56.59
Alepocephalus bairdii,-47.08,47.65
Alepocephalus bairdii,-9.379,56.194
Alepocephalus bairdii,-12.8767004013,51.7299995422
Alepocephalus bairdii,-45.83,48.16
Alepocephalus bairdii,-47.17,46.81
Alepocephalus bairdii,-49.56,50.21
Alepocephalus bairdii,-13.6307,51.4083
Alepocephalus bairdii,-46.61,47.05
Alepocephalus bairdii,-9.3433,56.8648
Alepocephalus bairdii,-11.8533000946,49.5999984741
Alepocephalus bairdii,-13.1392,51.588
Alepocephalus bairdii,-45.31,48.68
Alepocephalus bairdii,-49.34,43.08
Alepocephalus bairdii,-53.37,44.36
Alepocephalus bairdii,-13.8257,54.0292
Alepocephalus bairdii,-13.5392,51.6302
Alepocephalus bairdii,-9.5765,56.9065
Alepocephalus bairdii,-59.28,64.908
Alepocephalus bairdii,-13.7842,53.8798
Alepocephalus bairdii,-10.2608,55.1205
Alepocephalus bairdii,-12.8403,54.1272
Alepocephalus bairdii,-49.52,48.94
Alepocephalus bairdii,-12.847,54.084
Alepocephalus bairdii,-10.159,55.326
Alepocephalus bairdii,-13.8315,53.9677
Alepocephalus bairdii,-53.82,44.55
Alepocephalus bairdii,-54.47,44.65
Alepocephalus bairdii,-52.21,53.41
Alepocephalus bairdii,-50.11,42.74
Alepocephalus bairdii,-45.78,48.22
Alepocephalus bairdii,-9.1833,56.6932
Alepocephalus bairdii,-12.968,54.037
Alepocephalus bairdii,-52.19,43.53
Alepocephalus bairdii,-58.46,65.125
Alepocephalus bairdii,-9.1763,56.7012
Alepocephalus bairdii,-59.555,63.71167
Alepocephalus bairdii,-12.659,51.8892
Alepocephalus bairdii,-12.862,51.936
Alepocephalus bairdii,-55.76136,47.129906
Alepocephalus bairdii,-52.62,43.93
Alepocephalus bairdii,-61.4042,43.095001
Alepocephalus bairdii,-62.2273,42.8152
Alepocephalus bairdii,-46.72,46.39
Alepocephalus bairdii,-58.60917,66.33002
Alepocephalus bairdii,-51.07,42.9
Alepocephalus bairdii,-49.9,49.81
Alepocephalus bairdii,-13.513299942,28.2783002853
Alepocephalus bairdii,-46.29,48.03
Alepocephalus bairdii,-12.814,54.084
Alepocephalus bairdii,-46,47.4333333333333
Alepocephalus bairdii,-55.95,55.4
Alepocephalus bairdii,-45.53,48.35
Alepocephalus bairdii,-13.5392,51.6518
Alepocephalus bairdii,-45.74,48.7
Alepocephalus bairdii,-9.184,56.69
Alepocephalus bairdii,-13.3975000381,51.7075004578
Alepocephalus bairdii,-46.43,48.03
Alepocephalus bairdii,-13.605,51.466
Alepocephalus bairdii,-12.4849996567,49.5299987793
Alepocephalus bairdii,-57.61,56.22
Alepocephalus bairdii,-47.84,45.58
Alepocephalus bairdii,-14.1063,53.9643
Alepocephalus bairdii,-18.1236991882324,20.4076995849609
Alepocephalus bairdii,-47,46.06
Alepocephalus bairdii,-13.9188,53.9457
Alepocephalus bairdii,-12.7483,51.621
Alepocephalus bairdii,-10.4453,54.9685
Alepocephalus bairdii,-8.13300037384,47.6669998169
Alepocephalus bairdii,-59.28,64.90833
Alepocephalus bairdii,-10.1615,55.2048
Alepocephalus bairdii,-57.91,64.95
Alepocephalus bairdii,-47.64,45.64
Alepocephalus bairdii,-56.83,55.61
Alepocephalus bairdii,-62.368333,42.662167
Alepocephalus bairdii,-47.01,46.32
Alepocephalus bairdii,-52.96,54.37
Alepocephalus bairdii,-13.4666996002,49.5583000183
Alepocephalus bairdii,-47.03,47.76
Alepocephalus bairdii,-9.4166666667,57.3333333333
Alepocephalus bairdii,-49.18,43.14
Alepocephalus bairdii,-10.0945,55.339
Alepocephalus bairdii,-10.462,54.868
Alepocephalus bairdii,-52.52,43.62
Alepocephalus bairdii,-9.1988,56.6662
Alepocephalus bairdii,-49.73,42.94
Alepocephalus bairdii,-51.56,52.64
Alepocephalus bairdii,-52.68,43.93
Alepocephalus bairdii,-11.0444998741,31.2366504669
Alepocephalus bairdii,-9.697,57.643
Alepocephalus bairdii,-49.93,50.19
Alepocephalus bairdii,-59.461,62.562
Alepocephalus bairdii,-49.22,48.54
Alepocephalus bairdii,-12.9863,54.037
Alepocephalus bairdii,-46.27,48.39
Alepocephalus bairdii,-52.76,54.7
Alepocephalus bairdii,-62.227333,42.815167
Alepocephalus bairdii,-49.51,43.09
Alepocephalus bairdii,-59.555,63.712
Alepocephalus bairdii,-51.96,43.34
Alepocephalus bairdii,-14.0078,51.694
Alepocephalus bairdii,-58.3,56.86
Alepocephalus bairdii,-52.61,43.93
Alepocephalus bairdii,-1.167,46.167
Alepocephalus bairdii,-14.0552,53.9813
Alepocephalus bairdii,-49.62,50.35
Alepocephalus bairdii,-48.94,44.08
Alepocephalus bairdii,-55.54,55.35
Alepocephalus bairdii,-12.5,60.0366666674614
Alepocephalus bairdii,-11.8332996368,49.4667015076
Alepocephalus bairdii,-61.259167,43.055667
Alepocephalus bairdii,-49.6,49.65
Alepocephalus bairdii,-51.42,43.12
Alepocephalus bairdii,-58.245,63.916
Alepocephalus bairdii,-10.2666666666667,60.3
Alepocephalus bairdii,-62.4161,42.795833
Alepocephalus bairdii,-12.933,54.035
Alepocephalus bairdii,-49.72,49.03
Alepocephalus bairdii,-63.412,42.6547
Alepocephalus bairdii,-12.6466999054,49.5499992371
Alepocephalus bairdii,-48.75,48.42
Alepocephalus bairdii,-50.35,50.14
Alepocephalus bairdii,-68.413402,40.103955
Alepocephalus bairdii,-55.69,55.36
Alepocephalus bairdii,-49.62,50.83
Alepocephalus bairdii,-12.9866499901,51.6300010681
Alepocephalus bairdii,-12.1617002487,49.5317001343
Alepocephalus bairdii,-48.56,48.19
Alepocephalus bairdii,-57.45,56.32
Alepocephalus bairdii,-58.8,56.9
Alepocephalus bairdii,-51.8,43.466667
Alepocephalus bairdii,-50.65,50.73
Alepocephalus bairdii,-12.8666501045,51.9258499146
Alepocephalus bairdii,-11.6000003815,49.5116996765
Alepocephalus bairdii,-52.57,53.82
Alepocephalus bairdii,-61.9867,42.845
Alepocephalus bairdii,-59.04,57.25
Alepocephalus bairdii,-49.77,49.55
Alepocephalus bairdii,-47.48,48.11
Alepocephalus bairdii,-11.8332996368,49.5167007446
Alepocephalus bairdii,-49.56,49.21
Alepocephalus bairdii,-52.68,54.1
Alepocephalus bairdii,-50.7333,52.033333
Alepocephalus bairdii,-52.95,54.78
Alepocephalus bairdii,-54.82,45.03
Alepocephalus bairdii,-59.223,62.41
Alepocephalus bairdii,-49.86,48.93
Alepocephalus bairdii,-13.4792003632,51.3425006866
Alepocephalus bairdii,-48.99,44.79
Alepocephalus bairdii,-57.28,56.04
Alepocephalus bairdii,-9.7107,56.7963
Alepocephalus bairdii,-11.5867004395,49.4949989319
Alepocephalus bairdii,-49.54,50.04
Alepocephalus bairdii,-9.0943,56.7755
Alepocephalus bairdii,-11.7116498947,51.290851593
Alepocephalus bairdii,-53.03,43.98
Alepocephalus bairdii,-13.3425002098,51.114151001
Alepocephalus bairdii,-50.42,51.88
Alepocephalus bairdii,-9.665,57.59
Alepocephalus bairdii,-46.71,46.06
Alepocephalus bairdii,-48,45.76
Alepocephalus bairdii,-15.9499998093,59.25
Alepocephalus bairdii,-21.4833333333333,63.0833333333333
Alepocephalus bairdii,-55.61,55.34
Alepocephalus bairdii,-49.54,50.1
Alepocephalus bairdii,-50.81,42.81
Alepocephalus bairdii,-49.96,49.2
Alepocephalus bairdii,-49.39,49.69
Alepocephalus bairdii,-63.41666667,42.73333333
Alepocephalus bairdii,-58.19833,65.09667
Alepocephalus bairdii,-58.67,56.97
Alepocephalus bairdii,-49.9,48.96
Alepocephalus bairdii,-47.56,48.09
Alepocephalus bairdii,-9.29,56.138
Alepocephalus bairdii,-49.82,50.62
Alepocephalus bairdii,-46.81,46.2
Alepocephalus bairdii,-45.35,48.47
Alepocephalus bairdii,-49.17,48.38
Alepocephalus bairdii,-58.18,56.59
Alepocephalus bairdii,-57.18,56.09
Alepocephalus bairdii,-13.0233001709,51.4399986267
Alepocephalus bairdii,-49.4,49.45
Alepocephalus bairdii,-48.7,48.32
Alepocephalus bairdii,-45.14,48.94
Alepocephalus bairdii,-50.69,50.61
Alepocephalus bairdii,-46.28,45.85
Alepocephalus bairdii,-50.81,52.12
Alepocephalus bairdii,-61.2592,43.0557
Alepocephalus bairdii,-50.28,50.49
Alepocephalus bairdii,-45.43,48.53
Alepocephalus bairdii,-21.55,63.1
Alepocephalus bairdii,-62.363,42.7605
Alepocephalus bairdii,-49.62,49.59
Alepocephalus bairdii,-48.93,44.18
Alepocephalus bairdii,-49.48,49.48
Alepocephalus bairdii,-50.02,51.41
Alepocephalus bairdii,-49.84,50.54
Alepocephalus bairdii,-46.42,47.88
Alepocephalus bairdii,-50.86,42.89
Alepocephalus bairdii,-46.3,46.82
Alepocephalus bairdii,-67.3992004395,39.9178009033
Alepocephalus bairdii,-49.27,43.67
Alepocephalus bairdii,-49.67,49.34
Alepocephalus bairdii,-47.66,45.86
Alepocephalus bairdii,-61.986667,42.845
Alepocephalus bairdii,-50.66,52.02
Alepocephalus bairdii,-46.18,47.87
Alepocephalus bairdii,-50.74,52.1
Alepocephalus bairdii,-46.99,46.22
Alepocephalus bairdii,-50.4,50.45
Alepocephalus bairdii,-46.85,46.13
Alepocephalus bairdii,-49.84,50.02
Alepocephalus bairdii,-45.81,48.27
Alepocephalus bairdii,-46.16,46.28
Alepocephalus bairdii,-16.5274991989,25.0349998474
Alepocephalus bairdii,-54.49,44.91
Alepocephalus bairdii,-60.013,58.922
Alepocephalus bairdii,-52.79,53.93
Alepocephalus bairdii,-55.77,55.42
Alepocephalus bairdii,-49.84,50.15
Alepocephalus bairdii,-55.9183,44.826668
Alepocephalus bairdii,-58.302,66.228
Alepocephalus bairdii,-51.57,43.2
Alepocephalus bairdii,-46.9,46.28
Alepocephalus bairdii,-12.3166503906,49.1808490753
Alepocephalus bairdii,-12.1167001724,49.6666984558
Alepocephalus bairdii,-51.23,52.43
Alepocephalus bairdii,-52.13,53.45
Alepocephalus bairdii,-45.25,48.72
Alepocephalus bairdii,-49.57,48.71
Alepocephalus bairdii,-14.1716499329,50.6708011627
Alepocephalus bairdii,-57.25,56.2
Alepocephalus bairdii,-17.583,56.133
Alepocephalus bairdii,-8.133,47.667
Alepocephalus bairdii,-67.44166667,39.89166667
Alepocephalus bairdii,-54.76,55.18
Alepocephalus bairdii,-12.983300209,51.8333015442
Alepocephalus bairdii,-63.5465,42.687833
Alepocephalus bairdii,-12.1899995804,49.5833015442
Alepocephalus bairdii,-54.11,44.69
Alepocephalus bairdii,-56.08,55.43
Alepocephalus bairdii,-46.61,48.29
Alepocephalus bairdii,-63.0308,42.7058
Alepocephalus bairdii,-48.26,45.55
Alepocephalus bairdii,-49.63,49.15
Alepocephalus bairdii,-50.43,50.54
Alepocephalus bairdii,-45.7,48.49
Alepocephalus bairdii,-9.187,56.45
Alepocephalus bairdii,-10,55
Alepocephalus bairdii,-49.64,49.86
Alepocephalus bairdii,-18.0666666666667,57.6833333333333
Alepocephalus bairdii,-12.6149997711,49.6582984924
Alepocephalus bairdii,-46.97,46.96
Alepocephalus bairdii,-48.82,48.37
Alepocephalus bairdii,-49.81,49.16
Alepocephalus bairdii,-44.99,48.89
Alepocephalus bairdii,-47.51,45.96
Alepocephalus bairdii,-56.74,55.62
Alepocephalus bairdii,-48.89,44.73
Alepocephalus bairdii,-50.93,52.21
Alepocephalus bairdii,-45.39,48.61
Alepocephalus bairdii,-51.57,52.67
Alepocephalus bairdii,-49.95,50.46
Alepocephalus bairdii,-67.39916667,39.91777778
Alepocephalus bairdii,-12.9499998093,51.3250007629
Alepocephalus bairdii,-50.32,51.16
Alepocephalus bairdii,-49.8,50.21
Alepocephalus bairdii,-48.5,48.36
Alepocephalus bairdii,-46.28,47.84
Alepocephalus bairdii,-10,46
Alepocephalus bairdii,-49.62,50.17
Alepocephalus bairdii,-48.46,48.25
Alepocephalus bairdii,-54.08,44.7
Alepocephalus bairdii,-49.39,43.66
Alepocephalus bairdii,-49.65,51.08
Alepocephalus bairdii,-51.95,43.44
Alepocephalus bairdii,-58.198,65.097
Alepocephalus bairdii,-10.8591499329,31.4516496658
Alepocephalus bairdii,-49.44,50.04
Alepocephalus bairdii,-46.01,47.96
Alepocephalus bairdii,-45.88,48.3
Alepocephalus bairdii,-51.39,43.12
Alepocephalus bairdii,-49.24,48.6
Alepocephalus bairdii,-51.43,42.92
Alepocephalus bairdii,-47.09,46.56
Alepocephalus bairdii,-49.09,44
Alepocephalus bairdii,-47.39,46.14
Alepocephalus bairdii,-46.98,47.12
Alepocephalus bairdii,-48.27,48.09
Alepocephalus bairdii,-54.48,44.75
Alepocephalus bairdii,-12.25,49.1166992188
Alepocephalus bairdii,-45.4,48.65
Alepocephalus bairdii,-12.821,53.988
Alepocephalus bairdii,-61.16167,61.67167
Alepocephalus bairdii,-63.5239,42.640278
Alepocephalus bairdii,-52.18,53.49
Alepocephalus bairdii,-47.16,48.07
Alepocephalus bairdii,-22.1,63
Alepocephalus bairdii,-48.93,44.43
Alepocephalus bairdii,-46.98,46.55
Alepocephalus bairdii,-60.258,61.971
Alepocephalus bairdii,-12.1967000961,49.4766998291
Alepocephalus bairdii,-46.58,47.49
Alepocephalus bairdii,-49.6,49.66
Alepocephalus bairdii,-52.81,43.89
Alepocephalus bairdii,-26.6666666666667,63.75
Alepocephalus bairdii,-49.66,48.73
Alepocephalus bairdii,-46.48,47.32
Alepocephalus bairdii,-49.29,48.51
Alepocephalus bairdii,-15.4,57.9666666666667
Alepocephalus bairdii,-53.03,54.65
Alepocephalus bairdii,-51.51,43.24
Alepocephalus bairdii,-12.8216500282,49.3583507538
Alepocephalus bairdii,-46.13,48.27
Alepocephalus bairdii,-50.18,49.95
Alepocephalus bairdii,-49.04,43.64
Alepocephalus bairdii,-46.51,47.97
Alepocephalus bairdii,-46.66,46.18
Alepocephalus bairdii,-14.0450000763,50.6908493042
Alepocephalus bairdii,-11.8832998276,49.4533004761
Alepocephalus bairdii,-51.92,53.03
Alepocephalus bairdii,-53.16,44.13
Alepocephalus bairdii,-54.96,55.24
Alepocephalus bairdii,-46.01,48.12
Alepocephalus bairdii,-52.86,54.6
Alepocephalus bairdii,-11.6341500282,49.4700012207
Alepocephalus bairdii,-12.9825000763,51.6258506775
Alepocephalus bairdii,-12.8000001907,51.5
Alepocephalus bairdii,-47.45,47.05
Alepocephalus bairdii,-56.72,55.68
Alepocephalus bairdii,-49.26,43.31
Alepocephalus bairdii,-59.473,63.021
Alepocephalus bairdii,-51.8,43.45
Alepocephalus bairdii,-48.56,48.23
Alepocephalus bairdii,-11.344,49.875
Alepocephalus bairdii,-58.88,57.11
Alepocephalus bairdii,-47.06,48.07
Alepocephalus bairdii,-52.54,43.62
Alepocephalus bairdii,-49.21,43.82
Alepocephalus bairdii,-53.06,44.14
Alepocephalus bairdii,-54.75,52.5666666666667
Alepocephalus bairdii,-52.6167,44.049999
Alepocephalus bairdii,-49.92,48.99
Alepocephalus bairdii,-48.7,44.94
Alepocephalus bairdii,-49.41,49.78
Alepocephalus bairdii,-46.84,47.76
Alepocephalus bairdii,-46.59,46.4
Alepocephalus bairdii,-47.1875,46.733334
Alepocephalus bairdii,-49.75,49.69
Alepocephalus bairdii,-63.412,42.654667
Alepocephalus bairdii,-14.6417,51.1523
Alepocephalus bairdii,-61.162,61.672
Alepocephalus bairdii,-57.39,55.97
Alepocephalus bairdii,-45.47,48.41
Alepocephalus bairdii,-56.0333,44.833332
Alepocephalus bairdii,-6.34999990463,45.9500007629
Alepocephalus bairdii,-51.49,43.16
Alepocephalus bairdii,-46.87,46.23
Alepocephalus bairdii,-49.37,43.66
Alepocephalus bairdii,-49.64,49.09
Alepocephalus bairdii,-40.5833333333333,62.7666666666667
Alepocephalus bairdii,-53.05,43.99
Alepocephalus bairdii,-48.48,48.29
Alepocephalus bairdii,-46.18,46.15
Alepocephalus bairdii,-48.29,45.53
Alepocephalus bairdii,-11.6167001724,49.4500007629
Alepocephalus bairdii,-60.9667,43.183334
Alepocephalus bairdii,-64.118,61.137
Alepocephalus bairdii,-49.5,51.04
Alepocephalus bairdii,-49.4,49.64
Alepocephalus bairdii,-55.56,44.91
Alepocephalus bairdii,-51.38,52.69
Alepocephalus bairdii,-52.99,54.68
Alepocephalus bairdii,-46.18,46.2
Alepocephalus bairdii,-54.85,45.03
Alepocephalus bairdii,-50.02,49.83
Alepocephalus bairdii,-13.25,51.6008014679
Alepocephalus bairdii,-46.26,47.81
Alepocephalus bairdii,-52.65,53.87
Alepocephalus bairdii,-12.8807,54.037
Alepocephalus bairdii,-59.14,57.33
Alepocephalus bairdii,-52.36,53.68
Alepocephalus bairdii,-49.67,50.66
Alepocephalus bairdii,-46.41,47.77
Alepocephalus bairdii,-53.25,44.18
Alepocephalus bairdii,-49.07,48.42
Alepocephalus bairdii,-12.5549998283,29.3583498001
Alepocephalus bairdii,-67.68255,40.241467
Alepocephalus bairdii,-53.39,44.28
Alepocephalus bairdii,-46.18,46.23
Alepocephalus bairdii,-46.72,46.65
Alepocephalus bairdii,-10.1967000961,60.2667007446
Alepocephalus bairdii,-50.23,51.65
Alepocephalus bairdii,-54.48,44.89
Alepocephalus bairdii,-51.51,42.97
Alepocephalus bairdii,-13.0674996376,51.3266506195
Alepocephalus bairdii,-57.21,55.92
Alepocephalus bairdii,-46.52,45.81
Alepocephalus bairdii,-48.83,48.22
Alepocephalus bairdii,-54.03,55.13
Alepocephalus bairdii,-52.7083,43.966667
Alepocephalus bairdii,-13.0749998093,51.75
Alepocephalus bairdii,-14.1617002487,51.025800705
Alepocephalus bairdii,-49.54,48.86
Alepocephalus bairdii,-46.9,46.81
Alepocephalus bairdii,1.1657,58.6538
Alepocephalus bairdii,-58.189,64.571
Alepocephalus bairdii,-1.16700005531,46.1669998169
Alepocephalus bairdii,-47,47.44
Alepocephalus bairdii,-58.005,64.987
Alepocephalus bairdii,-49.08,43.6
Alepocephalus bairdii,-49.99,50.37
Alepocephalus bairdii,-54.84,45.03
Alepocephalus bairdii,-56.85,55.58
Alepocephalus bairdii,-49.11,48.41
Alepocephalus bairdii,-49.72,48.84
Alepocephalus bairdii,-63.4166679382,42.7333335876
Alepocephalus bairdii,-50.41,50.8
Alepocephalus bairdii,-51.2,43.166668
Alepocephalus bairdii,-49.75,50.88
Alepocephalus bairdii,-49.76,50.41
Alepocephalus bairdii,-46.04,48.08
Alepocephalus bairdii,-9.59597,59.52999
Alepocephalus bairdii,-48.6,48.28
Alepocephalus bairdii,-10,56
Alepocephalus bairdii,-51.35,42.9
Alepocephalus bairdii,-52.77,43.93
Alepocephalus bairdii,-52.57,53.98
Alepocephalus bairdii,-62.3683,42.6622
Alepocephalus bairdii,-51.44,42.87
Alepocephalus bairdii,-46.42,48.26
Alepocephalus bairdii,-49.5,49.37
Alepocephalus bairdii,-48.92,48.3
Alepocephalus bairdii,-47.91,45.73
Alepocephalus bairdii,-49.95,49.516666
Alepocephalus bairdii,-54.13,44.62
Alepocephalus bairdii,-57.832,64.87
Alepocephalus bairdii,-52.88,54.8
Alepocephalus bairdii,-52.48,53.83
Alepocephalus bairdii,-46.15,48.47
Alepocephalus bairdii,-49.6,49.52
Alepocephalus bairdii,-49.82,50.15
Alepocephalus bairdii,-12.6633501053,29.1399993896
Alepocephalus bairdii,-47.1,46.8
Alepocephalus bairdii,-48.85,44.31
Alepocephalus bairdii,-12.7708497047,49.4949989319
Alepocephalus bairdii,-50.07,50.35
Alepocephalus bairdii,-52.5,53.91
Alepocephalus bairdii,-52.63,43.78
Alepocephalus bairdii,-49.77,51.23
Alepocephalus bairdii,-49.56,48.97
Alepocephalus bairdii,-12.6983003616,49.5682983398
Alepocephalus bairdii,-45.57,48.74
Alepocephalus bairdii,-53.82,55.07
Alepocephalus bairdii,-50.06,50.61
Alepocephalus bairdii,-47.09,47.47
Alepocephalus bairdii,-49.89,51.09
Alepocephalus bairdii,-45.52,48.75
Alepocephalus bairdii,-49.76,51.12
Alepocephalus bairdii,-57.39,55.93
Alepocephalus bairdii,-52.16,53.36
Alepocephalus bairdii,-52.67,43.77
Alepocephalus bairdii,-47.12,47.43
Alepocephalus bairdii,-52.87,54.14
Alepocephalus bairdii,-53.06,43.97
Alepocephalus bairdii,-46.55,46.7
Alepocephalus bairdii,-12.815849781,49.3349990845
Alepocephalus bairdii,-46.89,48.05
Alepocephalus bairdii,-49.7,49.85
Alepocephalus bairdii,-49.51,50.28
Alepocephalus bairdii,-52.27,53.67
Alepocephalus bairdii,-49.26,48.68
Alepocephalus bairdii,-63.030833,42.705833
Alepocephalus bairdii,-46.18,45.93
Alepocephalus bairdii,-58.6092,66.33
Alepocephalus bairdii,-50.7,50.6
Alepocephalus bairdii,-56.05,55.44
Alepocephalus bairdii,-46.85,48.17
Alepocephalus bairdii,-51.29,52.55
Alepocephalus bairdii,-58.3192,63.04666666666667
Alepocephalus bairdii,-53.1,54.63
Alepocephalus bairdii,-52.2,53.62
Alepocephalus bairdii,-58.13,56.53
Alepocephalus bairdii,-56.94,55.73
Alepocephalus bairdii,-47.11,46.85
Alepocephalus bairdii,-13.0783004761,51.7682991028
Alepocephalus bairdii,-47,46.21
Alepocephalus bairdii,-57.64,56.5
Alepocephalus bairdii,-49.93,49.03
Alepocephalus bairdii,-49.38,48.65
Alepocephalus bairdii,-46.91,46.11
Alepocephalus bairdii,-58.629,64.432
Alepocephalus bairdii,-46.92,48.04
Alepocephalus bairdii,-53.08,54.74
Alepocephalus bairdii,-49.18,48.58
Alepocephalus bairdii,-59.0333333333333,63.88333333333333
Alepocephalus bairdii,-46.96,47.94
Alepocephalus bairdii,-49.94,50.03
Alepocephalus bairdii,-50.03,51.23
Alepocephalus bairdii,-51.07,52.29
Alepocephalus bairdii,-58.07,56.71
Alepocephalus bairdii,-45.79,48.66
Alepocephalus bairdii,-51.9,53.25
Alepocephalus bairdii,-12.9033002853,51.5699996948
Alepocephalus bairdii,-45.6,48.53
Alepocephalus bairdii,-54.49,44.76
Alepocephalus bairdii,-58.56333,64.83
Alepocephalus bairdii,-9,62.6666666666667
Alepocephalus bairdii,-46.07,47.69
Alepocephalus bairdii,-53.99,55.11
Alepocephalus bairdii,-51.6667,43.25
Alepocephalus bairdii,-50.9333,43.066666
Alepocephalus bairdii,-46.91,48.15
Alepocephalus bairdii,-49.29,43
Alepocephalus bairdii,-49.47,49.1
Alepocephalus bairdii,-52.12,53.3
Alepocephalus bairdii,-12.9925003052,51.6283493042
Alepocephalus bairdii,-58.30167,66.22833
Alepocephalus bairdii,-50.42,51.87
Alepocephalus bairdii,-49.64,50.99
Alepocephalus bairdii,-10.8708500862,31.4349994659
Alepocephalus bairdii,-63.5465,42.6878
Alepocephalus bairdii,-49.88,49.83
Alepocephalus bairdii,-13.2550001144,51.9199981689
Alepocephalus bairdii,-49.25,48.56
Alepocephalus bairdii,-13.2941498756,51.2924995422
Alepocephalus bairdii,-12.5666999817,49.5499992371
Alepocephalus bairdii,-55.75,55.32
Alepocephalus bairdii,-52.8,43.98
Alepocephalus bairdii,-49.72,48.85
Alepocephalus bairdii,-45.66,48.52
Alepocephalus bairdii,-53.92,55.02
Alepocephalus bairdii,-60.209,59.224
Alepocephalus bairdii,-49.67,48.71
Alepocephalus bairdii,-58.52,56.81
Alepocephalus bairdii,-54.8333,44.933334
Alepocephalus bairdii,-29.08333333,64.43333333
Alepocephalus bairdii,-25.8999996185,63.2000007629
Alepocephalus bairdii,-44.95,48.9
Alepocephalus bairdii,-46.62,46.7
Alepocephalus bairdii,-46.81,47.37
Alepocephalus bairdii,-49.98,49.19
Alepocephalus bairdii,-54.29,44.72
Alepocephalus bairdii,-58.8617,63.0433
Alepocephalus bairdii,-48.79,44.95
Alepocephalus bairdii,-50.16,51.44
Alepocephalus bairdii,-49.88,50.08
Alepocephalus bairdii,-46.92,46.32
Alepocephalus bairdii,-47.1666666666667,47.4666666666667
Alepocephalus bairdii,-48.95,44.21
Alepocephalus bairdii,-52.53,53.83
Alepocephalus bairdii,-18.3,57.6516666412354
Alepocephalus bairdii,-51.7,43.29
Alepocephalus bairdii,-46.92,48.09
Alepocephalus bairdii,-65.0669,42.218333
Alepocephalus bairdii,-52.68,43.81
Alepocephalus bairdii,-48.37,45.52
Alepocephalus bairdii,-49.29,48.7
Alepocephalus bairdii,-47.23,48.16
Alepocephalus bairdii,-49.45,48.82
Alepocephalus bairdii,-51.23,52.46
Alepocephalus bairdii,-52.6,53.89
Alepocephalus bairdii,-59.09,64.206
Alepocephalus bairdii,-49.77,50.78
Alepocephalus bairdii,-55.26,55.25
Alepocephalus bairdii,-53.23,54.52
Alepocephalus bairdii,-59.6167,58
Alepocephalus bairdii,-46.28,48.36
Alepocephalus bairdii,-52.9,54.19
Alepocephalus bairdii,-49.8,49.22
Alepocephalus bairdii,-49.37,49.5
Alepocephalus bairdii,-47.1,46.59
Alepocephalus bairdii,-46.47,47.87
Alepocephalus bairdii,-47.06,46.56
Alepocephalus bairdii,-52.13,43.64
Alepocephalus bairdii,-47.68,45.99
Alepocephalus bairdii,-47.31,46.17
Alepocephalus bairdii,-13.2467002869,51.7416992188
Alepocephalus bairdii,-48.93,43.77
Alepocephalus bairdii,-53.61,44.37
Alepocephalus bairdii,-12.9983501434,51.6191501617
Alepocephalus bairdii,-58.68,56.85
Alepocephalus bairdii,-51.72,43.25
Alepocephalus bairdii,-53.85,44.5
Alepocephalus bairdii,-52.54,53.82
Alepocephalus bairdii,-57.31,56.24
Alepocephalus bairdii,-50.06,50.74
Alepocephalus bairdii,-12.9950003624,51.6058483124
Alepocephalus bairdii,-50.11,42.73
Alepocephalus bairdii,-48.33,48.15
Alepocephalus bairdii,-53.67,44.36
Alepocephalus bairdii,-47.23,48.19
Alepocephalus bairdii,-55.68,55.39
Alepocephalus bairdii,-53.84,55.02
Alepocephalus bairdii,-46.15,48.29
Alepocephalus bairdii,-46.25,45.85
Alepocephalus bairdii,-10.7783498764,31.4408493042
Alepocephalus bairdii,-12.1208500862,49.5841503143
Alepocephalus bairdii,-46.85,48.08
Alepocephalus bairdii,-46.95,47.8
Alepocephalus bairdii,-47.96,45.7
Alepocephalus bairdii,-46.2,47.82
Alepocephalus bairdii,-49.14,48.54
Alepocephalus bairdii,-54.49,44.82
Alepocephalus bairdii,-53.4,44.28
Alepocephalus bairdii,-58.563,64.83
Alepocephalus bairdii,-47.79,48.17
Alepocephalus bairdii,-13.0699996948,51.6016998291
Alepocephalus bairdii,-67.39920044,39.9178009
Alepocephalus bairdii,-9.015,56.565
Alepocephalus bairdii,-46.19,48.38
Alepocephalus bairdii,-51.18,52.37
Alepocephalus bairdii,-49.86,49.83
Alepocephalus bairdii,-13.2958498001,51.234998703
Alepocephalus bairdii,-56.81,55.66
Alepocephalus bairdii,-52.28,53.48
Alepocephalus bairdii,-52.09,53.49
Alepocephalus bairdii,-46.89,48.19
Alepocephalus bairdii,-58.775,63.696
Alepocephalus bairdii,-58.44,57
Alepocephalus bairdii,-56.66,55.54
Alepocephalus bairdii,-12.081700325,49.5682983398
Alepocephalus bairdii,-47.07,47.42
Alepocephalus bairdii,-46.85,46.82
Alepocephalus bairdii,-49.57,51.1
Alepocephalus bairdii,-11.8250002861,49.5049991608
Alepocephalus bairdii,-46.76,47.73
Alepocephalus bairdii,-60.072,58.923
Alepocephalus bairdii,-48.65,48.22
Alepocephalus bairdii,-52.9667,44.200001
Alepocephalus bairdii,-46.09,47.99
Alepocephalus bairdii,-49,43.61
Alepocephalus bairdii,-51.33,43.11
Alepocephalus bairdii,-48.41,48.23
Alepocephalus bairdii,-54.46,44.98
Alepocephalus bairdii,-49.89,49.72
Alepocephalus bairdii,-47.9,45.78
Alepocephalus bairdii,-11.8683004379,49.5466995239
Alepocephalus bairdii,-46.78,48.05
Alepocephalus bairdii,-50.25,51.73
Alepocephalus bairdii,-50.98,52.38
Alepocephalus bairdii,-13.3000001907,51.3666992188
Alepocephalus bairdii,-45.59,48.5
Alepocephalus bairdii,-49.68,49.55
Alepocephalus bairdii,-67.3992004,39.9178009
Alepocephalus bairdii,-46.94,46.38
Alepocephalus bairdii,-53.27,54.58
Alepocephalus bairdii,-48.7,48.34
Alepocephalus bairdii,-49.98,51.43
Alepocephalus bairdii,-51.38,43.12
Alepocephalus bairdii,-51.95,43.35
Alepocephalus bairdii,-46.91,47.56
Alepocephalus bairdii,-81.1966667,9.1233333
Alepocephalus bairdii,-15.95,59.25
Alepocephalus bairdii,-46.97,48.07
Alepocephalus bairdii,-48.92,44.86
Alepocephalus bairdii,-46.02,47.94
Alepocephalus bairdii,-52.22,43.6
Alepocephalus bairdii,-12.8074998856,51.7275009155
Alepocephalus bairdii,-50.94,42.97
Alepocephalus bairdii,-57.31,55.99
Alepocephalus bairdii,-50.0667,51.549999
Alepocephalus bairdii,-46.84,47.78
Alepocephalus bairdii,-47,48.19
Alepocephalus bairdii,-49.82,42.78
Alepocephalus bairdii,-54.14,44.73
Alepocephalus bairdii,-50.14,50.09
Alepocephalus bairdii,-64.575,11.5833333
Alepocephalus bairdii,-47.16,48.15
Alepocephalus bairdii,-51.75,53.03
Alepocephalus bairdii,-48.2,45.49
Alepocephalus bairdii,-51.02,43.02
Alepocephalus bairdii,-49.66,50.01
Alepocephalus bairdii,-51.16,52.34
Alepocephalus bairdii,-55.11,55.17
Alepocephalus bairdii,-49.55,49.14
Alepocephalus bairdii,-7,59.5833333333333
Alepocephalus bairdii,-54.28,44.73
Alepocephalus bairdii,-59.09017,64.20617
Alepocephalus bairdii,-49.36,43.05
Alepocephalus bairdii,-49.6,51.14
Alepocephalus bairdii,-45.52,48.81
Alepocephalus bairdii,-63.4166666667,42.7333333333
Alepocephalus bairdii,-46.56,48.23
Alepocephalus bairdii,-13.4128,51.7908
Alepocephalus bairdii,-49.75,50.92
Alepocephalus bairdii,-50.2,51.4833333333333
Alepocephalus bairdii,-49.53,49.17
Alepocephalus bairdii,-58.609,66.33
Alepocephalus bairdii,-46.97,47.77
Alepocephalus bairdii,-49.46,49.82
Alepocephalus bairdii,-49.83,49.7
Alepocephalus bairdii,-50.03,49.4
Alepocephalus bairdii,-49.1,48.37
Alepocephalus bairdii,-49.9,49.36
Alepocephalus bairdii,-50.65,42.78
Alepocephalus bairdii,-46.05,48.15
Alepocephalus bairdii,-17.5830001831,56.1329994202
Alepocephalus bairdii,-13.5465,51.6285
Alepocephalus bairdii,-49.99,49.13
Alepocephalus bairdii,-49.82,49.21
Alepocephalus bairdii,-51.51,52.74
Alepocephalus bairdii,-46.98,46.03
Alepocephalus bairdii,-46.61,48.16
Alepocephalus bairdii,-58.012,63.279
Alepocephalus bairdii,-53.16,54.59
Alepocephalus bairdii,-9,56
Alepocephalus bairdii,-47,47.79
Alepocephalus bairdii,-50.45,51.89
Alepocephalus bairdii,-55.76,55.39
Alepocephalus bairdii,-50.32,50.44
Alepocephalus bairdii,-49.5,49.39
Alepocephalus bairdii,-49.5,49.57
Alepocephalus bairdii,-48.47,48.21
