species,decimalLongitude,decimalLatitude
Allomycterus pilatus,126.73334,-32.5
Allomycterus pilatus,149.865,-37.58333
Allomycterus pilatus,124.75097,-33.57625
Allomycterus pilatus,150.617,-35.2
Allomycterus pilatus,125.825,-32.7
Allomycterus pilatus,126.2932,-33.16694
Allomycterus pilatus,125,-33
Allomycterus pilatus,146.80125,-40.20097
Allomycterus pilatus,151.2,-34.3
Allomycterus pilatus,151.483,-33.517
Allomycterus pilatus,147.57,-43.02
Allomycterus pilatus,150.167,-36.583
Allomycterus pilatus,150.183,-36.383
Allomycterus pilatus,150.12001,-36.36167
Allomycterus pilatus,134.68473,-34.15833
Allomycterus pilatus,150.3,-37.3
Allomycterus pilatus,148.75,-39.92
Allomycterus pilatus,151.933,-33.083
Allomycterus pilatus,148.35334,-38.61666
Allomycterus pilatus,150.03168,-37.93666
Allomycterus pilatus,151.117,-34.5
Allomycterus pilatus,149.230835,-38.019165
Allomycterus pilatus,131.79237,-32.45902
Allomycterus pilatus,142.11792,-38.8843
Allomycterus pilatus,144.75973,-39.5593
Allomycterus pilatus,150.31275,-36.42308
Allomycterus pilatus,133.70903,-32.98333
Allomycterus pilatus,151.933,-33.117
Allomycterus pilatus,151,-34.867
Allomycterus pilatus,147.42,-43.32
Allomycterus pilatus,149.96333,-36.92167
Allomycterus pilatus,131.82681,-33.58514
Allomycterus pilatus,150.283,-36.383
Allomycterus pilatus,115.64399,-31.87849
Allomycterus pilatus,128.01667,-32.40833
Allomycterus pilatus,150.7,-35.2
Allomycterus pilatus,134.01014,-33.29236
Allomycterus pilatus,128.92681,-32.38472
Allomycterus pilatus,147.45,-43.28
Allomycterus pilatus,137.0964,-34.83422
Allomycterus pilatus,150.216,-36.48033
Allomycterus pilatus,151.633,-33.333
Allomycterus pilatus,128.92612,-32.05111
Allomycterus pilatus,152.133,-33
Allomycterus pilatus,150.15,-36.667
Allomycterus pilatus,119.60688,-34.14515
Allomycterus pilatus,150.2,-37.7
Allomycterus pilatus,152.3,-32.9
Allomycterus pilatus,127.99209,-33.3518
Allomycterus pilatus,133.125,-33.16666
Allomycterus pilatus,115.29262,-31.39663
Allomycterus pilatus,151.167,-34.35
Allomycterus pilatus,131.11778,-33.19167
Allomycterus pilatus,152.217,-32.983
Allomycterus pilatus,151.05,-34.867
Allomycterus pilatus,130.59306,-32.06666
Allomycterus pilatus,151.1,-34.717
Allomycterus pilatus,150.10392,-36.36467
Allomycterus pilatus,151.967,-33.067
Allomycterus pilatus,130.21889,-31.70903
Allomycterus pilatus,149.145,-38.03416
Allomycterus pilatus,130.71667,-32.03333
Allomycterus pilatus,152.3,-32.917
Allomycterus pilatus,144.85986,-40.02528
Allomycterus pilatus,127.35,-33.4
Allomycterus pilatus,150.683,-35.2
Allomycterus pilatus,152.25,-32.983
Allomycterus pilatus,118.25777,-34.95325
Allomycterus pilatus,152.25,-32.967
Allomycterus pilatus,151.217,-34.283
Allomycterus pilatus,149.93333,-37.70666
Allomycterus pilatus,130.075,-32.775
Allomycterus pilatus,131.4,-32.23333
Allomycterus pilatus,151.6,-33.4
Allomycterus pilatus,127.075,-33.26667
Allomycterus pilatus,125.4175,-33.35125
Allomycterus pilatus,125.74167,-33.24166
Allomycterus pilatus,150.1875,-36.38
Allomycterus pilatus,145.32,-40.65
Allomycterus pilatus,150.033,-36.683
Allomycterus pilatus,150.167,-36.6
Allomycterus pilatus,133.15,-33.08333
Allomycterus pilatus,150.11584,-36.37416
Allomycterus pilatus,150.1,-36.7
Allomycterus pilatus,150.433,-35.65
Allomycterus pilatus,150.433,-35.633
Allomycterus pilatus,150.07192,-37.29433
Allomycterus pilatus,133.81792,-33.03347
Allomycterus pilatus,150.4,-35.717
Allomycterus pilatus,134.11667,-34.31805
Allomycterus pilatus,148.85834,-40.39167
Allomycterus pilatus,118.195,-34.96005
Allomycterus pilatus,141.666667,-38.333333
Allomycterus pilatus,151.467,-33.6
Allomycterus pilatus,151.117,-34.75
Allomycterus pilatus,148.5225,-38.99417
Allomycterus pilatus,126.19167,-33.33333
Allomycterus pilatus,151.567,-33.667
Allomycterus pilatus,151.05,-34.6
Allomycterus pilatus,132.81736,-32.29333
Allomycterus pilatus,128.71722,-33.35097
Allomycterus pilatus,152,-33.467
Allomycterus pilatus,125.04292,-33.61736
Allomycterus pilatus,152.217,-33
Allomycterus pilatus,133.75056,-32.94167
Allomycterus pilatus,146.13459,-39.96666
Allomycterus pilatus,115.634,-31.8789
Allomycterus pilatus,150.383,-35.733
Allomycterus pilatus,150.017,-36.7
Allomycterus pilatus,151.183,-34.383
Allomycterus pilatus,131.4,-32.225
Allomycterus pilatus,128.12528,-33.31764
Allomycterus pilatus,151.717,-33.533
Allomycterus pilatus,150.2,-36.367
Allomycterus pilatus,131.36736,-32.17569
Allomycterus pilatus,148.20584,-37.86166
Allomycterus pilatus,128.35833,-32.48333
Allomycterus pilatus,153.317,-30.55
Allomycterus pilatus,134.59833333333333,-39.269999999999996
Allomycterus pilatus,151.933,-33.133
Allomycterus pilatus,129.88334,-33.04166
Allomycterus pilatus,134.95125,-35.45152
Allomycterus pilatus,151,-35.133
Allomycterus pilatus,130.02681,-31.85
Allomycterus pilatus,152.667,-32.267
Allomycterus pilatus,130.27514,-31.78417
Allomycterus pilatus,136.0383333,-36.26833333
Allomycterus pilatus,152.033,-33.183
Allomycterus pilatus,150.18434,-37.32583
Allomycterus pilatus,129.57639,-31.97597
Allomycterus pilatus,148.3225,-38.66333
Allomycterus pilatus,123.95111,-34.44347
Allomycterus pilatus,131.00083,-32.46666
Allomycterus pilatus,128.025,-32.80055
Allomycterus pilatus,151.35,-34.233
Allomycterus pilatus,134.72542,-35.07652
Allomycterus pilatus,151.933,-33.1
Allomycterus pilatus,151.517,-33.467
Allomycterus pilatus,125.09347,-33.48472
Allomycterus pilatus,151.65,-33.283
Allomycterus pilatus,150.333,-35.883
Allomycterus pilatus,151.45,-33.55
Allomycterus pilatus,150.183,-37.683
Allomycterus pilatus,151.467,-33.517
Allomycterus pilatus,150.133,-36.567
Allomycterus pilatus,133.79195,-33.50861
Allomycterus pilatus,146.25125,-39.45194
Allomycterus pilatus,126.34236,-33.38583
Allomycterus pilatus,134.00833,-33.28417
Allomycterus pilatus,130.85111,-32.23472
Allomycterus pilatus,125.38334,-33.8
Allomycterus pilatus,129.95,-31.96666
Allomycterus pilatus,131.35,-33.45833
Allomycterus pilatus,134,-34.38333
Allomycterus pilatus,131.90833,-33.1
Allomycterus pilatus,119.68458,-34.25723
Allomycterus pilatus,151.5,-33.5
Allomycterus pilatus,151,-34.883
Allomycterus pilatus,124.525,-33.5
Allomycterus pilatus,150.4,-35.7
Allomycterus pilatus,150.03333,-36.66667
Allomycterus pilatus,141.73,-38.28
Allomycterus pilatus,133.99278,-34.53444
Allomycterus pilatus,147.39,-43.09
Allomycterus pilatus,150.45,-35.633
Allomycterus pilatus,150.917,-35.167
Allomycterus pilatus,151.55,-33.417
Allomycterus pilatus,150.217,-36.133
Allomycterus pilatus,126.325,-32.69402
Allomycterus pilatus,152.3,-32.95
Allomycterus pilatus,144.84237,-40.0518
Allomycterus pilatus,133.7507,-32.94277
Allomycterus pilatus,150.04166,-36.64166
Allomycterus pilatus,130.89167,-33.39166
Allomycterus pilatus,149.49667,-38.94
Allomycterus pilatus,152.617,-32.733
Allomycterus pilatus,133.56681,-33.075
Allomycterus pilatus,119.61325,-34.1521
Allomycterus pilatus,124.09167,-34.225
Allomycterus pilatus,116.80945,-19.72569
Allomycterus pilatus,150.05,-36.617
Allomycterus pilatus,128.36792,-32.69236
Allomycterus pilatus,133.6757,-32.80027
Allomycterus pilatus,149.19334,-38.01166
Allomycterus pilatus,151.017,-34.883
Allomycterus pilatus,126.10945,-32.42528
Allomycterus pilatus,131.45889,-32.35
Allomycterus pilatus,147.58,-42.98
Allomycterus pilatus,150.08001,-37.31499
Allomycterus pilatus,151.317,-34.05
Allomycterus pilatus,146.11695,-40.72597
Allomycterus pilatus,151.917,-33.117
Allomycterus pilatus,152.167,-32.883
Allomycterus pilatus,131.41667,-32.28333
Allomycterus pilatus,127.44278,-32.36833
Allomycterus pilatus,150.13167,-36.34667
Allomycterus pilatus,151.417,-33.567
Allomycterus pilatus,126.40931,-33.21736
Allomycterus pilatus,114.99991,-33.49052
Allomycterus pilatus,151.383,-33.6
Allomycterus pilatus,137.833,-35.333
Allomycterus pilatus,130,-31.98444
Allomycterus pilatus,150.167,-36.617
Allomycterus pilatus,148.28,-38.68333
Allomycterus pilatus,150.183,-36.633
Allomycterus pilatus,150.05,-36.633
Allomycterus pilatus,149.0575,-37.8375
Allomycterus pilatus,150.183,-36.617
Allomycterus pilatus,127.8,-32.89166
Allomycterus pilatus,150.367,-35.767
Allomycterus pilatus,125.77666666666667,-35.05166666666666
Allomycterus pilatus,126.375,-33.31778
Allomycterus pilatus,149.9975,-37.28666
Allomycterus pilatus,133.78403,-33.00944
Allomycterus pilatus,152.35,-32.733
Allomycterus pilatus,151.65,-33.75
Allomycterus pilatus,152.217,-33.017
Allomycterus pilatus,132.93528,-32.47625
Allomycterus pilatus,147.55,-43.12
Allomycterus pilatus,150.75,-35.45
Allomycterus pilatus,148.51501,-38.98167
Allomycterus pilatus,149.0717,-37.8133
Allomycterus pilatus,129.83444,-33.20041
Allomycterus pilatus,139.35195,-36.70028
Allomycterus pilatus,128.35834,-32.30083
Allomycterus pilatus,151.2,-34.367
Allomycterus pilatus,150.05667,-37.74666
Allomycterus pilatus,150.067,-36.6
Allomycterus pilatus,148.6,-41.22
Allomycterus pilatus,149.9025,-37.61833
Allomycterus pilatus,151,-35.1
Allomycterus pilatus,126.73458,-33.06694
Allomycterus pilatus,152.15,-33.317
Allomycterus pilatus,150.633,-35.217
Allomycterus pilatus,150.317,-37.117
Allomycterus pilatus,125.35,-33.85875
Allomycterus pilatus,130.21667,-33.41666
Allomycterus pilatus,150.19167,-36.36333
Allomycterus pilatus,151.85,-33.3
Allomycterus pilatus,127.85139,-33.38361
Allomycterus pilatus,133.9007,-33.44167
Allomycterus pilatus,148.41909,-38.53058
Allomycterus pilatus,151.917,-33.533
Allomycterus pilatus,150.317,-37.25
Allomycterus pilatus,151.3,-34.067
Allomycterus pilatus,133.70986,-32.77569
Allomycterus pilatus,125.92639,-32.65069
Allomycterus pilatus,131.38333,-31.7775
Allomycterus pilatus,151.5,-33.55
Allomycterus pilatus,151.5,-33.75
Allomycterus pilatus,151.2,-34.333
Allomycterus pilatus,150.74167,-35.50833
Allomycterus pilatus,128.94167,-32.29166
Allomycterus pilatus,131.48333,-33.53333
Allomycterus pilatus,126.76667,-32.65833
Allomycterus pilatus,114.9726,-33.6662
Allomycterus pilatus,132.06667,-33.66667
Allomycterus pilatus,146.86875,-38.91777
Allomycterus pilatus,150.033,-36.667
Allomycterus pilatus,147.63,-43.18
Allomycterus pilatus,150.04134,-36.97333
Allomycterus pilatus,151.617,-33.333
Allomycterus pilatus,151.017,-35.1
Allomycterus pilatus,134.40945,-33.42652
Allomycterus pilatus,130.55834,-33.10055
Allomycterus pilatus,133.91667,-33.56666
Allomycterus pilatus,131.36806,-31.81903
Allomycterus pilatus,132.90125,-34.08403
Allomycterus pilatus,126.40861,-33.275
Allomycterus pilatus,150.06334,-37.74666
Allomycterus pilatus,150.0925,-37.36667
Allomycterus pilatus,150.867,-34.867
Allomycterus pilatus,148.6,-41.35
Allomycterus pilatus,150.733,-35.517
Allomycterus pilatus,126.35112,-33.29264
Allomycterus pilatus,151.017,-34.917
Allomycterus pilatus,130.35833,-32.1525
Allomycterus pilatus,152.833,-32.333
Allomycterus pilatus,152.233,-32.967
Allomycterus pilatus,126,-33.15
Allomycterus pilatus,149.13917,-37.8725
Allomycterus pilatus,150.85,-34.85
Allomycterus pilatus,150.05,-36.95
Allomycterus pilatus,145.70931,-39.87611
Allomycterus pilatus,132.81667,-32.30069
Allomycterus pilatus,150.15,-36.683
Allomycterus pilatus,150.067,-36.617
Allomycterus pilatus,151.483,-33.583
Allomycterus pilatus,124.475,-34
Allomycterus pilatus,151.867,-33.6
Allomycterus pilatus,151.25,-34.2
Allomycterus pilatus,130.15875,-31.73333
Allomycterus pilatus,128.26736,-32.64166
Allomycterus pilatus,151.567,-33.367
Allomycterus pilatus,115.73333,-32.05
Allomycterus pilatus,128.685,-32.40028
Allomycterus pilatus,151.4,-33.6
Allomycterus pilatus,129.03473,-31.83444
Allomycterus pilatus,145.57,-43.27
Allomycterus pilatus,126.31667,-33.22527
Allomycterus pilatus,150.45,-35.6
Allomycterus pilatus,150.05,-37.033
Allomycterus pilatus,149.967,-36.933
Allomycterus pilatus,134.5983333,-35.27
Allomycterus pilatus,133.94195,-34.00902
Allomycterus pilatus,150.067,-37.067
Allomycterus pilatus,131.48361,-31.9
Allomycterus pilatus,150.3,-37.333
Allomycterus pilatus,133.98334,-34.525
Allomycterus pilatus,151.55,-33.8
Allomycterus pilatus,147.6,-43.11
Allomycterus pilatus,151.417,-33.667
Allomycterus pilatus,133.75028,-33.16666
Allomycterus pilatus,151.517,-33.45
Allomycterus pilatus,131.42,-32.27
Allomycterus pilatus,130.28389,-31.94347
Allomycterus pilatus,152.783,-32.3
Allomycterus pilatus,126.40889,-33.25986
Allomycterus pilatus,150.525,-35.5
Allomycterus pilatus,125.80945,-33.58333
Allomycterus pilatus,147.33,-43.31
Allomycterus pilatus,115.46667,-32.03333
Allomycterus pilatus,148.27334,-38.71417
Allomycterus pilatus,147.62,-43.1
Allomycterus pilatus,126.81709,-32.58375
Allomycterus pilatus,130.95222,-31.77555
Allomycterus pilatus,129.79236,-32.28333
Allomycterus pilatus,130.86667,-33.325
Allomycterus pilatus,119.68128,-34.23888
Allomycterus pilatus,124.8,-33.6
Allomycterus pilatus,151.717,-33.067
Allomycterus pilatus,126.45097,-33.18402
Allomycterus pilatus,133.7007,-32.82625
Allomycterus pilatus,151.6,-33.367
Allomycterus pilatus,150.683,-35.217
Allomycterus pilatus,129.70917,-31.925
Allomycterus pilatus,126.44237,-32.68403
Allomycterus pilatus,149.88,-37.82
Allomycterus pilatus,148.41847,-38.58541
Allomycterus pilatus,150.291,-37.40167
Allomycterus pilatus,126.85917,-33.20139
Allomycterus pilatus,138.38333333333333,-36.236666666666665
Allomycterus pilatus,126.68334,-32.65222
Allomycterus pilatus,149.55667,-38.12833
Allomycterus pilatus,133.80042,-33.13402
Allomycterus pilatus,125.87611,-33.33361
Allomycterus pilatus,125.94237,-32.45986
Allomycterus pilatus,124.8,-33.91666
Allomycterus pilatus,130.78514,-32.09278
Allomycterus pilatus,150.27417,-37.32333
Allomycterus pilatus,150.21584,-37.3075
Allomycterus pilatus,151.067,-34.917
Allomycterus pilatus,150.15,-37.233
Allomycterus pilatus,150.3,-36.3
Allomycterus pilatus,150.15,-36.65
Allomycterus pilatus,133.11736,-34.07569
Allomycterus pilatus,151.467,-33.533
Allomycterus pilatus,150.267,-36.65
Allomycterus pilatus,151.217,-34.3
Allomycterus pilatus,132.06667,-32.34167
Allomycterus pilatus,130.035,-32.355000000000004
Allomycterus pilatus,150.1775,-36.40083
Allomycterus pilatus,151.917,-32.867
Allomycterus pilatus,150.45,-35.65
Allomycterus pilatus,152.85,-31.917
Allomycterus pilatus,134.64264,-34.03514
Allomycterus pilatus,148.32583,-38.92417
Allomycterus pilatus,147.51,-43.21
Allomycterus pilatus,118.1961,-35.06113
Allomycterus pilatus,151.667,-33.85
Allomycterus pilatus,151.017,-34.833
Allomycterus pilatus,147.41,-43.36
Allomycterus pilatus,150.9,-35
Allomycterus pilatus,153.6,-29.933
Allomycterus pilatus,141.66666,-38.33333
Allomycterus pilatus,127.36736,-33.31667
Allomycterus pilatus,148.6,-41.42
Allomycterus pilatus,133.21834,-33.67722
Allomycterus pilatus,130.03403,-31.88416
Allomycterus pilatus,150.283,-37.367
Allomycterus pilatus,131.21736,-31.83333
Allomycterus pilatus,147.61,-43.18
Allomycterus pilatus,150.383,-36.083
Allomycterus pilatus,147.53334,-43.45833
Allomycterus pilatus,126.5,-33.18458
Allomycterus pilatus,152.233,-33
Allomycterus pilatus,130,-32.55041
Allomycterus pilatus,126.1432,-33.27736
Allomycterus pilatus,151.483,-33.75
Allomycterus pilatus,131.24195,-31.79208
Allomycterus pilatus,119.5684,-34.20403
Allomycterus pilatus,128.36667,-32.48333
Allomycterus pilatus,150.417,-35.683
Allomycterus pilatus,133.67598,-32.83444
Allomycterus pilatus,119.05112,-34.94194
Allomycterus pilatus,133.71778,-32.80027
Allomycterus pilatus,150.617,-35.217
Allomycterus pilatus,127.975,-33.3
Allomycterus pilatus,152,-33.033
Allomycterus pilatus,151.617,-33.317
Allomycterus pilatus,130.035,-32.355
Allomycterus pilatus,129.38417,-32
Allomycterus pilatus,128.475,-32.4
Allomycterus pilatus,151.717,-33.567
Allomycterus pilatus,149.93584,-37.70333
Allomycterus pilatus,150.417,-36.05
Allomycterus pilatus,128.14167,-33.36667
Allomycterus pilatus,125.50834,-32.69167
Allomycterus pilatus,152,-33.3
Allomycterus pilatus,147.95,-42.79
Allomycterus pilatus,125.99334,-33.34208
Allomycterus pilatus,126.30834,-33.24166
Allomycterus pilatus,150.067,-37.1
Allomycterus pilatus,150.28167,-37.41583
Allomycterus pilatus,125.425,-33.775
Allomycterus pilatus,151.983,-33.05
Allomycterus pilatus,124.56667,-33.06667
Allomycterus pilatus,124.7,-33.4
Allomycterus pilatus,131.31667,-31.685
Allomycterus pilatus,147.45,-43.18
Allomycterus pilatus,132.8,-32.425
Allomycterus pilatus,129.15945,-32.3118
Allomycterus pilatus,144.59403,-39.56847
Allomycterus pilatus,124.96667,-34.01708
Allomycterus pilatus,134.01667,-34.40833
Allomycterus pilatus,149.305,-38.19167
Allomycterus pilatus,126.34167,-32.725
Allomycterus pilatus,129.50125,-33.35111
Allomycterus pilatus,131.36862,-32.09278
Allomycterus pilatus,133.3675,-33.31791
Allomycterus pilatus,129.80153,-32.06764
Allomycterus pilatus,130.08333,-32.35027
Allomycterus pilatus,151.75,-33.1
Allomycterus pilatus,152.383,-32.717
Allomycterus pilatus,152.2416667,-33.21666667
Allomycterus pilatus,146.61,-39.00667
Allomycterus pilatus,128.57653,-32.25111
Allomycterus pilatus,150.283,-36.6
Allomycterus pilatus,132.975,-33.56666
Allomycterus pilatus,126.10111,-33.13375
Allomycterus pilatus,126.32667,-33.21667
Allomycterus pilatus,150.633,-35.2
Allomycterus pilatus,150.133,-36.617
Allomycterus pilatus,150.133,-36.667
Allomycterus pilatus,134.02528,-33.30153
Allomycterus pilatus,118.16737,-35.01907
Allomycterus pilatus,129.55028,-31.67555
Allomycterus pilatus,130.80833,-33.06667
Allomycterus pilatus,129.88417,-31.88389
Allomycterus pilatus,150.367,-35.8
Allomycterus pilatus,145.72,-43.37
Allomycterus pilatus,133.70931,-33.10069
Allomycterus pilatus,126.49236,-32.85
Allomycterus pilatus,133.49389,-32.74278
Allomycterus pilatus,149.89833,-37.80667
Allomycterus pilatus,150.383,-35.717
Allomycterus pilatus,125.7507,-32.66736
Allomycterus pilatus,148.49333,-38.95583
Allomycterus pilatus,126.22612,-33.26916
Allomycterus pilatus,131.1257,-31.78333
Allomycterus pilatus,126.325,-33.15111
Allomycterus pilatus,137.72,-33.78
Allomycterus pilatus,151.45,-33.583
Allomycterus pilatus,148.77,-39.9
Allomycterus pilatus,125.89236,-32.72611
Allomycterus pilatus,132.15958,-33.47625
Allomycterus pilatus,149.58167,-38.12999
Allomycterus pilatus,118.60861,-35.15861
Allomycterus pilatus,146.72,-40.07
Allomycterus pilatus,151.183,-34.367
Allomycterus pilatus,136.60834,-35.74166
Allomycterus pilatus,134.59833333333333,-35.269999999999996
Allomycterus pilatus,150.867,-34.9
Allomycterus pilatus,151.917,-33.1
Allomycterus pilatus,126.425,-33.225
Allomycterus pilatus,147.61,-43.13
Allomycterus pilatus,151.7,-33.183
Allomycterus pilatus,150.283,-36.517
Allomycterus pilatus,129.94237,-31.71806
Allomycterus pilatus,126.50098,-33.18361
Allomycterus pilatus,151.55,-33.817
Allomycterus pilatus,152,-33.05
Allomycterus pilatus,130.47736,-31.85958
Allomycterus pilatus,126.1757,-33.29166
Allomycterus pilatus,150.717,-35.217
Allomycterus pilatus,130.13334,-31.71667
Allomycterus pilatus,151.467,-33.55
Allomycterus pilatus,125.35958,-33.03486
Allomycterus pilatus,150.883,-34.867
Allomycterus pilatus,126.1257,-33.425
Allomycterus pilatus,147.53333,-43.46666
Allomycterus pilatus,151.15,-34.367
Allomycterus pilatus,152.267,-32.917
Allomycterus pilatus,149.633,-37.817
Allomycterus pilatus,145.067,-40.5183
Allomycterus pilatus,146.09237,-40.66833
Allomycterus pilatus,149.07418,-37.835
Allomycterus pilatus,150.083,-36.717
Allomycterus pilatus,150.183,-36.583
Allomycterus pilatus,130.58347,-31.81028
Allomycterus pilatus,132.06667,-32.325
Allomycterus pilatus,131.09167,-31.74389
Allomycterus pilatus,150.133,-36.6
Allomycterus pilatus,153.833,-28.417
Allomycterus pilatus,127.54167,-33.31667
Allomycterus pilatus,147.27,-40.2
Allomycterus pilatus,114.95,-33.65
Allomycterus pilatus,123.33677,-33.96233
Allomycterus pilatus,150.867,-35.267
Allomycterus pilatus,128.11014,-33.35125
Allomycterus pilatus,133.99167,-34.51666
Allomycterus pilatus,152.25,-33.05
Allomycterus pilatus,150.1,-36.667
Allomycterus pilatus,128.09306,-33.28403
Allomycterus pilatus,150.7,-35.217
Allomycterus pilatus,125.73334,-33.14166
Allomycterus pilatus,150.3,-36.89333
Allomycterus pilatus,150.06167,-37.745
Allomycterus pilatus,152.366,-32.633
Allomycterus pilatus,133.75222,-34.59305
Allomycterus pilatus,127.58486,-33.30167
Allomycterus pilatus,152.233,-32.983
Allomycterus pilatus,132.40098,-33.98458
Allomycterus pilatus,152,-33.067
Allomycterus pilatus,131.12584,-33.36861
Allomycterus pilatus,126.73403,-33.1668
Allomycterus pilatus,150.333,-36.4
Allomycterus pilatus,123.25887,-34.11855
Allomycterus pilatus,149.085,-37.88166
Allomycterus pilatus,147.08,-43.7
Allomycterus pilatus,132.98334,-33.56666
Allomycterus pilatus,153.55,-29.483
Allomycterus pilatus,131.18542,-33.53444
Allomycterus pilatus,125.99361,-33.32639
Allomycterus pilatus,125.525,-32.81666
Allomycterus pilatus,118.09905,-35.02338
Allomycterus pilatus,124.40834,-33.06667
Allomycterus pilatus,148.31917,-38.67667
Allomycterus pilatus,152.233,-33.017
Allomycterus pilatus,150.30084,-36.885
Allomycterus pilatus,125.4,-33.23333
Allomycterus pilatus,144.65097,-39.46792
Allomycterus pilatus,127.6925,-32.50167
Allomycterus pilatus,125.7766667,-35.05166667
Allomycterus pilatus,131.35,-32.33333
Allomycterus pilatus,127.93334,-32.40847
Allomycterus pilatus,133.70903,-32.77569
Allomycterus pilatus,150.067,-36.817
Allomycterus pilatus,150.05,-37.383
Allomycterus pilatus,133.68445,-32.83403
Allomycterus pilatus,126.3675,-32.625
Allomycterus pilatus,150.10917,-37.7375
Allomycterus pilatus,126.23403,-33.325
Allomycterus pilatus,130.09347,-33.31847
Allomycterus pilatus,133.3507,-33.10903
Allomycterus pilatus,151.2,-34.317
Allomycterus pilatus,130.15959,-31.91805
Allomycterus pilatus,133.96737,-33.29167
Allomycterus pilatus,150.20999,-36.95667
Allomycterus pilatus,126.14292,-33.3175
Allomycterus pilatus,151.467,-33.65
Allomycterus pilatus,150.717,-35.2
Allomycterus pilatus,128.84222,-32.05181
Allomycterus pilatus,134.39195,-34.28361
Allomycterus pilatus,151.117,-34.517
Allomycterus pilatus,152.017,-33.033
Allomycterus pilatus,134.43347,-33.44166
Allomycterus pilatus,138.3833333,-36.23666667
Allomycterus pilatus,148.26667,-37.91583
Allomycterus pilatus,126.31723,-33.34166
Allomycterus pilatus,118.2434,-34.98412
Allomycterus pilatus,115.00401,-33.50996
Allomycterus pilatus,125.91889,-32.5843
Allomycterus pilatus,150.967,-35.183
Allomycterus pilatus,151.2,-34.267
Allomycterus pilatus,151.733,-33.567
Allomycterus pilatus,152.3,-32.933
Allomycterus pilatus,145.37,-40.75
Allomycterus pilatus,153.4,-30.367
Allomycterus pilatus,118.23247,-34.96413
Allomycterus pilatus,150.1375,-36.3825
Allomycterus pilatus,126.13333,-32.525
Allomycterus pilatus,150.15584,-36.35083
Allomycterus pilatus,131.26917,-31.95
Allomycterus pilatus,151.917,-32.917
Allomycterus pilatus,129.31736,-33.25111
Allomycterus pilatus,150.075,-37.55
Allomycterus pilatus,134.41806,-33.44236
Allomycterus pilatus,125.41667,-33.14167
Allomycterus pilatus,151.917,-33.083
Allomycterus pilatus,129.45875,-33.025
Allomycterus pilatus,133.7,-33.63333
Allomycterus pilatus,146.26806,-40.35166
Allomycterus pilatus,151.8,-33.65
Allomycterus pilatus,126.475,-33.21667
Allomycterus pilatus,133.41736,-32.93361
Allomycterus pilatus,128.04167,-33.13333
Allomycterus pilatus,118.21888,-34.964
Allomycterus pilatus,124.45,-33.3
Allomycterus pilatus,119.73548,-34.28255
Allomycterus pilatus,136.29666666666665,-36.47833333333333
Allomycterus pilatus,130.46736,-33.40833
Allomycterus pilatus,150.133,-36.767
Allomycterus pilatus,133.68473,-32.76736
Allomycterus pilatus,130.80139,-31.83333
Allomycterus pilatus,151.333,-34.25
Allomycterus pilatus,151.333,-34.083
Allomycterus pilatus,151.417,-33.6
Allomycterus pilatus,127.26833333333333,-33.27333333333333
Allomycterus pilatus,151.2,-34.383
Allomycterus pilatus,151.933,-32.9
Allomycterus pilatus,133.71764,-32.94194
Allomycterus pilatus,126.23403,-33.25833
Allomycterus pilatus,129.45,-32.78403
Allomycterus pilatus,151.4,-34.117
Allomycterus pilatus,128.96667,-32.85833
Allomycterus pilatus,124.43445,-33.57569
Allomycterus pilatus,132.40875,-34.01791
Allomycterus pilatus,150.017,-37.467
Allomycterus pilatus,148.77,-39.97
Allomycterus pilatus,133.65098,-33.24236
Allomycterus pilatus,151.967,-32.883
Allomycterus pilatus,150.22166000000001,-36.93333
Allomycterus pilatus,151.4,-33.633
Allomycterus pilatus,150.2,-36.633
Allomycterus pilatus,147.25028,-39.12611
Allomycterus pilatus,134.59333333333333,-34.05833333333333
Allomycterus pilatus,151.9,-33.617
Allomycterus pilatus,128.82597,-32.53333
Allomycterus pilatus,128.99167,-32.28444
Allomycterus pilatus,152.3,-32.75
Allomycterus pilatus,147.47,-43.42
Allomycterus pilatus,150.6,-35.433
Allomycterus pilatus,151.08666666666667,-34.78333333333333
Allomycterus pilatus,125.53333,-32.78333
Allomycterus pilatus,131.1507,-31.78361
Allomycterus pilatus,153,-31.667
Allomycterus pilatus,152.25,-32.85
Allomycterus pilatus,124.8,-33.38333
Allomycterus pilatus,151.917,-33.583
Allomycterus pilatus,141.462,-38.7233
Allomycterus pilatus,150.75,-35.05
Allomycterus pilatus,126.12542,-32.87555
Allomycterus pilatus,126.25834,-33.29166
Allomycterus pilatus,150.55,-35.783
Allomycterus pilatus,153.583,-29.417
Allomycterus pilatus,134.21778,-34.57569
Allomycterus pilatus,125.16667,-33.01791
Allomycterus pilatus,151.333,-34.133
Allomycterus pilatus,151.517,-33.533
Allomycterus pilatus,150.033,-36.7
Allomycterus pilatus,150.05,-36.65
Allomycterus pilatus,150.417,-35.667
Allomycterus pilatus,126.01667,-33.11666
Allomycterus pilatus,150.317,-37.233
Allomycterus pilatus,125.48362,-33.87597
Allomycterus pilatus,128.01681,-32.37652
Allomycterus pilatus,150.62499,-35.22499
Allomycterus pilatus,126.12612,-33.40903
Allomycterus pilatus,150.15,-36.567
Allomycterus pilatus,134.91723,-34.22625
Allomycterus pilatus,126.975,-32.71736
Allomycterus pilatus,152.517,-32.717
Allomycterus pilatus,148.42,-39.87
Allomycterus pilatus,150.083,-36.817
Allomycterus pilatus,126.35112,-32.88361
Allomycterus pilatus,124.3675,-33.4343
Allomycterus pilatus,150.2,-36.567
Allomycterus pilatus,151.5,-33.733
Allomycterus pilatus,144.82597,-40.03347
Allomycterus pilatus,145.66792,-40.30097
Allomycterus pilatus,126.375,-32.68403
Allomycterus pilatus,131.09208,-31.75083
Allomycterus pilatus,125.70833,-33.61736
Allomycterus pilatus,151.3,-34.083
Allomycterus pilatus,153.833,-28.683
Allomycterus pilatus,115.5,-32
Allomycterus pilatus,131.3,-33.08333
Allomycterus pilatus,115.58333,-31.93333
Allomycterus pilatus,151.9,-33.6
Allomycterus pilatus,149.28584,-38.17083
Allomycterus pilatus,125.96736,-32.60944
Allomycterus pilatus,130.83334,-33.38333
Allomycterus pilatus,150.917,-35.217
Allomycterus pilatus,130.18334,-33.33333
Allomycterus pilatus,152.167,-32.95
Allomycterus pilatus,145.31806,-39.91847
Allomycterus pilatus,126.36833,-32.96694
Allomycterus pilatus,134.05903,-34.57569
Allomycterus pilatus,150.21167,-37.30916
Allomycterus pilatus,137.52,-35.58
Allomycterus pilatus,150.217,-36.15
Allomycterus pilatus,125.90848,-33.35208
Allomycterus pilatus,147.45,-43.17
Allomycterus pilatus,132.50125,-32.39194
Allomycterus pilatus,147.53333,-43.49167
Allomycterus pilatus,132.05903,-32.37555
Allomycterus pilatus,128,-32.78333
Allomycterus pilatus,151.65,-33.633
Allomycterus pilatus,150.3,-36.283
Allomycterus pilatus,146.00153,-40.20167
Allomycterus pilatus,127,-32.41666
Allomycterus pilatus,151.967,-33.033
Allomycterus pilatus,114.99755,-33.49917
Allomycterus pilatus,126.33556,-33.05944
Allomycterus pilatus,142.27667,-38.83417
Allomycterus pilatus,150.733,-35.05
Allomycterus pilatus,151.183,-34.35
Allomycterus pilatus,134.20875,-34.49278
Allomycterus pilatus,130.73403,-33.35069
Allomycterus pilatus,133.725,-32.80861
Allomycterus pilatus,147.61,-43.22
Allomycterus pilatus,147.58,-40.42
Allomycterus pilatus,150.967,-34.9
Allomycterus pilatus,150.417,-35.7
Allomycterus pilatus,150.167,-36.567
Allomycterus pilatus,150.483,-35.633
Allomycterus pilatus,152.95,-31.4
Allomycterus pilatus,130.15167,-31.75194
Allomycterus pilatus,147.57,-43.34
Allomycterus pilatus,130.04167,-31.83361
Allomycterus pilatus,126.85903,-32.49347
Allomycterus pilatus,125.025,-32.90833
Allomycterus pilatus,125.71667,-32.75
Allomycterus pilatus,133.61667,-32.76666
Allomycterus pilatus,133.64167,-32.77667
Allomycterus pilatus,127.62612,-33.02528
Allomycterus pilatus,128.70139,-33.27666
Allomycterus pilatus,149.23084,-38.01916
Allomycterus pilatus,128.11764,-32.80167
Allomycterus pilatus,126.06667,-33.31014
Allomycterus pilatus,128.43431,-32.12541
Allomycterus pilatus,131.05,-31.75
Allomycterus pilatus,132.43334,-32.71847
Allomycterus pilatus,130.71847,-31.86667
Allomycterus pilatus,126.275,-33.23333
Allomycterus pilatus,132.62611,-34.21736
Allomycterus pilatus,151.733,-33.1
Allomycterus pilatus,150.883,-35.283
Allomycterus pilatus,151.583,-33.417
Allomycterus pilatus,127.90833,-32.45902
Allomycterus pilatus,150.333,-37.1
Allomycterus pilatus,131.35112,-32.33361
Allomycterus pilatus,134.5933333,-34.05833333
Allomycterus pilatus,145.77,-43.4
Allomycterus pilatus,130.9182,-31.91791
Allomycterus pilatus,124.525,-34.18333
Allomycterus pilatus,147.51,-43.4
Allomycterus pilatus,151.55,-33.433
Allomycterus pilatus,128.31778,-32.34236
Allomycterus pilatus,134.05834,-33.44278
Allomycterus pilatus,128.96667,-32.125
Allomycterus pilatus,147.62,-39.97
Allomycterus pilatus,146.02,-43.75
Allomycterus pilatus,130.10056,-31.81805
Allomycterus pilatus,146.87,-40.87
Allomycterus pilatus,124.61667,-33.4
Allomycterus pilatus,127.70833,-32.49166
Allomycterus pilatus,152.267,-32.933
Allomycterus pilatus,150.04834,-36.94833
Allomycterus pilatus,151.783,-33.667
Allomycterus pilatus,126.00834,-32.475
Allomycterus pilatus,131.36667,-32.24166
Allomycterus pilatus,114.9745,-33.6563
Allomycterus pilatus,127.99292,-32.54361
Allomycterus pilatus,133.84167,-33.14166
Allomycterus pilatus,130.51709,-33.30055
Allomycterus pilatus,128.83542,-33.34389
Allomycterus pilatus,130.95833,-31.93333
Allomycterus pilatus,147.51,-43.14
Allomycterus pilatus,124.71667,-34.175
Allomycterus pilatus,151.317,-34.067
Allomycterus pilatus,151.983,-33.017
Allomycterus pilatus,124.825,-33.04166
Allomycterus pilatus,150.317,-37.217
Allomycterus pilatus,126.31722,-33.27555
Allomycterus pilatus,150.3,-36.55
Allomycterus pilatus,151.55,-33.85
Allomycterus pilatus,146.39278,-39.73486
Allomycterus pilatus,133.48334,-33.30833
Allomycterus pilatus,147.47,-43.35
Allomycterus pilatus,124.4507,-33.67528
Allomycterus pilatus,145.77625,-40.56
Allomycterus pilatus,151.767,-33.7
Allomycterus pilatus,128.37556,-32.63403
Allomycterus pilatus,150.3,-37.317
Allomycterus pilatus,124.8507,-33.80055
Allomycterus pilatus,127.84167,-32.37569
Allomycterus pilatus,131.48431,-31.90875
Allomycterus pilatus,133.53459,-32.76736
Allomycterus pilatus,150.15,-37.183
Allomycterus pilatus,144.69278,-39.50028
Allomycterus pilatus,115.644,-31.8785
Allomycterus pilatus,131.38333,-32.25
Allomycterus pilatus,150.733,-35.2
Allomycterus pilatus,151.85,-33.667
Allomycterus pilatus,151.517,-33.733
Allomycterus pilatus,152.933,-31.883
Allomycterus pilatus,126.24237,-33.31778
Allomycterus pilatus,152.983,-31.383
Allomycterus pilatus,128.3525,-32.10055
Allomycterus pilatus,148.62,-41.1
Allomycterus pilatus,133.56764,-35.33403
Allomycterus pilatus,151.833,-33.383
Allomycterus pilatus,152.283,-32.95
Allomycterus pilatus,131.43486,-31.94166
Allomycterus pilatus,150.883,-35.167
Allomycterus pilatus,147.42,-43.1
Allomycterus pilatus,152.267,-32.95
Allomycterus pilatus,151.6,-33.35
Allomycterus pilatus,126.21667,-33.21667
Allomycterus pilatus,150.183,-36.4
Allomycterus pilatus,128.20959,-33.33389
Allomycterus pilatus,151.617,-33.783
Allomycterus pilatus,151.033,-34.567
Allomycterus pilatus,125.875,-32.6593
Allomycterus pilatus,145.42,-43.25
Allomycterus pilatus,147.44,-43.12
Allomycterus pilatus,147,-44
Allomycterus pilatus,126.25945,-33.31917
Allomycterus pilatus,133.71736,-32.76847
Allomycterus pilatus,150.15,-36.6
Allomycterus pilatus,133.69306,-33.75069
Allomycterus pilatus,133.85,-33.12569
Allomycterus pilatus,130.0607,-33.29208
Allomycterus pilatus,149.162,-38.035
Allomycterus pilatus,125.78417,-33.56778
Allomycterus pilatus,125.71667,-32.73333
Allomycterus pilatus,150.4,-35.733
Allomycterus pilatus,126.34209,-33.26764
Allomycterus pilatus,127.08,-33.175
Allomycterus pilatus,129.24278,-33.32639
Allomycterus pilatus,129.38403,-32.25903
Allomycterus pilatus,151.067,-34.9
Allomycterus pilatus,148.56667,-39.45833
Allomycterus pilatus,137,-33.8333
Allomycterus pilatus,118.27298,-34.95567
Allomycterus pilatus,148.57,-41.55
Allomycterus pilatus,124.625,-33.41667
Allomycterus pilatus,145.73514,-40.59194
Allomycterus pilatus,124.35861,-33.22528
Allomycterus pilatus,126.75,-32.4
Allomycterus pilatus,151.95,-33.067
Allomycterus pilatus,133.69236,-32.76736
Allomycterus pilatus,129.26806,-33.31806
Allomycterus pilatus,128.64264,-33.28333
Allomycterus pilatus,150.317,-37.267
Allomycterus pilatus,151.033,-34.667
Allomycterus pilatus,147.53,-43.15
Allomycterus pilatus,132.01667,-33.63333
Allomycterus pilatus,149.99834,-37.30666
Allomycterus pilatus,131.45,-32.26666
Allomycterus pilatus,147.55,-43.07
Allomycterus pilatus,124.105,-34.24833
Allomycterus pilatus,148.245,-37.92916
Allomycterus pilatus,150.417,-35.733
Allomycterus pilatus,126.08403,-33.3
Allomycterus pilatus,133.98375,-34.15069
Allomycterus pilatus,126.31736,-32.64208
Allomycterus pilatus,118.18823,-35.0627
Allomycterus pilatus,150.18334,-36.38666
Allomycterus pilatus,134.60833,-34.01666
Allomycterus pilatus,145.35,-40.26847
Allomycterus pilatus,136.03833333333333,-36.26833333333333
Allomycterus pilatus,148.345,-38.6275
Allomycterus pilatus,127.99167,-32.78333
Allomycterus pilatus,147.59,-43
Allomycterus pilatus,152.267,-32.867
Allomycterus pilatus,132.85139,-34.36667
Allomycterus pilatus,147.54,-43.1
Allomycterus pilatus,125.04278,-33.075
Allomycterus pilatus,134.41028,-33.43403
Allomycterus pilatus,151.367,-34.067
Allomycterus pilatus,124.53334,-34.21666
Allomycterus pilatus,125.54222,-33.34222
Allomycterus pilatus,148.2175,-37.85333
Allomycterus pilatus,151.083,-35.05
Allomycterus pilatus,129.02597,-33.35139
Allomycterus pilatus,150.233,-36.483
Allomycterus pilatus,151.8,-33.7
Allomycterus pilatus,129.49167,-32.2
Allomycterus pilatus,132.82514,-32.36
Allomycterus pilatus,146.87,-43.97
Allomycterus pilatus,126.33403,-33.24416
Allomycterus pilatus,130.45945,-33.38444
Allomycterus pilatus,150.283,-36.417
Allomycterus pilatus,151.067,-34.867
Allomycterus pilatus,130.8432,-32.30069
Allomycterus pilatus,137.72,-35.53
Allomycterus pilatus,115.76667,-31.98333
Allomycterus pilatus,148.32,-42.07
Allomycterus pilatus,114.9522,-33.6929
Allomycterus pilatus,151.883,-33.567
Allomycterus pilatus,131.40112,-31.78416
Allomycterus pilatus,152.7,-32.383
Allomycterus pilatus,125.60875,-33.65153
Allomycterus pilatus,133.425,-34.44166
Allomycterus pilatus,118.22207,-34.94922
Allomycterus pilatus,133.6507,-33.03333
Allomycterus pilatus,146.04389,-40.33472
Allomycterus pilatus,117.71667,-35.11667
Allomycterus pilatus,126.18347,-33.30069
Allomycterus pilatus,127.36833,-32.4175
Allomycterus pilatus,125.5,-33.275
Allomycterus pilatus,152.283,-32.933
Allomycterus pilatus,152.24166666666665,-33.21666666666667
Allomycterus pilatus,146.17695,-39.67667
Allomycterus pilatus,143.82,-40.95
Allomycterus pilatus,126.25125,-32.90139
Allomycterus pilatus,147.55,-43
Allomycterus pilatus,126.65833,-33.26777
Allomycterus pilatus,133.65042,-32.58416
Allomycterus pilatus,150.15,-36.633
Allomycterus pilatus,130.95945,-32.44306
Allomycterus pilatus,128.75833,-33.29166
Allomycterus pilatus,129.70056,-31.89167
Allomycterus pilatus,125.85139,-32.725
Allomycterus pilatus,150.183,-36.7
Allomycterus pilatus,133.80861,-33.71722
Allomycterus pilatus,130.91667,-31.84277
Allomycterus pilatus,133.7,-32.76736
Allomycterus pilatus,131.56736,-31.96778
Allomycterus pilatus,133.16667,-32.96806
Allomycterus pilatus,130.50959,-32.32528
Allomycterus pilatus,132.66806,-32.19278
Allomycterus pilatus,128.475,-32.46667
Allomycterus pilatus,150.75,-35.083
Allomycterus pilatus,127.59195,-32.52556
Allomycterus pilatus,145.35,-40.7
Allomycterus pilatus,124.33334,-34.28333
Allomycterus pilatus,126.38459,-33.20861
Allomycterus pilatus,118.12183,-35.0241
Allomycterus pilatus,150.317,-37.2
Allomycterus pilatus,151.667,-33.683
Allomycterus pilatus,128.975,-33.38333
Allomycterus pilatus,128.07528,-32.58333
Allomycterus pilatus,147.53,-43.19
Allomycterus pilatus,118.16887,-35.03023
Allomycterus pilatus,133.70903,-32.78403
Allomycterus pilatus,125.81792,-33.53555
Allomycterus pilatus,130.37722,-31.87611
Allomycterus pilatus,145.61792,-40.27736
Allomycterus pilatus,124.6,-33.03333
Allomycterus pilatus,151.767,-33
Allomycterus pilatus,130.64167,-31.91667
Allomycterus pilatus,150.015,-37.27833
Allomycterus pilatus,145,-41.92
Allomycterus pilatus,126.45,-32.73333
Allomycterus pilatus,145.82,-43.42
Allomycterus pilatus,126.23431,-33.09361
Allomycterus pilatus,132.50834,-32.95
Allomycterus pilatus,128.0175,-33.4
Allomycterus pilatus,151.95,-33.05
Allomycterus pilatus,149.29583,-38.12083
Allomycterus pilatus,133.71667,-32.80069
Allomycterus pilatus,133.72611,-32.78472
Allomycterus pilatus,129.20014,-33.25986
Allomycterus pilatus,152.65,-32.65
Allomycterus pilatus,151.983,-33.5
Allomycterus pilatus,135.14181,-35.49333
Allomycterus pilatus,150.267,-36.667
Allomycterus pilatus,147.4,-43.29
Allomycterus pilatus,152.517,-32.133
Allomycterus pilatus,131.14236,-31.75944
Allomycterus pilatus,153.8,-29.033
Allomycterus pilatus,125.725,-33.24166
Allomycterus pilatus,126.09167,-32.65833
Allomycterus pilatus,124.105,-34.2483
Allomycterus pilatus,151.222,-34.0009
Allomycterus pilatus,149.8983,-37.8066
Allomycterus pilatus,125.94167,-33.44166
Allomycterus pilatus,150.7,-35.567
Allomycterus pilatus,150.075,-37.525
Allomycterus pilatus,150.367,-35.733
Allomycterus pilatus,150.017,-36.717
Allomycterus pilatus,151.217,-34.267
Allomycterus pilatus,145.78347,-40.585
Allomycterus pilatus,124.80834,-33.9
Allomycterus pilatus,151.95,-33.083
Allomycterus pilatus,121.9,-33.86667
Allomycterus pilatus,129.73334,-31.94236
Allomycterus pilatus,151.517,-33.5
Allomycterus pilatus,152.717,-32.183
Allomycterus pilatus,124.53334,-33.03333
Allomycterus pilatus,149.89666,-37.61916
Allomycterus pilatus,128.49167,-32.40833
Allomycterus pilatus,151.733,-33.7
Allomycterus pilatus,127.625,-33.24347
Allomycterus pilatus,148.6,-39.82
Allomycterus pilatus,126.44195,-32.92611
Allomycterus pilatus,150.367,-35.817
Allomycterus pilatus,146.78375,-40.45041
Allomycterus pilatus,152.017,-32.983
Allomycterus pilatus,152.317,-32.933
Allomycterus pilatus,147.07,-43.97
Allomycterus pilatus,133.06736,-33.72569
Allomycterus pilatus,133.86667,-33.19167
Allomycterus pilatus,151.917,-32.9
Allomycterus pilatus,151.983,-33.033
Allomycterus pilatus,131.40834,-32.20833
Allomycterus pilatus,118.15032,-35.01678
Allomycterus pilatus,125.425,-33.69166
Allomycterus pilatus,150.067,-36.75
Allomycterus pilatus,131.30931,-31.85194
Allomycterus pilatus,152.7,-32.333
Allomycterus pilatus,129.28348,-33.31819
Allomycterus pilatus,131.11667,-33.29167
Allomycterus pilatus,131.48375,-31.95
Allomycterus pilatus,147.45,-43.37
Allomycterus pilatus,150.15834,-36.475
Allomycterus pilatus,147.1,-43.90916
Allomycterus pilatus,131.22514,-33.43458
Allomycterus pilatus,149.087,-37.805
Allomycterus pilatus,133.73334,-32.7843
Allomycterus pilatus,119.62003,-34.16277
Allomycterus pilatus,130.17528,-32.18375
Allomycterus pilatus,151.317,-34.317
Allomycterus pilatus,126.4257,-33.16667
Allomycterus pilatus,133.50834,-33.35069
Allomycterus pilatus,151.45,-33.483
Allomycterus pilatus,133.56,-34.95986
Allomycterus pilatus,144.36778,-39.40903
Allomycterus pilatus,150.9,-34.817
Allomycterus pilatus,114.61833,-33.45972
Allomycterus pilatus,133.74167,-32.87569
Allomycterus pilatus,128.99167,-32
Allomycterus pilatus,151.383,-34.033
Allomycterus pilatus,118.16763,-35.01415
Allomycterus pilatus,151.28333,-34.49167
Allomycterus pilatus,132.32833333333332,-33.49
Allomycterus pilatus,148.68487,-40.88416
Allomycterus pilatus,150.15,-36.583
Allomycterus pilatus,131.89167,-33.1
Allomycterus pilatus,131,-31.95
Allomycterus pilatus,133.79167,-33.75125
Allomycterus pilatus,148.333,-39.95
Allomycterus pilatus,125.36667,-32.75861
Allomycterus pilatus,151.1,-34.883
Allomycterus pilatus,123.71667,-34.43333
Allomycterus pilatus,124.48334,-33.18333
Allomycterus pilatus,150.233,-37.483
Allomycterus pilatus,147.61,-43.11
Allomycterus pilatus,133.67528,-32.8
Allomycterus pilatus,151,-34
Allomycterus pilatus,150.8,-34.833
Allomycterus pilatus,149.03817,-37.81333
Allomycterus pilatus,147.59,-43.23
Allomycterus pilatus,147.59,-43.02
Allomycterus pilatus,134.04167,-33.30833
Allomycterus pilatus,127.83417,-33.25028
Allomycterus pilatus,134.50222,-34.53403
Allomycterus pilatus,128.14278,-33.285
Allomycterus pilatus,151.733,-33.05
Allomycterus pilatus,150.133,-36.683
Allomycterus pilatus,129.46667,-33.30833
Allomycterus pilatus,133.98403,-35.04222
Allomycterus pilatus,151.2,-34.35
Allomycterus pilatus,127.83417,-32.2918
Allomycterus pilatus,127.125,-32.86667
Allomycterus pilatus,148.30125,-38.75902
Allomycterus pilatus,147.41,-43.1
Allomycterus pilatus,153.217,-30.95
Allomycterus pilatus,150.45,-35.667
Allomycterus pilatus,126.05834,-32.54166
Allomycterus pilatus,126.35098,-33.25986
Allomycterus pilatus,151.567,-33.767
Allomycterus pilatus,151.4,-33.617
Allomycterus pilatus,131.35,-31.75
Allomycterus pilatus,135.21667,-34.20833
Allomycterus pilatus,147.39167,-43.31666
Allomycterus pilatus,134.5983333,-39.27
Allomycterus pilatus,151.183,-34.3
Allomycterus pilatus,152.2,-32.983
Allomycterus pilatus,151.567,-33.383
Allomycterus pilatus,131.41723,-31.78333
Allomycterus pilatus,151.733,-33.517
Allomycterus pilatus,133.49167,-34.81666
Allomycterus pilatus,147.56,-43.09
Allomycterus pilatus,130.47639,-31.85
Allomycterus pilatus,147.34,-43.29
Allomycterus pilatus,130.95112,-31.73583
Allomycterus pilatus,152.283,-32.917
Allomycterus pilatus,151.117,-34.683
Allomycterus pilatus,151.433,-33.567
Allomycterus pilatus,130.78362,-32.16069
Allomycterus pilatus,128.80903,-33.26014
Allomycterus pilatus,132.84167,-32.38361
Allomycterus pilatus,130.95222,-31.76805
Allomycterus pilatus,152.567,-32.867
Allomycterus pilatus,147.4,-42.9
Allomycterus pilatus,150.267,-36.6
Allomycterus pilatus,151.033,-34.817
Allomycterus pilatus,144.27,-40.77
Allomycterus pilatus,133.18403,-32.98444
Allomycterus pilatus,150.933,-35.2
Allomycterus pilatus,151.483,-33.533
Allomycterus pilatus,129.99306,-32.06666
Allomycterus pilatus,130.85,-33.35
Allomycterus pilatus,114.9954,-33.5183
Allomycterus pilatus,124.28417,-33.34264
Allomycterus pilatus,125.10903,-33.11667
Allomycterus pilatus,151.4,-34.083
Allomycterus pilatus,152.017,-33.017
Allomycterus pilatus,118.22858,-34.99738
Allomycterus pilatus,150.19417,-36.37
Allomycterus pilatus,124.35861,-33.33333
Allomycterus pilatus,151.817,-33.467
Allomycterus pilatus,150.3,-37.25
Allomycterus pilatus,151.75,-33.083
Allomycterus pilatus,126.29167,-33.25041
Allomycterus pilatus,134.6464,-33.3342
Allomycterus pilatus,119.56843,-34.2075
Allomycterus pilatus,129.4507,-33.05069
Allomycterus pilatus,151.85,-33.617
Allomycterus pilatus,150.083,-36.75
Allomycterus pilatus,132.81014,-32.325
Allomycterus pilatus,125.95097,-32.95083
Allomycterus pilatus,149.86,-37.83833
Allomycterus pilatus,148.65084,-39.82625
Allomycterus pilatus,150.417,-35.633
Allomycterus pilatus,125.51667,-33.18333
Allomycterus pilatus,150.217,-37.517
Allomycterus pilatus,128.73334,-32.25986
Allomycterus pilatus,148.20862,-38.78444
Allomycterus pilatus,126.14264,-33.20069
Allomycterus pilatus,150.21534,-36.96941
Allomycterus pilatus,147.4,-42.92
Allomycterus pilatus,131.4,-32.31666
Allomycterus pilatus,130.45,-32.36778
Allomycterus pilatus,132.3283333,-33.49
Allomycterus pilatus,150.317,-37.283
Allomycterus pilatus,151.483,-33.55
Allomycterus pilatus,127.11667,-32.88333
Allomycterus pilatus,124.46778,-33.50833
Allomycterus pilatus,148.55167,-41.03458
Allomycterus pilatus,144.50945,-39.45236
Allomycterus pilatus,132.71667,-34.26666
Allomycterus pilatus,127.93347,-32.37527
Allomycterus pilatus,127.57584,-33.35
Allomycterus pilatus,118.23133,-34.99643
Allomycterus pilatus,147.95,-42.81
Allomycterus pilatus,139.45347,-37.53444
Allomycterus pilatus,147.47,-43.18
Allomycterus pilatus,130.91889,-31.91736
Allomycterus pilatus,147.35,-43.52
Allomycterus pilatus,151.833,-34.867
Allomycterus pilatus,150.667,-35.2
Allomycterus pilatus,150.933,-35.15
Allomycterus pilatus,152.183,-33.05
Allomycterus pilatus,126.54333,-32.72569
Allomycterus pilatus,123.33238,-34.0173
Allomycterus pilatus,127.30986,-32.73486
Allomycterus pilatus,134.95056,-34.2175
Allomycterus pilatus,135.01709,-35.3
Allomycterus pilatus,151.467,-33.633
Allomycterus pilatus,151.0866667,-34.78333333
Allomycterus pilatus,151.483,-33.467
Allomycterus pilatus,150.25,-36.667
Allomycterus pilatus,153.617,-29.417
Allomycterus pilatus,146.32,-40.97
Allomycterus pilatus,148.14,-42.52
Allomycterus pilatus,144.325,-39.26667
Allomycterus pilatus,118.22892,-34.958
Allomycterus pilatus,114.9779,-33.656
Allomycterus pilatus,151.783,-32.983
Allomycterus pilatus,146.00028,-40.21764
Allomycterus pilatus,127.37681,-33.30903
Allomycterus pilatus,134.81736,-34.28402
Allomycterus pilatus,126.64167,-33.26806
Allomycterus pilatus,133.3007,-32.95
Allomycterus pilatus,129.19167,-31.98403
Allomycterus pilatus,149.99192,-37.29725
Allomycterus pilatus,124.56667,-33.48333
Allomycterus pilatus,126.08403,-33.30041
Allomycterus pilatus,134.58417,-35.20861
Allomycterus pilatus,133.725,-32.8425
Allomycterus pilatus,150.167,-36.533
Allomycterus pilatus,151.633,-33.3
Allomycterus pilatus,150.733,-35.1
Allomycterus pilatus,151.533,-33.45
Allomycterus pilatus,125.79264,-33.56833
Allomycterus pilatus,125.30833,-33.21708
Allomycterus pilatus,127.46667,-32.9
Allomycterus pilatus,151.8,-33.667
Allomycterus pilatus,145.97583,-40.31708
Allomycterus pilatus,133.69334,-32.8
Allomycterus pilatus,150.067,-36.85
Allomycterus pilatus,144.77528,-40.07569
Allomycterus pilatus,118.1704,-35.01617
Allomycterus pilatus,127.6,-33.38333
Allomycterus pilatus,116.3506,-34.99503
Allomycterus pilatus,128.375,-33.20014
Allomycterus pilatus,145.3,-40.7
Allomycterus pilatus,125.4,-33.26666
Allomycterus pilatus,125.93334,-33.36667
Allomycterus pilatus,126.41736,-33.21667
Allomycterus pilatus,129.13333,-32.31666
Allomycterus pilatus,133.01667,-32.73333
Allomycterus pilatus,150.15,-36.7
Allomycterus pilatus,147.36,-43.31
Allomycterus pilatus,131.03458,-31.875
Allomycterus pilatus,133.43403,-32.77528
Allomycterus pilatus,125.41833,-32.90056
Allomycterus pilatus,129.48459,-32.00903
Allomycterus pilatus,147.52,-43.15
Allomycterus pilatus,132.74278,-32.44291
Allomycterus pilatus,148.23417,-37.92583
Allomycterus pilatus,149.985,-37.2767
Allomycterus pilatus,151.1,-34.517
Allomycterus pilatus,151.067,-34.533
Allomycterus pilatus,128.61667,-32.23555
Allomycterus pilatus,151.275,-34.50833
Allomycterus pilatus,128.44195,-32.65041
Allomycterus pilatus,134.48334,-34.34305
Allomycterus pilatus,125.4,-33.53333
Allomycterus pilatus,133.96764,-33.24278
Allomycterus pilatus,151.933,-32.917
Allomycterus pilatus,124.79167,-33.6
Allomycterus pilatus,148.4,-39.8
Allomycterus pilatus,118.23197,-34.98467
Allomycterus pilatus,151.4,-34.1
Allomycterus pilatus,132.83486,-32.46764
Allomycterus pilatus,151,-34.817
Allomycterus pilatus,129.50833,-32.125
Allomycterus pilatus,151.233,-34.483
Allomycterus pilatus,148.75,-39.87
Allomycterus pilatus,127.09292,-32.54375
Allomycterus pilatus,151.617,-33.817
Allomycterus pilatus,128.025,-33.31667
Allomycterus pilatus,124.975,-33.04194
Allomycterus pilatus,150.0575,-37.73166
Allomycterus pilatus,145.33444,-39.70069
Allomycterus pilatus,151.617,-33.65
Allomycterus pilatus,127.675,-32.69347
Allomycterus pilatus,147.43,-43.15
Allomycterus pilatus,126.31667,-33.46666
Allomycterus pilatus,127.5,-32.53361
Allomycterus pilatus,150.12667,-36.9593
Allomycterus pilatus,123.75,-34.55
Allomycterus pilatus,151,-35.15
Allomycterus pilatus,138.82542,-36.2
Allomycterus pilatus,150.267,-36.567
Allomycterus pilatus,125.95,-33.35
Allomycterus pilatus,147.57,-43.33
Allomycterus pilatus,147.58,-43.29
Allomycterus pilatus,150.033,-36.717
Allomycterus pilatus,127.99167,-33.29166
Allomycterus pilatus,131.06778,-31.85958
Allomycterus pilatus,150.78333,-35.45833
Allomycterus pilatus,127.54181,-32.91
Allomycterus pilatus,144.8675,-40.05944
Allomycterus pilatus,151.033,-34.867
Allomycterus pilatus,119.75315,-34.25008
Allomycterus pilatus,118.14123,-35.01777
Allomycterus pilatus,151.5,-33.483
Allomycterus pilatus,128.61778,-32.45027
Allomycterus pilatus,151.15,-34.467
Allomycterus pilatus,150.867,-35.233
Allomycterus pilatus,131.41792,-31.91708
Allomycterus pilatus,128.05987,-32.39194
Allomycterus pilatus,131.3,-31.82541
Allomycterus pilatus,151.8,-33.6
Allomycterus pilatus,150.51667,-35.49167
Allomycterus pilatus,126.10973,-33.30944
Allomycterus pilatus,148.43417,-38.77513
Allomycterus pilatus,150.2,-36.433
Allomycterus pilatus,133.5675,-32.9
Allomycterus pilatus,137.7086,-35.4919
Allomycterus pilatus,130.925,-31.71861
Allomycterus pilatus,133.975,-34.51666
Allomycterus pilatus,133.69278,-32.81708
Allomycterus pilatus,133.98334,-33.44167
Allomycterus pilatus,150.29099,-37.40166
Allomycterus pilatus,126.34292,-33.19306
Allomycterus pilatus,134.41709,-33.44222
Allomycterus pilatus,150.15834,-36.48333
Allomycterus pilatus,127.2683333,-33.27333333
Allomycterus pilatus,126.54237,-33.32513
Allomycterus pilatus,151.883,-32.867
Allomycterus pilatus,150.717,-35.3
Allomycterus pilatus,150.183,-36.6
Allomycterus pilatus,146.20931,-40.92652
Allomycterus pilatus,128.59278,-32.45097
Allomycterus pilatus,137.77,-35.63
Allomycterus pilatus,147.48,-43.25
Allomycterus pilatus,128.6175,-33.30861
Allomycterus pilatus,129.61792,-32.2843
Allomycterus pilatus,149.96658,-36.91716
Allomycterus pilatus,151.55,-33.45
Allomycterus pilatus,150.033,-36.9
Allomycterus pilatus,132.51736,-32.30972
Allomycterus pilatus,149.605,-38.11499
Allomycterus pilatus,151.017,-34.8
Allomycterus pilatus,151.033,-34.6
Allomycterus pilatus,151.083,-34.867
Allomycterus pilatus,151.033,-34.917
Allomycterus pilatus,151.75,-33.117
Allomycterus pilatus,124.25903,-33.39236
Allomycterus pilatus,125.61695,-33.68417
Allomycterus pilatus,152.017,-33.067
Allomycterus pilatus,126.70153,-33.15903
Allomycterus pilatus,128.30945,-32.51708
Allomycterus pilatus,133.74167,-32.85903
Allomycterus pilatus,149.055,-37.8275
Allomycterus pilatus,151.483,-33.5
Allomycterus pilatus,150.733,-35.533
Allomycterus pilatus,152.283,-33.183
Allomycterus pilatus,130.28444,-32.12597
Allomycterus pilatus,128.93445,-32.33458
Allomycterus pilatus,127.89236,-33.35139
Allomycterus pilatus,151.75,-33.75
Allomycterus pilatus,149.517,-37.867
Allomycterus pilatus,127.05833,-33.26667
Allomycterus pilatus,134.76736,-34.09167
Allomycterus pilatus,131.35222,-31.78361
Allomycterus pilatus,127.51667,-32.40833
Allomycterus pilatus,126.08445,-33.29305
Allomycterus pilatus,153.1,-31.367
Allomycterus pilatus,132.79278,-32.35055
Allomycterus pilatus,130.78361,-31.81666
Allomycterus pilatus,151.133,-34.617
Allomycterus pilatus,147.55,-43.25
Allomycterus pilatus,124.58334,-34.2
Allomycterus pilatus,149.00833,-37.80833
Allomycterus pilatus,150.183,-36.55
Allomycterus pilatus,147.42,-43.13
Allomycterus pilatus,151.483,-33.717
Allomycterus pilatus,150.167,-36.633
Allomycterus pilatus,151.817,-33.65
Allomycterus pilatus,150.167,-36.45
Allomycterus pilatus,151.95,-33.1
Allomycterus pilatus,125.12542,-32.87625
Allomycterus pilatus,131.375,-32.20833
Allomycterus pilatus,151.467,-33.617
Allomycterus pilatus,126.25986,-33.35875
Allomycterus pilatus,126.08417,-32.50833
Allomycterus pilatus,150.15166,-36.38416
Allomycterus pilatus,125.49167,-33.8
Allomycterus pilatus,125.65862,-33.25125
Allomycterus pilatus,124.75,-33.34166
Allomycterus pilatus,128.98334,-32.125
Allomycterus pilatus,125.825,-32.58333
Allomycterus pilatus,132.6507,-32.24375
Allomycterus pilatus,125.98334,-33.27625
Allomycterus pilatus,133.72542,-32.80139
Allomycterus pilatus,145.29,-40.76
Allomycterus pilatus,150.175,-36.49167
Allomycterus pilatus,144.63445,-40.10833
Allomycterus pilatus,125.84237,-32.64194
Allomycterus pilatus,118.15208,-35.0316
Allomycterus pilatus,125.92667,-32.90111
Allomycterus pilatus,126.30903,-33.25902
Allomycterus pilatus,125.75,-32.7093
Allomycterus pilatus,136.6,-35.675
Allomycterus pilatus,147.46,-43.39
Allomycterus pilatus,127.69361,-33.70069
Allomycterus pilatus,128.75028,-33.28472
Allomycterus pilatus,150.10751,-37.74083
Allomycterus pilatus,131.42514,-31.74167
Allomycterus pilatus,150.25,-36.617
Allomycterus pilatus,126.03334,-33.38333
Allomycterus pilatus,148.3275,-38.95
Allomycterus pilatus,132.03334,-33.18333
Allomycterus pilatus,141.26,-38.5939
Allomycterus pilatus,148.33389,-38.71861
Allomycterus pilatus,151.2,-34.25
Allomycterus pilatus,128.61778,-32.41889
Allomycterus pilatus,126.42584,-32.53556
Allomycterus pilatus,124.25,-33.14167
Allomycterus pilatus,148.33389,-38.68402
Allomycterus pilatus,147.42,-43.39
Allomycterus pilatus,133.70139,-32.81666
Allomycterus pilatus,151.483,-33.767
Allomycterus pilatus,128.425,-32.51667
Allomycterus pilatus,149.845,-37.63083
Allomycterus pilatus,132.24264,-32.75125
Allomycterus pilatus,133.50139,-32.78444
Allomycterus pilatus,128.44306,-33.35875
Allomycterus pilatus,126.54264,-33.32569
Allomycterus pilatus,129.53334,-31.98333
Allomycterus pilatus,150.783,-35.45
Allomycterus pilatus,124.48334,-33.16667
Allomycterus pilatus,124.775,-34.14166
Allomycterus pilatus,150.067,-36.733
Allomycterus pilatus,128.6175,-33.20916
Allomycterus pilatus,127.0183333,-32.65666667
Allomycterus pilatus,131.35,-32.48333
Allomycterus pilatus,151.183,-34.417
Allomycterus pilatus,150.333,-37.233
Allomycterus pilatus,134.78431,-34.26014
Allomycterus pilatus,152.067,-33.383
Allomycterus pilatus,150.333,-36.633
Allomycterus pilatus,147.71736,-39.45111
Allomycterus pilatus,150.983,-34.85
Allomycterus pilatus,149.8375,-37.59917
Allomycterus pilatus,145.55,-43.3
Allomycterus pilatus,131.36695,-31.84305
Allomycterus pilatus,151.483,-33.8
Allomycterus pilatus,128.9507,-32.38333
Allomycterus pilatus,127.35,-32.6
Allomycterus pilatus,152.317,-32.917
Allomycterus pilatus,150.19667,-37.34667
Allomycterus pilatus,126.0007,-33.39167
Allomycterus pilatus,124.26736,-33.40903
Allomycterus pilatus,117.86667,-35
Allomycterus pilatus,132.36667,-33.65833
Allomycterus pilatus,119.74778,-34.25405
Allomycterus pilatus,152,-33.017
Allomycterus pilatus,126.5,-33.25847
Allomycterus pilatus,150.0575,-36.94417
Allomycterus pilatus,130.14167,-33.35
Allomycterus pilatus,150.383,-35.75
Allomycterus pilatus,125.45,-33.76778
Allomycterus pilatus,134.85972,-34.03555
Allomycterus pilatus,151.083,-34.9
Allomycterus pilatus,132.825,-32.49166
Allomycterus pilatus,151.417,-33.583
Allomycterus pilatus,145.42,-40.8
Allomycterus pilatus,147.06695,-40.70153
Allomycterus pilatus,151.217,-34.217
Allomycterus pilatus,131.05167,-31.80069
Allomycterus pilatus,125.21736,-33.92555
Allomycterus pilatus,139.70875,-37.57972
Allomycterus pilatus,129.63348,-32.3
Allomycterus pilatus,132.50014,-32.3843
Allomycterus pilatus,118.22963,-34.93932
Allomycterus pilatus,147.59,-43.22
Allomycterus pilatus,153.533,-29.467
Allomycterus pilatus,131.38333,-31.83389
Allomycterus pilatus,131.42528,-31.70847
Allomycterus pilatus,123.7667,-34.55
Allomycterus pilatus,132.71,-32.24278
Allomycterus pilatus,126.45945,-33.30833
Allomycterus pilatus,147.53,-43.28
Allomycterus pilatus,151.833,-33.4
Allomycterus pilatus,130.42597,-33.03403
Allomycterus pilatus,151.7,-33.55
Allomycterus pilatus,130.53431,-32.36764
Allomycterus pilatus,146.72681,-40.30083
Allomycterus pilatus,134.7007,-34.53333
Allomycterus pilatus,146.77695,-40.51
Allomycterus pilatus,115.1983,-33.5906
Allomycterus pilatus,150.1375,-36.37416
Allomycterus pilatus,126.24167,-33.25069
Allomycterus pilatus,125.26667,-33.9093
Allomycterus pilatus,150.333,-37.267
Allomycterus pilatus,147.45,-43.38
Allomycterus pilatus,133.48445,-33.80861
Allomycterus pilatus,127.50931,-32.87597
Allomycterus pilatus,130.78334,-32.69166
Allomycterus pilatus,125.71667,-32.75833
Allomycterus pilatus,132.50903,-33.375
Allomycterus pilatus,128.48334,-32.875
Allomycterus pilatus,150.683,-35.583
Allomycterus pilatus,151.033,-34.9
Allomycterus pilatus,130.5507,-32.2675
Allomycterus pilatus,127.3675,-32.75083
Allomycterus pilatus,150.24501,-37.31
Allomycterus pilatus,149.84916,-37.6025
Allomycterus pilatus,125.85931,-32.68403
Allomycterus pilatus,146.59237,-40.77736
Allomycterus pilatus,148.41736,-38.49277
Allomycterus pilatus,150.3,-37.283
Allomycterus pilatus,129.41695,-32.29208
Allomycterus pilatus,148.6,-41.37
Allomycterus pilatus,131.50139,-33.47569
Allomycterus pilatus,132.83334,-32.34167
Allomycterus pilatus,150.467,-35.617
Allomycterus pilatus,151.35,-34.067
Allomycterus pilatus,151.717,-33.183
Allomycterus pilatus,128.975,-32.39166
Allomycterus pilatus,127.90028,-32.65944
Allomycterus pilatus,144.14278,-40.70153
Allomycterus pilatus,132.8007,-32.33333
Allomycterus pilatus,130.17528,-32.20902
Allomycterus pilatus,150.167,-37.633
Allomycterus pilatus,147.98,-42.79
Allomycterus pilatus,150.117,-36.617
Allomycterus pilatus,148.31001,-38.92667
Allomycterus pilatus,151.55,-33.517
Allomycterus pilatus,147.05,-43.37
Allomycterus pilatus,150.983,-34.867
Allomycterus pilatus,119.72008,-34.24525
Allomycterus pilatus,133.70861,-32.80833
Allomycterus pilatus,150.183,-36.367
Allomycterus pilatus,150.717,-35.283
Allomycterus pilatus,147.56,-43.26
Allomycterus pilatus,124.90834,-34.13416
Allomycterus pilatus,148.55,-41.6
Allomycterus pilatus,133.88334,-33.19167
Allomycterus pilatus,128.00945,-32.30208
Allomycterus pilatus,131.61792,-31.94291
Allomycterus pilatus,127.31736,-33.13333
Allomycterus pilatus,147.52,-43.18
Allomycterus pilatus,131.10042,-31.96722
Allomycterus pilatus,151.967,-33.533
Allomycterus pilatus,130.57653,-31.93375
Allomycterus pilatus,130.86667,-33.35
Allomycterus pilatus,127.18334,-33.06667
Allomycterus pilatus,126.31722,-33.15181
Allomycterus pilatus,148.22,-42.22
Allomycterus pilatus,151.517,-33.717
Allomycterus pilatus,131.54167,-32.01778
Allomycterus pilatus,151.833,-33.683
Allomycterus pilatus,151.783,-33.517
Allomycterus pilatus,125.77625,-32.90944
Allomycterus pilatus,133.70028,-32.82653
Allomycterus pilatus,150.733,-35.283
Allomycterus pilatus,151.067,-34.583
Allomycterus pilatus,126.52612,-33.28402
Allomycterus pilatus,149.07417,-37.8275
Allomycterus pilatus,118.88473,-35.03528
Allomycterus pilatus,134.05,-34.31833
Allomycterus pilatus,130,-32
Allomycterus pilatus,150.13417,-36.38167
Allomycterus pilatus,119.68268,-34.25473
Allomycterus pilatus,148.22917,-37.92166
Allomycterus pilatus,125.89292,-33.71861
Allomycterus pilatus,152.933,-32.35
Allomycterus pilatus,150.733,-35.083
Allomycterus pilatus,146.6507,-40.36736
Allomycterus pilatus,151.083,-34.883
Allomycterus pilatus,126.50958,-33.19208
Allomycterus pilatus,148.30584,-38.92333
Allomycterus pilatus,133.64209,-32.78375
Allomycterus pilatus,150.45,-35.617
Allomycterus pilatus,134.77528,-33.925
Allomycterus pilatus,151.933,-32.85
Allomycterus pilatus,147.58,-43.08
Allomycterus pilatus,150.21833,-36.48
Allomycterus pilatus,151.117,-34.7
Allomycterus pilatus,126,-32.23444
Allomycterus pilatus,150.1,-36.833
Allomycterus pilatus,152.367,-32.75
Allomycterus pilatus,130.52667,-31.87527
Allomycterus pilatus,126.6757,-32.56889
Allomycterus pilatus,133.16667,-33.51666
Allomycterus pilatus,147.55,-43.32
Allomycterus pilatus,150.133,-36.717
Allomycterus pilatus,150.583,-35.75
Allomycterus pilatus,126.2,-32.73444
Allomycterus pilatus,148.56667,-39.46666
Allomycterus pilatus,150.76667,-35.45833
Allomycterus pilatus,131.45833,-33.10986
Allomycterus pilatus,150.2,-36.683
Allomycterus pilatus,131.36667,-32.2
Allomycterus pilatus,128.58334,-32.19166
Allomycterus pilatus,151.917,-33.133
Allomycterus pilatus,146.19362,-40.31861
Allomycterus pilatus,149.998335,-37.306665
Allomycterus pilatus,146.87,-44
Allomycterus pilatus,118.10148,-35.02422
Allomycterus pilatus,124.96667,-32.95833
Allomycterus pilatus,125.91667,-33.45
Allomycterus pilatus,150.067,-36.633
Allomycterus pilatus,151.4,-33.583
Allomycterus pilatus,133.68417,-32.81694
Allomycterus pilatus,151.583,-33.433
Allomycterus pilatus,133.75139,-32.97639
Allomycterus pilatus,118.16667,-35.29347
Allomycterus pilatus,152.083,-33.4
Allomycterus pilatus,126.2757,-33.23444
Allomycterus pilatus,150.067,-37.017
Allomycterus pilatus,150.6,-35.4
Allomycterus pilatus,132.79167,-32.275
Allomycterus pilatus,143.58472,-39.1093
Allomycterus pilatus,148.86695,-40.0593
Allomycterus pilatus,126.56778,-33.19305
Allomycterus pilatus,126.60111,-32.59236
Allomycterus pilatus,152.317,-32.733
Allomycterus pilatus,146.40056,-40.24264
Allomycterus pilatus,144.6425,-39.67625
Allomycterus pilatus,131.4007,-31.95069
Allomycterus pilatus,130.36778,-31.91819
Allomycterus pilatus,149.05333,-37.89083
Allomycterus pilatus,150.7,-35.317
Allomycterus pilatus,147.47,-43.38
Allomycterus pilatus,128.68389,-32.48375
Allomycterus pilatus,125.71,-32.53389
Allomycterus pilatus,150.75,-35.033
Allomycterus pilatus,126.53375,-32.72528
Allomycterus pilatus,150.833,-34.883
Allomycterus pilatus,150.983,-35.15
Allomycterus pilatus,149.7975,-37.59999
Allomycterus pilatus,151.117,-34.583
Allomycterus pilatus,145.35,-40.72
Allomycterus pilatus,151.833,-34.933
Allomycterus pilatus,132.65,-33.90833
Allomycterus pilatus,148.62,-41.22
Allomycterus pilatus,119.04264,-18.47722
Allomycterus pilatus,150.933,-35.183
Allomycterus pilatus,132.80833,-32.425
Allomycterus pilatus,152.383,-32.733
Allomycterus pilatus,125.04292,-33.16736
Allomycterus pilatus,126.42681,-32.65
Allomycterus pilatus,145.41014,-40.24236
Allomycterus pilatus,150.3,-37.35
Allomycterus pilatus,133.83333,-34.74167
Allomycterus pilatus,147.56,-43.04
Allomycterus pilatus,151.367,-34.05
Allomycterus pilatus,151.95,-32.833
Allomycterus pilatus,151.933,-33.067
Allomycterus pilatus,147.07,-43.92
Allomycterus pilatus,132.48445,-32.3343
Allomycterus pilatus,126.19292,-33.19361
Allomycterus pilatus,150.083,-37.3
Allomycterus pilatus,148.32639,-38.74291
Allomycterus pilatus,147.42,-43.16
Allomycterus pilatus,150.133,-36.517
Allomycterus pilatus,125.99167,-33.00916
Allomycterus pilatus,125.43334,-33.69166
Allomycterus pilatus,150.3,-37.267
Allomycterus pilatus,131.54278,-33.33444
Allomycterus pilatus,126.71764,-33.23361
Allomycterus pilatus,125.60834,-32.76666
Allomycterus pilatus,131.58361,-33.41847
Allomycterus pilatus,133.71736,-32.78514
Allomycterus pilatus,118.16637,-35.05155
Allomycterus pilatus,127.01833333333333,-32.656666666666666
Allomycterus pilatus,148.04347,-39.51806
Allomycterus pilatus,152.8,-32.25
Allomycterus pilatus,147.53,-43.09
Allomycterus pilatus,150.067,-36.833
Allomycterus pilatus,150.967,-34.917
Allomycterus pilatus,151.133,-34.667
Allomycterus pilatus,151.5,-33.567
Allomycterus pilatus,147.59,-43.09
Allomycterus pilatus,131.26708,-33.45833
Allomycterus pilatus,125.74292,-32.73347
Allomycterus pilatus,149.90917,-37.7925
Allomycterus pilatus,128.33375,-33.18556
Allomycterus pilatus,134.6314,-33.3803
Allomycterus pilatus,126.39334,-33.17611
Allomycterus pilatus,127.025,-33.13333
Allomycterus pilatus,125.40833,-33.66666
Allomycterus pilatus,147.6,-43.24
Allomycterus pilatus,133.70903,-32.81777
Allomycterus pilatus,126.20903,-33.24236
Allomycterus pilatus,130.91737,-31.8593
Allomycterus pilatus,131.41667,-32.25
Allomycterus pilatus,128.68333,-32.43458
Allomycterus pilatus,130.55889,-31.90833
Allomycterus pilatus,150.417,-36.067
Allomycterus pilatus,151.75,-33.683
Allomycterus pilatus,134.6,-33.28
Allomycterus pilatus,126.10903,-32.56667
Allomycterus pilatus,129.3007,-32.29208
Allomycterus pilatus,144.67528,-39.00013
Allomycterus pilatus,148.86667,-40.41666
Allomycterus pilatus,128.60833,-33.31667
Allomycterus pilatus,150.867,-34.85
Allomycterus pilatus,131.42653,-31.76764
Allomycterus pilatus,151.883,-32.85
Allomycterus pilatus,152.167,-33.05
Allomycterus pilatus,129.73403,-32
Allomycterus pilatus,143.85167,-39.32722
Allomycterus pilatus,130.38473,-31.66764
Allomycterus pilatus,147.55,-43.19
Allomycterus pilatus,125.33389,-33.08375
Allomycterus pilatus,147.58,-43.14
Allomycterus pilatus,153.267,-30.717
Allomycterus pilatus,145.52,-43.3
Allomycterus pilatus,130.04278,-31.93403
Allomycterus pilatus,125.6007,-32.96666
Allomycterus pilatus,124.78403,-34.18333
Allomycterus pilatus,127.54167,-33.28333
Allomycterus pilatus,150.27001,-37.43416
Allomycterus pilatus,131.47653,-32.75069
Allomycterus pilatus,151.05,-34.85
Allomycterus pilatus,146.04195,-40.35889
Allomycterus pilatus,132.77556,-32.41708
Allomycterus pilatus,130.75098,-31.90902
Allomycterus pilatus,152.683,-32.283
Allomycterus pilatus,133.73445,-33.59236
Allomycterus pilatus,151.683,-33.25
Allomycterus pilatus,152.183,-32.983
Allomycterus pilatus,131.27695,-33.26791
Allomycterus pilatus,151.617,-33.85
Allomycterus pilatus,152.667,-32.4
Allomycterus pilatus,129.995,-34.57
Allomycterus pilatus,149.87666,-37.82666
Allomycterus pilatus,129.99499999999998,-34.57
Allomycterus pilatus,134.625,-34.15
Allomycterus pilatus,114.9167,-33.6801
Allomycterus pilatus,153.817,-28.967
Allomycterus pilatus,151.167,-34.483
Allomycterus pilatus,149.683,-38.1
Allomycterus pilatus,151,-34.85
Allomycterus pilatus,132.79306,-32.33375
Allomycterus pilatus,150.95,-35.183
Allomycterus pilatus,147.45,-43.31
Allomycterus pilatus,125.36723,-33.65
Allomycterus pilatus,132.85972,-32.35986
Allomycterus pilatus,128.30834,-33.16667
Allomycterus pilatus,128.51667,-32.03333
Allomycterus pilatus,151.917,-33.6
Allomycterus pilatus,151.95,-33.567
Allomycterus pilatus,134.24264,-33.46
Allomycterus pilatus,133.5175,-34.69319
Allomycterus pilatus,127.77542,-32.83458
Allomycterus pilatus,131.9,-33.1
Allomycterus pilatus,136.2966667,-36.47833333
Allomycterus pilatus,145.50209,-40.44264
Allomycterus pilatus,133.21667,-33.78333
Allomycterus pilatus,152.7,-32.4
Allomycterus pilatus,129.08389,-31.88333
Allomycterus pilatus,133.49167,-34.84166
Allomycterus pilatus,127.50903,-32.88333
Allomycterus pilatus,146.03389,-40.65083
Allomycterus pilatus,126.13361,-32.70027
Allomycterus pilatus,134.96695,-34.21792
Allomycterus pilatus,133.66806,-32.74278
Allomycterus pilatus,148.50667,-38.99333
Allomycterus pilatus,151.4,-33.667
Allomycterus pilatus,133.73431,-34.01069
Allomycterus pilatus,147.65,-43.22
Allomycterus pilatus,149.96667,-36.90083
Allomycterus pilatus,130.66695,-31.84194
Allomycterus pilatus,130.89167,-33.3
Allomycterus pilatus,139.01833,-36.09236
Allomycterus pilatus,120,-34
Allomycterus pilatus,125.5,-32.79167
Allomycterus pilatus,125.58403,-33.725
Allomycterus pilatus,149.983,-36.917
Allomycterus pilatus,128.01792,-32.39194
Allomycterus pilatus,125.51667,-32.81666
Allomycterus pilatus,146.66848,-40.2925
Allomycterus pilatus,151.883,-33.55
Allomycterus pilatus,127.80834,-33.025
Allomycterus pilatus,125.63431,-33.69222
Allomycterus pilatus,126.06667,-33.2843
Allomycterus pilatus,151.15,-34.45
Allomycterus pilatus,129.53333,-32.58333
Allomycterus pilatus,129.53333,-32.26694
Allomycterus pilatus,150.24,-36.41917
Allomycterus pilatus,152.633,-32.633
Allomycterus pilatus,130.21667,-31.95
Allomycterus pilatus,150.383,-35.7
Allomycterus pilatus,126.14236,-33.31694
Allomycterus pilatus,132.74237,-32.23458
