species,decimalLongitude,decimalLatitude
Allocyttus verrucosus,139.50972,-37.79167
Allocyttus verrucosus,143.65834,-40.9
Allocyttus verrucosus,139.51667,-37.8
Allocyttus verrucosus,144.84167,-42.65
Allocyttus verrucosus,148.62,-41.7
Allocyttus verrucosus,152.166,-33.433
Allocyttus verrucosus,117.23,-35.526
Allocyttus verrucosus,137.2,-36.86666
Allocyttus verrucosus,144.64167,-42.41666
Allocyttus verrucosus,151.233,-34.917
Allocyttus verrucosus,138.89167,-37.375
Allocyttus verrucosus,130.76667,-33.81667
Allocyttus verrucosus,152.8,-32.883
Allocyttus verrucosus,151.25,-34.867
Allocyttus verrucosus,143.5,-40.75
Allocyttus verrucosus,138.54167,-37.34166
Allocyttus verrucosus,152.75,-32.917
Allocyttus verrucosus,143.77833,-41.02667
Allocyttus verrucosus,152.7,-32.95
Allocyttus verrucosus,151.967,-33.75
Allocyttus verrucosus,150.85,-35.483
Allocyttus verrucosus,143.7783,-41.0266
Allocyttus verrucosus,111.9016,-24.0066
Allocyttus verrucosus,152.2,-33.5
Allocyttus verrucosus,151.267,-34.767
Allocyttus verrucosus,118.70899,-35.28149
Allocyttus verrucosus,152.8,-32.817
Allocyttus verrucosus,144.64167,-42.26666
Allocyttus verrucosus,152.133,-33.583
Allocyttus verrucosus,150.88334,-35.45
Allocyttus verrucosus,139.675,-37.925
Allocyttus verrucosus,114.44167,-32.56333
Allocyttus verrucosus,140.925,-38.56667
Allocyttus verrucosus,150.333,-37.65
Allocyttus verrucosus,111.90167,-24.00667
Allocyttus verrucosus,150.85433,-35.50283
Allocyttus verrucosus,144.275,-41.46666
Allocyttus verrucosus,151.217,-34.917
Allocyttus verrucosus,141.05833,-38.625
Allocyttus verrucosus,113.683,-29.083
Allocyttus verrucosus,139.659,-37.833
Allocyttus verrucosus,151.233,-34.867
Allocyttus verrucosus,139.025,-37.60833
Allocyttus verrucosus,138.85,-37.29166
Allocyttus verrucosus,152.067,-33.683
Allocyttus verrucosus,132.418,-34.65015
Allocyttus verrucosus,151.933,-33.8
Allocyttus verrucosus,140.31667,-38.30833
Allocyttus verrucosus,114.995,-35.08167
Allocyttus verrucosus,151.95,-33.633
Allocyttus verrucosus,151.15,-35.033
Allocyttus verrucosus,152.667,-32.933
Allocyttus verrucosus,142.325,-39.025
Allocyttus verrucosus,150.717,-35.683
Allocyttus verrucosus,137.65,-37.02
Allocyttus verrucosus,152.167,-33.533
Allocyttus verrucosus,148.68333,-41.65
Allocyttus verrucosus,145.63334,-43.51667
Allocyttus verrucosus,144.44167,-41.85833
Allocyttus verrucosus,148.76067,-41.23933
Allocyttus verrucosus,143.75,-41.25
Allocyttus verrucosus,151.233,-34.85
Allocyttus verrucosus,152.05,-33.717
Allocyttus verrucosus,114.61834,-30.85333
Allocyttus verrucosus,144.61667,-42.125
Allocyttus verrucosus,141.23334,-38.725
Allocyttus verrucosus,138.79167,-37.325
Allocyttus verrucosus,139.275,-37.73333
Allocyttus verrucosus,142.46667,-39.14166
Allocyttus verrucosus,152.217,-33.45
Allocyttus verrucosus,115.10499,-31.96499
Allocyttus verrucosus,137.375,-37.01667
Allocyttus verrucosus,151.24166,-34.85
Allocyttus verrucosus,145.54167,-43.50833
Allocyttus verrucosus,112.25,-27.53333
Allocyttus verrucosus,140.51667,-38.40833
Allocyttus verrucosus,152.75,-32.933
Allocyttus verrucosus,150.95,-35.367
Allocyttus verrucosus,141.07,-38.63
Allocyttus verrucosus,142.75,-39.25
Allocyttus verrucosus,151.25,-34.933
Allocyttus verrucosus,152.15,-33.517
Allocyttus verrucosus,138.75,-37.25
Allocyttus verrucosus,152.067,-33.617
Allocyttus verrucosus,137.718,-37.0468
Allocyttus verrucosus,152.017,-33.717
Allocyttus verrucosus,139.44167,-37.79166
Allocyttus verrucosus,152.783,-32.867
Allocyttus verrucosus,144.36667,-41.66667
Allocyttus verrucosus,143.31667,-40.35
Allocyttus verrucosus,152.017,-33.75
Allocyttus verrucosus,152.767,-32.883
Allocyttus verrucosus,127.30583,-33.79166
Allocyttus verrucosus,144.40834,-41.76666
Allocyttus verrucosus,138.65,-37.34166
Allocyttus verrucosus,138.25,-37.25
Allocyttus verrucosus,152.033,-33.717
Allocyttus verrucosus,152.783,-32.8
Allocyttus verrucosus,115.0166,-35.1166
Allocyttus verrucosus,139.31667,-37.68333
Allocyttus verrucosus,139.66667,-37.85
Allocyttus verrucosus,140.16667,-38.18333
Allocyttus verrucosus,138.83334,-37.35833
Allocyttus verrucosus,151.967,-33.8
Allocyttus verrucosus,144.31667,-41.56667
Allocyttus verrucosus,152.183,-33.5
Allocyttus verrucosus,150.717,-35.7
Allocyttus verrucosus,131.44,-33.9617
Allocyttus verrucosus,129,-32
Allocyttus verrucosus,152.083,-33.633
Allocyttus verrucosus,152.8,-32.85
Allocyttus verrucosus,148.725,-39.00833
Allocyttus verrucosus,144.475,-41.95833
Allocyttus verrucosus,130.26499,-33.51616
Allocyttus verrucosus,153.15,-32.1
Allocyttus verrucosus,143.23,-40.37
Allocyttus verrucosus,128.95,-33.52
Allocyttus verrucosus,118.719,-35.283
Allocyttus verrucosus,143.00834,-39.725
Allocyttus verrucosus,151.25,-34.883
Allocyttus verrucosus,132.6925,-34.81165
Allocyttus verrucosus,144.48334,-41.93333
Allocyttus verrucosus,152.2,-33.433
Allocyttus verrucosus,138.78334,-37.325
Allocyttus verrucosus,151.246,-34.7325
Allocyttus verrucosus,151.267,-34.917
Allocyttus verrucosus,152.8,-32.867
Allocyttus verrucosus,152.15833,-33.50833
Allocyttus verrucosus,132.539,-34.6999
Allocyttus verrucosus,152.7,-32.967
Allocyttus verrucosus,143.3,-40.47
Allocyttus verrucosus,141.00834,-38.625
Allocyttus verrucosus,132.09166,-34.33805
Allocyttus verrucosus,141.9,-38.88333
Allocyttus verrucosus,144.72,-42.35
Allocyttus verrucosus,144.75834,-42.84166
Allocyttus verrucosus,140.98,-38.6
Allocyttus verrucosus,148.65,-41.63
Allocyttus verrucosus,130.262,-33.52685
Allocyttus verrucosus,114.995,-35.0817
Allocyttus verrucosus,144.62,-42.22
Allocyttus verrucosus,142.75,-39.75
Allocyttus verrucosus,144.03334,-41.25
Allocyttus verrucosus,150.883,-35.45
Allocyttus verrucosus,144.37,-41.62
Allocyttus verrucosus,143.2,-40.15
Allocyttus verrucosus,144.425,-41.76666
Allocyttus verrucosus,137.475,-36.98333
Allocyttus verrucosus,132.467,-34.6673
Allocyttus verrucosus,140.05834,-38.09166
Allocyttus verrucosus,143.675,-40.90833
Allocyttus verrucosus,141.03334,-38.625
Allocyttus verrucosus,132.075,-34.10067
Allocyttus verrucosus,152.05,-33.533
Allocyttus verrucosus,150.867,-35.467
Allocyttus verrucosus,138.96667,-37.55833
Allocyttus verrucosus,152.05,-33.416
Allocyttus verrucosus,152.117,-33.533
Allocyttus verrucosus,144.3,-41.57
Allocyttus verrucosus,131.8525,-34.7234
Allocyttus verrucosus,113.68333,-29.08333
Allocyttus verrucosus,143.5,-40.73333
Allocyttus verrucosus,132.371,-34.6338
Allocyttus verrucosus,143.225,-40.16666
Allocyttus verrucosus,148.78333,-39.125
Allocyttus verrucosus,152.783,-32.85
Allocyttus verrucosus,139.25,-37.25
Allocyttus verrucosus,145.56667,-43.525
Allocyttus verrucosus,144.5,-41.93333
Allocyttus verrucosus,152.067,-33.667
Allocyttus verrucosus,144.85834,-42.84166
Allocyttus verrucosus,139.30834,-37.70833
Allocyttus verrucosus,152.15,-33.533
Allocyttus verrucosus,137.40833,-36.95833
Allocyttus verrucosus,138.80833,-37.33333
Allocyttus verrucosus,129.46667,-31.71667
Allocyttus verrucosus,143.4,-40.58
Allocyttus verrucosus,152.117,-33.6
Allocyttus verrucosus,114.7333333,-31.655
Allocyttus verrucosus,139.75,-37.75
Allocyttus verrucosus,144.00834,-41.29166
Allocyttus verrucosus,153.3,-31.767
Allocyttus verrucosus,138.88333,-37.25833
Allocyttus verrucosus,151.317,-34.617
Allocyttus verrucosus,143.3,-40.55
Allocyttus verrucosus,138.075,-37.14166
Allocyttus verrucosus,140.33334,-38.275
Allocyttus verrucosus,150.917,-35.45
Allocyttus verrucosus,139.58334,-37.86666
Allocyttus verrucosus,130.265,-33.51617
Allocyttus verrucosus,142.11667,-38.95
Allocyttus verrucosus,148.683,-41.65
Allocyttus verrucosus,153.15,-32.067
Allocyttus verrucosus,111.90416,-23.99249
Allocyttus verrucosus,148.79667,-41.20867
Allocyttus verrucosus,114.98417,-35.09
Allocyttus verrucosus,144.2,-41.35833
Allocyttus verrucosus,131.78216,-34.37766
Allocyttus verrucosus,138.65,-37.45833
Allocyttus verrucosus,143.35,-40.58333
Allocyttus verrucosus,152.75,-32.9
Allocyttus verrucosus,143.29167,-40.3
Allocyttus verrucosus,144.89167,-42.86666
Allocyttus verrucosus,118.709,-35.2815
Allocyttus verrucosus,114.455,-32.66
Allocyttus verrucosus,152.017,-33.733
Allocyttus verrucosus,125.42,-34.08
Allocyttus verrucosus,143.5,-40.733
Allocyttus verrucosus,142.66667,-39.375
Allocyttus verrucosus,144.7,-42.27
Allocyttus verrucosus,144.42,-41.77
Allocyttus verrucosus,143.37,-40.55
Allocyttus verrucosus,141.05833,-38.6
Allocyttus verrucosus,132.07499,-34.10066
Allocyttus verrucosus,142.33334,-39.01666
Allocyttus verrucosus,138.71667,-37.36667
Allocyttus verrucosus,142.11667,-38.93333
Allocyttus verrucosus,144.41667,-41.75
Allocyttus verrucosus,139.125,-37.69166
Allocyttus verrucosus,144.69167,-42.36666
Allocyttus verrucosus,115.01667,-35.11667
Allocyttus verrucosus,142.65,-39.30833
Allocyttus verrucosus,139.63334,-37.85833
Allocyttus verrucosus,130.51667,-33.75
Allocyttus verrucosus,139.666,-37.85
Allocyttus verrucosus,140.51667,-38.375
Allocyttus verrucosus,152,-33.683
Allocyttus verrucosus,138.56667,-37.275
Allocyttus verrucosus,143.32,-40.45
Allocyttus verrucosus,139.95,-38.06667
Allocyttus verrucosus,112.91833,-20.13
Allocyttus verrucosus,140.34167,-38.29166
Allocyttus verrucosus,144.366,-41.666
Allocyttus verrucosus,127.97083,-33.64767
Allocyttus verrucosus,141.88334,-38.86667
Allocyttus verrucosus,140.95,-38.6
Allocyttus verrucosus,139.31667,-37.675
Allocyttus verrucosus,112.919,-28.5025
Allocyttus verrucosus,112.70417,-28.03916
Allocyttus verrucosus,111.4475,-25.84666
Allocyttus verrucosus,130.6595,-33.73065
Allocyttus verrucosus,135.336,-34.725
Allocyttus verrucosus,138.09167,-37.19166
Allocyttus verrucosus,151.267,-34.8
Allocyttus verrucosus,134.5,-34.75
Allocyttus verrucosus,152.8,-32.833
Allocyttus verrucosus,140.45834,-38.39166
Allocyttus verrucosus,153.133,-32.067
Allocyttus verrucosus,144.84167,-42.83333
Allocyttus verrucosus,144.66667,-42.275
Allocyttus verrucosus,143.8,-41.06666
Allocyttus verrucosus,113.22,-22.79
Allocyttus verrucosus,138.8,-37.28333
Allocyttus verrucosus,144.47,-41.82
Allocyttus verrucosus,139.04167,-37.59166
Allocyttus verrucosus,144.58333,-42.08333
Allocyttus verrucosus,152.15,-33.483
Allocyttus verrucosus,144.83333,-42.70833
Allocyttus verrucosus,115.105,-31.965
Allocyttus verrucosus,143.25,-40.75
Allocyttus verrucosus,152.2,-33.45
Allocyttus verrucosus,111.78167,-26.08083
Allocyttus verrucosus,144.716,-42.416
Allocyttus verrucosus,139.5,-37.76667
Allocyttus verrucosus,115.1,-31.9715
Allocyttus verrucosus,152.033,-33.633
Allocyttus verrucosus,152.717,-32.883
Allocyttus verrucosus,150.883,-35.483
Allocyttus verrucosus,152.167,-33.5
Allocyttus verrucosus,152.1,-33.617
Allocyttus verrucosus,152.767,-32.933
Allocyttus verrucosus,138.94167,-37.56666
Allocyttus verrucosus,114.995,-35.0816
Allocyttus verrucosus,144.2,-41.375
Allocyttus verrucosus,144.05,-41.29167
Allocyttus verrucosus,151.983,-33.783
Allocyttus verrucosus,143.65,-40.85833
Allocyttus verrucosus,152.233,-33.467
Allocyttus verrucosus,152.817,-32.85
Allocyttus verrucosus,111.6575,-24.1425
Allocyttus verrucosus,144.84167,-42.84166
Allocyttus verrucosus,152.9,-32.65
Allocyttus verrucosus,114.73333333333333,-31.654999999999998
Allocyttus verrucosus,143.25,-39.75
Allocyttus verrucosus,151.217,-34.9
Allocyttus verrucosus,138.2,-37.225
Allocyttus verrucosus,138.68334,-37.33333
Allocyttus verrucosus,144.7,-42.12
Allocyttus verrucosus,152.817,-32.817
Allocyttus verrucosus,137.36667,-36.94166
Allocyttus verrucosus,144.83333,-42.73333
Allocyttus verrucosus,144.42,-41.75
Allocyttus verrucosus,143.35,-40.47
Allocyttus verrucosus,144.55,-42.06666
Allocyttus verrucosus,143.30834,-40.53333
Allocyttus verrucosus,150.883,-35.467
Allocyttus verrucosus,144.37,-41.77
Allocyttus verrucosus,148.75,-41.2333
Allocyttus verrucosus,132.691,-35.3196
Allocyttus verrucosus,151.25,-34.817
Allocyttus verrucosus,137.26667,-36.89166
Allocyttus verrucosus,144.21667,-41.23333
Allocyttus verrucosus,153.15,-32.117
Allocyttus verrucosus,139.00834,-37.59166
Allocyttus verrucosus,144.23334,-41.39167
Allocyttus verrucosus,151.267,-34.883
Allocyttus verrucosus,144.71667,-42.43333
Allocyttus verrucosus,152.1,-33.6
Allocyttus verrucosus,115.09999,-31.97149
Allocyttus verrucosus,152.2,-33.483
Allocyttus verrucosus,151.333,-34.633
Allocyttus verrucosus,139.04167,-37.6
Allocyttus verrucosus,137.23334,-36.88333
Allocyttus verrucosus,151.233,-34.9
Allocyttus verrucosus,151.55,-34.317
Allocyttus verrucosus,141,-38.58333
Allocyttus verrucosus,138.99167,-37.51666
Allocyttus verrucosus,152.183,-33.483
Allocyttus verrucosus,138.65,-37.325
Allocyttus verrucosus,144.65834,-42.15
Allocyttus verrucosus,130.766,-33.816
Allocyttus verrucosus,113.1166,-28.2166
Allocyttus verrucosus,139.025,-37.65833
Allocyttus verrucosus,131.738,-34.78695
Allocyttus verrucosus,143.55833,-40.83333
Allocyttus verrucosus,151.217,-34.933
Allocyttus verrucosus,143.25,-40.25
Allocyttus verrucosus,143.30834,-40.4
Allocyttus verrucosus,143.33334,-40.55833
Allocyttus verrucosus,153,-32.5
Allocyttus verrucosus,144.72,-42.37
Allocyttus verrucosus,150.867,-35.5
Allocyttus verrucosus,138.91667,-37.44167
Allocyttus verrucosus,113.11667,-28.21667
Allocyttus verrucosus,144.75,-42.75
Allocyttus verrucosus,139.21667,-37.70833
Allocyttus verrucosus,140.73334,-38.50833
Allocyttus verrucosus,152.15,-33.5
Allocyttus verrucosus,144.47,-41.87
Allocyttus verrucosus,141.09167,-38.61667
Allocyttus verrucosus,152,-33.733
Allocyttus verrucosus,114.46084,-30.65083
Allocyttus verrucosus,128.6,-33.45
Allocyttus verrucosus,138.525,-37.31667
Allocyttus verrucosus,150.883,-35.517
Allocyttus verrucosus,143.26667,-40.35833
Allocyttus verrucosus,144.27,-41.57
Allocyttus verrucosus,153.05,-32.367
Allocyttus verrucosus,150.85,-35.45
Allocyttus verrucosus,137.41667,-37.00833
Allocyttus verrucosus,152,-33.717
Allocyttus verrucosus,111.90417,-23.9925
Allocyttus verrucosus,141.00833,-38.64166
Allocyttus verrucosus,152.417,-33.2
Allocyttus verrucosus,112.92833,-20.13
Allocyttus verrucosus,148.75,-41.2
Allocyttus verrucosus,113.22334,-22.77666
Allocyttus verrucosus,113.68667,-21.88
Allocyttus verrucosus,142.65834,-39.35
Allocyttus verrucosus,141.50834,-38.84166
Allocyttus verrucosus,111.90334,-23.97583
Allocyttus verrucosus,129.3,-32
Allocyttus verrucosus,144.50834,-41.925
Allocyttus verrucosus,140.96667,-38.58333
Allocyttus verrucosus,153.15,-32.05
Allocyttus verrucosus,144.275,-41.53333
Allocyttus verrucosus,152.05,-33.7
Allocyttus verrucosus,150.967,-35.367
Allocyttus verrucosus,139.00834,-37.625
Allocyttus verrucosus,140.375,-38.30833
Allocyttus verrucosus,139.88334,-38.025
Allocyttus verrucosus,113.68666,-21.87999
Allocyttus verrucosus,137.38334,-36.975
Allocyttus verrucosus,117.416,-35.433
Allocyttus verrucosus,144.625,-42.25
Allocyttus verrucosus,150.967,-35.35
Allocyttus verrucosus,144.30834,-41.575
Allocyttus verrucosus,138.76667,-37.3
Allocyttus verrucosus,141.94167,-38.9
Allocyttus verrucosus,143.36667,-40.56666
Allocyttus verrucosus,130.7043,-33.8022
Allocyttus verrucosus,143.4,-40.6
Allocyttus verrucosus,139.55834,-37.86666
Allocyttus verrucosus,138.20834,-37.26667
Allocyttus verrucosus,142.5,-39.18333
Allocyttus verrucosus,152.6,-33.05
Allocyttus verrucosus,151.85,-33.867
Allocyttus verrucosus,144.65,-42.20833
Allocyttus verrucosus,143.275,-40.275
Allocyttus verrucosus,131.78217,-34.37767
Allocyttus verrucosus,139.93334,-38.05
Allocyttus verrucosus,151.233,-34.883
Allocyttus verrucosus,144.175,-41.375
Allocyttus verrucosus,150.15,-38.083
Allocyttus verrucosus,152.833,-32.817
Allocyttus verrucosus,144.65,-42.3
Allocyttus verrucosus,143.29167,-40.45
Allocyttus verrucosus,151,-35.333
Allocyttus verrucosus,152.217,-33.483
Allocyttus verrucosus,144.62,-42.27
Allocyttus verrucosus,139.625,-37.86666
Allocyttus verrucosus,144.30834,-41.51666
Allocyttus verrucosus,148.69167,-38.99166
Allocyttus verrucosus,152.167,-33.433
Allocyttus verrucosus,139.45125,-37.65722
Allocyttus verrucosus,148.61667,-41.71666
Allocyttus verrucosus,139.13334,-37.64166
Allocyttus verrucosus,150.333,-37.633
Allocyttus verrucosus,141.91667,-38.89166
Allocyttus verrucosus,152.133,-33.5
Allocyttus verrucosus,142.44167,-39.125
Allocyttus verrucosus,134.0515,-35.35205
Allocyttus verrucosus,114.1975,-33.28083
Allocyttus verrucosus,151.217,-34.883
Allocyttus verrucosus,144.28334,-41.56666
Allocyttus verrucosus,138.49167,-37.375
Allocyttus verrucosus,150.9,-35.483
Allocyttus verrucosus,139.25,-37.75
Allocyttus verrucosus,113.77084,-29.35166
Allocyttus verrucosus,144.425,-41.8
Allocyttus verrucosus,111.8525,-24.48583
Allocyttus verrucosus,139.98334,-38.08333
Allocyttus verrucosus,152.1,-33.55
Allocyttus verrucosus,137.2,-36.89166
Allocyttus verrucosus,152,-33.767
Allocyttus verrucosus,140.05,-38.10833
Allocyttus verrucosus,142.125,-38.93333
Allocyttus verrucosus,141.98334,-38.875
Allocyttus verrucosus,153.14166,-32.066
Allocyttus verrucosus,144.175,-41.4
Allocyttus verrucosus,139.21667,-37.69166
Allocyttus verrucosus,138.225,-37.26667
Allocyttus verrucosus,144.33333,-41.61666
Allocyttus verrucosus,112.26,-27.55167
Allocyttus verrucosus,144.70834,-42.44167
Allocyttus verrucosus,152.783,-32.9
Allocyttus verrucosus,152.45,-33.183
Allocyttus verrucosus,151.983,-33.75
Allocyttus verrucosus,144.05834,-41.36666
Allocyttus verrucosus,151.25,-34.85
Allocyttus verrucosus,152.183,-33.517
Allocyttus verrucosus,140.41667,-38.325
Allocyttus verrucosus,152.133,-33.55
Allocyttus verrucosus,142.93334,-39.625
Allocyttus verrucosus,144.81667,-42.78333
Allocyttus verrucosus,150.35,-37.7
Allocyttus verrucosus,148.63,-41.75
Allocyttus verrucosus,152,-33.75
Allocyttus verrucosus,144.84167,-42.79166
Allocyttus verrucosus,131.782,-34.3863
Allocyttus verrucosus,138.68334,-37.40833
Allocyttus verrucosus,112.70416,-28.03916
Allocyttus verrucosus,148.75,-41.2000007629
Allocyttus verrucosus,139.49167,-37.76667
Allocyttus verrucosus,152.583,-33.1
Allocyttus verrucosus,152.233,-33.483
Allocyttus verrucosus,151.95,-33.833
Allocyttus verrucosus,144.71667,-42.3
Allocyttus verrucosus,139.5,-37.79166
Allocyttus verrucosus,152.183,-33.533
Allocyttus verrucosus,148.75,-41.2332992554
Allocyttus verrucosus,139.53334,-37.84166
Allocyttus verrucosus,139.4,-37.71667
Allocyttus verrucosus,139.88334,-38.00833
Allocyttus verrucosus,139.09167,-37.60833
Allocyttus verrucosus,127.97083,-33.64766
Allocyttus verrucosus,144.42,-41.72
Allocyttus verrucosus,144.33333,-41.66666
Allocyttus verrucosus,137.39167,-36.96667
Allocyttus verrucosus,130.516,-33.75
Allocyttus verrucosus,141.66667,-38.85
Allocyttus verrucosus,144.525,-41.91667
Allocyttus verrucosus,144.71667,-42.41667
Allocyttus verrucosus,144.81667,-42.64166
Allocyttus verrucosus,112.91899,-28.50249
Allocyttus verrucosus,112.17667,-27.35583
Allocyttus verrucosus,144,-41.3
Allocyttus verrucosus,150.883,-35.5
Allocyttus verrucosus,111.51,-25.69667
Allocyttus verrucosus,139.13334,-37.68333
Allocyttus verrucosus,139.03334,-37.625
Allocyttus verrucosus,139.03334,-37.64166
Allocyttus verrucosus,140.94167,-38.575
Allocyttus verrucosus,138.94167,-37.575
Allocyttus verrucosus,138.91667,-37.45833
Allocyttus verrucosus,151.25,-34.917
Allocyttus verrucosus,148.76066,-41.23933
Allocyttus verrucosus,151.933,-33.75
Allocyttus verrucosus,152.016,-33.566
Allocyttus verrucosus,144.316,-41.566
Allocyttus verrucosus,152.15,-33.567
Allocyttus verrucosus,142.35,-39.075
Allocyttus verrucosus,153.017,-32.367
Allocyttus verrucosus,138.59167,-37.35833
Allocyttus verrucosus,153.15,-32.083
Allocyttus verrucosus,151.283,-34.783
Allocyttus verrucosus,144.75,-42.45
Allocyttus verrucosus,139.00834,-37.50833
Allocyttus verrucosus,144.85834,-42.80833
Allocyttus verrucosus,144.42,-41.8
Allocyttus verrucosus,150.9,-35.467
Allocyttus verrucosus,144.72,-42.42
Allocyttus verrucosus,152.983,-32.55
Allocyttus verrucosus,142.39167,-39.08333
Allocyttus verrucosus,151.217,-34.85
Allocyttus verrucosus,144.18334,-41.375
Allocyttus verrucosus,140.33334,-38.29166
Allocyttus verrucosus,137.46667,-37
Allocyttus verrucosus,137.40833,-36.96667
Allocyttus verrucosus,144.16667,-41.39166
Allocyttus verrucosus,138.71667,-37.29166
Allocyttus verrucosus,138.86667,-37.39166
Allocyttus verrucosus,143.43334,-40.63333
Allocyttus verrucosus,151.317,-34.633
Allocyttus verrucosus,139.59167,-37.79166
Allocyttus verrucosus,142.35,-39.06667
Allocyttus verrucosus,140.91667,-38.56667
Allocyttus verrucosus,152.733,-32.917
Allocyttus verrucosus,138.59167,-37.29166
Allocyttus verrucosus,151.283,-34.667
Allocyttus verrucosus,151.967,-33.767
Allocyttus verrucosus,142.31667,-39.03333
Allocyttus verrucosus,138.74167,-37.39166
Allocyttus verrucosus,140.73334,-38.48333
Allocyttus verrucosus,144.4,-41.75
Allocyttus verrucosus,144.26667,-41.48333
Allocyttus verrucosus,151.217,-34.95
Allocyttus verrucosus,144.216,-41.233
Allocyttus verrucosus,152.683,-32.917
Allocyttus verrucosus,152.15,-33.467
Allocyttus verrucosus,138.28334,-37.225
Allocyttus verrucosus,152.217,-33.5
Allocyttus verrucosus,148.65,-41.60833
Allocyttus verrucosus,150.867,-35.45
Allocyttus verrucosus,139.51667,-37.75
Allocyttus verrucosus,144.35,-41.53333
Allocyttus verrucosus,144.50834,-41.9
Allocyttus verrucosus,151.35,-34.583
Allocyttus verrucosus,138.275,-37.25833
Allocyttus verrucosus,150.733,-35.633
Allocyttus verrucosus,152.217,-33.467
Allocyttus verrucosus,138.75,-37.35
Allocyttus verrucosus,143.26667,-40.31666
Allocyttus verrucosus,143.32,-40.42
Allocyttus verrucosus,117.41667,-35.43333
Allocyttus verrucosus,112.6925,-27.98333
Allocyttus verrucosus,139.225,-37.71666
Allocyttus verrucosus,144.29167,-41.525
Allocyttus verrucosus,152.567,-33.067
Allocyttus verrucosus,112.9183,-20.13
Allocyttus verrucosus,151.217,-34.867
Allocyttus verrucosus,138.56667,-37.3
Allocyttus verrucosus,138.94167,-37.49166
