species,decimalLongitude,decimalLatitude
Allocyttus folletti,-123.853629,39.734662
Allocyttus folletti,-124.583333,41.75
Allocyttus folletti,-124.583333,40.916667
Allocyttus folletti,-168,55.2166667
Allocyttus folletti,-166.55,54.4166667
Allocyttus folletti,-155.5833333,52.5333333
Allocyttus folletti,-178.8333333,60.2666667
Allocyttus folletti,-176.2833333,58.55
Allocyttus folletti,-150,50
Allocyttus folletti,178.1166667,58.9
Allocyttus folletti,-124.73067,43.51467
Allocyttus folletti,-178.882995605,60.4099998474
Allocyttus folletti,-179.1,60
Allocyttus folletti,-166.0833333,54.65
Allocyttus folletti,-178.832992554,60.2599983215
Allocyttus folletti,-124.986667,42.995278
Allocyttus folletti,-123.818933,39.442914
Allocyttus folletti,-168.83,55.93
Allocyttus folletti,-178.9666667,60.4666667
Allocyttus folletti,-123.383059,38.226201
Allocyttus folletti,-125,44
Allocyttus folletti,-178.2,59.3166667
Allocyttus folletti,-166.16,54.41
Allocyttus folletti,-121.966667,36.2
Allocyttus folletti,-165.75,54.65
Allocyttus folletti,-121.0375,34.872222
Allocyttus folletti,-165.98916626,54.374168396
Allocyttus folletti,-123.76733,49.4404
Allocyttus folletti,-168.25,55.4
Allocyttus folletti,-178.8833333,60.4166667
Allocyttus folletti,-178.832992554,60.3800010681
Allocyttus folletti,-179.2,60.6333333
Allocyttus folletti,-166.1833333,54.4833333
Allocyttus folletti,-172.5166667,56.55
Allocyttus folletti,-125.2027778,47.9277778
Allocyttus folletti,-121.7427778,35.0330556
Allocyttus folletti,-124.75,41.916667
Allocyttus folletti,-143.35181,59.51455
Allocyttus folletti,-179.866667,42.683333
Allocyttus folletti,-124.5305,41.58883
Allocyttus folletti,-124.089128,39.775547
Allocyttus folletti,-122.016667,36.561667
Allocyttus folletti,-123.50395,49.3763
Allocyttus folletti,-179.866666666667,42.6833333333333
Allocyttus folletti,-123.822366,39.44477
Allocyttus folletti,-122.735866,37.088499
Allocyttus folletti,-122.666622,37.181627
Allocyttus folletti,-166.5833333,54.5333333
Allocyttus folletti,-166.5,54.41
Allocyttus folletti,-163.65972,59.14028
Allocyttus folletti,-175.0666667,58.5333333
Allocyttus folletti,-169.45,52.9
Allocyttus folletti,-125.2583333,47.4291667
Allocyttus folletti,175.7333333,51.8666667
Allocyttus folletti,-177.5666667,51.75
Allocyttus folletti,-123.32529,49.22137
Allocyttus folletti,-124.361998,40.071613
Allocyttus folletti,-165.9,54.6166667
Allocyttus folletti,-176.4166667,51.0833333
Allocyttus folletti,-165.989,54.3742
Allocyttus folletti,-175.1833333,58.5
Allocyttus folletti,-124.916667,43.833333
Allocyttus folletti,-166.2666667,54.4333333
Allocyttus folletti,-178.15,59.3333333
Allocyttus folletti,-165.83,54.58
Allocyttus folletti,-124.75,41.9166666667
Allocyttus folletti,-179.199996948,60.6300010681
Allocyttus folletti,-123.30032,49.03333
Allocyttus folletti,-168.83,55.59
Allocyttus folletti,-125.6666667,41.8333333
Allocyttus folletti,-124.630979,40.670301
Allocyttus folletti,-178.966995239,60.4599990845
Allocyttus folletti,-125,44.8333333
Allocyttus folletti,-167.2133,54.51398
Allocyttus folletti,-166.3333333,54.1666667
Allocyttus folletti,-179.9,39.516667
Allocyttus folletti,-178.8333333,60.3833333
Allocyttus folletti,-124.966667,44.416667
Allocyttus folletti,-121.916999817,36.75
Allocyttus folletti,-124.416667,40.75
Allocyttus folletti,-121.3833333,34.7333333
