species,decimalLongitude,decimalLatitude
Allocyttus niger,148.75717,-41.24933
Allocyttus niger,143.31667,-40.45
Allocyttus niger,143.33333,-40.43333
Allocyttus niger,146.15367,-44.189
Allocyttus niger,150.85,-35.5
Allocyttus niger,144.58333,-42.01667
Allocyttus niger,150.84166,-35.5
Allocyttus niger,144.583,-42.016
Allocyttus niger,148.75716,-41.24933
Allocyttus niger,146.14999,-44.1833
Allocyttus niger,146.183,-44.216
Allocyttus niger,145.85,-43.78333
Allocyttus niger,146.1561,-44.1928
Allocyttus niger,146.18333,-44.21667
Allocyttus niger,148.75,-41.25
Allocyttus niger,143.45,-40.516
Allocyttus niger,145.85,-43.783
Allocyttus niger,141,-38.6
Allocyttus niger,146.15366,-44.18899
Allocyttus niger,144.7,-42.266
Allocyttus niger,143.316,-40.45
Allocyttus niger,144.61667,-42.11667
Allocyttus niger,144.616,-42.183
Allocyttus niger,133.77,-35.12
Allocyttus niger,144.61667,-42.18333
Allocyttus niger,144.7,-42.26667
Allocyttus niger,143.333,-40.433
Allocyttus niger,144.616,-42.116
Allocyttus niger,143.45,-40.51667
