species,decimalLongitude,decimalLatitude
Alopias vulpinus,155.75,-28.25
Alopias vulpinus,112.25,-33.75
Alopias vulpinus,148.25,-37.75
Alopias vulpinus,151.25,-34.75
Alopias vulpinus,147.75,-39.75
Alopias vulpinus,146.75,-40.75
Alopias vulpinus,149.996,-37.464
Alopias vulpinus,145.28,-38.42
Alopias vulpinus,114.25,-29.75
Alopias vulpinus,138.75,-37.25
Alopias vulpinus,139.25,-37.75
Alopias vulpinus,139.25,-37.25
Alopias vulpinus,155.75,-27.75
Alopias vulpinus,139.47,-37.17
Alopias vulpinus,114.25,-35.25
Alopias vulpinus,149.25,-38.25
Alopias vulpinus,147.41033,-42.96533
Alopias vulpinus,120.49167,-17.18333
Alopias vulpinus,144.93,-37.87
Alopias vulpinus,139.25,-36.25
Alopias vulpinus,113.25,-28.75
Alopias vulpinus,144.25,-38.75
Alopias vulpinus,114.25,-34.25
Alopias vulpinus,114.75,-35.25
Alopias vulpinus,148.07917,-42.14
Alopias vulpinus,149.25,-37.75
Alopias vulpinus,151.2,-34.05
Alopias vulpinus,153.75,-28.75
Alopias vulpinus,147.41,-43.03
Alopias vulpinus,150.25,-36.25
Alopias vulpinus,151.283,-33.8
Alopias vulpinus,113.25,-22.25
Alopias vulpinus,148.25,-40.75
Alopias vulpinus,142.25,-38.75
Alopias vulpinus,111.25,-29.25
Alopias vulpinus,118.75,-35.25
Alopias vulpinus,151.75,-33.75
Alopias vulpinus,148.25,-39.25
Alopias vulpinus,112.75,-27.25
Alopias vulpinus,112.75,-33.75
Alopias vulpinus,147.25,-43.25
Alopias vulpinus,136.75,-36.75
Alopias vulpinus,150.25,-37.75
Alopias vulpinus,139.25,-36.75
Alopias vulpinus,150.15583,-37.4065
Alopias vulpinus,147.75,-38.25
Alopias vulpinus,140.75,-38.25
Alopias vulpinus,147.25,-40.75
Alopias vulpinus,147.6,-42.86817
Alopias vulpinus,139.75,-37.75
Alopias vulpinus,119.75,-34.75
Alopias vulpinus,147.55,-43.17
Alopias vulpinus,112.75,-27.75
Alopias vulpinus,114.25,-32.25
Alopias vulpinus,146.25,-41.25
Alopias vulpinus,148.25,-40.25
Alopias vulpinus,113.25,-31.25
Alopias vulpinus,152.75,-33.25
Alopias vulpinus,154.25,-28.75
Alopias vulpinus,148.25,-41.25
Alopias vulpinus,112.25,-27.25
Alopias vulpinus,118.25,-35.25
Alopias vulpinus,113.75,-20.75
Alopias vulpinus,148.75,-38.25
Alopias vulpinus,111.75,-34.25
Alopias vulpinus,150.25,-37.25
Alopias vulpinus,112.25,-27.75
Alopias vulpinus,117.25,-35.75
Alopias vulpinus,145.28,-38.28
Alopias vulpinus,111.75,-27.25
Alopias vulpinus,147.533,-42.983
Alopias vulpinus,126.95,-33.125
Alopias vulpinus,111.75,-30.75
Alopias vulpinus,153.25,-32.25
Alopias vulpinus,147.399993896,-43.0499992371
Alopias vulpinus,145.25,-39.25
Alopias vulpinus,147.25,-38.75
Alopias vulpinus,109.72101666667,-16.888653333333
Alopias vulpinus,154.75,-27.75
Alopias vulpinus,117.75,-35.75
Alopias vulpinus,137.75,-36.25
Alopias vulpinus,150.75,-35.75
Alopias vulpinus,150.75,-36.25
Alopias vulpinus,147.533004761,-42.983001709
Alopias vulpinus,146.75,-39.25
Alopias vulpinus,149.75,-38.25
Alopias vulpinus,150.04625,-37.378660000000004
Alopias vulpinus,148.25,-38.25
Alopias vulpinus,145.75,-40.75
Alopias vulpinus,140.25,-38.25
Alopias vulpinus,146.25,-40.75
Alopias vulpinus,138.25,-36.25
Alopias vulpinus,113.25,-28.25
Alopias vulpinus,141.75,-38.75
Alopias vulpinus,153.75,-31.25
Alopias vulpinus,147.75,-38.75
Alopias vulpinus,148.75,-40.75
Alopias vulpinus,112.75,-32.75
Alopias vulpinus,150.25,-36.75
Alopias vulpinus,153.25,-32.75
Alopias vulpinus,139.75,-36.25
Alopias vulpinus,153.75,-32.25
Alopias vulpinus,141.75,-38.25
Alopias vulpinus,112.25,-34.75
Alopias vulpinus,139.75,-37.25
Alopias vulpinus,119.25,-35.25
Alopias vulpinus,151.1,-34.066
Alopias vulpinus,151.283,-33.883
Alopias vulpinus,112.25,-28.75
Alopias vulpinus,153.75,-29.25
Alopias vulpinus,114.75,-31.75
Alopias vulpinus,112.75,-34.75
Alopias vulpinus,107.43593333333,-13.821566666667
Alopias vulpinus,113.75,-34.25
Alopias vulpinus,142.75,-38.75
Alopias vulpinus,147.75,-40.75
Alopias vulpinus,150.75,-36.75
Alopias vulpinus,146.25,-39.25
Alopias vulpinus,112.25,-32.25
Alopias vulpinus,138.25,-36.75
Alopias vulpinus,112.25,-33.25
Alopias vulpinus,151.75,-35.75
Alopias vulpinus,112.75,-28.25
Alopias vulpinus,144.75,-38.75
Alopias vulpinus,117.75,-35.25
Alopias vulpinus,121.275,-15.20903
Alopias vulpinus,148.25,-39.75
Alopias vulpinus,145.25,-40.75
Alopias vulpinus,145.53,-38.37
Alopias vulpinus,112.75,-32.25
Alopias vulpinus,109.25,-25.75
Alopias vulpinus,118.25,-35.75
Alopias vulpinus,114.75,-30.75
Alopias vulpinus,148.75,-40.25
Alopias vulpinus,113.25,-21.75
Alopias vulpinus,147.75,-37.75
Alopias vulpinus,144.75,-38.25
Alopias vulpinus,143.75,-38.75
Alopias vulpinus,150.25,-38.25
Alopias vulpinus,112.75,-22.25
Alopias vulpinus,154.25,-29.25
Alopias vulpinus,138.25,-35.75
Alopias vulpinus,113.25,-29.75
Alopias vulpinus,112.75,-33.25
Alopias vulpinus,153.25,-31.25
Alopias vulpinus,145.75,-38.75
Alopias vulpinus,153.75,-30.75
Alopias vulpinus,144.75,-41.25
Alopias vulpinus,154.25,-27.75
Alopias vulpinus,114.25,-20.75
Alopias vulpinus,111.75,-32.25
Alopias vulpinus,112.75,-31.75
Alopias vulpinus,150.15333,-37.4115
Alopias vulpinus,151.25,-35.25
Alopias vulpinus,154.25,-27.25
Alopias vulpinus,142.25,-38.25
Alopias vulpinus,148.75,-39.25
Alopias vulpinus,143.25,-38.75
Alopias vulpinus,146.75,-43.75
Alopias vulpinus,113.75,-35.25
Alopias vulpinus,113.25,-34.25
Alopias vulpinus,127.25,-33.25
Alopias vulpinus,147.25,-38.25
Alopias vulpinus,113.75,-32.75
Alopias vulpinus,147.6,-42.8681
Alopias vulpinus,144.75,-40.75
Alopias vulpinus,155.25,-27.75
Alopias vulpinus,113.25,-21.25
Alopias vulpinus,139.75,-37.17
Alopias vulpinus,153.75,-30.25
Alopias vulpinus,144.25,-38.25
Alopias vulpinus,150.75,-35.25
Alopias vulpinus,153.25,-31.75
Alopias vulpinus,138.75,-35.75
Alopias vulpinus,111.75,-33.75
Alopias vulpinus,131.41792,-31.91708
Alopias vulpinus,113.75,-34.75
Alopias vulpinus,115.75,-35.25
Alopias vulpinus,136.25,-36.75
Alopias vulpinus,154.75,-28.75
Alopias vulpinus,112.75,-30.75
Alopias vulpinus,154.75,-28.25
Alopias vulpinus,114.75,-32.25
Alopias vulpinus,133.64167,-32.77667
Alopias vulpinus,113.75,-28.75
Alopias vulpinus,148.75,-38.75
Alopias vulpinus,138.75,-36.25
Alopias vulpinus,148.25,-38.75
Alopias vulpinus,146.75,-38.75
Alopias vulpinus,151.25,-34.25
Alopias vulpinus,135.75,-36.25
Alopias vulpinus,129.73334,-31.94236
Alopias vulpinus,113.25,-34.75
Alopias vulpinus,114.25,-34.75
Alopias vulpinus,114.25,-20.25
Alopias vulpinus,112.25,-32.75
Alopias vulpinus,155.25,-28.25
Alopias vulpinus,114.75,-31.25
Alopias vulpinus,147.53333,-42.98333
Alopias vulpinus,135.25,-35.75
Alopias vulpinus,143.75,-40.75
Alopias vulpinus,113.75,-21.25
Alopias vulpinus,139.75,-36.75
Alopias vulpinus,106.1006,-14.1677666666669
Alopias vulpinus,111.75,-25.75
Alopias vulpinus,148.75,-39.75
Alopias vulpinus,114.25,-30.75
Alopias vulpinus,112.75,-30.25
Alopias vulpinus,153.75,-31.75
Alopias vulpinus,114.25,-31.75
Alopias vulpinus,119.71667,-17.55833
Alopias vulpinus,138.75,-36.75
Alopias vulpinus,147.38333,-43.073
Alopias vulpinus,114.25,-30.25
