species,decimalLongitude,decimalLatitude
Alosa chrysochloris,-88.47763,37.38577
Alosa chrysochloris,-88.31743,37.44492
Alosa chrysochloris,-90.12278,31.66167
Alosa chrysochloris,-88.644,30.6512
Alosa chrysochloris,-91.30194,30.60528
Alosa chrysochloris,-86.5339444,30.7018722
Alosa chrysochloris,-94.7105,39.0933
Alosa chrysochloris,-93.851667,29.944444
Alosa chrysochloris,-93.768056,29.905278
Alosa chrysochloris,-87.51614,31.54988
Alosa chrysochloris,-89.65611,30.19778
Alosa chrysochloris,-89.2831,36.6083
Alosa chrysochloris,-84.8633333,30.7041667
Alosa chrysochloris,-93.758333,29.966667
Alosa chrysochloris,-86.59532,36.122564
Alosa chrysochloris,-89.993043,32.729759
Alosa chrysochloris,-89.84472,30.70389
Alosa chrysochloris,-88.44768,37.17465
Alosa chrysochloris,-89.5333,36.5667
Alosa chrysochloris,-85.333333,29.783333
Alosa chrysochloris,-91.318,29.468
Alosa chrysochloris,-92.650315,31.387565
Alosa chrysochloris,-91.33,30.66028
Alosa chrysochloris,-85.861155,30.515378
Alosa chrysochloris,-89.64817,40.58726
Alosa chrysochloris,-93.808333,29.858333
Alosa chrysochloris,-90.06973,31.53611
Alosa chrysochloris,-84.8594444,30.7055556
Alosa chrysochloris,-94.79036713,39.04509735
Alosa chrysochloris,-89.2001,41.31265
Alosa chrysochloris,-93.762778,29.935
Alosa chrysochloris,-83.156105,29.302894
Alosa chrysochloris,-91.46139,35.6575
Alosa chrysochloris,-83.5841,38.6856
Alosa chrysochloris,-89.467352,36.534752
Alosa chrysochloris,-94.91073,36.03174
Alosa chrysochloris,-90.07166667,31.51131667
Alosa chrysochloris,-81.113443,39.459872
Alosa chrysochloris,-88.15,30.325
Alosa chrysochloris,-84.255261,35.786071
Alosa chrysochloris,-88.1216667,30.2530556
Alosa chrysochloris,-93.773056,29.882222
Alosa chrysochloris,-87.8767,30.275
Alosa chrysochloris,-87.585726,39.203718
Alosa chrysochloris,-89.206406,36.612269
Alosa chrysochloris,-92.28139,31.18194
Alosa chrysochloris,-90.52217,38.8924
Alosa chrysochloris,-87.2325833,30.9790833
Alosa chrysochloris,-93.768889,29.901667
Alosa chrysochloris,-83.3044,40.8424
Alosa chrysochloris,-93.775,29.908333
Alosa chrysochloris,-91.312,29.467
Alosa chrysochloris,-87.45111,31.915
Alosa chrysochloris,-82.29861,38.50639
Alosa chrysochloris,-84.7898,38.8567
Alosa chrysochloris,-87.5125,31.55806
Alosa chrysochloris,-90.24695,32.0325
Alosa chrysochloris,-90.23333,30.03333
Alosa chrysochloris,-82.2942,38.5725
Alosa chrysochloris,-83.0325,38.9386
Alosa chrysochloris,-87.39861,31.95944
Alosa chrysochloris,-91.54537,35.70152
Alosa chrysochloris,-89.14997,36.98069
Alosa chrysochloris,-89.82972,30.77861
Alosa chrysochloris,-87.5301389,38.8191389
Alosa chrysochloris,-91.42973,30.76833
Alosa chrysochloris,-89.68972,30.27056
Alosa chrysochloris,-91.50417,30.735
Alosa chrysochloris,-86.3877778,34.5080556
Alosa chrysochloris,-88.93145,37.22877
Alosa chrysochloris,-92.36833,31.22139
Alosa chrysochloris,-95.6802833,29.5413867
Alosa chrysochloris,-84.66549,30.78794
Alosa chrysochloris,-82.074700000000007,38.9833
Alosa chrysochloris,-87.9875,31.2616667
Alosa chrysochloris,-89.82611,30.75667
Alosa chrysochloris,-89.45139,29.36028
Alosa chrysochloris,-87.5632,41.64168
Alosa chrysochloris,-89.5133,37.65038
Alosa chrysochloris,-89.67278,30.24472
Alosa chrysochloris,-93.765278,29.915278
Alosa chrysochloris,-82.192115,38.681249
Alosa chrysochloris,-85.03,29.76583
Alosa chrysochloris,-87.1758333,32.4594444
Alosa chrysochloris,-91.130555,33.960555
Alosa chrysochloris,-85.1005,38.7287
Alosa chrysochloris,-89.51667,30.15
Alosa chrysochloris,-88.3304167,37.74375
Alosa chrysochloris,-85.9971,30.9966
Alosa chrysochloris,-84.862883,30.70892
Alosa chrysochloris,-87.8652778,31.1686111
Alosa chrysochloris,-94.87853,39.802567
Alosa chrysochloris,-92.5005,38.2503
Alosa chrysochloris,-84.32417,35.88722
Alosa chrysochloris,-88.70972,31.01417
Alosa chrysochloris,-89.527166,36.581968
Alosa chrysochloris,-87.1972222,30.5494444
Alosa chrysochloris,-93.769444,29.886111
Alosa chrysochloris,-89.75,30.16667
Alosa chrysochloris,-82.8346,38.5792
Alosa chrysochloris,-91.35611,30.72278
Alosa chrysochloris,-88.698,31.5809
Alosa chrysochloris,-85.0230556,30.3783333
Alosa chrysochloris,-91.28111,30.50833
Alosa chrysochloris,-88.4272222,33.4375
Alosa chrysochloris,-85.1372222,30.0930556
Alosa chrysochloris,-87.55346,30.28119
Alosa chrysochloris,-89.74084,30.3975
Alosa chrysochloris,-87.81724,35.985828
Alosa chrysochloris,-95.20972,38.97022
Alosa chrysochloris,-89.67694,30.24167
Alosa chrysochloris,-87.52703,38.81712
Alosa chrysochloris,-76.175519,38.027937
Alosa chrysochloris,-89.6362,30.2841
Alosa chrysochloris,-92.2394444,32.8397222
Alosa chrysochloris,-94.7513,39.0657
Alosa chrysochloris,-90.518627,34.6268
Alosa chrysochloris,-89.84417,30.70222
Alosa chrysochloris,-90.5884,39.9792
Alosa chrysochloris,-87.133333,30.516667
Alosa chrysochloris,-97.1747233,28.5794433
Alosa chrysochloris,-86.88277,33.28444
Alosa chrysochloris,-89.14555,29.05056
Alosa chrysochloris,-84.7680556,35.6122222
Alosa chrysochloris,-89.81973,30.53278
Alosa chrysochloris,-89.85445,31.23333
Alosa chrysochloris,-88.6874237061,30.2445144653
Alosa chrysochloris,-93.888889,29.801389
Alosa chrysochloris,-84.862139,30.706694
Alosa chrysochloris,-84.1739,38.7978
Alosa chrysochloris,-87.47222,31.99611
Alosa chrysochloris,-90.08139,31.60667
Alosa chrysochloris,-88.095,30.45
Alosa chrysochloris,-89.97417,29.24278
Alosa chrysochloris,-85.47835,35.07882
Alosa chrysochloris,-87.6977,31.40452
Alosa chrysochloris,-88.42199,41.35385
Alosa chrysochloris,-94.11444,30.15806
Alosa chrysochloris,-81.740086,39.119063
Alosa chrysochloris,-89.91805,29.86778
Alosa chrysochloris,-93.798611,29.836111
Alosa chrysochloris,84.29732,38.99099
Alosa chrysochloris,-88.81981,32.175966
Alosa chrysochloris,-90.44222,30.00056
Alosa chrysochloris,-88.0594,41.6464
Alosa chrysochloris,-93.860278,29.8125
Alosa chrysochloris,-92.35889,31.24306
Alosa chrysochloris,-84.86389,30.70833
Alosa chrysochloris,-90.25,30.16667
Alosa chrysochloris,-87.8497222,31.2052778
Alosa chrysochloris,-90.26667,30.1
Alosa chrysochloris,-87.498819,37.902466
Alosa chrysochloris,-91.037,33.6786
Alosa chrysochloris,-90.27167,30.33556
Alosa chrysochloris,-93.930556,29.775
Alosa chrysochloris,-88.99508,41.32657
Alosa chrysochloris,-88.9392,30.4598
Alosa chrysochloris,-87.420066,39.952328
Alosa chrysochloris,-88.02389,30.2275
Alosa chrysochloris,-84.9775,29.72639
Alosa chrysochloris,-87.984662,36.053874
Alosa chrysochloris,-81.912558,38.526066
Alosa chrysochloris,-89.82027,30.7825
Alosa chrysochloris,-84.86361,30.68889
Alosa chrysochloris,-91.20167,30.51056
Alosa chrysochloris,-94.07861,30.12722
Alosa chrysochloris,-93.801389,29.833333
Alosa chrysochloris,-90.53365,39.93728
Alosa chrysochloris,-91.44556,30.73972
Alosa chrysochloris,-93.779167,29.869444
Alosa chrysochloris,-89.68305,29.4725
Alosa chrysochloris,-91.005496,32.497398
Alosa chrysochloris,-89.1422,39.9856
Alosa chrysochloris,-91.152148,32.822367
Alosa chrysochloris,-83.174458,35.966672
Alosa chrysochloris,-86.2503,40.0003
Alosa chrysochloris,-93.7675,29.904167
Alosa chrysochloris,-91.38028,30.7625
Alosa chrysochloris,-86.5594444,30.925
Alosa chrysochloris,-95.405,29.20167
Alosa chrysochloris,-89.69103,40.44746
Alosa chrysochloris,-87.0066667,34.9736111
Alosa chrysochloris,-83.1078,38.6754
Alosa chrysochloris,-90.57038,39.83896
Alosa chrysochloris,-91.43806,30.74111
Alosa chrysochloris,-91.16778,33.08833
Alosa chrysochloris,-87.7483,30.2933
Alosa chrysochloris,-86.4347,38.055
Alosa chrysochloris,-89.96833,29.88305
Alosa chrysochloris,-94.29723,35.34945
Alosa chrysochloris,-89.50757,36.36824
Alosa chrysochloris,-87.2341667,32.7088889
Alosa chrysochloris,-74.92762,30.79675
Alosa chrysochloris,-89.35745,38.61022
Alosa chrysochloris,-90.0625,31.52389
Alosa chrysochloris,-90.295073,34.981783
Alosa chrysochloris,-88.63234,37.325139
Alosa chrysochloris,-92.22361,31.14417
Alosa chrysochloris,-93.7625,29.925556
Alosa chrysochloris,-93.758333,29.959722
Alosa chrysochloris,-92.35861,31.24389
Alosa chrysochloris,-89.06651,41.31338
Alosa chrysochloris,-85.890697,32.521071
Alosa chrysochloris,-89.68333,30.25
Alosa chrysochloris,-88.465487,31.729392
Alosa chrysochloris,-86.64515,38.801806
Alosa chrysochloris,-89.23963,40.62477
Alosa chrysochloris,-87.8666111,38.2838611
Alosa chrysochloris,-85.902423,34.992021
Alosa chrysochloris,-93.8,29.834722
Alosa chrysochloris,-87.55126,31.60843
Alosa chrysochloris,-88.56333,30.48083
Alosa chrysochloris,-84.91272,35.44245
Alosa chrysochloris,-93.829167,29.973611
Alosa chrysochloris,-83.0192,38.8333
Alosa chrysochloris,-83.4496,38.6751
Alosa chrysochloris,-83.1106,38.6764
Alosa chrysochloris,-88.165137,34.929864
Alosa chrysochloris,-91.53306,31.16861
Alosa chrysochloris,-86.39,34.421
Alosa chrysochloris,-93.889444,29.800833
Alosa chrysochloris,-82.85,38.6158
Alosa chrysochloris,-88.63333,30.2
Alosa chrysochloris,-89.45472,29.35861
Alosa chrysochloris,-89.51689,37.57395
Alosa chrysochloris,-88.2786111,33.2327778
Alosa chrysochloris,-88.1467,39.45745
Alosa chrysochloris,91.1595,34.08723
Alosa chrysochloris,-84.8776,38.2004
Alosa chrysochloris,-91.30389,30.65528
Alosa chrysochloris,-83.11,39.7008
Alosa chrysochloris,-82.6551,38.4993
Alosa chrysochloris,-94.7903671265,39.0450973511
Alosa chrysochloris,-84.3844444,29.8955556
Alosa chrysochloris,-84.861167,30.707472
Alosa chrysochloris,-88.373,33.3316
Alosa chrysochloris,-88.0351,37.944
Alosa chrysochloris,-91.37294,40.38831
Alosa chrysochloris,-85.108771,35.149145
Alosa chrysochloris,-81.9625015259,38.7475013733
Alosa chrysochloris,-89.8036,30.5189
Alosa chrysochloris,-92.46639,31.34861
Alosa chrysochloris,-88.633987,30.654816
Alosa chrysochloris,-87.55097,31.60677
Alosa chrysochloris,-92.0711,32.9874
Alosa chrysochloris,-85.232236,30.814803
Alosa chrysochloris,-84.9344444,29.7277778
Alosa chrysochloris,-84.4241,39.0538
Alosa chrysochloris,-93.890278,29.801389
Alosa chrysochloris,-94.11056,30.165
Alosa chrysochloris,-90.62296,39.66042
Alosa chrysochloris,-83.158337,29.300649
Alosa chrysochloris,-94.11,30.17278
Alosa chrysochloris,-89.2064056396,36.6122703552
Alosa chrysochloris,-88.013697,35.962903
Alosa chrysochloris,-89.618511,30.248958
Alosa chrysochloris,-92.34167,31.20667
Alosa chrysochloris,-93.765278,29.909444
Alosa chrysochloris,-90.842947,34.136169
Alosa chrysochloris,-90.05004,40.33461
Alosa chrysochloris,-86.3297,38.1822
Alosa chrysochloris,-88.1797222,32.8377778
Alosa chrysochloris,-87.0783333,33.0191667
Alosa chrysochloris,-81.90777,38.91616
Alosa chrysochloris,-88.1869444,33.5222222
Alosa chrysochloris,-87.932508,36.160492
Alosa chrysochloris,-82.74722,28.04
Alosa chrysochloris,-86.9333333,34.5638889
Alosa chrysochloris,-85.7617,38.2467
Alosa chrysochloris,-87.6001,39.3013611
Alosa chrysochloris,-83.0089,38.736
Alosa chrysochloris,-92.24416,31.14389
Alosa chrysochloris,-93.758889,29.971667
Alosa chrysochloris,-85.0152,30.37
Alosa chrysochloris,-89.82222,30.75417
Alosa chrysochloris,-89.18139,30.33139
Alosa chrysochloris,-97.048,28.0234
Alosa chrysochloris,-84.2858,38.9525
Alosa chrysochloris,-87.5300167,38.6849167
Alosa chrysochloris,-89.1333,36.9667
Alosa chrysochloris,-88.52778,31.74278
Alosa chrysochloris,-93.235033,35.272199
Alosa chrysochloris,-88.003602,30.742419
Alosa chrysochloris,-92.28056,31.18167
Alosa chrysochloris,-89.7967,30.495
Alosa chrysochloris,-95,28
Alosa chrysochloris,-93.765278,29.919444
Alosa chrysochloris,-93.81363,33.607953
Alosa chrysochloris,-94.76305,29.83694
Alosa chrysochloris,-90.47825,40.00086
Alosa chrysochloris,-90.9141,32.4429
Alosa chrysochloris,-83.9145,38.7825
Alosa chrysochloris,-83.0006,39.6942
Alosa chrysochloris,87.84241,36.4902
Alosa chrysochloris,-95.0775,39.4999
Alosa chrysochloris,-87.302324,35.756446
Alosa chrysochloris,-81.9119,38.9014
Alosa chrysochloris,-83.4635,38.6729
Alosa chrysochloris,-86.640544,36.214249
Alosa chrysochloris,-93.870556,29.808611
Alosa chrysochloris,-85.89278,30.45139
Alosa chrysochloris,-88.0267,30.2583
Alosa chrysochloris,-88.96786,41.32001
Alosa chrysochloris,-94.87853241,39.80256653
Alosa chrysochloris,-87.35806,30.47445
Alosa chrysochloris,-85.890337,32.521447
Alosa chrysochloris,-87.372597,30.317182
Alosa chrysochloris,-87.29917,30.32861
Alosa chrysochloris,-89.8234,40.0892
Alosa chrysochloris,-85.405681,35.06408
Alosa chrysochloris,-91.49805,30.73806
Alosa chrysochloris,-91.110607,30.247198
Alosa chrysochloris,-84.8036,39.1103
Alosa chrysochloris,-91.266,29.428
Alosa chrysochloris,-86.05096,34.66119
Alosa chrysochloris,-94.790366,39.045099
Alosa chrysochloris,-82.9542,39.5989
Alosa chrysochloris,-88.70777,37.14281
Alosa chrysochloris,-93.863889,29.9375
Alosa chrysochloris,-89.62556,30.15278
Alosa chrysochloris,-87.85389,35.98944
Alosa chrysochloris,-84.8705556,30.675
Alosa chrysochloris,-93.764167,29.916111
Alosa chrysochloris,-87.43833,31.74333
Alosa chrysochloris,-89.34828,41.2577
Alosa chrysochloris,87.25553,38.53284
Alosa chrysochloris,-85.07491,31.73289
Alosa chrysochloris,-88.07472,30.24667
Alosa chrysochloris,-88.1077778,32.7022222
Alosa chrysochloris,-87.166667,30.341667
Alosa chrysochloris,-87.82250214,35.97750092
Alosa chrysochloris,-84.4375,39.0786
Alosa chrysochloris,-90.25,38.1167
Alosa chrysochloris,-83.1106,38.6766
Alosa chrysochloris,-82.4042,38.4406
Alosa chrysochloris,-90.62387,39.6617
Alosa chrysochloris,-96.02033,40.76555
Alosa chrysochloris,-82.8577,38.6163
Alosa chrysochloris,-84.8069,39.1389
Alosa chrysochloris,-93.843333,29.820833
Alosa chrysochloris,-91.151943,32.822173
Alosa chrysochloris,-93.784722,29.856944
Alosa chrysochloris,-88.80308,41.34131
Alosa chrysochloris,-87.429296,40.049912
Alosa chrysochloris,-89.49721,40.88287
Alosa chrysochloris,-91.299,29.474
Alosa chrysochloris,-93.795833,29.990278
Alosa chrysochloris,-90.08778,31.54861
Alosa chrysochloris,-85.6744,37.7653
Alosa chrysochloris,-87.5936111,31.4144444
Alosa chrysochloris,-90.4833,30.25
Alosa chrysochloris,-89.48395,40.91175
Alosa chrysochloris,-89.7955556,35.7888889
Alosa chrysochloris,-93.775,29.881944
Alosa chrysochloris,-82.879251,29.888695
Alosa chrysochloris,86.28869,34.3805
Alosa chrysochloris,-82.6053,38.4587
Alosa chrysochloris,-87.1833,38.5483
Alosa chrysochloris,-94.9556,39.8774
Alosa chrysochloris,-89.91528,29.86833
Alosa chrysochloris,-82.9413889,29.5844444
Alosa chrysochloris,-93.0898971558,29.7485084534
Alosa chrysochloris,-93.802222,29.832222
Alosa chrysochloris,-82.6907272339,27.4702758789
Alosa chrysochloris,-89.5794,40.1213
Alosa chrysochloris,-89.298991,30.383197
Alosa chrysochloris,-93.760833,29.942222
Alosa chrysochloris,-93.856944,29.813611
Alosa chrysochloris,-89.51451,37.64488
Alosa chrysochloris,-93.768333,29.905
Alosa chrysochloris,-89.43528,30.39222
Alosa chrysochloris,-89.46791,40.43917
Alosa chrysochloris,-89.691024,29.478608
Alosa chrysochloris,-88.82166,29.96194
Alosa chrysochloris,-81.9197,38.9694
Alosa chrysochloris,-87.51374,31.56763
Alosa chrysochloris,-86.3355556,34.3658333
Alosa chrysochloris,-89.81746,34.40365
Alosa chrysochloris,-90.23333,30.05
Alosa chrysochloris,-91.0499,39.4561
Alosa chrysochloris,-82.1317,38.8378
Alosa chrysochloris,-89.505,37.6273
Alosa chrysochloris,-83.734,38.6446
Alosa chrysochloris,-90.004686,35.482693
Alosa chrysochloris,-81.90977,38.91608
Alosa chrysochloris,85.59242,35.08745
Alosa chrysochloris,-81.319097,39.359336
Alosa chrysochloris,-93.893056,29.8
Alosa chrysochloris,-91.51111,30.74444
Alosa chrysochloris,-91.241348,30.35786
Alosa chrysochloris,-89.688846,36.059917
Alosa chrysochloris,-90.135482,31.849745
Alosa chrysochloris,-91.36361,30.73889
Alosa chrysochloris,-86.1631,38.0058
Alosa chrysochloris,-89.14861,29.04417
Alosa chrysochloris,-90.8533333,36.2944444
Alosa chrysochloris,-88.847862,29.892717
Alosa chrysochloris,-86.31306,32.45806
Alosa chrysochloris,-93.841667,29.958333
Alosa chrysochloris,-93.851389,29.966667
Alosa chrysochloris,-93.808333,29.841667
Alosa chrysochloris,-87.302863,37.810387
Alosa chrysochloris,-84.247438,35.790573
Alosa chrysochloris,-88.61629,30.59564
Alosa chrysochloris,-87.68631,38.73283
Alosa chrysochloris,-82.9747,39.0978
Alosa chrysochloris,-88.85451,41.33973
Alosa chrysochloris,-85.61861,32.41667
Alosa chrysochloris,-88.48,30.15
Alosa chrysochloris,-90.16994,38.88001
Alosa chrysochloris,-87.61017,39.28325
Alosa chrysochloris,-88.2088889,33.0136111
Alosa chrysochloris,-84.86417,30.70833
Alosa chrysochloris,-90.40166,29.98944
Alosa chrysochloris,-88.702608,30.369646
Alosa chrysochloris,-90.5795,34.6257
Alosa chrysochloris,-89.46667,30.15
Alosa chrysochloris,-87.845,31.1919444
Alosa chrysochloris,-90.184722,38.611389
Alosa chrysochloris,90.43819,34.82031
Alosa chrysochloris,-83.0102,39.8913
Alosa chrysochloris,-93.756111,29.963333
Alosa chrysochloris,-88.1616667,31.8633333
Alosa chrysochloris,-81.9194,38.9697
Alosa chrysochloris,-91.24361,30.54861
Alosa chrysochloris,-87.958756,30.692356
Alosa chrysochloris,-84.28335,38.94804
Alosa chrysochloris,-91.39778,30.75361
Alosa chrysochloris,-89.82694,30.74055
Alosa chrysochloris,-83.322,38.6031
Alosa chrysochloris,-90.379314,34.852288
Alosa chrysochloris,-94.7991,30.2779
Alosa chrysochloris,7.30137425288901,54.1070323273528
Alosa chrysochloris,-93.758056,29.945833
Alosa chrysochloris,-85.898187,30.45039
Alosa chrysochloris,-93.845833,29.969444
Alosa chrysochloris,-87.78548,31.29777
Alosa chrysochloris,-82.9933,38.7253
Alosa chrysochloris,-87.54,30.305
Alosa chrysochloris,-84.765,39.1403
Alosa chrysochloris,-93.934722,29.777778
Alosa chrysochloris,-93.827778,29.975
Alosa chrysochloris,-93.768611,29.886944
Alosa chrysochloris,-91.070167,33.41086
Alosa chrysochloris,-90.25,30.15
Alosa chrysochloris,-86.9708333,34.6166667
Alosa chrysochloris,-93.882222,29.917222
Alosa chrysochloris,-87.93778,34.43083
Alosa chrysochloris,-89.8581,31.2891
Alosa chrysochloris,-90.8964,40.33089
Alosa chrysochloris,-89.84417,30.22305
Alosa chrysochloris,-85.88722,32.53528
Alosa chrysochloris,-87.55334,31.61444
Alosa chrysochloris,-82.9961,38.7261
Alosa chrysochloris,-93.818056,29.984722
Alosa chrysochloris,-87.62193,39.17718
Alosa chrysochloris,-88.4072222,33.4222222
Alosa chrysochloris,-89.6,30.13333
Alosa chrysochloris,-89.95417,29.265
Alosa chrysochloris,-88.90417,30.41222
Alosa chrysochloris,-93.895833,29.780278
Alosa chrysochloris,-93.8175,29.980556
Alosa chrysochloris,-84.2559,39.2688
Alosa chrysochloris,-93.770833,29.890278
Alosa chrysochloris,-93.911111,29.768056
Alosa chrysochloris,-87.88865,31.3654
Alosa chrysochloris,-88.4555556,32.7988889
Alosa chrysochloris,-89.45016,37.77339
Alosa chrysochloris,-85.1174167,30.1039722
Alosa chrysochloris,-90.08311667,31.54145
Alosa chrysochloris,-93.852778,29.988889
Alosa chrysochloris,-91.15556,33.34528
Alosa chrysochloris,-81.4897,39.4689
Alosa chrysochloris,-87.5516667,31.6147222
Alosa chrysochloris,-85.134804,30.091234
Alosa chrysochloris,-89.4977778,37.6263889
Alosa chrysochloris,-89.646,36.193600000000004
Alosa chrysochloris,-87.2892,38.5114
Alosa chrysochloris,-89.283417,31.359145
Alosa chrysochloris,-83.1089,38.6746
Alosa chrysochloris,-87.21361,30.96167
Alosa chrysochloris,-91.240072,30.342729
Alosa chrysochloris,-93.938889,29.780556
Alosa chrysochloris,-87.1427778,32.9158333
Alosa chrysochloris,-89.85611,30.225
Alosa chrysochloris,-85.834494,30.246315
Alosa chrysochloris,-90.61309,39.44395
Alosa chrysochloris,-85.69889,31.2375
Alosa chrysochloris,-84.86260223,30.70759964
Alosa chrysochloris,-87.8697222,31.17
Alosa chrysochloris,-87.2391667,30.955
Alosa chrysochloris,-97.0777359009,27.280796051
Alosa chrysochloris,-81.8577,39.3118
Alosa chrysochloris,-93.776389,29.876944
Alosa chrysochloris,-38.7364,85.4014
Alosa chrysochloris,-91.059875,33.427643
Alosa chrysochloris,-93.836944,29.823889
Alosa chrysochloris,-90.9069,32.314
Alosa chrysochloris,-84.859282,30.701421
Alosa chrysochloris,-88.20772,41.41717
Alosa chrysochloris,-84.4986,39.0978
Alosa chrysochloris,-90.143291,40.192833
Alosa chrysochloris,-80.8067,39.8606
Alosa chrysochloris,-82.8358,38.5789
Alosa chrysochloris,-87.19889,32.85556
Alosa chrysochloris,-89.9,30.16667
Alosa chrysochloris,-87.39568,31.949918
Alosa chrysochloris,-90.398511,29.981551
Alosa chrysochloris,-82.577431,38.255358
Alosa chrysochloris,-90.17262,38.75235
Alosa chrysochloris,-91.041695,33.032059
Alosa chrysochloris,-92.3475,31.24472
Alosa chrysochloris,-87.14,32.94549
Alosa chrysochloris,-88.2341667,30.0886111
Alosa chrysochloris,-81.4425,39.4117
Alosa chrysochloris,-91.31084,30.58333
Alosa chrysochloris,-93.898611,29.781944
Alosa chrysochloris,-86.7722,37.9458
Alosa chrysochloris,-88.17355,39.25108
Alosa chrysochloris,-89.61667,30.15
Alosa chrysochloris,-84.8711,38.7983
Alosa chrysochloris,-87.45917,31.97472
Alosa chrysochloris,-90.6978,33.0566
Alosa chrysochloris,-82.106954,38.940367
Alosa chrysochloris,-93.794444,29.991944
Alosa chrysochloris,-93.7875,29.854167
Alosa chrysochloris,-87.13472,32.36306
Alosa chrysochloris,-90.5042,34.6438
Alosa chrysochloris,-88.68742371,30.24451447
Alosa chrysochloris,-88.60149,30.39404
Alosa chrysochloris,-82.8431,38.5797
Alosa chrysochloris,-82.4028,38.4389
Alosa chrysochloris,8.725342,53.956337
Alosa chrysochloris,-89.55014,40.73252
Alosa chrysochloris,-83.051,29.127
Alosa chrysochloris,-90.6699,38.937
Alosa chrysochloris,-88.0124444,37.7745
Alosa chrysochloris,-90.3959,40.0846
Alosa chrysochloris,-90.20512,40.15773
Alosa chrysochloris,-90.23333,30.26667
Alosa chrysochloris,-86.897524,37.21332
Alosa chrysochloris,-88.6057,30.371
Alosa chrysochloris,-85.11444,31.98167
Alosa chrysochloris,-84.0917,39.5214
Alosa chrysochloris,-93.794444,29.843056
Alosa chrysochloris,-89.96479797,35.51929855
Alosa chrysochloris,-83.3194,38.6073
Alosa chrysochloris,-87.12972,30.54722
Alosa chrysochloris,-85.13316,30.15758
Alosa chrysochloris,-93.812778,29.9875
Alosa chrysochloris,-87.219876,30.569331
Alosa chrysochloris,-80.8219,39.8311
Alosa chrysochloris,-93.898056,29.798333
Alosa chrysochloris,-93.922222,29.770833
Alosa chrysochloris,-87.5933333,34.9533333
Alosa chrysochloris,-84.935,38.7692
Alosa chrysochloris,-83.56933,38.68915
Alosa chrysochloris,-93.9,29.788611
Alosa chrysochloris,-87.5784,39.06218
Alosa chrysochloris,-89.41841,37.27664
Alosa chrysochloris,-93.831944,29.980556
Alosa chrysochloris,-90.20325,35.04932
Alosa chrysochloris,-84.861553,30.705193
Alosa chrysochloris,-89.4639,40.1219
Alosa chrysochloris,-87.195095,30.548903
Alosa chrysochloris,-87.9578,38.1025
Alosa chrysochloris,-93.764167,29.916389
Alosa chrysochloris,-85.3667,38.7317
Alosa chrysochloris,-81.9625,38.7475
Alosa chrysochloris,-87.2550833,30.9314722
Alosa chrysochloris,-91.0742,33.4297
Alosa chrysochloris,-83.1105,38.6766
Alosa chrysochloris,-93.855556000000007,29.701389
Alosa chrysochloris,-93.759722,29.945833
Alosa chrysochloris,-87.341632,37.809
Alosa chrysochloris,-89.0409,35.3723
Alosa chrysochloris,-93.35489655,32.01380157
Alosa chrysochloris,-84.5102,39.0941
Alosa chrysochloris,-90.01667,30.3
Alosa chrysochloris,-93.868333,29.929722
Alosa chrysochloris,-90.16549,40.18709
Alosa chrysochloris,-86.0522,37.9583
Alosa chrysochloris,-91.46972,30.73389
Alosa chrysochloris,-87.216667,30.383333
Alosa chrysochloris,-95.65081,28.78549
Alosa chrysochloris,-93.833333,29.979167
Alosa chrysochloris,-91.301,29.475
Alosa chrysochloris,-89.13474,36.98157
Alosa chrysochloris,-87.53472,31.85278
Alosa chrysochloris,-88.7458,30.8457
Alosa chrysochloris,-92.650315,31.32694
Alosa chrysochloris,90.0126,35.49213
Alosa chrysochloris,-81.2075,39.3928
Alosa chrysochloris,-83.0087,39.8335
Alosa chrysochloris,-87.888218,31.358918
Alosa chrysochloris,-85.45722,29.90528
Alosa chrysochloris,-87.2419444,32.6683333
Alosa chrysochloris,-93.56167,30.86028
Alosa chrysochloris,-89.94527,30.25667
Alosa chrysochloris,-86.6693878174,30.2504348755
Alosa chrysochloris,-89.99371,31.886399
Alosa chrysochloris,-84.1667,38.7917
Alosa chrysochloris,-89.53436,36.5792
Alosa chrysochloris,-81.8986,38.9277
Alosa chrysochloris,-93.908333,29.825
Alosa chrysochloris,-87.95931,38.09851
Alosa chrysochloris,-89.93764,40.41726
Alosa chrysochloris,-88.84483,37.20077
Alosa chrysochloris,-89.4167,37.35
Alosa chrysochloris,-93.922222,29.771389
Alosa chrysochloris,-87.231249,30.965974
Alosa chrysochloris,-83.116674,29.301922
Alosa chrysochloris,-93.825,29.908333
Alosa chrysochloris,-83.4484,38.6758
Alosa chrysochloris,-93.776944,29.876667
Alosa chrysochloris,-91.121849,40.806759
Alosa chrysochloris,-91.29916,30.64278
Alosa chrysochloris,-87.61575,40.11135
Alosa chrysochloris,-90.02588,40.37875
Alosa chrysochloris,-87.958649,30.775868
Alosa chrysochloris,-91.31055,30.5925
Alosa chrysochloris,-88.58507,30.53237
Alosa chrysochloris,-87.75484,38.39917
Alosa chrysochloris,-84.92423,35.43817
Alosa chrysochloris,-93.908333,29.808333
Alosa chrysochloris,-92.39889,31.28667
Alosa chrysochloris,-90.5349,39.93811
Alosa chrysochloris,-83.0147,38.73
Alosa chrysochloris,-90.0903,40.3062
Alosa chrysochloris,-91.30639,30.57472
Alosa chrysochloris,-85.8452778,30.9422222
Alosa chrysochloris,-89.96778,29.88417
Alosa chrysochloris,-86.9833333,34.6186111
Alosa chrysochloris,-89.062556,31.209448
Alosa chrysochloris,-88.31295,37.44083
Alosa chrysochloris,-93.768333,29.903056
Alosa chrysochloris,84.82848,39.10264
Alosa chrysochloris,-93.829167,29.823611
Alosa chrysochloris,-84.9933333,29.7855556
Alosa chrysochloris,-93.797222,29.984722
Alosa chrysochloris,-87.72574,31.37152
Alosa chrysochloris,-89.611351,36.179819
Alosa chrysochloris,-93.830556,29.823611
Alosa chrysochloris,-88.4336111,33.4547222
Alosa chrysochloris,-93.808333,29.988889
Alosa chrysochloris,-82.189488,38.681633
Alosa chrysochloris,-85.0999222,30.01745
Alosa chrysochloris,-84.1011,39.4072
Alosa chrysochloris,-85.15078,31.81636
Alosa chrysochloris,-87.45639,31.975
Alosa chrysochloris,-88.195,33.0736111
Alosa chrysochloris,-87.5333,38.5
Alosa chrysochloris,-91.0821,33.2861
Alosa chrysochloris,-87.3983,30.4167
Alosa chrysochloris,-86.5596389771,30.4191112518
Alosa chrysochloris,89.62363,40.63465
Alosa chrysochloris,-86.1094444,30.4280556
Alosa chrysochloris,-89.09207,41.31425
Alosa chrysochloris,-89.84611,30.705
Alosa chrysochloris,-87.77258,31.34033
Alosa chrysochloris,-87.40083,30.42278
Alosa chrysochloris,-89.36932,38.57462
Alosa chrysochloris,-82.3679,38.4381
Alosa chrysochloris,-91.57,31.09611
Alosa chrysochloris,-87.922841,36.161112
Alosa chrysochloris,-93.808333,29.941667
Alosa chrysochloris,-89.33403,41.19597
Alosa chrysochloris,-82.872199,24.627159
Alosa chrysochloris,-91.30389,30.6525
Alosa chrysochloris,-89.8912,40.1339
Alosa chrysochloris,-89.15818,37.08589
Alosa chrysochloris,-91.302,29.471
Alosa chrysochloris,-88.2769444,33.145
Alosa chrysochloris,-85.06389,31.62333
Alosa chrysochloris,-87.985812,36.05391
Alosa chrysochloris,-89.55511,40.82295
Alosa chrysochloris,-84.7736,39.1636
Alosa chrysochloris,-82.9905,38.7785
Alosa chrysochloris,-89.95709,38.0166
Alosa chrysochloris,-84.86019897,30.70299911
Alosa chrysochloris,-87.1116667,34.8613889
Alosa chrysochloris,-88.2697222,33.1805556
Alosa chrysochloris,-85.0798333,30.2544444
Alosa chrysochloris,-89.939537,29.250542
Alosa chrysochloris,-83.2079162598,27.3017368317
Alosa chrysochloris,-83.7272,38.6478
Alosa chrysochloris,-87.8725,30.95722
Alosa chrysochloris,-93.927778,29.773611
Alosa chrysochloris,-88.3313889,34.7661111
Alosa chrysochloris,-84.0884,38.7833
Alosa chrysochloris,-83.5528,38.6986
Alosa chrysochloris,-93.902778,29.795833
Alosa chrysochloris,-88.67521,40.57118
Alosa chrysochloris,-93.904167,29.795833
Alosa chrysochloris,-83.0094,39.9167
Alosa chrysochloris,-84.7952,39.1532
Alosa chrysochloris,-87.14936,31.010981
Alosa chrysochloris,-81.9175,39.2897
Alosa chrysochloris,-91.9749,34.2764
Alosa chrysochloris,-90.06076667,31.625
Alosa chrysochloris,-87.958503,30.692844
Alosa chrysochloris,-88.07648,37.87351
Alosa chrysochloris,-83.3942,38.6647
Alosa chrysochloris,-88.08333333,30.66666667
Alosa chrysochloris,-93.775278,29.895
Alosa chrysochloris,-87.9847222,38.225
Alosa chrysochloris,-83.149067,29.306113
Alosa chrysochloris,-90.064197,32.39706
Alosa chrysochloris,-88.265903,41.39858
Alosa chrysochloris,-90.406486,30.311184
Alosa chrysochloris,-87.066568,30.384167
Alosa chrysochloris,-89.1333333,37.1
Alosa chrysochloris,-88.7364,37.1458
Alosa chrysochloris,-87.635149,36.395174
Alosa chrysochloris,-90.178935,32.289567
Alosa chrysochloris,-86.3456,38.1943
Alosa chrysochloris,-91.1514,31.9847
Alosa chrysochloris,-90.5813,39.072
Alosa chrysochloris,-89.77306,30.52111
Alosa chrysochloris,-85.410233,35.061834
Alosa chrysochloris,-87.5038889,33.2580556
Alosa chrysochloris,-90.06527,35.3898
Alosa chrysochloris,-88.5852,30.5316
Alosa chrysochloris,-89.85389,30.15333
Alosa chrysochloris,-86.5195,38.0417
Alosa chrysochloris,-89.81834,30.79722
Alosa chrysochloris,-93.762222,29.924167
Alosa chrysochloris,-87.46555,32.01972
Alosa chrysochloris,-87.5852778,33.2116667
Alosa chrysochloris,-87.9763889,31.2580556
Alosa chrysochloris,-89.6259,40.63199
Alosa chrysochloris,-93.858333,29.813889
Alosa chrysochloris,-84.9022222,30.6216667
Alosa chrysochloris,-83.0199,39.4581
Alosa chrysochloris,87.80552,35.9283
Alosa chrysochloris,-90.05193,40.32888
Alosa chrysochloris,-82.84889,29.16389
Alosa chrysochloris,-90.2649,38.13681
Alosa chrysochloris,-90.413991,30.284248
Alosa chrysochloris,-92.45667,31.34528
Alosa chrysochloris,-87.8694444,31.1511111
Alosa chrysochloris,-88.480873,33.594447
Alosa chrysochloris,-80.45,28.7366667
Alosa chrysochloris,-93.898611,29.798611
Alosa chrysochloris,-89.98165,40.39208
Alosa chrysochloris,-93.771667,29.883056
Alosa chrysochloris,-87.305471,30.770613
Alosa chrysochloris,-89.90555,38.30296
Alosa chrysochloris,-90.172195,33.681884
Alosa chrysochloris,87.47395,35.77764
Alosa chrysochloris,-89.497,30.46999
Alosa chrysochloris,-84.04989624,35.54589844
Alosa chrysochloris,-87.1402778,32.948055600000004
Alosa chrysochloris,-83.95762,35.8904
Alosa chrysochloris,-88.49647,37.25012
Alosa chrysochloris,-87.1625,31.00556
Alosa chrysochloris,-88.5372,31.5083
Alosa chrysochloris,-87.43466,40.02623
Alosa chrysochloris,-80.8219451904,39.831111908
Alosa chrysochloris,-87.078507,33.019265
Alosa chrysochloris,-83.5822,38.6908
Alosa chrysochloris,-89.945837,37.969698
Alosa chrysochloris,-84.990261,35.421538
Alosa chrysochloris,-89.66523,37.80119
Alosa chrysochloris,-93.925,29.825
Alosa chrysochloris,-89.8175,30.79694
Alosa chrysochloris,-89.13854,37.1016
Alosa chrysochloris,-86.600102,36.245325
Alosa chrysochloris,-93.855,29.814167
Alosa chrysochloris,-86.255,32.6147222
Alosa chrysochloris,-84.24539948,35.79150009
Alosa chrysochloris,-85.84,30.8080556
Alosa chrysochloris,-88.29024,41.39765
Alosa chrysochloris,-82.11,38.9444
Alosa chrysochloris,-82.005,39.3272
Alosa chrysochloris,-82.8496,38.6157
Alosa chrysochloris,-87.74083,38.43417
Alosa chrysochloris,-87.89,30.3533
Alosa chrysochloris,-88.28279,41.39845
Alosa chrysochloris,-88.0811111,30.2516667
Alosa chrysochloris,-89.82528,30.74195
Alosa chrysochloris,-87.84869,34.74751
Alosa chrysochloris,-89.65927,40.59892
Alosa chrysochloris,-88.687421,30.244514
Alosa chrysochloris,-89.14051,36.98509
Alosa chrysochloris,-91.3225,35.63972
Alosa chrysochloris,-85.035666,29.708675
Alosa chrysochloris,-93.856111,29.814444
Alosa chrysochloris,-89.3,31.43861
Alosa chrysochloris,-89.5167,36.5667
Alosa chrysochloris,-84.4334,39.0786
Alosa chrysochloris,-89.631002,30.280093
Alosa chrysochloris,-88.6194444656372,30.5038888931274
Alosa chrysochloris,86.9377,37.2377
Alosa chrysochloris,-93.841667,29.875
Alosa chrysochloris,-80.70333,40.150262
Alosa chrysochloris,-87.57182,39.05749
Alosa chrysochloris,-90.226922,32.094284
Alosa chrysochloris,-90.087078,31.551077
Alosa chrysochloris,-89.258758,29.164521
Alosa chrysochloris,-87.61547,31.50819
Alosa chrysochloris,-87.61024,31.5237
Alosa chrysochloris,-86.640676,36.213868
Alosa chrysochloris,-87.9736111,30.6894444
Alosa chrysochloris,-85.9264,37.9314
Alosa chrysochloris,-83.4475,38.6708
Alosa chrysochloris,-86.7811111,30.6448
Alosa chrysochloris,-84.7786,38.8578
Alosa chrysochloris,-90.965137,33.968222
Alosa chrysochloris,-93.7625,29.936667
Alosa chrysochloris,-90.09389,30.46861
Alosa chrysochloris,-89.362277,30.339949
Alosa chrysochloris,-87.51984,38.70735
Alosa chrysochloris,-91.26667,30.56778
Alosa chrysochloris,-86.1,29.2167
Alosa chrysochloris,-84.358722,29.895793
Alosa chrysochloris,-93.770556,29.883333
Alosa chrysochloris,-84.8156,39.1091
Alosa chrysochloris,89.89537,35.51674
Alosa chrysochloris,-93.919444,29.769444
Alosa chrysochloris,-88.0382,37.80917
Alosa chrysochloris,-88.1147222,32.7025
Alosa chrysochloris,-93.905556,29.766667
Alosa chrysochloris,-93.870833,29.925
Alosa chrysochloris,-85.083055,35.233055
Alosa chrysochloris,-87.220727,30.569127
Alosa chrysochloris,-93.761111,29.940278
Alosa chrysochloris,-86.53833,32.33917
Alosa chrysochloris,-86.63576,30.7662
Alosa chrysochloris,-85.09674,35.28118
Alosa chrysochloris,-87.21694,30.42111
Alosa chrysochloris,-83.0096,39.6286
Alosa chrysochloris,-88.718061,31.01121
Alosa chrysochloris,-88.7975,32.1017
Alosa chrysochloris,-86.682096,36.292809
Alosa chrysochloris,-87.0525,32.3702778
Alosa chrysochloris,-82.0886,39.3292
Alosa chrysochloris,-88.19179,41.35007
Alosa chrysochloris,-85.100404,32.355601
Alosa chrysochloris,-87.64035,38.59093
Alosa chrysochloris,-91.199533,30.507097
Alosa chrysochloris,-84.8206,39.1119
Alosa chrysochloris,-82.2064,38.8047
Alosa chrysochloris,-87.1739,37.9023
Alosa chrysochloris,-89.1033333,36.7597222
Alosa chrysochloris,-82.855,38.6197
Alosa chrysochloris,-88.43923,37.42733
Alosa chrysochloris,-82.8539,38.6161
Alosa chrysochloris,-86.64304,36.276785
Alosa chrysochloris,-83.4233,38.6683
Alosa chrysochloris,-97.3691329956,27.3733863831
Alosa chrysochloris,-84.0012,38.7774
Alosa chrysochloris,-91.29528,30.57417
Alosa chrysochloris,-93.7625,29.924722
Alosa chrysochloris,-93.889167,29.801389
Alosa chrysochloris,-86.610326,36.244538
Alosa chrysochloris,-89.63161,40.6271
Alosa chrysochloris,-83.8257,38.7208
Alosa chrysochloris,-90.526969,29.150596
Alosa chrysochloris,-85.0630278,30.2726389
Alosa chrysochloris,-86.1213889,34.5430556
Alosa chrysochloris,88.18998,37.16681
Alosa chrysochloris,-83.0264,39.4631
Alosa chrysochloris,-91.00401,32.368919
Alosa chrysochloris,-89.38021,37.07145
Alosa chrysochloris,-83.0819,39.6572
Alosa chrysochloris,-93.771944,29.882778
Alosa chrysochloris,-88.26329,41.37798
Alosa chrysochloris,87.81743,35.9859
Alosa chrysochloris,-83.45,38.6717
Alosa chrysochloris,89.63873,36.19954
Alosa chrysochloris,-85.686458,32.474823
Alosa chrysochloris,-91.24066,39.64134
Alosa chrysochloris,-88.2083,34.995
Alosa chrysochloris,-87.57559,39.2252
Alosa chrysochloris,-84.7657,39.1605
Alosa chrysochloris,-93.898611,29.785
Alosa chrysochloris,-90.60725,39.2781
Alosa chrysochloris,-89.68884277,36.05991745
Alosa chrysochloris,-87.874993,30.722113
Alosa chrysochloris,-90.41055,30.02111
Alosa chrysochloris,-87.95960236,38.0992012
Alosa chrysochloris,-82.1881,38.6706
Alosa chrysochloris,-87.191172,30.975728
Alosa chrysochloris,-82.8033,41.5403
Alosa chrysochloris,-87.2,30.4
Alosa chrysochloris,-90.3736,40.0734
Alosa chrysochloris,-88.433638,30.629304
Alosa chrysochloris,-89.6888427734,36.05991745
Alosa chrysochloris,-87.9971,36.0617
Alosa chrysochloris,-87.54628,40.0157
Alosa chrysochloris,-83.1113889,29.2952778
Alosa chrysochloris,-86.640195,36.258725
Alosa chrysochloris,-84.965419,29.739919
Alosa chrysochloris,-84.8714,39.0814
Alosa chrysochloris,-83.4722,38.7361
Alosa chrysochloris,-90.06917,31.53667
Alosa chrysochloris,-87.195,32.8566667
Alosa chrysochloris,-93.777778,29.869444
Alosa chrysochloris,-90.099279,30.358246
Alosa chrysochloris,-87.585,33.2116667
Alosa chrysochloris,-93.825,29.941667
Alosa chrysochloris,-92.35528,31.21278
Alosa chrysochloris,-89.6698,37.790729
Alosa chrysochloris,-87.1780556,33.5452778
Alosa chrysochloris,-93.775556,29.881667
Alosa chrysochloris,-89.52716827,36.5819664
Alosa chrysochloris,-83.7317,38.6439
Alosa chrysochloris,-93.772222,29.9
Alosa chrysochloris,-93.8831,30.0957
Alosa chrysochloris,-87.001395,33.184991
Alosa chrysochloris,-85.11556,31.21389
Alosa chrysochloris,-83.7863,38.7273
Alosa chrysochloris,-76.599283,42.549149
Alosa chrysochloris,-94.8785324097,39.8025665283
Alosa chrysochloris,-92.6140518188,29.0193500519
Alosa chrysochloris,-93.843889,29.819722
Alosa chrysochloris,-89.20640564,36.61227036
Alosa chrysochloris,-88.62177,30.5866
Alosa chrysochloris,-91.000883,30.159826
Alosa chrysochloris,-88.1333333,30.2966667
Alosa chrysochloris,-87.311461,30.733848
Alosa chrysochloris,-87.965849,36.070571
Alosa chrysochloris,-90.31277,41.71116
Alosa chrysochloris,-93.763889,29.923611
Alosa chrysochloris,-80.702912,40.150376
Alosa chrysochloris,-87.571938,36.428423
Alosa chrysochloris,-87.33584,37.91228
Alosa chrysochloris,-88.1791667,33.0088889
Alosa chrysochloris,-89.5271682739,36.5819664001
Alosa chrysochloris,-90.484279,30.729279
Alosa chrysochloris,-87.82179,41.82124
Alosa chrysochloris,-83.0141,38.7303
Alosa chrysochloris,-95.60167,29.6399967
Alosa chrysochloris,-87.261189,30.643924
Alosa chrysochloris,-87.98813,38.25487
Alosa chrysochloris,-93.781944,29.865278
Alosa chrysochloris,-93.769444,29.905556
Alosa chrysochloris,-81.4894,39.4692
Alosa chrysochloris,-87.1245,30.362333
Alosa chrysochloris,-88.03682,37.95776
Alosa chrysochloris,-93.838889,29.823611
Alosa chrysochloris,-90.19016,40.16143
Alosa chrysochloris,-84.99666,32.46757
Alosa chrysochloris,-85.890064,32.521974
Alosa chrysochloris,84.85877,30.70007
Alosa chrysochloris,-93.906944,29.766667
Alosa chrysochloris,-93.834722,29.980556
Alosa chrysochloris,-93.770833,29.891667
Alosa chrysochloris,-83.8297,38.7202
