species,decimalLongitude,decimalLatitude
Alticus montanoi,123.833000183,13
Alticus montanoi,121.75,20.8125
Alticus montanoi,121.927780151,20.4088897705
Alticus montanoi,121.203887939,10.881667137100001
Alticus montanoi,121.965278625,20.4333324432
Alticus montanoi,121.034156799,10.9180555344
Alticus montanoi,123.514556,9.1375
Alticus montanoi,119.891,11.7697
Alticus montanoi,120.13,12.2089
Alticus montanoi,123.833,13
Alticus montanoi,121.185546875,13.4847221375
Alticus montanoi,120.1303,12.2089
Alticus montanoi,121.955558777,20.4388885498
Alticus montanoi,121.920562744,20.3513889313
