species,decimalLongitude,decimalLatitude
Aluterus scriptus,153.266,-30.016
Aluterus scriptus,151.266,-33.8
Aluterus scriptus,118.973,-17.528
Aluterus scriptus,121.054,-15.7989
Aluterus scriptus,118.97433,-17.5335
Aluterus scriptus,112.9,-26.5
Aluterus scriptus,119.37333,-17.26833
Aluterus scriptus,118.97633,-17.52766
Aluterus scriptus,113.66667,-22.71667
Aluterus scriptus,113.8302,-22.2362
Aluterus scriptus,151.283,-33.8
Aluterus scriptus,113.73891,-23.11951
Aluterus scriptus,115.30709,-20.352
Aluterus scriptus,118.91133,-17.54566
Aluterus scriptus,113.66667,-28.66667
Aluterus scriptus,114.15944,-21.77651
Aluterus scriptus,114.88738,-21.48864
Aluterus scriptus,118.91733,-17.5335
Aluterus scriptus,113.76133,-22.3407
Aluterus scriptus,151.25,-33.833
Aluterus scriptus,114.05,-21.83333
Aluterus scriptus,118.97583,-17.55
Aluterus scriptus,118.976,-17.54766
Aluterus scriptus,118.97216,-17.524
Aluterus scriptus,119.38583,-17.34433
Aluterus scriptus,114.15842,-21.7788
Aluterus scriptus,115.58067,-20.57063
Aluterus scriptus,113.8417,-22.2026
Aluterus scriptus,119.33283,-17.38483
Aluterus scriptus,113.85499,-22.14489
Aluterus scriptus,113.63333,-22.6
Aluterus scriptus,118.92166,-17.52166
Aluterus scriptus,119.37083,-17.26483
Aluterus scriptus,113.9556,-21.9056
Aluterus scriptus,114.76728,-21.50996
Aluterus scriptus,113.8868,-22.0937
Aluterus scriptus,113.8441,-22.2015
Aluterus scriptus,115.50644,-20.34062
Aluterus scriptus,115.1986,-21.516
