species,decimalLongitude,decimalLatitude
Aluterus monoceros,117.365,-20.19083
Aluterus monoceros,113.56282,-22.66875
Aluterus monoceros,117.20056,-19.93333
Aluterus monoceros,118.11917,-19.14333
Aluterus monoceros,116.44167,-20.225
Aluterus monoceros,116.1125,-20.34667
Aluterus monoceros,117.5425,-19.85028
Aluterus monoceros,153.53333,-27.43333
Aluterus monoceros,118.10917,-20.07667
Aluterus monoceros,118.01334,-19.41166
Aluterus monoceros,116.75834,-20.31667
Aluterus monoceros,151.583,-33.417
Aluterus monoceros,116.79236,-19.90944
Aluterus monoceros,114.07748,-21.70252
Aluterus monoceros,118.35,-19.71667
Aluterus monoceros,117.73333,-19.75833
Aluterus monoceros,119.51667,-19.63333
Aluterus monoceros,116.34084,-19.69
Aluterus monoceros,119.03333,-18.96667
Aluterus monoceros,118.5,-19.033
Aluterus monoceros,117.38084,-20.3325
Aluterus monoceros,118.78334,-19.11667
Aluterus monoceros,121.77,-15.1086
Aluterus monoceros,118.2302,-19.307
Aluterus monoceros,113.91082,-21.89999
Aluterus monoceros,117.21667,-19.73333
Aluterus monoceros,118.4,-19.05
Aluterus monoceros,118.865,-19.0725
Aluterus monoceros,116.61083000000001,-19.73833
Aluterus monoceros,117.09292,-19.93361
Aluterus monoceros,121.741,-15.1031
Aluterus monoceros,116.935,-20.2775
Aluterus monoceros,118.6075,-19.11
Aluterus monoceros,121.01667,-16.84166
Aluterus monoceros,116.55667,-19.79333
Aluterus monoceros,117.12917,-19.86333
Aluterus monoceros,113.62554,-22.52619
Aluterus monoceros,152,-32
Aluterus monoceros,118.55167,-19.61667
Aluterus monoceros,116.855,-20.2375
Aluterus monoceros,151.266,-33.95
Aluterus monoceros,151.9,-32.85833
Aluterus monoceros,118.21167,-19.49
Aluterus monoceros,115.7187,-19.8832
Aluterus monoceros,118.64834,-18.9725
Aluterus monoceros,118.21667,-19.76667
Aluterus monoceros,116.77,-19.45917
Aluterus monoceros,117.22,-19.53
Aluterus monoceros,151.475,-33.58333
Aluterus monoceros,116.295,-20.3698
Aluterus monoceros,117.225,-20.23333
Aluterus monoceros,118.84417,-18.75666
Aluterus monoceros,117.7425,-20.1575
Aluterus monoceros,116.82084,-19.7225
Aluterus monoceros,118.16334,-19.44167
Aluterus monoceros,117.43333,-19.6
Aluterus monoceros,116.19264,-20.18333
Aluterus monoceros,116.717,-19.4238
Aluterus monoceros,119.33403,-19.18416
Aluterus monoceros,116.2567,-19.8185
Aluterus monoceros,117.08333333333333,-19.333333333333332
Aluterus monoceros,115.6,-20.06167
Aluterus monoceros,115.61667,-20.43333
Aluterus monoceros,117.73333,-19.71833
Aluterus monoceros,118.1,-19.68916
Aluterus monoceros,118.41334,-19.13
Aluterus monoceros,121.44167,-17.55833
Aluterus monoceros,116.28417,-20.3675
Aluterus monoceros,118.1525,-19.35333
Aluterus monoceros,150,-36
Aluterus monoceros,151.266,-33.816
Aluterus monoceros,118.34667,-19.69
Aluterus monoceros,117.266,-20
Aluterus monoceros,118.06667,-20.15
Aluterus monoceros,117.58383,-19.47749
Aluterus monoceros,118.47334,-19.54166
Aluterus monoceros,118.16084,-20.01917
Aluterus monoceros,117.41667,-19.64167
Aluterus monoceros,116.75334,-19.69333
Aluterus monoceros,115.96666666666667,-20.216666666666665
Aluterus monoceros,116.55417,-19.68667
Aluterus monoceros,117.41334,-20.03166
Aluterus monoceros,115.88333,-20.35
Aluterus monoceros,115.5175,-19.92583
Aluterus monoceros,117.1775,-19.61583
Aluterus monoceros,117.10917,-20.22417
Aluterus monoceros,121.74117,-15.103
Aluterus monoceros,115.25584,-20.1575
Aluterus monoceros,113.81939,-22.09438
Aluterus monoceros,151.9,-32.85
Aluterus monoceros,117.14223,-19.93333
Aluterus monoceros,117.2275,-20.33916
Aluterus monoceros,118.08584,-19.48333
Aluterus monoceros,116.23334,-19.675
Aluterus monoceros,117.87334,-19.97666
Aluterus monoceros,116.75139,-19.9593
Aluterus monoceros,119.8,-19.51667
Aluterus monoceros,118.0025,-19.10916
Aluterus monoceros,113.25,-23.75
Aluterus monoceros,117.58084,-19.4775
Aluterus monoceros,116.01667,-20.12417
Aluterus monoceros,117.02167,-20.14916
Aluterus monoceros,118.71667,-19.36083
Aluterus monoceros,121.03917,-18.70267
Aluterus monoceros,151.717,-33.05
Aluterus monoceros,151.95833,-32.92499
Aluterus monoceros,116.76417,-19.98083
Aluterus monoceros,118.475,-19.5
Aluterus monoceros,117.19333,-20.17167
Aluterus monoceros,116.77,-19.785
Aluterus monoceros,116.4333333,-19.6
Aluterus monoceros,119.417,-19.017
Aluterus monoceros,153.25,-26.8
Aluterus monoceros,151.917,-32.85
Aluterus monoceros,117.2287,-20.3422
Aluterus monoceros,118.8725,-19.485
Aluterus monoceros,117.3302,-19.5835
Aluterus monoceros,114.9257,-20.98361
Aluterus monoceros,115.66667,-32.2
Aluterus monoceros,114.33333,-21.66667
Aluterus monoceros,116.75,-19.63667
Aluterus monoceros,118.47083,-19.39667
Aluterus monoceros,118.3275,-19.64
Aluterus monoceros,115.17917,-20.36833
Aluterus monoceros,116.8298,-19.4723
Aluterus monoceros,116.80334,-20.06917
Aluterus monoceros,117.03334,-20.11666
Aluterus monoceros,121,-17.13333
Aluterus monoceros,121.01667,-18.55833
Aluterus monoceros,115.895,-19.9425
Aluterus monoceros,121.31667,-17.5
Aluterus monoceros,118.2625,-19.07583
Aluterus monoceros,117.01042,-19.8668
Aluterus monoceros,151.266,-33.85
Aluterus monoceros,117.7325,-20.08916
Aluterus monoceros,115.9666667,-20.21666667
Aluterus monoceros,118.6025,-18.98
Aluterus monoceros,153.483333,-26.966667
Aluterus monoceros,153.667,-28.4
Aluterus monoceros,117.00583,-19.78416
Aluterus monoceros,152.517,-32.133
Aluterus monoceros,115.88417,-20.09916
Aluterus monoceros,116.96667,-20.01667
Aluterus monoceros,118.03333,-19.825
Aluterus monoceros,117.89167,-19.21916
Aluterus monoceros,116.4375,-20.30333
Aluterus monoceros,117.83333,-19.99167
Aluterus monoceros,117.87,-19.91416
Aluterus monoceros,115.14584,-20.86416
Aluterus monoceros,119.875,-18.71666
Aluterus monoceros,121.60084,-16.0175
Aluterus monoceros,121.10098,-16.25903
Aluterus monoceros,117.44292,-19.88417
Aluterus monoceros,117.04417,-19.70416
Aluterus monoceros,115.5,-20.41667
Aluterus monoceros,117.61917,-19.44916
Aluterus monoceros,118.06667,-19.84167
Aluterus monoceros,153.533333,-27.433333
Aluterus monoceros,118.15,-19.25833
Aluterus monoceros,115.96833,-19.99333
Aluterus monoceros,117.225,-20.24166
Aluterus monoceros,121.7,-17.68333
Aluterus monoceros,118.23,-19.75917
Aluterus monoceros,116.69167,-19.59166
Aluterus monoceros,114,-22
Aluterus monoceros,117.7333,-19.7183
Aluterus monoceros,116.9775,-19.38417
Aluterus monoceros,152,-33
Aluterus monoceros,116.87667,-19.8625
Aluterus monoceros,116.3535,-20.1302
Aluterus monoceros,121.63333,-17.25833
Aluterus monoceros,118.04584,-19.67666
Aluterus monoceros,121.88528,-16.65028
Aluterus monoceros,117.22334,-19.525
Aluterus monoceros,113.549,-22.719
Aluterus monoceros,152.467,-32.683
Aluterus monoceros,120.76667,-18.08333
Aluterus monoceros,115.69,-20.15166
Aluterus monoceros,117.1975,-20.06833
Aluterus monoceros,118.02584,-19.40666
Aluterus monoceros,117,-19.88333
Aluterus monoceros,119.34208,-19.21736
Aluterus monoceros,117.10834,-20.21833
Aluterus monoceros,118.81334,-19.01083
Aluterus monoceros,152.266,-32.716
Aluterus monoceros,118.3025,-19.3575
Aluterus monoceros,116.1275,-19.8775
Aluterus monoceros,145.233,-38.467
Aluterus monoceros,115.1,-20.36666
Aluterus monoceros,117.58383,-19.4775
Aluterus monoceros,118.81,-18.88833
Aluterus monoceros,118.32333,-19.575
Aluterus monoceros,151.467,-33.517
Aluterus monoceros,115.92834,-20.63583
Aluterus monoceros,113.54762,-22.78253
Aluterus monoceros,117.11667,-19.385
Aluterus monoceros,118.60167,-19.90583
Aluterus monoceros,116.32667,-20.43833
Aluterus monoceros,117.45,-20.03833
Aluterus monoceros,118.19667,-19.07
Aluterus monoceros,117.5075,-20.2475
Aluterus monoceros,116.025,-20.50417
Aluterus monoceros,114.97083,-20.435
Aluterus monoceros,116.17667,-20.00166
Aluterus monoceros,119.94167,-18.73416
Aluterus monoceros,116.06667,-20.28333
Aluterus monoceros,116.59583,-20.05167
Aluterus monoceros,117.37,-19.33
Aluterus monoceros,118.25667,-19.06
Aluterus monoceros,118.03333,-19.83333
Aluterus monoceros,117.82,-20.175
Aluterus monoceros,116.46667,-19.925
Aluterus monoceros,117.535,-20.35083
Aluterus monoceros,118.35834,-19.75833
Aluterus monoceros,117.15,-19.99166
Aluterus monoceros,117.05417,-19.995
Aluterus monoceros,117.13417,-19.5675
Aluterus monoceros,145.233001709,-38.466999054
Aluterus monoceros,117.05167,-20.1675
Aluterus monoceros,118.21584,-19.04417
Aluterus monoceros,117.68917,-20.1875
Aluterus monoceros,114.75,-21.33333
Aluterus monoceros,151.316,-33.733
Aluterus monoceros,116.7757,-19.9925
Aluterus monoceros,118.59167,-19.025
Aluterus monoceros,115.19917,-20.2775
Aluterus monoceros,118.12334,-19.33833
Aluterus monoceros,117.73333,-19.7
Aluterus monoceros,117.24417,-20.2125
Aluterus monoceros,116.16667,-20.11667
Aluterus monoceros,116.06417,-20.37583
Aluterus monoceros,151.917,-32.817
Aluterus monoceros,121.98334,-16.20986
Aluterus monoceros,115.575,-20.13333
Aluterus monoceros,116.27167,-19.69917
Aluterus monoceros,118.145,-18.96917
Aluterus monoceros,115.09417,-20.92667
Aluterus monoceros,119.45,-18.71667
Aluterus monoceros,118.395,-19.7325
Aluterus monoceros,116.53584,-19.78583
Aluterus monoceros,118.075,-20.05833
Aluterus monoceros,117.22,-19.3575
Aluterus monoceros,113.25,-26.78361
Aluterus monoceros,116.4365,-20.0728
Aluterus monoceros,118.18,-19.28583
Aluterus monoceros,116.03334,-20.28333
Aluterus monoceros,121.433,-16.533
Aluterus monoceros,117.90583,-19.87
Aluterus monoceros,151.9,-32.933
Aluterus monoceros,118.12639,-19.96083
Aluterus monoceros,118.03333,-19.80833
Aluterus monoceros,118.615,-19.43333
Aluterus monoceros,118.80334,-19.20083
Aluterus monoceros,118.1477,-19.4313
Aluterus monoceros,117.7525,-19.66167
Aluterus monoceros,151.475,-33.5833
Aluterus monoceros,118.92167,-19.465
Aluterus monoceros,118.64667,-18.8675
Aluterus monoceros,119.87499,-18.716
Aluterus monoceros,117.60931,-19.87611
Aluterus monoceros,121.43334,-17.625
Aluterus monoceros,116.73167,-19.55166
Aluterus monoceros,117.66667,-20.275
Aluterus monoceros,116.1525,-20.1725
Aluterus monoceros,118.90334,-19.44833
Aluterus monoceros,117.91917,-19.905
Aluterus monoceros,117.8,-19.98333
Aluterus monoceros,117.89333,-20.03166
Aluterus monoceros,116.53833,-19.8075
Aluterus monoceros,117.85833,-19.53333
Aluterus monoceros,118.255,-19.47416
Aluterus monoceros,116.35056,-19.74167
Aluterus monoceros,117.5955,-19.4712
Aluterus monoceros,117.66667,-19.66736
Aluterus monoceros,118.23334,-19.75417
Aluterus monoceros,115.95,-19.9
Aluterus monoceros,117.64084,-20.1225
Aluterus monoceros,117.81417,-20.12583
Aluterus monoceros,116.48431,-19.71833
Aluterus monoceros,116.7507,-19.90125
Aluterus monoceros,117.66167,-20.00583
Aluterus monoceros,116.425,-20.26417
Aluterus monoceros,117.3945,-20.1828
Aluterus monoceros,116.268,-20.0533
Aluterus monoceros,121.74116,-15.10299
Aluterus monoceros,117.20834,-20.175
Aluterus monoceros,115.63667,-20.14833
Aluterus monoceros,114.99167,-20.88
Aluterus monoceros,116.55,-20.16666
Aluterus monoceros,118.46667,-19.63333
Aluterus monoceros,118.22917,-19.75917
Aluterus monoceros,151.5,-33.5
Aluterus monoceros,117.95,-19.68333
Aluterus monoceros,117.25,-19.5
Aluterus monoceros,117.93583,-19.8725
Aluterus monoceros,119.18334,-18.30833
Aluterus monoceros,121,-17.14167
Aluterus monoceros,151.467,-33.5
Aluterus monoceros,118.43583,-19.95
Aluterus monoceros,117.72,-19.325
Aluterus monoceros,121.06667,-17.33333
Aluterus monoceros,117.5825,-20.02
Aluterus monoceros,116.50167,-20.2475
Aluterus monoceros,153.48333,-26.96667
Aluterus monoceros,151.95,-32.817
Aluterus monoceros,115.22925,-20.81344
Aluterus monoceros,117.80833,-20.21833
Aluterus monoceros,116.68445,-19.725
Aluterus monoceros,117.2525,-19.58833
Aluterus monoceros,122.2,-15.275
Aluterus monoceros,113.16667,-24.75
Aluterus monoceros,116.83917,-20.12333
Aluterus monoceros,117.3525,-20.34666
Aluterus monoceros,118.83334,-19.07
Aluterus monoceros,115.7625,-19.95166
Aluterus monoceros,118.8625,-18.80833
Aluterus monoceros,120.26778,-18.9593
Aluterus monoceros,119.71792,-18.65902
Aluterus monoceros,115.46917,-20.1225
Aluterus monoceros,117.56167,-19.42666
Aluterus monoceros,118.0238,-19.428
Aluterus monoceros,117.77334,-19.29583
Aluterus monoceros,118.34348,-19.77652
Aluterus monoceros,118.14583,-19.76416
Aluterus monoceros,116.525,-19.9
Aluterus monoceros,119.44167,-18.675
Aluterus monoceros,117.0833333,-19.33333333
Aluterus monoceros,118.9,-19.07083
Aluterus monoceros,115.85917,-20.66833
Aluterus monoceros,118.4,-19.3175
Aluterus monoceros,117.10084,-20.1625
Aluterus monoceros,117.94167,-19.7
Aluterus monoceros,118.1625,-19.05833
Aluterus monoceros,118.91667,-19.4825
Aluterus monoceros,117.7325,-19.99833
Aluterus monoceros,117.65834,-20.16166
Aluterus monoceros,115.24834,-20.74166
Aluterus monoceros,116.4975,-20.1975
Aluterus monoceros,116.51667,-19.43333
Aluterus monoceros,116.43333333333334,-19.6
Aluterus monoceros,118.21667,-19.82166
Aluterus monoceros,117.15945,-19.93361
Aluterus monoceros,117.25,-20.23333
Aluterus monoceros,151.483,-33.55
Aluterus monoceros,117.5975,-20.00083
Aluterus monoceros,115.71417,-20.4925
Aluterus monoceros,116.04236,-19.95069
Aluterus monoceros,118.35,-19.58333
Aluterus monoceros,116.55833,-19.6475
Aluterus monoceros,114.85333,-20.6225
Aluterus monoceros,118.9,-19.17541
Aluterus monoceros,116.63431,-19.75972
Aluterus monoceros,117.295,-20.3525
Aluterus monoceros,117.66417,-19.92916
Aluterus monoceros,118.055,-19.145
Aluterus monoceros,118.855,-19.02666
Aluterus monoceros,117.25,-20.233
Aluterus monoceros,121.46517,-18.3265
Aluterus monoceros,118.57334,-19.6275
Aluterus monoceros,117.78834,-19.115
Aluterus monoceros,116.81334,-20.13417
Aluterus monoceros,116.066,-20.283
Aluterus monoceros,117.86667,-19.53333
Aluterus monoceros,116.32,-20.25166
Aluterus monoceros,118.79,-18.92166
Aluterus monoceros,121.30931,-18.27541
Aluterus monoceros,118.99667,-19.08916
Aluterus monoceros,117.47833,-20.20333
Aluterus monoceros,116.77,-19.7975
Aluterus monoceros,115.83,-20.58916
Aluterus monoceros,117.28333,-19.6
Aluterus monoceros,117.98333,-19.72917
Aluterus monoceros,117.4675,-20.0675
Aluterus monoceros,116.24567,-19.82
Aluterus monoceros,118.90945,-19.38333
