species,decimalLongitude,decimalLatitude
Ambiserrula jugosa,151.266,-33.85
Ambiserrula jugosa,153.4,-29.37499
Ambiserrula jugosa,153.4,-29.3
Ambiserrula jugosa,153.5,-29.383
Ambiserrula jugosa,153.333,-29.867
Ambiserrula jugosa,153.467,-29.317
Ambiserrula jugosa,153.383333,-27.266667
Ambiserrula jugosa,153.65,-28.75
Ambiserrula jugosa,153.483,-29.35
Ambiserrula jugosa,151.467,-33.517
Ambiserrula jugosa,153.366667,-27.116667
Ambiserrula jugosa,153.467,-29.367
Ambiserrula jugosa,153.4,-29.633
Ambiserrula jugosa,153.5,-29.283
Ambiserrula jugosa,153.216667,-27.383333
Ambiserrula jugosa,153.216667,-27.183333
Ambiserrula jugosa,153.316667,-27.233333
Ambiserrula jugosa,153.533,-29.217
Ambiserrula jugosa,153.4,-29.617
Ambiserrula jugosa,153.483,-29.267
Ambiserrula jugosa,153.433,-29.5
Ambiserrula jugosa,153.23333,-27.35
Ambiserrula jugosa,153.4,-29.35
Ambiserrula jugosa,153.417,-29.583
Ambiserrula jugosa,153.383,-29.383
Ambiserrula jugosa,151.277,-33.8497
Ambiserrula jugosa,153.667,-28.4
Ambiserrula jugosa,152.1,-32.7
Ambiserrula jugosa,153.25,-27.25
Ambiserrula jugosa,153.6,-27.48333
Ambiserrula jugosa,153.467,-29.3
Ambiserrula jugosa,153.45,-29.5
Ambiserrula jugosa,153.467,-29.517
Ambiserrula jugosa,151.166,-33.966
Ambiserrula jugosa,153.45,-29.333
Ambiserrula jugosa,153.417,-29.383
Ambiserrula jugosa,153.383,-29.367
Ambiserrula jugosa,151.883,-32.85
Ambiserrula jugosa,153.467,-29.567
Ambiserrula jugosa,153.421667,-27.939722
Ambiserrula jugosa,151.766,-33
Ambiserrula jugosa,153.483,-29.533
Ambiserrula jugosa,153.383,-29.417
Ambiserrula jugosa,153.5,-29.25
Ambiserrula jugosa,151.166,-33.833
Ambiserrula jugosa,153.517,-29.283
Ambiserrula jugosa,153.63499,-28.865
Ambiserrula jugosa,153.33333,-29.83333
Ambiserrula jugosa,153.417,-29.333
Ambiserrula jugosa,151.28132,-33.84566
Ambiserrula jugosa,153.517,-29.233
Ambiserrula jugosa,153.55,-27.43333
Ambiserrula jugosa,153.36667,-27.11666
Ambiserrula jugosa,151.983,-32.8
Ambiserrula jugosa,153.15,-27.23333
Ambiserrula jugosa,153.5,-29.317
Ambiserrula jugosa,153.367,-29.317
Ambiserrula jugosa,153.55,-27.433333
Ambiserrula jugosa,151.283,-33.816
Ambiserrula jugosa,153.4,-29.65
Ambiserrula jugosa,153.433,-29.333
Ambiserrula jugosa,151.2,-33.98333
Ambiserrula jugosa,153.417,-29.567
Ambiserrula jugosa,153.567,-28.583
Ambiserrula jugosa,153.36667,-27.46667
Ambiserrula jugosa,153.35,-29.4
Ambiserrula jugosa,153.433,-29.383
Ambiserrula jugosa,153.383,-29.65
Ambiserrula jugosa,153.517,-29.367
Ambiserrula jugosa,153.417,-29.833
Ambiserrula jugosa,153.6,-27.483333
Ambiserrula jugosa,153.35,-29.65
Ambiserrula jugosa,152.25,-33.583
Ambiserrula jugosa,152,-32.867
Ambiserrula jugosa,151.47082,-33.51991
Ambiserrula jugosa,153.4,-29.55
Ambiserrula jugosa,153.417,-29.533
Ambiserrula jugosa,151.183,-33.95
Ambiserrula jugosa,153.35,-29.633
Ambiserrula jugosa,151.283,-33.8
Ambiserrula jugosa,153.366,-27.466
Ambiserrula jugosa,153.39166,-29.65
Ambiserrula jugosa,153.483,-29.383
Ambiserrula jugosa,153.333,-29.65
Ambiserrula jugosa,153.3,-27.433333
Ambiserrula jugosa,153.467,-29.383
Ambiserrula jugosa,151.683,-33.2
Ambiserrula jugosa,153.483,-29.283
Ambiserrula jugosa,153.42167,-27.93972
Ambiserrula jugosa,153,-29.666
Ambiserrula jugosa,150.116,-36.15
Ambiserrula jugosa,153.483,-29.333
Ambiserrula jugosa,151.25583,-33.84133
Ambiserrula jugosa,153.4,-29.283
Ambiserrula jugosa,153.466,-29.42499
Ambiserrula jugosa,153.3,-27.43333
Ambiserrula jugosa,153.433,-29.517
Ambiserrula jugosa,153.333,-29.8
Ambiserrula jugosa,153.333,-29.783
Ambiserrula jugosa,153.417,-29.55
Ambiserrula jugosa,153.333,-29.833
Ambiserrula jugosa,151,-33
Ambiserrula jugosa,153.44166,-29.54166
Ambiserrula jugosa,153.38333,-27.26667
Ambiserrula jugosa,153.483,-29.3
Ambiserrula jugosa,153.183333,-27.15
Ambiserrula jugosa,151.283,-33.833
Ambiserrula jugosa,151.266,-33.8
Ambiserrula jugosa,153.4,-29.317
Ambiserrula jugosa,153.5,-27.03333
Ambiserrula jugosa,153.21667,-27.18333
Ambiserrula jugosa,153.48333,-29.28333
Ambiserrula jugosa,153.517,-29.217
Ambiserrula jugosa,153.45,-29.467
Ambiserrula jugosa,153.433,-29.533
Ambiserrula jugosa,153.4,-29.817
Ambiserrula jugosa,153.49166,-29.3
Ambiserrula jugosa,153.417,-29.3
Ambiserrula jugosa,153.483,-29.317
Ambiserrula jugosa,151.717,-33.05
Ambiserrula jugosa,153.129733,-27.233611
Ambiserrula jugosa,153.233333,-27.35
Ambiserrula jugosa,153.467,-29.4
Ambiserrula jugosa,153.417,-29.35
Ambiserrula jugosa,153.517,-29.25
Ambiserrula jugosa,153.033,-30.8
Ambiserrula jugosa,153.18333,-27.15
Ambiserrula jugosa,153.466667,-27.033333
Ambiserrula jugosa,153.417,-29.283
Ambiserrula jugosa,151.2,-33.983333
Ambiserrula jugosa,153.133,-30.467
Ambiserrula jugosa,153.333,-29.85
Ambiserrula jugosa,153.46667,-27.03333
Ambiserrula jugosa,153.35,-27.25
Ambiserrula jugosa,153.4,-29.533
Ambiserrula jugosa,153.21667,-27.38333
Ambiserrula jugosa,153.333333,-27.166667
Ambiserrula jugosa,153.417,-29.317
Ambiserrula jugosa,153.42499,-29.3
Ambiserrula jugosa,153.45,-29.317
Ambiserrula jugosa,153.33333,-27.16667
Ambiserrula jugosa,153.433,-29.366
Ambiserrula jugosa,153.383,-29.633
Ambiserrula jugosa,153.42499,-29.35
Ambiserrula jugosa,153.5,-29.3
Ambiserrula jugosa,153.31666,-27.23333
Ambiserrula jugosa,153.15,-27.233333
Ambiserrula jugosa,151.883,-32.867
Ambiserrula jugosa,153.367,-29.333
Ambiserrula jugosa,153.367,-29.3
Ambiserrula jugosa,151.767,-33.033
Ambiserrula jugosa,153.5,-27.033333
