species,decimalLongitude,decimalLatitude
Amblyraja hyperborea,149.47517,-38.5755
Amblyraja hyperborea,149.47516,-38.57549
Amblyraja hyperborea,143.82667,-41.03833
Amblyraja hyperborea,144.405,-41.8833
Amblyraja hyperborea,131.383,-34.2956
Amblyraja hyperborea,143.77833,-41.02667
Amblyraja hyperborea,144.38,-41.855
Amblyraja hyperborea,146.19518,-44.26562
Amblyraja hyperborea,144.405,-41.88333
Amblyraja hyperborea,144.3933,-41.8733
Amblyraja hyperborea,144.41,-41.89333
Amblyraja hyperborea,144.39333,-41.87333
Amblyraja hyperborea,149.3615,-38.51433
Amblyraja hyperborea,146.16433,-44.24467
Amblyraja hyperborea,144.41,-41.8933
