species,decimalLongitude,decimalLatitude
Amblyraja jenseni,-49.93,49.03
Amblyraja jenseni,-49.68,49.45
Amblyraja jenseni,-50.08,51.52
Amblyraja jenseni,-49.59,51.07
Amblyraja jenseni,-71.5250015259,39.5791664124
Amblyraja jenseni,-53.4,44.26
Amblyraja jenseni,-51.41,43.1
Amblyraja jenseni,-53.16,44.13
Amblyraja jenseni,-49.85,49.56
Amblyraja jenseni,-49.86,50.19
Amblyraja jenseni,-49.66,50.01
Amblyraja jenseni,-48.46,48.18
Amblyraja jenseni,-70.175,39.55833333
Amblyraja jenseni,-49.99,50.57
Amblyraja jenseni,-50.53,50.28
Amblyraja jenseni,-49.56,48.97
Amblyraja jenseni,-49.51,48.74
Amblyraja jenseni,-49.65,49.16
Amblyraja jenseni,-49.53,50.23
Amblyraja jenseni,-50.7375,50.45
Amblyraja jenseni,-50.44,51.69
Amblyraja jenseni,-52.0167,43.099998
Amblyraja jenseni,-70.45,71.44
Amblyraja jenseni,-71.25,72.06
Amblyraja jenseni,-63.954,42.604333
Amblyraja jenseni,-49.8,50.49
Amblyraja jenseni,-71,71.51
Amblyraja jenseni,-62.9000015259,42.5999984741
Amblyraja jenseni,-44.7583,48.349998
Amblyraja jenseni,-64.99166667,42.325
Amblyraja jenseni,-51.66,43.21
Amblyraja jenseni,-49.72,48.84
Amblyraja jenseni,-49.4,48.77
Amblyraja jenseni,-67.2513889,39.9438889
Amblyraja jenseni,-49.59,49.48
Amblyraja jenseni,-49.46,49.72
Amblyraja jenseni,-71.2,71.58
Amblyraja jenseni,-51.96,43.34
Amblyraja jenseni,-49.16,43.09
Amblyraja jenseni,-67.369720459,39.9758338928
Amblyraja jenseni,-63.954,42.6043
Amblyraja jenseni,-49.29,43
Amblyraja jenseni,-48.7,48.34
Amblyraja jenseni,-49.78,50.04
Amblyraja jenseni,-54.3,55.16
Amblyraja jenseni,-70.1,71.41
Amblyraja jenseni,-52.99,54.5
Amblyraja jenseni,-52.96,54.37
Amblyraja jenseni,-49.57,50.98
Amblyraja jenseni,-51.975,54.908333
Amblyraja jenseni,-71.27,72.07
Amblyraja jenseni,-50.4,50.84
Amblyraja jenseni,-49.19,43.79
Amblyraja jenseni,-50.62,51.85
Amblyraja jenseni,-70.5,71.5
Amblyraja jenseni,-51.39,43.21
Amblyraja jenseni,-9.3478,56.8013
Amblyraja jenseni,-49.5,51.04
Amblyraja jenseni,-72.90833333,38.79166667
Amblyraja jenseni,-49.8,50.21
Amblyraja jenseni,-50.26,50.22
Amblyraja jenseni,-50.21,51.03
Amblyraja jenseni,-49.51,43.02
Amblyraja jenseni,-46.91,46.18
Amblyraja jenseni,-71.3499984741,39.5833015442
Amblyraja jenseni,-70.2,71.58
Amblyraja jenseni,-46.99,46.08
Amblyraja jenseni,-49.58,42.94
Amblyraja jenseni,-49.86,51.05
Amblyraja jenseni,-46.3,46.82
Amblyraja jenseni,-73.1416667,39.6666633
Amblyraja jenseni,-46.6,46.39
Amblyraja jenseni,-51.07,52.29
Amblyraja jenseni,-71.04,71.51
Amblyraja jenseni,-46.16,46.3
Amblyraja jenseni,-48.87,48.25
Amblyraja jenseni,-62.9166984558,42.6166992188
Amblyraja jenseni,-49.91,50.01
Amblyraja jenseni,-50.11,50.53
Amblyraja jenseni,-54.15,44.59
Amblyraja jenseni,-30.33,51.532
Amblyraja jenseni,-46.26,45.85
Amblyraja jenseni,-70.06,71.43
Amblyraja jenseni,-49.58,51.09
Amblyraja jenseni,-71.4,71.47
Amblyraja jenseni,-48.2,45.49
Amblyraja jenseni,-48.2,48.19
Amblyraja jenseni,-69.47,71.4
Amblyraja jenseni,-69.39,71.38
Amblyraja jenseni,-49.83,49.7
Amblyraja jenseni,-49.62,49.76
Amblyraja jenseni,-46.9,46.81
Amblyraja jenseni,-10.2608,55.1205
Amblyraja jenseni,-49.75,50.31
Amblyraja jenseni,-49.82,49.15
Amblyraja jenseni,-72.1333,39.133333
Amblyraja jenseni,-51.58,42.93
Amblyraja jenseni,-48.36,48.12
Amblyraja jenseni,-46.9,46.08
Amblyraja jenseni,-48.8,48.23
Amblyraja jenseni,-51.36,43.08
Amblyraja jenseni,-70.52,71.48
Amblyraja jenseni,-46.12,48.36
Amblyraja jenseni,-50.26,50.66
Amblyraja jenseni,-54.14,44.73
Amblyraja jenseni,-50.07,50.92
Amblyraja jenseni,-69.58,71.41
Amblyraja jenseni,-49.89,48.95
Amblyraja jenseni,-49.59,48.65
Amblyraja jenseni,-49.15,48.56
Amblyraja jenseni,-59.0317,66.5583
Amblyraja jenseni,-70.1,71.54
Amblyraja jenseni,-46.03,48.54
Amblyraja jenseni,-53.67,44.36
Amblyraja jenseni,-53.375,44.299999
Amblyraja jenseni,-52.58,53.87
Amblyraja jenseni,-50.46,50.79
Amblyraja jenseni,-63.5772,42.449444
Amblyraja jenseni,-50.03,50.91
Amblyraja jenseni,-59.715,47.90166667
Amblyraja jenseni,-46.98,46.24
Amblyraja jenseni,-51.76,43.19
Amblyraja jenseni,-71.07,71.52
Amblyraja jenseni,-46.89,48.09
Amblyraja jenseni,-49.84,49.86
Amblyraja jenseni,-68.413402,40.103955
Amblyraja jenseni,-65.3903,41.879444
Amblyraja jenseni,-46.96,47.07
Amblyraja jenseni,-29.655,51.826
Amblyraja jenseni,-69.42,71.39
Amblyraja jenseni,-50.42,50.55
Amblyraja jenseni,-48.75,43.5
Amblyraja jenseni,-45.71,48.68
Amblyraja jenseni,-69.48,71.4
Amblyraja jenseni,-46.51,48.15
Amblyraja jenseni,-49.74,51.25
Amblyraja jenseni,-47.08,48.18
Amblyraja jenseni,-53.63,44.39
Amblyraja jenseni,-67.36972046,39.97583389
Amblyraja jenseni,-70.7833,39.099998
Amblyraja jenseni,-49.93,50.19
Amblyraja jenseni,-52.0167,43.1
Amblyraja jenseni,-51.37,52.5
Amblyraja jenseni,-59.1938,62.51916666666666
Amblyraja jenseni,-58,62.91666666666666
Amblyraja jenseni,-46.6,48.33
Amblyraja jenseni,-49.34,48.64
Amblyraja jenseni,-49.72,50.58
Amblyraja jenseni,-49.2,43.14
Amblyraja jenseni,-59.535,62.5317
Amblyraja jenseni,-49.95,48.87
Amblyraja jenseni,-64.77166667,49.5685
Amblyraja jenseni,-71.325,39.80833333
Amblyraja jenseni,-52.37,53.73
Amblyraja jenseni,-70.06,71.41
Amblyraja jenseni,-46.23,46.02
Amblyraja jenseni,-49.78,50.57
Amblyraja jenseni,-52.79,43.91
Amblyraja jenseni,-50.3,49.35
Amblyraja jenseni,-58.035,50.44666667
Amblyraja jenseni,-53.62,44.38
Amblyraja jenseni,-50.72,50.42
Amblyraja jenseni,-49.68,49.55
Amblyraja jenseni,-50.42,42.67
Amblyraja jenseni,-49.63,50.07
Amblyraja jenseni,-49.79,48.73
Amblyraja jenseni,-75.4400067,35.7700033
Amblyraja jenseni,-54.42,44.76
Amblyraja jenseni,-49.29,48.7
Amblyraja jenseni,-49.7,51.11
Amblyraja jenseni,-9.3495,56.781
Amblyraja jenseni,-51.3,52.56
Amblyraja jenseni,-49.49,49.39
Amblyraja jenseni,-49.22,48.54
Amblyraja jenseni,-67.2513885498,39.9438896179
Amblyraja jenseni,-52.3,53.53
Amblyraja jenseni,-67.25138855,39.94388962
Amblyraja jenseni,-49.86,49.83
Amblyraja jenseni,-66.0388870239,41.1611099243
Amblyraja jenseni,-69.25,71.38
Amblyraja jenseni,-57.31,55.99
Amblyraja jenseni,-49.86,51.01
Amblyraja jenseni,-48.05,45.65
Amblyraja jenseni,-65.2,70.1
Amblyraja jenseni,-50.17,50.96
Amblyraja jenseni,-49.89,49.09
Amblyraja jenseni,-9.7018,56.8018
Amblyraja jenseni,-47,46.21
Amblyraja jenseni,-49.92,48.99
Amblyraja jenseni,-47.23,48.19
Amblyraja jenseni,-49.66,48.94
Amblyraja jenseni,-50.39,51.72
Amblyraja jenseni,-52.77,43.55
Amblyraja jenseni,-50.55,50.71
Amblyraja jenseni,-49.26,48.68
Amblyraja jenseni,-47.04,46.17
Amblyraja jenseni,-49.72,48.85
Amblyraja jenseni,-49.77,48.98
Amblyraja jenseni,-63.412,42.654667
Amblyraja jenseni,-70.57,71.5
Amblyraja jenseni,-51.83,43.37
Amblyraja jenseni,-65.075,41.797222
Amblyraja jenseni,-49.68,49.94
Amblyraja jenseni,-49.5,49.29
Amblyraja jenseni,-50.29,50.4
Amblyraja jenseni,-51.5,52.77
Amblyraja jenseni,-49.52,48.55
Amblyraja jenseni,-51.77,43.2
Amblyraja jenseni,-49.46,49.7
Amblyraja jenseni,-52.54,53.93
Amblyraja jenseni,-54.55,55.17
Amblyraja jenseni,-50.11,51.01
Amblyraja jenseni,-65.2728,42.147778
Amblyraja jenseni,-46.41,47.77
Amblyraja jenseni,-46.88,46.81
Amblyraja jenseni,-51.31,42.95
Amblyraja jenseni,-63.412,42.6547
Amblyraja jenseni,-56.71,55.6
Amblyraja jenseni,-55.21,55.28
Amblyraja jenseni,-49.07,48.39
Amblyraja jenseni,-46.12,46.23
Amblyraja jenseni,-49.79,50.42
Amblyraja jenseni,-49.81,48.75
Amblyraja jenseni,-46.17,46.2
Amblyraja jenseni,-10.4332,54.971
Amblyraja jenseni,-46.78,47.45
Amblyraja jenseni,-71.28,72.11
Amblyraja jenseni,-49.93,49.84
Amblyraja jenseni,-50.65,42.78
Amblyraja jenseni,-52.12,53.44
Amblyraja jenseni,-61.4889,42.952778
Amblyraja jenseni,-49.98,51.43
Amblyraja jenseni,-64.9672,42.1575
Amblyraja jenseni,-49.51,48.81
Amblyraja jenseni,-66.0333023071,41.1500015259
Amblyraja jenseni,-51.78,43.38
Amblyraja jenseni,-46.44,48.17
Amblyraja jenseni,-51.59,42.96
Amblyraja jenseni,-51.35,53.083332
Amblyraja jenseni,-63.9758,42.329444
Amblyraja jenseni,-49.96,50.36
Amblyraja jenseni,-70.56,71.47
Amblyraja jenseni,-70.15,71.43
Amblyraja jenseni,-51.41,43.09
Amblyraja jenseni,-50,49.04
Amblyraja jenseni,-50.94,52.27
Amblyraja jenseni,-46.39,48.18
Amblyraja jenseni,-50.39,51.24
Amblyraja jenseni,-69.41,71.4
Amblyraja jenseni,-58.4839,66.56416666666667
Amblyraja jenseni,-49.75,48.87
Amblyraja jenseni,-50.66,52.02
Amblyraja jenseni,-50.3,50.08
Amblyraja jenseni,-46.73,46.01
Amblyraja jenseni,-50.16,51.05
Amblyraja jenseni,-49.83,48.86
Amblyraja jenseni,-67.36972222,39.97583333
Amblyraja jenseni,-46.7,46.89
Amblyraja jenseni,-9.627,57.2846667
Amblyraja jenseni,-46.04,48.08
Amblyraja jenseni,-53.16,44.12
Amblyraja jenseni,-50.7,51.09
Amblyraja jenseni,-49.72,51.26
Amblyraja jenseni,-58.4922,43.852778
Amblyraja jenseni,-70.58,71.5
Amblyraja jenseni,-56.05,55.44
Amblyraja jenseni,-52.27,53.4
Amblyraja jenseni,-51.24,52.42
Amblyraja jenseni,-50.2,50.91
Amblyraja jenseni,-70.03,71.41
Amblyraja jenseni,-49.97,51.47
Amblyraja jenseni,-55.53,55.32
Amblyraja jenseni,-63.1517,42.551389
Amblyraja jenseni,-52.22,43.6
Amblyraja jenseni,-48.99,43.6
Amblyraja jenseni,-48.98,43.62
Amblyraja jenseni,-48.26,45.55
Amblyraja jenseni,-44.95,48.88
Amblyraja jenseni,-51.28,43.21
Amblyraja jenseni,-46.21,45.96
Amblyraja jenseni,-44.8917,48.966667
Amblyraja jenseni,-46.58,48.12
Amblyraja jenseni,-47.11,46.85
Amblyraja jenseni,-71.35,39.58333
Amblyraja jenseni,-45.67,48.53
Amblyraja jenseni,-49.72,50.21
Amblyraja jenseni,-67.3697222,39.9758333
Amblyraja jenseni,-52.38,43.64
Amblyraja jenseni,-48.85,43.741665
Amblyraja jenseni,-48.1,45.549999
Amblyraja jenseni,-51.47,52.77
Amblyraja jenseni,-46.67,48.26
Amblyraja jenseni,-50.09,51.59
Amblyraja jenseni,-71.2,72.04
Amblyraja jenseni,-70.27,71.41
Amblyraja jenseni,-53.03,43.98
Amblyraja jenseni,-71.25,72.07
Amblyraja jenseni,-48.48,48.29
Amblyraja jenseni,-58.627,67.853
Amblyraja jenseni,-66.36,70.37
Amblyraja jenseni,-12.7465,53.9858
Amblyraja jenseni,-52.54,43.81
Amblyraja jenseni,-65.8239,49.4275
Amblyraja jenseni,-67.25138889,39.94388889
Amblyraja jenseni,-49.75,50.49
Amblyraja jenseni,-49.78,50.3
Amblyraja jenseni,-46.88,46.17
Amblyraja jenseni,-49.64,48.84
Amblyraja jenseni,-49.53,49.92
Amblyraja jenseni,-46.44,48.1
Amblyraja jenseni,-50.12,48.83
Amblyraja jenseni,-54.45,44.76
Amblyraja jenseni,-49.29,48.51
Amblyraja jenseni,-73.5066666666667,63.005
Amblyraja jenseni,-50.87,42.89
Amblyraja jenseni,-52.53,53.92
Amblyraja jenseni,-49.51,48.76
Amblyraja jenseni,-48.47,48.21
Amblyraja jenseni,-51.6667,43.25
Amblyraja jenseni,-49.52,43.03
Amblyraja jenseni,-49.97,49.33
Amblyraja jenseni,-53.43,44.18
Amblyraja jenseni,-49.14,43.35
Amblyraja jenseni,-58.49,57.05
Amblyraja jenseni,-71.25,72.04
Amblyraja jenseni,-49.88,49.83
Amblyraja jenseni,-58.62705,67.85338
Amblyraja jenseni,-66.1866666666667,60.16166666666666
Amblyraja jenseni,-49.32,48.73
Amblyraja jenseni,-9.0628,56.793
Amblyraja jenseni,-49.46,49.46
Amblyraja jenseni,-48.61,48.24
Amblyraja jenseni,-50.63,42.74
Amblyraja jenseni,-58.5167,43.983334
Amblyraja jenseni,-50.72,42.75
Amblyraja jenseni,-52.88,44.13
Amblyraja jenseni,-50.76,52.13
Amblyraja jenseni,-49.31,43.54
Amblyraja jenseni,-49.95,50.46
Amblyraja jenseni,-49.56,49.69
Amblyraja jenseni,-72.17,72.17
Amblyraja jenseni,-52.14,53.45
Amblyraja jenseni,-35.534,53.28
Amblyraja jenseni,-48.76,48.25
Amblyraja jenseni,-46.22,46.41
Amblyraja jenseni,-46.44,45.89
Amblyraja jenseni,-49.72,50.69
Amblyraja jenseni,-50.48,50.56
Amblyraja jenseni,-47.75,45.76
Amblyraja jenseni,-46.2,47.82
Amblyraja jenseni,-50.28,50.56
Amblyraja jenseni,-48.41,48.21
Amblyraja jenseni,-50.5,42.74
Amblyraja jenseni,-51.28,43.12
Amblyraja jenseni,-69.56,71.41
Amblyraja jenseni,-49.64,50.99
Amblyraja jenseni,-49.52,48.94
Amblyraja jenseni,-52.65,43.66
Amblyraja jenseni,-51.11,43.02
Amblyraja jenseni,-49.94,50.58
Amblyraja jenseni,-47.6,45.72
Amblyraja jenseni,-51.27,52.57
Amblyraja jenseni,-71.42,72.1
Amblyraja jenseni,-49.53,50.98
Amblyraja jenseni,-52.18,53.52
Amblyraja jenseni,-70.26,71.43
Amblyraja jenseni,-49.78,50.33
Amblyraja jenseni,-71.45833333,39.70833333
