species,decimalLongitude,decimalLatitude
Amblyeleotris japonica,121.690002441,25.2099990845
Amblyeleotris japonica,136.18,33.98
Amblyeleotris japonica,141.289167,24.800833
Amblyeleotris japonica,141.290833,24.7975
Amblyeleotris japonica,129.866667,31.866667
Amblyeleotris japonica,127.7319924,26.3308886
Amblyeleotris japonica,130.433333,31.233333
Amblyeleotris japonica,130.471945,30.232778
Amblyeleotris japonica,130.183056,31.418889
Amblyeleotris japonica,127.867201,26.637181000000002
Amblyeleotris japonica,127.8666667,26.63333333
Amblyeleotris japonica,108.2863889,10.93538889
Amblyeleotris japonica,167.5,-17.5
