species,decimalLongitude,decimalLatitude
Amblyeleotris yanoi,131.74,2.8744
Amblyeleotris yanoi,131.740188599,2.87448334694
Amblyeleotris yanoi,-3.95894,48.72872
Amblyeleotris yanoi,131.740183333,2.87448333333
Amblyeleotris yanoi,131.7401833,2.874483333
Amblyeleotris yanoi,131.7555333,2.798866667
Amblyeleotris yanoi,11.111884,58.87633
Amblyeleotris yanoi,150.36666666666667,-5.166666666666668
Amblyeleotris yanoi,171.202,7.15603
Amblyeleotris yanoi,131.75553894,2.79886674881
Amblyeleotris yanoi,120.709999084,21.9899997711
Amblyeleotris yanoi,127.7715697,26.4462804
Amblyeleotris yanoi,151.172,-10.2567
Amblyeleotris yanoi,131.755533333,2.79886666667
