species,decimalLongitude,decimalLatitude
Amblygobius nocturnus,122.08333,-16.85
Amblygobius nocturnus,123.14472,-15.67888
Amblygobius nocturnus,119.36667,-17.3
Amblygobius nocturnus,119.333,-17.333
Amblygobius nocturnus,119.61667,-17.1
Amblygobius nocturnus,124.27472,-16.24027
Amblygobius nocturnus,119.33333,-17.3
Amblygobius nocturnus,123.46667,-16.16667
Amblygobius nocturnus,153.03333,-27.16667
Amblygobius nocturnus,115.545,-20.46833
Amblygobius nocturnus,124.08333,-16.11667
Amblygobius nocturnus,119.35,-17.36667
Amblygobius nocturnus,115.53333,-20.43333
