species,decimalLongitude,decimalLatitude
Amblyraja georgiana,-177.838333,-71.65
Amblyraja georgiana,-37.1333367,54.5666633
Amblyraja georgiana,-179.6,-67.85
Amblyraja georgiana,-35.6666666666667,-53.9333333333333
Amblyraja georgiana,-178.666667,-71.958333
Amblyraja georgiana,-27.2999992371,-56.3950004578
Amblyraja georgiana,176.766667,-71.4
Amblyraja georgiana,-27.32,-56.395
Amblyraja georgiana,-46.7409,-61.868721
Amblyraja georgiana,49.3330001831,-45.7319984436
Amblyraja georgiana,-36.4666667,-53.5833333
Amblyraja georgiana,162.4415,-66.216167
Amblyraja georgiana,161.048,-65.4755
Amblyraja georgiana,-38.71,-53.79
Amblyraja georgiana,-38.25,54.4666633
Amblyraja georgiana,-34.9166666666667,-54.65
Amblyraja georgiana,-38.0333328247,-53.7599983215
Amblyraja georgiana,173.433333,-68.266667
Amblyraja georgiana,179.6425,-42.8123
Amblyraja georgiana,178.8185,-44.0533
Amblyraja georgiana,-35.3417,-55.4833
Amblyraja georgiana,-27.5,-56.2666664124
Amblyraja georgiana,-178.29,-71.538333
Amblyraja georgiana,-42.8,54.0333367
Amblyraja georgiana,-34.8166666666667,-54.5833333333333
Amblyraja georgiana,164.296333,-67.220333
Amblyraja georgiana,51.233001709,-46.2999992371
Amblyraja georgiana,-57.4166666666667,-55.1
Amblyraja georgiana,-59.1733016968,-61.6866989136
Amblyraja georgiana,179.9578,-42.7457
Amblyraja georgiana,-41.7833333,-53.5333333
Amblyraja georgiana,-36.9000015259,-53.5983009338
Amblyraja georgiana,-36.4700012207,-53.5867004395
Amblyraja georgiana,173.433333,-68.283333
Amblyraja georgiana,-35.3416671753,-55.4833335876
Amblyraja georgiana,-42.4833333,-53.4333333
Amblyraja georgiana,50.75,-46.1829986572
Amblyraja georgiana,-38.6166992188,-54.6800003052
Amblyraja georgiana,-38.6333333,-54.6833333
Amblyraja georgiana,-37.3666666666667,-53.6166666666667
Amblyraja georgiana,-38.05,54.3666633
