species,decimalLongitude,decimalLatitude
Amblygobius phalaena,113.94532745,-21.96216403
Amblygobius phalaena,113.85,-22.33333
Amblygobius phalaena,113.7242017,-25.86370161
Amblygobius phalaena,113.53506795,-25.92837554
Amblygobius phalaena,113.84751,-22.20774
Amblygobius phalaena,119.35,-17.36667
Amblygobius phalaena,114.174572,-21.8295877
Amblygobius phalaena,153.30933,-29.43032
Amblygobius phalaena,116.55,-20.61666
Amblygobius phalaena,113,-25
Amblygobius phalaena,113.53509706,-25.92835727
Amblygobius phalaena,113.7,-28.48333
Amblygobius phalaena,113.87730417,-22.13186648
Amblygobius phalaena,115.567,-20.4
Amblygobius phalaena,113.53333,-25.93333
Amblygobius phalaena,113.71667,-25.8
Amblygobius phalaena,113.83941818,-22.23723118
Amblygobius phalaena,114.15,-21.866
Amblygobius phalaena,113.83333,-28.75
Amblygobius phalaena,115.53694,-20.47583
Amblygobius phalaena,113.88441,-22.11375
Amblygobius phalaena,113.5,-25.93333
Amblygobius phalaena,113.5,-26.46667
Amblygobius phalaena,122.917,-16.417
Amblygobius phalaena,113.683334351,-22.6833324432
Amblygobius phalaena,151.266,-33.833
Amblygobius phalaena,113.8,-22.35
Amblygobius phalaena,119.333,-17.333
Amblygobius phalaena,113.91667,-28.91667
Amblygobius phalaena,116.88333,-20.43333
Amblygobius phalaena,113.78333,-28.48333
Amblygobius phalaena,115.5047,-31.9902
Amblygobius phalaena,153.41666,-27.46667
Amblygobius phalaena,114.16667,-21.85
Amblygobius phalaena,153.36667,-27.16667
Amblygobius phalaena,115.533,-20.4
Amblygobius phalaena,114,-26
Amblygobius phalaena,151.283,-33.85
Amblygobius phalaena,114.25,-22.08333
Amblygobius phalaena,114.166667,-21.85
Amblygobius phalaena,114.51666,-22.1
Amblygobius phalaena,119.36667,-17.3
Amblygobius phalaena,113.78333,-28.46667
Amblygobius phalaena,115.51666,-20.46667
Amblygobius phalaena,113.73333,-25.35
Amblygobius phalaena,113.23333,-26.11667
Amblygobius phalaena,153.416667,-27.466667
Amblygobius phalaena,153.366667,-27.166667
Amblygobius phalaena,153.58282,-28.258
Amblygobius phalaena,113.16667,-25.93333
Amblygobius phalaena,113,-26
Amblygobius phalaena,113.7167,-28.45
Amblygobius phalaena,113.43333,-26.16667
Amblygobius phalaena,114.03333,-28.88333
Amblygobius phalaena,153.5505,-28.53749
Amblygobius phalaena,113.6833333,-22.68333333
Amblygobius phalaena,114.33333,-21.66667
Amblygobius phalaena,113.638598575259,-25.9522459340334
Amblygobius phalaena,114,-28.88333
Amblygobius phalaena,113.75875,-23.16108
Amblygobius phalaena,113.76089,-23.16384
Amblygobius phalaena,113.533,-25.916
Amblygobius phalaena,113.84787,-22.20633
Amblygobius phalaena,115.5,-32
Amblygobius phalaena,122.417,-16.417
Amblygobius phalaena,113.43333,-26.15
Amblygobius phalaena,113.6197017,-26.1042868
Amblygobius phalaena,113.41667,-24.48333
Amblygobius phalaena,113.21667,-26.15
Amblygobius phalaena,116.40116,-33.836647
Amblygobius phalaena,116.6,-20.46667
Amblygobius phalaena,113.76667,-28.48333
Amblygobius phalaena,113.85,-22.333333
Amblygobius phalaena,113.83333,-22.25
Amblygobius phalaena,119.358,-17.2833
Amblygobius phalaena,114.06873276,-21.82918624
Amblygobius phalaena,115.73333,-32.05
Amblygobius phalaena,119.61667,-17.1
Amblygobius phalaena,113.11667,-25.88333
Amblygobius phalaena,114.51667,-22.1
Amblygobius phalaena,113.93333,-21.96667
Amblygobius phalaena,113.683333333,-22.6833333333
