species,decimalLongitude,decimalLatitude
Amblyeleotris fasciata,145.74422,18.09292
Amblyeleotris fasciata,120.769996643,21.9500007629
Amblyeleotris fasciata,-170.72801,-14.28323
Amblyeleotris fasciata,144.667007446,13.5
Amblyeleotris fasciata,167.5,-17.5
Amblyeleotris fasciata,145.53667,14.84773
Amblyeleotris fasciata,145.833,-15.816
Amblyeleotris fasciata,98.2711105347,7.92082977295
Amblyeleotris fasciata,165.290838295057,-20.5800085674362
Amblyeleotris fasciata,44.05722222,-12.67194444
Amblyeleotris fasciata,165.4,11.6
Amblyeleotris fasciata,98.27111,7.92083
Amblyeleotris fasciata,-4.1561,50.3668
Amblyeleotris fasciata,144.736663818,13.444439888
Amblyeleotris fasciata,43.5,-12.3977777778
Amblyeleotris fasciata,123.4544444,9.204722222
Amblyeleotris fasciata,120.35,22.31
Amblyeleotris fasciata,145.2101288,14.18533838
Amblyeleotris fasciata,98.368057251,7.58611106873
Amblyeleotris fasciata,144.73666,13.44444
Amblyeleotris fasciata,-149.82,-17.48
Amblyeleotris fasciata,-170.75945,-14.28988
Amblyeleotris fasciata,144.432222,7.2494440000000004
Amblyeleotris fasciata,44.0575,-12.67194444
Amblyeleotris fasciata,145.624588,14.948628
Amblyeleotris fasciata,145,13
Amblyeleotris fasciata,123.385,9.43666666667
Amblyeleotris fasciata,144.667,13.5
Amblyeleotris fasciata,123.454444444,9.20472222222
Amblyeleotris fasciata,145.23418,20.0144
Amblyeleotris fasciata,145.7906969,16.70210523
Amblyeleotris fasciata,-173.78,-15.93
Amblyeleotris fasciata,-149.764,-17.4794
Amblyeleotris fasciata,-167.766,-19.983
Amblyeleotris fasciata,123.385002136,9.43666648865
Amblyeleotris fasciata,44.057220459,-12.6719446182
Amblyeleotris fasciata,44.0572222222,-12.6719444444
Amblyeleotris fasciata,131.774,2.9292
Amblyeleotris fasciata,123.385,9.436666667
Amblyeleotris fasciata,145.7051747,18.04469308
Amblyeleotris fasciata,109.311943054,12.1711111069
Amblyeleotris fasciata,98.3680555556,7.58611111111
Amblyeleotris fasciata,145.76963,15.156
Amblyeleotris fasciata,-174.5,-19.96
Amblyeleotris fasciata,131.746,2.8989
Amblyeleotris fasciata,144.70323,13.24143
Amblyeleotris fasciata,123.017,-12.183
Amblyeleotris fasciata,44.0575,-12.6719444444
Amblyeleotris fasciata,145.789435,16.697046
Amblyeleotris fasciata,-86.8459,21.159
Amblyeleotris fasciata,98.36805556,7.586111111
Amblyeleotris fasciata,145.62132,15.08027
Amblyeleotris fasciata,123.454444885,9.20472240448
Amblyeleotris fasciata,145.78907,16.706505
Amblyeleotris fasciata,145.85096,17.588836
Amblyeleotris fasciata,145.66322,18.72673
Amblyeleotris fasciata,144.774117,13.311827
Amblyeleotris fasciata,145.705884,18.050178
Amblyeleotris fasciata,145.139022,14.149053
Amblyeleotris fasciata,43.5,-12.39777778
Amblyeleotris fasciata,144.704575,13.24150415
Amblyeleotris fasciata,-149.869,-17.4843
Amblyeleotris fasciata,131.765,2.8283
Amblyeleotris fasciata,144.938892,13.548394
Amblyeleotris fasciata,145.414057,19.704026
Amblyeleotris fasciata,44.0574989319,-12.6719446182
Amblyeleotris fasciata,-178.199996948,-19.8250007629
Amblyeleotris fasciata,145.64033,18.75735
Amblyeleotris fasciata,145.2292807,20.02294511
Amblyeleotris fasciata,145.75567,18.11945
Amblyeleotris fasciata,109.311944444,12.1711111111
Amblyeleotris fasciata,-173.96307,-18.66829
Amblyeleotris fasciata,109.3119444,12.17111111
Amblyeleotris fasciata,-0.3,-5
