species,decimalLongitude,decimalLatitude
Amblycirrhitus unimacula,121.979156494,20.480556488
Amblycirrhitus unimacula,169.211395264,-18.740278244
Amblycirrhitus unimacula,165.08833313,-9.79833316803
Amblycirrhitus unimacula,-149.4057,-23.4251
Amblycirrhitus unimacula,121.800003052,20.7999992371
Amblycirrhitus unimacula,-174.066665649,-18.6397228241
Amblycirrhitus unimacula,168.058334351,-15.0119438171
Amblycirrhitus unimacula,121.963890076,20.4027786255
Amblycirrhitus unimacula,168.416671753,-17.8230552673
Amblycirrhitus unimacula,-174.43888855,-21.3041667938
Amblycirrhitus unimacula,167.406112671,-13.7461109161
Amblycirrhitus unimacula,-147.6609,-23.9122
Amblycirrhitus unimacula,121.902778625,22.9041671753
Amblycirrhitus unimacula,121.9,20.9
Amblycirrhitus unimacula,-174.439,-21.3042
Amblycirrhitus unimacula,169.39944458,-19.4727783203
Amblycirrhitus unimacula,168.470550537,-16.8383331299
Amblycirrhitus unimacula,-174.067,-18.6397
