species,decimalLongitude,decimalLatitude
Amioides polyacanthus,120.730003357,21.9400005341
Amioides polyacanthus,122.583333,10.683333
Amioides polyacanthus,115.5432667,-8.6745
Amioides polyacanthus,120.760205,14.358786
Amioides polyacanthus,55.25,-21
Amioides polyacanthus,55.566666,-21.1
Amioides polyacanthus,55,-20
Amioides polyacanthus,55.230556,-20.615278
Amioides polyacanthus,55.53,-21.26
Amioides polyacanthus,121.933333,10.5
Amioides polyacanthus,55.230556488,-20.615278244
Amioides polyacanthus,46.202,-15.352
Amioides polyacanthus,55.5830001831,-21.1170005798
Amioides polyacanthus,46.2019996643,-15.3520002365
Amioides polyacanthus,55.583,-21.117
