species,decimalLongitude,decimalLatitude
Ammotretis lituratus,149.93,-37.1
Ammotretis lituratus,146.75,-41.08332
Ammotretis lituratus,146.8,-41.06665
Ammotretis lituratus,143.66667,-38.76667
Ammotretis lituratus,148.417,-39.5225
Ammotretis lituratus,149.966,-37.166
Ammotretis lituratus,138.5167,-34.8
Ammotretis lituratus,147.3,-39.45
Ammotretis lituratus,148.333,-40
Ammotretis lituratus,144.87,-39.92
Ammotretis lituratus,145.28,-38.28
Ammotretis lituratus,144.668,-38.2672
Ammotretis lituratus,148.33,-40
Ammotretis lituratus,144.65,-41.05
Ammotretis lituratus,115.19167,-20.24194
Ammotretis lituratus,144.93,-37.87
Ammotretis lituratus,149.87334,-37.595
Ammotretis lituratus,146.715,-38.6533
Ammotretis lituratus,147.955,-37.8786
Ammotretis lituratus,146.295,-39.0333
Ammotretis lituratus,146.78333,-41.1
Ammotretis lituratus,148.10834,-42.425
Ammotretis lituratus,147.91017,-42.5785
Ammotretis lituratus,138.45,-35.33
Ammotretis lituratus,147.58,-43.05
Ammotretis lituratus,145.92,-43.27
Ammotretis lituratus,148.216,-42.083
Ammotretis lituratus,134.516,-33.716
Ammotretis lituratus,118.15931,-19.04333
Ammotretis lituratus,148.7,-40.016
Ammotretis lituratus,136,-34
Ammotretis lituratus,147.91016,-42.57849
Ammotretis lituratus,148.033,-40.016
Ammotretis lituratus,147.483,-42.966
Ammotretis lituratus,148.21667,-42.08333
Ammotretis lituratus,148.28333,-40
Ammotretis lituratus,146.58,-39.0133
Ammotretis lituratus,148.283333,-40
Ammotretis lituratus,115.4507,-20.15069
