species,decimalLongitude,decimalLatitude
Amphiprion frenatus,103.803433,1.35843
Amphiprion frenatus,109.245002747,12.2877779007
Amphiprion frenatus,123.470001221,9.22500038147
Amphiprion frenatus,127.86666666666666,26.233333333333334
Amphiprion frenatus,109.245,12.2877777778
Amphiprion frenatus,115.514,-8.53024
Amphiprion frenatus,122.508331299,10.579167366
Amphiprion frenatus,117.212,-11.708
Amphiprion frenatus,123.453887939,9.20444393158
Amphiprion frenatus,121.034156799,10.9180555344
Amphiprion frenatus,120.992500305,13.5180559158
Amphiprion frenatus,121.172605,13.409638
Amphiprion frenatus,129.26666666666668,28.191666666666666
Amphiprion frenatus,72.7274,3.88565
Amphiprion frenatus,114.370002747,10.3699998856
Amphiprion frenatus,34.7401,25.3379
Amphiprion frenatus,99.9908,9.94472
Amphiprion frenatus,127.7715697,26.4462804
Amphiprion frenatus,120.009499999387,8.92514000302976
Amphiprion frenatus,123.370975,12.524701
Amphiprion frenatus,105.8465,2.953778
Amphiprion frenatus,120.826,13.6995
Amphiprion frenatus,123.385,9.43638888889
Amphiprion frenatus,127.7306061,26.3668358
Amphiprion frenatus,128.2760884,26.8601916
Amphiprion frenatus,127.7319924,26.3308886
Amphiprion frenatus,109.300552368,12.1719446182
Amphiprion frenatus,123.41166687,8.8516664505
Amphiprion frenatus,-123.5091667,49.6627778
Amphiprion frenatus,121.92,25.1101
Amphiprion frenatus,121.514,22.0507
Amphiprion frenatus,127.8316665,26.4947624
Amphiprion frenatus,92.75,12.5
Amphiprion frenatus,44.216667,-20.383333
Amphiprion frenatus,106.739,8.69768
Amphiprion frenatus,44.2166671753,-20.3833332062
Amphiprion frenatus,75,10
Amphiprion frenatus,178.688433,-17.959167
Amphiprion frenatus,121.519996643,22.0799999237
Amphiprion frenatus,109.300834656,12.1719446182
Amphiprion frenatus,123.385,9.43666666667
Amphiprion frenatus,109.300833333,12.1719444444
Amphiprion frenatus,106.735,8.69276
Amphiprion frenatus,93,10
Amphiprion frenatus,114.361,10.381
Amphiprion frenatus,124.256,24.38
Amphiprion frenatus,124.255,24.3847
Amphiprion frenatus,120.933326721,10.875
Amphiprion frenatus,121.003890991,10.8533334732
Amphiprion frenatus,123.453888889,9.20444444444
Amphiprion frenatus,123.385002136,9.43638896942
Amphiprion frenatus,127.8857326,26.6210259
Amphiprion frenatus,123.180000305,9.10000038147
Amphiprion frenatus,108,-3
Amphiprion frenatus,129.2225,28.193333333333335
Amphiprion frenatus,123.385002136,9.43666648865
Amphiprion frenatus,123.49445343,9.1411113739
Amphiprion frenatus,123.256667,9.395
Amphiprion frenatus,123.275001526,9.06666660309
Amphiprion frenatus,109.318056,12.1925
Amphiprion frenatus,120.7,21.98
Amphiprion frenatus,129.26333333333332,28.188333333333333
Amphiprion frenatus,74.3271,14.0186
Amphiprion frenatus,121.180386,13.416793
Amphiprion frenatus,123.201741,11.429572
Amphiprion frenatus,129.26666666666668,28.186666666666667
Amphiprion frenatus,120.97805,13.507433
Amphiprion frenatus,120.813331604,21.9300003052
Amphiprion frenatus,114.374,10.374
Amphiprion frenatus,123.2566666603088,9.395000012715656
Amphiprion frenatus,73.7832,15.3503
Amphiprion frenatus,116.706,20.714
Amphiprion frenatus,119.839341611354,8.79612393901102
Amphiprion frenatus,106.836998,-6.078999996
Amphiprion frenatus,119.822692233337,8.74372800349681
Amphiprion frenatus,109.238333,12.21
Amphiprion frenatus,123.211669922,8.74666690826
Amphiprion frenatus,106.836997986,-6.07899999619
Amphiprion frenatus,124.185,24.321666666666665
Amphiprion frenatus,121.400001526,18.8999996185
Amphiprion frenatus,178.72335,-17.823617
Amphiprion frenatus,123.409859,9.39233
Amphiprion frenatus,124.0981851,24.4148812
Amphiprion frenatus,178.75025,-17.991733
Amphiprion frenatus,129.62916666666666,28.446666666666665
Amphiprion frenatus,123.514556,9.1375
Amphiprion frenatus,120.61653,14.071887
Amphiprion frenatus,127.8375433,26.500003800000002
Amphiprion frenatus,104.063,2.88653
Amphiprion frenatus,127.278532,26.199107
Amphiprion frenatus,124.255,24.3533
Amphiprion frenatus,178.734017,-17.954483
Amphiprion frenatus,109.291667,12.201667
Amphiprion frenatus,124.01666666666667,24.233333333333334
Amphiprion frenatus,104.155,2.825
Amphiprion frenatus,119.400001526,4.69999980927
Amphiprion frenatus,177.167,-17.85
Amphiprion frenatus,92.8166656494,11.1166667938
Amphiprion frenatus,120.833343506,21.9166660309
Amphiprion frenatus,106.242389,3.243028
Amphiprion frenatus,127.940575,26.500373
Amphiprion frenatus,31,-29.85
Amphiprion frenatus,119.880261437599,8.90034993218769
Amphiprion frenatus,119.809996682856,8.80859975817503
Amphiprion frenatus,123.683,9.51246
Amphiprion frenatus,92.816666,11.116667
Amphiprion frenatus,114.371,10.376
Amphiprion frenatus,120.929767,13.51355
Amphiprion frenatus,120.93905,13.516533
