species,decimalLongitude,decimalLatitude
Amphiprion nigripes,73.553,4.25343
Amphiprion nigripes,79.8079986572,7.117000103
Amphiprion nigripes,73.62,10.07
Amphiprion nigripes,73.505556,4.180556
Amphiprion nigripes,78.8867,8.9532
Amphiprion nigripes,121.774,12.8797
Amphiprion nigripes,73.0071,4.32022
Amphiprion nigripes,79.80799866,7.117000103
Amphiprion nigripes,72.7199,4.00038
Amphiprion nigripes,72.5,11
Amphiprion nigripes,73.5549,4.27948
Amphiprion nigripes,73.03,8.26
Amphiprion nigripes,72.15,10.86
Amphiprion nigripes,106.98500061,10.1450004578
Amphiprion nigripes,72.724,3.616
Amphiprion nigripes,72.9913,3.28452
Amphiprion nigripes,73.5361,3
Amphiprion nigripes,72.9782,4.261
Amphiprion nigripes,72.9999,4.87113
Amphiprion nigripes,81.248336792,8.60000038147
Amphiprion nigripes,72.4315,3.35272
Amphiprion nigripes,72.9538,3.63414
Amphiprion nigripes,106.9850006,10.14500046
Amphiprion nigripes,55.734449,-4.328735
Amphiprion nigripes,72.29,10.94
Amphiprion nigripes,73.185556,4.193889
Amphiprion nigripes,72.63,10.55
Amphiprion nigripes,73.5346,4.24139
