species,decimalLongitude,decimalLatitude
Amphiprion chrysogaster,120.4789963,14.24600029
Amphiprion chrysogaster,72.5,11
Amphiprion chrysogaster,122.094699,6.861424
Amphiprion chrysogaster,57.3444442749,-20.3611106873
Amphiprion chrysogaster,57.3574981689,-20.3808326721
Amphiprion chrysogaster,120.478996277,14.2460002899
Amphiprion chrysogaster,79.8079986572,7.117000103
Amphiprion chrysogaster,63.4202766418,-19.6783332825
Amphiprion chrysogaster,55,-20
Amphiprion chrysogaster,51.2000007629,-10.1000003815
Amphiprion chrysogaster,57.583332,-20.299999
Amphiprion chrysogaster,63.420277,-19.678333
Amphiprion chrysogaster,55.53,-21.26
Amphiprion chrysogaster,55.230556,-20.615278
Amphiprion chrysogaster,79.80799866,7.117000103
Amphiprion chrysogaster,59.323333,-16.7445
Amphiprion chrysogaster,62.075833,-11.576
Amphiprion chrysogaster,55.230556488,-20.615278244
Amphiprion chrysogaster,72.63,10.55
Amphiprion chrysogaster,57.333332,-20.200001
Amphiprion chrysogaster,63.415833,-19.655
Amphiprion chrysogaster,57.3575,-20.380833
Amphiprion chrysogaster,73.62,10.07
