species,decimalLongitude,decimalLatitude
Amphiprion chagosensis,72.2622222222,-5.30111111111
Amphiprion chagosensis,70.7661132812,-5.4069442749
Amphiprion chagosensis,71.8119444444,-5.45055555556
Amphiprion chagosensis,72.26222229,-5.30111122131
Amphiprion chagosensis,71.7488861084,-5.3858332634
Amphiprion chagosensis,72.20917,-5.34417
Amphiprion chagosensis,71.76055,-5.26276667
Amphiprion chagosensis,72.4616699219,-7.34555578232
Amphiprion chagosensis,72.2139,-5.33908333
Amphiprion chagosensis,71.8119430542,-5.45055580139
Amphiprion chagosensis,72.23033333,-5.3575
Amphiprion chagosensis,72.2286148071,-5.36250019073
Amphiprion chagosensis,72.2091666667,-5.34416666667
Amphiprion chagosensis,72.2091674805,-5.34417009354
Amphiprion chagosensis,72.4636077881,-7.33611106873
Amphiprion chagosensis,-86.6832,21.0917
Amphiprion chagosensis,72.3833312988,-7.24694395065
Amphiprion chagosensis,72.2091674805,-5.34416675568
Amphiprion chagosensis,72.28088333,-5.33418333
Amphiprion chagosensis,72.2044444444,-5.35527777778
Amphiprion chagosensis,72.22866667,-5.35931667
Amphiprion chagosensis,71.7488888889,-5.38583333333
Amphiprion chagosensis,72.2044448853,-5.35527801514
Amphiprion chagosensis,72.22358333,-5.34238333
Amphiprion chagosensis,70.7661111111,-5.40694444444
Amphiprion chagosensis,72.2097,-5.34472
Amphiprion chagosensis,72.2099990845,-5.34472227097
