species,decimalLongitude,decimalLatitude
Amphiprion clarkii,117.36,-20.3325
Amphiprion clarkii,114.5,-21.6
Amphiprion clarkii,114.7994,-21.55203
Amphiprion clarkii,153.5,-28.11666
Amphiprion clarkii,113.5,-25.41667
Amphiprion clarkii,115.09395,-21.48434
Amphiprion clarkii,115.31667,-20.95
Amphiprion clarkii,105.66667,-10.5
Amphiprion clarkii,116.55267,-20.53367
Amphiprion clarkii,113.73333,-25.35
Amphiprion clarkii,115.09404,-21.31692
Amphiprion clarkii,124.30194,-16.08333
Amphiprion clarkii,113.97653,-28.81566
Amphiprion clarkii,113.99398,-28.81437
Amphiprion clarkii,116.58333,-20.48333
Amphiprion clarkii,105.66667,-10.48333
Amphiprion clarkii,119.3639,-17.2794
Amphiprion clarkii,113.76667,-28.48333
Amphiprion clarkii,105.650001526,-10.4499998093
Amphiprion clarkii,113.71667,-28.5
Amphiprion clarkii,122.15,-17.35
Amphiprion clarkii,118.976,-17.589
Amphiprion clarkii,113.41667,-24.48333
Amphiprion clarkii,113.638598575259,-25.9522459340334
Amphiprion clarkii,117.35834,-20.3575
Amphiprion clarkii,113.83333,-28.5
Amphiprion clarkii,105.65,-10.45
Amphiprion clarkii,113.68333,-28.48333
Amphiprion clarkii,113.41667,-24.88333
Amphiprion clarkii,119.583,-17.083
Amphiprion clarkii,113.9428,-28.78343
Amphiprion clarkii,115.7225,-20.66333
Amphiprion clarkii,119.333,-17.333
Amphiprion clarkii,114.16667,-21.85
Amphiprion clarkii,113.41667,-24.33333
Amphiprion clarkii,119.31667,-17.3
Amphiprion clarkii,113.83333,-28.75
Amphiprion clarkii,117.79917,-20.17583
Amphiprion clarkii,117.76667,-20.26667
Amphiprion clarkii,113.91667,-28.9
Amphiprion clarkii,118.63333,-20.3
Amphiprion clarkii,117.3525,-20.34666
Amphiprion clarkii,116.53333,-20.48333
Amphiprion clarkii,116.5299,-20.5575
Amphiprion clarkii,113.97488,-28.81337
Amphiprion clarkii,113.76667,-28.5
Amphiprion clarkii,114.85461,-21.50564
Amphiprion clarkii,113.38333,-24.86666
