species,decimalLongitude,decimalLatitude
Amphiprion chrysopterus,-169.421685,-14.214854
Amphiprion chrysopterus,-170.578458,-14.277499
Amphiprion chrysopterus,145.2074228,20.02528642
Amphiprion chrysopterus,144.59066,-10.15866
Amphiprion chrysopterus,144.818413,13.565543
Amphiprion chrysopterus,-142.433333,-16.016667
Amphiprion chrysopterus,-170.622297,-14.255155
Amphiprion chrysopterus,146.11398,-16.65238
Amphiprion chrysopterus,-176.47473,0.18763
Amphiprion chrysopterus,-170.5619028,-14.24946313
Amphiprion chrysopterus,145.2352622,20.01347481
Amphiprion chrysopterus,165.800003052,-10.8083333969
Amphiprion chrysopterus,-175.270996094,-21.0659999847
Amphiprion chrysopterus,145.7084089,18.0603177
Amphiprion chrysopterus,-174.28115,-19.691707
Amphiprion chrysopterus,134.446389,7.218056
Amphiprion chrysopterus,-176.4855493,0.19731168
Amphiprion chrysopterus,145.2398099,20.01751992
Amphiprion chrysopterus,-176.45694,0.19311
Amphiprion chrysopterus,145.420366,19.69127496
Amphiprion chrysopterus,145.3987003,19.6750662
Amphiprion chrysopterus,178.389166667,-18.1441666667
Amphiprion chrysopterus,144.8782804,13.65065427
Amphiprion chrysopterus,145.7057536,15.10963205
Amphiprion chrysopterus,-170.63179,-14.88716
Amphiprion chrysopterus,-169.67493,-14.18671
Amphiprion chrysopterus,144.87935,13.64855
Amphiprion chrysopterus,-176.485,0.1989
Amphiprion chrysopterus,-169.60681,-14.1610084
Amphiprion chrysopterus,-170.8327293,-14.32688727
Amphiprion chrysopterus,-170.70452,-14.33595
Amphiprion chrysopterus,-170.7819871,-14.28764462
Amphiprion chrysopterus,172.866,1.966
Amphiprion chrysopterus,177.6,-16.7166666667
Amphiprion chrysopterus,-169.603487,-14.18870221
Amphiprion chrysopterus,144.9624264,13.5999834
Amphiprion chrysopterus,145.2354503,20.02882543
Amphiprion chrysopterus,145.6394757,18.75679149
Amphiprion chrysopterus,-176.4862,0.197
Amphiprion chrysopterus,-175.200589,-21.114349
Amphiprion chrysopterus,145.2077,20.02328
Amphiprion chrysopterus,144.6387,13.22989
Amphiprion chrysopterus,-174.0997,-18.75108333
Amphiprion chrysopterus,-169.624384,-14.163018
Amphiprion chrysopterus,-170.7674335,-14.36350428
Amphiprion chrysopterus,178.533,-18.183
Amphiprion chrysopterus,-176.481822,0.20450067
Amphiprion chrysopterus,-174.728014,-20.321688
Amphiprion chrysopterus,-143.56,-16.62
Amphiprion chrysopterus,145.7487443,15.12670523
Amphiprion chrysopterus,-170.66151,-14.31963
Amphiprion chrysopterus,-174.98306,-21.126265
Amphiprion chrysopterus,-176.6212,0.8009
Amphiprion chrysopterus,-174.01478,-18.84899
Amphiprion chrysopterus,145.2384656,20.02334082
Amphiprion chrysopterus,-170.752733,-14.364283
Amphiprion chrysopterus,-174.374937,-19.773982
Amphiprion chrysopterus,145.4167177,19.70216037
Amphiprion chrysopterus,-174.526883,-19.840817
Amphiprion chrysopterus,-176.48543,0.19746
Amphiprion chrysopterus,-169.4751756,-14.26301206
Amphiprion chrysopterus,-170.63252,-14.87711
Amphiprion chrysopterus,178.366467,-18.147877
Amphiprion chrysopterus,-175.038988,-21.098177
Amphiprion chrysopterus,-176.48416,0.18868
Amphiprion chrysopterus,145.2339783,20.03086919
Amphiprion chrysopterus,145.7114754,15.25223069
Amphiprion chrysopterus,-170.78882,-14.34288
Amphiprion chrysopterus,145.444,-14.6871
Amphiprion chrysopterus,-170.6118918,-14.27616795
Amphiprion chrysopterus,178.504166667,-18.7066666667
Amphiprion chrysopterus,135,6
Amphiprion chrysopterus,166.300003052,-10.2749996185
Amphiprion chrysopterus,144.643471,13.311801
Amphiprion chrysopterus,-174.1288167,-18.7096
Amphiprion chrysopterus,-174.715213,-20.317657
Amphiprion chrysopterus,-170.77518,-14.3731
Amphiprion chrysopterus,-170.78351,-14.36475
Amphiprion chrysopterus,-168.1457,-14.5395
Amphiprion chrysopterus,144.79784,13.51726
Amphiprion chrysopterus,134.37,7.222222
Amphiprion chrysopterus,-145.7,-16.07
Amphiprion chrysopterus,-174.789923,-20.269412
Amphiprion chrysopterus,-174.422225952,-19.8355560303
Amphiprion chrysopterus,145.505,-14.472
Amphiprion chrysopterus,-170.8039507,-14.33824391
Amphiprion chrysopterus,-170.7628401,-14.36352801
Amphiprion chrysopterus,-170.71187,-14.26046
Amphiprion chrysopterus,145.7055241,18.0495721
Amphiprion chrysopterus,-178.699996948,-20.6000003815
Amphiprion chrysopterus,145.4071509,19.67536376
Amphiprion chrysopterus,-170.672873,-14.246984
Amphiprion chrysopterus,145.7506211,15.15691764
Amphiprion chrysopterus,145.2268421,20.011206
Amphiprion chrysopterus,-176.47988,0.1883
Amphiprion chrysopterus,145.613193,15.07505151
Amphiprion chrysopterus,-175.222622,-21.118868
Amphiprion chrysopterus,145.3959077,19.70656497
Amphiprion chrysopterus,-169.520048,-14.223293
Amphiprion chrysopterus,145.7023805,18.7629941
Amphiprion chrysopterus,145.8146288,15.25671409
Amphiprion chrysopterus,-174.79358,-20.24038
Amphiprion chrysopterus,119.880261437599,8.90034993218769
Amphiprion chrysopterus,145.227793,20.014688
Amphiprion chrysopterus,-169.4283255,-14.20949277
Amphiprion chrysopterus,-174.629267,-19.775567
Amphiprion chrysopterus,-174.63775,-20.27596
Amphiprion chrysopterus,145.6664061,18.72453047
Amphiprion chrysopterus,-170.762477,-14.370786
Amphiprion chrysopterus,145.7116766,18.04265359
Amphiprion chrysopterus,-170.6675,-14.32205
Amphiprion chrysopterus,-170.657163,-14.250148
Amphiprion chrysopterus,-168.13808,-14.54937
Amphiprion chrysopterus,-149.76361084,-17.4869441986
Amphiprion chrysopterus,-149.340833,-17.751944
Amphiprion chrysopterus,-174.0011,-18.77301667
Amphiprion chrysopterus,-174.572333,-19.772167
Amphiprion chrysopterus,144.8949156,20.53460581
Amphiprion chrysopterus,145.6767676,18.81122164
Amphiprion chrysopterus,144.900122,13.627403
Amphiprion chrysopterus,134.517222,7.289444
Amphiprion chrysopterus,-169.425243,-14.209647
Amphiprion chrysopterus,-175.2709961,-21.06599998
Amphiprion chrysopterus,145.669064,18.725033
Amphiprion chrysopterus,-176.61537,0.78957
Amphiprion chrysopterus,-170.716,-3.723
Amphiprion chrysopterus,151.91816,-23.43412
Amphiprion chrysopterus,134.405556,7.536111
Amphiprion chrysopterus,121.04166,13.57666
Amphiprion chrysopterus,146.683,-13.966
Amphiprion chrysopterus,178.0421667,-17.2178333
Amphiprion chrysopterus,145.4130055,19.70522739
Amphiprion chrysopterus,144.7153315,13.24110559
Amphiprion chrysopterus,-175.334528,-21.064712
Amphiprion chrysopterus,-168.1401548,-14.54620437
Amphiprion chrysopterus,145.62132,15.08027
Amphiprion chrysopterus,-171.07283,-11.065183
Amphiprion chrysopterus,178.504165649,-18.7066669464
Amphiprion chrysopterus,145.661342,14.94737878
Amphiprion chrysopterus,-169.50147,-14.216052
Amphiprion chrysopterus,-174.0724333,-18.71286667
Amphiprion chrysopterus,144.79765,13.51698
Amphiprion chrysopterus,159.75,-8.93333
Amphiprion chrysopterus,-170.746359,-14.362565
Amphiprion chrysopterus,167.199996948,-9.89999961853
Amphiprion chrysopterus,-174.684491,-19.952985
Amphiprion chrysopterus,144.6646314,13.2394277
Amphiprion chrysopterus,-170.814758,-14.299021
Amphiprion chrysopterus,145.207487,20.01860605
Amphiprion chrysopterus,145.639359,18.75145021
Amphiprion chrysopterus,-174.526417,-19.775717
Amphiprion chrysopterus,145.7819239,15.18612119
Amphiprion chrysopterus,-148.29165,-15.04494
Amphiprion chrysopterus,145.5586668,14.86078198
Amphiprion chrysopterus,-175.153912,-21.081875
Amphiprion chrysopterus,-174.1383,-18.69213333
Amphiprion chrysopterus,-169.67442,-14.15785
Amphiprion chrysopterus,-175.28456,-21.061982
Amphiprion chrysopterus,145.6505384,15.035516
Amphiprion chrysopterus,145.74422,18.09292
Amphiprion chrysopterus,-170.834107,-14.309166
Amphiprion chrysopterus,-174.301353,-19.659357
Amphiprion chrysopterus,-176.4718813,0.18710394
Amphiprion chrysopterus,145.2361964,20.03013745
Amphiprion chrysopterus,144.9305082,13.60228272
Amphiprion chrysopterus,145.8089892,18.15952255
Amphiprion chrysopterus,-174.0475667,-18.68328333
Amphiprion chrysopterus,-170.7294308,-14.35340686
Amphiprion chrysopterus,144.72498,13.48165
Amphiprion chrysopterus,-170.5809,-14.30338
Amphiprion chrysopterus,145.6941,18.74818
Amphiprion chrysopterus,-170.6695785,-14.2472244
Amphiprion chrysopterus,-170.71994,-14.34597
Amphiprion chrysopterus,-170.77895,-14.36295
Amphiprion chrysopterus,144.446111,7.242222
Amphiprion chrysopterus,-170.8075385,-14.36131661
Amphiprion chrysopterus,145.2149343,20.03501094
Amphiprion chrysopterus,-168.1458223,-14.5383862
Amphiprion chrysopterus,-176.488614,0.19238773
Amphiprion chrysopterus,145.229212,20.03425305
Amphiprion chrysopterus,-169.49142,-14.27653
Amphiprion chrysopterus,145.753865,18.129283
Amphiprion chrysopterus,145.4137343,19.70538765
Amphiprion chrysopterus,145.20828,20.02963
Amphiprion chrysopterus,-168.1383838,-14.54628526
Amphiprion chrysopterus,34.641,25.5338
Amphiprion chrysopterus,-170.789038,-14.347861
Amphiprion chrysopterus,-170.70232,-14.33555
Amphiprion chrysopterus,-176.487325,0.193887
Amphiprion chrysopterus,144.439722,7.238889
Amphiprion chrysopterus,-178.93,-23.62
Amphiprion chrysopterus,-170.5671001,-14.29523444
Amphiprion chrysopterus,145.55557,14.85975
Amphiprion chrysopterus,-174.684489,-20.120509
Amphiprion chrysopterus,144.72858,13.48248
Amphiprion chrysopterus,-174.7921167,-20.28663333
Amphiprion chrysopterus,144.416,-10.43783
Amphiprion chrysopterus,145.20873,20.01348
Amphiprion chrysopterus,-176.48318,0.20148
Amphiprion chrysopterus,178.430157,-18.166425
Amphiprion chrysopterus,144.649249,13.254869
Amphiprion chrysopterus,145.2101506,20.02290311
Amphiprion chrysopterus,-174.284949,-19.685722
Amphiprion chrysopterus,-171.242,-4.433
Amphiprion chrysopterus,-170.801664,-14.291828
Amphiprion chrysopterus,147.41667,-2.06667
Amphiprion chrysopterus,-172.174,-4.483
Amphiprion chrysopterus,134.620833,7.75
Amphiprion chrysopterus,-170.695825,-14.230386
Amphiprion chrysopterus,-169.6777962,-14.15329219
Amphiprion chrysopterus,-170.7356572,-14.27824734
Amphiprion chrysopterus,-170.687201,-14.246131
Amphiprion chrysopterus,-174.628739,-20.282496
Amphiprion chrysopterus,152.61832,-22.03203
Amphiprion chrysopterus,144.8343,13.6174
Amphiprion chrysopterus,144.80081,13.52
Amphiprion chrysopterus,145.616,-14.583
Amphiprion chrysopterus,-169.60632,-14.16196
Amphiprion chrysopterus,34.7401,25.3379
Amphiprion chrysopterus,147.57718,-18.57107
Amphiprion chrysopterus,144.8089987,13.55106058
Amphiprion chrysopterus,-174.286715,-19.679751
Amphiprion chrysopterus,145.4091422,19.6758593
Amphiprion chrysopterus,-174.1,-18.716
Amphiprion chrysopterus,145.2072848,20.02274595
Amphiprion chrysopterus,-176.4866443,0.19495561
Amphiprion chrysopterus,-174.544083,-19.832617
Amphiprion chrysopterus,145.45,-14.683
Amphiprion chrysopterus,-168.149354,-14.529819
Amphiprion chrysopterus,-169.66374,-14.16275
Amphiprion chrysopterus,145.64033,18.75735
Amphiprion chrysopterus,145.79122,15.27353
Amphiprion chrysopterus,177.083328247,-12.5
Amphiprion chrysopterus,145.71367,18.07057
Amphiprion chrysopterus,-170.7669667,-14.36323321
Amphiprion chrysopterus,145.698549,18.78958267
Amphiprion chrysopterus,-170.6455133,-14.22590654
Amphiprion chrysopterus,-169.5008343,-14.25615959
Amphiprion chrysopterus,-170.8267301,-14.35709565
Amphiprion chrysopterus,145.22727,20.03085
Amphiprion chrysopterus,-169.6643102,-14.16191256
Amphiprion chrysopterus,-170.5464494,-14.27995616
Amphiprion chrysopterus,-125.227783203,-21.019443512
Amphiprion chrysopterus,-169.6734441,-14.18763226
Amphiprion chrysopterus,14.3281,35.9886
Amphiprion chrysopterus,-168.167557,-14.536839
Amphiprion chrysopterus,162.875,-8.39999961853
Amphiprion chrysopterus,-170.6573359,-14.29385159
Amphiprion chrysopterus,-168.171397,-14.544504
Amphiprion chrysopterus,165.290838295057,-20.5800085674362
Amphiprion chrysopterus,-175.225802,-21.012842
Amphiprion chrysopterus,145.444,-14.686
Amphiprion chrysopterus,-175.292405,-21.044035
Amphiprion chrysopterus,-169.47492,-14.26257
Amphiprion chrysopterus,145.719648,15.255803
Amphiprion chrysopterus,147.92101,-16.465
Amphiprion chrysopterus,177.167,-17.85
Amphiprion chrysopterus,-174.754628,-20.0112
Amphiprion chrysopterus,-169.64597,-14.164971
Amphiprion chrysopterus,-174.74,-20.5
Amphiprion chrysopterus,158.197219849,7.59999990463
Amphiprion chrysopterus,144.641005,13.22889458
Amphiprion chrysopterus,173.033,1.766
Amphiprion chrysopterus,-170.752333,-14.363767
Amphiprion chrysopterus,-171.723,-2.809
Amphiprion chrysopterus,-170.835298,-14.310338
Amphiprion chrysopterus,-174.80026,-20.263457
Amphiprion chrysopterus,150.36666666666667,-5.166666666666668
Amphiprion chrysopterus,-175.382302,-20.533932
Amphiprion chrysopterus,-179.869995117,-18.9825000763
Amphiprion chrysopterus,145.798806,18.166786
Amphiprion chrysopterus,-170.78593,-14.35395
Amphiprion chrysopterus,-176.4799126,0.20476855
Amphiprion chrysopterus,134.385833,7.123611
Amphiprion chrysopterus,-175.069519,-21.122412
Amphiprion chrysopterus,-174.06796,-18.81381
Amphiprion chrysopterus,178.473888889,-18.7522222222
Amphiprion chrysopterus,176.899993896,-17.2000007629
Amphiprion chrysopterus,-170.5427711,-14.28050995
Amphiprion chrysopterus,-170.845668,-14.317959
Amphiprion chrysopterus,-143.96,-16.44
Amphiprion chrysopterus,-174.478517,-19.866533
Amphiprion chrysopterus,145.7686505,15.15769397
Amphiprion chrysopterus,147.5765,-18.60295
Amphiprion chrysopterus,-174.799851,-20.263818
Amphiprion chrysopterus,-170.7535383,-14.36795876
Amphiprion chrysopterus,134.241111,7.3125
Amphiprion chrysopterus,-170.56592,-14.27318
Amphiprion chrysopterus,-170.83168,-14.32988
Amphiprion chrysopterus,-174.549,-4.664
Amphiprion chrysopterus,145.7871202,15.17775823
Amphiprion chrysopterus,144,13
Amphiprion chrysopterus,-168.16274,-14.556998
Amphiprion chrysopterus,-170.5362991,-14.28213688
Amphiprion chrysopterus,-174.498436,-19.958642
Amphiprion chrysopterus,145.778251,15.263476
Amphiprion chrysopterus,-174.302428,-19.641694
Amphiprion chrysopterus,144.63492,13.35948
Amphiprion chrysopterus,145.6918644,18.79685573
Amphiprion chrysopterus,178.473892212,-18.7522220612
Amphiprion chrysopterus,-170.5104348,-14.276132
Amphiprion chrysopterus,-174.725146,-19.96147
Amphiprion chrysopterus,-170.5416498,-14.28034767
Amphiprion chrysopterus,145.418492,19.698767
Amphiprion chrysopterus,145.7900917,15.17512472
Amphiprion chrysopterus,-168.1725663,-14.54190823
Amphiprion chrysopterus,151.07127,-17.4347
Amphiprion chrysopterus,-169.41792,-14.22728
Amphiprion chrysopterus,154.755,1.032778
Amphiprion chrysopterus,178.960517,-16.31325
Amphiprion chrysopterus,-170.60717,-14.27779
Amphiprion chrysopterus,144.440278,7.236944
Amphiprion chrysopterus,-174.1287,-3.5943
Amphiprion chrysopterus,-170.594867,-14.284133
Amphiprion chrysopterus,-174.70005,-19.935515
Amphiprion chrysopterus,178.385555556,-18.1394444444
Amphiprion chrysopterus,-170.7638888,-14.36607175
Amphiprion chrysopterus,-145.176132,-14.642823
Amphiprion chrysopterus,145.7488324,15.15303606
Amphiprion chrysopterus,-170.6616595,-14.24512029
Amphiprion chrysopterus,169.4972229,-19.5258331299
Amphiprion chrysopterus,145.6510282,15.03477269
Amphiprion chrysopterus,-174.497534,-19.971164
Amphiprion chrysopterus,166.858001709,-15.0100002289
Amphiprion chrysopterus,-173.77,-15.93
Amphiprion chrysopterus,-171.095,-3.121
Amphiprion chrysopterus,-170.76196,-14.286546
Amphiprion chrysopterus,145.448,-14.6509
Amphiprion chrysopterus,145.45,-14.666
Amphiprion chrysopterus,-170.63768,-14.28185
Amphiprion chrysopterus,-170.6520392,-14.31472706
Amphiprion chrysopterus,-168.1649779,-14.55412033
Amphiprion chrysopterus,-174.698736,-20.057798
Amphiprion chrysopterus,-174.970550537,-21.3374996185
Amphiprion chrysopterus,151.641,-21.4064
Amphiprion chrysopterus,145.409783,19.67629675
Amphiprion chrysopterus,-178.94,-23.63
Amphiprion chrysopterus,144.375,-1.15833294392
Amphiprion chrysopterus,-168.1486117,-14.53283809
Amphiprion chrysopterus,145.7428457,15.09768264
Amphiprion chrysopterus,-170.801045,-14.290277
Amphiprion chrysopterus,-151.395833,-16.793889
Amphiprion chrysopterus,-170.7789242,-14.3686905
Amphiprion chrysopterus,-168.1501716,-14.52975129
Amphiprion chrysopterus,115.445,-8.70784
Amphiprion chrysopterus,-170.7624339,-14.36448639
Amphiprion chrysopterus,-174.804023,-19.938668
Amphiprion chrysopterus,-174.0173667,-18.66461667
Amphiprion chrysopterus,165.833,-10.80833
Amphiprion chrysopterus,178.389160156,-18.1441669464
Amphiprion chrysopterus,-174.0099,-18.83871667
Amphiprion chrysopterus,144.445,7.242778
Amphiprion chrysopterus,145.698,-14.702
Amphiprion chrysopterus,-179.13,-23.94
Amphiprion chrysopterus,172.883,1.966
Amphiprion chrysopterus,-169.69,-14.16
Amphiprion chrysopterus,168.283,-17.033
Amphiprion chrysopterus,144.67242,13.46421
Amphiprion chrysopterus,-169.6787,-14.15271
Amphiprion chrysopterus,179.038,-16.2856667
Amphiprion chrysopterus,167.199996948,-9.89166736603
Amphiprion chrysopterus,146.05199,-16.69967
Amphiprion chrysopterus,134.391944,7.128611
Amphiprion chrysopterus,-176.48893,0.19085
Amphiprion chrysopterus,134.501667,7.272222
Amphiprion chrysopterus,144.76813,13.497404
Amphiprion chrysopterus,158.31793,-8.78823
Amphiprion chrysopterus,-170.6755152,-14.29230571
Amphiprion chrysopterus,39.12324,-5.27251
Amphiprion chrysopterus,145.2144627,20.00958234
Amphiprion chrysopterus,177.600006104,-16.7166671753
Amphiprion chrysopterus,144.662222,13.241111
Amphiprion chrysopterus,145.234235,14.143108
Amphiprion chrysopterus,-170.78717,-14.35976
Amphiprion chrysopterus,-174.55105,-19.8309
Amphiprion chrysopterus,-174.987506,-21.116462
Amphiprion chrysopterus,145.75,-5.233
Amphiprion chrysopterus,33.9559,27.2009
Amphiprion chrysopterus,179.037983,-16.285733
Amphiprion chrysopterus,144.433889,7.249722
Amphiprion chrysopterus,-168.1436,-14.54227
Amphiprion chrysopterus,-170.5579941,-14.2551422
Amphiprion chrysopterus,-170.721707,-14.347478
Amphiprion chrysopterus,150.5,-9.5
Amphiprion chrysopterus,145.453,-14.6458
Amphiprion chrysopterus,-170.729305,-14.281974
Amphiprion chrysopterus,144.7020357,13.47124566
Amphiprion chrysopterus,-174.771866,-20.010028
Amphiprion chrysopterus,146.57162,-17.81072
Amphiprion chrysopterus,178.385559082,-18.1394443512
Amphiprion chrysopterus,160.066,-9.033
Amphiprion chrysopterus,145.7935438,15.2756939
Amphiprion chrysopterus,-149.763611111,-17.4869444444
Amphiprion chrysopterus,146.55,-13.9
Amphiprion chrysopterus,-168.1401715,-14.54597295
Amphiprion chrysopterus,-174.11007,-18.74224
Amphiprion chrysopterus,-174.783666,-20.478811
Amphiprion chrysopterus,168.992782593,-18.9427776337
Amphiprion chrysopterus,144.79274,13.51244
Amphiprion chrysopterus,135.501663208,-0.836667001247
