species,decimalLongitude,decimalLatitude
Amphiprion bicinctus,70.7661132812,-5.4069442749
Amphiprion bicinctus,34.4532,27.9845
Amphiprion bicinctus,34.96667,29.63333
Amphiprion bicinctus,42.10497222,16.91580556
Amphiprion bicinctus,34.950001,29.549999
Amphiprion bicinctus,34.740667,28.403867
Amphiprion bicinctus,34.638117,28.18345
Amphiprion bicinctus,34.3946,27.9502
Amphiprion bicinctus,48.2,4.75
Amphiprion bicinctus,34.638332,28.58
Amphiprion bicinctus,72.2161102295,-5.35500001907
Amphiprion bicinctus,72.2197189331,-5.36861133575
Amphiprion bicinctus,34.75,29.25
Amphiprion bicinctus,72.2197222222,-5.36861111111
Amphiprion bicinctus,167.5,-17.5
Amphiprion bicinctus,54.350867,12.6048
Amphiprion bicinctus,122.189549,13.515251
Amphiprion bicinctus,-142.45574,-16.02008
Amphiprion bicinctus,34.9115,29.4977
Amphiprion bicinctus,43.1432,11.699183
Amphiprion bicinctus,34.041,26.6555
Amphiprion bicinctus,72.5,11
Amphiprion bicinctus,40,15.5419435501
Amphiprion bicinctus,165.43,11.69
Amphiprion bicinctus,34.4133,25.9024
Amphiprion bicinctus,54.178017,12.670333
Amphiprion bicinctus,33.8986091614,27.2427787781
Amphiprion bicinctus,34.5208,28.5548
Amphiprion bicinctus,33.7736091614,27.2794437408
Amphiprion bicinctus,34.3,27.75
Amphiprion bicinctus,34.9688,29.5447
Amphiprion bicinctus,33.8633,27.0883
Amphiprion bicinctus,34.5238,28.5574
Amphiprion bicinctus,39,20
Amphiprion bicinctus,42.339444,15.516667
Amphiprion bicinctus,34.5828,25.5582
Amphiprion bicinctus,34.9500007629,29.5499992371
Amphiprion bicinctus,33.8113,27.4467
Amphiprion bicinctus,34.0292,27.4185
Amphiprion bicinctus,34.0821,26.7589
Amphiprion bicinctus,72.2161111111,-5.355
Amphiprion bicinctus,43.143217,11.699183
Amphiprion bicinctus,34.2625,27.7921
Amphiprion bicinctus,145.813333320618,-5.13972222010295
Amphiprion bicinctus,71.77,-5.41111111111
Amphiprion bicinctus,33.7773,27.539
Amphiprion bicinctus,71.8027801514,-5.42055559158
Amphiprion bicinctus,34.5392,28.5735
Amphiprion bicinctus,34.0874,26.7518
Amphiprion bicinctus,119.148215,4.722753
Amphiprion bicinctus,34.9382,25.0716
Amphiprion bicinctus,34.171,27.7201
Amphiprion bicinctus,119.967,15.25
Amphiprion bicinctus,34.4713,28.0058
Amphiprion bicinctus,124.256,24.38
Amphiprion bicinctus,42.12525,16.90330556
Amphiprion bicinctus,34.6383323669,28.5799999237
Amphiprion bicinctus,33.9006,27.0586
Amphiprion bicinctus,34.2551,27.7462
Amphiprion bicinctus,71.8027777778,-5.42055555556
Amphiprion bicinctus,33.8322,27.1219
Amphiprion bicinctus,72.2044448853,-5.35527801514
Amphiprion bicinctus,33.9841,27.1631
Amphiprion bicinctus,127.746,26.3227
Amphiprion bicinctus,71.7699966431,-5.41111087799
Amphiprion bicinctus,70.7661111111,-5.40694444444
Amphiprion bicinctus,34.2999992371,27.75
Amphiprion bicinctus,35.49,24.2395
Amphiprion bicinctus,33.8116,27.2579
Amphiprion bicinctus,71.75,-5.41666666667
Amphiprion bicinctus,34.2647,27.8238
Amphiprion bicinctus,39.45,15.60972
Amphiprion bicinctus,34.9688,29.4439
Amphiprion bicinctus,33.8973,27.2273
Amphiprion bicinctus,34.5197,28.4991
Amphiprion bicinctus,34.9694,29.4423
Amphiprion bicinctus,34.740667,28.404867
Amphiprion bicinctus,34.5187,28.4989
Amphiprion bicinctus,124.256,24.3842
Amphiprion bicinctus,33.9849,26.8251
Amphiprion bicinctus,34.8949,29.4926
Amphiprion bicinctus,33.9946,26.9036
Amphiprion bicinctus,34.0026,26.8424
Amphiprion bicinctus,33.9933,26.8102
Amphiprion bicinctus,34.6329994202,28.966999054
Amphiprion bicinctus,34.9272,29.5143
Amphiprion bicinctus,34.973,29.43
Amphiprion bicinctus,34.3019,27.8473
Amphiprion bicinctus,34.4218,25.8702
Amphiprion bicinctus,71.75,-5.41666650772
Amphiprion bicinctus,33.8977,27.2256
Amphiprion bicinctus,33.783000946,27.283000946
Amphiprion bicinctus,165.56,11.57
Amphiprion bicinctus,34.9500007629,29.5
Amphiprion bicinctus,39.4416656494,16.1000003815
Amphiprion bicinctus,123.49445343,9.1411113739
Amphiprion bicinctus,53.2672707221978,12.4105308574551
Amphiprion bicinctus,34.3524,27.9149
Amphiprion bicinctus,72.2044444444,-5.35527777778
Amphiprion bicinctus,120.699996948,22.0799999237
Amphiprion bicinctus,33.9531,27.2227
Amphiprion bicinctus,42.383333,15.520833
Amphiprion bicinctus,33.9368,26.7763
