species,decimalLongitude,decimalLatitude
Anampses meleagrides,113.82884,-22.2426
Anampses meleagrides,113.839,-22.19657
Anampses meleagrides,113.84598,-22.20199
Anampses meleagrides,113.7498,-23.17435
Anampses meleagrides,113.9453,-21.9009
Anampses meleagrides,153.5,-28.116667
Anampses meleagrides,113.65,-22.55
Anampses meleagrides,113.952,-21.9034
Anampses meleagrides,114.32933,-21.67213
Anampses meleagrides,113.95815,-21.90898
Anampses meleagrides,113.8426,-22.2013
Anampses meleagrides,113.83924,-22.19618
Anampses meleagrides,113.948,-21.8999
Anampses meleagrides,113.94970000000001,-21.9055
Anampses meleagrides,113.83829,-22.19769
Anampses meleagrides,113.83853,-22.19729
Anampses meleagrides,113.829,-22.2437
Anampses meleagrides,113.83876,-22.19694
Anampses meleagrides,114.36463,-21.63458
Anampses meleagrides,153.5,-28.11666
Anampses meleagrides,113.8298,-22.2441
Anampses meleagrides,113.9444,-21.9
Anampses meleagrides,113.7695,-23.26862
Anampses meleagrides,113.95,-21.91667
Anampses meleagrides,115.0386,-21.4571
Anampses meleagrides,113.638598575259,-25.9522459340334
