species,decimalLongitude,decimalLatitude
Anampses lennardi,116.33173,-20.74473
Anampses lennardi,116.58333,-20.48333
Anampses lennardi,115.42453,-20.396
Anampses lennardi,116.3974,-20.7002
Anampses lennardi,118.87334,-19.50583
Anampses lennardi,115.725,-20.42083
Anampses lennardi,118.35834,-19.75833
Anampses lennardi,117.80667,-20.04083
Anampses lennardi,116.10202,-20.77281
Anampses lennardi,116.4373,-20.6538
Anampses lennardi,116.025,-20.50417
Anampses lennardi,115.97167,-20.74
Anampses lennardi,117.57917,-20.0975
Anampses lennardi,114.8477,-21.58019
Anampses lennardi,121.63333,-17.25
Anampses lennardi,118.275,-19.94333
Anampses lennardi,120.5166,-19.0833
Anampses lennardi,118.245,-19.77917
Anampses lennardi,118.45,-19.633
Anampses lennardi,117.47833,-20.20333
Anampses lennardi,116.32667,-20.43833
Anampses lennardi,118.34667,-19.69
Anampses lennardi,115.1641,-21.3206
Anampses lennardi,115.9,-20.333333333333332
Anampses lennardi,117.01,-20.3095
Anampses lennardi,117.3743,-20.3258
Anampses lennardi,116.02333,-20.41583
Anampses lennardi,115.92504,-20.86666
Anampses lennardi,117.76917,-20.07833
Anampses lennardi,118.19084,-20.0375
Anampses lennardi,117.83333,-20
Anampses lennardi,118.19667,-20.07666
Anampses lennardi,117.61333,-20.09417
Anampses lennardi,116.55,-20.4603
Anampses lennardi,118.68334,-19.715
Anampses lennardi,115.9453,-20.6198
Anampses lennardi,118.24167,-20.05
Anampses lennardi,117.9175,-20.0625
Anampses lennardi,116.53333,-20.48333
Anampses lennardi,117.84917,-20.0675
Anampses lennardi,115.9716,-20.74
Anampses lennardi,117.12083,-19.64666
Anampses lennardi,116.3739,-20.1271
Anampses lennardi,117.7425,-20.1575
Anampses lennardi,118.62417,-19.70916
Anampses lennardi,117.51,-20.145
Anampses lennardi,118.58833,-19.76583
Anampses lennardi,117.395,-20.19833
Anampses lennardi,117.90583,-19.87
Anampses lennardi,115.96167,-20.47916
Anampses lennardi,113.7498,-23.17435
Anampses lennardi,118.88333,-19.4975
Anampses lennardi,118.03333,-19.825
Anampses lennardi,115.8333333,-20.2
Anampses lennardi,118.216,-19.883
Anampses lennardi,118.09584,-20.00916
Anampses lennardi,117.81667,-19.99167
Anampses lennardi,118.24834,-19.98083
Anampses lennardi,115.7708,-20.3447
Anampses lennardi,118.22834,-19.75833
Anampses lennardi,117.45584,-20.02667
Anampses lennardi,117.97667,-20.035
Anampses lennardi,115.61667,-20.43333
Anampses lennardi,118.87084,-19.4825
Anampses lennardi,118.12167,-19.945
Anampses lennardi,118.32833,-19.57666
Anampses lennardi,118.366,-19.483
Anampses lennardi,115.1609,-21.3221
Anampses lennardi,118.2675,-19.88333
Anampses lennardi,117.13167,-20.32
Anampses lennardi,117.34334,-20.335
Anampses lennardi,118.20084,-19.98083
Anampses lennardi,121.46517,-18.3265
Anampses lennardi,117.48084,-20.31916
Anampses lennardi,118.58333,-20.3
Anampses lennardi,117.535,-20.35083
Anampses lennardi,115.46059,-20.249
Anampses lennardi,116.38364,-20.71062
Anampses lennardi,118.583,-20.3
Anampses lennardi,113.75,-23.16667
Anampses lennardi,117.38334,-19.98333
Anampses lennardi,116.29454,-20.76614
Anampses lennardi,117.79167,-19.98
Anampses lennardi,120.50834,-19.09166
Anampses lennardi,115.41624,-20.394
Anampses lennardi,118.21667,-19.76667
Anampses lennardi,116.855,-20.2375
Anampses lennardi,118.54167,-19.8325
Anampses lennardi,117.2287,-20.3422
Anampses lennardi,117.69,-20.21083
Anampses lennardi,117.21483,-20.35533
Anampses lennardi,115.73333,-20.4
Anampses lennardi,117.04167,-20.02167
Anampses lennardi,118.055,-20.10583
Anampses lennardi,117.20917,-20.35333
Anampses lennardi,117.2,-20.63333
Anampses lennardi,117.10917,-20.22417
Anampses lennardi,117.3615,-20.338
Anampses lennardi,115.92,-20.3425
Anampses lennardi,115.17265,-21.315
Anampses lennardi,115.9725,-20.71
Anampses lennardi,117.79584,-20.06167
Anampses lennardi,117.83333,-19.99167
Anampses lennardi,118.46417,-19.7025
Anampses lennardi,116.4046,-20.6986
Anampses lennardi,120.51667,-19.08333
Anampses lennardi,118.57334,-19.6275
Anampses lennardi,115.71417,-20.4925
Anampses lennardi,116.30834,-20.30833
Anampses lennardi,118.20834,-19.875
Anampses lennardi,116.98167,-20.30983
Anampses lennardi,118.31667,-19.49166
Anampses lennardi,118.57834,-19.89333
Anampses lennardi,117.67833,-20.145
Anampses lennardi,117.20584,-20.36166
Anampses lennardi,118.35917,-19.72666
Anampses lennardi,115.55063,-20.352
Anampses lennardi,117.3945,-20.1828
Anampses lennardi,118.2207,-19.882
Anampses lennardi,115.9,-20.33333333
Anampses lennardi,116.12083,-20.5025
Anampses lennardi,115.49838,-20.3658
Anampses lennardi,115.92576,-20.87603
Anampses lennardi,118.80834,-19.45833
Anampses lennardi,117.28084,-20.34833
Anampses lennardi,114.92701,-21.46687
Anampses lennardi,115.83333333333333,-20.2
Anampses lennardi,115.52499,-20.324
Anampses lennardi,118.19,-19.85916
Anampses lennardi,117.68917,-20.1875
Anampses lennardi,117.1175,-20.2175
Anampses lennardi,121.483,-16.55
Anampses lennardi,115.4305,-20.56565
Anampses lennardi,116.98166,-20.30983
Anampses lennardi,115.21961,-21.30444
Anampses lennardi,115.90833,-20.03916
Anampses lennardi,117.2,-20.63
Anampses lennardi,118.175,-19.88166
Anampses lennardi,116.4194,-20.6698
Anampses lennardi,115.58069,-20.58195
Anampses lennardi,115.8333333,-20.36666667
Anampses lennardi,117.35417,-20.335
Anampses lennardi,117.266,-20
Anampses lennardi,118.635,-19.71916
Anampses lennardi,118.65,-19.63333
Anampses lennardi,116.1525,-20.1725
Anampses lennardi,117.355,-20.24
Anampses lennardi,116.4303,-20.6723
Anampses lennardi,117.35084,-20.23666
Anampses lennardi,115.39678,-20.39
Anampses lennardi,116.11917,-20.55917
Anampses lennardi,117.80833,-20.21833
Anampses lennardi,116.56441,-20.46483
Anampses lennardi,115.6925,-20.41916
Anampses lennardi,117.565,-19.83167
Anampses lennardi,117.86,-20.01583
Anampses lennardi,118.23,-19.75917
Anampses lennardi,118.23,-19.75916
Anampses lennardi,115.31109,-20.363
Anampses lennardi,114.70795,-21.56058
Anampses lennardi,117.475,-20.16666
Anampses lennardi,118.16084,-20.01917
Anampses lennardi,115.44852,-20.304
Anampses lennardi,117.81667,-19.99166
Anampses lennardi,115.86666666666666,-20.316666666666666
Anampses lennardi,116,-20.666
Anampses lennardi,115.92017,-20.62167
Anampses lennardi,117.0125,-20.29416
Anampses lennardi,117.85,-19.79
Anampses lennardi,117.88417,-19.82916
Anampses lennardi,117.5075,-20.2475
Anampses lennardi,115.725,-20.34166
Anampses lennardi,115.2182,-21.4853
Anampses lennardi,117.2275,-20.33916
Anampses lennardi,118.48333,-19.60916
Anampses lennardi,117.90834,-20.00833
Anampses lennardi,117.7725,-19.87
Anampses lennardi,117.94417,-20.1125
Anampses lennardi,115.94667,-20.2325
Anampses lennardi,116.125,-20.59166
Anampses lennardi,118.21667,-19.88333
Anampses lennardi,115.58034,-20.56197
Anampses lennardi,117.65834,-20.16166
Anampses lennardi,114.61554,-21.67582
Anampses lennardi,117.27834,-20.23666
Anampses lennardi,117.52584,-20.0875
Anampses lennardi,118.225,-20.07916
Anampses lennardi,118.4275,-19.58666
Anampses lennardi,118.26,-19.83167
Anampses lennardi,118.265,-19.95166
Anampses lennardi,115.49133,-20.41599
Anampses lennardi,117.36,-20.3325
Anampses lennardi,117.715,-19.97
Anampses lennardi,117.79417,-20.205
Anampses lennardi,115.8666667,-20.31666667
Anampses lennardi,117.265,-20.28583
Anampses lennardi,118.22917,-19.75917
Anampses lennardi,115.91666666666667,-20.25
Anampses lennardi,118.71583,-19.58083
Anampses lennardi,115.5,-20.41667
Anampses lennardi,117.53334,-20.29083
Anampses lennardi,117.10084,-20.1625
Anampses lennardi,115.9166667,-20.31666667
Anampses lennardi,115.83333333333333,-20.366666666666667
Anampses lennardi,114.13,-21.8729
Anampses lennardi,118.91417,-19.46416
Anampses lennardi,118.22167,-19.98917
Anampses lennardi,116.381,-20.0478
Anampses lennardi,118.82417,-19.5225
Anampses lennardi,115.86834,-20.66416
Anampses lennardi,114.90437,-21.47047
Anampses lennardi,117.05167,-20.1675
Anampses lennardi,116.935,-20.2775
Anampses lennardi,117.47334,-20.34
Anampses lennardi,116.6668,-20.4598
Anampses lennardi,117.42167,-20.26833
Anampses lennardi,117.91833,-20.17833
Anampses lennardi,119.00333,-19.42667
Anampses lennardi,117.08417,-20.35833
Anampses lennardi,118.2075,-19.91
Anampses lennardi,118.43583,-19.95
Anampses lennardi,116.23583000000001,-20.2225
Anampses lennardi,118.27084,-20.02666
Anampses lennardi,118.23334,-19.75417
Anampses lennardi,117.20834,-20.175
Anampses lennardi,117.25667,-20.22
Anampses lennardi,115.9166667,-20.25
Anampses lennardi,114.36463,-21.63458
Anampses lennardi,118.49167,-19.78333
Anampses lennardi,115.0569,-21.5694
Anampses lennardi,116.0287,-20.4942
Anampses lennardi,113.638598575259,-25.9522459340334
Anampses lennardi,117.865,-19.98666
Anampses lennardi,117.9425,-19.56333
Anampses lennardi,117.83333,-19.97666
Anampses lennardi,118.3075,-20.02666
Anampses lennardi,118.21667,-19.875
Anampses lennardi,117.42917,-20.2725
Anampses lennardi,117.88167,-19.9575
Anampses lennardi,115.88584,-20.6
Anampses lennardi,117.25834,-20.225
Anampses lennardi,118.46667,-19.63333
Anampses lennardi,116.93693,-20.40554
Anampses lennardi,118.075,-20.05833
Anampses lennardi,118.02917,-20.105
Anampses lennardi,118.48833,-19.62
Anampses lennardi,118.4883,-19.62
Anampses lennardi,118.1,-19.68916
Anampses lennardi,118.016,-19.45833
Anampses lennardi,115.84464,-20.9787
Anampses lennardi,118.47334,-19.54166
Anampses lennardi,118.2275,-19.95833
Anampses lennardi,117.30917,-20.32583
Anampses lennardi,117.7,-20.4
Anampses lennardi,115.14578,-21.31395
Anampses lennardi,117.295,-20.3525
Anampses lennardi,118.92167,-19.465
Anampses lennardi,118.22917,-19.75833
Anampses lennardi,117.96917,-19.95666
Anampses lennardi,116,-20.66667
Anampses lennardi,118.615,-19.85916
Anampses lennardi,117.42583,-20.21167
Anampses lennardi,116.5314,-20.5511
Anampses lennardi,115.91666666666667,-20.316666666666666
Anampses lennardi,118.61167,-19.86167
Anampses lennardi,116.6,-20.46667
Anampses lennardi,118.16084,-20.02583
