species,decimalLongitude,decimalLatitude
Anampses geographicus,116.53333,-20.48333
Anampses geographicus,114.34093,-21.66088
Anampses geographicus,153.43333,-27.93333
Anampses geographicus,118.29093,-34.97965
Anampses geographicus,113.69585,-22.47737
Anampses geographicus,113.73333,-28.5
Anampses geographicus,114.03333,-28.91667
Anampses geographicus,115.5245,-32.0324
Anampses geographicus,115.5,-32
Anampses geographicus,115.5062,-32.0249
Anampses geographicus,115.45752,-32.03318
Anampses geographicus,151.266,-33.833
Anampses geographicus,113.83333,-28.5
Anampses geographicus,114.00985,-28.70898
Anampses geographicus,115.5212,-32.0302
Anampses geographicus,113.7695,-23.26862
Anampses geographicus,113.9428,-28.78343
Anampses geographicus,113.96,-21.9038
Anampses geographicus,113.58,-25.42
Anampses geographicus,115.5295,-32.0325
Anampses geographicus,115.4496,-32.0314
Anampses geographicus,115.433,-32.05
Anampses geographicus,115.4949,-32.025
Anampses geographicus,114.95403,-30.3208
Anampses geographicus,114.33333,-21.68333
Anampses geographicus,113.73891,-23.11951
Anampses geographicus,115.42063,-32.02938
Anampses geographicus,113.70711,-22.4455
Anampses geographicus,115.5194,-32.0309
Anampses geographicus,153.4,-29.933
Anampses geographicus,152.55,-32.466
Anampses geographicus,113.77346,-23.42796
Anampses geographicus,115.4647,-31.9815
Anampses geographicus,113.13333,-26.13333
Anampses geographicus,113.64891,-22.56582
Anampses geographicus,115.5168,-32.029
Anampses geographicus,115.4826,-32.0245
Anampses geographicus,153.433333,-27.933333
Anampses geographicus,113.74341,-23.13597
Anampses geographicus,115.55,-32.08333
Anampses geographicus,115.4151,-31.9777
Anampses geographicus,115.51746,-31.98926
Anampses geographicus,114.06873276,-21.82918624
Anampses geographicus,115.65,-32.08333
Anampses geographicus,113.65,-22.55
Anampses geographicus,115.4575,-32.0332
Anampses geographicus,115.5,-32.08333
Anampses geographicus,115.4494,-31.9764
Anampses geographicus,113.638598575259,-25.9522459340334
