species,decimalLongitude,decimalLatitude
Anas rubripes,-74.3909,39.4175
Anas rubripes,-75.1136,38.6342
Anas rubripes,-75.4618,37.9143
Anas rubripes,-75.9423,36.6329
Anas rubripes,-72,54
Anas rubripes,-75.0848,38.4329
Anas rubripes,-75.9576,37.1503
Anas rubripes,-75.7923,37.434
Anas rubripes,-66.1667,43.8333
Anas rubripes,-75.1945,38.1511
Anas rubripes,-64.3833,42.7833
Anas rubripes,-75.2591,39.2826
Anas rubripes,-74.7157,39.1517
Anas rubripes,-75.8556,37.3337
Anas rubripes,-74.25265,39.49369
Anas rubripes,-74.1925,39.7183
Anas rubripes,-75.5346,39.4016
Anas rubripes,-75.8264,37.2825
Anas rubripes,-75.1872,39.2548
Anas rubripes,-73.435,40.308
Anas rubripes,-75.1881,39.2592
Anas rubripes,-75.6441,37.517
Anas rubripes,-70.17188,42.48684
Anas rubripes,-74.1388,39.7669
Anas rubripes,-75.3203,39.3499
Anas rubripes,-75.1217,38.2836
Anas rubripes,-75.0909,38.4329
Anas rubripes,-74.54293,38.8723
Anas rubripes,-74.50543,39.17237
Anas rubripes,-59.3333,48.0333
Anas rubripes,-75.9312,36.6327
Anas rubripes,-75.563,39.5572
Anas rubripes,-75.6297,37.5828
Anas rubripes,-74.47475,39.27775
Anas rubripes,-74.6174,39.23675
Anas rubripes,-75.8657,37.1834
Anas rubripes,-75.9187,37.2834
Anas rubripes,-75.6531,37.6003
Anas rubripes,-61.0167,55.9667
Anas rubripes,-74.6857,39.2159
Anas rubripes,-75.526,36.438
Anas rubripes,-74.61891,39.21359
Anas rubripes,-75.6596,37.5003
Anas rubripes,-75.8604,37.3665
Anas rubripes,-75.6946,37.4667
Anas rubripes,-74.2828,39.5164
Anas rubripes,-74.7534,39.1181
Anas rubripes,-75.6985,37.533
Anas rubripes,-74.2677,39.6342
Anas rubripes,-75.0507,39.2004
Anas rubripes,-75.8732,37.1834
Anas rubripes,-75.6906,37.4337
Anas rubripes,-74.2778,39.5674
Anas rubripes,-74.8416,39.0345
Anas rubripes,-75.2606,38.166
Anas rubripes,-75.5491,37.7673
Anas rubripes,-74.745,39.1507
Anas rubripes,-75.3933,39.3664
Anas rubripes,-68.1865,44.061
Anas rubripes,-74.7587,39.0991
Anas rubripes,-74.8175,39.0165
Anas rubripes,-75.2461,38.8495
Anas rubripes,-75.0722,38.4826
Anas rubripes,-75.489,37.8488
Anas rubripes,-71.7562,40.9823
Anas rubripes,-73.99436,39.86933
Anas rubripes,-74.73,39.1335
Anas rubripes,-75.2991,37.9838
Anas rubripes,-75.4354,39.4025
Anas rubripes,-75.331,39.3498
Anas rubripes,-74.66358,39.13462
Anas rubripes,-74.8047,39.081
Anas rubripes,-86.8768081665,29.9289264679
Anas rubripes,-64.4167,46.4833
Anas rubripes,-75.4965,39.3195
Anas rubripes,-75.3318,37.9659
Anas rubripes,-74.66298,39.1582
Anas rubripes,-74.6977,39.2006
Anas rubripes,-74.8597,38.9994
Anas rubripes,-75.1392,38.2842
Anas rubripes,-74.6905,39.2989
Anas rubripes,-74.3587,39.483
Anas rubripes,-75.3983,37.9002
Anas rubripes,-74.1991,39.6501
Anas rubripes,-75.6354,37.6341
Anas rubripes,-75.4122,39.1497
Anas rubripes,-75.5653,37.7497
Anas rubripes,-75.353,38.0503
Anas rubripes,-74.0934,40.0156
Anas rubripes,-75.2316,38.0673
Anas rubripes,-75.3098,38.9664
Anas rubripes,-74.9214,39.1506
Anas rubripes,-71.7563,40.9823
Anas rubripes,-74.1094,39.7834
Anas rubripes,-75.9493,36.6498
Anas rubripes,-75.7302,37.5166
Anas rubripes,-74.7447,39.1338
Anas rubripes,-74.7582,39.068
Anas rubripes,-68.76901,41.59853
Anas rubripes,-74.8309,39.0177
Anas rubripes,-74.37539,39.3789
Anas rubripes,-75.4791,37.8831
Anas rubripes,-74.7258,39.1659
Anas rubripes,-74.4043,39.4822
Anas rubripes,-73.9935,39.88558
Anas rubripes,-75.4437,37.9168
Anas rubripes,-75.3628,38.0337
Anas rubripes,-75.3881,39.3665
Anas rubripes,-61.1833,56.4167
Anas rubripes,-75.74,37.5007
Anas rubripes,-75.2215,38.0671
Anas rubripes,-75.728,37.4337
Anas rubripes,-74.1144,39.7835
Anas rubripes,-74.04502,39.24332
Anas rubripes,-75.2092,38.1666
Anas rubripes,-64.5833,42.6167
Anas rubripes,-66.562804,50.199454
Anas rubripes,-75.4737,37.8758
Anas rubripes,-74.04229,39.65611
Anas rubripes,-74.4108,39.4175
Anas rubripes,-75.2554,39.2999
Anas rubripes,-75.8295,37.4004
Anas rubripes,-75.5898,37.7336
Anas rubripes,-75.5411,37.7831
Anas rubripes,-82.6907272339,27.4702758789
Anas rubripes,-74.6419,39.2326
Anas rubripes,-74.443,39.5205
Anas rubripes,-75.9945,36.619
Anas rubripes,-74.768,39.1179
Anas rubripes,-74.3685,39.4499
Anas rubripes,-67.34088,44.15983
Anas rubripes,-74.4486,39.4286
Anas rubripes,-75.70821,37.09459
Anas rubripes,-75.2852,39.3004
Anas rubripes,-74.1488,39.8494
Anas rubripes,-74.9892,39.1938
Anas rubripes,-75.4088,39.1717
Anas rubripes,-75.3598,38.0338
Anas rubripes,-74.7092,39.167
Anas rubripes,-74.3603,39.5498
Anas rubripes,-74.3846,39.4334
Anas rubripes,-75.9226,36.5992
Anas rubripes,-75.8677,37.3338
Anas rubripes,-75.8511,37.4168
Anas rubripes,-70.8,40.0333
Anas rubripes,-74.3737,39.31637
Anas rubripes,-75.3969,39.1666
Anas rubripes,-61.25,56.0667
Anas rubripes,-75.6506,37.5658
Anas rubripes,-74.3554,39.4668
Anas rubripes,-75.8071,37.4835
Anas rubripes,-75.7058,37.5664
Anas rubripes,-66.8667,44.9833
Anas rubripes,-74.3158,39.5166
Anas rubripes,-62.9833,49.9667
Anas rubripes,-75.1084,38.5831
Anas rubripes,-75.9083,36.6506
Anas rubripes,-74.1931,39.6829
Anas rubripes,-75.1502,38.2339
Anas rubripes,-75.6587,37.533
Anas rubripes,-75.5584,39.4031
Anas rubripes,-74.6863,39.2992
Anas rubripes,-74.7925,39.05
Anas rubripes,-75.1559,39.2007
Anas rubripes,-74.9662,38.9669
Anas rubripes,-74.3483,39.4495
Anas rubripes,-75.6546,37.5658
Anas rubripes,-74.8176,39.0665
Anas rubripes,-74.15702,39.57029
Anas rubripes,-75.7141,37.4832
Anas rubripes,-75.7162,37.4668
Anas rubripes,-75.7973,37.517
Anas rubripes,-74.6861,39.1672
Anas rubripes,-75.2557,38.0335
Anas rubripes,-75.1503,39.2214
Anas rubripes,-97.3691329956,27.3733863831
Anas rubripes,-73.70485,39.68235
Anas rubripes,-74.4064,39.4675
Anas rubripes,-75.3709,38.0716
Anas rubripes,-74.3508,39.4333
Anas rubripes,-75.6925,37.5667
Anas rubripes,-67.8346,44.2675
Anas rubripes,-74.3445,39.4668
Anas rubripes,-75.6089,37.6336
Anas rubripes,-75.7197,37.5836
Anas rubripes,-74.7829,39.0683
Anas rubripes,-75.4317,39.4021
Anas rubripes,-74.8834,38.9682
Anas rubripes,-74.7326,39.1504
Anas rubripes,-74.4281,39.5334
Anas rubripes,-74.4555,39.5334
Anas rubripes,-75.5245,37.8196
Anas rubripes,-74.415,39.4498
Anas rubripes,-75.89,37.2824
Anas rubripes,-75.3722,38.0671
Anas rubripes,-75.8257,37.4167
Anas rubripes,-75.4593,37.877
Anas rubripes,-75.5065,37.826
Anas rubripes,-75.4672,39.2675
Anas rubripes,-75.8766,37.3832
Anas rubripes,-75.6255,37.6662
Anas rubripes,-75.3063,38.9663
Anas rubripes,-74.4509,39.5333
Anas rubripes,-75.7193,37.5
Anas rubripes,-74.8594,39.1668
Anas rubripes,-75.7074,37.5501
Anas rubripes,-65.80601556,44.97985204
Anas rubripes,-74.4579,39.4182
Anas rubripes,-75.4507,37.9359
Anas rubripes,-75.4117,39.4
Anas rubripes,-73.435,40.3079
Anas rubripes,-74.3762,39.4331
Anas rubripes,-75.8096,37.4167
Anas rubripes,-59.6333,54.9667
Anas rubripes,-75.688,37.4841
Anas rubripes,-75.8458,37.2166
Anas rubripes,-74.3639,39.4497
Anas rubripes,-75.6872,37.4841
Anas rubripes,-75.6732,37.4331
Anas rubripes,-74.03414,39.88901
Anas rubripes,-74.8978,38.9661
Anas rubripes,-74.408,39.4673
Anas rubripes,-75.4924,37.8828
Anas rubripes,-74.4281,39.467
Anas rubripes,-74.7247,39.168
Anas rubripes,-74.15284,39.13964
Anas rubripes,-75.8349,37.4006
Anas rubripes,-74.8204,39.0505
Anas rubripes,-75.3114,38.9833
Anas rubripes,-74.47584,39.31985
Anas rubripes,-74.64913,39.11692
Anas rubripes,-96.6004257202,27.1292877197
Anas rubripes,-74.4183,39.4499
Anas rubripes,-74.4223,39.4166
Anas rubripes,-74.3431,39.4496
Anas rubripes,-74.3615,39.4669
Anas rubripes,-75.7684,37.5003
Anas rubripes,-63.5855,44.6636
Anas rubripes,-75.6868,37.4335
Anas rubripes,-66.362226,44.259135
Anas rubripes,-74.3583,39.4496
Anas rubripes,-75.6449,37.5662
Anas rubripes,-75.7835,37.4338
Anas rubripes,-74.17479,39.61614
Anas rubripes,-75.9204,37.2998
Anas rubripes,-75.3958,39.4002
Anas rubripes,-74.216,39.6849
Anas rubripes,-75.435,37.9167
Anas rubripes,-61.2833,56.1833
Anas rubripes,-74.52614,39.27386
Anas rubripes,-75.637,37.5826
Anas rubripes,-75.159,38.2165
Anas rubripes,-74.453,39.5199
Anas rubripes,-70.30091,42.48062
Anas rubripes,-75.781,37.3666
Anas rubripes,-74.9798,39.1931
Anas rubripes,-75.8948,37.2828
Anas rubripes,-75.8478,37.4002
Anas rubripes,-75.3681,39.3494
Anas rubripes,-75.4025,37.9003
Anas rubripes,-75.5595,37.783
Anas rubripes,-70.14105,41.44368
Anas rubripes,-75.7833,37.3339
Anas rubripes,-75.5754,37.6999
Anas rubripes,-75.4471,39.4321
Anas rubripes,-75.6406,37.5999
Anas rubripes,-75.8381,37.4006
Anas rubripes,-75.7021,37.5168
Anas rubripes,-74.3409,39.4333
Anas rubripes,-74.3927,39.4176
Anas rubripes,-74.1298,39.7503
Anas rubripes,-74.7606,39.1179
Anas rubripes,-75.5013,39.3246
Anas rubripes,-74.3804,39.4838
Anas rubripes,-75.6457,37.5825
Anas rubripes,-74.3407,39.4831
Anas rubripes,-74.9337,39.1829
Anas rubripes,-75.0658,38.4005
Anas rubripes,-75.5942,37.6833
Anas rubripes,-75.823,37.4002
Anas rubripes,-75.8718,37.1663
Anas rubripes,-75.6598,37.5657
Anas rubripes,-75.2536,38.8503
Anas rubripes,-73.98302,39.54341
Anas rubripes,-75.6858,37.5668
Anas rubripes,-61.3833,45.6167
Anas rubripes,-75.9871,36.583
Anas rubripes,-74.8293,39.0524
Anas rubripes,-75.9893,36.583
Anas rubripes,-74.8706,39.166
Anas rubripes,-74.3238,39.5495
Anas rubripes,-75.903,37.3333
Anas rubripes,-75.1747,38.183
Anas rubripes,-74.4463,39.4336
Anas rubripes,-75.5244,39.4542
Anas rubripes,-74.1926,39.7337
Anas rubripes,-74.9195,39.0501
Anas rubripes,-75.5618,37.7498
Anas rubripes,-74.8145,39.0337
Anas rubripes,-74.8384,39.1665
Anas rubripes,-75.3254,38.0849
Anas rubripes,-75.9312,37.2341
Anas rubripes,-75.5147,39.3668
Anas rubripes,-83.2079162598,27.3017368317
Anas rubripes,-75.8985,37.3165
Anas rubripes,-75.7477,37.5003
Anas rubripes,-74.818,39.0338
Anas rubripes,-75.6146,39.6059
Anas rubripes,-75.2498,39.2992
Anas rubripes,-75.8317,37.2169
Anas rubripes,-75.1078,38.6338
Anas rubripes,-74.4279,39.5502
Anas rubripes,-75.674,37.4999
Anas rubripes,-74.9675,39.1828
Anas rubripes,-74.4252,39.5174
Anas rubripes,-61.9667,57.4333
Anas rubripes,-74.26199,39.51232
Anas rubripes,-75.4157,37.9192
Anas rubripes,-75.1365,39.1997
Anas rubripes,-75.4323,39.2667
Anas rubripes,-74.17326,39.56828
Anas rubripes,-75.8108,37.2001
Anas rubripes,-75.9082,37.3519
Anas rubripes,-75.3966,39.117
Anas rubripes,-75.0789,38.4952
Anas rubripes,-74.65662,39.11772
Anas rubripes,-61.8333,57.4
Anas rubripes,-75.2135,38.1002
Anas rubripes,-75.295,38.9003
Anas rubripes,-75.628,37.6338
Anas rubripes,-74.2672,39.533
Anas rubripes,-74.3531,39.5163
Anas rubripes,-75.107,38.583
Anas rubripes,-75.243,38.0682
Anas rubripes,-75.2783,38.1823
Anas rubripes,-61.1833,56.0333
Anas rubripes,-75.6929,37.5507
Anas rubripes,-75.8537,37.4167
Anas rubripes,-74.8517,39.0156
Anas rubripes,-74.4272,39.4504
Anas rubripes,-75.6971,37.417
Anas rubripes,-75.2295,38.0503
Anas rubripes,-75.6612,37.5165
Anas rubripes,-74.8263,39.0591
Anas rubripes,-75.2078,38.1006
Anas rubripes,-74.4153,39.4171
Anas rubripes,-75.8424,37.4169
Anas rubripes,-75.4524,37.9315
Anas rubripes,-55.5552,51.3621
Anas rubripes,-75.6421,37.5665
Anas rubripes,-75.1023,38.4003
Anas rubripes,-74.59696,38.78794
Anas rubripes,-75.3507,38.0952
Anas rubripes,-75.627,37.6844
Anas rubripes,-75.6835,37.6472
Anas rubripes,-75.6133,39.6141
Anas rubripes,-74.4449,39.5331
Anas rubripes,-75.5158,37.821
Anas rubripes,-74.7464,39.0832
Anas rubripes,-75.8161,37.4332
Anas rubripes,-75.3982,39.2165
Anas rubripes,-74.8234,39.0339
Anas rubripes,-75.5486,37.7827
Anas rubripes,-75.6931,37.4338
Anas rubripes,-75.4186,37.9161
Anas rubripes,-73.2794,40.1896
Anas rubripes,-74.8835,39.1165
Anas rubripes,-75.9507,36.5503
Anas rubripes,-75.0578,39.2006
Anas rubripes,-74.4501,39.4176
Anas rubripes,-75.6735,37.6334
Anas rubripes,-74.05426,39.28581
Anas rubripes,-75.2596,38.1829
Anas rubripes,-74.7113,39.1833
Anas rubripes,-74.8554,38.9682
Anas rubripes,-74.2107,39.6838
Anas rubripes,-75.1063,38.6339
Anas rubripes,-74.6738,39.1828
Anas rubripes,-67.8615,44.3554
Anas rubripes,-74.7604,39.1331
Anas rubripes,-74.4284,39.5181
Anas rubripes,-74.20645,39.59409
Anas rubripes,-76.0563,36.5838
Anas rubripes,-74.3484,39.5495
Anas rubripes,-74.7435,39.1162
Anas rubripes,-75.8268,37.217
Anas rubripes,-74.7963,39.0819
Anas rubripes,-75.6208,37.6336
Anas rubripes,-75.8906,36.5835
Anas rubripes,-75.6148,37.6655
Anas rubripes,-74.3315,39.584
Anas rubripes,-75.5006,37.8255
Anas rubripes,-75.8705,37.1496
Anas rubripes,-74.25237,39.4344
Anas rubripes,-63.6033,44.675
Anas rubripes,-75.4064,39.2497
Anas rubripes,-74.8547,39.167
Anas rubripes,-75.2898,38.1153
Anas rubripes,-74.7023,39.1525
Anas rubripes,-75.2627,38.0164
Anas rubripes,-74.7524,39.0835
Anas rubripes,-74.7775,39.0683
Anas rubripes,-75.7001,37.5503
Anas rubripes,-74.4413,39.5502
Anas rubripes,-75.6738,37.5162
Anas rubripes,-75.6593,37.6006
Anas rubripes,-74.32328,39.42063
Anas rubripes,-75.4849,37.8832
Anas rubripes,-74.4367,39.4336
Anas rubripes,-75.3122,37.9341
Anas rubripes,-63.5939,44.6699
Anas rubripes,-75.0693,38.633
Anas rubripes,-75.7061,37.5169
Anas rubripes,-75.3452,39.3495
Anas rubripes,-74.3419,39.5494
Anas rubripes,-75.2664,38.1831
Anas rubripes,-75.897,36.5669
Anas rubripes,-74.1032,39.7834
Anas rubripes,-75.3215,38.1011
Anas rubripes,-75.3464,38.1004
Anas rubripes,-74.4039,39.5503
Anas rubripes,-75.7709,37.3336
Anas rubripes,-74.127,39.7504
Anas rubripes,-74.7335,39.1664
Anas rubripes,-75.7258,37.4169
Anas rubripes,-74.1006,39.7833
Anas rubripes,-75.2267,38.0673
Anas rubripes,-61.5333,56.95
Anas rubripes,-74.8877,38.9663
Anas rubripes,-74.7895,39.0834
Anas rubripes,-75.4447,37.884
Anas rubripes,-74.2826,39.6162
Anas rubripes,-75.3883,37.9005
Anas rubripes,-75.7176,37.4831
Anas rubripes,-75.1456,38.2338
Anas rubripes,-74.2976,39.5489
Anas rubripes,-74.8037,39.0154
Anas rubripes,-75.6552,37.5002
Anas rubripes,-73.97658,39.52509
Anas rubripes,-74.3628,39.483
Anas rubripes,-75.4778,37.8747
Anas rubripes,-75.0749,38.6331
Anas rubripes,-74.3312,39.4833
Anas rubripes,-75.1502,39.2311
Anas rubripes,-92.6140518188,29.0193500519
Anas rubripes,-75.69515,36.81852
Anas rubripes,-75.7148,37.4333
Anas rubripes,-74.7391,39.1338
Anas rubripes,-62.0667,57.5333
Anas rubripes,-73.98385,39.54784
Anas rubripes,-74.8452,39.0344
Anas rubripes,-75.6281,37.6662
Anas rubripes,-75.1041,38.4175
Anas rubripes,-65.3142,43.6758
Anas rubripes,-75.6145,37.6832
Anas rubripes,-86.6693878174,30.2504348755
Anas rubripes,-74.3395,39.4497
Anas rubripes,-74.82,39.0167
Anas rubripes,-75.8305,37.1839
Anas rubripes,-75.189,39.261
Anas rubripes,-75.2772,38.0169
Anas rubripes,-74.1004,39.8
Anas rubripes,-74.637,39.2325
Anas rubripes,-75.7628,37.3167
Anas rubripes,-75.7075,37.5331
Anas rubripes,-97.0777359009,27.280796051
Anas rubripes,-75.5007,39.3501
Anas rubripes,-74.7318,39.1336
Anas rubripes,-75.1538,39.2361
Anas rubripes,-74.7959,39.0654
Anas rubripes,-74.351,39.4667
Anas rubripes,-75.1969,38.1665
Anas rubripes,-74.3029,39.5497
Anas rubripes,-75.3353,37.9661
Anas rubripes,-74.24186,39.20119
Anas rubripes,-74.4246,39.4835
Anas rubripes,-75.0664,38.5834
Anas rubripes,-74.27946,39.51186
Anas rubripes,-74.00935,39.61795
Anas rubripes,-75.5689,37.7332
Anas rubripes,-74.6934,39.167
Anas rubripes,-75.0722,38.65
Anas rubripes,-75.653,37.533
Anas rubripes,-74.04101,39.43848
Anas rubripes,-75.1486,39.2004
Anas rubripes,-64.05,42.75
Anas rubripes,-74.3457,39.5494
Anas rubripes,-75.2423,38.8492
Anas rubripes,-75.4596,39.2674
Anas rubripes,-75.8297,37.4339
Anas rubripes,-75.3399,38.0498
Anas rubripes,-75.2596,38.851
Anas rubripes,-74.8001,39.0813
Anas rubripes,-74.19411,39.59187
Anas rubripes,-74.7728,39.0682
Anas rubripes,-74.3691,39.4331
Anas rubripes,-74.98079,38.20903
Anas rubripes,-74.70746,39.06032
Anas rubripes,-74.66333,39.16202
Anas rubripes,-74.0864,39.95
Anas rubripes,-74.7938,39.0825
Anas rubripes,-74.448,39.4518
Anas rubripes,-74.874,39.1658
Anas rubripes,-75.6036,37.6658
Anas rubripes,-75.6767,37.6338
Anas rubripes,-74.3213,39.5496
Anas rubripes,-74.4082,39.4496
Anas rubripes,-75.2485,38.8497
Anas rubripes,-75.4302,37.9117
Anas rubripes,-75.1139,38.4332
Anas rubripes,-74.7103,39.3012
Anas rubripes,-75.4028,39.1159
Anas rubripes,-75.4028,39.3824
Anas rubripes,-75.4303,37.9168
Anas rubripes,-61.15,56.0167
Anas rubripes,-75.4299,37.8834
Anas rubripes,-75.6832,37.5333
Anas rubripes,-74.3561,39.4495
Anas rubripes,-74.6806,39.1832
Anas rubripes,-75.2985,38.9005
Anas rubripes,-75.0969,38.7495
Anas rubripes,-74.2866,39.617
Anas rubripes,-75.546,37.7671
Anas rubripes,-58.7833,59.9833
Anas rubripes,-75.1381,39.1998
Anas rubripes,-75.1692,38.1824
Anas rubripes,-74.2327,39.36376
Anas rubripes,-75.0914,38.7502
Anas rubripes,-74.7005,39.3
Anas rubripes,-75.6169,37.6007
Anas rubripes,-74.31,39.5334
Anas rubripes,-74.66134,39.18168
Anas rubripes,-75.2405,38.2349
Anas rubripes,-75.3844,37.9008
Anas rubripes,-75.519,37.8264
Anas rubripes,-84.1912689209,26.9666690826
Anas rubripes,-74.7211,39.1684
Anas rubripes,-75.1924,39.2501
Anas rubripes,-75.251,38.1005
Anas rubripes,-75.6699,37.516
Anas rubripes,-74.1423,39.8494
Anas rubripes,-74.3689,39.4672
Anas rubripes,-74.3312,39.5495
Anas rubripes,-74.7293,39.1672
Anas rubripes,-74.60991,39.21393
Anas rubripes,-75.629,37.5676
Anas rubripes,-75.3395,38.9498
Anas rubripes,-74.73787,39.04085
Anas rubripes,-75.8866,37.3167
Anas rubripes,-75.1519,38.2162
Anas rubripes,-75.3547,38.9503
Anas rubripes,-74.34127,39.06033
Anas rubripes,-75.6514,37.6002
Anas rubripes,-75.4562,37.8999
Anas rubripes,-74.7659,39.1179
Anas rubripes,-75.6458,37.5824
Anas rubripes,-74.8261,39.0173
Anas rubripes,-74.1545,39.8498
Anas rubripes,-75.9787,36.6676
Anas rubripes,-75.7389,37.5331
Anas rubripes,-74.0973,39.7834
Anas rubripes,-74.4459,39.4283
Anas rubripes,-86.5596389771,30.4191112518
Anas rubripes,-74.3073,39.5166
Anas rubripes,-75.8017,37.3836
Anas rubripes,-75.0795,38.4936
Anas rubripes,-75.8742,37.2007
Anas rubripes,-75.5528,37.7674
Anas rubripes,-74.47134,39.01175
Anas rubripes,-75.7609,37.5003
Anas rubripes,-75.5092,37.8484
Anas rubripes,-74.7871,39.0331
Anas rubripes,-74.4552,39.418
Anas rubripes,-75.886,37.2168
Anas rubripes,-74.7065,39.1676
Anas rubripes,-75.3754,38.9573
Anas rubripes,-75.8385,37.2167
Anas rubripes,-92.0450134277,28.1369018555
Anas rubripes,-75.2406,38.0333
Anas rubripes,-74.8367,39.0344
Anas rubripes,-74.3566,39.4332
Anas rubripes,-75.9895,36.6038
Anas rubripes,-74.7702,39.0682
Anas rubripes,-75.8555,37.3164
Anas rubripes,-93.0898971558,29.7485084534
Anas rubripes,-75.9155,37.234
Anas rubripes,-75.8366,37.4341
Anas rubripes,-74.4387,39.4702
Anas rubripes,-75.8192,37.4
Anas rubripes,-75.2605,39.2997
Anas rubripes,-74.2037,39.6833
Anas rubripes,-74.7776,39.1169
Anas rubripes,-75.3225,39.35
Anas rubripes,-74.24573,39.54595
Anas rubripes,-75.748,37.5169
Anas rubripes,-75.6251,37.6337
Anas rubripes,-74.385,39.4839
Anas rubripes,-74.4231,39.4669
Anas rubripes,-74.7753,39.0843
Anas rubripes,-74.55843,39.09294
Anas rubripes,-75.1906,38.2829
Anas rubripes,-74.7827,39.1168
Anas rubripes,-74.44,39.533
Anas rubripes,-75.504,39.3499
Anas rubripes,-75.0667,38.5998
Anas rubripes,-75.3813,39.3672
Anas rubripes,-74.3179,39.4836
Anas rubripes,-74.3473,39.4831
Anas rubripes,-74.3376,39.41673
Anas rubripes,-75.9118,37.234
Anas rubripes,-74.6774,39.2173
Anas rubripes,-75.6647,37.6007
Anas rubripes,-75.0671,38.6162
Anas rubripes,-75.3652,39.3494
Anas rubripes,-74.3975,39.4828
Anas rubripes,-74.7826,39.0502
Anas rubripes,-74.3992,39.45
Anas rubripes,-75.437,39.3003
Anas rubripes,-75.6394,37.5332
Anas rubripes,-74.7133,39.1665
Anas rubripes,-74.4154,39.4823
Anas rubripes,-75.2106,38.1506
Anas rubripes,-56.3333,47.3333
Anas rubripes,-74.1346,39.7503
Anas rubripes,-75.2137,38.0834
Anas rubripes,-75.4794,39.2671
Anas rubripes,-75.192,39.2636
Anas rubripes,-74.7924,39.05
Anas rubripes,-74.2636,39.6342
Anas rubripes,-74.08873,39.77059
Anas rubripes,-75.7228,37.483
Anas rubripes,-74.1132,39.9883
Anas rubripes,-75.8243,37.2332
Anas rubripes,-75.288,37.9994
Anas rubripes,-75.9449,36.633
Anas rubripes,-74.3101,39.55
Anas rubripes,-74.3896,39.4837
Anas rubripes,-75.0759,38.616
Anas rubripes,-74.3988,39.4681
Anas rubripes,-74.7559,39.0836
Anas rubripes,-74.6961,39.2997
Anas rubripes,-75.639,37.5824
Anas rubripes,-74.8137,39.066
Anas rubripes,-73.4351,40.3079
Anas rubripes,-75.6112,39.6151
Anas rubripes,-75.4054,37.9006
Anas rubripes,-74.7413,39.1187
Anas rubripes,-75.5451,37.801
Anas rubripes,-74.3481,39.4831
Anas rubripes,-75.6564,37.5825
Anas rubripes,-74.50704,39.05195
Anas rubripes,-75.7016,37.4667
Anas rubripes,-75.6403,37.5501
Anas rubripes,-74.54478,39.26927
Anas rubripes,-75.8355,37.3338
Anas rubripes,-74.4223,39.5336
Anas rubripes,-75.7833,37.5004
Anas rubripes,-75.0974,38.4329
Anas rubripes,-74.1655,39.64678
Anas rubripes,-70.8,40.03333
Anas rubripes,-75.9084,37.3006
Anas rubripes,-75.6081,37.6657
Anas rubripes,-75.458,37.8831
Anas rubripes,-74.3533,39.5497
Anas rubripes,-75.3002,37.9175
Anas rubripes,-74.2112,39.673
Anas rubripes,-75.3338,38.0496
Anas rubripes,-74.685,39.1833
Anas rubripes,-74.76451,39.03869
Anas rubripes,-74.3987,39.4827
Anas rubripes,-75.9563,36.5499
Anas rubripes,-75.4543,37.9297
Anas rubripes,-74.4214,39.483
Anas rubripes,-74.7729,39.1168
Anas rubripes,-74.6337,39.2324
Anas rubripes,-74.9066,38.967
Anas rubripes,-68.0012,44.2778
Anas rubripes,-75.191,38.1332
Anas rubripes,-75.9942,36.5826
Anas rubripes,-70.45125,42.8005
Anas rubripes,-74.7071,39.3006
Anas rubripes,-74.21968,39.35876
Anas rubripes,-75.379,39.3716
Anas rubripes,-73.2791,40.1895
Anas rubripes,-74.3374,39.4831
Anas rubripes,-75.454,37.8835
Anas rubripes,-75.5381,39.4165
Anas rubripes,-73.98704,39.55479
Anas rubripes,-75.6779,37.5664
Anas rubripes,-74.7228,39.1333
Anas rubripes,-75.9625,36.6842
Anas rubripes,-74.7775,39.0843
Anas rubripes,-75.8832,37.283
Anas rubripes,-74.3572,39.4831
Anas rubripes,-75.6118,39.6039
