species,decimalLongitude,decimalLatitude
Anas superciliosa,140.58977,-38.01827
Anas superciliosa,139.94788,-37.25609
Anas superciliosa,140.1508,-37.50726
Anas superciliosa,139.99723,-37.43826
Anas superciliosa,139.97988,-37.22482
Anas superciliosa,140.43318,-37.79053
Anas superciliosa,140.3799,-37.8862
Anas superciliosa,140.45809,-37.91509
Anas superciliosa,140.79142,-38.02307
Anas superciliosa,139.81049,-37.26305
Anas superciliosa,139.99632,-37.46653
Anas superciliosa,140.18661,-37.57375
Anas superciliosa,140.31781,-37.70955
Anas superciliosa,140.54654,-37.99226
Anas superciliosa,140.79371,-38.02586
Anas superciliosa,140.79195,-38.02243
Anas superciliosa,139.77305,-37.20957
Anas superciliosa,140.4017,-37.91106
Anas superciliosa,140.70341,-38.03412
Anas superciliosa,140.79466,-37.99579
Anas superciliosa,140.2404,-37.67275
Anas superciliosa,140.24871,-37.63939
Anas superciliosa,140.37792,-37.88681
Anas superciliosa,140.31661,-37.58339
Anas superciliosa,139.78416000000001,-37.22967
