species,decimalLongitude,decimalLatitude
Anomalops katoptron,144.705583,13.479938
Anomalops katoptron,129.862308,-4.543592
Anomalops katoptron,129.9,-4.516
Anomalops katoptron,129.866,-4.533
Anomalops katoptron,120.4789963,14.24600029
Anomalops katoptron,168.136167,-24.716
Anomalops katoptron,-175.206115723,-21.0355548859
Anomalops katoptron,129.9166667,-4.5666667
Anomalops katoptron,129.879316,-4.523142
Anomalops katoptron,146.53666,-13.84166
Anomalops katoptron,149.896389,-4.704167
Anomalops katoptron,165.290838295057,-20.5800085674362
Anomalops katoptron,151.083333,-17.383333
Anomalops katoptron,151.083,-8.5
Anomalops katoptron,163.949996948242,-19.6599998474121
Anomalops katoptron,121.559997559,22.0599994659
Anomalops katoptron,135.833,34.516
Anomalops katoptron,124.130713,10.397269
Anomalops katoptron,122.933664,11.937774
Anomalops katoptron,129.913661,-4.581743
Anomalops katoptron,129.873333,-4.535
Anomalops katoptron,147.25,-9.58333
Anomalops katoptron,146.291024,-17.183691
Anomalops katoptron,157,-7.75
Anomalops katoptron,128.167007446,-3.83299994469
Anomalops katoptron,123.986423,10.262723
Anomalops katoptron,148.17999,-11.211
Anomalops katoptron,145.833,-15.816
Anomalops katoptron,123.131282,9.660766
Anomalops katoptron,-175.206,-21.0356
Anomalops katoptron,129.89304,-4.514856
Anomalops katoptron,158.2,-8.75
Anomalops katoptron,120.478996277,14.2460002899
Anomalops katoptron,168.132995605,-24.7000007629
Anomalops katoptron,168.006167,-23.682833
Anomalops katoptron,121.91722106900001,20.4125003815
Anomalops katoptron,124.001663208,10.2858333588
Anomalops katoptron,128.167,-3.833
Anomalops katoptron,123.6666667,10.3333333
Anomalops katoptron,168.133,-24.7
