species,decimalLongitude,decimalLatitude
Anoplocapros amygdaloides,114.98641,-33.66203
Anoplocapros amygdaloides,118.03333,-35.05
Anoplocapros amygdaloides,115.11666666666666,-31.6
Anoplocapros amygdaloides,115.724,-32.17
Anoplocapros amygdaloides,130.035,-32.355
Anoplocapros amygdaloides,115.33333,-33.5
Anoplocapros amygdaloides,115.393,-31.7426
Anoplocapros amygdaloides,130.035,-32.355000000000004
Anoplocapros amygdaloides,115.1076,-31.4294
Anoplocapros amygdaloides,114.96667,-33.55
Anoplocapros amygdaloides,118.1704,-35.01617
Anoplocapros amygdaloides,150.73499,-35.065
Anoplocapros amygdaloides,128.17,-33.33
Anoplocapros amygdaloides,115.594,-31.9097
Anoplocapros amygdaloides,117.949539,-35.090043
Anoplocapros amygdaloides,118.20997,-35.00715
Anoplocapros amygdaloides,125.53333,-32.8
Anoplocapros amygdaloides,115.308,-31.9044
Anoplocapros amygdaloides,115,-33.52
Anoplocapros amygdaloides,113.66667,-28.66667
Anoplocapros amygdaloides,151.3,-33.6
Anoplocapros amygdaloides,131.39667,-32.24
Anoplocapros amygdaloides,124.6,-33.5
Anoplocapros amygdaloides,115.71667,-32.3
Anoplocapros amygdaloides,113.9,-28.81666
Anoplocapros amygdaloides,123.88333,-33.61667
Anoplocapros amygdaloides,115.11148,-31.45295
Anoplocapros amygdaloides,113.95227,-28.83674
Anoplocapros amygdaloides,114.91887,-34.06619
Anoplocapros amygdaloides,115.264,-31.8697
Anoplocapros amygdaloides,133.6666,-32.1333
Anoplocapros amygdaloides,115.58333,-31.5
Anoplocapros amygdaloides,115.1166667,-31.6
Anoplocapros amygdaloides,127.83,-32.89833
Anoplocapros amygdaloides,115.2335,-33.5684
Anoplocapros amygdaloides,115.0835,-33.5469
Anoplocapros amygdaloides,127.83,-32.8983
Anoplocapros amygdaloides,115.4958,-31.45507
Anoplocapros amygdaloides,115.301,-32.1731
Anoplocapros amygdaloides,115.71667,-32.53333
Anoplocapros amygdaloides,151.25,-33.816
Anoplocapros amygdaloides,125.77666666666667,-35.05166666666666
Anoplocapros amygdaloides,115.7,-32.166
Anoplocapros amygdaloides,115.30783,-31.90449
Anoplocapros amygdaloides,114.9786,-33.5504
Anoplocapros amygdaloides,115.71667,-32.28333
Anoplocapros amygdaloides,115.3,-33.61667
Anoplocapros amygdaloides,150.983,-34.233
Anoplocapros amygdaloides,116.3358,-35.0646
Anoplocapros amygdaloides,114.7099,-30.28163
Anoplocapros amygdaloides,151.421087,-33.929034
Anoplocapros amygdaloides,115.73333,-32.05
Anoplocapros amygdaloides,151.230989,-33.865378
Anoplocapros amygdaloides,115.5213,-31.9762
Anoplocapros amygdaloides,115.4987,-32.0247
Anoplocapros amygdaloides,118.23033,-34.93678
Anoplocapros amygdaloides,128.96667,-32
Anoplocapros amygdaloides,115.49353,-31.45983
Anoplocapros amygdaloides,115.3937,-32.0532
Anoplocapros amygdaloides,115.26283,-31.54183
Anoplocapros amygdaloides,115.75,-32.15
Anoplocapros amygdaloides,115.5326,-32.0321
Anoplocapros amygdaloides,115.4906,-31.9813
Anoplocapros amygdaloides,124.5,-34
Anoplocapros amygdaloides,115.71667,-32.18333
Anoplocapros amygdaloides,128.46667,-32.41667
Anoplocapros amygdaloides,131.395,-32.2033
Anoplocapros amygdaloides,123.3607,-34.0118
Anoplocapros amygdaloides,114.9996,-33.5136
Anoplocapros amygdaloides,114.93637,-34.08119
Anoplocapros amygdaloides,124.76667,-34.15
Anoplocapros amygdaloides,115.30783,-31.9045
Anoplocapros amygdaloides,125.7766667,-35.05166667
Anoplocapros amygdaloides,113.94047,-28.84943
Anoplocapros amygdaloides,118.23462,-34.94888
Anoplocapros amygdaloides,115.33333,-33.58333
Anoplocapros amygdaloides,114.96952,-30.33827
Anoplocapros amygdaloides,115.7,-32.16667
Anoplocapros amygdaloides,115.58333,-31.93333
Anoplocapros amygdaloides,148.23,-40.85
Anoplocapros amygdaloides,115.5402,-31.9722
Anoplocapros amygdaloides,115.1605,-33.5713
Anoplocapros amygdaloides,124.5,-33.01667
Anoplocapros amygdaloides,115.134,-33.5485
Anoplocapros amygdaloides,115.0889,-33.5265
Anoplocapros amygdaloides,115.31667,-31.01667
Anoplocapros amygdaloides,114.88333,-29.8
Anoplocapros amygdaloides,115.02377,-33.50124
Anoplocapros amygdaloides,122.05,-34.03333
Anoplocapros amygdaloides,131.395,-32.20333
Anoplocapros amygdaloides,114.79218,-30.36212
Anoplocapros amygdaloides,115.63333,-21.2
Anoplocapros amygdaloides,115.66667,-32.11667
Anoplocapros amygdaloides,115.5063,-31.9798
Anoplocapros amygdaloides,115.5,-32
Anoplocapros amygdaloides,115.5046,-32.0253
Anoplocapros amygdaloides,113.73333,-28.5
Anoplocapros amygdaloides,116.30862,-35.03225
Anoplocapros amygdaloides,124.80167,-33.62
Anoplocapros amygdaloides,115.5125,-32.0308
