species,decimalLongitude,decimalLatitude
Anoplocapros inermis,151.983,-32.917
Anoplocapros inermis,151.283,-33.833
Anoplocapros inermis,150.833,-34.866
Anoplocapros inermis,152.017,-32.867
Anoplocapros inermis,153.133,-30.467
Anoplocapros inermis,150.05,-36.633
Anoplocapros inermis,151.347,-33.83
Anoplocapros inermis,151.5,-33.5
Anoplocapros inermis,153.583,-29.45
Anoplocapros inermis,151.883,-32.85
Anoplocapros inermis,150.10392,-36.36467
Anoplocapros inermis,153.467,-29.383
Anoplocapros inermis,149.96667,-36.90083
Anoplocapros inermis,151.230989,-33.865378
Anoplocapros inermis,151.35,-33.583
Anoplocapros inermis,153.667,-28.4
Anoplocapros inermis,151.983,-33.05
Anoplocapros inermis,151.533,-33.45
Anoplocapros inermis,152.517,-32.133
Anoplocapros inermis,151.517,-33.533
Anoplocapros inermis,151.9,-32.867
Anoplocapros inermis,153.417,-29.833
Anoplocapros inermis,153.417,-29.333
Anoplocapros inermis,153.583,-29.417
Anoplocapros inermis,153.4,-29.65
Anoplocapros inermis,150.633,-35.217
Anoplocapros inermis,153.383,-29.383
Anoplocapros inermis,151.7,-33.667
Anoplocapros inermis,152.6,-32.167
Anoplocapros inermis,153.383,-29.417
Anoplocapros inermis,149.99166,-37.28666
Anoplocapros inermis,151.933,-33.083
Anoplocapros inermis,150.067,-36.633
Anoplocapros inermis,151.683,-33.2
Anoplocapros inermis,151.717,-33.067
Anoplocapros inermis,152.416,-32.533
Anoplocapros inermis,150.683,-35.2
Anoplocapros inermis,151.45,-33.517
Anoplocapros inermis,151.4,-33.6
Anoplocapros inermis,153.533,-28.816
Anoplocapros inermis,151.767,-33
Anoplocapros inermis,151.316,-33.233
Anoplocapros inermis,151.933,-32.85
Anoplocapros inermis,150.717,-35.283
Anoplocapros inermis,151.717,-33.167
Anoplocapros inermis,151.4,-33.667
Anoplocapros inermis,151.85,-32.85
Anoplocapros inermis,149.99192,-37.29725
Anoplocapros inermis,151.266,-33.85
Anoplocapros inermis,150.733,-35.2
Anoplocapros inermis,153.55,-29.433
Anoplocapros inermis,151.7,-33.167
Anoplocapros inermis,153.5,-29.283
Anoplocapros inermis,150.033,-36.7
Anoplocapros inermis,150.02,-37.31
Anoplocapros inermis,151.033,-34.817
Anoplocapros inermis,151.166,-33.833
Anoplocapros inermis,152.467,-32.683
Anoplocapros inermis,153.567,-28.583
Anoplocapros inermis,151.567,-33.4
Anoplocapros inermis,152.85,-31.917
Anoplocapros inermis,150.15584,-36.35083
Anoplocapros inermis,152.033,-32.817
Anoplocapros inermis,150.2,-36.367
Anoplocapros inermis,151.783,-33.033
Anoplocapros inermis,151.45,-33.55
Anoplocapros inermis,151.567,-33.417
Anoplocapros inermis,150.017,-36.717
Anoplocapros inermis,151.95,-32.9
Anoplocapros inermis,151.767,-32.983
Anoplocapros inermis,151.517,-33.467
Anoplocapros inermis,152.033,-32.883
Anoplocapros inermis,151.967,-32.9
Anoplocapros inermis,152.3,-32.9
Anoplocapros inermis,152.2,-32.767
Anoplocapros inermis,151.483,-33.8
Anoplocapros inermis,151.55,-33.45
Anoplocapros inermis,151.24859,-33.85341
Anoplocapros inermis,151.75,-33.05
Anoplocapros inermis,151.216,-34
Anoplocapros inermis,150.11584,-36.37416
Anoplocapros inermis,153.417,-29.533
Anoplocapros inermis,151.75,-33
Anoplocapros inermis,150.01417,-37.316665
Anoplocapros inermis,150.7,-35.217
Anoplocapros inermis,150.2,-36.433
Anoplocapros inermis,151.7,-33.067
Anoplocapros inermis,153.767,-28.417
Anoplocapros inermis,150.15,-36.6
Anoplocapros inermis,151.9,-32.833
Anoplocapros inermis,152,-32.867
Anoplocapros inermis,150.067,-37.1
Anoplocapros inermis,150.067,-36.85
Anoplocapros inermis,151.517,-33.5
Anoplocapros inermis,153.4,-29.283
Anoplocapros inermis,153.4,-29.35
Anoplocapros inermis,150.017,-36.7
Anoplocapros inermis,151.467,-33.533
Anoplocapros inermis,151.833,-32.983
Anoplocapros inermis,152.367,-32.75
Anoplocapros inermis,151.266,-33.833
Anoplocapros inermis,151.417,-33.567
Anoplocapros inermis,151.8,-33.017
Anoplocapros inermis,152.017,-32.883
Anoplocapros inermis,151.85,-32.867
Anoplocapros inermis,151.567,-33.433
Anoplocapros inermis,151.483,-33.5
Anoplocapros inermis,151.917,-32.85
Anoplocapros inermis,151.95,-32.883
Anoplocapros inermis,152,-32.683
Anoplocapros inermis,151.767,-33.133
Anoplocapros inermis,151.783,-32.967
Anoplocapros inermis,153.6,-29.933
Anoplocapros inermis,153.6,-27.483333
Anoplocapros inermis,151.25,-33.966
Anoplocapros inermis,150.12001,-36.36167
Anoplocapros inermis,151.55,-33.517
Anoplocapros inermis,151.717,-33.15
Anoplocapros inermis,113.66917,-27.52611
Anoplocapros inermis,153.167,-30.417
Anoplocapros inermis,152,-32.883
Anoplocapros inermis,150.033,-36.683
Anoplocapros inermis,150.017,-37.467
Anoplocapros inermis,153.433,-29.817
Anoplocapros inermis,150.7,-35.2
Anoplocapros inermis,145.4,-38.62
Anoplocapros inermis,151.733,-33.05
Anoplocapros inermis,151.733,-33.1
Anoplocapros inermis,153.45,-29.8
Anoplocapros inermis,153.467,-29.517
Anoplocapros inermis,151.933,-32.933
Anoplocapros inermis,153.55,-29.467
Anoplocapros inermis,151.7,-33.183
Anoplocapros inermis,153.366,-29.416
Anoplocapros inermis,151.683,-33.117
Anoplocapros inermis,151.717,-33.05
Anoplocapros inermis,148.2175,-37.85333
Anoplocapros inermis,153.383,-29.633
Anoplocapros inermis,152.833,-31.9
Anoplocapros inermis,152.383,-32.733
Anoplocapros inermis,153.4,-29.633
Anoplocapros inermis,150.49334,-37.27667
Anoplocapros inermis,153.383,-29.4
Anoplocapros inermis,151.25,-33.85
Anoplocapros inermis,153.15,-30.433
Anoplocapros inermis,151.933,-32.917
Anoplocapros inermis,150.0575,-36.94417
Anoplocapros inermis,151.2,-33.983
Anoplocapros inermis,151.9,-32.85
Anoplocapros inermis,151.216,-33.883
Anoplocapros inermis,153.466667,-26.85
Anoplocapros inermis,153.083,-31.567
Anoplocapros inermis,151.467,-33.6
Anoplocapros inermis,153.333,-29.633
Anoplocapros inermis,153.483,-29.317
Anoplocapros inermis,152.25,-32.733
Anoplocapros inermis,153.633,-29.2
Anoplocapros inermis,153.033,-30.8
Anoplocapros inermis,151.95,-32.917
Anoplocapros inermis,151.983,-32.867
Anoplocapros inermis,151.283,-33.8
Anoplocapros inermis,153.55,-29.517
Anoplocapros inermis,153.4,-29.3
Anoplocapros inermis,151.3,-33.85
Anoplocapros inermis,150.1375,-36.3825
Anoplocapros inermis,153.483,-29.283
Anoplocapros inermis,151.767,-33.017
Anoplocapros inermis,153.666667,-27.516667
Anoplocapros inermis,151.967,-32.867
Anoplocapros inermis,151.933,-32.9
Anoplocapros inermis,150.217,-36.367
Anoplocapros inermis,150.067,-36.733
Anoplocapros inermis,153.017,-31.167
Anoplocapros inermis,151,-34.85
Anoplocapros inermis,151.917,-32.9
Anoplocapros inermis,151.266,-33.8
Anoplocapros inermis,152.717,-32.183
Anoplocapros inermis,151.867,-32.85
Anoplocapros inermis,151.533,-33.467
Anoplocapros inermis,150.067,-36.833
Anoplocapros inermis,152.283,-32.933
Anoplocapros inermis,152.3,-32.75
Anoplocapros inermis,153.617,-29.233
Anoplocapros inermis,150.10958,-36.3675
Anoplocapros inermis,151.21099,-33.85365
Anoplocapros inermis,153.45,-29.517
Anoplocapros inermis,152.317,-32.733
Anoplocapros inermis,149.88333,-36.90583
Anoplocapros inermis,151.516,-33.516
Anoplocapros inermis,151.817,-32.883
Anoplocapros inermis,151.833,-32.867
Anoplocapros inermis,152.25,-32.983
Anoplocapros inermis,151.817,-32.867
Anoplocapros inermis,152.667,-32.267
Anoplocapros inermis,152.6,-32.1
Anoplocapros inermis,153.5,-28.13333
Anoplocapros inermis,153.333,-29.833
Anoplocapros inermis,150.85,-34.85
Anoplocapros inermis,153.45,-29.817
Anoplocapros inermis,152.3,-32.917
Anoplocapros inermis,149.00833,-37.80833
Anoplocapros inermis,153.35,-29.633
Anoplocapros inermis,151.783,-32.983
Anoplocapros inermis,113.638598575259,-25.9522459340334
Anoplocapros inermis,153.417,-29.317
Anoplocapros inermis,151.65,-33.283
Anoplocapros inermis,151.45,-33.583
Anoplocapros inermis,151.467,-33.517
Anoplocapros inermis,151.383,-33.633
Anoplocapros inermis,151.483,-33.517
Anoplocapros inermis,151.222,-34.0009
Anoplocapros inermis,153.516667,-27.033333
Anoplocapros inermis,150.817,-34.85
Anoplocapros inermis,153.517,-29.283
Anoplocapros inermis,153.45,-29.35
Anoplocapros inermis,153.633,-29.217
Anoplocapros inermis,151.617,-33.333
Anoplocapros inermis,151.733,-33.033
Anoplocapros inermis,150.417,-35.683
Anoplocapros inermis,153.383,-29.367
Anoplocapros inermis,151.917,-32.833
Anoplocapros inermis,150.75,-35.133
Anoplocapros inermis,153.583,-29.433
Anoplocapros inermis,152.817,-31.7
Anoplocapros inermis,152.417,-32.583
Anoplocapros inermis,149.9825,-37.39583
Anoplocapros inermis,150.167,-36.45
Anoplocapros inermis,149.917,-37.083
Anoplocapros inermis,151.95,-32.867
Anoplocapros inermis,151.25,-33.983333
Anoplocapros inermis,150.633,-35.2
Anoplocapros inermis,151.983,-32.9
Anoplocapros inermis,150.05,-36.617
Anoplocapros inermis,151.483,-33.533
Anoplocapros inermis,151.567,-33.683
Anoplocapros inermis,153.333,-29.65
Anoplocapros inermis,150.033,-36.9
Anoplocapros inermis,151.633,-33.35
Anoplocapros inermis,151.283,-33.866
Anoplocapros inermis,152.45,-32.517
Anoplocapros inermis,152,-33.033
Anoplocapros inermis,153.433,-29.533
Anoplocapros inermis,153.433,-29.833
Anoplocapros inermis,153.433,-29.417
Anoplocapros inermis,151.4,-33.633
Anoplocapros inermis,151.467,-33.55
Anoplocapros inermis,152.283,-32.95
Anoplocapros inermis,150.617,-35.217
Anoplocapros inermis,151.967,-32.833
Anoplocapros inermis,153.483,-29.3
Anoplocapros inermis,150.8,-34.833
Anoplocapros inermis,153.333,-29.783
Anoplocapros inermis,150.983,-34.867
Anoplocapros inermis,153.566,-28.866
Anoplocapros inermis,151.583,-33.367
Anoplocapros inermis,153.567,-29.467
Anoplocapros inermis,153.417,-29.567
Anoplocapros inermis,153.6,-29.4
Anoplocapros inermis,151.9,-32.917
Anoplocapros inermis,150.067,-36.75
Anoplocapros inermis,151.183,-34.05
Anoplocapros inermis,151.5,-33.733
Anoplocapros inermis,150.133,-36.567
Anoplocapros inermis,150.067,-36.617
Anoplocapros inermis,153.317,-29.817
Anoplocapros inermis,152.783,-32.033
Anoplocapros inermis,151.633,-33.317
Anoplocapros inermis,153.5,-28.11666
Anoplocapros inermis,153.383,-29.35
Anoplocapros inermis,153.45,-29.467
Anoplocapros inermis,152.683,-32.283
Anoplocapros inermis,152.217,-32.983
Anoplocapros inermis,150.1,-36.667
Anoplocapros inermis,150.067,-36.817
Anoplocapros inermis,151.517,-33.517
Anoplocapros inermis,153.517,-29.233
Anoplocapros inermis,150.133,-36.617
Anoplocapros inermis,153.1,-31.367
Anoplocapros inermis,151.433,-33.567
Anoplocapros inermis,152.797425,-31.646712
Anoplocapros inermis,151.717,-33.183
Anoplocapros inermis,150.867,-34.85
Anoplocapros inermis,150.717,-35.2
Anoplocapros inermis,153.567,-29.417
Anoplocapros inermis,151,-33
Anoplocapros inermis,153.833,-28.7
Anoplocapros inermis,151.566,-33.45
Anoplocapros inermis,147.863,-38.1172
Anoplocapros inermis,151.3116667,-33.78166667
Anoplocapros inermis,150.45,-35.45
Anoplocapros inermis,153.367,-29.383
Anoplocapros inermis,151.2,-33.85
Anoplocapros inermis,151.967,-32.883
Anoplocapros inermis,151.717,-33.133
Anoplocapros inermis,151.383,-33.533
Anoplocapros inermis,151.31166666666667,-33.781666666666666
Anoplocapros inermis,152.017,-32.85
Anoplocapros inermis,150.683,-35.217
Anoplocapros inermis,152.817,-32.167
Anoplocapros inermis,151.617,-33.317
Anoplocapros inermis,153.483,-29.35
Anoplocapros inermis,151.766,-32.933
Anoplocapros inermis,151.567,-33.367
Anoplocapros inermis,149.982,-37.4033
Anoplocapros inermis,151.417,-33.667
Anoplocapros inermis,150.0925,-37.36667
Anoplocapros inermis,151.9,-33.133
Anoplocapros inermis,151.1333,-34
Anoplocapros inermis,153.617,-29.25
Anoplocapros inermis,151.767,-33.483
Anoplocapros inermis,151.933,-32.867
Anoplocapros inermis,149.87,-37.2783
Anoplocapros inermis,153.6,-27.48333
Anoplocapros inermis,153.567,-29.433
Anoplocapros inermis,131.38333,-32.25
Anoplocapros inermis,149.983,-36.917
Anoplocapros inermis,153.5,-28.116667
Anoplocapros inermis,151.733,-33.067
Anoplocapros inermis,152.267,-32.633
Anoplocapros inermis,150.083,-36.717
Anoplocapros inermis,151.917,-32.883
Anoplocapros inermis,151.717,-33.033
Anoplocapros inermis,151.6,-33.367
Anoplocapros inermis,153.46667,-26.85
Anoplocapros inermis,150.883,-34.867
Anoplocapros inermis,151.917,-32.917
Anoplocapros inermis,151.75,-33.067
Anoplocapros inermis,151.283,-33.816
Anoplocapros inermis,153.5,-29.383
Anoplocapros inermis,151.917,-32.933
Anoplocapros inermis,153.583,-29.4
Anoplocapros inermis,153.35,-29.3
Anoplocapros inermis,153.417,-29.583
Anoplocapros inermis,153.35,-30.467
Anoplocapros inermis,153.367,-29.867
Anoplocapros inermis,151.517,-33.45
Anoplocapros inermis,151.733,-33.083
Anoplocapros inermis,151.5,-33.55
Anoplocapros inermis,153.35,-29.85
Anoplocapros inermis,149.865,-37.58333
Anoplocapros inermis,150.717,-35.217
Anoplocapros inermis,151.5,-33.483
Anoplocapros inermis,151.383,-34.033
Anoplocapros inermis,151.483,-33.617
Anoplocapros inermis,151.883,-32.867
Anoplocapros inermis,151.667,-33.683
Anoplocapros inermis,152.267,-32.917
Anoplocapros inermis,151,-34
Anoplocapros inermis,151.45,-33.617
Anoplocapros inermis,153.467,-29.567
Anoplocapros inermis,149.96658,-36.91716
Anoplocapros inermis,153.633,-29.167
Anoplocapros inermis,151.25,-33.983
Anoplocapros inermis,153.417,-29.283
Anoplocapros inermis,151.533,-33.5
Anoplocapros inermis,151.467,-33.5
Anoplocapros inermis,150.183,-36.383
Anoplocapros inermis,153.517,-29.25
Anoplocapros inermis,150.01334,-37.31666
Anoplocapros inermis,150.133,-36.717
Anoplocapros inermis,151.27756,-33.84603
Anoplocapros inermis,151.933,-33.1
Anoplocapros inermis,153.583,-29.383
Anoplocapros inermis,150.733,-35.1
Anoplocapros inermis,152.533,-32.117
Anoplocapros inermis,151.383,-33.6
Anoplocapros inermis,151.55,-33.433
Anoplocapros inermis,152.783,-32.3
Anoplocapros inermis,151.917,-32.95
Anoplocapros inermis,153.333,-29.85
Anoplocapros inermis,153.033,-31.217
Anoplocapros inermis,150.833,-34.883
Anoplocapros inermis,151.683,-33.25
Anoplocapros inermis,153.4,-29.617
Anoplocapros inermis,153.383,-29.967
Anoplocapros inermis,151.033,-34.9
Anoplocapros inermis,151.75,-33.017
Anoplocapros inermis,153.45,-29.5
Anoplocapros inermis,153.617,-29.217
Anoplocapros inermis,151.329805,-33.581943
Anoplocapros inermis,151.95,-32.817
Anoplocapros inermis,151.133,-34.05
Anoplocapros inermis,153.433,-29.517
Anoplocapros inermis,150.033,-36.667
Anoplocapros inermis,150.15166,-36.38416
Anoplocapros inermis,152.267,-32.683
Anoplocapros inermis,151.233,-34.2
Anoplocapros inermis,153.4,-29.333
Anoplocapros inermis,151.717,-33.083
Anoplocapros inermis,151.433,-33.6
Anoplocapros inermis,151.767,-33.033
Anoplocapros inermis,150.867,-34.9
Anoplocapros inermis,153.38333,-29.38333
Anoplocapros inermis,150.15,-36.583
Anoplocapros inermis,150.4,-35.733
Anoplocapros inermis,152.95,-31.4
Anoplocapros inermis,152.8,-31.65
Anoplocapros inermis,153.383,-29.65
Anoplocapros inermis,151.216,-33.75
Anoplocapros inermis,150.03168,-37.27833
Anoplocapros inermis,151.75,-33.083
Anoplocapros inermis,150.15,-36.7
Anoplocapros inermis,150.00167,-37.2775
Anoplocapros inermis,150.85,-35.45
Anoplocapros inermis,151.95,-32.833
Anoplocapros inermis,150.067,-36.6
Anoplocapros inermis,153.1,-31.467
Anoplocapros inermis,151.333,-33.833
Anoplocapros inermis,153.45,-29.317
Anoplocapros inermis,150.1,-36.7
Anoplocapros inermis,152.833,-31.967
Anoplocapros inermis,153.65,-29.167
Anoplocapros inermis,150.02,-37.295
Anoplocapros inermis,151.683,-33.083
Anoplocapros inermis,149.99834,-37.30666
Anoplocapros inermis,151.783,-33.517
Anoplocapros inermis,153,-31.533
Anoplocapros inermis,153.4,-29.817
Anoplocapros inermis,153.583,-29.283
Anoplocapros inermis,149.985,-37.2767
Anoplocapros inermis,151.4,-33.583
Anoplocapros inermis,151.233,-34.083
Anoplocapros inermis,151.25,-33.816
Anoplocapros inermis,150.01084,-37.28166
Anoplocapros inermis,151.767,-33.05
Anoplocapros inermis,150.766,-35.116
Anoplocapros inermis,151.467,-33.633
Anoplocapros inermis,150.133,-36.517
Anoplocapros inermis,151.867,-32.867
Anoplocapros inermis,151.933,-32.833
Anoplocapros inermis,153.5,-29.25
Anoplocapros inermis,153.583,-29.1
Anoplocapros inermis,151.183,-34.033
Anoplocapros inermis,150.033,-36.75
Anoplocapros inermis,151.467,-33.65
Anoplocapros inermis,152.7,-32.383
Anoplocapros inermis,153.6,-29.45
Anoplocapros inermis,153.433,-29.8
Anoplocapros inermis,152.533,-32.1
Anoplocapros inermis,150.1375,-36.37416
Anoplocapros inermis,150.033,-36.717
Anoplocapros inermis,150.75,-35.05
Anoplocapros inermis,152.333,-32.717
Anoplocapros inermis,151.483,-33.717
Anoplocapros inermis,150.967,-34.9
Anoplocapros inermis,152.52361,-32.57778
Anoplocapros inermis,151.85,-33.3
Anoplocapros inermis,151.8,-33.033
Anoplocapros inermis,149.98584,-37.27667
Anoplocapros inermis,151.75,-33.1
Anoplocapros inermis,151.633,-33.333
Anoplocapros inermis,152.983,-31.35
Anoplocapros inermis,151.3,-33.566
Anoplocapros inermis,153.383,-30.37499
Anoplocapros inermis,150.733,-35.083
Anoplocapros inermis,151.483,-33.55
Anoplocapros inermis,150.05,-36.95
Anoplocapros inermis,152.533,-32.133
Anoplocapros inermis,151.917,-32.867
Anoplocapros inermis,153.367,-30.4
Anoplocapros inermis,151.9,-32.9
Anoplocapros inermis,152.067,-32.917
Anoplocapros inermis,151.231424,-33.990056
Anoplocapros inermis,149.8375,-37.59917
Anoplocapros inermis,151.417,-33.583
Anoplocapros inermis,153.367,-29.4
Anoplocapros inermis,151.55,-33.633
Anoplocapros inermis,151.4,-33.617
Anoplocapros inermis,150.917,-34.917
Anoplocapros inermis,151.483,-33.467
Anoplocapros inermis,153,-31.667
Anoplocapros inermis,149.7975,-37.59999
Anoplocapros inermis,150.083,-36.75
Anoplocapros inermis,153.55,-29.483
Anoplocapros inermis,149.87,-37.27833
Anoplocapros inermis,151.467,-33.7
Anoplocapros inermis,151.517,-33.55
Anoplocapros inermis,153.1,-31.033
Anoplocapros inermis,150.75,-35.083
Anoplocapros inermis,151.7,-33.05
Anoplocapros inermis,153.6,-29.267
Anoplocapros inermis,151.45,-33.433
Anoplocapros inermis,151.517,-33.717
Anoplocapros inermis,153.6,-29.017
Anoplocapros inermis,149.96917,-36.92417
Anoplocapros inermis,149.9,-36.98333
Anoplocapros inermis,152.717,-32.3
Anoplocapros inermis,151.833,-33.383
Anoplocapros inermis,151.233,-34.167
Anoplocapros inermis,153.35,-29.65
Anoplocapros inermis,151.417,-33.6
Anoplocapros inermis,153.6,-29.35
Anoplocapros inermis,151.45,-33.533
Anoplocapros inermis,153.533,-29.467
Anoplocapros inermis,149.97334,-37.37083
Anoplocapros inermis,152.183,-33.05
Anoplocapros inermis,150.11184,-36.36941
Anoplocapros inermis,153.417,-29.55
Anoplocapros inermis,151.5366,-33.4316
Anoplocapros inermis,153.5,-28.133333
Anoplocapros inermis,149.99001,-37.38166
Anoplocapros inermis,151.55,-33.85
Anoplocapros inermis,153.6,-29.417
Anoplocapros inermis,152.05,-32.833
Anoplocapros inermis,151.233,-33.516
Anoplocapros inermis,152.05,-32.85
Anoplocapros inermis,149.97667,-37.37833
Anoplocapros inermis,151.166,-33.583
Anoplocapros inermis,150.11501,-36.36666
Anoplocapros inermis,151.683,-33.233
Anoplocapros inermis,150.01417,-37.31666
Anoplocapros inermis,151.283,-34.033
Anoplocapros inermis,151.633,-33.3
Anoplocapros inermis,153.4,-29.55
Anoplocapros inermis,150.067,-37.017
Anoplocapros inermis,150.617,-35.2
Anoplocapros inermis,150.75,-35.033
Anoplocapros inermis,151.53667,-33.43167
Anoplocapros inermis,151.45,-33.567
Anoplocapros inermis,149.96333,-36.92167
Anoplocapros inermis,153.417,-29.383
Anoplocapros inermis,152.767,-32.083
Anoplocapros inermis,151.517,-33.483
Anoplocapros inermis,151.7,-33.217
Anoplocapros inermis,152.7,-32.333
Anoplocapros inermis,153.55,-29.5
Anoplocapros inermis,150.817,-34.817
Anoplocapros inermis,153.333,-29.8
Anoplocapros inermis,150.13417,-36.38167
Anoplocapros inermis,153.083,-31.417
Anoplocapros inermis,153.483,-29.383
Anoplocapros inermis,151.6,-33.35
Anoplocapros inermis,151.767,-33.067
Anoplocapros inermis,151.583,-33.417
Anoplocapros inermis,151.75,-32.766
Anoplocapros inermis,152.4,-32.6
Anoplocapros inermis,151.617,-33.367
Anoplocapros inermis,151.16667,-34
Anoplocapros inermis,153.833,-28.267
Anoplocapros inermis,151.55,-33.417
Anoplocapros inermis,151.783,-33
Anoplocapros inermis,151.1,-34.066
Anoplocapros inermis,149.9975,-37.28666
Anoplocapros inermis,153.433,-29.333
Anoplocapros inermis,149.998335,-37.306665
Anoplocapros inermis,153.367,-30.433
Anoplocapros inermis,152.817,-31.933
Anoplocapros inermis,151.183,-33.983
Anoplocapros inermis,150.05,-36.65
Anoplocapros inermis,151.767,-33.117
Anoplocapros inermis,152.517,-32.117
Anoplocapros inermis,151.25,-33.98333
Anoplocapros inermis,151.75,-33.117
Anoplocapros inermis,150.9,-34.817
Anoplocapros inermis,150.667,-35.2
Anoplocapros inermis,150.01417,-37.28083
Anoplocapros inermis,153.6,-29.25
Anoplocapros inermis,151.198613,-33.870919
Anoplocapros inermis,151.483,-33.583
Anoplocapros inermis,151.233,-34.067
Anoplocapros inermis,151.5,-33.467
Anoplocapros inermis,150.133,-36.6
Anoplocapros inermis,151.983,-32.883
Anoplocapros inermis,153.367,-29.333
Anoplocapros inermis,150.033,-36.95
Anoplocapros inermis,150.17416,-36.41083
Anoplocapros inermis,152.417,-32.6
Anoplocapros inermis,150.733,-35.05
Anoplocapros inermis,153.51667,-27.03333
Anoplocapros inermis,153.4,-30.367
Anoplocapros inermis,152.283,-32.767
Anoplocapros inermis,152.033,-32.867
Anoplocapros inermis,153.4,-29.367
Anoplocapros inermis,149.85833,-37.58166
Anoplocapros inermis,152.333,-32.733
Anoplocapros inermis,151.5,-33.567
Anoplocapros inermis,151.55,-33.4
Anoplocapros inermis,151.867,-32.933
Anoplocapros inermis,151.45,-33.483
Anoplocapros inermis,153.417,-29.3
Anoplocapros inermis,150.015,-37.27833
Anoplocapros inermis,151.567,-33.667
Anoplocapros inermis,151.6,-33.4
Anoplocapros inermis,150.133,-36.667
Anoplocapros inermis,153.66666,-27.51667
Anoplocapros inermis,151.3,-34.1
Anoplocapros inermis,152.217,-33.017
Anoplocapros inermis,153.333,-29.867
Anoplocapros inermis,152.7,-32.25
Anoplocapros inermis,150.6,-35.4
Anoplocapros inermis,153.35,-30.483
Anoplocapros inermis,153.4,-29.833
Anoplocapros inermis,152,-33.067
Anoplocapros inermis,151.483,-33.767
Anoplocapros inermis,153.533,-29.517
