species,decimalLongitude,decimalLatitude
Anous stolidus,122.21,-18.005
Anous stolidus,153.604,-28.8431
Anous stolidus,113.9667,-28.9333
Anous stolidus,153.51022,-27.49937
Anous stolidus,153.54272,-27.44007
Anous stolidus,105.666,-10.5
Anous stolidus,114,-28.9
Anous stolidus,113.97101,-28.94799
Anous stolidus,153.435,-27.5746
Anous stolidus,153.39063,-29.92476
Anous stolidus,153.809,-27.8277
Anous stolidus,153.535,-27.4339
Anous stolidus,153.545,-27.4344
Anous stolidus,113.783,-28.7
Anous stolidus,115.31651,-31.00669
Anous stolidus,151.417,-33.9167
Anous stolidus,151.791,-32.9298
Anous stolidus,153.53439,-27.39284
Anous stolidus,150.227,-36.2528
Anous stolidus,153.551,-28.1643
Anous stolidus,153.566,-28.866
Anous stolidus,150.405,-35.5319
Anous stolidus,153.45832,-28.08977
Anous stolidus,150.917,-34.3644
Anous stolidus,150.92,-34.493
Anous stolidus,153.085,-27.3282
Anous stolidus,152.108,-32.7191
Anous stolidus,153.54272,-27.4234
Anous stolidus,153.138,-26.9075
Anous stolidus,122.13731,-16.85629
Anous stolidus,113.88333,-29.06667
Anous stolidus,153.104,-27.2634
Anous stolidus,153.598,-28.8583
Anous stolidus,113.783,-28.716
Anous stolidus,151.316,-33.7418
Anous stolidus,151.08,-34.08
Anous stolidus,153.336,-29.6082
Anous stolidus,151.265,-33.9412
Anous stolidus,122.233,-17.9667
Anous stolidus,122.185,-17.9747
Anous stolidus,150.488,-35.3655
Anous stolidus,153.20472,-30.0756
Anous stolidus,113.8063,-28.7518
Anous stolidus,153.954,-27.8374
Anous stolidus,113.970838258106,-28.9480217474602
Anous stolidus,150.747,-34.8618
Anous stolidus,153.389,-29.9308
Anous stolidus,150.85,-34.666
Anous stolidus,153.60094,-28.87074
Anous stolidus,149.5,-37.5
Anous stolidus,122.11071,-16.85439
Anous stolidus,153.53856,-27.43173
Anous stolidus,153.0167,-30.5
Anous stolidus,144.41,-38.25
Anous stolidus,153.5426,-27.4273
Anous stolidus,123.6,-16.1
Anous stolidus,152.858,-31.5502
Anous stolidus,150.4,-37.8333
Anous stolidus,153.56,-28.8663
Anous stolidus,113.7667,-28.7167
Anous stolidus,153.561,-26.9294
Anous stolidus,152.38333,-33.11667
Anous stolidus,153.164,-27.093
Anous stolidus,151.25,-33.75
Anous stolidus,153.442,-27.9326
Anous stolidus,151.266,-33.85
Anous stolidus,122.169733865981,-16.881601923396
Anous stolidus,113.78333,-29.05
Anous stolidus,151.084,-34.0789
Anous stolidus,153.58,-27.41
Anous stolidus,153.592,-28.8754
Anous stolidus,121.5,-16.5
Anous stolidus,155.218,-27.6592
Anous stolidus,114,-29
Anous stolidus,113.95,-29.11667
Anous stolidus,153.551,-27.39
Anous stolidus,113.96667,-29.01667
Anous stolidus,122.5,-15.5
Anous stolidus,153.41,-27.41
Anous stolidus,114.05,-28.8667
Anous stolidus,113.25,-29.91667
Anous stolidus,152.83,-31.5525
Anous stolidus,153.211,-30.1111
Anous stolidus,152.937,-31.4758
Anous stolidus,153.704,-27.9136
Anous stolidus,153.5402,-27.4248
Anous stolidus,153.50909,-28.96138
Anous stolidus,153.55939,-27.43173
Anous stolidus,153.947,-27.8287
Anous stolidus,122.9,-16.16667
Anous stolidus,105.5833,-10.5
Anous stolidus,113.43333,-22.88333
Anous stolidus,151.792,-32.9279
Anous stolidus,151.32777,-33.64748
Anous stolidus,153.5,-27.5
Anous stolidus,153.725,-27.9622
Anous stolidus,153.579,-28.3622
Anous stolidus,153.373,-29.3657
Anous stolidus,153.04,-30.8856
Anous stolidus,153.615,-28.6407
Anous stolidus,113.8,-28.7
Anous stolidus,113.9,-28.9
Anous stolidus,113.83091,-28.67339
Anous stolidus,153.99956,-27.9547
Anous stolidus,153.52666,-27.42628
Anous stolidus,153.15939,-26.80674
Anous stolidus,153.625,-27.4083
Anous stolidus,153.593,-28.8656
Anous stolidus,154.345,-27.301
Anous stolidus,153.633,-28.6397
Anous stolidus,151.283,-33.75
Anous stolidus,153.594,-28.864
Anous stolidus,113.81667,-29.13333
Anous stolidus,153.03265,-30.50323
Anous stolidus,115.45,-20.3
Anous stolidus,113.88341,-28.62989
Anous stolidus,153.542,-27.4323
Anous stolidus,112.46667,-26.55
Anous stolidus,123.15731,-15.52419
Anous stolidus,113.8,-26.6
Anous stolidus,151.793,-32.9262
Anous stolidus,152.843,-31.5507
Anous stolidus,153.607,-28.843
Anous stolidus,113.88333,-29.56667
Anous stolidus,113.80631,-28.75099
Anous stolidus,122.5,-16.5
Anous stolidus,153.618,-28.7064
Anous stolidus,114.9,-30.1
Anous stolidus,121.51667,-16.73333
Anous stolidus,122.137241714687,-16.85632760231
Anous stolidus,105.98333,-10.33333
Anous stolidus,150.75,-35.08
Anous stolidus,119.09941,-19.58859
Anous stolidus,105.69083,-10.44694
Anous stolidus,113.95,-29.15
Anous stolidus,153.53222,-27.42581
Anous stolidus,152.992,-30.7436
Anous stolidus,114.28333,-29.51667
Anous stolidus,153.583,-28.8094
Anous stolidus,153.54272,-27.4359
Anous stolidus,114.4667,-29.7833
Anous stolidus,153.54689,-27.42618
Anous stolidus,153.25,-27.25
Anous stolidus,151.5,-34.5
Anous stolidus,153.184,-27.4842
Anous stolidus,153.41,-29.41
Anous stolidus,116.7833,-20.5833
Anous stolidus,119.15,-19.48333
Anous stolidus,152.937,-31.4756
Anous stolidus,113.67801,-28.45899
Anous stolidus,153.535,-28.1663
Anous stolidus,153.55111,-27.39
Anous stolidus,105.675,-10.4167
Anous stolidus,153.52502,-27.46497
Anous stolidus,153.526,-28.1662
Anous stolidus,153.56778,-27.03167
Anous stolidus,153.14273,-26.80674
Anous stolidus,153.206,-27.0716
Anous stolidus,153.466,-27.032
Anous stolidus,153.15,-26.8024
Anous stolidus,111.65,-22.1
Anous stolidus,105.7,-10.42499
Anous stolidus,151.494,-33.3376
Anous stolidus,113.784424043428,-28.7145602802795
Anous stolidus,153.205,-31.8792
Anous stolidus,153.088,-27.3276
Anous stolidus,152.917,-31.4168
Anous stolidus,153.53859,-27.42742
Anous stolidus,152.528,-32.4357
Anous stolidus,153.54315,-27.42465
Anous stolidus,119.099273584747,-19.5881844752846
Anous stolidus,153.065,-27.3023
Anous stolidus,121.28187,-14.87846
Anous stolidus,113.806307529751,-28.7510019041831
Anous stolidus,155.192,-27.6901
Anous stolidus,153.891,-27.743
Anous stolidus,153.61632,-28.87067
Anous stolidus,105.7,-10.4
Anous stolidus,149.9179,-37.9151
Anous stolidus,154.979,-27.401
Anous stolidus,153.133,-30.3
Anous stolidus,151.78711,-32.93028
Anous stolidus,153.65111,-27.415
Anous stolidus,113.9685,-28.9363
Anous stolidus,153.111,-27.1999
Anous stolidus,153.75111,-27.365
Anous stolidus,153.417,-27.0833
Anous stolidus,153.59674,-28.86342
Anous stolidus,115.4,-33.6
Anous stolidus,153.54606,-27.4345
Anous stolidus,122.0086,-15.3665
Anous stolidus,153.48856,-27.41923
Anous stolidus,153.934,-27.8089
Anous stolidus,114.53333,-29.66667
Anous stolidus,153.53667,-27.42611
Anous stolidus,153.593,-28.8677
Anous stolidus,152.751,-31.8423
Anous stolidus,122.199,-17.9736
Anous stolidus,112.68333,-27.7
Anous stolidus,151.328,-33.6451
Anous stolidus,152.743,-32.6856
Anous stolidus,114.5,-28.5
Anous stolidus,151.798,-32.9202
Anous stolidus,122.1979543869,-16.9019873765028
Anous stolidus,151.3,-33.75
Anous stolidus,115.5,-20.5
Anous stolidus,153.37405,-29.36346
Anous stolidus,152.976,-31.1911
Anous stolidus,112.13333,-28.31667
Anous stolidus,153.52189,-27.47479
Anous stolidus,153.47932,-27.58517
Anous stolidus,152.69,-31.8703
Anous stolidus,153.197,-27.8488
Anous stolidus,153.58444,-27.03167
Anous stolidus,105.62999,-10.48746
Anous stolidus,122.207,-18.005
Anous stolidus,149,-37
Anous stolidus,122.110782938868,-16.8544114436528
Anous stolidus,153.50245,-27.52062
Anous stolidus,115.316470675379,-31.0063885442827
Anous stolidus,106,-10.5
Anous stolidus,113.93333,-29.2
Anous stolidus,153.571,-28.1999
Anous stolidus,153.08,-27.3334
Anous stolidus,153.41773,-27.96507
Anous stolidus,150.883,-34.516
