species,decimalLongitude,decimalLatitude
Anous tenuirostris,113.806,-28.751
Anous tenuirostris,113.97101,-28.94799
Anous tenuirostris,113.9667,-28.9167
Anous tenuirostris,113.95,-29.11667
Anous tenuirostris,123.155,-15.5291
Anous tenuirostris,113.80631,-28.75099
Anous tenuirostris,113.783,-28.7333
Anous tenuirostris,113.98333,-28.93333
Anous tenuirostris,113.9667,-28.9333
Anous tenuirostris,113.9685,-28.9363
Anous tenuirostris,113.63333,-28.8
Anous tenuirostris,113.8063,-28.7518
Anous tenuirostris,113.8134,-28.7451
Anous tenuirostris,113.41,-24.4889
Anous tenuirostris,114,-28.9
Anous tenuirostris,115.739,-32.1347
Anous tenuirostris,113.983,-28.916
Anous tenuirostris,113.91,-28.91
Anous tenuirostris,122.211,-18.0037
Anous tenuirostris,113.971,-28.948
Anous tenuirostris,113.81341,-28.74509
Anous tenuirostris,114.05,-28.8667
Anous tenuirostris,113.8,-28.73333
Anous tenuirostris,113.65,-28.83333
Anous tenuirostris,113.408,-24.4902
Anous tenuirostris,113.970838258106,-28.9480217474602
Anous tenuirostris,114.5,-28.5
Anous tenuirostris,113.96,-28.96
Anous tenuirostris,113.8,-28.8
Anous tenuirostris,113.9833,-28.95
Anous tenuirostris,115.45,-20.3
Anous tenuirostris,113.78333,-28.71666
Anous tenuirostris,113.806307529751,-28.7510019041831
Anous tenuirostris,113.958,-28.979
Anous tenuirostris,113.88333,-29.56667
Anous tenuirostris,115.016,-33.5391
Anous tenuirostris,113.965,-21.8985
Anous tenuirostris,113.73333,-29.01667
Anous tenuirostris,113.9,-28.98333
Anous tenuirostris,113.785,-28.7163
Anous tenuirostris,113.88333,-29.06667
Anous tenuirostris,113.88333,-29.01667
Anous tenuirostris,113.65,-29.25
Anous tenuirostris,113.745,-28.427
Anous tenuirostris,113.6667,-28.5833
Anous tenuirostris,113.806,-28.7512
Anous tenuirostris,113.7833,-28.7166
Anous tenuirostris,113.8134,-28.7459
Anous tenuirostris,113.8,-28.75
Anous tenuirostris,113.4833,-28.9
Anous tenuirostris,113.758,-28.7203
Anous tenuirostris,115.75,-32.05
Anous tenuirostris,113.408,-24.4852
Anous tenuirostris,113.78333,-29.05
Anous tenuirostris,113.96333,-28.95694
Anous tenuirostris,113.96667,-29.01667
Anous tenuirostris,112.13333,-28.31667
Anous tenuirostris,112.96667,-24.7
Anous tenuirostris,113.83333,-28.95
Anous tenuirostris,113.806,-28.7511
Anous tenuirostris,113.8,-28.7
Anous tenuirostris,115.687,-32.271
Anous tenuirostris,113.66667,-28.88333
Anous tenuirostris,113.813479087074,-28.7451397969623
Anous tenuirostris,112.85,-28.13333
Anous tenuirostris,115.754,-32.1346
