species,decimalLongitude,decimalLatitude
Anous minutus,144.592,-37.9979
Anous minutus,153.809,-27.8277
Anous minutus,151.569,-33.282
Anous minutus,151.316,-33.7418
Anous minutus,151.317,-33.7419
Anous minutus,153.633,-28.6397
Anous minutus,113.9667,-28.9333
Anous minutus,151.194,-33.955
Anous minutus,153.535,-27.4339
Anous minutus,152.857,-31.5464
Anous minutus,153.085,-27.3282
Anous minutus,153.08,-30.25
Anous minutus,153.088,-27.3276
Anous minutus,153.54272,-27.44007
Anous minutus,153.604,-28.8431
Anous minutus,153.65111,-27.415
Anous minutus,153.54272,-27.4234
Anous minutus,153.55939,-27.43173
Anous minutus,153.545,-27.4344
Anous minutus,151.425,-34.4884
Anous minutus,113.6,-29.01667
Anous minutus,153.54272,-27.4359
Anous minutus,153.56,-28.8663
Anous minutus,153.571,-28.1999
Anous minutus,153.48856,-27.41923
Anous minutus,153.61632,-28.87067
Anous minutus,153.43,-29.1138
Anous minutus,151.791,-32.9298
Anous minutus,150.821,-34.7785
Anous minutus,153.51356,-27.4234
Anous minutus,153.526,-28.1662
Anous minutus,113.58333,-28.96667
Anous minutus,123.155,-15.5291
Anous minutus,151.798,-32.9202
Anous minutus,151.583,-33.0833
Anous minutus,151.199,-34.0411
Anous minutus,153.40939,-27.04007
Anous minutus,153.537,-27.4247
Anous minutus,153.104,-27.2634
Anous minutus,153.551,-28.1643
Anous minutus,152.543,-32.2012
Anous minutus,112.63333,-27.51667
Anous minutus,153.515,-28.9492
Anous minutus,153.14403,-30.29316
Anous minutus,155.218,-27.6592
Anous minutus,113.7844,-28.7154
Anous minutus,151.265,-33.9412
Anous minutus,153.535,-28.1663
Anous minutus,151.199,-33.9574
Anous minutus,153.604,-28.8661
Anous minutus,122.345,-17.9774
Anous minutus,153.615,-28.6407
Anous minutus,151.533,-33.45
Anous minutus,153.618,-28.7064
Anous minutus,153.373,-29.3657
Anous minutus,153.53833,-27.42528
Anous minutus,153.486,-27.5676
Anous minutus,153.5426,-27.4273
Anous minutus,153.08,-30.58
Anous minutus,153.398,-27.141
Anous minutus,150.39,-35.4697
Anous minutus,153.56778,-27.03167
Anous minutus,144.105,-38.4685
Anous minutus,154.979,-27.401
Anous minutus,153.389,-29.9308
Anous minutus,153.5402,-27.4248
Anous minutus,153.579,-28.3622
Anous minutus,152.199,-33.118
Anous minutus,151.5,-33.08
Anous minutus,153.55106,-27.4359
Anous minutus,152.848,-31.6415
Anous minutus,153.25,-30.25
Anous minutus,122.211,-18.0037
Anous minutus,153.574,-28.8628
Anous minutus,153.63438,-28.63174
Anous minutus,153.52189,-27.47479
Anous minutus,153.103,-30.3691
Anous minutus,153.625,-27.4083
Anous minutus,153.58,-27.41
Anous minutus,153.53222,-27.42581
Anous minutus,112.51667,-27.13333
Anous minutus,153.44273,-27.40673
Anous minutus,153.435,-27.5746
Anous minutus,152.937,-31.4758
Anous minutus,153.545,-28.1667
Anous minutus,151.417,-33.9167
Anous minutus,153.42606,-27.40673
Anous minutus,153.55111,-27.39
Anous minutus,150.825,-35.0134
Anous minutus,153.561,-26.9294
