species,decimalLongitude,decimalLatitude
Anser fabalis,29.21528,69.14694
Anser fabalis,49.25,69.08333
Anser fabalis,3.9142499999999,51.445133308376
Anser fabalis,127,71
Anser fabalis,6.6867,58.0847
Anser fabalis,30.25,70.0886
Anser fabalis,5.1008,62.1714
Anser fabalis,6.7344,58.0819
Anser fabalis,5.6461,62.3311
Anser fabalis,6.8256,62.7942
Anser fabalis,10.2103,63.3381
Anser fabalis,5.6228,58.8017
Anser fabalis,14.2731,68.1431
Anser fabalis,5.5456,58.7594
Anser fabalis,24.9142,70.1575
Anser fabalis,6.6319,58.0675
Anser fabalis,9.6975,63.6914
Anser fabalis,6.6686,58.1256
Anser fabalis,5.6658,58.5511
Anser fabalis,5.763,51.172
Anser fabalis,53.56666667,68.88333333
Anser fabalis,4.37,51.63
Anser fabalis,11.1425,59.3039
Anser fabalis,7.2722,58.0436
