species,decimalLongitude,decimalLatitude
Anser cygnoides,8.8093102,54.4887916
Anser cygnoides,1.1166666667,49.6
Anser cygnoides,2.770867,51.569593
Anser cygnoides,2.755258,51.582507
Anser cygnoides,8.4864296,53.9174541
Anser cygnoides,8.4834133,53.9173083
Anser cygnoides,2.863728,51.315415
Anser cygnoides,8.4864518,53.9175047
Anser cygnoides,8.34130265,55.5316658
Anser cygnoides,8.4864566,53.9173783
Anser cygnoides,5.000163,52.9732
Anser cygnoides,8.8092885,54.4887318
Anser cygnoides,2.755263,51.582503
Anser cygnoides,3.2554,51.447917
Anser cygnoides,8.8094089,54.4887981
Anser cygnoides,8.152778,53.513333
