species,decimalLongitude,decimalLatitude
Antennarius striatus,151.983,-32.917
Antennarius striatus,153.567,-28.583
Antennarius striatus,151.767,-33.117
Antennarius striatus,153.667,-28.4
Antennarius striatus,151.717,-33.133
Antennarius striatus,152.966,-28.483
Antennarius striatus,151.983,-32.883
Antennarius striatus,150.866,-34.55
Antennarius striatus,116,-20.43333
Antennarius striatus,152.85,-31.917
Antennarius striatus,153.25,-27.25
Antennarius striatus,151.95,-32.917
Antennarius striatus,151.266,-33.85
Antennarius striatus,153.583,-29.417
Antennarius striatus,151.933,-32.917
Antennarius striatus,153.567,-29.433
Antennarius striatus,153.4,-29.35
Antennarius striatus,151.133,-34.066
Antennarius striatus,112.67099,-24.62449
Antennarius striatus,153.50833,-29.266
Antennarius striatus,151.27,-33.85
Antennarius striatus,151.966,-32.65
Antennarius striatus,150.717,-35.2
Antennarius striatus,153.483,-29.35
Antennarius striatus,113.66667,-24.88333
Antennarius striatus,151.233,-34.033
Antennarius striatus,153.583,-29.433
Antennarius striatus,153.4,-27.583333
Antennarius striatus,153.383,-29.383
Antennarius striatus,151.767,-33.017
Antennarius striatus,151.17888,-33.84296
Antennarius striatus,150.383,-35.55
Antennarius striatus,153.417,-29.35
Antennarius striatus,153.5,-29.3
Antennarius striatus,153.4,-29.55
Antennarius striatus,151.95,-32.933
Antennarius striatus,151.25,-33.816
Antennarius striatus,153.55,-27.65
Antennarius striatus,153.55,-27.4
Antennarius striatus,153.45,-28.116667
Antennarius striatus,151.983,-32.9
Antennarius striatus,151.266,-33.833
Antennarius striatus,153.4,-29.533
Antennarius striatus,151.166,-33.833
Antennarius striatus,114.174572,-21.8295877
Antennarius striatus,153.45,-29.5
Antennarius striatus,153.333333,-27.216667
Antennarius striatus,151.283,-33.8
Antennarius striatus,153.03333,-27.43333
Antennarius striatus,153.6,-29.25
Antennarius striatus,153.2,-27.45
Antennarius striatus,153.61667,-28.63333
Antennarius striatus,153.583,-29.367
Antennarius striatus,151.183,-34
Antennarius striatus,153.4,-29.817
Antennarius striatus,153.5,-29.317
Antennarius striatus,153.45,-29.333
Antennarius striatus,150.70833,-35.20833
Antennarius striatus,153.116667,-27.2
Antennarius striatus,153.483,-29.3
Antennarius striatus,153.01667,-27.46667
Antennarius striatus,113.73333,-25.35
Antennarius striatus,153.1,-27.35
Antennarius striatus,151.366,-33.8
Antennarius striatus,153.366667,-27.783333
Antennarius striatus,153.6,-29.267
Antennarius striatus,151.583,-32.983
Antennarius striatus,153.55,-29.467
Antennarius striatus,150.86667,-34.53333
Antennarius striatus,117.53333,-19.38333
Antennarius striatus,153.44166,-29.54166
Antennarius striatus,151.583,-33.083
Antennarius striatus,151.21099,-33.85365
Antennarius striatus,151.416,-33.833
Antennarius striatus,153.533,-29.467
Antennarius striatus,153.116667,-27.316667
Antennarius striatus,153.467,-29.8
Antennarius striatus,153.35,-29.65
Antennarius striatus,151.27756,-33.84603
Antennarius striatus,151.967,-32.9
Antennarius striatus,153.41666,-27.96667
Antennarius striatus,153.33333,-27.21667
Antennarius striatus,151.2,-33.733
Antennarius striatus,150.216,-35.783
Antennarius striatus,117.855,-19.9083
Antennarius striatus,153.45,-29.8
Antennarius striatus,113.28333,-24.61667
Antennarius striatus,152,-32
Antennarius striatus,153.55,-28.18333
Antennarius striatus,153.55,-28.16667
Antennarius striatus,153.60833,-29.883
Antennarius striatus,153.4,-27.5
Antennarius striatus,153.083333,-27.166667
Antennarius striatus,153,-31.083
Antennarius striatus,151.28132,-33.84566
Antennarius striatus,152.82499,-31.966
Antennarius striatus,153.1,-27.3
Antennarius striatus,151.75,-33.067
Antennarius striatus,151,-33.8
Antennarius striatus,116.03733,-20.56967
Antennarius striatus,153.417,-29.85
Antennarius striatus,153.567,-29.417
Antennarius striatus,153.633,-28.567
Antennarius striatus,153.56666,-28.28333
Antennarius striatus,114,-22
Antennarius striatus,151.883,-32.85
Antennarius striatus,153.18333,-27.15
Antennarius striatus,153.58333,-28.26667
Antennarius striatus,151.3,-33.666
Antennarius striatus,153.416,-29.916
Antennarius striatus,153.6,-29.383
Antennarius striatus,112.63333,-25.9
Antennarius striatus,151.21667,-33.88333
Antennarius striatus,153.2,-27.08333
Antennarius striatus,153.48333,-28.13333
Antennarius striatus,153.533333,-28.166667
Antennarius striatus,153.216,-29.866
Antennarius striatus,115.66667,-20.83333
Antennarius striatus,151.6,-33.033
Antennarius striatus,151.233,-33.883
Antennarius striatus,153.23333,-27.35
Antennarius striatus,151.233,-33.533
Antennarius striatus,150.983,-33.833
Antennarius striatus,153.53333,-28.16667
Antennarius striatus,151.333,-33.25
Antennarius striatus,153.566667,-28.283333
Antennarius striatus,153.416667,-27.966667
Antennarius striatus,153.116667,-27.233333
Antennarius striatus,114,-29
Antennarius striatus,113.48389,-24.8125
Antennarius striatus,151.15,-34.066
Antennarius striatus,153.51667,-27.05
Antennarius striatus,153.433,-29.8
Antennarius striatus,153.06666,-27.31666
Antennarius striatus,153.066667,-27.316667
Antennarius striatus,151.767,-33.1
Antennarius striatus,141.3,-33.816
Antennarius striatus,152.517,-32.133
Antennarius striatus,115.92084,-20.51333
Antennarius striatus,153.41667,-27.95
Antennarius striatus,153.36667,-27.78333
Antennarius striatus,151.25,-33.8
Antennarius striatus,151.266,-34
Antennarius striatus,151.2,-33.833
Antennarius striatus,151.8,-33.017
Antennarius striatus,153.333333,-28
Antennarius striatus,153.301373,-27.389026
Antennarius striatus,116.16667,-20.05
Antennarius striatus,153.417,-29.833
Antennarius striatus,153.45,-29.517
Antennarius striatus,153.467,-29.383
Antennarius striatus,153.55183,-28.53933
Antennarius striatus,153.533,-28.166
Antennarius striatus,151.717,-33.183
Antennarius striatus,153.417,-29.283
Antennarius striatus,153.4,-27.58333
Antennarius striatus,150.867,-34.9
Antennarius striatus,151.967,-32.917
Antennarius striatus,153.65833,-28.75
Antennarius striatus,113.33333,-27.66667
Antennarius striatus,113.638598575259,-25.9522459340334
Antennarius striatus,113.42541,-23.37787
Antennarius striatus,153.11667,-27.23333
Antennarius striatus,153.567,-29.4
Antennarius striatus,152,-32.867
Antennarius striatus,153.467,-29.367
Antennarius striatus,152,-32.883
Antennarius striatus,150.833,-34.583
Antennarius striatus,153.583,-29.366
Antennarius striatus,153.55,-28.183333
Antennarius striatus,151.233,-33.816
Antennarius striatus,113.4,-24.38333
Antennarius striatus,153.45,-28.11666
Antennarius striatus,153.4,-29.633
Antennarius striatus,153.433,-29.833
Antennarius striatus,153.517,-29.25
Antennarius striatus,153.383,-29.4
Antennarius striatus,151.5,-33.383
Antennarius striatus,153.483,-29.267
Antennarius striatus,153.55,-29.433
Antennarius striatus,153.183333,-27.15
Antennarius striatus,151.25,-33.85
Antennarius striatus,151.533,-33.266
Antennarius striatus,153.40833,-29.65
Antennarius striatus,153.5,-29.283
Antennarius striatus,150.866,-34.533
Antennarius striatus,153.4,-29.283
Antennarius striatus,152.8,-31.65
Antennarius striatus,153.33333,-29.83333
Antennarius striatus,153.583,-29.383
Antennarius striatus,153.583,-29.4
Antennarius striatus,117.855,-19.90833
Antennarius striatus,151.767,-33.083
Antennarius striatus,151.967,-32.867
Antennarius striatus,153.38333,-27.86666
Antennarius striatus,151.983,-32.8
Antennarius striatus,117.75334,-19.94666
Antennarius striatus,115.61667,-31.83333
Antennarius striatus,153.133,-30.467
Antennarius striatus,153.15,-27.416667
Antennarius striatus,153.433,-29.817
Antennarius striatus,153.383,-29.65
Antennarius striatus,153.583333,-28.266667
Antennarius striatus,117.6133,-19.8
Antennarius striatus,153.567,-29.35
Antennarius striatus,151.333,-33.483
Antennarius striatus,151.2,-33.95
Antennarius striatus,151.9,-32.867
Antennarius striatus,153.417,-29.583
Antennarius striatus,151.95,-32.883
Antennarius striatus,153.42499,-29.35
Antennarius striatus,153.45,-29.817
Antennarius striatus,153.3,-27.7
Antennarius striatus,151.533,-33.3
Antennarius striatus,153.6,-29.4
Antennarius striatus,153.517,-29.233
Antennarius striatus,153.5,-29.25
Antennarius striatus,153.58333,-29.36667
Antennarius striatus,151.233333,-33.85
Antennarius striatus,151.23333,-33.85
Antennarius striatus,153.433,-29.333
Antennarius striatus,153.55,-29.45
Antennarius striatus,153,-30.65
Antennarius striatus,151.3,-33.81667
Antennarius striatus,151.75,-32.883
Antennarius striatus,153.533,-29.217
Antennarius striatus,153.2,-27.083333
Antennarius striatus,151.5,-33
Antennarius striatus,153.033,-30.8
Antennarius striatus,115.6666,-20.8333
Antennarius striatus,151.917,-32.817
Antennarius striatus,151.917,-32.95
Antennarius striatus,151.533,-33.433
Antennarius striatus,153.433,-29.533
Antennarius striatus,153.483,-29.533
Antennarius striatus,153.233333,-27.35
Antennarius striatus,151.15,-34.083
Antennarius striatus,153.4,-29.84166
Antennarius striatus,153.617,-29.417
Antennarius striatus,153.55,-28.166667
Antennarius striatus,153.31666,-27.61666
Antennarius striatus,116.91667,-19.84166
Antennarius striatus,152.267,-32.683
Antennarius striatus,150.833,-34.5
Antennarius striatus,153.216667,-26.75
Antennarius striatus,151.166,-34.066
Antennarius striatus,153.517,-29.283
Antennarius striatus,152.783,-32.033
Antennarius striatus,153.45,-28.1
Antennarius striatus,153.6,-29.9
Antennarius striatus,116,-20.433
Antennarius striatus,151.733,-33.117
Antennarius striatus,115.89933,-20.10917
Antennarius striatus,151.283,-33.9
Antennarius striatus,153.417,-29.55
Antennarius striatus,153.167,-30.417
Antennarius striatus,114.61667,-28.76667
Antennarius striatus,153.2,-27.2
Antennarius striatus,153.55,-29.517
Antennarius striatus,153.467,-29.517
Antennarius striatus,151,-33
Antennarius striatus,153.4,-29.317
Antennarius striatus,151.683,-33.2
Antennarius striatus,153.55,-29.4
Antennarius striatus,153.416,-27.966
Antennarius striatus,151.1,-34.066
Antennarius striatus,153.567,-29.383
Antennarius striatus,152,-32.9
Antennarius striatus,153,-27
Antennarius striatus,150.433,-35.366
Antennarius striatus,153.617,-29.217
Antennarius striatus,153.517,-29.367
Antennarius striatus,153.483,-29.283
Antennarius striatus,153.117,-30.5
Antennarius striatus,117.95583,-19.75666
Antennarius striatus,151.75,-33.1
Antennarius striatus,153.617,-29.25
Antennarius striatus,114.76667,-28.53333
Antennarius striatus,153.383,-29.417
Antennarius striatus,153.016667,-27.466667
Antennarius striatus,153.483333,-28.133333
Antennarius striatus,153.11667,-27.31666
Antennarius striatus,117.27834,-20.23666
Antennarius striatus,153.6,-29.35
Antennarius striatus,153.516667,-27.05
Antennarius striatus,151.983,-32.867
Antennarius striatus,153.483,-29.317
Antennarius striatus,115.21667,-19.95
Antennarius striatus,117.0175,-20.16583
Antennarius striatus,152.017,-32.85
Antennarius striatus,149.85,-36.666
Antennarius striatus,153.2,-30.1
Antennarius striatus,153.21667,-26.75
Antennarius striatus,153.38333,-29.38333
Antennarius striatus,151.9916667,-32.89166667
Antennarius striatus,153.08333,-27.16667
Antennarius striatus,153.417,-29.533
Antennarius striatus,153.633,-29.2
Antennarius striatus,117.83667,-19.915
Antennarius striatus,116.03333,-20.26667
Antennarius striatus,153.533,-29.517
Antennarius striatus,151.333,-33.833
Antennarius striatus,116.033,-20.266
Antennarius striatus,112.671,-24.6245
Antennarius striatus,150.3,-35.683
Antennarius striatus,152.05,-32.883
Antennarius striatus,153.383,-29.35
Antennarius striatus,151.95,-32.817
Antennarius striatus,151.283,-33.833
Antennarius striatus,151.967,-32.883
Antennarius striatus,150.839722,-34.521281
Antennarius striatus,153.11667,-27.2
Antennarius striatus,116.166,-20.05
Antennarius striatus,153.533,-29.5
Antennarius striatus,151.717,-33.167
Antennarius striatus,151.2,-33.983
Antennarius striatus,153.55,-29.483
Antennarius striatus,153.45,-29.35
Antennarius striatus,153.11667,-27.26667
Antennarius striatus,153.433,-29.417
Antennarius striatus,153.45,-29.833
Antennarius striatus,117.61667,-19.8
Antennarius striatus,118.01667,-19.1
Antennarius striatus,152.017,-32.883
Antennarius striatus,150.15,-36.216
Antennarius striatus,151.933,-32.9
Antennarius striatus,151.883,-32.833
Antennarius striatus,151.917,-32.933
Antennarius striatus,153.333,-29.833
Antennarius striatus,151.75,-33.117
Antennarius striatus,153.616667,-28.633333
Antennarius striatus,151.18633,-33.86633
Antennarius striatus,153.433,-29.517
Antennarius striatus,153.383333,-27.866667
Antennarius striatus,153.4,-29.383
Antennarius striatus,153.15,-27.41667
Antennarius striatus,151.767,-33.033
Antennarius striatus,152.217,-32.783
Antennarius striatus,153.316667,-27.616667
Antennarius striatus,151.216,-33.85
Antennarius striatus,152.1,-32.7
Antennarius striatus,152.217,-32.767
Antennarius striatus,153.333,-29.867
Antennarius striatus,153.33333,-28
Antennarius striatus,153.417,-29.317
Antennarius striatus,153.033333,-27.433333
Antennarius striatus,153.467,-29.567
Antennarius striatus,153.417,-29.567
Antennarius striatus,117.61333,-19.8
Antennarius striatus,153.467,-29.317
Antennarius striatus,153.417,-29.3
Antennarius striatus,153.433,-29.383
Antennarius striatus,153.116667,-27.266667
Antennarius striatus,151.7,-33.183
Antennarius striatus,117.04417,-19.70416
