species,decimalLongitude,decimalLatitude
Antennarius pictus,151.266,-33.833
Antennarius pictus,118.667,-19.2
Antennarius pictus,117.4983,-20.2483
Antennarius pictus,112.54945,-23.97368
Antennarius pictus,114.174572,-21.8295877
Antennarius pictus,153.16666,-27.43333
Antennarius pictus,116.60667,-20.18667
Antennarius pictus,114,-22
Antennarius pictus,119.06833,-19.06667
Antennarius pictus,117.266,-20
Antennarius pictus,151.284,-33.8193
Antennarius pictus,153.5505,-28.53749
Antennarius pictus,116.6066,-20.1866
Antennarius pictus,153.566,-28.866
Antennarius pictus,151.266,-33.866
Antennarius pictus,122.233,-17.967
Antennarius pictus,153.35,-27.11666
Antennarius pictus,116.7566,-19.7716
Antennarius pictus,115.37201,-20.36309
Antennarius pictus,113.38,-28.217
Antennarius pictus,151.783,-33.016
Antennarius pictus,117.49833,-20.24833
Antennarius pictus,150.733,-35.1389
Antennarius pictus,119.0683,-19.0666
Antennarius pictus,151.266,-33.8
Antennarius pictus,153.58282,-28.258
Antennarius pictus,151.78333,-33.01667
Antennarius pictus,153.166667,-27.433333
Antennarius pictus,115.8666667,-20.31666667
Antennarius pictus,116.75667,-19.77167
Antennarius pictus,153.35,-27.116667
Antennarius pictus,118.8,-19.367
Antennarius pictus,113.85,-28
