species,decimalLongitude,decimalLatitude
Antigonia steindachneri,117.69834,-18.83333
Antigonia steindachneri,129.40111,-33.33556
Antigonia steindachneri,128.25959,-33.23514
Antigonia steindachneri,153.95,-28.033
Antigonia steindachneri,155.5,-28.566667
Antigonia steindachneri,155.5,-28.56666
Antigonia steindachneri,153.90833,-28.04166
Antigonia steindachneri,153.916,-27.94166
Antigonia steindachneri,126.90112,-33.21667
Antigonia steindachneri,153.9,-28.067
Antigonia steindachneri,128.05139,-33.20917
Antigonia steindachneri,117.08833,-19.11917
Antigonia steindachneri,129.52639,-33.4168
Antigonia steindachneri,130.21848,-33.28361
Antigonia steindachneri,155.56666,-27.96667
Antigonia steindachneri,129.45084,-33.45194
Antigonia steindachneri,116.88917,-19.14416
Antigonia steindachneri,155.566667,-27.966667
Antigonia steindachneri,129.40167,-33.45069
Antigonia steindachneri,119.5932,-17.55055
Antigonia steindachneri,117.06333,-19.12666
Antigonia steindachneri,127.46806,-33.25069
Antigonia steindachneri,129.37695,-33.34306
Antigonia steindachneri,129.35153,-33.35042
Antigonia steindachneri,128.03445,-33.27666
Antigonia steindachneri,128.22612,-33.26027
Antigonia steindachneri,126.31722,-33.27556
Antigonia steindachneri,128.225,-33.3
Antigonia steindachneri,126.90945,-33.20166
Antigonia steindachneri,126.16792,-33.43417
Antigonia steindachneri,117.015,-19.11333
Antigonia steindachneri,129.5175,-33.45097
Antigonia steindachneri,128.5182,-33.26833
Antigonia steindachneri,153.917,-27.917
