species,decimalLongitude,decimalLatitude
Antimora rostrata,152.783,-32.867
Antimora rostrata,130.71267,-34.7675
Antimora rostrata,144.64167,-42.41666
Antimora rostrata,131.8525,-34.7234
Antimora rostrata,131.07699,-35.03516
Antimora rostrata,148.725,-39.00833
Antimora rostrata,144.48334,-41.93333
Antimora rostrata,142.04167,-38.925
Antimora rostrata,133.8,-35.1
Antimora rostrata,153.14166,-32.066
Antimora rostrata,148.78333,-39.125
Antimora rostrata,149.47517,-38.5755
Antimora rostrata,152.994,-32.479
Antimora rostrata,152.817,-32.85
Antimora rostrata,114.7333333,-31.655
Antimora rostrata,111.6575,-24.14249
Antimora rostrata,144.7516,-42.3666
Antimora rostrata,152.8,-32.833
Antimora rostrata,130.7135,-34.75525
Antimora rostrata,130.711,-34.8556
Antimora rostrata,139.95,-38.06667
Antimora rostrata,143.3,-40.55
Antimora rostrata,130.6995,-34.77725
Antimora rostrata,142.5,-39.18333
Antimora rostrata,153.017,-32.367
Antimora rostrata,149.47516,-38.57549
Antimora rostrata,111.51,-25.69667
Antimora rostrata,113.63599,-29.06083
Antimora rostrata,131.6315,-35.1686
Antimora rostrata,138.94167,-37.56666
Antimora rostrata,152.117,-33.6
Antimora rostrata,153.15,-32.117
Antimora rostrata,151.25,-34.883
Antimora rostrata,131.6775,-35.24015
Antimora rostrata,131.0565,-34.62215
Antimora rostrata,144.42333,-41.80167
Antimora rostrata,152.216,-33.466
Antimora rostrata,130.6595,-33.73065
Antimora rostrata,114.1975,-33.28083
Antimora rostrata,152.7,-32.967
Antimora rostrata,153.267,-31.867
Antimora rostrata,145.54167,-43.50833
Antimora rostrata,153.3,-31.783
Antimora rostrata,153.3,-31.767
Antimora rostrata,134.083,-35.5712
Antimora rostrata,130.70017000000001,-34.76483
Antimora rostrata,152.216,-33.49166
Antimora rostrata,130.262,-33.52685
Antimora rostrata,151.233,-34.9
Antimora rostrata,139.43667,-37.72542
Antimora rostrata,153.1,-32.2
Antimora rostrata,139.025,-37.65833
Antimora rostrata,151.216,-34.95833
Antimora rostrata,151.387,-34.9733
Antimora rostrata,151.233,-34.883
Antimora rostrata,144.81667,-42.78333
Antimora rostrata,115.1,-31.9715
Antimora rostrata,114.61834,-30.85333
Antimora rostrata,130.55,-33.8
Antimora rostrata,152.79166,-32.866
Antimora rostrata,150.883,-35.5
Antimora rostrata,130.70016,-34.76483
Antimora rostrata,152.217,-33.45
Antimora rostrata,132.418,-34.65015
Antimora rostrata,152.816,-32.85
Antimora rostrata,131.64066,-35.15549
Antimora rostrata,154.083,-28.05433
Antimora rostrata,152.99399,-32.47899
Antimora rostrata,153.596,-30.099
Antimora rostrata,114.355,-33.97
Antimora rostrata,151.233,-34.87499
Antimora rostrata,131.0775,-35.05125
Antimora rostrata,114.73333333333333,-31.654999999999998
Antimora rostrata,144.75167,-42.36667
Antimora rostrata,152.12499,-33.60833
Antimora rostrata,131.077,-35.03517
Antimora rostrata,154.08299,-28.05433
Antimora rostrata,150.867,-35.5
Antimora rostrata,149.8375,-37.59917
Antimora rostrata,127.30583,-33.79166
Antimora rostrata,152.833,-32.817
Antimora rostrata,139.125,-37.69166
Antimora rostrata,144.75834,-42.84166
Antimora rostrata,131.64067,-35.1555
Antimora rostrata,113.14499,-21.99333
Antimora rostrata,151.983,-33.783
Antimora rostrata,141.07,-38.63
Antimora rostrata,111.6575,-24.1425
Antimora rostrata,112.26,-27.55167
Antimora rostrata,132.6925,-34.81165
Antimora rostrata,132.371,-34.6338
Antimora rostrata,152.75,-32.933
Antimora rostrata,150.85834,-35.43333
Antimora rostrata,114.48583000000001,-34.95166
Antimora rostrata,130.71266,-34.76749
Antimora rostrata,150.838,-35.5152
Antimora rostrata,113.636,-29.06083
Antimora rostrata,144.88333,-42.80833
Antimora rostrata,150.42666,-37.083
Antimora rostrata,149.48967,-38.438
Antimora rostrata,151.25,-34.933
Antimora rostrata,139.44167,-37.79166
Antimora rostrata,149.48966,-38.43799
Antimora rostrata,154.083,-28.0544
Antimora rostrata,114.35499999999999,-33.97
Antimora rostrata,140.31667,-38.30833
Antimora rostrata,153.15833,-32.116
Antimora rostrata,151.217,-34.95
Antimora rostrata,150.89166,-35.5
Antimora rostrata,150.88334,-35.45
Antimora rostrata,144.4233,-41.8016
Antimora rostrata,137.2,-36.86666
Antimora rostrata,151.374,-34.6995
Antimora rostrata,138.96667,-37.55833
Antimora rostrata,152.217,-33.5
Antimora rostrata,153.15,-32.1
Antimora rostrata,113.77084,-29.35166
Antimora rostrata,115.09999,-31.97149
Antimora rostrata,153.15,-32.05
Antimora rostrata,112.81376,-23.13834
Antimora rostrata,134.109,-35.16745
Antimora rostrata,131.782,-34.3863
Antimora rostrata,141.94167,-38.9
Antimora rostrata,139.675,-37.925
Antimora rostrata,130.2495,-34.0827
Antimora rostrata,112.6925,-27.98333
Antimora rostrata,148.73334,-39.01666
Antimora rostrata,130.7043,-33.8022
Antimora rostrata,113.1425,-21.99333
Antimora rostrata,144.625,-42.25
Antimora rostrata,144.475,-41.95833
Antimora rostrata,131.738,-34.78695
Antimora rostrata,152.8,-32.867
Antimora rostrata,152.083,-33.633
Antimora rostrata,112.25,-27.53333
Antimora rostrata,153.133,-32.067
Antimora rostrata,152.8,-32.85
Antimora rostrata,144.84167,-42.84166
Antimora rostrata,130.031,-34.41425
Antimora rostrata,113.74667,-29.57833
Antimora rostrata,144.275,-41.53333
Antimora rostrata,152.8,-32.883
Antimora rostrata,150.917,-35.483
Antimora rostrata,114.44167,-32.56333
Antimora rostrata,138.68334,-37.40833
Antimora rostrata,142.48333,-39.19166
Antimora rostrata,111.4475,-25.84666
Antimora rostrata,138.59167,-37.35833
Antimora rostrata,114.455,-32.66
Antimora rostrata,153.59599,-30.09899
Antimora rostrata,149.101,-40.464
Antimora rostrata,152.217,-33.467
