species,decimalLongitude,decimalLatitude
Antigonia rubescens,153.433,-30.35
Antigonia rubescens,117.13167,-19.105
Antigonia rubescens,112.2316,-24.865
Antigonia rubescens,117.33334,-18.94166
Antigonia rubescens,117.57584,-18.8675
Antigonia rubescens,118.25,-18.466
Antigonia rubescens,116.93083,-19.16333
Antigonia rubescens,153.383,-30.45
Antigonia rubescens,153.65,-29.9
Antigonia rubescens,117.4675,-18.97166
Antigonia rubescens,153.917,-27.917
Antigonia rubescens,151.783,-32.933
Antigonia rubescens,121.63549,-15.01433
Antigonia rubescens,151.883,-33.667
Antigonia rubescens,116.425,-19.20583
Antigonia rubescens,121.6355,-15.01433
Antigonia rubescens,112.45,-24.98333
Antigonia rubescens,117.50834,-18.975
Antigonia rubescens,118.08334,-18.13333
Antigonia rubescens,117.875,-18.65833
Antigonia rubescens,117.76667,-18.36667
Antigonia rubescens,112.23167,-24.865
Antigonia rubescens,118.9,-18.36583
Antigonia rubescens,116.75834,-18.675
Antigonia rubescens,118.31667,-18.16667
Antigonia rubescens,118.5,-18.4
Antigonia rubescens,114.10111,-21.46694
Antigonia rubescens,153.883,-27.933
Antigonia rubescens,151.9,-33.55
Antigonia rubescens,153.433,-30.333
Antigonia rubescens,116.60917,-19.18667
Antigonia rubescens,114.11736,-21.43375
Antigonia rubescens,117.91667,-18.36666
Antigonia rubescens,116.30333,-19.30166
Antigonia rubescens,151.916,-33.616
Antigonia rubescens,115.12834,-19.99666
Antigonia rubescens,118.05,-18.36667
Antigonia rubescens,116.95,-19.23333
Antigonia rubescens,120.18333,-17.28333
Antigonia rubescens,113.4,-22.95
Antigonia rubescens,117.99167,-18.30833
Antigonia rubescens,117.88334,-18.68333
Antigonia rubescens,117.01667,-18.90833
Antigonia rubescens,151.95,-33.05
Antigonia rubescens,117.41334,-19.015
Antigonia rubescens,151.05833,-35.066
Antigonia rubescens,117.535,-18.89916
Antigonia rubescens,113.425,-23.09236
Antigonia rubescens,118.63334,-17.53333
Antigonia rubescens,117.075,-19.06667
Antigonia rubescens,118.43334,-18.35
Antigonia rubescens,118.35,-18.55
Antigonia rubescens,116.8825,-19.21583
Antigonia rubescens,117.3,-19.075
Antigonia rubescens,115.86667,-19.56833
Antigonia rubescens,118.14167,-18.525
Antigonia rubescens,116.62833,-19.16333
Antigonia rubescens,115.21667,-19.95
