species,decimalLongitude,decimalLatitude
Antigonia combatia,-42.74166667,3.125
Antigonia combatia,-77.8666667,17.8333333
Antigonia combatia,-32.678409,-3.936455
Antigonia combatia,-67.35,18.2167
Antigonia combatia,-86.4333333,24.4666667
Antigonia combatia,-76.2366638184,9.78361129761
Antigonia combatia,-73.7167,20.7333
Antigonia combatia,-59.8833,9.8833
Antigonia combatia,-78.2799987793,32.7099990845
Antigonia combatia,-82.6175,24.3095
Antigonia combatia,-88.35690308,27.64419937
Antigonia combatia,-54.2667,7.5
Antigonia combatia,-75.7093353271,10.4686670303
Antigonia combatia,-82.1385,24.3626667
Antigonia combatia,-79.781009,26.460813
Antigonia combatia,-82.3499984,12.5166664
Antigonia combatia,-79.14166667,26.70833333
Antigonia combatia,-73.6,20.7333333
Antigonia combatia,-76.0091629028,10.1501674652
Antigonia combatia,-25.4666666666667,-1.4
Antigonia combatia,-76.255279541,9.76027774811
Antigonia combatia,-79.525,26.70833333
Antigonia combatia,-42.825,3.141666667
Antigonia combatia,-75.8000030518,10.3999996185
Antigonia combatia,-79.2916667,31.9
Antigonia combatia,-74.2009963989,11.3851671219
Antigonia combatia,-81.5,9.2
Antigonia combatia,-73.6999969482,20.8999996185
Antigonia combatia,-84.75,26.25
Antigonia combatia,-35.74166667,0.225
Antigonia combatia,-80.4749984741,14.2366666794
Antigonia combatia,-78.00833333,16.20833333
Antigonia combatia,-82.9851667,24.3255
Antigonia combatia,-74.0253295898,11.4461669922
Antigonia combatia,-73.7333333,20.8833333
Antigonia combatia,-81.3866667,14.898333299999999
Antigonia combatia,-63.45,17.6417
Antigonia combatia,-79.0166667,26.425
Antigonia combatia,-79.75833333,29.925
Antigonia combatia,-83.5905556,24.5644444
Antigonia combatia,-75.0699996948,35.1699981689
Antigonia combatia,-65.35,18.0833
Antigonia combatia,-79.1083,23.67
Antigonia combatia,-64.3000030518,32.0999984741
Antigonia combatia,-74.79,36.19833333
Antigonia combatia,-67.23755,39.5036
Antigonia combatia,-74.4166667,11.1583333
Antigonia combatia,-62.2833,11.45
Antigonia combatia,-80.1166667,25.2666667
Antigonia combatia,-71.0833333,19.9583333
Antigonia combatia,-82,14.1999998093
Antigonia combatia,-83.1999969482,11.3999996185
Antigonia combatia,-64.01,39.46666667
Antigonia combatia,-82.5740333,24.28365
Antigonia combatia,-84.6142,26.416666
Antigonia combatia,-81.9917,13.5833
Antigonia combatia,-58.9667,41.083332
Antigonia combatia,-81.45,16.75
Antigonia combatia,-54.275,7.508333333
Antigonia combatia,-67.275,18.2667
Antigonia combatia,-54.2999992371,7.5
Antigonia combatia,-82.8844444,24.3347222
Antigonia combatia,-67.35083333,39.915
Antigonia combatia,-75.14166667,34.30833333
Antigonia combatia,-82.2,24.2833333
Antigonia combatia,-83.1086111,24.3425
Antigonia combatia,-49.625,10.05833333
Antigonia combatia,-83.8813333,24.7168333
Antigonia combatia,-77.375,32.00833333
Antigonia combatia,-76.1324996948,9.96133327484
Antigonia combatia,-78.8000030518,32.3600006104
Antigonia combatia,-79.50833333,28.325
Antigonia combatia,-82.43,12.43
Antigonia combatia,-59.5666667,13.0333333
Antigonia combatia,-54.06666667,7.416666667
Antigonia combatia,-83.085,24.3655556
Antigonia combatia,-54.9,7.45
Antigonia combatia,-82.76535,24.3185833
Antigonia combatia,-83.6069444,24.5847222
Antigonia combatia,-82.7585833,24.2965278
Antigonia combatia,-84.516666,27.583333
Antigonia combatia,-79.2667,24.5667
Antigonia combatia,-81.110172,24.497
Antigonia combatia,-76.0066833496,10.1534996033
Antigonia combatia,-82.6328333,24.3123333
Antigonia combatia,-74.790333,36.198333
Antigonia combatia,-79.15,26.1166667
Antigonia combatia,-56.9833,39.733334
Antigonia combatia,-41.26666667,-23.41666667
Antigonia combatia,-67.1917,18.4333
Antigonia combatia,-81.75,14.3833333
Antigonia combatia,-75.095,35.16666667
Antigonia combatia,-73.106667,38.707
Antigonia combatia,-54.5,7.5
Antigonia combatia,-73.4000015259,20.7999992371
Antigonia combatia,-82.7446667,24.338
Antigonia combatia,-84.4166667,25.4875
Antigonia combatia,-51.00833333,9.008333333
Antigonia combatia,-79.3166667,25.8166667
Antigonia combatia,-81.1833333,24.3666667
Antigonia combatia,-76.262336731,9.75533294678
Antigonia combatia,-83.5347222,24.54
Antigonia combatia,-76.2291641235,9.78666687012
Antigonia combatia,-70.4333333,19.8
Antigonia combatia,-82.4833333,12.3833333
Antigonia combatia,-82.6083333,24.2611667
Antigonia combatia,-82.4000015259,12.3999996185
Antigonia combatia,-87.5333333,23.9333333
Antigonia combatia,-83.46667,24.48333
Antigonia combatia,-27,-6.1
Antigonia combatia,-76.4281692505,9.46150016785
Antigonia combatia,-54.26666667,7.5
Antigonia combatia,-59.7833333,9.65
Antigonia combatia,-81.9000015259,14.3000001907
Antigonia combatia,-82.5999984741,16.6000003815
Antigonia combatia,-47.9167,2.6667
Antigonia combatia,-78.9166667,26.75
Antigonia combatia,-87.9583358765,17.4750003815
Antigonia combatia,-54.26667,7.5
Antigonia combatia,-87.64,17.0333333
Antigonia combatia,-73.09166667,11.84166667
Antigonia combatia,-83.20833333,23.925
Antigonia combatia,-77.8466667,25.1066667
Antigonia combatia,-54.2666667,7.5
Antigonia combatia,-76.2741699219,9.81616687775
Antigonia combatia,-81.1333333,16.0166667
Antigonia combatia,-58.9667,41
Antigonia combatia,-67.25,18.4
Antigonia combatia,-79.74166667,26.75833333
Antigonia combatia,-84.1912689209,26.9666690826
Antigonia combatia,-63.5833333,17.55
Antigonia combatia,-75.00833333,34.25833333
Antigonia combatia,-77.075,31.875
Antigonia combatia,-82.1722222,24.3413889
Antigonia combatia,-87.3666667,29.5166667
Antigonia combatia,-83.5,24.5
Antigonia combatia,-83.8593333,24.7275
Antigonia combatia,-83.8615,24.728
Antigonia combatia,-75.15,35.0833333
Antigonia combatia,-82.4816667,24.3277778
Antigonia combatia,-54.266667,7.5
Antigonia combatia,-76.25833333,33.24166667
Antigonia combatia,-76.4781646729,9.27250003815
Antigonia combatia,-37.675,0.025
Antigonia combatia,-81.8667,14.1333
Antigonia combatia,-79.0833333,27.9166667
Antigonia combatia,-73.6833,20.8667
Antigonia combatia,-63.5833,17.55
Antigonia combatia,-82.6167,16.6
Antigonia combatia,-80.00833333,29.94166667
Antigonia combatia,-67.231667,18.585
Antigonia combatia,-59.7333,9.6
Antigonia combatia,-54.8167,7.4333
Antigonia combatia,-83.4666667,24.4833333
Antigonia combatia,-79.4833333,26.1666667
Antigonia combatia,-54.06666666666667,7.416666666666667
Antigonia combatia,-56.9833,39.7333
Antigonia combatia,-86.96958,27.95919
Antigonia combatia,-81.5456667,24.268
Antigonia combatia,-79.2833,22.9833
Antigonia combatia,-86.8768081665,29.9289264679
Antigonia combatia,-64.1999969482,32.4000015259
Antigonia combatia,-79.49166667,26.59166667
Antigonia combatia,-78.54166667,30.00833333
Antigonia combatia,-83.0194444,24.3469444
Antigonia combatia,-62.1153,43.288333
Antigonia combatia,-77.575,32.25833333
Antigonia combatia,-87.1689300537,29.4725894928
Antigonia combatia,-80.9,24.5333333
Antigonia combatia,-67.45381,39.748161
Antigonia combatia,-67.30833333,36.45833333
Antigonia combatia,-63.45,17.6416667
Antigonia combatia,-81.133333,16.016667
Antigonia combatia,-83.5004333,24.51345
Antigonia combatia,-81.732161,24.44307
Antigonia combatia,-77.7900009155,32.8699989319
Antigonia combatia,-64.0999984741,32.0999984741
Antigonia combatia,-78.8000030518,23.2000007629
Antigonia combatia,-79.39166667,26.74166667
Antigonia combatia,-82.35,12.5166667
Antigonia combatia,-47.9166667,2.6666667
Antigonia combatia,-78.8099975586,32.4199981689
Antigonia combatia,-38.2478,-17.6465
Antigonia combatia,-84.3333333,26.4166667
Antigonia combatia,-72.549331665,12.2563333511
Antigonia combatia,-59.7833,9.65
Antigonia combatia,-83.1833,11.45
Antigonia combatia,-79.50833333,30.14166667
Antigonia combatia,-84.3167,25.1333
Antigonia combatia,-81.715,15.5800033
Antigonia combatia,-82.2775,24.3161111
Antigonia combatia,-82.8675,24.3466667
Antigonia combatia,-38.99166667,0.891666667
Antigonia combatia,-76.0833333,10
Antigonia combatia,-87.51074,28.498781
Antigonia combatia,-76.260559082,9.74694442749
Antigonia combatia,-73.7166667,20.7333333
Antigonia combatia,-82.9694444,24.3194444
Antigonia combatia,-73.575,12.975
Antigonia combatia,-79.7833333,25.6666667
Antigonia combatia,-74.8,36.25
Antigonia combatia,-67.6833333,18.4416667
Antigonia combatia,-79.525,26.725
Antigonia combatia,-87.9333333,16.5833333
Antigonia combatia,-78.2833333333333,32.7166666666667
Antigonia combatia,-64,32.0999984741
Antigonia combatia,-59.09166667,9.175
Antigonia combatia,-80.0666667,25.65
Antigonia combatia,-46.8,1.8167
Antigonia combatia,-82.5,24.3999996185
Antigonia combatia,-83.3338333,24.4511167
Antigonia combatia,-67.45,18.05
Antigonia combatia,-70.5083333,19.8083333
Antigonia combatia,-84.8808833,27.9321833
Antigonia combatia,-59.7999992371,9.69999980927
Antigonia combatia,-53.825,11.20833333
Antigonia combatia,-82.5511111,24.3255556
Antigonia combatia,-77.84166667,32.425
Antigonia combatia,-58.2000007629,8.39999961853
Antigonia combatia,-76.4834976196,9.26366710663
Antigonia combatia,81,16
Antigonia combatia,-83.2666633,17.4333367
Antigonia combatia,-81.35,16.8333333
Antigonia combatia,-54.925,41.55833333
Antigonia combatia,-80.8,24.6666667
Antigonia combatia,-81.9666667,14.1666667
Antigonia combatia,-79.2166667,24.4166667
Antigonia combatia,-69.54166667,39.99166667
Antigonia combatia,-67.40666667,39.92
Antigonia combatia,-76.435333252,9.45983314514
Antigonia combatia,-77.18333333,32.1
Antigonia combatia,-64.95,18.625
Antigonia combatia,-67.6192604326679,44.3316451434761
Antigonia combatia,-64.0999984741,32.4000015259
Antigonia combatia,-77.3,34.1833333
Antigonia combatia,-67.3,18.2
Antigonia combatia,-78.69166667,11.05833333
Antigonia combatia,-76.2533493042,9.75599956512
Antigonia combatia,-84.5666667,27.8
Antigonia combatia,-76.4459991455,9.50749969482
Antigonia combatia,-47.9000015259,2.70000004768
Antigonia combatia,-87.4783333,20.8716633
Antigonia combatia,-79.1166666666667,9.66666666666667
Antigonia combatia,-79.4166667,25.85
Antigonia combatia,-46.84166667,9.258333333
Antigonia combatia,-81.4667,16.75
Antigonia combatia,-78.8166666666667,32.4166666666667
Antigonia combatia,-84.7157211304,26.7991352081
