species,decimalLongitude,decimalLatitude
Antimora microlepis,-122.285171509,36.6203689575
Antimora microlepis,142.30797,39.24307
Antimora microlepis,176.83,51.67
Antimora microlepis,-174.83,51.83
Antimora microlepis,-132.5365,52.7725
Antimora microlepis,-169.160003662,53.2599983215
Antimora microlepis,-130.409698486,44.6626472473
Antimora microlepis,-132.638,52.8265
Antimora microlepis,-132.996666,53.236
Antimora microlepis,-133.430283,53.77945
Antimora microlepis,-132.782983,53.1993
Antimora microlepis,-130.402206421,44.5795707703
Antimora microlepis,-132.90135,52.953616
Antimora microlepis,-132.756616,52.9792
Antimora microlepis,-122.236686707,36.5916633606
Antimora microlepis,-133.121166,53.2615
Antimora microlepis,-130.42578125,44.6663551331
Antimora microlepis,-133.379833,53.668833
Antimora microlepis,-123.364067078,36.9807243347
Antimora microlepis,-154.16,55.93
Antimora microlepis,-127.636306763,42.3768730164
Antimora microlepis,142.301025,39.103865
Antimora microlepis,-122.30531311,36.5766716003
Antimora microlepis,-133.940333,54.060333
Antimora microlepis,-133.282,53.363
Antimora microlepis,-153.16,56.28
Antimora microlepis,-122.352127075,36.0705337524
Antimora microlepis,-163.5,53.91
Antimora microlepis,-125.212097168,40.3608207703
Antimora microlepis,-144.2142029,59.5452003
Antimora microlepis,-164.83,53.59
Antimora microlepis,-134.035016,54.03995
Antimora microlepis,-176.16,58.43
Antimora microlepis,-132.872666,53.0715
Antimora microlepis,-121.0248032,34.5559006
Antimora microlepis,-148.830001831,58.0600013733
Antimora microlepis,-132.878183,53.289166
Antimora microlepis,-125.421226501,40.3672027588
Antimora microlepis,-159.16,54.41
Antimora microlepis,-132.7027,52.9393
Antimora microlepis,-147.5,59.1800003052
Antimora microlepis,142.238767,39.0391745
Antimora microlepis,142.239871,39.0426768333333
Antimora microlepis,-133.514966,53.822566
Antimora microlepis,-167.160003662,56.6300010681
Antimora microlepis,-133.707816,54.082716
Antimora microlepis,-132.8149,53.0962
Antimora microlepis,-166.83,53.1
Antimora microlepis,-177.83,51.52
Antimora microlepis,-159.5,54.41
Antimora microlepis,-133.8791,54.31775
Antimora microlepis,-132.8761,53.078883
Antimora microlepis,-122.124107361,36.6999092102
Antimora microlepis,142.23096,39.10344
Antimora microlepis,-160.83,54.24
Antimora microlepis,135.2271,26.77883167
Antimora microlepis,-137.16,57.7
Antimora microlepis,142.1783333,38.38666667
Antimora microlepis,-132.731,53.13395
Antimora microlepis,-130.319122314,44.7719955444
Antimora microlepis,-132.78435,53.09865
Antimora microlepis,-133.234833,53.369833
Antimora microlepis,-122.383613586,36.6248626709
Antimora microlepis,-132.61895,52.8625
Antimora microlepis,-133.352333,53.6475
Antimora microlepis,177.16,51.83
Antimora microlepis,-133.817483,53.900783
Antimora microlepis,-133.2457,53.3238
Antimora microlepis,-178.5,51.36
Antimora microlepis,-152.5,56.28
Antimora microlepis,-133.210138,53.590164
Antimora microlepis,-122.126533508,36.6998710632
Antimora microlepis,-122.109733582,36.6702690125
Antimora microlepis,-177.316803,51.7200012
Antimora microlepis,-126.089996338,48.2999992371
Antimora microlepis,-177.5,58.8
Antimora microlepis,-133.876166,54.265666
Antimora microlepis,141.36,36.30833333
Antimora microlepis,158.833333,52.625
Antimora microlepis,-130.353912354,44.5166702271
Antimora microlepis,-133.860266,53.893666
Antimora microlepis,-175.83,52.14
Antimora microlepis,-122.47416687,36.9186401367
Antimora microlepis,-118.4733333,33.1616667
Antimora microlepis,-141.5,58.99
Antimora microlepis,-132.816333,53.123333
Antimora microlepis,-132.853066,53.17135
Antimora microlepis,-122.191169739,36.5729446411
Antimora microlepis,-130.36668396,44.5658073425
Antimora microlepis,-153.83,55.93
Antimora microlepis,-163.83,53.75
Antimora microlepis,-174.16,51.83
Antimora microlepis,-122.304588318,36.5734634399
Antimora microlepis,-122.514907837,36.5842208862
Antimora microlepis,-47.2666667,46.6916667
Antimora microlepis,-130.366699219,44.5657806396
Antimora microlepis,-130.370773315,44.5673103333
Antimora microlepis,-122.271728516,36.7417945862
Antimora microlepis,-117.4716667,32.5666667
Antimora microlepis,-177.16,58.61
Antimora microlepis,142.28637,39.17056
Antimora microlepis,-132.920333,53.1815
Antimora microlepis,-122.47416687,36.9188079834
Antimora microlepis,-178.1333333,59.3333333
Antimora microlepis,177.49,51.67
Antimora microlepis,-153.5,56.11
Antimora microlepis,138.5905133,34.69670833
Antimora microlepis,-133.960166,54.276666
Antimora microlepis,-127.321212769,41.6707305908
Antimora microlepis,178.583328247,61.0600013733
Antimora microlepis,163,58
Antimora microlepis,-172.7833333,56.5333333
Antimora microlepis,-122.659843445,35.7886581421
Antimora microlepis,-133.6322,53.989133
Antimora microlepis,-122.766746521,35.6499481201
Antimora microlepis,-117.5733333,32.6266667
Antimora microlepis,-125.09732,41.49419
Antimora microlepis,-130.56667,51.38333
Antimora microlepis,142.61666666666667,39.015
Antimora microlepis,-164.16,53.75
Antimora microlepis,-133.86655,53.960533
Antimora microlepis,142.3345125,39.3800698333333
Antimora microlepis,142.26923,39.17567
Antimora microlepis,-123.364112854,36.9789772034
Antimora microlepis,-132.823166,53.211333
Antimora microlepis,-122.584327698,36.5717926025
Antimora microlepis,-122.324081421,36.6326751709
Antimora microlepis,-133.954233,54.202266
Antimora microlepis,-132.738333,53.0182
Antimora microlepis,-125.644706726,40.3906288147
Antimora microlepis,142.4127777777778,39.11333333333334
Antimora microlepis,-133.38335,53.73735
Antimora microlepis,-165.5,53.59
Antimora microlepis,-68,39.8333333
Antimora microlepis,142.225,38.03666667
Antimora microlepis,-130.320785522,44.7724914551
Antimora microlepis,-122.395858765,36.6351280212
Antimora microlepis,-122.084518433,36.7793426514
Antimora microlepis,-125.07248,42.27556
Antimora microlepis,-133.768833,53.816383
Antimora microlepis,-133.734333,54.1105
Antimora microlepis,-162.5,54.08
Antimora microlepis,-122.352928162,36.0748214722
Antimora microlepis,-130.394683838,44.5774116516
Antimora microlepis,-159.83,54.24
Antimora microlepis,-133.0845,53.316333
Antimora microlepis,-161.16,54.24
Antimora microlepis,-175.5,51.67
Antimora microlepis,-121.6865239,35.3796134
Antimora microlepis,-133.9738,54.254916
Antimora microlepis,-133.019833,53.375833
Antimora microlepis,-175.16,52.3
Antimora microlepis,-132.805333,53.181333
Antimora microlepis,-122.029121399,36.7013168335
Antimora microlepis,-133.458833,53.77565
Antimora microlepis,-171.5,56.4500007629
Antimora microlepis,142.6338888888889,39.24
Antimora microlepis,-125.2136,44.4747
Antimora microlepis,177.7765,51.690167
Antimora microlepis,-168.16,53.59
Antimora microlepis,-123.360641479,36.9847984314
Antimora microlepis,142.34405,39.23397
Antimora microlepis,172.83,53.1
Antimora microlepis,142.23576,39.10343
Antimora microlepis,-123.364143372,36.9781684875
Antimora microlepis,126,48
Antimora microlepis,-149.83,57.7
Antimora microlepis,-147.5,59.18
Antimora microlepis,142.239814,39.0490953333333
Antimora microlepis,-177.16,51.52
Antimora microlepis,143.1925,38.7525
Antimora microlepis,-122.105010986,36.7040901184
Antimora microlepis,-152.830001831,56.2799987793
Antimora microlepis,142.29089,39.17089
Antimora microlepis,138.5776167,34.59988833
Antimora microlepis,-122.121490479,36.6910820007
Antimora microlepis,-133.277166,53.671833
Antimora microlepis,-132.79375,53.050883
Antimora microlepis,-135.5,55.93
Antimora microlepis,-144.83,59.56
Antimora microlepis,-175.160003662,52.1399993896
Antimora microlepis,-176.83,51.52
Antimora microlepis,-133.523883,53.7369
Antimora microlepis,-174.830001831,51.8300018311
Antimora microlepis,-122.27784729,36.7452163696
Antimora microlepis,-130.304199219,44.767414093
Antimora microlepis,-148.5,58.25
Antimora microlepis,-122.03717041,36.7625770569
Antimora microlepis,-132.919166,53.219
Antimora microlepis,-173.7519444,56.8680556
Antimora microlepis,-134.022466,54.2362
Antimora microlepis,-122.723258972,35.7221946716
Antimora microlepis,-122.084342957,36.7764625549
Antimora microlepis,-130.381271362,44.5872192383
Antimora microlepis,-178.4,60.2177778
Antimora microlepis,-165.83,53.42
Antimora microlepis,-151.5,56.98
Antimora microlepis,-122.771583557,35.6358375549
Antimora microlepis,-133.870116,54.183366
Antimora microlepis,142.31028,39.24514
Antimora microlepis,144.02333333333334,42.513333333333335
Antimora microlepis,-122.236297607,36.5920715332
Antimora microlepis,-176.5,51.99
Antimora microlepis,-136.16,57.16
Antimora microlepis,-173.16,56.63
Antimora microlepis,-122.176048279,36.6465110779
Antimora microlepis,-132.65775,52.8908
Antimora microlepis,-133.073833,53.266166
Antimora microlepis,-132.7455,53.1045
Antimora microlepis,-125.836166,48.221833
Antimora microlepis,-122.665733337,35.7863006592
Antimora microlepis,-122.083320618,36.7764816284
Antimora microlepis,-122.187446594,36.5709724426
Antimora microlepis,-133.74595,53.853516
Antimora microlepis,-122.348953247,36.0672149658
Antimora microlepis,-154.5,55.93
Antimora microlepis,-126.790000916,48.9599990845
Antimora microlepis,-153.160003662,56.2799987793
Antimora microlepis,-136.5,57.52
Antimora microlepis,-132.599833,52.984166
Antimora microlepis,-133.753833,54.028166
Antimora microlepis,174.16,52.3
Antimora microlepis,-156.033333,19.408333
Antimora microlepis,-122.109809875,36.6704483032
Antimora microlepis,-125.2233333,44.4716667
Antimora microlepis,-122.283340454,36.6205253601
Antimora microlepis,-174.160003662,51.8300018311
Antimora microlepis,-178.83,51.52
Antimora microlepis,-125.683333,47.366667
Antimora microlepis,-154.79559,55.62502
Antimora microlepis,-122.042068481,36.7761802673
Antimora microlepis,-122.1639328,36.6346206665
Antimora microlepis,175.83,51.99
Antimora microlepis,-122.342781067,36.7033462524
Antimora microlepis,-147.83,58.8
Antimora microlepis,-133.267,53.644
Antimora microlepis,-122.514900208,36.5842170715
Antimora microlepis,-133.8371,53.97815
Antimora microlepis,-122.19127655,36.586265564
Antimora microlepis,-178.397222,51.415
Antimora microlepis,-130.392822266,44.5740470886
Antimora microlepis,-122.238777161,36.5917358398
Antimora microlepis,-148.5,58.06
Antimora microlepis,-177.5,58.61
Antimora microlepis,-174.05867,31.60799
Antimora microlepis,142.94833333333332,38.955000000000005
Antimora microlepis,-122.208333,36.822222
Antimora microlepis,-122.514907837,36.5842247009
Antimora microlepis,-149.83,57.52
Antimora microlepis,-124.6125,40.691667
Antimora microlepis,-161.160003662,54.2400016785
Antimora microlepis,142.34143,39.24429
Antimora microlepis,-126.7900009,48.95999908
Antimora microlepis,-117.525,32.675
Antimora microlepis,142.27898,39.17348
Antimora microlepis,-166.897222,54.0125
Antimora microlepis,141.30166666666668,36.211666666666666
Antimora microlepis,-122.349006653,36.0649528503
Antimora microlepis,-151.16,56.98
Antimora microlepis,-125.641799927,40.3972549438
Antimora microlepis,-133.238133,53.604266
Antimora microlepis,173.16,52.3
Antimora microlepis,142.178,38.389
Antimora microlepis,-162.58922,53.74816
Antimora microlepis,-130.431137085,44.5596504211
Antimora microlepis,-117.638333,32.583333
Antimora microlepis,-126.639833,48.965
Antimora microlepis,-174.61091,30.69097
Antimora microlepis,-125.07255,42.27522
Antimora microlepis,-162.5,53.91
Antimora microlepis,-177.83,51.83
Antimora microlepis,-130.386047363,44.6595878601
Antimora microlepis,-132.916833,53.322166
Antimora microlepis,142.24535,39.10343
Antimora microlepis,-177.5,51.9900016785
Antimora microlepis,-152.160003662,56.4500007629
Antimora microlepis,179.1933333,51.2366667
Antimora microlepis,-122.236427307,36.5918235779
Antimora microlepis,-176.5,58.61
Antimora microlepis,-130.359893799,44.507019043
Antimora microlepis,175.835556,51.963333
Antimora microlepis,-156.051667,19.506667
Antimora microlepis,-122.121322632,36.6910400391
Antimora microlepis,142.29382,39.31167
Antimora microlepis,-177.5,51.83
Antimora microlepis,-148.16,58.61
Antimora microlepis,-141.83,59.18
Antimora microlepis,-122.237213135,36.5909957886
Antimora microlepis,-122.348869324,36.0673713684
Antimora microlepis,-155.25,18.92
Antimora microlepis,-133.098,53.183333
Antimora microlepis,143.40666666666667,38.50833333333333
Antimora microlepis,173.16,53.1
Antimora microlepis,-133.635566,53.94505
Antimora microlepis,177.16,51.67
Antimora microlepis,-122.044761658,36.5819892883
Antimora microlepis,142.2386815,39.0466393333333
Antimora microlepis,-122.233192444,36.5927429199
Antimora microlepis,-163.16,53.91
Antimora microlepis,-155.12833,55.74667
Antimora microlepis,142.4127778,39.11333333
Antimora microlepis,142.33968,39.24432
Antimora microlepis,173,56
Antimora microlepis,-152.83,56.28
Antimora microlepis,-177.830001831,58.7999992371
Antimora microlepis,170.05,44.88
Antimora microlepis,-175.5,52.14
Antimora microlepis,-172.6804,56.40415
Antimora microlepis,136.66666666666666,33.776666666666664
Antimora microlepis,-130.365890503,44.5670776367
Antimora microlepis,-125.641700745,40.3980827332
Antimora microlepis,-117.5683333,32.5283333
Antimora microlepis,136.5036111111111,33.791666666666664
Antimora microlepis,-170,54
Antimora microlepis,-125.622962952,40.3874473572
Antimora microlepis,-135.5,56.28
Antimora microlepis,-148.83,57.88
Antimora microlepis,-148.5,58.43
Antimora microlepis,-176.16,58.61
Antimora microlepis,-122.410682678,36.911693573
Antimora microlepis,-118.3583333,32.9716667
Antimora microlepis,-135.5,56.11
Antimora microlepis,-154.830001831,55.7599983215
Antimora microlepis,-153.0166667,56.2666667
Antimora microlepis,-165.83,53.59
Antimora microlepis,-179.9333333,52.5333333
Antimora microlepis,-162.5,54.24
Antimora microlepis,-123.383346558,36.9484405518
Antimora microlepis,-132.815616,53.231366
Antimora microlepis,-133.1205,53.298666
Antimora microlepis,142.31993,39.24513
Antimora microlepis,-178.16,58.8
Antimora microlepis,-122.473770142,36.9222068787
Antimora microlepis,142.05023,37.947
Antimora microlepis,142.55866,39.17408
Antimora microlepis,-122.342163086,36.7029037476
Antimora microlepis,-127.518066406,42.388469696
Antimora microlepis,-168.830001831,55.7599983215
Antimora microlepis,-173.5,52.62
Antimora microlepis,-162.16,54.08
Antimora microlepis,-176.5,58.6100006104
Antimora microlepis,-160.16,54.24
Antimora microlepis,-123.422973633,37.3682670593
Antimora microlepis,138.582455,34.58775333
Antimora microlepis,142.2886,39.17131
Antimora microlepis,-123.363059998,36.9830932617
Antimora microlepis,-153.83,55.76
Antimora microlepis,-133.878983,54.168266
Antimora microlepis,-165.83,54.41
Antimora microlepis,-175.16,51.67
Antimora microlepis,-123.367103577,36.9740867615
Antimora microlepis,-162.83,54.08
Antimora microlepis,-132.83690000000001,53.2014
Antimora microlepis,-156.83,55.08
Antimora microlepis,-164.5,53.5900001526
Antimora microlepis,-132.9728,53.331116
Antimora microlepis,-133.309833,53.585
Antimora microlepis,142.336,39.24444
Antimora microlepis,-124.9145433,48.4307533
Antimora microlepis,142.27531,39.17437
Antimora microlepis,-122.237121582,36.5912704468
Antimora microlepis,-136.83,57.7
Antimora microlepis,-122.27557373,36.7446517944
Antimora microlepis,142.33019,39.30335
Antimora microlepis,142.30789,39.30834
Antimora microlepis,-61.7166667,42.8833333
Antimora microlepis,-165.160003662,53.5900001526
Antimora microlepis,-174.341389,57.821944
Antimora microlepis,-134.035533,54.26655
Antimora microlepis,-130.387420654,44.6596221924
Antimora microlepis,-122.159179688,36.6269874573
Antimora microlepis,-144.3833333,56.0333333
Antimora microlepis,-130.423736572,44.5562210083
Antimora microlepis,-122.083572388,36.7737884521
Antimora microlepis,-144.3,56.05
Antimora microlepis,-130.376449585,44.6586265564
Antimora microlepis,-130.385009766,44.6596069336
Antimora microlepis,-130.377975464,44.6587181091
Antimora microlepis,-125.27417,47.29668
Antimora microlepis,-122.583778381,36.5751113892
Antimora microlepis,142.29749,39.24608
Antimora microlepis,-121.4201965,35.0069008
Antimora microlepis,135.2130483,26.76803
Antimora microlepis,-122.234657288,36.5922012329
Antimora microlepis,-132.587766,52.816733
Antimora microlepis,-122.01878356900001,36.7260742188
Antimora microlepis,-177.16,51.67
Antimora microlepis,-132.847783,53.166683
Antimora microlepis,-130.290359497,44.7633666992
Antimora microlepis,-122.339538574,36.6298217773
Antimora microlepis,-125.64415741,40.3909721375
Antimora microlepis,-154.16,55.76
Antimora microlepis,-123.582017,38.234682
Antimora microlepis,-125.421203613,40.3831176758
Antimora microlepis,-132.9029,53.304966
Antimora microlepis,-122.192123413,36.5857276917
Antimora microlepis,142.31303,39.2454
Antimora microlepis,142.33018,39.30334
Antimora microlepis,141.62433,42.23067
Antimora microlepis,-161.5,54.24
Antimora microlepis,-176.16,52.14
Antimora microlepis,-122.292007446,36.6170806885
Antimora microlepis,-148.16,58.8
Antimora microlepis,-156.16,55.25
Antimora microlepis,-126.401321411,40.4253311157
Antimora microlepis,142.8122222,38.86
Antimora microlepis,142.32204,39.24507
Antimora microlepis,-122.286216736,36.6202316284
Antimora microlepis,-133.44085,53.789666
Antimora microlepis,178.24,51.5516667
Antimora microlepis,-122.237197876,36.5912818909
Antimora microlepis,-167.45,54.85
Antimora microlepis,-132.87945,52.981266
Antimora microlepis,-122.196372986,36.5947875977
Antimora microlepis,-132.948233,53.222633
Antimora microlepis,-139.5,58.4300003052
Antimora microlepis,-127.317657471,41.6700363159
Antimora microlepis,-152.16,56.45
Antimora microlepis,-123.5666667,37.9833333
Antimora microlepis,-122.154586792,36.6221847534
Antimora microlepis,-130.368835449,44.57081604
Antimora microlepis,169.45,46.23
Antimora microlepis,142.30647,39.2455
Antimora microlepis,-141.160003662,58.9900016785
Antimora microlepis,-171.83,56.45
Antimora microlepis,-164.5,53.75
Antimora microlepis,-155.926778,19.472578
Antimora microlepis,142.23361,39.1034
Antimora microlepis,-133.137833,53.300333
Antimora microlepis,-177.16,51.83
Antimora microlepis,-122.049133301,36.5820655823
Antimora microlepis,-142.83,59.56
Antimora microlepis,-122.235679626,36.5927429199
Antimora microlepis,-132.367,51.0833
Antimora microlepis,-176.83,58.61
Antimora microlepis,-133.1875,53.542666
Antimora microlepis,-122.120330811,36.6813392639
Antimora microlepis,-122.471977234,36.9120292664
Antimora microlepis,-123.359832764,36.9843788147
Antimora microlepis,-122.125686646,36.6742477417
Antimora microlepis,-126.391723633,40.4189338684
Antimora microlepis,-126.133,48.35
Antimora microlepis,-177.16,51.99
Antimora microlepis,-178.85329,29.34547
Antimora microlepis,-147.16,59.18
Antimora microlepis,-123.438056946,37.348400116
Antimora microlepis,-176.160003662,58.6100006104
Antimora microlepis,-122.275436401,36.7446479797
Antimora microlepis,-133.947833,54.285166
Antimora microlepis,-125.648262024,40.3887863159
Antimora microlepis,-137.160003662,57.7000007629
Antimora microlepis,-125.421211243,40.3748970032
Antimora microlepis,-122.743560791,35.7069625854
Antimora microlepis,141.35999999999999,36.30833333333333
Antimora microlepis,-139.83,58.43
Antimora microlepis,-174.16,58.25
Antimora microlepis,-162.58813,53.7487
Antimora microlepis,-168.16,52.94
Antimora microlepis,-122.723266602,35.7221031189
Antimora microlepis,142.1636111,38.46
Antimora microlepis,-124.7061718,46.4721762
Antimora microlepis,-178.83,51.67
Antimora microlepis,-166.16,53.42
Antimora microlepis,-178.83,51.36
Antimora microlepis,141.305,36.43
Antimora microlepis,-178.85311,29.3457
Antimora microlepis,142.34156,39.23422
Antimora microlepis,-122.473770142,36.9222106934
Antimora microlepis,172.795,52.595
Antimora microlepis,-160.160003662,54.2400016785
Antimora microlepis,-122.109336853,36.7042579651
Antimora microlepis,-169.0661111,53.3211111
Antimora microlepis,-133.983116,54.049033
Antimora microlepis,143.0266667,38.7
Antimora microlepis,-165.830001831,54.5800018311
Antimora microlepis,-165.16,54.91
Antimora microlepis,-132.952816,53.318366
Antimora microlepis,-163.5,53.75
Antimora microlepis,-122.332092285,36.6312675476
Antimora microlepis,-146.16,59.37
Antimora microlepis,-122.272132874,36.7420463562
Antimora microlepis,-172.351667,56.545556
Antimora microlepis,-122.121307373,36.6791610718
Antimora microlepis,-125.641487122,40.398727417
Antimora microlepis,-174.79952,58.48
Antimora microlepis,-133.062116,53.246166
Antimora microlepis,-122.768081665,35.6420288086
Antimora microlepis,-155.433333,55.433333
Antimora microlepis,-127.517410278,42.3860702515
Antimora microlepis,-122.087303162,36.7764587402
Antimora microlepis,139.8327778,34.205
Antimora microlepis,-134.019,54.2537
Antimora microlepis,-130.397674561,44.5780525208
Antimora microlepis,-133.88775,54.289983
Antimora microlepis,-134.030433,54.270716
Antimora microlepis,-133.044583,53.225466
Antimora microlepis,-122.296798706,36.6120986938
Antimora microlepis,-132.906333,53.07275
Antimora microlepis,-125.27374,47.29641
Antimora microlepis,-158.5,54.58
Antimora microlepis,-168.83,55.59
Antimora microlepis,-123.43522644,37.3524665833
Antimora microlepis,-122.328742981,36.6306114197
Antimora microlepis,-177.5,51.52
Antimora microlepis,-122.111198425,36.7033042908
Antimora microlepis,-130.288528442,44.7628211975
Antimora microlepis,-173.83,51.83
Antimora microlepis,-130.600006104,51.4000015259
Antimora microlepis,-157.83,54.74
Antimora microlepis,142.3043,39.30895
Antimora microlepis,-122.124702454,36.6723365784
Antimora microlepis,-122.300880432,36.5765380859
Antimora microlepis,-178.10499,29.09781
Antimora microlepis,-122.771247864,35.6364212036
Antimora microlepis,142.9483333,38.955
Antimora microlepis,173.5,52.3
Antimora microlepis,-126.392196655,40.421546936
Antimora microlepis,142.6166667,39.015
Antimora microlepis,-179.2680556,60.5180556
Antimora microlepis,-130.363067627,44.5023498535
Antimora microlepis,173.83,52.14
Antimora microlepis,-153.830001831,55.9300003052
Antimora microlepis,-123.364067078,36.9813613892
Antimora microlepis,-122.721473694,35.7246360779
Antimora microlepis,-145.83,59.37
Antimora microlepis,143.1252778,38.665
Antimora microlepis,142.30798,39.24002
Antimora microlepis,-118.5383333,33.2066667
Antimora microlepis,-176.5,51.9900016785
Antimora microlepis,-174.5,51.83
Antimora microlepis,-122.190353394,36.5700759888
Antimora microlepis,179.160003662,51.2099990845
Antimora microlepis,-122.237327576,36.5910263062
Antimora microlepis,-178.5,51.52
Antimora microlepis,-146.83,59.18
Antimora microlepis,-145.71602,59.24841
Antimora microlepis,-122.23526001,36.5932540894
Antimora microlepis,-165.5,54.7400016785
Antimora microlepis,142.31278,39.2453
Antimora microlepis,172.228333,52.813333
Antimora microlepis,-168.5,52.78
Antimora microlepis,-161.83,54.08
Antimora microlepis,145.0133333,42.69333333
Antimora microlepis,-170.833333,53.916667
Antimora microlepis,-178.8532,29.34584
Antimora microlepis,-122.191337585,36.5864906311
Antimora microlepis,-122.191352844,36.5923538208
Antimora microlepis,-155.3252778,55.6230556
Antimora microlepis,-176.5,51.52
Antimora microlepis,-176.16,51.99
Antimora microlepis,-122.194419861,36.5827674866
Antimora microlepis,-176.83,51.99
Antimora microlepis,142.63,38.99166667
Antimora microlepis,-122.403343201,36.9022903442
Antimora microlepis,-147.5,58.99
Antimora microlepis,-122.273643494,36.7443618774
Antimora microlepis,-151.5,56.9799995422
Antimora microlepis,-122.109268188,36.7043113708
Antimora microlepis,-122.104972839,36.7040863037
Antimora microlepis,-165.5,53.5900001526
Antimora microlepis,175.83,51.67
Antimora microlepis,-126.414451599,40.4335823059
Antimora microlepis,-130.36920166,44.6594352722
Antimora microlepis,-140.160003662,58.6100006104
Antimora microlepis,-160.830001831,54.2400016785
Antimora microlepis,-133.857333,54.32
Antimora microlepis,-175.83,58.43
Antimora microlepis,-122.19229126,36.5895614624
Antimora microlepis,-172.16,56.45
Antimora microlepis,143.4066667,38.50833333
Antimora microlepis,142.32567,39.24613
Antimora microlepis,-178.16,51.99
Antimora microlepis,-125.421226501,40.377948761
Antimora microlepis,-178.16,58.99
Antimora microlepis,-160.5,54.24
Antimora microlepis,-133.285833,53.314833
Antimora microlepis,142.30905,39.30817
Antimora microlepis,-179.5,52.3
Antimora microlepis,-127.310821533,41.6690979004
Antimora microlepis,-133.833933,54.278783
Antimora microlepis,-166.996667,54.343333
Antimora microlepis,-125.2128,44.4767
Antimora microlepis,144.0233333,42.51333333
Antimora microlepis,-122.694908142,35.7699127197
Antimora microlepis,-122.319343567,36.6298065186
Antimora microlepis,-154.160003662,55.9300003052
Antimora microlepis,-122.118713379,36.6843261719
Antimora microlepis,-130.397384644,44.6602897644
Antimora microlepis,-117.0533333,30.7833333
Antimora microlepis,177.49,51.83
Antimora microlepis,-126.40045929,40.4243927002
Antimora microlepis,142.57504,39.16716
Antimora microlepis,-117.5283333,32.4466667
Antimora microlepis,172.76,52.635
Antimora microlepis,-176.830001831,58.6100006104
Antimora microlepis,-125.42073822,40.3649482727
Antimora microlepis,-125.217376709,40.3634605408
Antimora microlepis,142.8,38.53666667
Antimora microlepis,142.334497333333,39.3815358333333
Antimora microlepis,-125.2739,47.29649
Antimora microlepis,-122.126052856,36.6998901367
Antimora microlepis,-130.424591064,44.6662330627
Antimora microlepis,-146.5,59.18
Antimora microlepis,-130.363037109,44.5023803711
Antimora microlepis,-122.19355011,36.5800132751
Antimora microlepis,-122.514907837,36.5842285156
Antimora microlepis,-140.3333333,55.1333333
Antimora microlepis,-133.236683,53.293483
Antimora microlepis,-149.5,57.7
Antimora microlepis,-122.104141235,36.702457428
Antimora microlepis,-142.16,59.18
Antimora microlepis,-122.1733333,36.3566667
Antimora microlepis,-174.83,52.3
Antimora microlepis,142.3883333,39.48
Antimora microlepis,-122.086746216,36.7754631042
Antimora microlepis,-125.27342,47.2956
Antimora microlepis,142.81222222222223,38.86
Antimora microlepis,142.38833333333332,39.480000000000004
Antimora microlepis,-174.830001831,51.6699981689
Antimora microlepis,-130.321014404,44.5049247742
Antimora microlepis,-125.642883301,40.3914680481
Antimora microlepis,-122.119400024,36.6811256409
Antimora microlepis,139.83277777777778,34.205000000000005
Antimora microlepis,-125.07244,42.27406
Antimora microlepis,-122.118141174,36.682975769
Antimora microlepis,-122.116226196,36.7002983093
Antimora microlepis,-122.125541687,36.6998901367
Antimora microlepis,-132.5857,52.989616
Antimora microlepis,-165.5,54.74
Antimora microlepis,-122.157440186,36.6251831055
Antimora microlepis,-125.421211243,40.3736495972
Antimora microlepis,-122.77960968,35.5666847229
Antimora microlepis,136.5036111,33.79166667
Antimora microlepis,142.26952,39.1756
Antimora microlepis,-125.642700195,40.392162323
Antimora microlepis,-123.36416626,36.978012085
Antimora microlepis,-136.5,57.7000007629
Antimora microlepis,-166.666,54.3317
Antimora microlepis,-122.12702179,36.6998443604
Antimora microlepis,-165.16,53.59
Antimora microlepis,-172.5,52.46
Antimora microlepis,-132.976166,53.356166
Antimora microlepis,-133.634833,53.892633
Antimora microlepis,-125.421203613,40.3853759766
Antimora microlepis,-136.48059,55.86083
Antimora microlepis,-127.559677124,41.1256256104
Antimora microlepis,-117.582406,32.667567
Antimora microlepis,142.23253,39.1034
Antimora microlepis,142.23681,39.10337
Antimora microlepis,-127.3230896,41.6710472107
Antimora microlepis,-127.516983032,42.3919143677
Antimora microlepis,-171.16,57.34
Antimora microlepis,-122.343231201,36.6986923218
Antimora microlepis,-130.211776733,44.9873161316
Antimora microlepis,-147.83,58.99
Antimora microlepis,-178.16,51.52
Antimora microlepis,143.1252777777778,38.665
Antimora microlepis,-132.8652,53.218516
Antimora microlepis,142.295443333333,39.103735
Antimora microlepis,-122.349098206,36.078704834
Antimora microlepis,-168,54.41667
Antimora microlepis,142.31131,39.30789
Antimora microlepis,-130.362518311,44.5028915405
Antimora microlepis,-133.3188,53.657283
Antimora microlepis,-130.411453247,44.5820236206
Antimora microlepis,-178.99913,29.70879
Antimora microlepis,-130.308837891,44.7689361572
Antimora microlepis,-125.27392,47.29658
Antimora microlepis,-153.5,55.93
Antimora microlepis,-172.983611,56.753611
Antimora microlepis,-118.4833333,33.1733333
Antimora microlepis,-177.917222,58.663889
Antimora microlepis,142.39666666666665,39.105000000000004
Antimora microlepis,-175.16,52.14
Antimora microlepis,-130.34979248,44.5231895447
Antimora microlepis,-123.435409546,37.3518486023
Antimora microlepis,-179.62252,31.21927
Antimora microlepis,-151.160003662,56.9799995422
Antimora microlepis,-134.025166,54.279166
Antimora microlepis,-146.830001831,59.1800003052
Antimora microlepis,-155.5,55.5900001526
Antimora microlepis,-174.83383,52.27433
Antimora microlepis,-170.5,52.3
Antimora microlepis,-130.417739868,44.6648178101
Antimora microlepis,142.29355,39.01618
Antimora microlepis,-130.397521973,44.6602973938
Antimora microlepis,-159.830001831,54.2400016785
Antimora microlepis,-122.040122986,36.7625846863
Antimora microlepis,-158.83,54.58
Antimora microlepis,-127.323112488,41.6710548401
Antimora microlepis,-137.5,57.85
Antimora microlepis,-173.5,51.83
Antimora microlepis,-122.045509338,36.5819549561
Antimora microlepis,-170.5,56.98
Antimora microlepis,-122.780403137,35.5646400452
Antimora microlepis,-177.67877,58.58807
Antimora microlepis,-123.353607178,36.9866371155
Antimora microlepis,-179.83,52.46
Antimora microlepis,-122.104156494,36.7024688721
Antimora microlepis,-166.666381836,54.3316688538
Antimora microlepis,142.32009,39.30674
Antimora microlepis,142.30549,39.30871
Antimora microlepis,-125.420257568,40.3615455627
Antimora microlepis,142.31795,39.30708
Antimora microlepis,-132.729266,53.082416
Antimora microlepis,-148.83,58.06
Antimora microlepis,-122.198020935,36.5966377258
Antimora microlepis,-122.119003296,36.6816558838
Antimora microlepis,-162.58942,53.74845
Antimora microlepis,-127.32787323,41.6721878052
Antimora microlepis,-133.193166,53.591166
Antimora microlepis,142.63,38.99166666666667
Antimora microlepis,-157.385002136,20.501666069
Antimora microlepis,-130.300384521,44.7662963867
Antimora microlepis,-122.34287262,36.7033805847
Antimora microlepis,-152.92053,55.928
Antimora microlepis,-122.109336853,36.704284668
Antimora microlepis,-122.353302002,36.0715103149
Antimora microlepis,142.30795,39.2459
Antimora microlepis,143.02666666666667,38.7
Antimora microlepis,-136.95,57.76
Antimora microlepis,142.2396575,39.0398663333333
Antimora microlepis,-173.5,56.98
Antimora microlepis,-166.5,53.26
Antimora microlepis,142.30146,39.24566
Antimora microlepis,142.33783,39.24436
Antimora microlepis,142.8,38.53666666666666
Antimora microlepis,142.225,38.03666666666666
Antimora microlepis,136.6666667,33.77666667
Antimora microlepis,-129,50.5167
Antimora microlepis,-136.83,57.88
Antimora microlepis,-122.280792236,36.6208763123
Antimora microlepis,-140.33,55.13
Antimora microlepis,-177.87645,58.50415
Antimora microlepis,-130.370498657,44.6596717834
Antimora microlepis,-158.16,54.58
Antimora microlepis,142.27251,39.42797
Antimora microlepis,-122.045539856,36.5819549561
Antimora microlepis,142.36834,39.23431
Antimora microlepis,142.334547,39.393061
Antimora microlepis,-122.355537415,36.6267738342
Antimora microlepis,-122.104133606,36.7024536133
Antimora microlepis,-130.409988403,44.5813446045
Antimora microlepis,-164.830001831,53.5900001526
Antimora microlepis,-122.112930298,36.7025222778
Antimora microlepis,-125.656349182,40.3860321045
Antimora microlepis,-164.5,53.59
Antimora microlepis,-178.83,51.21
Antimora microlepis,-136.5,57.5200004578
Antimora microlepis,-130.363052368,44.5023574829
Antimora microlepis,140.42746,36.54126
Antimora microlepis,-155.160003662,55.5900001526
Antimora microlepis,-122.190963745,36.5908851624
Antimora microlepis,-123.816701,39.44636
Antimora microlepis,142.31523,39.24331
Antimora microlepis,-128.4695,50.9075
Antimora microlepis,-179.5,52.7799987793
Antimora microlepis,-122.037979126,36.762096405
Antimora microlepis,-121.466666666667,35.3
Antimora microlepis,-154.5,55.76
Antimora microlepis,142.3345015,39.3882601666667
Antimora microlepis,-122.052139282,36.5810317993
Antimora microlepis,-176.5,58.7999992371
Antimora microlepis,-130.320831299,44.7725105286
Antimora microlepis,-145.5,59.37
Antimora microlepis,142.31582,39.24528
Antimora microlepis,-162.83,53.91
Antimora microlepis,-122.514900208,36.5842208862
Antimora microlepis,-130.371551514,44.6607246399
Antimora microlepis,-144.5,59.56
Antimora microlepis,-123.355461121,36.985244751
Antimora microlepis,-122.192253113,36.5893630981
Antimora microlepis,-133.215666,53.647666
Antimora microlepis,-177.1733333,52.7347267
Antimora microlepis,-173.83,57.16
Antimora microlepis,-171.16,56.28
Antimora microlepis,-125.639717102,40.4058074951
Antimora microlepis,-122.104156494,36.7024765015
Antimora microlepis,-174.06225,31.61171
Antimora microlepis,176.49,51.83
Antimora microlepis,-133.658833,53.897666
Antimora microlepis,-122.243057251,36.5922203064
Antimora microlepis,142.29784,39.16889
Antimora microlepis,-143.16,59.56
Antimora microlepis,-122.104522705,36.7032356262
Antimora microlepis,-122.237480164,36.5908737183
Antimora microlepis,141.60217,42.22817
Antimora microlepis,-179.16,51.67
Antimora microlepis,-122.033981323,36.7350616455
Antimora microlepis,-117.4983333,32.4083333
Antimora microlepis,-175.87274,33.04894
Antimora microlepis,145.01333333333332,42.69333333333333
Antimora microlepis,-130.318328857,44.7717781067
Antimora microlepis,138.5842867,34.73054667
Antimora microlepis,142.22912,39.10345
Antimora microlepis,-117.4816667,32.4483333
Antimora microlepis,-122.327667236,36.6309356689
Antimora microlepis,-156.52743,54.75392
Antimora microlepis,-122.332267761,36.6299629211
Antimora microlepis,-122.195823669,36.5943832397
Antimora microlepis,-163.83,54.24
Antimora microlepis,-167.16,56.81
Antimora microlepis,135.2296733,26.76082333
Antimora microlepis,-126.39894104,40.4244384766
Antimora microlepis,-152.5,56.45
Antimora microlepis,-120.3,33.55
Antimora microlepis,-124.8166667,45.7916667
Antimora microlepis,142.32442,39.245
Antimora microlepis,-122.190353394,36.5711402893
Antimora microlepis,-122.104156494,36.7025032043
Antimora microlepis,-122.649116516,35.8025856018
Antimora microlepis,-132.740166,53.137166
Antimora microlepis,-130.372680664,44.6599731445
Antimora microlepis,-122.648399353,35.804813385
Antimora microlepis,-118.1966667,32.6716667
Antimora microlepis,-125.659759521,40.3800849915
Antimora microlepis,-122.15460968,36.6222038269
Antimora microlepis,-178.99488,29.70471
Antimora microlepis,-125.09661,41.49463
Antimora microlepis,-122.291923523,36.6172599792
Antimora microlepis,-122.272422791,36.7422637939
Antimora microlepis,-173.5,56.81
Antimora microlepis,-123.35382843,36.9857025146
Antimora microlepis,-122.341499329,36.7024383545
Antimora microlepis,-178.5,59.37
Antimora microlepis,-122.299789429,36.6098670959
Antimora microlepis,-167.160003662,53.0999984741
Antimora microlepis,-144.16,59.56
Antimora microlepis,-122.157577515,36.6253051758
Antimora microlepis,142.28772,39.16999
Antimora microlepis,142.27676,39.1741
Antimora microlepis,142.31064,39.24533
Antimora microlepis,-122.23558044400001,36.5920143127
Antimora microlepis,138.572655,34.58887333
Antimora microlepis,-142.830001831,59.5600013733
Antimora microlepis,142.26173,39.42773
Antimora microlepis,142.3966667,39.105
Antimora microlepis,-122.238998413,36.5915870667
Antimora microlepis,-123.364562988,36.975402832
Antimora microlepis,-132.9836,53.3386
Antimora microlepis,-122.119903564,36.6880569458
Antimora microlepis,-125.650619507,40.3879013062
Antimora microlepis,142.29942,39.16726
Antimora microlepis,-155.16,55.76
Antimora microlepis,-122.296836853,36.6121292114
Antimora microlepis,171.12,38.69
Antimora microlepis,142.32587,39.24614
Antimora microlepis,-125.646682739,40.3893470764
Antimora microlepis,-122.344566345,36.0592002869
Antimora microlepis,142.30588,39.30865
Antimora microlepis,-122.353210449,36.0712432861
Antimora microlepis,-133.186833,53.44
Antimora microlepis,-161.5,54.08
Antimora microlepis,-132.89955,53.2627
Antimora microlepis,-122.30140686,36.5710639954
Antimora microlepis,-135.44,55.9
Antimora microlepis,175,58
Antimora microlepis,-123.6923,48.942
Antimora microlepis,-176.160003662,51.9900016785
Antimora microlepis,-141.5,58.9900016785
Antimora microlepis,-165.16,56.11
Antimora microlepis,-122.292037964,36.6164855957
Antimora microlepis,-130.39465332,44.5773963928
Antimora microlepis,-126.393737793,40.4247703552
Antimora microlepis,142.2435,39.10343
Antimora microlepis,-130.411636353,44.6634559631
Antimora microlepis,-132.776333,53.17
Antimora microlepis,142.2832,39.17257
Antimora microlepis,-132.499633,52.929033
Antimora microlepis,-148.16,58.99
Antimora microlepis,-122.084159851,36.7801475525
Antimora microlepis,-122.403388977,36.9022712708
Antimora microlepis,-122.474151611,36.9204292297
Antimora microlepis,-154.5166667,55.9666667
Antimora microlepis,-122.191667,36.686667
Antimora microlepis,-125.657669067,40.3856086731
Antimora microlepis,-139.5,58.43
Antimora microlepis,-125.421173096,40.3848724365
Antimora microlepis,142.354345,39.2043333333333
Antimora microlepis,-122.235397339,36.5930976868
Antimora microlepis,-125.80827,46.49198
Antimora microlepis,-122.648757935,35.8038063049
Antimora microlepis,-125.64214325,40.3949623108
Antimora microlepis,142.56502,39.17063
Antimora microlepis,145.5183333,42.39666667
Antimora microlepis,-117.0666667,30.8933333
Antimora microlepis,-122.083511353,36.7737731934
Antimora microlepis,-178.712,51.94917
Antimora microlepis,-141.16,58.99
Antimora microlepis,-133.027,53.395166
Antimora microlepis,-122.087173462,36.7765731812
Antimora microlepis,-148.83,58.25
Antimora microlepis,-125.644813538,40.390537262
Antimora microlepis,-117.9883333,33.0933333
Antimora microlepis,-150.5,57.34
Antimora microlepis,-122.346443176,36.0619316101
Antimora microlepis,-122.114830017,36.70104599
Antimora microlepis,-170.95252,27.98823
Antimora microlepis,-122.344589233,36.05651474
Antimora microlepis,-122.126998901,36.6998443604
Antimora microlepis,-150.16,57.52
Antimora microlepis,-148.5,58.6100006104
Antimora microlepis,-125.09815,41.49384
Antimora microlepis,-148.160003662,58.7999992371
Antimora microlepis,-122.296730042,36.6122322083
Antimora microlepis,172.16,52.78
Antimora microlepis,-136.5,57.34
Antimora microlepis,-122.34765625,36.0635604858
Antimora microlepis,-125.639686584,40.4058990479
Antimora microlepis,-148.5,58.61
Antimora microlepis,-122.192230225,36.5892601013
Antimora microlepis,-133.780766,54.07625
Antimora microlepis,-127.647186279,42.3967285156
Antimora microlepis,-130.366394043,44.5829811096
Antimora microlepis,-122.649856567,35.7974281311
Antimora microlepis,142.35451,39.23306
Antimora microlepis,-173.88304,29.21715
Antimora microlepis,142.16361111111112,38.46
Antimora microlepis,-178.5,59.75
Antimora microlepis,142.3345005,39.3850898333333
Antimora microlepis,142.29545,39.31127
Antimora microlepis,-125.642723083,40.3919868469
Antimora microlepis,141.85,36.98333333
Antimora microlepis,-166.76667,54.35
Antimora microlepis,-132.763166,53.113
Antimora microlepis,142.29194,39.16888
Antimora microlepis,-123.36448669400001,36.9754257202
Antimora microlepis,-122.355621338,36.6267967224
Antimora microlepis,-151.16,57.16
Antimora microlepis,142.27798,39.17386
Antimora microlepis,-130.302841187,44.7671165466
Antimora microlepis,141.85,36.983333333333334
Antimora microlepis,-122.278846741,36.7451820374
Antimora microlepis,-179.63475,31.21483
Antimora microlepis,-122.118927002,36.6862411499
Antimora microlepis,-164.160003662,53.75
Antimora microlepis,-122.160606384,36.6284446716
Antimora microlepis,-127.329292297,41.6723594666
Antimora microlepis,-122.300247192,36.5767211914
Antimora microlepis,142.31602,39.30747
Antimora microlepis,-122.237091064,36.5909004211
Antimora microlepis,-133.8475,54.332
Antimora microlepis,-125.639511108,40.4067001343
Antimora microlepis,142.30918,39.24595
Antimora microlepis,-118.1833333,28.8733333
Antimora microlepis,-126.398460388,40.42445755
Antimora microlepis,-122.273681641,36.7444343567
Antimora microlepis,-125.655143738,40.3863945007
Antimora microlepis,145.51833333333335,42.39666666666667
Antimora microlepis,-122.319946289,36.6299247742
Antimora microlepis,142.32334,39.30635
Antimora microlepis,-122.32434082,36.6326446533
Antimora microlepis,175.83,51.83
Antimora microlepis,-127.496589661,42.3944511414
Antimora microlepis,-132.543833,52.808333
Antimora microlepis,142.1783333333333,38.38666666666666
Antimora microlepis,-155.16,55.59
Antimora microlepis,-133.543166,53.846
Antimora microlepis,-132.719333,53.136666
Antimora microlepis,-133.633,53.55
Antimora microlepis,-178.16,51.36
Antimora microlepis,141.3016667,36.21166667
Antimora microlepis,-122.274223328,36.7444267273
Antimora microlepis,-166.83,57.34
Antimora microlepis,-122.300590515,36.5766334534
Antimora microlepis,142.57827,39.16676
Antimora microlepis,-133.042,53.269333
Antimora microlepis,-122.416168213,36.6204795837
Antimora microlepis,-122.342346191,36.7031135559
Antimora microlepis,-122.10887146,36.7043457031
Antimora microlepis,142.30824,39.24551
Antimora microlepis,-178.5,59.18
Antimora microlepis,-175.87733,33.05411
Antimora microlepis,-111.4266667,27.2866667
Antimora microlepis,-154.83,55.93
Antimora microlepis,142.28011,39.17314
Antimora microlepis,-125.07278,42.27519
Antimora microlepis,-132.892166,53.087833
Antimora microlepis,174.830001831,52.4599990845
Antimora microlepis,-122.790039062,35.5587387085
Antimora microlepis,142.6338889,39.24
Antimora microlepis,142.31061,39.24548
Antimora microlepis,-125.622917175,40.3874397278
Antimora microlepis,-122.293333,36.678333
Antimora microlepis,-130.400344849,44.660900116
Antimora microlepis,142.27292,39.17491
Antimora microlepis,-174.06193,31.61077
Antimora microlepis,-125.07255,42.27461
Antimora microlepis,143.4,40.365
Antimora microlepis,-122.193618774,36.5927238464
Antimora microlepis,-122.326576233,36.6310806274
Antimora microlepis,-130.363082886,44.6583633423
Antimora microlepis,-134.052566,54.23535
Antimora microlepis,142.56227,39.17238
Antimora microlepis,-130.361602783,44.5039367676
Antimora microlepis,120.010002136,22.1299991608
Antimora microlepis,-130.351043701,44.5257263184
Antimora microlepis,-174.05852,31.6076
Antimora microlepis,-134.16,55.25
Antimora microlepis,-122.232887268,36.5934944153
Antimora microlepis,142.23595,39.10342
Antimora microlepis,-130.422790527,44.5554237366
Antimora microlepis,170.58,41
Antimora microlepis,-125.217651367,40.3635864258
Antimora microlepis,-173.830001831,51.8300018311
Antimora microlepis,142.29568,39.1655
Antimora microlepis,-118.1933333,28.8433333
Antimora microlepis,-172.83,56.63
