species,decimalLongitude,decimalLatitude
Antigonia rubicunda,150.333,-36.4
Antigonia rubicunda,150.4,-35.7
Antigonia rubicunda,153.55,-28.166
Antigonia rubicunda,152.85,-31.917
Antigonia rubicunda,150.4,-35.717
Antigonia rubicunda,150.133,-36.716
Antigonia rubicunda,150.417,-35.683
Antigonia rubicunda,150.15,-36.667
Antigonia rubicunda,150.167,-36.583
Antigonia rubicunda,152,-32.883
Antigonia rubicunda,150.4,-35.733
Antigonia rubicunda,152.217,-32.983
Antigonia rubicunda,151.97499,-32.90833
Antigonia rubicunda,150.2,-36.367
Antigonia rubicunda,153.433,-30.333
Antigonia rubicunda,150.45,-35.65
Antigonia rubicunda,150.133,-36.717
Antigonia rubicunda,151.8,-33.017
Antigonia rubicunda,153.317,-30.55
Antigonia rubicunda,151.767,-33.117
Antigonia rubicunda,151.89166,-33.566
Antigonia rubicunda,153.46667,-27.03333
Antigonia rubicunda,153.55,-29.45
Antigonia rubicunda,151.783,-33.033
Antigonia rubicunda,150.167,-36.6
Antigonia rubicunda,151.3,-34.083
Antigonia rubicunda,150.383,-35.733
Antigonia rubicunda,151.817,-33.467
Antigonia rubicunda,151.983,-32.917
Antigonia rubicunda,150.133,-36.6
Antigonia rubicunda,150.383,-35.75
Antigonia rubicunda,150.15,-36.683
Antigonia rubicunda,152.00833,-32.87499
Antigonia rubicunda,153.833,-28.017
Antigonia rubicunda,153.916,-27.94166
Antigonia rubicunda,153.55,-27
Antigonia rubicunda,152.167,-33.05
Antigonia rubicunda,150.317,-37.25
Antigonia rubicunda,112.15666,-24.08082
Antigonia rubicunda,150.183,-36.6
Antigonia rubicunda,153.383,-30.45
Antigonia rubicunda,151.983,-32.883
Antigonia rubicunda,150.15,-36.7
Antigonia rubicunda,153.833,-28.683
Antigonia rubicunda,150.167,-36.617
Antigonia rubicunda,153.466667,-27.033333
Antigonia rubicunda,150.183,-36.617
Antigonia rubicunda,151.55,-33.817
Antigonia rubicunda,153.40833,-30.35
Antigonia rubicunda,153.616667,-27.05
Antigonia rubicunda,150.45,-35.617
Antigonia rubicunda,150.133,-36.767
Antigonia rubicunda,151.983,-33.933
Antigonia rubicunda,153.883,-28.25
Antigonia rubicunda,150.433,-35.667
Antigonia rubicunda,151.92499,-32.94166
Antigonia rubicunda,152.29166,-32.916
Antigonia rubicunda,151.933,-32.917
Antigonia rubicunda,152.82499,-31.94166
Antigonia rubicunda,151.783,-33.517
Antigonia rubicunda,153.416667,-26.916667
Antigonia rubicunda,153.683,-29.8
Antigonia rubicunda,152.217,-33
Antigonia rubicunda,150.433,-35.65
Antigonia rubicunda,153.583,-29.417
Antigonia rubicunda,150.15,-36.583
Antigonia rubicunda,150.967,-35.183
Antigonia rubicunda,153.817,-29.05
Antigonia rubicunda,153.30833,-30.62499
Antigonia rubicunda,150.383,-35.717
Antigonia rubicunda,152.666,-33.783
Antigonia rubicunda,151.983,-33.017
Antigonia rubicunda,150.45,-35.633
Antigonia rubicunda,153.45,-29.8
Antigonia rubicunda,153.567,-29.433
Antigonia rubicunda,153.633,-29.2
Antigonia rubicunda,153.6,-29.267
Antigonia rubicunda,152,-32.833
Antigonia rubicunda,152.167,-32.95
Antigonia rubicunda,151.933,-32.933
Antigonia rubicunda,150.083,-36.717
Antigonia rubicunda,152.283,-32.933
Antigonia rubicunda,151.183,-34.367
Antigonia rubicunda,153.767,-29.4
Antigonia rubicunda,150.15,-36.65
Antigonia rubicunda,153.467,-29.8
Antigonia rubicunda,150.133,-36.683
Antigonia rubicunda,152.217,-32.783
Antigonia rubicunda,112.15667,-25.1375
Antigonia rubicunda,152.25,-32.983
Antigonia rubicunda,153.567,-29.417
Antigonia rubicunda,151.967,-32.9
Antigonia rubicunda,152.57499,-32.85833
Antigonia rubicunda,153.833,-28.7
Antigonia rubicunda,152.3,-32.933
Antigonia rubicunda,150.417,-35.667
Antigonia rubicunda,152.25,-32.74166
Antigonia rubicunda,151.983,-32.867
Antigonia rubicunda,150.183,-36.583
Antigonia rubicunda,153.85,-28.717
Antigonia rubicunda,152.233,-32.766
Antigonia rubicunda,152.183,-32.983
Antigonia rubicunda,152.3,-32.917
Antigonia rubicunda,153.54166,-29.5
Antigonia rubicunda,150.167,-37.633
Antigonia rubicunda,150.1,-36.667
Antigonia rubicunda,150.2,-36.433
Antigonia rubicunda,151.95,-32.933
Antigonia rubicunda,150.417,-35.7
Antigonia rubicunda,150.366,-36.15
Antigonia rubicunda,150.167,-36.45
Antigonia rubicunda,150.133,-36.567
Antigonia rubicunda,152.033,-32.917
Antigonia rubicunda,153.583,-29.367
Antigonia rubicunda,150.367,-35.733
Antigonia rubicunda,153.3,-30.617
Antigonia rubicunda,152.567,-32.867
Antigonia rubicunda,151.933,-33.083
Antigonia rubicunda,153.216,-31.083
Antigonia rubicunda,153.217,-31.05
Antigonia rubicunda,153.85,-28.45
Antigonia rubicunda,150.183,-36.383
Antigonia rubicunda,150.433,-35.633
Antigonia rubicunda,152.817,-32.583
Antigonia rubicunda,150.133,-36.617
Antigonia rubicunda,151.767,-33.483
Antigonia rubicunda,152.233,-33
Antigonia rubicunda,150.133,-36.667
Antigonia rubicunda,153.583,-29.4
Antigonia rubicunda,153.6,-27
Antigonia rubicunda,153.61667,-27.05
Antigonia rubicunda,151.9,-33.55
Antigonia rubicunda,150.04166,-36.67499
Antigonia rubicunda,152.233,-33.017
Antigonia rubicunda,153.883,-27.933
Antigonia rubicunda,153.633,-29.833
Antigonia rubicunda,151.983,-33.05
Antigonia rubicunda,150.183,-36.7
Antigonia rubicunda,152.25,-32.733
Antigonia rubicunda,153.41666,-26.91667
Antigonia rubicunda,151.75,-33.117
Antigonia rubicunda,150.383,-35.7
Antigonia rubicunda,153.883,-28.2
Antigonia rubicunda,152.017,-32.867
Antigonia rubicunda,150.3,-37.317
Antigonia rubicunda,153.617,-29.9
Antigonia rubicunda,151.817,-33.45
Antigonia rubicunda,150.67499,-35.666
Antigonia rubicunda,151.78333,-33.03333
Antigonia rubicunda,152.267,-32.95
Antigonia rubicunda,153.833,-28.383
Antigonia rubicunda,153.883,-28.033
Antigonia rubicunda,150.167,-36.533
Antigonia rubicunda,153.6,-29.933
Antigonia rubicunda,151.683,-33.2
Antigonia rubicunda,152.017,-32.85
Antigonia rubicunda,152.233,-32.967
Antigonia rubicunda,151.983,-32.9
Antigonia rubicunda,151.95,-33.05
Antigonia rubicunda,151.816,-33.45833
Antigonia rubicunda,151.85,-32.867
Antigonia rubicunda,150.067,-36.75
Antigonia rubicunda,151.75,-33.05
Antigonia rubicunda,150.183,-36.633
Antigonia rubicunda,153.4,-30.367
Antigonia rubicunda,151.933,-33.1
Antigonia rubicunda,151.967,-32.883
Antigonia rubicunda,151.8,-33.033
Antigonia rubicunda,120.12584,-17.75847
Antigonia rubicunda,150.15,-36.6
Antigonia rubicunda,151.95,-32.917
Antigonia rubicunda,152.283,-32.95
Antigonia rubicunda,150.183,-36.367
Antigonia rubicunda,153.833,-28.45
Antigonia rubicunda,153.64166,-29.816
Antigonia rubicunda,153.583,-29.383
Antigonia rubicunda,150.217,-36.15
Antigonia rubicunda,153.8,-29.033
Antigonia rubicunda,153.65,-29.783
Antigonia rubicunda,153.667,-28.4
Antigonia rubicunda,150.183,-36.4
Antigonia rubicunda,153.583,-29.95
Antigonia rubicunda,152.3,-32.9
Antigonia rubicunda,150.067,-36.617
Antigonia rubicunda,153.82499,-28.683
Antigonia rubicunda,153.833,-28.417
Antigonia rubicunda,153.833,-28.033
Antigonia rubicunda,152.017,-32.883
Antigonia rubicunda,153.6,-29.383
Antigonia rubicunda,153.55,-29.467
Antigonia rubicunda,153.817,-29.283
Antigonia rubicunda,152.23333,-32.76667
Antigonia rubicunda,151.233,-32.75
Antigonia rubicunda,153.267,-30.717
Antigonia rubicunda,152.233,-32.983
Antigonia rubicunda,153.533,-29.5
Antigonia rubicunda,153.4,-29.55
Antigonia rubicunda,151.75,-33.833
Antigonia rubicunda,150.167,-36.633
Antigonia rubicunda,151.95,-32.883
Antigonia rubicunda,152.133,-33.017
Antigonia rubicunda,150.15,-36.633
