species,decimalLongitude,decimalLatitude
Aphareus rutilans,113.5508,-22.7054
Aphareus rutilans,118.91533,-17.53816
Aphareus rutilans,113.5451,-22.7557
Aphareus rutilans,113.5614,-22.6752
Aphareus rutilans,153.85,-28.983
Aphareus rutilans,113.5435,-22.7476
Aphareus rutilans,118.8865,-17.59333
Aphareus rutilans,150.35,-36.05
Aphareus rutilans,153.166,-30.983
Aphareus rutilans,113.5638,-22.6835
Aphareus rutilans,153.55,-30.05
Aphareus rutilans,113.5485,-22.7192
Aphareus rutilans,153.166,-31.983
Aphareus rutilans,113.5554,-22.7072
Aphareus rutilans,113.5528,-22.7173
Aphareus rutilans,113.5527,-22.7173
Aphareus rutilans,113.5445,-22.7475
Aphareus rutilans,113.5544,-22.7103
Aphareus rutilans,113.5506,-22.721800000000002
Aphareus rutilans,113.5613,-22.69
Aphareus rutilans,153.25,-30.983
Aphareus rutilans,113.5596,-22.696
Aphareus rutilans,113.5543,-22.7133
Aphareus rutilans,153.8,-28
Aphareus rutilans,114.75,-31.25
Aphareus rutilans,113.5386,-22.7516
Aphareus rutilans,118.9745,-17.56333
Aphareus rutilans,112.45,-24.66667
Aphareus rutilans,153.566,-30.016
Aphareus rutilans,113.5667,-22.6743
Aphareus rutilans,153.783,-28.983
Aphareus rutilans,113.5592,-22.6999
Aphareus rutilans,113.5655,-22.6774
Aphareus rutilans,113.5452,-22.7437
Aphareus rutilans,118.91733,-17.5335
Aphareus rutilans,153.083,-31.983
Aphareus rutilans,112.25,-25.25
Aphareus rutilans,119.33983,-17.3915
Aphareus rutilans,153.466,-30.116
Aphareus rutilans,113.5609,-22.69
Aphareus rutilans,118.91866,-17.52733
Aphareus rutilans,119.34366,-17.3945
Aphareus rutilans,113.5561,-22.6977
Aphareus rutilans,153.8,-27.983
Aphareus rutilans,113.5531,-22.7459
