species,decimalLongitude,decimalLatitude
Aphareus furca,118.97043,-17.52413
Aphareus furca,113.81939,-22.09438
Aphareus furca,119.37376,-17.27058
Aphareus furca,113.579,-22.638
Aphareus furca,113.49708,-22.80504
Aphareus furca,113.55942,-22.62918
Aphareus furca,118.97583,-17.55
Aphareus furca,118.972,-17.531
Aphareus furca,118.96666,-17.63416
Aphareus furca,118.97583,-17.54333
Aphareus furca,118.974,-17.61866
Aphareus furca,118.9745,-17.56333
Aphareus furca,118.97433,-17.53766
Aphareus furca,119.38416,-17.3389
Aphareus furca,118.9685,-17.6295
Aphareus furca,118.9765,-17.61433
Aphareus furca,118.971,-17.62366
Aphareus furca,119.37746,-17.28913
Aphareus furca,119.37889,-17.37363
Aphareus furca,118.97388,-17.55101
