species,decimalLongitude,decimalLatitude
Aphanopus arigato,-124.1565,39.06451
Aphanopus arigato,159.900344849,25.298333168
Aphanopus arigato,-124.89355,41.8988
Aphanopus arigato,-124.55057,41.08462
Aphanopus arigato,-124.91329,43.52995
Aphanopus arigato,14.45,39.4
Aphanopus arigato,-124.8798,44.96081
Aphanopus arigato,-124.9181,42.65887
Aphanopus arigato,-124.1198,39.47804
Aphanopus arigato,-124.07663,39.48249
Aphanopus arigato,-125.5166667,47.8833333
Aphanopus arigato,-155.6166667,55.4666667
Aphanopus arigato,-125.516998291,47.8829994202
Aphanopus arigato,-124.6727,40.85842
Aphanopus arigato,-124.1886,39.5319
Aphanopus arigato,-124.974,43.28217
