species,decimalLongitude,decimalLatitude
Apistus carinatus,118,-19.56667
Apistus carinatus,113.73333,-25.35
Apistus carinatus,116.53333,-20.55
Apistus carinatus,153.383,-29.383
Apistus carinatus,114.08333,-22.25
Apistus carinatus,153.4,-29.283
Apistus carinatus,117.41334,-20.03166
Apistus carinatus,114.41667,-21.7
Apistus carinatus,153.667,-28.4
Apistus carinatus,117.83333,-19.97666
Apistus carinatus,116.26667,-20.38333
Apistus carinatus,121.39167,-17.61666
Apistus carinatus,117.266,-20
Apistus carinatus,114.25,-22.08333
Apistus carinatus,116.14583,-20.64
Apistus carinatus,151.9,-32.84166
Apistus carinatus,118.67084,-19.51833
Apistus carinatus,115.79167,-20.23333
Apistus carinatus,153.43333,-26.98333
Apistus carinatus,116.83333,-20.51667
Apistus carinatus,118,-19.95833
Apistus carinatus,153.5,-29.3
Apistus carinatus,116.01666666666667,-20.333333333333332
Apistus carinatus,113.638598575259,-25.9522459340334
Apistus carinatus,153.483,-29.317
Apistus carinatus,153.65833,-28.4
Apistus carinatus,117.035,-20.1325
Apistus carinatus,153.016,-27.466
Apistus carinatus,114.46667,-21.96667
Apistus carinatus,116.0166667,-20.33333333
Apistus carinatus,117.15,-19.99166
Apistus carinatus,121.03917,-18.70267
Apistus carinatus,115.11667,-21.63333
Apistus carinatus,117.71334,-20.12167
Apistus carinatus,117.68834,-19.95166
Apistus carinatus,115.795,-19.91
Apistus carinatus,118.35917,-19.72666
Apistus carinatus,153.517,-29.367
Apistus carinatus,119.41667,-19.11667
Apistus carinatus,113.666,-24.883
Apistus carinatus,116.95,-20.167
Apistus carinatus,117.08333,-20.08333
Apistus carinatus,117.02111,-20.35417
Apistus carinatus,116.7,-20.66667
Apistus carinatus,115.9166667,-20.31666667
Apistus carinatus,117.56083,-19.59583
Apistus carinatus,118.56334,-19.5
Apistus carinatus,118.3,-17.98333
Apistus carinatus,118.835,-19.49833
Apistus carinatus,153.11667,-27.28333
Apistus carinatus,115.54337,-20.82989
Apistus carinatus,153.483,-29.267
Apistus carinatus,116.525,-19.9
Apistus carinatus,115.98333,-20.65
Apistus carinatus,117.6125,-20.23916
Apistus carinatus,117.92917,-19.67833
Apistus carinatus,116.13333,-20.15
Apistus carinatus,118.21667,-19.82166
Apistus carinatus,153.633,-28.34166
Apistus carinatus,115.91666666666667,-20.316666666666666
Apistus carinatus,151.883,-32.85
Apistus carinatus,153.03,-27.2
Apistus carinatus,116.28133,-20.38483
Apistus carinatus,153.4,-29.60833
Apistus carinatus,116.98333,-19.92083
Apistus carinatus,153.433,-29.817
Apistus carinatus,153.483,-29.3
Apistus carinatus,117.53667,-20.14583
Apistus carinatus,153.21667,-26.75
Apistus carinatus,115.9,-20.23333
Apistus carinatus,121.01667,-18.55833
Apistus carinatus,117.93417,-19.4
Apistus carinatus,117.38334,-19.98333
Apistus carinatus,118.21667,-19.83333
Apistus carinatus,153.666,-28.42499
Apistus carinatus,118.209,-19.91117
Apistus carinatus,153.47499,-29.32499
Apistus carinatus,153.566,-28.57499
Apistus carinatus,153.417,-29.533
Apistus carinatus,118.19,-19.85916
Apistus carinatus,116.74,-20.52722
Apistus carinatus,114.2,-21.95
Apistus carinatus,117.51667,-19.08333
Apistus carinatus,113.28333,-24.61667
Apistus carinatus,116.45417,-20.39666
Apistus carinatus,116.49084,-19.685
Apistus carinatus,119.417,-19.017
Apistus carinatus,120.375,-19.05
Apistus carinatus,153.566,-28.866
Apistus carinatus,118.5,-19.033
Apistus carinatus,119.24167,-19.25
Apistus carinatus,153.43333,-29.83333
Apistus carinatus,115.8,-20.05
Apistus carinatus,118.86667,-19.48333
Apistus carinatus,117.97917,-20.12666
Apistus carinatus,113.66667,-25.26667
Apistus carinatus,116.51806,-20.63722
Apistus carinatus,120.04236,-19.32541
Apistus carinatus,119.54167,-19.63333
Apistus carinatus,115.1475,-20.925
Apistus carinatus,113.5,-25.33333
Apistus carinatus,116.4475,-19.93583
Apistus carinatus,113.66667,-24.88333
Apistus carinatus,113.833,-25.233
Apistus carinatus,118.71667,-19.36083
Apistus carinatus,116.3,-20.217
Apistus carinatus,116.71667,-20.65
Apistus carinatus,118.667,-19.2
Apistus carinatus,115.9083333,-20.35
Apistus carinatus,118.23083,-19.75917
Apistus carinatus,119.51667,-19.63333
Apistus carinatus,116.19264,-20.18333
Apistus carinatus,118.47083,-19.39667
Apistus carinatus,153.467,-29.317
Apistus carinatus,121.7,-17.68333
Apistus carinatus,116.28333,-20.38333
Apistus carinatus,113.16667,-24.75
Apistus carinatus,153.39166,-29.37499
Apistus carinatus,114,-22
Apistus carinatus,117.69084,-19.72333
Apistus carinatus,117.59834,-20.23167
Apistus carinatus,115.90833333333335,-20.35
Apistus carinatus,153.567,-28.583
Apistus carinatus,153.483,-29.316
Apistus carinatus,117.72334,-19.83833
Apistus carinatus,116.36167,-20.50083
