species,decimalLongitude,decimalLatitude
Aploactisoma milesii,150.233,-35.7
Aploactisoma milesii,144.36,-38.1167
Aploactisoma milesii,137.8,-34.92
Aploactisoma milesii,151.233,-34
Aploactisoma milesii,144.774,-38.3586
Aploactisoma milesii,150.779,-35.0316
Aploactisoma milesii,151.23333,-33.85
Aploactisoma milesii,145.227,-38.2917
Aploactisoma milesii,144.93,-37.87
Aploactisoma milesii,137.92,-35.17
Aploactisoma milesii,151.266,-33.85
Aploactisoma milesii,144.48,-38.12
Aploactisoma milesii,146.283,-38.683
Aploactisoma milesii,117.95,-35
Aploactisoma milesii,137.5,-33.75
Aploactisoma milesii,113.73333,-25.35
Aploactisoma milesii,145,-37.95
Aploactisoma milesii,151.266,-33.833
Aploactisoma milesii,152.18333,-32.68333
Aploactisoma milesii,151.27582,-33.83633
Aploactisoma milesii,138.53,-34.75
Aploactisoma milesii,151.166,-33.833
Aploactisoma milesii,145.02,-38.48
Aploactisoma milesii,151.233333,-33.85
Aploactisoma milesii,115.85,-31.85
Aploactisoma milesii,145.23,-38.28
Aploactisoma milesii,137.77,-35.12
Aploactisoma milesii,115.73333,-32.05
Aploactisoma milesii,151.283,-33.8
Aploactisoma milesii,147.41666,-40.95
Aploactisoma milesii,138.53,-34.97
Aploactisoma milesii,145.28,-38.38
Aploactisoma milesii,145.27,-38.27
Aploactisoma milesii,151.230989,-33.865378
Aploactisoma milesii,115.3,-33.95
Aploactisoma milesii,137.95,-35.7167
Aploactisoma milesii,115.71667,-32.28333
Aploactisoma milesii,153.25,-29.833
Aploactisoma milesii,152.183333,-32.683333
Aploactisoma milesii,137.1583,-35.8278
Aploactisoma milesii,115.73553,-32.056401
Aploactisoma milesii,138.600006104,-34.9329986572
Aploactisoma milesii,138,-33.2
Aploactisoma milesii,145.28898,-38.26422
Aploactisoma milesii,137.27,-33.83
Aploactisoma milesii,150.883,-34.433
Aploactisoma milesii,116.26666,-35.1
Aploactisoma milesii,138.5,-35.83
Aploactisoma milesii,137.35,-35.93
Aploactisoma milesii,115.76667,-32.11667
Aploactisoma milesii,138.6,-34.933
Aploactisoma milesii,137.88,-35.77
Aploactisoma milesii,133.68,-32.13
Aploactisoma milesii,115,-30.3
Aploactisoma milesii,115.73333,-32.13333
Aploactisoma milesii,137.58,-33.6
Aploactisoma milesii,145.533,-38.366
Aploactisoma milesii,151.3,-33.833
Aploactisoma milesii,137.78,-34.92
Aploactisoma milesii,115.68333,-32.23333
Aploactisoma milesii,144.387,-38.09
Aploactisoma milesii,138.75,-35.58
Aploactisoma milesii,135.87,-34.73
Aploactisoma milesii,141.6,-38.33
Aploactisoma milesii,151.25,-33.966
Aploactisoma milesii,137.4,-34.05
Aploactisoma milesii,151.25,-33.833
Aploactisoma milesii,151.216,-34
Aploactisoma milesii,150.76667,-35.11667
Aploactisoma milesii,150.53577,-35.2442
Aploactisoma milesii,147.94814,-42.55305
Aploactisoma milesii,138.5,-34.97
Aploactisoma milesii,135.47,-34.88
