species,decimalLongitude,decimalLatitude
Aplodactylus punctatus,-77.5,-32.5
Aplodactylus punctatus,-71.3499984741,-17.6329994202
Aplodactylus punctatus,-71.35,-17.633
Aplodactylus punctatus,-70.425,-23.05833333
Aplodactylus punctatus,-71.5333333,-32.7833333
Aplodactylus punctatus,-77.6166667,-11.1166667
Aplodactylus punctatus,-70.417,-23.667
Aplodactylus punctatus,-70.642228,-26.356667
Aplodactylus punctatus,-71.5999984741,-29
Aplodactylus punctatus,-70.4169998169,-23.6669998169
Aplodactylus punctatus,-70.69166667,-27.09166667
