species,decimalLongitude,decimalLatitude
Apogon campbelli,53.2167,-5.4
Apogon campbelli,55.406833,-4.674667
Apogon campbelli,35.583889,-22.771389
Apogon campbelli,63.416667,-19.704444
Apogon campbelli,43.01694444,-11.81666667
Apogon campbelli,55.4803352356,-4.6609997749
Apogon campbelli,55.4803333,-4.661
Apogon campbelli,44.3175010681,-12.1858301163
Apogon campbelli,71.56444,-6.14
Apogon campbelli,55.3609,-4.6596
Apogon campbelli,145.762772,15.163333
Apogon campbelli,46.984333,-25.066983
Apogon campbelli,35.584,-22.771333
Apogon campbelli,44.48888889,-12.0875
Apogon campbelli,43.5,-12.39777778
Apogon campbelli,44.4000015259,-12.1583328247
Apogon campbelli,63.429722,-19.67
Apogon campbelli,43.228542,-11.73104
Apogon campbelli,63.439722,-19.663056
Apogon campbelli,145.762833,15.163333
Apogon campbelli,44.3175,-12.18583
Apogon campbelli,71.35888889,-6.179166667
Apogon campbelli,145.7628,15.1633
Apogon campbelli,55.505,-4.621667
Apogon campbelli,44.3,-12.0875
Apogon campbelli,43.248641,-11.696886
Apogon campbelli,45.225,-12.94527778
Apogon campbelli,63.429444,-19.643611
Apogon campbelli,63.293333,-19.693889
Apogon campbelli,71.78111111,-5.4225
Apogon campbelli,32.68,-27.54
Apogon campbelli,145.743833,15.242
Apogon campbelli,45.2716674805,-12.8033332825
Apogon campbelli,145.734497,15.2455
Apogon campbelli,63.414722,-19.666944
Apogon campbelli,43.0169448853,-11.8166666031
Apogon campbelli,43.6566666667,-12.3977777778
Apogon campbelli,71.3588867188,-6.17916679382
Apogon campbelli,71.81722222,-5.444444444
Apogon campbelli,43.65277778,-12.40527778
Apogon campbelli,43.6527786255,-12.4052772522
Apogon campbelli,71.7811111111,-5.4225
Apogon campbelli,43.6527777778,-12.4052777778
Apogon campbelli,45.2566666667,-12.7683333333
Apogon campbelli,63.472778,-19.668056
Apogon campbelli,45.25666667,-12.76833333
Apogon campbelli,55.48033524,-4.660999775
Apogon campbelli,145.751007,15.120833
Apogon campbelli,45.225,-12.9452777778
Apogon campbelli,45.2716666667,-12.8033333333
Apogon campbelli,45.2249984741,-12.9452781677
Apogon campbelli,-87.8086267,16.7371796
Apogon campbelli,45.225,-12.94333333
Apogon campbelli,46.2109879,-9.4461709
Apogon campbelli,44.4,-12.15833333
Apogon campbelli,71.3588888889,-6.17916666667
Apogon campbelli,72.3783333333,-7.26111111111
Apogon campbelli,45.2566680908,-12.7683334351
Apogon campbelli,55.3964,-4.6681
Apogon campbelli,44.4,-12.1583333333
Apogon campbelli,44.0575,-12.67194444
Apogon campbelli,71.8172225952,-5.44444417953
Apogon campbelli,44.0575,-12.6719444444
Apogon campbelli,72.3783340454,-7.26111125946
Apogon campbelli,43.5,-12.3977777778
Apogon campbelli,63.440278,-19.651389000000002
Apogon campbelli,43.65666667,-12.39777778
Apogon campbelli,45.2249984741,-12.9433336258
Apogon campbelli,63.450833,-19.66
Apogon campbelli,55.419333,-4.679167
Apogon campbelli,63.415833,-19.655001
Apogon campbelli,63.440833,-19.7525
Apogon campbelli,145.740662,15.102834
Apogon campbelli,63.4202766418,-19.6783332825
Apogon campbelli,63.488333,-19.674167
Apogon campbelli,43.70833333,-12.39027778
Apogon campbelli,145.6965,15.211667
Apogon campbelli,44.4888877869,-12.0874996185
Apogon campbelli,32.583332,-25.966667
Apogon campbelli,71.5644378662,-6.13999986649
Apogon campbelli,43.7083333333,-12.3902777778
Apogon campbelli,43.7083320618,-12.3902778625
Apogon campbelli,55.397,-4.6611
Apogon campbelli,63.433611,-19.658333
Apogon campbelli,63.429444,-19.651389000000002
Apogon campbelli,-87.8239263,18.1282466
Apogon campbelli,72.37833333,-7.261111111
Apogon campbelli,44.4888888889,-12.0875
Apogon campbelli,63.349167,-19.653333
Apogon campbelli,71.8172222222,-5.44444444444
Apogon campbelli,44.0574989319,-12.6719446182
Apogon campbelli,71.7811126709,-5.42250013351
Apogon campbelli,63.426389,-19.668056
Apogon campbelli,47.102333,-24.968
Apogon campbelli,145.784729,15.1775
Apogon campbelli,-88.10626,16.82763
Apogon campbelli,43.0169444444,-11.8166666667
Apogon campbelli,55.369333,-4.639833
Apogon campbelli,63.420277,-19.678333
Apogon campbelli,43.656665802,-12.3977775574
Apogon campbelli,32.683333,-27.516667
Apogon campbelli,45.27166667,-12.80333333
Apogon campbelli,45.225,-12.9433333333
