species,decimalLongitude,decimalLatitude
Apogon semiornatus,151.266,-33.833
Apogon semiornatus,153.383,-29.933
Apogon semiornatus,153.4,-29.933
Apogon semiornatus,113.13333,-26.13333
Apogon semiornatus,113.16667,-26.13333
Apogon semiornatus,153.633,-28.616
Apogon semiornatus,153.63333,-28.61666
Apogon semiornatus,114.28333,-21.7
Apogon semiornatus,153.61667,-28.63333
Apogon semiornatus,113.95,-21.91667
Apogon semiornatus,152.533,-32.433
Apogon semiornatus,151.266,-33.85
Apogon semiornatus,105.66667,-10.41667
Apogon semiornatus,105.66667,-10.48333
Apogon semiornatus,153.55,-27.416667
Apogon semiornatus,116.30098,-20.76094
Apogon semiornatus,153.55,-27.41667
Apogon semiornatus,113.41667,-24.48333
Apogon semiornatus,153.433333,-27.933333
Apogon semiornatus,113.76667,-28.48333
Apogon semiornatus,153.633333,-28.616667
Apogon semiornatus,153.583333,-28.2
Apogon semiornatus,113.638598575259,-25.9522459340334
Apogon semiornatus,117.36667,-19.38333
Apogon semiornatus,113.15,-26.13333
Apogon semiornatus,113.71667,-28.5
Apogon semiornatus,113.966,-21.933
Apogon semiornatus,153.43333,-27.93333
Apogon semiornatus,151.25,-33.833
Apogon semiornatus,117.25,-19.61667
Apogon semiornatus,153.58333,-28.2
