species,decimalLongitude,decimalLatitude
Apogon erythrinus,99.344167,10.389167
Apogon erythrinus,-142.433333,-16.016667
Apogon erythrinus,130.413333,30.2675
Apogon erythrinus,158.174444,6.980278
Apogon erythrinus,-149.825,-17.4833333333
Apogon erythrinus,162.322862,11.342763
Apogon erythrinus,-142.433333,-16
Apogon erythrinus,154.728611,1.092222
Apogon erythrinus,-157.780589,21.470812
Apogon erythrinus,-178.55,-18.92
Apogon erythrinus,-171.512382,-13.940372
Apogon erythrinus,179.756393433,-19.1605567932
Apogon erythrinus,154.741389,1.1
Apogon erythrinus,154.773333,1.097778
Apogon erythrinus,162.23,11.3425
Apogon erythrinus,130.471945,30.232778
Apogon erythrinus,-149.866538,-17.490668
Apogon erythrinus,-178.600006104,-18.8999996185
Apogon erythrinus,154.799167,1.051111
Apogon erythrinus,123.454444885,9.20444393158
Apogon erythrinus,-173.265189,15.320189
Apogon erythrinus,138.163889,9.609722
Apogon erythrinus,144.44,7.244722
Apogon erythrinus,120.945556641,10.8783330917
Apogon erythrinus,124.072502136,24.4408321381
Apogon erythrinus,139.49666666666664,34.044999999999995
Apogon erythrinus,99.380278,10.555278
Apogon erythrinus,-149.926116943,-17.5111103058
Apogon erythrinus,158.3166667,21.31666667
Apogon erythrinus,123.166666667,9.61666666667
Apogon erythrinus,-149.353056,-17.757778
Apogon erythrinus,134.488889,7.297778
Apogon erythrinus,154.795833,1.039722
Apogon erythrinus,154.785,1.0325
Apogon erythrinus,134.49,7.295
Apogon erythrinus,-149.829166667,-17.4769444444
Apogon erythrinus,157.906661987,6.78333330154
Apogon erythrinus,-178.699996948,-20.6000003815
Apogon erythrinus,100.807778,12.693056
Apogon erythrinus,134.477222,7.278333
Apogon erythrinus,59.7000007629,-16.5
Apogon erythrinus,162.155,11.65
Apogon erythrinus,123.385,9.436666667
Apogon erythrinus,144.7625,13.481389
Apogon erythrinus,-157.775635,21.461569
Apogon erythrinus,123.385,9.43611111111
Apogon erythrinus,144.670278,13.24
Apogon erythrinus,154.749722,1.038333
Apogon erythrinus,165.4,11.6
Apogon erythrinus,154.753889,1.033333
Apogon erythrinus,134.458611,7.268611
Apogon erythrinus,165.55,11.5975
Apogon erythrinus,131.8011,2.9631
Apogon erythrinus,139.748056,10.083889
Apogon erythrinus,154.792778,1.036389
Apogon erythrinus,144.444722,7.244444
Apogon erythrinus,177.199996948,-17.1000003815
Apogon erythrinus,123.283333,9.206832
Apogon erythrinus,123.333335876,9.41666698456
Apogon erythrinus,123.454170227,9.20444393158
Apogon erythrinus,144.662222,13.241111
Apogon erythrinus,-149.8213889,-17.47472222
Apogon erythrinus,123.45444,9.20444
Apogon erythrinus,162.33,11.6
Apogon erythrinus,145.8166667,-15.93333333
Apogon erythrinus,-157.778626,21.472
Apogon erythrinus,145,-1.60000002384
Apogon erythrinus,129.5716667,28.465
Apogon erythrinus,159.816665649,-9.46666717529
Apogon erythrinus,129.26666666666668,28.186666666666667
Apogon erythrinus,154.780278,1.081111
Apogon erythrinus,59.5999984741,-16.3999996185
Apogon erythrinus,120.75,22.1
Apogon erythrinus,177.300003052,-17.7000007629
Apogon erythrinus,-149.774166667,-17.4783333333
Apogon erythrinus,-157.782582,21.45188
Apogon erythrinus,158.198608398,7.00833320618
Apogon erythrinus,144.663889,13.251111
Apogon erythrinus,118.800003052,9.60000038147
Apogon erythrinus,154.708333,1.082222
Apogon erythrinus,134.5025,7.300556
Apogon erythrinus,144.432222,7.2494440000000004
Apogon erythrinus,159.816666667,-9.46666666667
Apogon erythrinus,-149.876663208,-17.5777778625
Apogon erythrinus,123.4544444,9.204444444
Apogon erythrinus,165.29,11.7
Apogon erythrinus,-149.8227778,-17.47833333
Apogon erythrinus,144.399993896,-1.20000004768
Apogon erythrinus,99.933333,9.533333
Apogon erythrinus,144.767778,13.491944
Apogon erythrinus,154.791111,1.088056
Apogon erythrinus,167.055,11.445
Apogon erythrinus,134.729167,8.084444
Apogon erythrinus,154.721944,1.055556
Apogon erythrinus,-149.926111111,-17.5111111111
Apogon erythrinus,158.188889,7.011667
Apogon erythrinus,-178.52,-18.92
Apogon erythrinus,56.5999984741,-10.3000001907
Apogon erythrinus,-178.5,-18.8999996185
Apogon erythrinus,-157.775678,21.46073
Apogon erythrinus,154.707778,1.074444
Apogon erythrinus,99.825,11.794444
Apogon erythrinus,-149.774169922,-17.4783325195
Apogon erythrinus,144.433611,7.246667
Apogon erythrinus,-149.832229614,-17.4730548859
Apogon erythrinus,120.730003357,21.9300003052
Apogon erythrinus,-149.908333333,-17.5361111111
Apogon erythrinus,154.728333,1.053333
Apogon erythrinus,-157.808891,21.51497
Apogon erythrinus,162.3375,11.3444444338481
Apogon erythrinus,145.715608,15.209667
Apogon erythrinus,-149.460833,-17.773611
Apogon erythrinus,-178.800003052,-21.6000003815
Apogon erythrinus,123.447776794,9.17777824402
Apogon erythrinus,144.433889,7.245
Apogon erythrinus,144.658333,13.241111
Apogon erythrinus,154.786389,1.095833
Apogon erythrinus,-158,21
Apogon erythrinus,177.258333,-17.495833
Apogon erythrinus,-149.456111,-17.775
Apogon erythrinus,154.7275,1.098889
Apogon erythrinus,120.933326721,10.875
Apogon erythrinus,-157.775462,21.458708
Apogon erythrinus,109.227778,12.191667
Apogon erythrinus,167,10
Apogon erythrinus,-157.785697,21.458707
Apogon erythrinus,-157.783776,21.47216
Apogon erythrinus,154.752222,1.038333
Apogon erythrinus,-149.908340454,-17.5361118317
Apogon erythrinus,145.098327637,-1.49666702747
Apogon erythrinus,154.767778,1.026667
Apogon erythrinus,59.5999984741,-16.7000007629
Apogon erythrinus,144.283050537,-1.21111094952
Apogon erythrinus,123.14666748,9.06666660309
Apogon erythrinus,138.072222,9.523611
Apogon erythrinus,-149.824996948,-17.4833335876
Apogon erythrinus,144.453333,7.250278
Apogon erythrinus,-149.876666667,-17.5777777778
Apogon erythrinus,154.734722,1.074722
Apogon erythrinus,140.409722,8.130556
Apogon erythrinus,123.272216797,9.07083320618
Apogon erythrinus,162.234799,11.503146
Apogon erythrinus,154.781111,1.0575
Apogon erythrinus,-162.108333,5.87
Apogon erythrinus,-157.832291,21.277121
Apogon erythrinus,123.49445343,9.1411113739
Apogon erythrinus,139.4916667,34.09833333
Apogon erythrinus,134.355556,7.408333
Apogon erythrinus,120.75,22
Apogon erythrinus,-149.829166667,-17.4772222222
Apogon erythrinus,165.55,11.63
Apogon erythrinus,145.845001221,-5.19166707993
Apogon erythrinus,118.800003052,9.69999980927
Apogon erythrinus,145.856674194,-5.171667099
Apogon erythrinus,144.450833,7.251389
Apogon erythrinus,123.283333,9.483333
Apogon erythrinus,-149.8766667,-17.57777778
Apogon erythrinus,159.8166667,-9.466666667
Apogon erythrinus,-157.809735,21.460304
Apogon erythrinus,129.675278,28.409444
Apogon erythrinus,129.19666666666666,28.166666666666668
Apogon erythrinus,134.720556,8.0925
Apogon erythrinus,123.1666667,9.616666667
Apogon erythrinus,119.433334,23.200001
Apogon erythrinus,121.197776794,10.8944444656
Apogon erythrinus,99.295833,10.39
Apogon erythrinus,-149.822777778,-17.4783333333
Apogon erythrinus,-151.783611,-16.493056
Apogon erythrinus,123.454444444,9.20444444444
Apogon erythrinus,-149.925,-17.5166666667
Apogon erythrinus,154.797778,1.046111
Apogon erythrinus,-149.452778,-17.443889
Apogon erythrinus,-149.461389,-17.769167
Apogon erythrinus,123.385,9.43666666667
Apogon erythrinus,158.197219849,7.59999990463
Apogon erythrinus,123.385,9.43611
Apogon erythrinus,134.441667,7.218056
Apogon erythrinus,143.678329468,-3.39666700363
Apogon erythrinus,123.489440918,9.14166736603
Apogon erythrinus,139.5,34.08333333
Apogon erythrinus,144.651667,13.2575
Apogon erythrinus,123.126953125,9.04583263397
Apogon erythrinus,129.67666626,-4.54333305359
Apogon erythrinus,-171.745556,25.75
Apogon erythrinus,144.433056,7.252222
Apogon erythrinus,-149.822784424,-17.4783325195
Apogon erythrinus,178.352783203,-18.9375
Apogon erythrinus,134.369444,7.224444
Apogon erythrinus,-149.8291667,-17.47722222
Apogon erythrinus,120.730003357,21.9400005341
Apogon erythrinus,144.375,-1.15833294392
Apogon erythrinus,130.4091667,30.80833333
Apogon erythrinus,-170.703988,-14.322949
Apogon erythrinus,-149.829162598,-17.4772224426
Apogon erythrinus,177.083328247,-12.5
Apogon erythrinus,-149.858056,-17.478333
Apogon erythrinus,-150.633333,-17.616667
Apogon erythrinus,145.791944,15.1725
Apogon erythrinus,158.223333,7.031944
Apogon erythrinus,-162.078333,5.875
Apogon erythrinus,-151.024444,-16.786111
Apogon erythrinus,154.795833,1.039444
Apogon erythrinus,-149.92611110000001,-17.51111111
Apogon erythrinus,100.75,8.433333
Apogon erythrinus,122.099998474,-5.28888893127
Apogon erythrinus,176.899993896,-17.2000007629
Apogon erythrinus,99.281111,10.424722
Apogon erythrinus,139.4966667,34.045
Apogon erythrinus,154.751111,1.030278
Apogon erythrinus,134.130278,6.891944
Apogon erythrinus,145.734167,15.106667
Apogon erythrinus,-149.821395874,-17.4747219086
Apogon erythrinus,166.475006104,-20.4349994659
Apogon erythrinus,144.987503052,-1.50833296776
Apogon erythrinus,138.169444,9.646667
Apogon erythrinus,123.385002136,9.43666648865
Apogon erythrinus,-157.865711,21.291426
Apogon erythrinus,-149.8322222,-17.47305556
Apogon erythrinus,130.500556,30.4575
Apogon erythrinus,-149.8291667,-17.47694444
Apogon erythrinus,154.710556,1.070833
Apogon erythrinus,134.620833,7.75
Apogon erythrinus,59.5830001831,-16.25
Apogon erythrinus,154.800556,1.061944
Apogon erythrinus,178.402496338,-18.1474990845
Apogon erythrinus,-171.743611,25.774167
Apogon erythrinus,110.717002869,20.454000473
Apogon erythrinus,123.666656494,9.52055644989
Apogon erythrinus,-149.925003052,-17.5166664124
Apogon erythrinus,114.374,10.374
Apogon erythrinus,178.300003052,-18.8999996185
Apogon erythrinus,123.278892517,9.07722187042
Apogon erythrinus,-178.67,-20.62
Apogon erythrinus,-179.869995117,-18.9825000763
Apogon erythrinus,177.191667,-17.408333
Apogon erythrinus,-162.106667,5.875
Apogon erythrinus,134.244444,7.1125
Apogon erythrinus,145.816666667,-15.9333333333
Apogon erythrinus,129.2666667,28.18666667
Apogon erythrinus,-149.825,-17.48333333
Apogon erythrinus,145.024993896,-1.51999998093
Apogon erythrinus,162.37,11.4
Apogon erythrinus,-157.463333,1.947222
Apogon erythrinus,138.15,9.608056
Apogon erythrinus,144.449748,7.261038
Apogon erythrinus,144.432222,7.244167
Apogon erythrinus,144.647222,13.377222
Apogon erythrinus,154.75,1.072222
Apogon erythrinus,123.385002136,9.4361114502
Apogon erythrinus,124.1866667,24.45333333
Apogon erythrinus,121.203887939,10.881667137100001
Apogon erythrinus,129.57166666666666,28.465
Apogon erythrinus,-167.575004578,24.7583503723
Apogon erythrinus,123.166664124,9.61666679382
Apogon erythrinus,-149.821388889,-17.4747222222
Apogon erythrinus,123.258331299,9.38333320618
Apogon erythrinus,121.003890991,10.8533334732
Apogon erythrinus,166.0071667,-22.004
Apogon erythrinus,178.833,-17.75
Apogon erythrinus,134.453056,7.246389
Apogon erythrinus,139.49166666666665,34.098333333333336
Apogon erythrinus,162.305,11.625
Apogon erythrinus,123.126953125,9.04083347321
Apogon erythrinus,132.70735,32.84068
Apogon erythrinus,154.768611,1.026111
Apogon erythrinus,-162.114444,5.874167
Apogon erythrinus,-149.829162598,-17.4769439697
Apogon erythrinus,-149.925,-17.51666667
Apogon erythrinus,134.143333,6.888889
Apogon erythrinus,123.4541667,9.204444444
Apogon erythrinus,147.111114502,-9.49583339691
Apogon erythrinus,145.041671753,-1.54166698456
Apogon erythrinus,152.399993896,-10.8000001907
Apogon erythrinus,-157.7841667,21.4361111
Apogon erythrinus,143.669998169,-3.38333320618
Apogon erythrinus,-158.1166667,21.6166667
Apogon erythrinus,177.100006104,-17.7999992371
Apogon erythrinus,123.333333333,9.41666666667
Apogon erythrinus,177.199996948,-17.7999992371
Apogon erythrinus,121.919998169,25.0699996948
Apogon erythrinus,135.501663208,-0.836667001247
Apogon erythrinus,144.453333,7.242222
Apogon erythrinus,-157.470833,1.929167
Apogon erythrinus,129.1966667,28.16666667
Apogon erythrinus,124.185,24.32166667
Apogon erythrinus,119.900001526,16.3999996185
Apogon erythrinus,124.185,24.321666666666665
Apogon erythrinus,162.094722223282,11.4583333333333
Apogon erythrinus,134.634167,8.181667
Apogon erythrinus,123.3333333,9.416666667
Apogon erythrinus,145.816665649,-15.9333333969
Apogon erythrinus,-178.75,-21.63
Apogon erythrinus,-149.9083333,-17.53611111
Apogon erythrinus,-149.832222222,-17.4730555556
Apogon erythrinus,57.3888893127,-20.2083320618
Apogon erythrinus,121.034156799,10.9180555344
Apogon erythrinus,124.18666666666667,24.453333333333333
Apogon erythrinus,120.76667,22.083334
Apogon erythrinus,101.512778,12.588889
Apogon erythrinus,130.40916666666666,30.808333333333334
Apogon erythrinus,178.5,-18.7000007629
Apogon erythrinus,123.313331604,9.32499980927
Apogon erythrinus,154.721944,1.056389
Apogon erythrinus,-149.7741667,-17.47833333
Apogon erythrinus,147.89666748,-6.69833278656
Apogon erythrinus,123.454166667,9.20444444444
