species,decimalLongitude,decimalLatitude
Apogon quadrisquamatus,-74.1319274902,11.3280267715
Apogon quadrisquamatus,-64.6373,17.8016
Apogon quadrisquamatus,-82.9666666666667,26.4166666666667
Apogon quadrisquamatus,-64.8836,17.7139
Apogon quadrisquamatus,-76.2566667,9.5216667
Apogon quadrisquamatus,-76.025,9.6666667
Apogon quadrisquamatus,-74.1666641235,11.3336105347
Apogon quadrisquamatus,-76.5697250366,9.02166652679
Apogon quadrisquamatus,-64.6114,17.7849
Apogon quadrisquamatus,-64.6117324829,17.7848892212
Apogon quadrisquamatus,-64.6138194,17.7905194
Apogon quadrisquamatus,-73.7805557251,11.3077774048
Apogon quadrisquamatus,-83.8535,27.534166
Apogon quadrisquamatus,-64.6269111,17.7926611
Apogon quadrisquamatus,-71.7937240601,12.4396944046
Apogon quadrisquamatus,-75.8266667,9.5183333
Apogon quadrisquamatus,-67.1633,18.4517
Apogon quadrisquamatus,-64.6358032227,17.7876091003
Apogon quadrisquamatus,-75.0917,10.9883
Apogon quadrisquamatus,-76.4533309937,9.23333358765
Apogon quadrisquamatus,-69,12.166667
Apogon quadrisquamatus,-80.6716667,9.1166667
Apogon quadrisquamatus,-61.251913,13.01046
Apogon quadrisquamatus,-73.7747192383,11.3086109161
Apogon quadrisquamatus,-81.373694,13.393937
Apogon quadrisquamatus,-72.579246521,11.9603052139
Apogon quadrisquamatus,-73.9300003051758,11.5
Apogon quadrisquamatus,-34.833333,-6.966667
Apogon quadrisquamatus,-81.6830666,24.4794333
Apogon quadrisquamatus,-64.6112306,17.7899194
Apogon quadrisquamatus,-75.527881,24.145643
Apogon quadrisquamatus,-76.8933333,8.335
Apogon quadrisquamatus,-74.1666564941,11.3106632233
Apogon quadrisquamatus,-91.5716667,21.5866667
Apogon quadrisquamatus,-64.6113889,17.7848889
Apogon quadrisquamatus,-83.466667,27.616667
Apogon quadrisquamatus,-91.4166667,20.8533333
Apogon quadrisquamatus,-64.6130905151,17.7831707001
Apogon quadrisquamatus,-74.2211837769,11.2447366714
Apogon quadrisquamatus,-67.1333333,18.4166667
Apogon quadrisquamatus,-64.6216,17.7801833
Apogon quadrisquamatus,-87.014711,20.320344
Apogon quadrisquamatus,-79.116667,26.95
Apogon quadrisquamatus,-80.078185,26.951934
Apogon quadrisquamatus,-74.0907058716,11.3349046707
Apogon quadrisquamatus,-80.7633333,9.0016667
Apogon quadrisquamatus,-63.4628982544,17.4398002625
Apogon quadrisquamatus,-75.0277786255,18.403055191
Apogon quadrisquamatus,-74.0585403442,11.3434524536
Apogon quadrisquamatus,-64.6036911011,17.7774028778
Apogon quadrisquamatus,-78.9,9.625
Apogon quadrisquamatus,-83.04324,24.65818
Apogon quadrisquamatus,-64.885684,17.710933
Apogon quadrisquamatus,-40.4,-20.7
Apogon quadrisquamatus,-75.5166667,10.6666667
Apogon quadrisquamatus,-64.61945,17.7909889
Apogon quadrisquamatus,-64.6358,17.7876
Apogon quadrisquamatus,-73.4716644287,11.4063892365
Apogon quadrisquamatus,-84.4,28.55
Apogon quadrisquamatus,-74.1047210693,11.3580551147
Apogon quadrisquamatus,-64.6135889,17.7926306
Apogon quadrisquamatus,-92.13,28.45
Apogon quadrisquamatus,-82.786666,25.964
Apogon quadrisquamatus,-81.9300003052,14.6599998474
Apogon quadrisquamatus,-80.6458333,24.8183333
Apogon quadrisquamatus,-61.473705,15.573908
Apogon quadrisquamatus,-77.5199966431,33.25
Apogon quadrisquamatus,-81.367139,19.268244
Apogon quadrisquamatus,-73.1416667,11.65
Apogon quadrisquamatus,-64.6195,17.791
Apogon quadrisquamatus,-73.2778625488,11.5019168854
Apogon quadrisquamatus,-64.6135864258,17.7926292419
Apogon quadrisquamatus,-64.6364,17.7875
Apogon quadrisquamatus,-64.6136,17.7926
Apogon quadrisquamatus,-83.116667,27.616667
Apogon quadrisquamatus,-74.1925506592,11.3048334122
Apogon quadrisquamatus,-73.5851364136,11.3023328781
Apogon quadrisquamatus,-75.676109314,9.55249977112
Apogon quadrisquamatus,-67.37,18.0917
Apogon quadrisquamatus,-64.61255,17.7790167
Apogon quadrisquamatus,-67.166664,18.450001
Apogon quadrisquamatus,-64.724322,18.312933
Apogon quadrisquamatus,-66.5,11.83
Apogon quadrisquamatus,-66.299703,17.952824
Apogon quadrisquamatus,-80.3633333,9.2433333
Apogon quadrisquamatus,-75.0916667,10.9883333
Apogon quadrisquamatus,-72.6383361816,12.0547218323
Apogon quadrisquamatus,-76.84,8.8733333
Apogon quadrisquamatus,-82.9000015259,12.3000001907
Apogon quadrisquamatus,-64.6366694,17.7986694
Apogon quadrisquamatus,-63.4793014526,17.5515003204
Apogon quadrisquamatus,-90.95,21.5766667
Apogon quadrisquamatus,-91.7966667,21.6633333
Apogon quadrisquamatus,-75.7691650391,10.000834465
Apogon quadrisquamatus,-64.6133117676,17.7806797028
Apogon quadrisquamatus,-60.5200004578,11.3016672134
Apogon quadrisquamatus,-64.6117306,17.7848889
Apogon quadrisquamatus,-73.3853912354,11.4013051987
Apogon quadrisquamatus,-64.637298584,17.8016395569
Apogon quadrisquamatus,-64.7708358765,18.3112640381
Apogon quadrisquamatus,-64.6269,17.7927
Apogon quadrisquamatus,-67.15,18.2
Apogon quadrisquamatus,-79.25,25.75
Apogon quadrisquamatus,-74.2025222778,11.2668399811
Apogon quadrisquamatus,-64.8938,17.7473
Apogon quadrisquamatus,-77.408985,18.46647
Apogon quadrisquamatus,-77.9333333,18.4666667
Apogon quadrisquamatus,-66.8902,11.7946
Apogon quadrisquamatus,-64.6243167,17.7808333
Apogon quadrisquamatus,-83.7349967,25.5716633
Apogon quadrisquamatus,-67.047334,17.886758
Apogon quadrisquamatus,-66.1745,17.8809
Apogon quadrisquamatus,-68.96929932,12.12230015
Apogon quadrisquamatus,-64.708908,18.304242
Apogon quadrisquamatus,-64.6366729736,17.7986698151
Apogon quadrisquamatus,-64.6367,17.7987
Apogon quadrisquamatus,-64.7154,17.7613
Apogon quadrisquamatus,-64.6359100342,17.7783908844
Apogon quadrisquamatus,-64.6136016846,17.7905292511
Apogon quadrisquamatus,-39.5656,-20.0524
Apogon quadrisquamatus,-72.4800033569336,11.8000001907349
Apogon quadrisquamatus,-77.1333333,23.425
Apogon quadrisquamatus,-75.932858,24.562054
Apogon quadrisquamatus,-64.6117,17.7849
Apogon quadrisquamatus,-40.4000015259,-2.29999995232
Apogon quadrisquamatus,-64.6376,17.7971
Apogon quadrisquamatus,-77.1999969482,8.80000019073
Apogon quadrisquamatus,-76.75,8.85000038147
Apogon quadrisquamatus,-64.8938333,17.7473333
Apogon quadrisquamatus,-81.388484,19.312744
Apogon quadrisquamatus,-64.6149306,17.7916111
Apogon quadrisquamatus,-73.5850830078,11.3012218475
Apogon quadrisquamatus,-74.193687439,11.2943782806
Apogon quadrisquamatus,-62.856314,17.900966
Apogon quadrisquamatus,-64.706246,18.303151
Apogon quadrisquamatus,-76.48333333,9.15
Apogon quadrisquamatus,-79.8887077777777,15.8918733
Apogon quadrisquamatus,-71.5616667,19.9783333
Apogon quadrisquamatus,-72.3810272217,12.0904445648
Apogon quadrisquamatus,-67.1633300781,18.4516677856
Apogon quadrisquamatus,-61.389938,15.294649
Apogon quadrisquamatus,-74.2410812378,11.194167137100001
Apogon quadrisquamatus,-75.960667,24.585003
Apogon quadrisquamatus,-79.8389,9.42778
Apogon quadrisquamatus,-64.6269073486,17.7926597595
Apogon quadrisquamatus,-76.4885025024,9.15433311462
Apogon quadrisquamatus,-64.6130889,17.7831694
Apogon quadrisquamatus,-61.613905,15.850495
Apogon quadrisquamatus,-75.7066667,9.91
Apogon quadrisquamatus,-63.2979011536,17.5641002655
Apogon quadrisquamatus,-78.8166667,9.55
Apogon quadrisquamatus,-75.4333333,10.9333333
Apogon quadrisquamatus,-82.3406906128,24.7805652618
Apogon quadrisquamatus,-83.2079162598,27.3017368317
Apogon quadrisquamatus,-79.163333,27.375
Apogon quadrisquamatus,-80.6216667,24.8375
Apogon quadrisquamatus,-72.768126,18.700894
Apogon quadrisquamatus,-90.6433367,22.8716633
Apogon quadrisquamatus,-63.6838989258,17.429599762
Apogon quadrisquamatus,-82.283333,25.483333
Apogon quadrisquamatus,-64.6138,17.7905
Apogon quadrisquamatus,-81.2844666,24.5771167
Apogon quadrisquamatus,-64.6376419067,17.7971496582
Apogon quadrisquamatus,-73.077246,22.337417
Apogon quadrisquamatus,-74.2360534668,11.2022943497
Apogon quadrisquamatus,-63.5833333,17.5
Apogon quadrisquamatus,-76.1516667,9.7516667
Apogon quadrisquamatus,-67.3583,18.0917
Apogon quadrisquamatus,-64.6149291992,17.7916107178
Apogon quadrisquamatus,-64.6112,17.7899
Apogon quadrisquamatus,-64.88843,17.715349
Apogon quadrisquamatus,-64.6305541992,17.7815284729
Apogon quadrisquamatus,-91.41445,22.5347167
Apogon quadrisquamatus,-64.6137084961,17.7905406952
Apogon quadrisquamatus,-64.6131,17.7832
Apogon quadrisquamatus,-86.949695,20.511709
Apogon quadrisquamatus,-76.2,9.75
Apogon quadrisquamatus,-64.747616,18.316433
Apogon quadrisquamatus,-75.0278,18.4031
Apogon quadrisquamatus,-75.3333333,10.9166667
Apogon quadrisquamatus,-82.333333,25.133333
Apogon quadrisquamatus,-74.1600036621,11.3008337021
Apogon quadrisquamatus,-81.345816,13.357683
Apogon quadrisquamatus,-64.6194534302,17.7909908295
Apogon quadrisquamatus,-44.541,-23.268
Apogon quadrisquamatus,-79.1633333,27.375
Apogon quadrisquamatus,-67.3583297729,18.0916671753
Apogon quadrisquamatus,-64.6438674927,17.7705364227
Apogon quadrisquamatus,-77.190822,25.109899
Apogon quadrisquamatus,-63.133333,18.216667
Apogon quadrisquamatus,-72.4000015259,12.1999998093
Apogon quadrisquamatus,-64.6459655762,17.7902984619
Apogon quadrisquamatus,-78.90929,26.612915
Apogon quadrisquamatus,-75.0833333,11.0166667
Apogon quadrisquamatus,-81.6999969482,12.5100002289
Apogon quadrisquamatus,-64.6358,17.7876111
Apogon quadrisquamatus,-64.6135864258,17.7898902893
Apogon quadrisquamatus,-84.216667,27.616667
Apogon quadrisquamatus,-79.85,9.5166667
Apogon quadrisquamatus,-74.10748,11.321015
Apogon quadrisquamatus,-67.3249969482,18.1000003815
Apogon quadrisquamatus,-64.6135167,17.7906
Apogon quadrisquamatus,-83.4666667,15.775
Apogon quadrisquamatus,-77.1666667,24.05
Apogon quadrisquamatus,-81.402158,19.327379
Apogon quadrisquamatus,-80.205,30.4317
Apogon quadrisquamatus,-64.6135889,17.7897667
Apogon quadrisquamatus,-64.6136,17.7898
Apogon quadrisquamatus,-67.163806,18.457754
Apogon quadrisquamatus,-81.20419,24.66585
Apogon quadrisquamatus,-78.5999984741,23
Apogon quadrisquamatus,-72.638053894,12.0566663742
Apogon quadrisquamatus,-83.266666,28.083333
Apogon quadrisquamatus,-81.4945,24.565
Apogon quadrisquamatus,-78.1666667,29.9833333
Apogon quadrisquamatus,-86.6693878174,30.2504348755
Apogon quadrisquamatus,-72.1999969482,12.1000003815
Apogon quadrisquamatus,-82.98375,24.61973
Apogon quadrisquamatus,-73.5583343506,11.3999996185
Apogon quadrisquamatus,-76.4133333,9.3033333
Apogon quadrisquamatus,-64.8053970337,18.3441009521
Apogon quadrisquamatus,-83.717666,27.965833
Apogon quadrisquamatus,-82.3000030518,25.1000003815
Apogon quadrisquamatus,-64.8836111,17.7138889
Apogon quadrisquamatus,-71.18,12.5566667
Apogon quadrisquamatus,-79.16670227,27.08329964
Apogon quadrisquamatus,-74.036277771,11.3438777924
Apogon quadrisquamatus,-71.775718689,12.4490833282
Apogon quadrisquamatus,-81.0566667,8.855
Apogon quadrisquamatus,-90.6666733,22.5
Apogon quadrisquamatus,-74.5,11.1999998092651
Apogon quadrisquamatus,-88.0817,16.8025
Apogon quadrisquamatus,-77.657716,24.686022
Apogon quadrisquamatus,-64.6376389,17.79715
Apogon quadrisquamatus,-64.6373,17.8016389
Apogon quadrisquamatus,-64.6149,17.7916
Apogon quadrisquamatus,-64.6363611,17.7874889
Apogon quadrisquamatus,-72.7903594971,11.8778333664
Apogon quadrisquamatus,-81.76957,24.550471
Apogon quadrisquamatus,-77.0266667,8.8533333
Apogon quadrisquamatus,-77.504412,24.989075
Apogon quadrisquamatus,-80.225,9.3416667
Apogon quadrisquamatus,-81.1999969482,16
Apogon quadrisquamatus,-77.22,8.6483332999999991
Apogon quadrisquamatus,-64.6113891602,17.7848892212
Apogon quadrisquamatus,-40.51,-20.657
Apogon quadrisquamatus,-64.6363601685,17.7874908447
Apogon quadrisquamatus,-64.6112289429,17.7899208069
Apogon quadrisquamatus,-64.7058029175,18.3039207458
