species,decimalLongitude,decimalLatitude
Apogon notatus,130.515,31.4575
Apogon notatus,129.922222,31.845278
Apogon notatus,130.533333,31.166667
Apogon notatus,126.3612139,33.23582778
Apogon notatus,130.980556,30.424722
Apogon notatus,130.548889,31.172222
Apogon notatus,128.4005556,27.05194444
Apogon notatus,126.6649889,33.25621389
Apogon notatus,126.6065833,33.23727778
Apogon notatus,130.55,31.55
Apogon notatus,130.561667,31.5525
Apogon notatus,130.5075,31.193333
Apogon notatus,130.6363889,31.20722222
Apogon notatus,143.6063,-11.761
Apogon notatus,130.550556,31.545556
Apogon notatus,130.571389,31.601667
Apogon notatus,143.6107,-11.5542
Apogon notatus,130.671667,31.277222
Apogon notatus,130.672222,31.276944
Apogon notatus,143.5515,-11.5473
Apogon notatus,129.700833,32.840278
Apogon notatus,126.4397889,33.23434722
Apogon notatus,134.81666666666666,33.84166666666667
Apogon notatus,130.196945,31.428889
Apogon notatus,129.78,32.59666666666667
Apogon notatus,130.0313889,32.21333333
Apogon notatus,130.664445,31.626389
Apogon notatus,130.975556,30.470278
Apogon notatus,130.562778,31.553056
Apogon notatus,129.410796,33.545683
Apogon notatus,143.6805,-11.5818
Apogon notatus,129.66,28.506389
Apogon notatus,130.658602,31.58567
Apogon notatus,129.748056,32.819444
Apogon notatus,143.5387,-11.654
Apogon notatus,129.863333,31.858056
Apogon notatus,143.4718,-11.6213
Apogon notatus,143.6298,-11.7322
Apogon notatus,130.534167,31.501111
Apogon notatus,130.562007,31.555339
Apogon notatus,130.1075,32.16916667
Apogon notatus,143.4782,-11.7058
Apogon notatus,130.533611,31.501111
Apogon notatus,129.921111,31.8425
Apogon notatus,143.588,-11.7683
Apogon notatus,143.551,-11.6467
Apogon notatus,130.594722,31.591667
Apogon notatus,136.18,33.94
Apogon notatus,143.5635,-11.7825
Apogon notatus,129.776667,32.818889
Apogon notatus,143.4902,-11.625
Apogon notatus,122.342153,10.640794
Apogon notatus,131.080278,31.281944
Apogon notatus,130.2088889,31.41833333
Apogon notatus,143.506,-11.5613
Apogon notatus,131.003889,30.757778
Apogon notatus,131.083333,31.283333
Apogon notatus,143.5615,-11.6465
Apogon notatus,143.5795,-11.646
Apogon notatus,130.390556,31.254167
Apogon notatus,126.6594333,33.269725
Apogon notatus,120.720001221,22.0300006866
Apogon notatus,130.545556,31.533333
Apogon notatus,130.4833333,30.45
Apogon notatus,143.6058,-11.7608
Apogon notatus,139.49166666666665,34.098333333333336
Apogon notatus,143.563,-11.7775
Apogon notatus,130.2505556,31.72694444
Apogon notatus,150.79166666666666,-2.591666666666667
Apogon notatus,143.5837,-11.7745
Apogon notatus,120.760002136,21.9599990845
Apogon notatus,143.548,-11.5548
Apogon notatus,143.548,-11.5533
Apogon notatus,143.4657,-11.6972
Apogon notatus,129.841944,31.804722
Apogon notatus,143.466,-11.7119
Apogon notatus,126.5660333,33.22625556
Apogon notatus,143.6098,-11.5542
Apogon notatus,129.78,32.59666667
Apogon notatus,131.10055555555556,31.303333333333335
Apogon notatus,129.981944,32.244722
Apogon notatus,129.921111,31.843056
Apogon notatus,120.7,21.98
Apogon notatus,143.6038,-11.5572
Apogon notatus,143.5892,-11.7743
Apogon notatus,119.67,23.56
Apogon notatus,143.5647,-11.6515
Apogon notatus,143.4723,-11.5355
Apogon notatus,143.4682,-11.5257
Apogon notatus,130.5505556,31.54555556
Apogon notatus,143.471,-11.6302
Apogon notatus,143.4813,-11.702
Apogon notatus,131.080278,31.291944
Apogon notatus,143.6108,-11.5218
Apogon notatus,143.7632,-11.4433
Apogon notatus,130.594167,31.591667
Apogon notatus,130.168333,31.374722
Apogon notatus,130.433333,31.233333
Apogon notatus,139.4916667,34.09833333
Apogon notatus,130.550278,31.545833
Apogon notatus,143.73,-11.428
Apogon notatus,143.603,-11.5608
Apogon notatus,143.6667,-11.7152
Apogon notatus,150.7916667,-2.591666667
Apogon notatus,129.771944,32.811944
Apogon notatus,136.7543,34.2823
Apogon notatus,130.591944,31.591111
Apogon notatus,126.6152778,33.22444444
Apogon notatus,143.7798,-11.445
Apogon notatus,120.833343506,21.9166660309
Apogon notatus,126.4661667,33.23268333
Apogon notatus,130.519445,31.485833
Apogon notatus,143.7443,-11.429
Apogon notatus,126.7216139,33.272025
Apogon notatus,143.5891,-11.7749
Apogon notatus,143.5493,-11.5513
Apogon notatus,143.6263,-11.729
Apogon notatus,143.6318,-11.7325
Apogon notatus,143.7738,-11.4462
Apogon notatus,143.4613,-11.7007
Apogon notatus,130.948889,30.616389
Apogon notatus,143.568,-11.5568
Apogon notatus,143.5542,-11.6368
Apogon notatus,143.5908,-11.7707
Apogon notatus,130.5694444,31.60416667
Apogon notatus,143.5837,-11.6482
Apogon notatus,143.7712,-11.4488
Apogon notatus,143.6072,-11.7668
Apogon notatus,134.8166667,33.84166667
Apogon notatus,130.993056,30.527778
Apogon notatus,133.5052778,33.46888889
Apogon notatus,143.5635,-11.6502
Apogon notatus,139.335831,35.139845
Apogon notatus,130.683333,31.083333
Apogon notatus,129.659722,28.508056
Apogon notatus,126.9339167,33.46053056
Apogon notatus,143.4895,-11.621
Apogon notatus,143.554,-11.6122
Apogon notatus,136.2,33.94
Apogon notatus,130.183056,31.418889
Apogon notatus,143.4635,-11.7127
Apogon notatus,143.59,-11.7708
Apogon notatus,129.063611,33.186667
Apogon notatus,130.983333,30.731944
Apogon notatus,143.4872,-11.7144
Apogon notatus,143.5632,-11.6102
Apogon notatus,143.5793,-11.7685
Apogon notatus,143.7414,-11.4313
Apogon notatus,123.333333,11.083333
Apogon notatus,121.910003662,25.1100006104
Apogon notatus,143.5623,-11.6537
Apogon notatus,143.5345,-11.6513
Apogon notatus,128.4,27.03333333
Apogon notatus,143.6703,-11.7073
Apogon notatus,131.1005556,31.30333333
Apogon notatus,116.7,20.701
Apogon notatus,130.525278,31.526389000000002
Apogon notatus,143.5118,-11.6512
Apogon notatus,143.6798,-11.5883
Apogon notatus,143.7797,-11.445
Apogon notatus,143.6068,-11.5605
Apogon notatus,130.1825,31.41944444
Apogon notatus,143.5798,-11.7772
Apogon notatus,130.183333,31.416667
Apogon notatus,133.4552778,33.43194444
Apogon notatus,143.625,-11.5671
Apogon notatus,143.555,-11.6447
Apogon notatus,130.71,31.607222
Apogon notatus,143.5662,-11.5513
Apogon notatus,143.5643,-11.7783
Apogon notatus,143.5665,-11.5565
Apogon notatus,143.5603,-11.7765
Apogon notatus,143.5485,-11.55
Apogon notatus,126.2411111,33.21888889
Apogon notatus,139.142714,35.154053
Apogon notatus,143.5818,-11.645
Apogon notatus,130.565278,31.564167
Apogon notatus,143.5503,-11.6465
Apogon notatus,143.5792,-11.7718
Apogon notatus,143.5619,-11.7689
Apogon notatus,143.4802,-11.6995
Apogon notatus,131.0833333,31.28333333
Apogon notatus,143.4635,-11.698
Apogon notatus,143.5333,-11.9167
Apogon notatus,143.4692,-11.7092
Apogon notatus,143.6068,-11.5567
Apogon notatus,126.5166667,33.23652778
Apogon notatus,143.4877,-11.618
Apogon notatus,129.061389,33.186389
Apogon notatus,143.6105,-11.5178
