species,decimalLongitude,decimalLatitude
Apogon semilineatus,115.7666667,-20.2
Apogon semilineatus,116.1912,-20.0995
Apogon semilineatus,116.147,-19.70767
Apogon semilineatus,116.69183,-19.44633
Apogon semilineatus,116.0387,-20.2032
Apogon semilineatus,117.4547,-20.042
Apogon semilineatus,118.4975,-18.96333
Apogon semilineatus,118.2255,-19.6768
Apogon semilineatus,118.1525,-18.96333
Apogon semilineatus,116.1637,-19.6933
Apogon semilineatus,115.9453,-20.6198
Apogon semilineatus,117.84084,-18.9025
Apogon semilineatus,117.286,-19.8607
Apogon semilineatus,117.9625,-19.8175
Apogon semilineatus,153.53333,-27.1
Apogon semilineatus,118.13720000000001,-19.294
Apogon semilineatus,115.96667,-19.90833
Apogon semilineatus,118.31667,-19.49166
Apogon semilineatus,117.3022,-19.7772
Apogon semilineatus,117.843,-19.7027
Apogon semilineatus,118.683,-19.2
Apogon semilineatus,117.3945,-20.1828
Apogon semilineatus,117.3167,-19.873
Apogon semilineatus,116.71,-19.49416
Apogon semilineatus,117.86667,-19.53333
Apogon semilineatus,119.05,-18.96667
Apogon semilineatus,116.205,-20.0897
Apogon semilineatus,116.26667,-20.38333
Apogon semilineatus,118.4275,-19.58666
Apogon semilineatus,117.10083,-19.875
Apogon semilineatus,115.95,-20.05
Apogon semilineatus,116.0143,-20.5713
Apogon semilineatus,118.55,-18.88333
Apogon semilineatus,118.95667,-19.095
Apogon semilineatus,121.39167,-17.61666
Apogon semilineatus,115.8,-20.05
Apogon semilineatus,121.03183,-16.74017
Apogon semilineatus,115.95,-20.225
Apogon semilineatus,119.05,-18.9666
Apogon semilineatus,121.44167,-17.55833
Apogon semilineatus,118.5,-18.4
Apogon semilineatus,118.18083,-18.56583
Apogon semilineatus,116.17016,-20.10766
Apogon semilineatus,117.02917,-19.655
Apogon semilineatus,115.79167,-20.23333
Apogon semilineatus,118.35833,-18.93333
Apogon semilineatus,118.1477,-19.4313
Apogon semilineatus,117.6025,-19.18333
Apogon semilineatus,113.638598575259,-25.9522459340334
Apogon semilineatus,117.83799,-19.70533
Apogon semilineatus,116.9975,-19.98333
Apogon semilineatus,122.77,-15.244
Apogon semilineatus,115.7075,-20.63083
Apogon semilineatus,113.27528,-24.9825
Apogon semilineatus,115.9,-20.23333
Apogon semilineatus,153.21667,-26.75
Apogon semilineatus,113.33333,-24.16667
Apogon semilineatus,117.7312,-19.3608
Apogon semilineatus,153.533333,-27.1
Apogon semilineatus,121.03183,-16.74016
Apogon semilineatus,115.76666666666667,-20.2
Apogon semilineatus,118.43083,-18.90916
Apogon semilineatus,113.37083,-25.21194
Apogon semilineatus,116.3438,-19.6792
Apogon semilineatus,116.51667,-19.43333
Apogon semilineatus,118.4375,-18.87917
Apogon semilineatus,121.19167,-17.89166
Apogon semilineatus,118.15,-19.01667
Apogon semilineatus,116.425,-20.26417
Apogon semilineatus,118.36667,-19.23333
Apogon semilineatus,118.3775,-18.68916
Apogon semilineatus,116.6488,-19.7972
Apogon semilineatus,117.82083,-19.75333
Apogon semilineatus,118.4,-19.475
Apogon semilineatus,113.42541,-23.37787
Apogon semilineatus,118.35,-18.93333
Apogon semilineatus,114.907,-20.98467
Apogon semilineatus,119.417,-19.017
Apogon semilineatus,119.11667,-18.95
Apogon semilineatus,118.38334,-19.475
Apogon semilineatus,116.49833,-19.51917
Apogon semilineatus,117.25417,-19.87667
Apogon semilineatus,116.1527,-19.8582
Apogon semilineatus,118.64834,-18.9725
Apogon semilineatus,113.837,-21.97817
Apogon semilineatus,153.216667,-26.75
