species,decimalLongitude,decimalLatitude
Apogon crassiceps,116.83333,-20.35
Apogon crassiceps,118.983,-17.533
Apogon crassiceps,153.58333,-28.2
Apogon crassiceps,153.41666,-27.46667
Apogon crassiceps,116.283,-19.95
Apogon crassiceps,153.485,-26.98
Apogon crassiceps,153.36667,-27.16667
Apogon crassiceps,153.43333,-27.93333
Apogon crassiceps,153.55,-27.416667
Apogon crassiceps,113.966,-21.933
Apogon crassiceps,113.83941818,-22.23723118
Apogon crassiceps,153.35,-27.11666
Apogon crassiceps,119.358,-17.2833
Apogon crassiceps,123.35305,-15.71111
Apogon crassiceps,153.481667,-26.978333
Apogon crassiceps,153.583333,-28.2
Apogon crassiceps,116.76666,-20.4
Apogon crassiceps,153.485,-27.976667
Apogon crassiceps,153.55,-27.41667
Apogon crassiceps,151.266,-33.833
Apogon crassiceps,153.483333,-26.966667
Apogon crassiceps,116.66667,-20.43333
Apogon crassiceps,153.433333,-27.933333
Apogon crassiceps,153.533333,-27.4
Apogon crassiceps,153.55,-28.16667
Apogon crassiceps,153.55,-28.166667
Apogon crassiceps,119.583,-17.083
Apogon crassiceps,115.567,-20.4
Apogon crassiceps,151.266,-33.8
Apogon crassiceps,153.366667,-27.166667
Apogon crassiceps,153.485,-27.97666
Apogon crassiceps,105.666,-10.5
Apogon crassiceps,119.333,-17.333
Apogon crassiceps,151.266,-33.85
Apogon crassiceps,123.37167,-15.615
Apogon crassiceps,151.27132,-33.84716
Apogon crassiceps,153.416667,-27.466667
Apogon crassiceps,153.48166,-26.97833
Apogon crassiceps,153.53333,-27.4
Apogon crassiceps,153.35,-27.116667
Apogon crassiceps,153.48333,-26.96667
Apogon crassiceps,153.55,-27.4
Apogon crassiceps,123.14472,-15.67888
Apogon crassiceps,153.516667,-27.4
Apogon crassiceps,153.51667,-27.4
