species,decimalLongitude,decimalLatitude
Apogon indicus,43.248641,-11.696886
Apogon indicus,129.376111,28.109444
Apogon indicus,128.405278,27.049167
Apogon indicus,166.07611084,-10.2141666412
Apogon indicus,178.400333,-18.163917
Apogon indicus,57.2944450378,-20.4361114502
Apogon indicus,131.036389,30.826667
Apogon indicus,128.408056,27.031667
Apogon indicus,178.399567,-18.159083
Apogon indicus,121.900001526,20.8999996185
Apogon indicus,128.411944,27.049167
Apogon indicus,169.006393433,-18.8274993896
Apogon indicus,120.255,11.8178
Apogon indicus,178.399333,-18.159833
Apogon indicus,56.5999984741,-10.3000001907
Apogon indicus,165.800003052,-10.8249998093
Apogon indicus,-144.326,-27.6503
Apogon indicus,129.162222,28.230556
Apogon indicus,-144.330001831,-27.6480007172
Apogon indicus,130.957222,30.368056
Apogon indicus,32.666667,-27.540278
Apogon indicus,128.417222,27.061111
Apogon indicus,129.850833,29.836944
Apogon indicus,166.295833333,-21.6388888889
Apogon indicus,169.39944458,-19.4727783203
Apogon indicus,168.470550537,-16.8383331299
Apogon indicus,-174.101,-18.6819
Apogon indicus,129.844167,29.841389
Apogon indicus,177.083328247,-12.5
Apogon indicus,166.295837402,-21.6388893127
Apogon indicus,-179.945717,-16.839833
Apogon indicus,124.124167,24.468056
Apogon indicus,128.440556,27.020278
Apogon indicus,72.2033309937,-5.35138893127
Apogon indicus,-144.33,-27.6481
Apogon indicus,129.912778,29.991111
Apogon indicus,128.4,27.016667
Apogon indicus,166.2958333,-21.63888889
Apogon indicus,-170.564297,-14.270322
Apogon indicus,43.228542,-11.73104
Apogon indicus,-174.067,-18.6397
Apogon indicus,177.100006104,-12.5
Apogon indicus,129.176944,28.225278
Apogon indicus,-171.512382,-13.940372
Apogon indicus,167.158340454,-9.89999961853
Apogon indicus,57.29444,-20.43611
Apogon indicus,108.958333,10.4875
Apogon indicus,-144.326385498,-27.6502780914
Apogon indicus,179.360083,-17.2736
Apogon indicus,-179.14125,-17.248167
Apogon indicus,145.715608,15.209667
Apogon indicus,130.379722,30.393056
Apogon indicus,165.791671753,-10.6999998093
Apogon indicus,121.96333313,20.418888092
Apogon indicus,-174.947219849,-21.4291667938
Apogon indicus,-174.101394653,-18.6819438934
Apogon indicus,-174.066665649,-18.6397228241
Apogon indicus,72.2033333333,-5.35138888889
Apogon indicus,165.08833313,-9.79833316803
Apogon indicus,167.158340454,-9.80000019073
Apogon indicus,128.893889,27.783333
Apogon indicus,-170.608108,-14.280006
Apogon indicus,169.4972229,-19.5258331299
Apogon indicus,39.9286117554,-6.90138912201
Apogon indicus,72.20333333,-5.351388889
Apogon indicus,-170.588338,-14.258568
Apogon indicus,179.08815,-16.238167
Apogon indicus,165.290838295057,-20.5800085674362
Apogon indicus,131.249444,25.873611
Apogon indicus,-178.25,-19.7999992371
Apogon indicus,-174.947,-21.4292
Apogon indicus,121.91722106900001,20.4125003815
Apogon indicus,131.265833,25.870278
Apogon indicus,122,20.3999996185
Apogon indicus,-174.383056641,-19.2800006866
Apogon indicus,134.446389,7.218056
Apogon indicus,130.948056,30.627778
Apogon indicus,135.75,33.43
Apogon indicus,165.800003052,-10.8083333969
Apogon indicus,167.53666687,-13.8736114502
Apogon indicus,130.001944,28.366944
Apogon indicus,128.4,27.035833
