species,decimalLongitude,decimalLatitude
Apristurus microps,18.1900005341,-34.4700012207
Apristurus microps,-13.9188,53.9457
Apristurus microps,23.5116996765,-35.1467018127
Apristurus microps,19.5499992371,-35.9667015076
Apristurus microps,-12.8143,54.1308
Apristurus microps,-8.30000019073,47.516998291
Apristurus microps,16.8649997711,-33.4832992554
Apristurus microps,-69.75,39.7999992371
Apristurus microps,14.3400001526,-30.1000003815
Apristurus microps,19.3666992188,-35.9333000183
Apristurus microps,168.75,-25.067
Apristurus microps,-13.9985,53.9965
Apristurus microps,15.0832996368,-30.5666999817
Apristurus microps,14.5666999817,-30.1667003632
Apristurus microps,-10.107,55.309
Apristurus microps,-13.8257,54.0292
Apristurus microps,24.1000003815,-35.0167007446
Apristurus microps,23.5167007446,-35.1500015259
Apristurus microps,-14.733300209,60.3417015076
Apristurus microps,16.0832996368,-32.0499992371
Apristurus microps,17.2199993134,-33.7200012207
Apristurus microps,16.8666992188,-33.4832992554
Apristurus microps,17.4333000183,-33.6666984558
Apristurus microps,23.1000003815,-35.0999984741
Apristurus microps,-9.343,56.8682
Apristurus microps,16.3999996185,-32.5167007446
Apristurus microps,24.0167007446,-35.0332984924
Apristurus microps,18.3166999817,-34.7832984924
Apristurus microps,-10.5388,54.9388
Apristurus microps,19.2000007629,-35.7332992554
Apristurus microps,15.5,-31.1333007812
Apristurus microps,15.2299995422,-29.5599994659
Apristurus microps,-48.1333007812,45.2667007446
Apristurus microps,32.5367012024,-28.6049995422
Apristurus microps,-14.7333333333333,60.35
Apristurus microps,17.2217006683,-33.7200012207
Apristurus microps,15.1016998291,-30.6483001709
Apristurus microps,16.4367008209,-32.6183013916
Apristurus microps,93.41,12.4395
Apristurus microps,14.7700004578,-30.4899997711
Apristurus microps,18.2000007629,-34.9166984558
Apristurus microps,24.0216999054,-35.0349998474
Apristurus microps,-11.483300209,57.3833007812
Apristurus microps,14.5200004578,-30.2700004578
Apristurus microps,15.936666,-31.996666
Apristurus microps,16.6000003815,-32.7667007446
Apristurus microps,17.1166992188,-33.5999984741
Apristurus microps,18.0499992371,-34.7832984924
Apristurus microps,-9.7018,56.8018
Apristurus microps,17.0333003998,-33.4333000183
Apristurus microps,25.25,-34.6166992188
Apristurus microps,18.2166996002,-34.9832992554
Apristurus microps,24.0599994659,-35.0099983215
Apristurus microps,15.6000003815,-31.25
Apristurus microps,16.0499992371,-32.0299987793
Apristurus microps,18.2000007629,-34.9333000183
Apristurus microps,15.0799999237,-30.5699996948
Apristurus microps,17.6667003632,-34.4000015259
Apristurus microps,15.7166996002,-31.5832996368
Apristurus microps,14.779999733,-30.5
Apristurus microps,25.1499996185,-34.3699989319
Apristurus microps,15.1000003815,-30.6499996185
Apristurus microps,19.203333,-35.740002
Apristurus microps,17.2166996002,-33.8166999817
Apristurus microps,-48.2332992554,45.2832984924
Apristurus microps,15.2166996002,-30.7000007629
Apristurus microps,14.516699791,-30.2733001709
Apristurus microps,17.285,-33.76333
Apristurus microps,17.6833000183,-34.4333000183
Apristurus microps,15.0799999237,-29.4699993134
Apristurus microps,-48.3166999817,45.5
Apristurus microps,54.36,-6.23
Apristurus microps,14.5500001907,-30.1667003632
Apristurus microps,17.2849998474,-33.7633018494
Apristurus microps,14.2132997513,-28.0699996948
Apristurus microps,18.6499996185,-35.2832984924
Apristurus microps,16.2999992371,-32.4166984558
Apristurus microps,18.1000003815,-34.7832984924
Apristurus microps,16.2332992554,-32.4000015259
Apristurus microps,-8.3,47.517
Apristurus microps,23.1667003632,-35.1666984558
Apristurus microps,17.3833007812,-33.6500015259
Apristurus microps,17.7516994476,-34.4916992188
Apristurus microps,80.15,10.96666667
Apristurus microps,168,-24.017
Apristurus microps,16.2567005157,-32.4432983398
Apristurus microps,14.7733001709,-30.4932994843
Apristurus microps,14.7833003998,-30.4950008392
Apristurus microps,15.9333000183,-32
Apristurus microps,168.933,-25.317
