species,decimalLongitude,decimalLatitude
Apristurus platyrhynchus,150.86599,-35.45616
Apristurus platyrhynchus,152.2,-33.433
Apristurus platyrhynchus,153.15,-32.15
Apristurus platyrhynchus,150.852,-35.5052
Apristurus platyrhynchus,151.933,-33.75833
Apristurus platyrhynchus,151.23333,-34.93333
Apristurus platyrhynchus,152.183,-33.533
Apristurus platyrhynchus,152.6,-33.05
Apristurus platyrhynchus,151.283004761,-34.8499984741
Apristurus platyrhynchus,152.567,-33.067
Apristurus platyrhynchus,152.167,-33.5
Apristurus platyrhynchus,152.1,-33.6
Apristurus platyrhynchus,152.167,-33.433
Apristurus platyrhynchus,113.683,-29.083
Apristurus platyrhynchus,152.10833,-33.633
Apristurus platyrhynchus,152.767,-32.933
Apristurus platyrhynchus,151.317,-34.617
Apristurus platyrhynchus,152.1,-33.55
Apristurus platyrhynchus,153.16701,-32.067
Apristurus platyrhynchus,153.15,-32.067
Apristurus platyrhynchus,152.1,-33.617
Apristurus platyrhynchus,151.233,-34.917
Apristurus platyrhynchus,152.7,-32.967
Apristurus platyrhynchus,152.983,-32.55
Apristurus platyrhynchus,152.166,-33.433
Apristurus platyrhynchus,152.75,-32.917
Apristurus platyrhynchus,152.017,-33.75
Apristurus platyrhynchus,150.917,-35.45
Apristurus platyrhynchus,151.23333,-34.91667
Apristurus platyrhynchus,152.75,-32.9
Apristurus platyrhynchus,151.983,-33.783
Apristurus platyrhynchus,151.233,-34.9
Apristurus platyrhynchus,154.067,-28.05
Apristurus platyrhynchus,151.983,-33.7
Apristurus platyrhynchus,151.317,-34.6
Apristurus platyrhynchus,152.2,-33.45
Apristurus platyrhynchus,113.77084,-29.35166
Apristurus platyrhynchus,152.05,-33.533
Apristurus platyrhynchus,151.25,-34.917
Apristurus platyrhynchus,153.167007446,-32.0670013428
Apristurus platyrhynchus,152.15,-33.483
Apristurus platyrhynchus,152.017,-33.567
Apristurus platyrhynchus,152,-33.683
Apristurus platyrhynchus,151.95,-33.833
Apristurus platyrhynchus,152.133,-33.5
Apristurus platyrhynchus,152.016,-33.566
Apristurus platyrhynchus,152.667,-32.933
Apristurus platyrhynchus,151.55,-34.317
Apristurus platyrhynchus,151.933,-33.75
Apristurus platyrhynchus,152.783,-32.8
Apristurus platyrhynchus,150.87317,-35.4605
Apristurus platyrhynchus,152.1,-33.483
Apristurus platyrhynchus,151.233,-34.883
Apristurus platyrhynchus,150.95,-35.367
Apristurus platyrhynchus,151.35,-34.6
Apristurus platyrhynchus,152,-33.733
Apristurus platyrhynchus,153.017,-32.367
Apristurus platyrhynchus,152.833,-32.667
Apristurus platyrhynchus,151.97499,-33.70833
Apristurus platyrhynchus,152,-33.75
Apristurus platyrhynchus,151.283,-34.85
Apristurus platyrhynchus,152.15,-33.5
Apristurus platyrhynchus,151.15,-35.033
Apristurus platyrhynchus,152.067,-33.617
Apristurus platyrhynchus,151.233,-34.767
Apristurus platyrhynchus,152.717,-32.883
Apristurus platyrhynchus,151.233,-34.867
Apristurus platyrhynchus,150.35833,-37.65833
Apristurus platyrhynchus,153.133,-32.067
Apristurus platyrhynchus,112.91899,-28.50249
Apristurus platyrhynchus,152.05,-33.54166
Apristurus platyrhynchus,152.083,-33.5
Apristurus platyrhynchus,151.25,-34.817
Apristurus platyrhynchus,153.15,-32.1
Apristurus platyrhynchus,153.149993896,-32.033000946
Apristurus platyrhynchus,151.25,-34.85
Apristurus platyrhynchus,152.817,-32.85
Apristurus platyrhynchus,152,-33.7
Apristurus platyrhynchus,151.267,-34.8
Apristurus platyrhynchus,150.87316,-35.46049
Apristurus platyrhynchus,112.919,-28.5025
Apristurus platyrhynchus,152.083,-33.633
Apristurus platyrhynchus,151.32499,-34.60833
Apristurus platyrhynchus,152.05,-33.7
Apristurus platyrhynchus,151.85,-33.867
Apristurus platyrhynchus,150.85,-35.483
Apristurus platyrhynchus,152.45,-33.183
Apristurus platyrhynchus,152.033,-33.583
Apristurus platyrhynchus,152.033,-33.633
Apristurus platyrhynchus,151.233,-34.933
Apristurus platyrhynchus,152.733,-32.917
Apristurus platyrhynchus,152.7,-32.95
Apristurus platyrhynchus,151.25,-34.883
Apristurus platyrhynchus,150.85,-35.467
Apristurus platyrhynchus,118.15,-18.05
Apristurus platyrhynchus,151.933,-33.8
Apristurus platyrhynchus,153.15,-32.05
Apristurus platyrhynchus,151.216,-34.933
Apristurus platyrhynchus,152.2,-33.5
Apristurus platyrhynchus,152.417,-33.2
Apristurus platyrhynchus,150.9,-35.467
Apristurus platyrhynchus,151.217,-34.933
Apristurus platyrhynchus,150.833,-35.516
Apristurus platyrhynchus,152.833,-32.817
Apristurus platyrhynchus,151.21667,-34.93333
Apristurus platyrhynchus,152.017,-33.717
Apristurus platyrhynchus,152.767,-32.883
Apristurus platyrhynchus,152.133,-33.483
Apristurus platyrhynchus,151.94166,-33.74166
Apristurus platyrhynchus,150.867,-35.5
Apristurus platyrhynchus,152.75,-32.933
Apristurus platyrhynchus,152.033,-33.55
Apristurus platyrhynchus,151.25,-34.867
Apristurus platyrhynchus,153.15,-32.117
Apristurus platyrhynchus,152.117,-33.533
Apristurus platyrhynchus,151.233,-34.85
Apristurus platyrhynchus,150.867,-35.467
Apristurus platyrhynchus,151.95,-33.633
Apristurus platyrhynchus,151.233,-34.916
Apristurus platyrhynchus,152.167,-33.533
Apristurus platyrhynchus,153,-32.4
Apristurus platyrhynchus,152.2,-33.483
Apristurus platyrhynchus,153.1,-32.2
Apristurus platyrhynchus,151.35,-34.583
Apristurus platyrhynchus,152,-32
Apristurus platyrhynchus,152.1,-33.533
Apristurus platyrhynchus,152.05,-33.6
Apristurus platyrhynchus,152.15,-33.533
Apristurus platyrhynchus,151.283,-34.783
Apristurus platyrhynchus,152.183,-33.517
Apristurus platyrhynchus,152.683,-32.917
Apristurus platyrhynchus,150.866,-35.45617
Apristurus platyrhynchus,151.917,-33.783
Apristurus platyrhynchus,113.68333,-29.08333
Apristurus platyrhynchus,152,-33.717
Apristurus platyrhynchus,151.217,-34.883
Apristurus platyrhynchus,151.217,-34.9
Apristurus platyrhynchus,151.916,-33.783
Apristurus platyrhynchus,152.867,-32.65
Apristurus platyrhynchus,154.066,-28.05
Apristurus platyrhynchus,153.596,-30.099
Apristurus platyrhynchus,151.967,-33.75
Apristurus platyrhynchus,153.14999,-32.033
Apristurus platyrhynchus,150.35,-37.65
Apristurus platyrhynchus,153.05,-32.367
