species,decimalLongitude,decimalLatitude
Apristurus ampliceps,144.61833,-42.305
Apristurus ampliceps,152.2,-33.483
Apristurus ampliceps,151.266,-34.916
Apristurus ampliceps,142.15583,-38.95417
Apristurus ampliceps,144.5916,-42.1883
Apristurus ampliceps,144.59167,-42.18833
Apristurus ampliceps,143.96667,-41.2675
Apristurus ampliceps,152.216,-33.466
Apristurus ampliceps,152.05,-33.717
Apristurus ampliceps,143.96666,-41.26749
Apristurus ampliceps,138.5815,-37.35233
Apristurus ampliceps,143.675,-40.9283
Apristurus ampliceps,143.675,-40.92833
Apristurus ampliceps,150.917,-35.45
Apristurus ampliceps,152.217,-33.467
Apristurus ampliceps,144.50016,-41.96416
Apristurus ampliceps,114.1283,-34.2133
Apristurus ampliceps,134.109,-35.15267
Apristurus ampliceps,144.37183,-41.829
Apristurus ampliceps,134.109,-35.16745
Apristurus ampliceps,114.12833,-34.21333
Apristurus ampliceps,144.6183,-42.305
Apristurus ampliceps,144.37183,-41.82899
Apristurus ampliceps,151.267,-34.917
Apristurus ampliceps,142.15583,-38.95416
Apristurus ampliceps,138.58149,-37.35233
Apristurus ampliceps,144.50017,-41.96417
