species,decimalLongitude,decimalLatitude
Aprion virescens,113.91,-21.96
Aprion virescens,113.9,-21.99
Aprion virescens,113.91,-21.97
Aprion virescens,115.6167,-20.4333
Aprion virescens,114.36463,-21.63458
Aprion virescens,113.9,-21.98
Aprion virescens,118.97533,-17.54
Aprion virescens,153.433,-29.983
Aprion virescens,114.14411,-21.79224
Aprion virescens,114.37354,-21.62827
Aprion virescens,113.91,-21.98
Aprion virescens,115.23085,-20.24454
Aprion virescens,115.33427,-20.373
Aprion virescens,118.96666,-17.63416
Aprion virescens,153.55,-30.05
Aprion virescens,114.66246,-21.57197
Aprion virescens,153.466,-30.116
Aprion virescens,153.383,-30.983
Aprion virescens,113.75168,-22.36148
Aprion virescens,153.366,-31
Aprion virescens,114.62272,-21.59112
Aprion virescens,153.85,-28.983
Aprion virescens,114.31174,-21.59517
Aprion virescens,118.88866,-17.585
Aprion virescens,115.33246,-20.372
Aprion virescens,114.65133,-21.589
Aprion virescens,114.60893,-21.59873
Aprion virescens,153.55,-29.983
Aprion virescens,119.326,-17.265
Aprion virescens,153.083,-31.983
Aprion virescens,118.8865,-17.59333
Aprion virescens,118.91533,-17.53816
Aprion virescens,118.97433,-17.5335
Aprion virescens,115.35737,-20.219
Aprion virescens,118.91133,-17.54566
Aprion virescens,114.70082,-21.56164
Aprion virescens,113.5527,-22.7173
Aprion virescens,153.166,-31.983
Aprion virescens,118.88483,-17.59983
Aprion virescens,115.51762,-20.21921
Aprion virescens,115.52588,-20.22376
Aprion virescens,118.975,-17.5375
Aprion virescens,153.45,-27.016667
Aprion virescens,115.30622,-20.331
Aprion virescens,118.97583,-17.55
Aprion virescens,113.5522,-22.7281
Aprion virescens,114.32933,-21.67213
Aprion virescens,153.783,-28.983
Aprion virescens,115.18575,-20.62484
Aprion virescens,114.38937,-21.61864
Aprion virescens,113.5503,-22.7345
Aprion virescens,119.32783,-17.261
Aprion virescens,153.083,-31.016
Aprion virescens,113.5138,-22.7461
Aprion virescens,153.166,-30.983
Aprion virescens,114.67774,-21.56563
Aprion virescens,119.31933,-17.28033
Aprion virescens,114.16396,-21.77646
Aprion virescens,119.377,-17.27733
Aprion virescens,113.74278,-22.3787
Aprion virescens,151.33833,-33.74033
Aprion virescens,113.92,-21.89
Aprion virescens,119.3295,-17.382
Aprion virescens,113.93,-21.9
Aprion virescens,114.62079,-21.58948
Aprion virescens,114.14131,-21.79397
Aprion virescens,113.5445,-22.7519
Aprion virescens,153.5,-27.033333
Aprion virescens,153.666,-28.966
Aprion virescens,153.6,-27.983
Aprion virescens,119.327,-17.37816
Aprion virescens,115.42453,-20.396
Aprion virescens,115.33145,-20.216
Aprion virescens,118.91733,-17.5335
Aprion virescens,153.25,-30.983
Aprion virescens,118.91866,-17.52733
Aprion virescens,114.33933,-21.6625
Aprion virescens,153.566,-30.016
Aprion virescens,114.88738,-21.48864
Aprion virescens,114.10472,-21.79931
Aprion virescens,113.75258,-22.87565
Aprion virescens,119.38583,-17.35366
Aprion virescens,115.48192,-20.408
Aprion virescens,113.58157,-22.69621
Aprion virescens,119.33616,-17.38816
Aprion virescens,114.18584,-21.63754
Aprion virescens,118.97533,-17.55566
Aprion virescens,115.17875,-20.60971
Aprion virescens,119.38583,-17.35816
Aprion virescens,114.21556,-21.62382
Aprion virescens,118.97583,-17.54333
Aprion virescens,114.11116,-21.79682
Aprion virescens,118.895,-17.63516
Aprion virescens,115.32552,-20.175
Aprion virescens,118.92166,-17.52166
Aprion virescens,115.46988,-20.255
Aprion virescens,114.30074,-21.70194
Aprion virescens,118.97833,-17.60933
Aprion virescens,114.25535,-21.60979
Aprion virescens,118.89866,-17.6425
Aprion virescens,153.316,-31.016
Aprion virescens,118.97633,-17.52766
Aprion virescens,114.36055,-21.63742
Aprion virescens,153.8,-27.983
Aprion virescens,114.29748,-21.72141
Aprion virescens,113.91,-21.99
Aprion virescens,118.88833,-17.58933
Aprion virescens,118.973,-17.528
Aprion virescens,115.33322,-20.199
Aprion virescens,114.70795,-21.56058
Aprion virescens,115.22479,-20.25887
Aprion virescens,119.38566,-17.33966
Aprion virescens,118.97288,-17.61697
Aprion virescens,151.42016,-33.74033
Aprion virescens,113.36102,-23.95859
Aprion virescens,118.89283,-17.63166
Aprion virescens,114.75697,-21.54259
Aprion virescens,115.30709,-20.352
Aprion virescens,114.38333,-21.66667
Aprion virescens,118.97433,-17.53766
Aprion virescens,119.376,-17.27483
Aprion virescens,153.8,-28
Aprion virescens,118.91366,-17.54216
Aprion virescens,153.5,-27.03333
Aprion virescens,153.2,-31.983
Aprion virescens,119.322,-17.27466
Aprion virescens,114.19267,-21.81253
Aprion virescens,119.36532,-17.25985
Aprion virescens,115.23157,-20.24853
Aprion virescens,153.45,-27.01667
Aprion virescens,115.4004,-20.2
Aprion virescens,119.33983,-17.3915
Aprion virescens,114.15549,-21.78084
Aprion virescens,113.77252,-23.336
Aprion virescens,113.74807,-22.36794
Aprion virescens,113.6614,-22.72795
Aprion virescens,114.77314,-21.51437
Aprion virescens,113.71884,-22.41888
Aprion virescens,119.37376,-17.27058
Aprion virescens,119.3654,-17.3947
Aprion virescens,114.14655,-21.78971
Aprion virescens,114.33823,-21.66335
Aprion virescens,115.49209,-20.38344
Aprion virescens,113.76014,-23.24512
Aprion virescens,115.46059,-20.249
Aprion virescens,119.32383,-17.27033
Aprion virescens,114.39768,-21.62155
