species,decimalLongitude,decimalLatitude
Apterichtus klazingai,178.485,-18.7383333333
Apterichtus klazingai,178.485,-18.73833333
Apterichtus klazingai,31.5,-29.216667
Apterichtus klazingai,108.2863889,10.93538889
Apterichtus klazingai,72.7417,4.1
Apterichtus klazingai,43.261681,-11.655118
Apterichtus klazingai,165.290838295057,-20.5800085674362
Apterichtus klazingai,43.254722,-11.625939
Apterichtus klazingai,-179.945717,-16.839833
Apterichtus klazingai,43.265999,-11.559908
Apterichtus klazingai,178.48500061,-18.7383327484
Apterichtus klazingai,163.098773,-18.488372
Apterichtus klazingai,-176.21,-13.3875
Apterichtus klazingai,55.53,-21.26
Apterichtus klazingai,55.230556,-20.615278
Apterichtus klazingai,169.00633,-18.82666
Apterichtus klazingai,179.373917,-17.35435
Apterichtus klazingai,178.670283,-17.57685
Apterichtus klazingai,158.630004882812,-19.8999996185303
Apterichtus klazingai,55.6,-20.867
Apterichtus klazingai,55.230556488,-20.615278244
Apterichtus klazingai,55.5999984741,-20.8670005798
Apterichtus klazingai,-140.1,-8.933
Apterichtus klazingai,31,-29.85
