species,decimalLongitude,decimalLatitude
Aptychotrema rostrata,152.45605,-32.60397
Aptychotrema rostrata,152.5042,-32.57783
Aptychotrema rostrata,153.38333,-29.35
Aptychotrema rostrata,151.233,-32.75
Aptychotrema rostrata,152.783,-32.3
Aptychotrema rostrata,152.7,-32.333
Aptychotrema rostrata,152.55205,-32.5231
Aptychotrema rostrata,153.483,-29.3
Aptychotrema rostrata,153.383,-29.383
Aptychotrema rostrata,150.674,-35.0591
Aptychotrema rostrata,153.567,-28.583
Aptychotrema rostrata,153.4,-29.3
Aptychotrema rostrata,153.66567,-27.97833
Aptychotrema rostrata,151.983,-32.8
Aptychotrema rostrata,151.733,-33.067
Aptychotrema rostrata,151.59,-33.3833
Aptychotrema rostrata,153.506,-27.04933
Aptychotrema rostrata,151.933,-33.1
Aptychotrema rostrata,152.59913,-32.44565
Aptychotrema rostrata,152.6,-32.167
Aptychotrema rostrata,151.733,-33.1
Aptychotrema rostrata,152.517,-32.133
Aptychotrema rostrata,153.383,-29.4
Aptychotrema rostrata,151.283,-33.9
Aptychotrema rostrata,153.633,-29.82499
Aptychotrema rostrata,151.717,-33.067
Aptychotrema rostrata,152.217,-32.767
Aptychotrema rostrata,151.883,-32.85
Aptychotrema rostrata,138.53,-34.97
Aptychotrema rostrata,151.983,-32.917
Aptychotrema rostrata,153.483,-29.35
Aptychotrema rostrata,151.467,-33.6
Aptychotrema rostrata,153.417,-29.55
Aptychotrema rostrata,153.6,-28.067
Aptychotrema rostrata,153.367,-29.317
Aptychotrema rostrata,150.717,-35.2
Aptychotrema rostrata,151.9,-32.85
Aptychotrema rostrata,151.817,-32.867
Aptychotrema rostrata,153.833,-28.017
Aptychotrema rostrata,151.533,-33.45
Aptychotrema rostrata,153.21667,-26.75
Aptychotrema rostrata,151.916,-32.916
Aptychotrema rostrata,153.25,-27.216667
Aptychotrema rostrata,151.467,-33.55
Aptychotrema rostrata,151.817,-32.883
Aptychotrema rostrata,151.5,-33.467
Aptychotrema rostrata,151.567,-33.433
Aptychotrema rostrata,151.90111,-32.83193
Aptychotrema rostrata,151.983,-32.867
Aptychotrema rostrata,151.283,-33.883
Aptychotrema rostrata,150.633,-35.217
Aptychotrema rostrata,151.867,-32.867
Aptychotrema rostrata,150.784,-35.0321
Aptychotrema rostrata,151.567,-33.4
Aptychotrema rostrata,150.417,-35.7
Aptychotrema rostrata,152.017,-33.033
Aptychotrema rostrata,151.933,-32.933
Aptychotrema rostrata,150.617,-35.217
Aptychotrema rostrata,152.266,-32.683
Aptychotrema rostrata,151.733,-33.05
Aptychotrema rostrata,151.4,-33.583
Aptychotrema rostrata,151.783,-32.983
Aptychotrema rostrata,153.466667,-28.116667
Aptychotrema rostrata,152.48152,-32.59225
Aptychotrema rostrata,151.567,-33.417
Aptychotrema rostrata,151.266,-33.85
Aptychotrema rostrata,151.717,-33.167
Aptychotrema rostrata,153.383,-29.367
Aptychotrema rostrata,151.917,-32.933
Aptychotrema rostrata,151.467,-33.617
Aptychotrema rostrata,153.36667,-27.11666
Aptychotrema rostrata,151.383,-33.533
Aptychotrema rostrata,153.52849,-27.14966
Aptychotrema rostrata,153.333,-29.633
Aptychotrema rostrata,150.678,-35.0252
Aptychotrema rostrata,153.25,-27.25
Aptychotrema rostrata,151.967,-32.917
Aptychotrema rostrata,153.583,-29.417
Aptychotrema rostrata,151.983,-33.033
Aptychotrema rostrata,151.583,-33.433
Aptychotrema rostrata,151.967,-32.867
Aptychotrema rostrata,152.26667,-32.68333
Aptychotrema rostrata,151.95,-33.083
Aptychotrema rostrata,150.695,-35.0133
Aptychotrema rostrata,153.567,-29.35
Aptychotrema rostrata,151.3,-33.75
Aptychotrema rostrata,153.4,-29.35
Aptychotrema rostrata,153,-31.667
Aptychotrema rostrata,151.75,-33.083
Aptychotrema rostrata,153.367,-29.4
Aptychotrema rostrata,153.416667,-27.966667
Aptychotrema rostrata,151.917,-33.083
Aptychotrema rostrata,153.40833,-30.35
Aptychotrema rostrata,152,-33.033
Aptychotrema rostrata,152.7,-32.383
Aptychotrema rostrata,151.85,-32.867
Aptychotrema rostrata,153.35,-29.85
Aptychotrema rostrata,152.58022,-32.50783
Aptychotrema rostrata,151.166,-33.833
Aptychotrema rostrata,151.483,-33.533
Aptychotrema rostrata,152.5832,-32.5065
Aptychotrema rostrata,151.6,-33.367
Aptychotrema rostrata,152.017,-32.867
Aptychotrema rostrata,152.59877,-32.44051
Aptychotrema rostrata,151.4,-33.6
Aptychotrema rostrata,151.4,-33.667
Aptychotrema rostrata,151.7,-33.183
Aptychotrema rostrata,153.50599,-27.04933
Aptychotrema rostrata,152.48637,-32.59555
Aptychotrema rostrata,151.45,-33.55
Aptychotrema rostrata,151.16941,-33.95775
Aptychotrema rostrata,151.617,-33.367
Aptychotrema rostrata,151.767,-33
Aptychotrema rostrata,151.733,-33.033
Aptychotrema rostrata,152.267,-32.8
Aptychotrema rostrata,151.467,-33.533
Aptychotrema rostrata,153.383,-29.417
Aptychotrema rostrata,153.667,-28.4
Aptychotrema rostrata,153.45,-29.333
Aptychotrema rostrata,151.717,-33.033
Aptychotrema rostrata,151.7,-33.067
Aptychotrema rostrata,151.95,-32.817
Aptychotrema rostrata,153.41666,-27.96667
Aptychotrema rostrata,153.583,-29.367
Aptychotrema rostrata,151.883,-32.867
Aptychotrema rostrata,153.35,-29.3
Aptychotrema rostrata,153.517,-29.233
Aptychotrema rostrata,153.21799,-26.76316
Aptychotrema rostrata,153.317,-29.817
Aptychotrema rostrata,151.417,-33.6
Aptychotrema rostrata,153.116667,-27.433333
Aptychotrema rostrata,151.59,-33.38333
Aptychotrema rostrata,150.7,-35.2
Aptychotrema rostrata,151.25,-33.966
Aptychotrema rostrata,151.617,-33.333
Aptychotrema rostrata,151.9,-32.867
Aptychotrema rostrata,153.218,-26.76317
Aptychotrema rostrata,150.683,-35.217
Aptychotrema rostrata,151.2,-34.25
Aptychotrema rostrata,152.267,-32.633
Aptychotrema rostrata,150.782,-35.0306
Aptychotrema rostrata,152.1,-32.883
Aptychotrema rostrata,151.767,-33.05
Aptychotrema rostrata,153.45,-29.25
Aptychotrema rostrata,138.45,-35.33
Aptychotrema rostrata,152,-32.883
Aptychotrema rostrata,152.58852,-32.48991
Aptychotrema rostrata,151.533,-33.467
Aptychotrema rostrata,151.567,-33.383
Aptychotrema rostrata,152.817,-31.933
Aptychotrema rostrata,153.733333,-27.966667
Aptychotrema rostrata,152.55016,-32.5212
Aptychotrema rostrata,152.61008,-32.44888
Aptychotrema rostrata,153.4,-29.283
Aptychotrema rostrata,153.133,-30.467
Aptychotrema rostrata,153.55,-29.4
Aptychotrema rostrata,153.5,-29.317
Aptychotrema rostrata,151.55,-33.45
Aptychotrema rostrata,151.483,-33.5
Aptychotrema rostrata,150.786,-35.0357
Aptychotrema rostrata,150.12001,-36.36167
Aptychotrema rostrata,151.85,-32.85
Aptychotrema rostrata,151.683,-33.117
Aptychotrema rostrata,150.673,-35.0641
Aptychotrema rostrata,153.15,-30.433
Aptychotrema rostrata,151.45,-33.533
Aptychotrema rostrata,152,-32.867
Aptychotrema rostrata,153.233333,-27.333333
Aptychotrema rostrata,153,-27.25
Aptychotrema rostrata,153.483,-29.267
Aptychotrema rostrata,150.75,-35.05
Aptychotrema rostrata,153.417,-29.283
Aptychotrema rostrata,151.95,-32.883
Aptychotrema rostrata,151.917,-32.9
Aptychotrema rostrata,152.45,-32.517
Aptychotrema rostrata,150.25,-35.733
Aptychotrema rostrata,153.417,-29.583
Aptychotrema rostrata,153.066,-30.883
Aptychotrema rostrata,151.983,-33.017
Aptychotrema rostrata,152.85,-31.917
Aptychotrema rostrata,151.5,-33.75
Aptychotrema rostrata,153.517,-29.283
Aptychotrema rostrata,151.45,-33.583
Aptychotrema rostrata,153.367,-29.383
Aptychotrema rostrata,153.033,-30.8
Aptychotrema rostrata,152.017,-33.017
Aptychotrema rostrata,153.383,-29.65
Aptychotrema rostrata,151.967,-32.883
Aptychotrema rostrata,150.733,-35.083
Aptychotrema rostrata,151.75,-33.05
Aptychotrema rostrata,153.433,-29.333
Aptychotrema rostrata,151.933,-32.9
Aptychotrema rostrata,150.786,-35.0384
Aptychotrema rostrata,151.917,-32.833
Aptychotrema rostrata,153.4,-29.633
Aptychotrema rostrata,151.917,-32.85
Aptychotrema rostrata,151.483,-33.617
Aptychotrema rostrata,152.233,-32.733
Aptychotrema rostrata,152.54643,-32.51973
Aptychotrema rostrata,153.417,-29.833
Aptychotrema rostrata,151.75,-33
Aptychotrema rostrata,153.6,-29.017
Aptychotrema rostrata,152.25,-32.75
Aptychotrema rostrata,151.767,-33.017
Aptychotrema rostrata,151.717,-33.133
Aptychotrema rostrata,153.6,-29.267
Aptychotrema rostrata,150.75,-35.083
Aptychotrema rostrata,152.52523,-32.57972
Aptychotrema rostrata,151.633,-33.333
Aptychotrema rostrata,150.689,-35.0165
Aptychotrema rostrata,153.467,-29.517
Aptychotrema rostrata,151.95,-32.833
Aptychotrema rostrata,153.417,-29.867
Aptychotrema rostrata,151.467,-33.65
Aptychotrema rostrata,151.7,-33.217
Aptychotrema rostrata,151.683,-33.2
Aptychotrema rostrata,150.746,-35.1368
Aptychotrema rostrata,152.49984,-32.57359
Aptychotrema rostrata,153.417,-29.533
Aptychotrema rostrata,151.967,-33.033
Aptychotrema rostrata,153.45,-29.8
Aptychotrema rostrata,152.267,-32.933
Aptychotrema rostrata,151.533,-33.433
Aptychotrema rostrata,153.467,-29.317
Aptychotrema rostrata,151.467,-33.517
Aptychotrema rostrata,150.676,-35.0544
Aptychotrema rostrata,152.60462,-32.4699
Aptychotrema rostrata,153.4,-29.55
Aptychotrema rostrata,152.533,-32.133
Aptychotrema rostrata,151.433,-33.567
Aptychotrema rostrata,153.483333,-28.133333
Aptychotrema rostrata,152.533,-32.117
Aptychotrema rostrata,153.233333,-27.35
Aptychotrema rostrata,151.5,-33.483
Aptychotrema rostrata,153.4,-29.65
Aptychotrema rostrata,151.65,-33.283
Aptychotrema rostrata,151.517,-33.467
Aptychotrema rostrata,153.35,-29.633
Aptychotrema rostrata,153.617,-29.417
Aptychotrema rostrata,151.867,-33.283
Aptychotrema rostrata,152,-32.9
Aptychotrema rostrata,152.167,-32.883
Aptychotrema rostrata,153.46667,-28.11666
Aptychotrema rostrata,153.367,-29.3
Aptychotrema rostrata,150.716,-35.133
Aptychotrema rostrata,153.617,-29.217
Aptychotrema rostrata,153.1,-27.25
Aptychotrema rostrata,153.383,-29.633
Aptychotrema rostrata,151.4,-33.617
Aptychotrema rostrata,153.33333,-27.16667
Aptychotrema rostrata,150.733,-35.2
Aptychotrema rostrata,150.733,-35.07499
Aptychotrema rostrata,153.467,-29.383
Aptychotrema rostrata,151.883,-32.833
Aptychotrema rostrata,151.55,-33.433
Aptychotrema rostrata,151.933,-32.917
Aptychotrema rostrata,152.017,-32.883
Aptychotrema rostrata,151.617,-33.35
Aptychotrema rostrata,153.65,-29.167
Aptychotrema rostrata,153.43449,-29.1145
Aptychotrema rostrata,153.517,-29.25
Aptychotrema rostrata,153.333,-29.65
Aptychotrema rostrata,152.867,-31.867
Aptychotrema rostrata,153.11667,-27.43333
Aptychotrema rostrata,150.755,-34.9929
Aptychotrema rostrata,151.233,-34.083
Aptychotrema rostrata,152.267,-32.733
Aptychotrema rostrata,151.7,-33.167
Aptychotrema rostrata,153.23333,-27.33333
Aptychotrema rostrata,151.483,-33.517
Aptychotrema rostrata,151.783,-33
Aptychotrema rostrata,151.933,-32.85
Aptychotrema rostrata,153.116667,-27.233333
Aptychotrema rostrata,152.333,-32.717
Aptychotrema rostrata,151.75,-33.15
Aptychotrema rostrata,153.366667,-27.116667
Aptychotrema rostrata,151.717,-33.183
Aptychotrema rostrata,153.417,-29.3
Aptychotrema rostrata,151.233,-34.167
Aptychotrema rostrata,151.517,-33.45
Aptychotrema rostrata,152.60463,-32.4699
Aptychotrema rostrata,151.517,-33.5
Aptychotrema rostrata,150.733,-35.1
Aptychotrema rostrata,151.833,-32.867
Aptychotrema rostrata,150.702,-35.0107
Aptychotrema rostrata,153.35,-29.65
Aptychotrema rostrata,150.785,-35.0338
Aptychotrema rostrata,151.6,-33.35
Aptychotrema rostrata,153.65,-28.75
Aptychotrema rostrata,151.24859,-33.85341
Aptychotrema rostrata,151.7,-33.55
Aptychotrema rostrata,151.5,-33.55
Aptychotrema rostrata,153.4,-29.333
Aptychotrema rostrata,152.783,-32.033
Aptychotrema rostrata,153.116667,-27.2
Aptychotrema rostrata,151.2,-34.083
Aptychotrema rostrata,151.8,-33.033
Aptychotrema rostrata,153.65433,-27.94383
Aptychotrema rostrata,151.783,-32.967
Aptychotrema rostrata,153.333,-29.833
Aptychotrema rostrata,152.6,-32.1
Aptychotrema rostrata,153.533,-29.517
Aptychotrema rostrata,151.733,-33.117
Aptychotrema rostrata,153.48333,-28.13333
Aptychotrema rostrata,152.4,-32.6
Aptychotrema rostrata,151,-34
Aptychotrema rostrata,153.583,-29.4
Aptychotrema rostrata,150.7,-35.217
Aptychotrema rostrata,152.867,-31.817
Aptychotrema rostrata,151.183,-34
Aptychotrema rostrata,151.717,-33.05
Aptychotrema rostrata,151.917,-32.817
Aptychotrema rostrata,150.033,-36.95
Aptychotrema rostrata,150.674,-35.0301
Aptychotrema rostrata,153.517,-29.367
Aptychotrema rostrata,153.333,-29.8
Aptychotrema rostrata,152.467,-32.567
Aptychotrema rostrata,153.73333,-27.96667
Aptychotrema rostrata,153.633,-29.85
Aptychotrema rostrata,151.517,-33.517
Aptychotrema rostrata,152.983,-31.35
Aptychotrema rostrata,153.567,-29.383
Aptychotrema rostrata,151.767,-33.117
Aptychotrema rostrata,150.633,-35.2
Aptychotrema rostrata,153.583,-29.383
Aptychotrema rostrata,152.05,-32.833
Aptychotrema rostrata,152.4752,-32.58267
Aptychotrema rostrata,152.083,-33.633
Aptychotrema rostrata,150.76,-34.9941
Aptychotrema rostrata,152.25,-32.733
Aptychotrema rostrata,150.683,-35.2
Aptychotrema rostrata,153.083,-31.417
Aptychotrema rostrata,153.45,-28.08333
Aptychotrema rostrata,152.05,-32.883
Aptychotrema rostrata,153.583,-29.283
Aptychotrema rostrata,151.417,-33.667
Aptychotrema rostrata,152.417,-32.583
Aptychotrema rostrata,153.433,-29.517
Aptychotrema rostrata,151.633,-33.317
Aptychotrema rostrata,151.617,-33.317
Aptychotrema rostrata,153.033,-31.217
Aptychotrema rostrata,151.15,-34.367
Aptychotrema rostrata,130.035,-32.355
Aptychotrema rostrata,153.333,-29.867
Aptychotrema rostrata,152.2,-32.767
Aptychotrema rostrata,150.132,-36.2182
Aptychotrema rostrata,151.767,-32.983
Aptychotrema rostrata,151.933,-32.833
Aptychotrema rostrata,152.283,-32.767
Aptychotrema rostrata,153.333333,-27.166667
Aptychotrema rostrata,153.4,-29.4
Aptychotrema rostrata,151.4,-33.633
Aptychotrema rostrata,152.267,-32.683
Aptychotrema rostrata,151.867,-32.85
Aptychotrema rostrata,151.517,-33.533
Aptychotrema rostrata,153.55,-29.45
Aptychotrema rostrata,151.983,-33.05
Aptychotrema rostrata,151.25,-33.866
Aptychotrema rostrata,153.483,-29.533
Aptychotrema rostrata,152.817,-32.167
Aptychotrema rostrata,151.45,-33.483
Aptychotrema rostrata,151.383,-33.6
Aptychotrema rostrata,152.47361,-32.58422
Aptychotrema rostrata,151.55,-33.517
Aptychotrema rostrata,151.467,-33.5
Aptychotrema rostrata,153.433,-29.533
Aptychotrema rostrata,152.333,-32.733
Aptychotrema rostrata,151.75,-33.017
Aptychotrema rostrata,150.779,-35.0292
Aptychotrema rostrata,153.433,-29.383
Aptychotrema rostrata,151.717,-33.083
Aptychotrema rostrata,153.51433,-27.03599
Aptychotrema rostrata,151.683,-33.083
Aptychotrema rostrata,153.767,-28.417
Aptychotrema rostrata,151.533,-33.5
Aptychotrema rostrata,151.517,-33.483
Aptychotrema rostrata,151.55,-33.4
Aptychotrema rostrata,153.25,-27.21667
Aptychotrema rostrata,152.35,-32.733
Aptychotrema rostrata,153.5,-29.383
Aptychotrema rostrata,152.033,-32.883
Aptychotrema rostrata,153.4,-29.317
Aptychotrema rostrata,153.23333,-27.35
Aptychotrema rostrata,153.40833,-29.40833
Aptychotrema rostrata,153.5,-29.3
Aptychotrema rostrata,151.95,-33.1
Aptychotrema rostrata,151.883,-32.817
Aptychotrema rostrata,152.033,-32.917
Aptychotrema rostrata,153.4,-29.817
Aptychotrema rostrata,130.035,-32.355000000000004
Aptychotrema rostrata,150.753,-34.9925
Aptychotrema rostrata,153.4,-29.833
Aptychotrema rostrata,151.933,-33.083
Aptychotrema rostrata,150.685,-35.0727
Aptychotrema rostrata,153.633,-29.2
Aptychotrema rostrata,151.45,-33.567
Aptychotrema rostrata,152.067,-32.917
Aptychotrema rostrata,152.717,-32.3
Aptychotrema rostrata,151.383,-33.633
Aptychotrema rostrata,153.017,-31.583
Aptychotrema rostrata,153.117,-30.5
Aptychotrema rostrata,151.65,-33.317
Aptychotrema rostrata,153.4,-30.367
Aptychotrema rostrata,151.433,-33.6
Aptychotrema rostrata,151.567,-33.667
Aptychotrema rostrata,152.608,-32.45562
Aptychotrema rostrata,152.2,-32.783
Aptychotrema rostrata,151.95,-32.9
Aptychotrema rostrata,153.55,-29.483
Aptychotrema rostrata,150.674,-35.0665
Aptychotrema rostrata,151.483,-33.583
Aptychotrema rostrata,153.45,-28.083333
Aptychotrema rostrata,151.933,-33.067
Aptychotrema rostrata,153.5,-29.283
Aptychotrema rostrata,151.9,-32.833
Aptychotrema rostrata,151.483,-33.55
Aptychotrema rostrata,152,-32
Aptychotrema rostrata,153.383,-29.35
Aptychotrema rostrata,153.35,-29.333
Aptychotrema rostrata,153.542611,-27.429409
Aptychotrema rostrata,153.11667,-27.2
Aptychotrema rostrata,151.95,-32.933
Aptychotrema rostrata,150.757,-34.9933
Aptychotrema rostrata,153.367,-29.333
Aptychotrema rostrata,151.967,-32.9
Aptychotrema rostrata,152.47141,-32.58528
Aptychotrema rostrata,151.467,-33.633
Aptychotrema rostrata,153.51433,-27.036
Aptychotrema rostrata,153.017,-31.167
Aptychotrema rostrata,151.5,-33.5
Aptychotrema rostrata,153.52899,-27.10116
Aptychotrema rostrata,151.917,-33.1
Aptychotrema rostrata,153.529,-27.10117
Aptychotrema rostrata,153.833,-28.683
Aptychotrema rostrata,151.917,-32.867
Aptychotrema rostrata,152.767,-32.083
Aptychotrema rostrata,151.917,-32.883
Aptychotrema rostrata,153.4,-29.367
Aptychotrema rostrata,153.417,-29.383
Aptychotrema rostrata,153.55,-29.433
Aptychotrema rostrata,152.533,-32.1
Aptychotrema rostrata,153,-28
Aptychotrema rostrata,153.433,-29.417
Aptychotrema rostrata,151.7,-33.05
Aptychotrema rostrata,152.983,-31.383
Aptychotrema rostrata,152.467,-32.683
Aptychotrema rostrata,150.75,-35.033
Aptychotrema rostrata,150.674,-35.0616
Aptychotrema rostrata,153.417,-29.333
Aptychotrema rostrata,151.517,-33.55
Aptychotrema rostrata,151.983,-32.883
Aptychotrema rostrata,153.517,-29.217
Aptychotrema rostrata,153.1,-31.033
Aptychotrema rostrata,152.61007,-32.44888
Aptychotrema rostrata,153,-31.533
Aptychotrema rostrata,153.367,-29.867
Aptychotrema rostrata,153.533,-29.467
Aptychotrema rostrata,151.767,-33.133
Aptychotrema rostrata,151.667,-33.3
Aptychotrema rostrata,153.417,-29.567
Aptychotrema rostrata,153.5285,-27.14967
Aptychotrema rostrata,152.033,-32.817
Aptychotrema rostrata,153.333,-29.85
Aptychotrema rostrata,152.817,-31.7
Aptychotrema rostrata,152.95,-31.4
Aptychotrema rostrata,150.217,-36.367
Aptychotrema rostrata,153.4,-29.383
Aptychotrema rostrata,152.017,-32.983
Aptychotrema rostrata,153.4,-29.617
Aptychotrema rostrata,150.467,-35.617
Aptychotrema rostrata,152.017,-32.85
Aptychotrema rostrata,151.417,-33.583
Aptychotrema rostrata,151.633,-33.35
Aptychotrema rostrata,152.733,-32.117
Aptychotrema rostrata,153.583,-29.1
Aptychotrema rostrata,153.66566,-27.97833
Aptychotrema rostrata,152.517,-32.117
Aptychotrema rostrata,151.967,-32.817
Aptychotrema rostrata,150.675,-35.0565
Aptychotrema rostrata,153.417,-29.317
Aptychotrema rostrata,151.933,-32.817
Aptychotrema rostrata,151.567,-33.367
Aptychotrema rostrata,153.11667,-27.23333
Aptychotrema rostrata,152.033,-32.867
Aptychotrema rostrata,150.693,-35.1101
Aptychotrema rostrata,153.633,-29.833
Aptychotrema rostrata,151.967,-32.833
Aptychotrema rostrata,150.617,-35.2
Aptychotrema rostrata,151.9,-33.133
Aptychotrema rostrata,153.567,-29.467
Aptychotrema rostrata,150.067,-36.617
Aptychotrema rostrata,153.233333,-27.433333
Aptychotrema rostrata,151.6,-33.4
Aptychotrema rostrata,153.216667,-26.75
Aptychotrema rostrata,153.45,-29.517
Aptychotrema rostrata,153.8,-28.15
Aptychotrema rostrata,153.483,-29.333
Aptychotrema rostrata,151.217,-34.083
Aptychotrema rostrata,152.05,-32.917
Aptychotrema rostrata,151.583,-33.417
Aptychotrema rostrata,151.733,-33.083
Aptychotrema rostrata,151.95,-32.867
Aptychotrema rostrata,151.983,-32.9
Aptychotrema rostrata,153.333,-29.783
Aptychotrema rostrata,151.75,-33.1
Aptychotrema rostrata,151.45,-33.517
Aptychotrema rostrata,153.633,-28.567
Aptychotrema rostrata,152.25,-32.85
Aptychotrema rostrata,153.23333,-27.43333
Aptychotrema rostrata,153.45,-29.5
Aptychotrema rostrata,153.167,-30.417
