species,decimalLongitude,decimalLatitude
Aracana ornata,138,-35
Aracana ornata,146.33,-38.77
Aracana ornata,133.88334,-33.19167
Aracana ornata,134.48334,-34.34305
Aracana ornata,127.95042,-33.15889
Aracana ornata,126.85959,-33.20972
Aracana ornata,146.96665,-41.3
Aracana ornata,132.40875,-34.01791
Aracana ornata,137.58,-33.03
Aracana ornata,127.50931,-32.87597
Aracana ornata,145.33431,-40.55097
Aracana ornata,132.83403,-32.26666
Aracana ornata,141.6,-38.35
Aracana ornata,144.73183,-38.17567
Aracana ornata,136.9,-33.9792
Aracana ornata,138.95,-35.55
Aracana ornata,138.833,-35.583
Aracana ornata,128.93445,-32.33458
Aracana ornata,147.22,-42.74
Aracana ornata,144.88,-37.83
Aracana ornata,145.61,-38.68
Aracana ornata,138.60102,-34.92869
Aracana ornata,147.033,-41.333
Aracana ornata,144.73367,-38.17783
Aracana ornata,130.01722,-31.72513
Aracana ornata,138.48,-34.83
Aracana ornata,137.483,-33.605
Aracana ornata,145.22,-38.35
Aracana ornata,129.50958,-31.75
Aracana ornata,139.75,-37.1667
Aracana ornata,145.224,-38.3175
Aracana ornata,145.228,-38.31
Aracana ornata,145.57,-38.72
Aracana ornata,145.22,-38.3517
Aracana ornata,137.9,-34.78
Aracana ornata,146.467,-39.029
Aracana ornata,134.53334,-34.075
Aracana ornata,148.433,-40.55
Aracana ornata,137.966,-35.733
Aracana ornata,147,-42.8330001831
Aracana ornata,137.616,-35.666
Aracana ornata,148,-40
Aracana ornata,138.5,-34.92
Aracana ornata,124.67556,-33.15917
Aracana ornata,137.92,-35.17
Aracana ornata,127.025,-33.13333
Aracana ornata,147.375,-38.25
Aracana ornata,138.5,-34.95
Aracana ornata,144.933691,-37.822434
Aracana ornata,145.28,-38.25
Aracana ornata,127.46806,-33.25069
Aracana ornata,141.1,-38.1333
Aracana ornata,131.35222,-31.78361
Aracana ornata,127.275,-33.25902
Aracana ornata,125.76736,-33.30069
Aracana ornata,148.3,-40.21667
Aracana ornata,134.6314,-33.3803
Aracana ornata,148.43,-40.42
Aracana ornata,137.911,-35.4079
Aracana ornata,137.75,-35.05
Aracana ornata,129.38417,-32
Aracana ornata,122.05,-34.03333
Aracana ornata,137.77,-35.63
Aracana ornata,138.2217,-35.7553
Aracana ornata,145.033,-38.483
Aracana ornata,131.28444,-31.78333
Aracana ornata,143,-42
Aracana ornata,146.283,-38.683
Aracana ornata,144.9935,-38.24667
Aracana ornata,147.35,-42.85
Aracana ornata,133.70139,-32.81666
Aracana ornata,133.7,-32.76736
Aracana ornata,130.75139,-33.20903
Aracana ornata,137.5919,-35.4583
Aracana ornata,127.975,-32.4843
Aracana ornata,127.675,-32.69347
Aracana ornata,138.48,-34.78
Aracana ornata,148.31609,-41.24639
Aracana ornata,131.08361,-33.10833
Aracana ornata,131.1,-31.8
Aracana ornata,145.695,-38.655
Aracana ornata,145.255,-38.435
Aracana ornata,138.68,-35.53
Aracana ornata,135.95,-34.566
Aracana ornata,136.22,-34.58
Aracana ornata,137.77,-35.12
Aracana ornata,145.4,-38.62
Aracana ornata,137.62054,-33.60395
Aracana ornata,147.41,-42.93
Aracana ornata,129.53333,-32.26694
Aracana ornata,130.04167,-31.83361
Aracana ornata,144.97,-38.33
Aracana ornata,133.666,-32.133
Aracana ornata,144.3932,-39.66722
Aracana ornata,129.37695,-33.34306
Aracana ornata,133.5,-32.2833
Aracana ornata,137.493,-33.4283
Aracana ornata,145.270441,-38.363083
Aracana ornata,145.029,-38.4758
Aracana ornata,137.25,-34.92
Aracana ornata,140.33,-34.15
Aracana ornata,137.5333,-35.5
Aracana ornata,133.84167,-33.14166
Aracana ornata,137.842,-35.3912
Aracana ornata,146.55917,-38.98083
Aracana ornata,132.47,-32.32
Aracana ornata,134.6333,-33.25
Aracana ornata,148,-37.88
Aracana ornata,137.3839,-34.4778
Aracana ornata,138.5,-35.8833
Aracana ornata,138.53,-34.97
Aracana ornata,126.05834,-32.54166
Aracana ornata,127.025,-33.11667
Aracana ornata,129.40833,-31.89222
Aracana ornata,147.31666,-42.88333
Aracana ornata,138.544153,-34.810873
Aracana ornata,145.14222,-40.55138
Aracana ornata,138.48,-34.82
Aracana ornata,128.32584,-32.11764
Aracana ornata,138.52,-35.02
Aracana ornata,146.321,-39.054
Aracana ornata,145.234,-38.3417
Aracana ornata,146.33,-39.13
Aracana ornata,129.99167,-31.825
Aracana ornata,145.28,-38.28
Aracana ornata,150,-37
Aracana ornata,133.75028,-33.16666
Aracana ornata,137.77,-35
Aracana ornata,130.75056,-32.01666
Aracana ornata,131.08334,-32
Aracana ornata,145.219,-38.3547
Aracana ornata,137.65,-34.5
Aracana ornata,125.71667,-33.275
Aracana ornata,131.25,-32.05902
Aracana ornata,116.29167,-34.75903
Aracana ornata,129.02667,-31.99347
Aracana ornata,148.23333,-40.21667
Aracana ornata,132.71,-32.24278
Aracana ornata,134.625,-34.15
Aracana ornata,144.832992554,-37.8330001831
Aracana ornata,127.50903,-32.88333
Aracana ornata,132.05153,-31.91903
Aracana ornata,145.218,-38.3425
Aracana ornata,133.58417,-32.79333
Aracana ornata,137.7494,-35.0847
Aracana ornata,134.6464,-33.3342
Aracana ornata,130.17528,-32.20902
Aracana ornata,145.53,-38.37
Aracana ornata,130.9025,-31.83333
Aracana ornata,137.52,-35.58
Aracana ornata,137.5383,-35.5236
Aracana ornata,133.75139,-32.8925
Aracana ornata,149.0725,-37.8325
Aracana ornata,131.13362,-31.75069
Aracana ornata,137.63,-35.57
Aracana ornata,134.6,-33.28
Aracana ornata,138.0333,-35.225
Aracana ornata,134.39195,-34.28361
Aracana ornata,145.081,-38.0117
Aracana ornata,130.60111,-33.31722
Aracana ornata,146.86667,-43.63333
Aracana ornata,129.44361,-33.30875
Aracana ornata,146.242,-39.025
Aracana ornata,146.305,-39.04
Aracana ornata,147,-42.833
Aracana ornata,128.9507,-32.38333
Aracana ornata,143.97,-38.53
Aracana ornata,124.5,-33.48472
Aracana ornata,148.3,-40.216
Aracana ornata,138.42,-35.35
Aracana ornata,138.52,-35.05
Aracana ornata,126.93375,-33.35111
Aracana ornata,148.03333,-40.01667
Aracana ornata,145.319502,-38.605238
Aracana ornata,144.44167,-39.71736
Aracana ornata,131.9,-32
Aracana ornata,138.69,-35.5275
Aracana ornata,147.866,-39.75
Aracana ornata,135.87,-34.72
Aracana ornata,133.47,-32.17
Aracana ornata,137.814,-35.4118
Aracana ornata,134.05,-32.58
Aracana ornata,129.55,-32.25
Aracana ornata,150.05,-37.27
Aracana ornata,132.79306,-32.33375
Aracana ornata,137.77,-35.02
Aracana ornata,134.50222,-34.53403
Aracana ornata,129.13333,-32.31666
Aracana ornata,146.866,-43.633
Aracana ornata,136.92,-34.5
Aracana ornata,121.9,-33.86667
Aracana ornata,132.80833,-32.425
Aracana ornata,130.21848,-33.28361
Aracana ornata,130.95834,-31.74167
Aracana ornata,145,-38
Aracana ornata,137.833,-35.333
Aracana ornata,146.47,-39.0417
Aracana ornata,134.6433,-33.2922
Aracana ornata,127.30986,-32.73486
Aracana ornata,136.9167,-33.6833
Aracana ornata,129.40889,-31.77667
Aracana ornata,132.8,-32.425
Aracana ornata,144.717,-38.317
Aracana ornata,147.33,-42.85
Aracana ornata,145.166,-38.45
Aracana ornata,127.48348,-33.22555
Aracana ornata,147.4,-41
Aracana ornata,130.05959,-33.16694
Aracana ornata,127.40834,-32.6
Aracana ornata,144.535,-39.93458
Aracana ornata,135.87,-33.73
Aracana ornata,129.25875,-33.31736
Aracana ornata,141.62,-38.33
Aracana ornata,132.825,-32.49166
Aracana ornata,144.46833,-39.74264
Aracana ornata,146.01792,-40.77625
Aracana ornata,130.02681,-31.85
Aracana ornata,137.6166667,-35.6666667
Aracana ornata,144.79292,-39.94347
Aracana ornata,146.469,-39.064
Aracana ornata,132.51736,-32.30972
Aracana ornata,125.5,-33.25
Aracana ornata,144.29278,-39.6675
Aracana ornata,144.769,-37.946
Aracana ornata,144.833,-37.833
Aracana ornata,133.98375,-34.15069
Aracana ornata,137.9,-34.62
Aracana ornata,145.10111,-40.13389
Aracana ornata,128.84222,-32.05181
Aracana ornata,145.223,-38.529
Aracana ornata,134.49167,-34.25097
Aracana ornata,148.55139,-39.68444
Aracana ornata,128.50042,-33.25069
Aracana ornata,128.73334,-32.25986
Aracana ornata,125.575,-33.17569
Aracana ornata,124.95833,-33.11736
Aracana ornata,125.94306,-32.74167
Aracana ornata,133.60834,-32.9
Aracana ornata,145.659,-38.677
Aracana ornata,125.25834,-33.13333
Aracana ornata,132.79167,-32.275
Aracana ornata,132.81736,-32.29333
Aracana ornata,128.07528,-32.58333
Aracana ornata,147.85,-40.85
Aracana ornata,114.78445,-30.63514
Aracana ornata,133.70903,-33.275
Aracana ornata,145.11,-38.52
Aracana ornata,133.43403,-32.77528
Aracana ornata,129.64264,-33.44166
Aracana ornata,147.35875,-40.65069
Aracana ornata,130.02514,-31.85944
Aracana ornata,137.3067,-34.2017
Aracana ornata,134.64306,-34.05069
Aracana ornata,134.28403,-34.73403
Aracana ornata,144.4,-38.106
Aracana ornata,126.89334,-33.2093
Aracana ornata,138.5,-34.97
Aracana ornata,133.73334,-32.825
Aracana ornata,147.32857,-43.00734
Aracana ornata,133.48,-32.43
Aracana ornata,148.233,-40.216
Aracana ornata,133.81792,-33.03347
Aracana ornata,148.31433,-41.87447
Aracana ornata,134.95139,-34.19167
Aracana ornata,133.70834,-32.83528
Aracana ornata,114.61695,-29.8093
Aracana ornata,136.9447,-35.28
Aracana ornata,129.38403,-32.25903
Aracana ornata,125.83486,-33.33528
Aracana ornata,133.7,-32.13
Aracana ornata,132.18472,-32.58333
Aracana ornata,115.75,-32.08333
Aracana ornata,147.316667,-42.883333
Aracana ornata,138.83333,-35.66667
Aracana ornata,129.28487,-33.03389
Aracana ornata,130.89167,-31.83472
Aracana ornata,127.90833,-32.45902
Aracana ornata,132.66806,-32.19278
Aracana ornata,137.72,-35.53
Aracana ornata,132.93528,-32.47625
Aracana ornata,133.26667,-32.83403
Aracana ornata,147.35709,-43.06273
Aracana ornata,144.38583,-38.1125
Aracana ornata,129.90834,-31.88402
