species,decimalLongitude,decimalLatitude
Aracana aurita,145.96667,-43.33358
Aracana aurita,147.23,-40.58
Aracana aurita,145.50209,-40.44264
Aracana aurita,147.3922,-42.9771
Aracana aurita,147.39,-43.09
Aracana aurita,147.41701,-43.20444
Aracana aurita,134.76736,-34.09167
Aracana aurita,147.75,-40.75
Aracana aurita,148.15,-42.15
Aracana aurita,129.08389,-31.88333
Aracana aurita,147.63,-43.15
Aracana aurita,131.30111,-31.87583
Aracana aurita,115.75,-31.98333
Aracana aurita,147.93912,-42.6258
Aracana aurita,151.733,-35.066
Aracana aurita,131.22556,-31.85833
Aracana aurita,144.13387,-39.95592
Aracana aurita,151.783,-32.833
Aracana aurita,132.31667,-32.325
Aracana aurita,147.55,-43.12
Aracana aurita,147.51,-43.21
Aracana aurita,128,-32.78333
Aracana aurita,133.73431,-34.01069
Aracana aurita,148.02431,-42.62899
Aracana aurita,147.35709,-43.06273
Aracana aurita,115.75,-31.93333
Aracana aurita,134.95056,-34.2175
Aracana aurita,147.26,-43.26
Aracana aurita,130.975,-33.717
Aracana aurita,146.61,-39.00667
Aracana aurita,144.64969,-40.89886
Aracana aurita,124.56667,-33.48333
Aracana aurita,143.78334,-39.02611
Aracana aurita,147.6,-43.11
Aracana aurita,115.483,-33.616
Aracana aurita,134.72542,-35.07652
Aracana aurita,133.83334,-33.14166
Aracana aurita,145.92647,-43.29901
Aracana aurita,145.3,-40.7
Aracana aurita,147.58,-40.42
Aracana aurita,130.13334,-31.71667
Aracana aurita,115.75,-31.983
Aracana aurita,145.12,-39.97
Aracana aurita,127.99167,-32.78333
Aracana aurita,145.92278,-43.29113
Aracana aurita,148.42,-39.87
Aracana aurita,147.98,-37.87
Aracana aurita,148.1,-42.12
Aracana aurita,145.661,-38.675
Aracana aurita,115.64399,-31.87849
Aracana aurita,130.92612,-31.89278
Aracana aurita,133.70903,-32.98333
Aracana aurita,146.43445,-40.64333
Aracana aurita,130.71667,-31.93333
Aracana aurita,150.00167,-37.2775
Aracana aurita,147.9465,-42.6075
Aracana aurita,128.475,-32.4
Aracana aurita,145.12,-38.38
Aracana aurita,147.29137,-43.19374
Aracana aurita,147.63,-43.18
Aracana aurita,115.75,-31.85
Aracana aurita,147.35,-42.95
Aracana aurita,144.801,-38.307
Aracana aurita,145.38,-38.53
Aracana aurita,147.54,-43.1
Aracana aurita,150.15584,-36.35083
Aracana aurita,146.14854,-43.5205
Aracana aurita,144.1667,-39.5333
Aracana aurita,149.99192,-37.29725
Aracana aurita,147.42,-43.13
Aracana aurita,123.70834,-34.34166
Aracana aurita,147.47,-43.35
Aracana aurita,138.85,-35.58
Aracana aurita,133.71736,-32.76847
Aracana aurita,144.698,-38.277
Aracana aurita,129.41695,-32.29208
Aracana aurita,147.34,-43.3
Aracana aurita,144.35,-39.5467
Aracana aurita,147.55,-43.07
Aracana aurita,146.38,-39.05
Aracana aurita,134.4,-33.46736
Aracana aurita,145.695,-38.655
Aracana aurita,138.5,-34.97
Aracana aurita,132.86833,-33.99208
Aracana aurita,147.96,-42.8
Aracana aurita,144.659,-38.302
Aracana aurita,144.933691,-37.822434
Aracana aurita,145.03,-38.23
Aracana aurita,137.537,-33.8308
Aracana aurita,147.32,-42.98
Aracana aurita,147.3969,-43.007
Aracana aurita,147.4,-43
Aracana aurita,125.51667,-32.81666
Aracana aurita,146.91666,-41.18332
Aracana aurita,141.622,-38.3417
Aracana aurita,147.33894,-43.03834
Aracana aurita,125.5,-32.79167
Aracana aurita,147.53,-43.04
Aracana aurita,147.33253,-43.05907
Aracana aurita,148.55139,-39.68444
Aracana aurita,134.43334,-34.95833
Aracana aurita,126.92612,-33.16722
Aracana aurita,144.589,-38.29
Aracana aurita,146.284,-39.023
Aracana aurita,145.22,-38.35
Aracana aurita,125.5,-33.275
Aracana aurita,150,-37
Aracana aurita,147.55,-43.19
Aracana aurita,145,-38.45
Aracana aurita,137.4989,-33.6228
Aracana aurita,144.85125,-40.05125
Aracana aurita,133.49389,-32.74278
Aracana aurita,147.3991,-42.9971
Aracana aurita,148.05035,-42.59211
Aracana aurita,147.16739,-43.2845
Aracana aurita,128.61667,-32.10917
Aracana aurita,126.85903,-32.49347
Aracana aurita,128.58334,-32.19166
Aracana aurita,128.17,-33.33
Aracana aurita,137.5667,-34.05
Aracana aurita,115.716,-32.183
Aracana aurita,149.07417,-37.8275
Aracana aurita,137.46190000000001,-38.8039
Aracana aurita,138,-35
Aracana aurita,147.4835,-43.0362
Aracana aurita,147.38959,-43.1147
Aracana aurita,149.96333,-36.92167
Aracana aurita,147.22,-40.25
Aracana aurita,115.566665649,-32.6666679382
Aracana aurita,115.06667,-33.95
Aracana aurita,138.6,-34.933
Aracana aurita,148.333,-40
Aracana aurita,132.75098,-32.38375
Aracana aurita,144.84237,-39.64166
Aracana aurita,114.616,-28.766
Aracana aurita,146.59918,-38.9975
Aracana aurita,145.89661,-43.31243
Aracana aurita,147.15,-40.05
Aracana aurita,147.42538,-43.25349
Aracana aurita,115.634,-31.8789
Aracana aurita,127.01667,-32.40833
Aracana aurita,147.42,-43.37
Aracana aurita,147.91566,-42.58359
Aracana aurita,147.01666,-41.33332
Aracana aurita,132.85972,-32.35986
Aracana aurita,147.61,-43
Aracana aurita,147.9872,-42.5242
Aracana aurita,147.36,-43.31
Aracana aurita,146.388645,-41.804719
Aracana aurita,137.17,-35.92
Aracana aurita,126.10945,-32.42528
Aracana aurita,147.42,-43.1
Aracana aurita,133.67598,-32.83444
Aracana aurita,145.90285,-43.30252
Aracana aurita,126.2175,-32.85903
Aracana aurita,115.333,-33.633
Aracana aurita,145.90294,-43.30063
Aracana aurita,144.68486,-40.07694
Aracana aurita,147.303,-39.2951
Aracana aurita,137.92,-35.17
Aracana aurita,126.54333,-32.72569
Aracana aurita,132.05903,-32.37555
Aracana aurita,146.324,-39.076
Aracana aurita,133.75056,-32.94167
Aracana aurita,144.72,-38.32
Aracana aurita,147.37,-43.04
Aracana aurita,145.53,-38.37
Aracana aurita,147.863,-38.1172
Aracana aurita,147.98036,-42.64348
Aracana aurita,146.8734,-43.6345
Aracana aurita,145.10111,-40.13389
Aracana aurita,128.99264,-32.00139
Aracana aurita,145.05139,-40.05069
Aracana aurita,115.73333,-32.05
Aracana aurita,115.666,-32.166
Aracana aurita,146.87,-40.87
Aracana aurita,132.79167,-32.275
Aracana aurita,148.30984,-41.88012
Aracana aurita,115.63333,-33.33333
Aracana aurita,126.21834,-32.60902
Aracana aurita,126.31903,-33.03333
Aracana aurita,133.5,-32.2833
Aracana aurita,127.05,-32.65972
Aracana aurita,147.57,-43.1
Aracana aurita,134.4257,-34.1593
Aracana aurita,145.083,-38.0111
Aracana aurita,123.71667,-34.43333
Aracana aurita,149.983,-36.917
Aracana aurita,127.77542,-32.83458
Aracana aurita,148.55,-40
Aracana aurita,147.683,-43.116
Aracana aurita,132.80862,-32.40902
Aracana aurita,115.66667,-32.2
Aracana aurita,150.033,-36.667
Aracana aurita,145.97241,-43.41651
Aracana aurita,115.5,-32
Aracana aurita,144.827,-39.1138
Aracana aurita,147.33,-43.31
Aracana aurita,132.71,-32.24278
Aracana aurita,147.43,-39.1
Aracana aurita,148.00697,-42.66082
Aracana aurita,123.7,-34.33
Aracana aurita,147.1684,-43.32533
Aracana aurita,131.36667,-32.2
Aracana aurita,134.68473,-34.15833
Aracana aurita,145.13333,-40.13333
Aracana aurita,148.033,-40.016
Aracana aurita,114.814,-34.0971
Aracana aurita,132.8007,-32.33333
Aracana aurita,147.56,-43.09
Aracana aurita,132.46667,-32.3
Aracana aurita,147.59,-43.27
Aracana aurita,137.6,-33.185
Aracana aurita,147.54,-43.15
Aracana aurita,148.08046,-42.57373
Aracana aurita,128.99209,-31.98472
Aracana aurita,145.642,-38.676
Aracana aurita,148.2175,-37.85333
Aracana aurita,132.84167,-32.38361
Aracana aurita,147.9427,-42.6125
Aracana aurita,145.84673,-43.30415
Aracana aurita,132.79195,-32.35861
Aracana aurita,130.96667,-31.70028
Aracana aurita,147.44,-43.41
Aracana aurita,144.50945,-39.45236
Aracana aurita,147.59,-43.23
Aracana aurita,115.566666667,-32.6666666667
Aracana aurita,147.61,-43.18
Aracana aurita,138.48,-34.83
Aracana aurita,146.81666,-41.1
Aracana aurita,147.47144,-43.04491
Aracana aurita,147.33,-42.98
Aracana aurita,147.53,-43.15
Aracana aurita,144.61076,-41.00586
Aracana aurita,147.58,-43.21
Aracana aurita,146.86666,-41.13333
Aracana aurita,133.48445,-33.80861
Aracana aurita,126.68334,-32.65222
Aracana aurita,132.80833,-32.425
Aracana aurita,148,-40
Aracana aurita,147.22,-42.74
Aracana aurita,133.56681,-33.075
Aracana aurita,144.82,-37.87
Aracana aurita,147.34,-43.29
Aracana aurita,147.94814,-42.55305
Aracana aurita,125.025,-33.36667
Aracana aurita,126.31736,-32.64208
Aracana aurita,148.33,-39.95
Aracana aurita,115.75,-31.86667
Aracana aurita,134.20875,-34.49278
Aracana aurita,146.3001,-43.70689
Aracana aurita,126.3675,-32.625
Aracana aurita,150.15,-36.667
Aracana aurita,148.22,-42.22
Aracana aurita,133.50973,-32.77569
Aracana aurita,144.93,-37.87
Aracana aurita,130.17681,-31.7
Aracana aurita,147.52,-43.18
Aracana aurita,147.47,-43.03
Aracana aurita,147.55,-43
Aracana aurita,147.14182,-43.29383
Aracana aurita,133.72612,-32.80041
Aracana aurita,125.5,-33.25
Aracana aurita,147.18333,-41.01666
Aracana aurita,130.8,-31.86666
Aracana aurita,118.16667,-35.29347
Aracana aurita,148.43,-40.42
Aracana aurita,147.34,-43.32
Aracana aurita,147.57,-43.26
Aracana aurita,136.9167,-33.6833
Aracana aurita,147.58,-42.98
Aracana aurita,130.01667,-33.33458
Aracana aurita,147.3344,-43.0244
Aracana aurita,118.60861,-35.15861
Aracana aurita,148.31363,-41.86954
Aracana aurita,115.73333,-32.13333
Aracana aurita,147.37,-43.05
Aracana aurita,127.45,-32.53333
Aracana aurita,134.67514,-34.05125
Aracana aurita,147.63,-43.14
Aracana aurita,148.7,-40.016
Aracana aurita,144.659,-38.304
Aracana aurita,134.05,-34.31833
Aracana aurita,128.94167,-32.29166
Aracana aurita,134.6464,-33.3342
Aracana aurita,125.53333,-32.78333
Aracana aurita,144.267,-39.5467
Aracana aurita,137.16766,-34.6768
Aracana aurita,131.36736,-32.17569
Aracana aurita,117.86667,-35
Aracana aurita,147.41638,-43.05849
Aracana aurita,139,-36.833
Aracana aurita,133.94195,-34.00902
Aracana aurita,134.81806,-34.02528
Aracana aurita,147.44,-43.2
Aracana aurita,144.716,-38.316
Aracana aurita,147.6,-43.05
Aracana aurita,147.66,-43.2
Aracana aurita,130.42556,-32
Aracana aurita,127.46667,-32.9
Aracana aurita,144.83,-38.38
Aracana aurita,127.675,-33.08389
Aracana aurita,138.53,-34.75
Aracana aurita,128.63458,-33.29389
Aracana aurita,149.998335,-37.306665
Aracana aurita,141.6333333,-38.35
Aracana aurita,125.72709,-33.48375
Aracana aurita,107.5,-10
Aracana aurita,148.3427,-41.35428
Aracana aurita,144.93,-40.515
Aracana aurita,144.77625,-39.90916
Aracana aurita,144.67,-38.27
Aracana aurita,145.35,-40.72
Aracana aurita,121.9,-33.86667
Aracana aurita,128.51667,-32.03333
Aracana aurita,132.62528,-32.41903
Aracana aurita,147.55,-43.25
Aracana aurita,147.3421,-43.0534
Aracana aurita,148.28851,-42.29332
Aracana aurita,115.61667,-31.55
Aracana aurita,124.53334,-33.03333
Aracana aurita,126.7,-32.95
Aracana aurita,127.2,-33.53333
Aracana aurita,144.63445,-40.10833
Aracana aurita,115.71667,-32.2
Aracana aurita,147.40436,-43.16618
Aracana aurita,147.46,-43.39
Aracana aurita,144.45834,-40.10125
Aracana aurita,128.80861,-32.48333
Aracana aurita,125.4,-33.26666
Aracana aurita,138.48,-34.9
Aracana aurita,115.76667,-32.01667
Aracana aurita,115.8,-32.01667
Aracana aurita,147.14343,-43.27292
Aracana aurita,132.05209,-33.53444
Aracana aurita,128.61709,-33.21861
Aracana aurita,144.77528,-40.07569
Aracana aurita,128.92612,-32.05111
Aracana aurita,133.3507,-33.10903
Aracana aurita,131.44278,-31.77597
Aracana aurita,147.24306,-40.39236
Aracana aurita,145.61,-38.68
Aracana aurita,125.325,-33.10902
Aracana aurita,147.37183,-43.0883
Aracana aurita,145.223,-38.529
Aracana aurita,147.53333,-42.96667
Aracana aurita,147.96925,-42.52398
Aracana aurita,147.45,-43.28
Aracana aurita,144.87,-38.37
Aracana aurita,147.85,-40.85
Aracana aurita,147.28181,-43.14505
Aracana aurita,147.62,-39.97
Aracana aurita,115.76667,-31.98333
Aracana aurita,134.2769,-32.6775
Aracana aurita,147.45,-43.38
Aracana aurita,128.01667,-32.40833
Aracana aurita,145.93324,-43.36944
Aracana aurita,149.9975,-37.28666
Aracana aurita,126.53375,-32.72528
Aracana aurita,147.62,-43.1
Aracana aurita,147.53,-43.21
Aracana aurita,133.50139,-32.78444
Aracana aurita,133.48334,-33.30833
Aracana aurita,138.5,-35.08
Aracana aurita,145.27,-38.27
Aracana aurita,147.4,-43.29
Aracana aurita,145.8504,-43.30951
Aracana aurita,116.29167,-34.75903
Aracana aurita,143.671,-38.777
Aracana aurita,125.4,-33.53333
Aracana aurita,145.42,-40.8
Aracana aurita,144.65,-40.38333
Aracana aurita,145.22,-38.3517
Aracana aurita,147.6,-43.24
Aracana aurita,147.59,-43.02
Aracana aurita,142.233,-38.383
Aracana aurita,129.62625,-31.73583
Aracana aurita,125.4,-33.25
Aracana aurita,144.598,-38.294
Aracana aurita,134.32639,-34.40125
Aracana aurita,144.79292,-39.94347
Aracana aurita,127.70833,-32.49166
Aracana aurita,147.5937,-40.84724
Aracana aurita,148.0519,-42.58626
Aracana aurita,147.61,-43.22
Aracana aurita,145.11,-38.52
Aracana aurita,134.6314,-33.3803
Aracana aurita,145.00153,-39.97528
Aracana aurita,147.3327,-42.88445
Aracana aurita,147.166667,-43.45
Aracana aurita,147.45,-43.17
Aracana aurita,137,-33.8333
Aracana aurita,144.85986,-40.02528
Aracana aurita,128.61,-33.23583
Aracana aurita,133.65098,-33.24236
Aracana aurita,148.16177,-42.41202
Aracana aurita,133.80861,-33.71722
Aracana aurita,147.61,-42.97
Aracana aurita,115.75,-32.116667
Aracana aurita,115.71667,-32.3
Aracana aurita,148.30344,-41.86864
Aracana aurita,130.24292,-33.30042
Aracana aurita,145.20023,-42.19954
Aracana aurita,125.75,-32.7093
Aracana aurita,137.5,-33.75
Aracana aurita,125.375,-32.775
Aracana aurita,147.16666,-43.45
Aracana aurita,145.28,-38.28
Aracana aurita,144.88431,-39.81666
Aracana aurita,126.375,-32.68403
Aracana aurita,134.6,-33.28
Aracana aurita,147.65,-43.22
Aracana aurita,128.49167,-32.40833
Aracana aurita,149.99001,-37.38166
Aracana aurita,150.02,-37.295
Aracana aurita,145.133,-38.433
Aracana aurita,147.56,-43.04
Aracana aurita,129.85903,-33.33444
Aracana aurita,132.20139,-33.70902
Aracana aurita,145.66667,-40.4418
Aracana aurita,128.92681,-32.38472
Aracana aurita,146.58,-38.9583
Aracana aurita,127.84167,-32.37569
Aracana aurita,148.01146,-42.72014
Aracana aurita,131.96848,-32.26889
Aracana aurita,133.48,-32.43
Aracana aurita,146.74,-43.08
Aracana aurita,128.3525,-32.10055
Aracana aurita,147.58,-43.28
Aracana aurita,131.375,-32.20833
Aracana aurita,127.59195,-32.52556
Aracana aurita,144.50945,-39.32597
Aracana aurita,147.153,-39.0917
Aracana aurita,132.06667,-32.325
Aracana aurita,148.12,-42.13
Aracana aurita,144.59403,-39.56847
Aracana aurita,115.733,-32.05
Aracana aurita,131.4,-32.23333
Aracana aurita,128.98334,-32.125
Aracana aurita,117.03333,-32.53333
Aracana aurita,150.29166,-37.34166
Aracana aurita,147.56,-43.26
Aracana aurita,128.82597,-32.53333
Aracana aurita,130.70834,-31.81722
Aracana aurita,144.93486,-40.07611
Aracana aurita,143.9664,-40.11726
Aracana aurita,147.38246,-43.10133
Aracana aurita,145.35,-40.77
Aracana aurita,146.66676,-43.60043
Aracana aurita,150.033,-36.7
Aracana aurita,145.84244,-43.30981
Aracana aurita,126.00834,-32.475
Aracana aurita,115.66667,-32.03333
Aracana aurita,144.65111,-40.02583
Aracana aurita,133.76737,-33.35069
Aracana aurita,134.775,-34.825
Aracana aurita,145.18481,-42.19536
Aracana aurita,134.78,-34.82
Aracana aurita,145.621,-38.676
Aracana aurita,134.625,-34.15
Aracana aurita,131.4,-32.225
Aracana aurita,133.75834,-32.96736
Aracana aurita,147.07,-43.16
Aracana aurita,133.66806,-32.74278
Aracana aurita,146.3,-40.97
Aracana aurita,114.41667,-27.5
Aracana aurita,127.36667,-32.90833
Aracana aurita,144.41736,-39.71736
Aracana aurita,122.05,-34.03333
Aracana aurita,147.9413,-42.6161
Aracana aurita,132.8,-32.425
Aracana aurita,128.67584,-33.25069
Aracana aurita,133.5,-32.4
Aracana aurita,145.10111,-40.12597
Aracana aurita,145.516,-40.85
Aracana aurita,145.659,-38.677
Aracana aurita,137.0964,-34.83422
Aracana aurita,147.34,-43.05
Aracana aurita,143.524,-39.1083
Aracana aurita,145.57,-38.72
Aracana aurita,134.04167,-33.30833
Aracana aurita,147.02135,-40.98029
Aracana aurita,146.59751,-38.99667
Aracana aurita,144.79292,-40.00902
Aracana aurita,130.63417,-33.32597
Aracana aurita,115.85,-31.95
Aracana aurita,125.7507,-32.66736
Aracana aurita,141.1,-38.1333
Aracana aurita,126.48431,-33.1843
Aracana aurita,129.45084,-33.45194
Aracana aurita,133.79167,-33.75125
Aracana aurita,147.54,-43.14
Aracana aurita,115.801455,-31.997252
Aracana aurita,115.76722,-31.96889
Aracana aurita,145.37,-40.75
Aracana aurita,132.51736,-32.30972
Aracana aurita,144.58333,-40.05083
Aracana aurita,132.85139,-34.36667
Aracana aurita,118.18455,-35.06868
Aracana aurita,130.61667,-31.71667
Aracana aurita,126.13361,-32.70027
Aracana aurita,146.99609,-43.52525
Aracana aurita,115.1666,-33.0166
Aracana aurita,147.15,-41
Aracana aurita,138.53,-34.97
Aracana aurita,129.38333,-32
Aracana aurita,147.4,-43.1
Aracana aurita,129.02667,-31.99347
Aracana aurita,128.975,-32.39166
Aracana aurita,126.30945,-32.70166
Aracana aurita,115.31667,-31
Aracana aurita,147.064,-39.0577
Aracana aurita,147.52,-43.15
Aracana aurita,145.35,-40.7
Aracana aurita,146.3,-42.7
Aracana aurita,147.42,-43.16
Aracana aurita,147.27,-40.2
Aracana aurita,147.39807,-42.99168
Aracana aurita,126.01667,-33.11666
Aracana aurita,130.04278,-31.93403
Aracana aurita,147.8,-42.9
Aracana aurita,147.95,-42.79
Aracana aurita,147.42,-43.32
Aracana aurita,147.115,-39.406
Aracana aurita,147.6,-43.18
Aracana aurita,147.40138,-43.12849
Aracana aurita,126.75014,-33.20972
Aracana aurita,147.44,-43.12
Aracana aurita,148.12,-42.32
Aracana aurita,130.78361,-31.81666
Aracana aurita,124.3675,-33.4343
Aracana aurita,132.81736,-32.29333
Aracana aurita,129.6,-32.1
Aracana aurita,146.6507,-40.36736
Aracana aurita,148.06207,-42.57658
Aracana aurita,147.36731,-43.07366
Aracana aurita,133.55875,-32.75027
Aracana aurita,147.05028,-40.80069
Aracana aurita,147.45,-43.31
Aracana aurita,133.88334,-33.19167
Aracana aurita,133.69306,-33.75069
Aracana aurita,117.88333,-35.01667
Aracana aurita,116.48333,-34.95
Aracana aurita,146.54666,-38.97083
Aracana aurita,145.03431,-40.11847
Aracana aurita,124.48334,-33.16667
Aracana aurita,144.84237,-40.0518
Aracana aurita,145.87366,-43.31814
Aracana aurita,133.96764,-33.24278
Aracana aurita,130.58556,-32.12583
Aracana aurita,146.00841,-43.33951
Aracana aurita,125.20931,-33.2418
Aracana aurita,149.99834,-37.30666
Aracana aurita,147.59,-43.05
Aracana aurita,144.57528,-39
Aracana aurita,147.4096,-42.9
Aracana aurita,126.00972,-33.34166
Aracana aurita,130.15167,-31.75194
Aracana aurita,114.525,-29.48444
Aracana aurita,150.07833,-37.30083
Aracana aurita,147.45,-43.18
Aracana aurita,129.78445,-32.32653
Aracana aurita,126.09167,-32.65833
Aracana aurita,134.39195,-34.28361
Aracana aurita,147.8,-42.89
Aracana aurita,131.10042,-31.96722
Aracana aurita,150.016,-36.75
Aracana aurita,114.91667,-29.26667
Aracana aurita,147.45,-43.37
Aracana aurita,147.6,-43
Aracana aurita,147.59,-43.22
Aracana aurita,127.50903,-32.88333
Aracana aurita,133.54292,-33.30167
Aracana aurita,147.57,-43.02
Aracana aurita,149.99166,-37.28666
Aracana aurita,145.16692,-42.19532
Aracana aurita,133.6682,-32.67597
Aracana aurita,149.05333,-37.89083
Aracana aurita,144.75139,-39.63403
Aracana aurita,148.069,-42.18987
Aracana aurita,145.05,-39.97
Aracana aurita,144.87,-39.92
Aracana aurita,115.78333,-31.98333
Aracana aurita,126.51667,-32.40833
Aracana aurita,147.533,-42.966
Aracana aurita,148.31631,-41.90329
Aracana aurita,150.033,-36.75
Aracana aurita,146.10084,-40.70903
Aracana aurita,149.9825,-37.36583
Aracana aurita,126.48361,-33.17528
Aracana aurita,133.78403,-33.00944
Aracana aurita,147.55,-43.08
Aracana aurita,147.6665,-43.141
Aracana aurita,147.58,-43.05
Aracana aurita,115.63333,-21.2
Aracana aurita,137.725,-33.28333
Aracana aurita,133.74167,-32.87569
Aracana aurita,130.66708,-33.2843
Aracana aurita,147.53,-43.19
Aracana aurita,115.91667,-31.93333
Aracana aurita,148.461,-41.8975
Aracana aurita,147.316,-42.883
Aracana aurita,127.69361,-33.70069
Aracana aurita,124.975,-33.04194
Aracana aurita,143,-42
Aracana aurita,147.28333,-43.2
Aracana aurita,115.75,-32.11666
Aracana aurita,147.366,-43.033
Aracana aurita,145.617,-38.677
Aracana aurita,147.18173,-43.28534
Aracana aurita,147.59,-43.01
Aracana aurita,127.675,-32.69347
Aracana aurita,147.4,-43.3
Aracana aurita,147.41,-43.08
Aracana aurita,147.98,-42.79
Aracana aurita,127.30986,-32.73486
Aracana aurita,147.51,-43.11
Aracana aurita,147.3447,-43.0472
Aracana aurita,125.85139,-32.725
Aracana aurita,145.665,-38.672
Aracana aurita,115.6595,-33.32567
Aracana aurita,147.54,-43.34
Aracana aurita,148.25179,-42.23265
Aracana aurita,115.0939,-33.5541
Aracana aurita,145.33,-38.65
Aracana aurita,125.15834,-32.975
Aracana aurita,115.66667,-32.11667
Aracana aurita,129.66667,-31.71666
Aracana aurita,147.283333,-43.2
Aracana aurita,147.43,-43.34
Aracana aurita,129.0507,-31.82583
Aracana aurita,126.45986,-33.18458
Aracana aurita,144.8675,-40.05944
Aracana aurita,144.81667,-40.07555
Aracana aurita,131.40834,-32.275
Aracana aurita,146.766,-40.966
Aracana aurita,132.24264,-32.75125
Aracana aurita,133.84167,-33.14166
Aracana aurita,147,-43
Aracana aurita,146.41695,-39.68389
Aracana aurita,147.53,-43.23
Aracana aurita,114.82137,-33.97619
Aracana aurita,150.49334,-37.27667
Aracana aurita,124.79167,-33.6
Aracana aurita,123.95111,-34.44347
Aracana aurita,147.95,-42.81
Aracana aurita,126.65945,-33.16764
Aracana aurita,147.51,-43.4
Aracana aurita,135.21667,-34.20833
Aracana aurita,130.58556,-32.00958
Aracana aurita,146.321,-39.054
Aracana aurita,124.75097,-33.57625
Aracana aurita,134.96695,-34.21792
Aracana aurita,146.8,-41.13333
Aracana aurita,131.41667,-32.28333
Aracana aurita,131.54167,-32.01778
Aracana aurita,126.77639,-33.31819
Aracana aurita,138.45,-35.33
Aracana aurita,133.83333,-34.74167
Aracana aurita,133.7007,-32.82625
Aracana aurita,143.90136999999999,-40.12952
Aracana aurita,133.68445,-32.83403
Aracana aurita,150.10392,-36.36467
Aracana aurita,147.58,-43.08
Aracana aurita,130.15959,-31.91805
Aracana aurita,133.73445,-33.59236
Aracana aurita,137.77,-35.12
Aracana aurita,124.48334,-33.175
Aracana aurita,148.31085,-41.86776
Aracana aurita,147.53,-43.09
Aracana aurita,124.90834,-34.13416
Aracana aurita,144.16035,-39.83151
Aracana aurita,148.14,-42.52
Aracana aurita,147.35959,-40.15847
Aracana aurita,150.03168,-37.27833
Aracana aurita,132.50125,-32.39194
Aracana aurita,131.39167,-32.275
Aracana aurita,115.29667,-31.3458
Aracana aurita,143.85167,-39.32722
Aracana aurita,131.36667,-32.23333
Aracana aurita,132.80139,-33.90875
Aracana aurita,115.644,-31.8785
Aracana aurita,131.30931,-31.85194
Aracana aurita,147.43,-43.29
Aracana aurita,128.66736,-32.15833
Aracana aurita,147.25,-43.316
Aracana aurita,147.58,-43.01
Aracana aurita,150.005,-37.425
Aracana aurita,145.42,-40.32
Aracana aurita,147.5,-43.34
Aracana aurita,131.43486,-31.94166
Aracana aurita,125.4,-33.23333
Aracana aurita,143.68,-38.76
Aracana aurita,130.83403,-31.775
Aracana aurita,127.125,-32.86667
Aracana aurita,147.8,-40.8
Aracana aurita,127.93334,-32.40847
Aracana aurita,115.1,-33.6
Aracana aurita,131.40097,-31.91694
Aracana aurita,125.825,-32.7
Aracana aurita,147.503,-39.5697
Aracana aurita,127.46667,-32.88333
Aracana aurita,130.35,-32.5
Aracana aurita,145.688,-38.66
Aracana aurita,150.067,-36.733
Aracana aurita,145.18864,-42.21403
Aracana aurita,147.05,-43.33333
Aracana aurita,133.16667,-32.96806
Aracana aurita,128.29306,-32.1668
Aracana aurita,147.55,-43.32
Aracana aurita,145.35,-40.26847
Aracana aurita,128.41806,-33.04291
Aracana aurita,124.8,-33.38333
Aracana aurita,147.6,-43.09
Aracana aurita,147.61683,-43.018
Aracana aurita,128.36667,-32.48333
Aracana aurita,131.32625,-32.56833
Aracana aurita,147.59,-43
Aracana aurita,115.4116,-31.74885
Aracana aurita,115.16667,-33.01667
Aracana aurita,145.16962,-42.19641
Aracana aurita,125.72598,-33.50903
Aracana aurita,147.41,-43.1
Aracana aurita,132.66806,-32.25972
Aracana aurita,147.42,-43.39
Aracana aurita,125.51667,-33.18333
Aracana aurita,129.19167,-31.98403
Aracana aurita,130.95833,-31.93333
Aracana aurita,145.41014,-40.24236
Aracana aurita,147.65,-43.11
Aracana aurita,145.52625,-40.53375
Aracana aurita,144.50236,-40
Aracana aurita,146.60917,-40.49222
Aracana aurita,141.633333333,-38.35
Aracana aurita,147.53,-43.31
Aracana aurita,144.717,-38.317
Aracana aurita,123.7333,-34.4333
Aracana aurita,128.6757,-32.18472
Aracana aurita,124.7,-33.4
Aracana aurita,131.48361,-31.9
Aracana aurita,125.525,-32.81666
Aracana aurita,115.85,-31.85
Aracana aurita,139,-36
Aracana aurita,147.53,-43.2
Aracana aurita,144.1,-39.66666
Aracana aurita,148.35394,-41.27299
Aracana aurita,147.51,-43.14
Aracana aurita,138.4878,-34.7703
Aracana aurita,125.41833,-32.90056
Aracana aurita,129.15,-31.95208
Aracana aurita,145,-39.73388
Aracana aurita,132.50903,-33.375
Aracana aurita,147.66,-43.26
Aracana aurita,133.18403,-32.98444
Aracana aurita,127.50223,-32.45139
Aracana aurita,132.74278,-32.44291
Aracana aurita,125.67681,-32.82597
Aracana aurita,118.03333,-35.05
Aracana aurita,147.58,-43.14
Aracana aurita,147.62,-43.2
Aracana aurita,134.65834,-34.20097
Aracana aurita,148.04628,-42.6025
Aracana aurita,125.21736,-33.92555
Aracana aurita,147.65,-43.2
Aracana aurita,146.60834,-38.99083
Aracana aurita,126.325,-32.69402
Aracana aurita,144.24167,-38.80097
Aracana aurita,130,-32.55041
Aracana aurita,149.07418,-37.835
Aracana aurita,130.57653,-31.93375
Aracana aurita,147.51,-43.08
Aracana aurita,130.61889,-31.90958
Aracana aurita,136.92,-34.5
Aracana aurita,134.60833,-34.01666
Aracana aurita,125.74292,-32.73347
Aracana aurita,131.3678,-32.1856
Aracana aurita,130.28389,-31.80902
Aracana aurita,138.48,-34.82
Aracana aurita,129.57639,-31.97597
Aracana aurita,125.8,-32.7
Aracana aurita,145.50834,-40.30833
Aracana aurita,144.43403,-39.68403
Aracana aurita,145.654,-38.679
Aracana aurita,144.99208,-39.95097
Aracana aurita,147.43,-43.35
Aracana aurita,124.93542,-33.53444
Aracana aurita,144.13336,-39.83551
Aracana aurita,137.911,-35.4079
Aracana aurita,147.65,-43.17
Aracana aurita,125.7757,-32.52597
Aracana aurita,130.4925,-33.32638
Aracana aurita,130.8932,-31.68444
Aracana aurita,150.75,-35.033
Aracana aurita,145.37,-40.72
Aracana aurita,148.23333,-40.21665
Aracana aurita,115.71667,-32.28333
Aracana aurita,133.15,-33.74306
Aracana aurita,126.25125,-32.90139
Aracana aurita,134.05834,-33.44278
Aracana aurita,131.15903,-31.925
Aracana aurita,144.65097,-39.46792
Aracana aurita,120.11667,-33.95
Aracana aurita,147.61,-43.11
Aracana aurita,147.61,-43.13
Aracana aurita,147.15111,-40.5918
Aracana aurita,128.61778,-32.45027
Aracana aurita,131.375,-32.28333
Aracana aurita,146.90931,-39.76861
Aracana aurita,137.747776,-35.084792
Aracana aurita,128.75,-33.63
Aracana aurita,147.6,-42.98
Aracana aurita,145.29836,-40.7405
Aracana aurita,129.61792,-32.2843
Aracana aurita,147.36833,-43.0805
Aracana aurita,147.41,-43.38
Aracana aurita,115.03333,-33.5
Aracana aurita,114.93333,-29.25
Aracana aurita,133.50028,-32.89305
Aracana aurita,141.633331299,-38.3499984741
Aracana aurita,145.32,-40.65
Aracana aurita,114.882,-34.0891
Aracana aurita,146.305,-39.04
Aracana aurita,114.92387,-33.68619
Aracana aurita,126.73334,-32.5
Aracana aurita,133.71667,-32.80069
Aracana aurita,126.71778,-33.33389
Aracana aurita,134.6333,-33.25
Aracana aurita,146.368164,-40.952034
Aracana aurita,127.35,-32.6
Aracana aurita,117.75,-35.08333
Aracana aurita,148.31433,-41.87447
Aracana aurita,147.43,-43.15
Aracana aurita,126.45,-32.73333
Aracana aurita,125.60834,-32.76666
Aracana aurita,135.01709,-35.3
Aracana aurita,129.13333,-32.31666
Aracana aurita,147.53,-43.28
Aracana aurita,147.37,-43.03
Aracana aurita,147.57,-43.17
Aracana aurita,146.56916,-38.97666
Aracana aurita,147.68,-43.23
Aracana aurita,133.69278,-32.81708
Aracana aurita,125.16667,-33.01791
Aracana aurita,147.47,-43.18
Aracana aurita,149.98584,-37.27667
Aracana aurita,133.68417,-32.81694
Aracana aurita,147.9393,-39.70147
Aracana aurita,145.46792,-40.05972
Aracana aurita,130.04167,-31.83361
Aracana aurita,115.25,-33.58333
Aracana aurita,133.65833,-32.825
Aracana aurita,115.5666667,-32.66666667
Aracana aurita,134.91723,-34.22625
Aracana aurita,130.08334,-33
Aracana aurita,146.32,-40.97
Aracana aurita,144.04475,-40.08036
Aracana aurita,147.59,-43.04
Aracana aurita,144.36778,-39.40903
Aracana aurita,144.74195,-39.75083
