species,decimalLongitude,decimalLatitude
Ardenna carneipes,118.137,-35.4484
Ardenna carneipes,119.5,-34.6
Ardenna carneipes,121.9,-33.9
Ardenna carneipes,115.094,-35.1554
Ardenna carneipes,119.43322,-34.48588
Ardenna carneipes,153.809,-27.8277
Ardenna carneipes,119.61685,-34.78098
Ardenna carneipes,151.425,-34.4884
Ardenna carneipes,151.417,-33.9167
Ardenna carneipes,152.743,-32.6856
Ardenna carneipes,152.4134,-32.6551
Ardenna carneipes,151.317,-33.742
Ardenna carneipes,115.1,-34.4
Ardenna carneipes,149.98,-37.6106
Ardenna carneipes,151.265,-33.9412
Ardenna carneipes,134.06667,-33.78333
Ardenna carneipes,134.75,-35.83334
Ardenna carneipes,117.9,-35
Ardenna carneipes,151.334,-33.8343
Ardenna carneipes,119.6,-34.7
Ardenna carneipes,119.41132,-34.42114
Ardenna carneipes,139.1,-37.65
Ardenna carneipes,117.92935,-35.11871
Ardenna carneipes,118.5,-34.5
Ardenna carneipes,141.548,-38.6555
Ardenna carneipes,119.75,-34.8
Ardenna carneipes,118.40882,-34.87997
Ardenna carneipes,118.4,-34.9
Ardenna carneipes,141.3684,-38.6146
Ardenna carneipes,118.1,-35.4
Ardenna carneipes,119.532,-34.5974
Ardenna carneipes,152.281,-33.1742
Ardenna carneipes,150.267,-38.1167
Ardenna carneipes,142.094,-38.5611
Ardenna carneipes,115.2,-34.4
Ardenna carneipes,115.10908,-31.94954
Ardenna carneipes,117.7,-35.1
Ardenna carneipes,119.6413,-34.73873
Ardenna carneipes,150.65,-36.9833
Ardenna carneipes,150.05,-38.1
Ardenna carneipes,138.5167,-35
Ardenna carneipes,149.5,-37.5
Ardenna carneipes,115.016,-33.5391
Ardenna carneipes,151.5,-34.5
Ardenna carneipes,153.54272,-27.4234
Ardenna carneipes,119.6,-34.8
Ardenna carneipes,153.327,-29.6757
Ardenna carneipes,139.6,-37.7833
Ardenna carneipes,141.845,-38.7972
Ardenna carneipes,150.86667,-36.26667
Ardenna carneipes,115.113,-35.1852
Ardenna carneipes,119.4,-34.8888
Ardenna carneipes,118.2,-35
Ardenna carneipes,118,-35.1
Ardenna carneipes,139.25,-36.55
Ardenna carneipes,122.7,-33.9
Ardenna carneipes,151.265,-33.9591
Ardenna carneipes,148.0096,-38.0068
Ardenna carneipes,138.68334,-36.21667
Ardenna carneipes,118.249,-35.4745
Ardenna carneipes,136.11166,-35.55607
Ardenna carneipes,114.5,-31.8
Ardenna carneipes,112.28333,-24.66667
Ardenna carneipes,151.179,-34.8036
Ardenna carneipes,153.52384,-27.9234
Ardenna carneipes,118.1,-35.2
Ardenna carneipes,153.66773,-28.81507
Ardenna carneipes,121.894002477567,-33.914345981868
Ardenna carneipes,133.31667,-32.8
Ardenna carneipes,117.9,-35.1
Ardenna carneipes,151.467,-34.6
Ardenna carneipes,131.06666,-33.2
Ardenna carneipes,150.217,-37.7333
Ardenna carneipes,118.1,-35.1
Ardenna carneipes,152.1232,-32.9728
Ardenna carneipes,141.7513,-38.4152
Ardenna carneipes,139.917,-38.05
Ardenna carneipes,119.47705,-34.84083
Ardenna carneipes,137.61667,-35.93333
Ardenna carneipes,118.1,-35.3
Ardenna carneipes,153.615,-28.6407
Ardenna carneipes,141.3347,-38.6652
Ardenna carneipes,151.8833,-34.0167
Ardenna carneipes,113,-35
Ardenna carneipes,150.128,-37.0809
Ardenna carneipes,113,-37
Ardenna carneipes,119.48125,-34.63404
Ardenna carneipes,119.555,-34.6491
Ardenna carneipes,117.899,-35.1205
Ardenna carneipes,114.2,-27.7
Ardenna carneipes,151.48493,-34.0146
Ardenna carneipes,119.37563,-34.88843
Ardenna carneipes,115.005,-33.5594
Ardenna carneipes,153.45107,-29.09841
Ardenna carneipes,119.98246,-33.95446
Ardenna carneipes,139.85,-37.96667
Ardenna carneipes,141.25,-38.31667
Ardenna carneipes,138.417,-37.2333
Ardenna carneipes,153.55939,-27.43173
Ardenna carneipes,151.7371,-33.4298
Ardenna carneipes,138.683,-36.2167
Ardenna carneipes,140.662,-38.0589
Ardenna carneipes,117.885,-35.0213
Ardenna carneipes,119.63627,-34.71219
Ardenna carneipes,118.5,-35.5
Ardenna carneipes,118.106,-35.4191
Ardenna carneipes,151.883,-34.0167
Ardenna carneipes,117.6,-35.1
Ardenna carneipes,141.883,-38.8167
Ardenna carneipes,117.6436,-36.3046
Ardenna carneipes,115.136,-34.374
Ardenna carneipes,119.6,-34.6
Ardenna carneipes,116.1,-34.9
Ardenna carneipes,119.621,-34.742
Ardenna carneipes,142.5,-38.5
Ardenna carneipes,115,-34
Ardenna carneipes,119.464,-34.5028
Ardenna carneipes,153.51773,-27.48172
Ardenna carneipes,153.95967,-27.96978
Ardenna carneipes,118.2,-35.4
Ardenna carneipes,115.157,-34.9261
Ardenna carneipes,151.0083,-37.9916
Ardenna carneipes,134.25,-33.96666
Ardenna carneipes,152.8463,-31.7888
Ardenna carneipes,117.9,-35.2
Ardenna carneipes,114.9588,-36.8621
Ardenna carneipes,119.461,-34.4856
Ardenna carneipes,155.57,-28.6235
Ardenna carneipes,117.5,-35.1
Ardenna carneipes,121.9,-34.1
Ardenna carneipes,141.875,-38.825
Ardenna carneipes,141.7513,-38.5818
Ardenna carneipes,118.1,-35.4021
Ardenna carneipes,151.297,-33.8212
Ardenna carneipes,114.5,-28.5
Ardenna carneipes,153.51667,-27.48333
Ardenna carneipes,151.36887,-34.41889
Ardenna carneipes,143.6,-40.3833
Ardenna carneipes,113.0167,-32.0167
Ardenna carneipes,119.4,-34.4
Ardenna carneipes,151.117,-35.7333
Ardenna carneipes,150.183,-37.1
Ardenna carneipes,138.767,-37.3333
Ardenna carneipes,114.9833,-35.7726
Ardenna carneipes,150.0845,-37.0817
Ardenna carneipes,119.4,-34.5
Ardenna carneipes,119.472,-34.5031
Ardenna carneipes,151.9998,-33.1191
Ardenna carneipes,151.5,-33.5
Ardenna carneipes,136.0167,-34.9833
Ardenna carneipes,115.1,-35.1
Ardenna carneipes,118.091,-35.1842
Ardenna carneipes,141.892,-38.825
Ardenna carneipes,116.022,-34.8375
Ardenna carneipes,137.233,-36.9
Ardenna carneipes,153.512,-30.8692
Ardenna carneipes,154.15318,-28.08016
Ardenna carneipes,120,-34.8
Ardenna carneipes,153.48333,-29.16667
Ardenna carneipes,140.06667,-38.1
Ardenna carneipes,153.358,-29.435
Ardenna carneipes,119.50308,-34.80203
Ardenna carneipes,152.60112,-32.43174
Ardenna carneipes,119.48193,-34.53639
Ardenna carneipes,112.28333,-28.46667
Ardenna carneipes,151.292,-33.8301
Ardenna carneipes,118.40463,-34.88378
Ardenna carneipes,115.152,-33.5987
Ardenna carneipes,151.307,-33.8076
Ardenna carneipes,127.5,-35.5
Ardenna carneipes,121.9606,-33.94035
Ardenna carneipes,119.62583,-34.78209
Ardenna carneipes,116.764,-34.9958
Ardenna carneipes,118,-35
Ardenna carneipes,126.3,-32.3
Ardenna carneipes,153.78333,-29.21667
Ardenna carneipes,153.545,-27.4344
Ardenna carneipes,119.39996,-34.42563
Ardenna carneipes,119.64951,-34.75944
Ardenna carneipes,118.154,-35.3977
Ardenna carneipes,152.5,-32.5
Ardenna carneipes,115,-31.9
Ardenna carneipes,140.417,-38.3333
Ardenna carneipes,140.58752,-38.39001
Ardenna carneipes,150.2409,-36.25541
Ardenna carneipes,140.41619,-38.30579
Ardenna carneipes,140.56667,-38.18333
Ardenna carneipes,122.3,-34.1
Ardenna carneipes,145.25,-38.58
Ardenna carneipes,119.33481,-34.89017
Ardenna carneipes,141.8017,-38.8485
Ardenna carneipes,118,-37
Ardenna carneipes,117.89898,-35.12049
Ardenna carneipes,119.55496,-34.64905
Ardenna carneipes,139,-37.4833
Ardenna carneipes,114.994,-33.9924
Ardenna carneipes,115,-33.9
Ardenna carneipes,135.8761,-34.7428
Ardenna carneipes,138.45,-35.3333
Ardenna carneipes,119.45522,-34.4863
Ardenna carneipes,150.633,-35.5
Ardenna carneipes,115.66561,-32.04173
Ardenna carneipes,122.278,-34.7965
Ardenna carneipes,151.45,-33.56667
Ardenna carneipes,142.078,-38.6028
Ardenna carneipes,151.36782,-33.91509
Ardenna carneipes,136.065,-35.2307
Ardenna carneipes,152.1509,-32.94
Ardenna carneipes,117.884947641442,-35.1833714401011
Ardenna carneipes,138.91,-35.58
Ardenna carneipes,151.221,-34.493
Ardenna carneipes,137.61666,-36.91666
Ardenna carneipes,153.52189,-27.47479
Ardenna carneipes,155.218,-27.6592
Ardenna carneipes,150.45,-36.8833
Ardenna carneipes,152.937,-31.4758
Ardenna carneipes,119.5,-34.7
Ardenna carneipes,121.5,-33.5
Ardenna carneipes,139,-37.6167
Ardenna carneipes,143.03333,-38.88333
Ardenna carneipes,124.1,-33.9
Ardenna carneipes,151.28,-33.83
Ardenna carneipes,153.4344,-29.09841
Ardenna carneipes,151.8,-34.05
Ardenna carneipes,150.5,-36.5
Ardenna carneipes,119.589,-34.7432
Ardenna carneipes,118.212746024996,-34.9995445988182
Ardenna carneipes,119.542,-34.8095
Ardenna carneipes,137.433,-36.9667
Ardenna carneipes,115.2,-34.7
Ardenna carneipes,153.41774,-29.43174
Ardenna carneipes,139.83333,-37.95
Ardenna carneipes,117.929,-35.1187
Ardenna carneipes,152.4086,-32.6598
Ardenna carneipes,149,-37
Ardenna carneipes,141.7097,-38.3735
Ardenna carneipes,115.01608,-33.53912
Ardenna carneipes,142.06667,-38.5
Ardenna carneipes,110.00072,-33.49965
Ardenna carneipes,140.504,-38.3244
Ardenna carneipes,121.3973,-36.5934
Ardenna carneipes,115.16,-31.9641
Ardenna carneipes,110.00054,-31.99581
Ardenna carneipes,112.05,-32.3
Ardenna carneipes,119.501,-34.82
Ardenna carneipes,138.6167,-35.55
Ardenna carneipes,137.333,-36.9667
Ardenna carneipes,139.3,-37.7
Ardenna carneipes,119.5,-34.5
Ardenna carneipes,118.19453,-34.97292
Ardenna carneipes,138.102,-35.6039
Ardenna carneipes,139.033,-37.3
Ardenna carneipes,112.1,-32.3
Ardenna carneipes,143.667,-40.35
Ardenna carneipes,141.5097,-38.5068
Ardenna carneipes,115.195946625116,-34.4043284022761
Ardenna carneipes,141.812,-38.871
Ardenna carneipes,152.3283,-32.7383
Ardenna carneipes,150.195,-37.8331
Ardenna carneipes,112.13333,-28.31667
Ardenna carneipes,151.80114,-32.94842
Ardenna carneipes,119.335,-34.8902
Ardenna carneipes,152.794,-31.923
Ardenna carneipes,151.26782,-33.79842
Ardenna carneipes,152.78333,-32.65
Ardenna carneipes,138.7,-37.35
Ardenna carneipes,155.81667,-29.01667
Ardenna carneipes,150.5,-37.5
Ardenna carneipes,153.571,-28.1999
Ardenna carneipes,140.56666,-38.38333
Ardenna carneipes,119.4,-34.8
Ardenna carneipes,117.3122,-37.1488
Ardenna carneipes,151.00117,-34.41509
Ardenna carneipes,113.2,-32.2
Ardenna carneipes,151.265,-33.9419
Ardenna carneipes,150,-37
Ardenna carneipes,153.54272,-27.44007
Ardenna carneipes,140.702,-38.0544
Ardenna carneipes,139.9,-37.9
Ardenna carneipes,141.9847,-38.4145
Ardenna carneipes,150.067,-36.4287
Ardenna carneipes,153.048,-30.8627
Ardenna carneipes,150.127,-37.0697
Ardenna carneipes,119.53987,-34.59432
Ardenna carneipes,152.8511,-31.59841
Ardenna carneipes,137.217,-36.9167
Ardenna carneipes,117.5,-35.5
Ardenna carneipes,138.68333,-36.21667
Ardenna carneipes,151.308,-33.8583
Ardenna carneipes,152.91,-31.25
Ardenna carneipes,118.1,-34.9
Ardenna carneipes,119.617,-34.7277
Ardenna carneipes,137.617,-36.9167
Ardenna carneipes,119.5,-34.8
Ardenna carneipes,136.1875,-35.0542
Ardenna carneipes,117.893,-35.118
Ardenna carneipes,119.9833,-34.7667
Ardenna carneipes,119.3,-35
Ardenna carneipes,119.91455,-33.95843
Ardenna carneipes,115.4,-31.9
Ardenna carneipes,129.2,-32.28333
Ardenna carneipes,151.948,-33.1805
Ardenna carneipes,151.15,-35.7167
Ardenna carneipes,138.6,-37.35
Ardenna carneipes,119.56949,-34.80363
Ardenna carneipes,152.71777,-31.86508
Ardenna carneipes,119.45165,-34.67347
Ardenna carneipes,119.50473,-34.83366
Ardenna carneipes,115.031,-33.5342
Ardenna carneipes,153.55349,-28.16636
Ardenna carneipes,115,-33.6
Ardenna carneipes,151.304,-33.8367
Ardenna carneipes,115,-33.5
Ardenna carneipes,153.30108,-30.19841
Ardenna carneipes,153.604,-28.8431
Ardenna carneipes,138.5,-34.5
Ardenna carneipes,118.09079,-35.18416
Ardenna carneipes,141.418,-38.415
Ardenna carneipes,136.51667,-35.4
Ardenna carneipes,122.839886036828,-33.9911785396752
Ardenna carneipes,139.1,-37.6667
Ardenna carneipes,152.7649,-32.0126
Ardenna carneipes,153.537,-30.3552
Ardenna carneipes,151.5,-35.5
Ardenna carneipes,151.26782,-33.93175
Ardenna carneipes,138.967,-37.6333
Ardenna carneipes,138.58,-35.58
Ardenna carneipes,144.5,-38.28333
Ardenna carneipes,153.361,-29.4029
Ardenna carneipes,119.48163,-34.51411
Ardenna carneipes,152.42483,-33.33485
Ardenna carneipes,152.899,-31.4334
Ardenna carneipes,130.65,-32.28333
Ardenna carneipes,153.59474,-28.86264
Ardenna carneipes,136.517,-35.4
Ardenna carneipes,138,-34
Ardenna carneipes,150.883,-34.433
Ardenna carneipes,139.85,-37.98333
Ardenna carneipes,151.324,-33.8481
Ardenna carneipes,151.80114,-32.89842
Ardenna carneipes,119.53223,-34.59742
Ardenna carneipes,115.5,-34.5
Ardenna carneipes,118.01667,-35.26667
Ardenna carneipes,126.2,-32.3
Ardenna carneipes,119.39978,-34.42534
Ardenna carneipes,117.974226074484,-35.075622415407
Ardenna carneipes,119.31519,-34.88491
Ardenna carneipes,141.4263,-38.3902
Ardenna carneipes,135.93333,-35.5
Ardenna carneipes,114.9504,-36.7871
Ardenna carneipes,136.55,-35.2667
Ardenna carneipes,113.5,-24.5
Ardenna carneipes,115.5,-32
Ardenna carneipes,136.895,-35.2264
Ardenna carneipes,138.6,-37.3167
Ardenna carneipes,140.5,-38.5
Ardenna carneipes,114.95,-36.6564
Ardenna carneipes,138.96667,-37.25
Ardenna carneipes,141.08,-38.41
Ardenna carneipes,150.133,-38.3333
Ardenna carneipes,118.228,-35.0672
Ardenna carneipes,118.15,-35.4193
Ardenna carneipes,153.428,-27.9685
Ardenna carneipes,133.94999,-34.7
Ardenna carneipes,149.9,-37.56
Ardenna carneipes,118.0878,-35.1583
Ardenna carneipes,141.6,-38.35
Ardenna carneipes,149.983,-37.1
Ardenna carneipes,153.58333,-29.46667
Ardenna carneipes,113.1,-31.16667
Ardenna carneipes,115.307,-31.9988
Ardenna carneipes,153.54272,-27.4359
Ardenna carneipes,121.986350609336,-34.0643275537691
Ardenna carneipes,119.6,-34.1
Ardenna carneipes,125.9618,-38.4309
Ardenna carneipes,119.626,-34.7821
Ardenna carneipes,115.3,-31.9333
Ardenna carneipes,121.983,-33.9752
Ardenna carneipes,144.58,-38.25
Ardenna carneipes,122.4,-34.2
Ardenna carneipes,113.2,-32.1
Ardenna carneipes,113.5,-26.5
Ardenna carneipes,151.11849,-34.42431
Ardenna carneipes,114.9833,-35.6932
Ardenna carneipes,153.43333,-27.15
Ardenna carneipes,136.52833,-35.35
Ardenna carneipes,112.43333,-26.71667
Ardenna carneipes,138.5,-37.3167
Ardenna carneipes,118.197,-35.4281
Ardenna carneipes,119.56166,-34.80284
Ardenna carneipes,117.4066,-36.9091
Ardenna carneipes,137.1667,-35.9833
Ardenna carneipes,113.13333,-29.95
Ardenna carneipes,153.704,-27.9136
Ardenna carneipes,119.562,-34.8028
Ardenna carneipes,140.58333,-38.38333
Ardenna carneipes,119.8,-34.8
Ardenna carneipes,119.44661,-34.83549
Ardenna carneipes,150.4,-36.9
Ardenna carneipes,151.91,-32.91
Ardenna carneipes,115.6,-31.9
Ardenna carneipes,115.1,-35.2
Ardenna carneipes,153.73333,-29.93333
Ardenna carneipes,118.163,-35.3756
Ardenna carneipes,119.596,-34.7781
Ardenna carneipes,113.5,-28.5
Ardenna carneipes,153.013,-32.1122
Ardenna carneipes,152.2613,-32.8089
Ardenna carneipes,137.2414,-41.9003
Ardenna carneipes,152.691,-31.877
Ardenna carneipes,119.60031,-34.77108
Ardenna carneipes,140.54172,-38.43691
Ardenna carneipes,115.13552,-34.37405
Ardenna carneipes,152.26085,-33.08536
Ardenna carneipes,141.77,-38.7989
Ardenna carneipes,138.567,-36.15
Ardenna carneipes,152.7507,-32.0564
Ardenna carneipes,122.8,-34
Ardenna carneipes,153.55,-28.21667
Ardenna carneipes,119.608,-34.7634
Ardenna carneipes,113.75,-32.15
Ardenna carneipes,151.301,-33.8951
Ardenna carneipes,153.561,-26.9294
Ardenna carneipes,135.88333,-36.35
Ardenna carneipes,151.019,-34.7181
Ardenna carneipes,116.02249,-34.83747
Ardenna carneipes,119.35,-35
Ardenna carneipes,139.367,-37.75
Ardenna carneipes,149.533,-38.4333
Ardenna carneipes,153.205,-31.8792
Ardenna carneipes,119.62599,-34.76775
Ardenna carneipes,114.987,-33.8573
Ardenna carneipes,149.993,-36.9939
Ardenna carneipes,141.775,-38.792
Ardenna carneipes,118.409,-34.88
Ardenna carneipes,119.61612,-34.7586
Ardenna carneipes,153.189,-31.8479
Ardenna carneipes,114.9833,-35.8655
Ardenna carneipes,141.3763,-38.5402
Ardenna carneipes,152.53292,-32.46262
Ardenna carneipes,144.1,-40.5
Ardenna carneipes,152.3139,-32.7523
Ardenna carneipes,130.85,-31.85
Ardenna carneipes,149.617,-38.2667
Ardenna carneipes,142.65,-38.73333
Ardenna carneipes,116.9,-35
Ardenna carneipes,117.9892,-35.4141
Ardenna carneipes,154.3094,-27.2796
Ardenna carneipes,114.7,-31.9
Ardenna carneipes,155.76667,-29.1
Ardenna carneipes,151.6,-34.01167
Ardenna carneipes,134.91,-34.58
Ardenna carneipes,115.725,-31.8228
Ardenna carneipes,119.594,-34.7683
Ardenna carneipes,119.624,-34.7534
Ardenna carneipes,140.317,-38.2833
Ardenna carneipes,150.183,-37.1333
Ardenna carneipes,139.083,-37.6667
Ardenna carneipes,115.68333,-35.58333
Ardenna carneipes,123.8,-33.8
Ardenna carneipes,141.5,-38.5
Ardenna carneipes,119.7,-34.7
Ardenna carneipes,136.5873,-41.7378
Ardenna carneipes,138.03333,-36.38333
Ardenna carneipes,117.5485,-36.5478
Ardenna carneipes,118.176,-34.9725
Ardenna carneipes,120.1,-33.9
Ardenna carneipes,151.357,-34.4253
Ardenna carneipes,149.982,-37.5136
Ardenna carneipes,155.5,-28.61667
Ardenna carneipes,138.233,-37.25
Ardenna carneipes,152.40943,-32.78277
Ardenna carneipes,119.39952,-34.42504
Ardenna carneipes,119.4,-34.7
Ardenna carneipes,137.48333,-36.71667
Ardenna carneipes,124.13743137949,-33.851403600768
Ardenna carneipes,113.8,-28.5
Ardenna carneipes,114.9891,-36.9812
Ardenna carneipes,119.4382,-34.43805
Ardenna carneipes,119.641,-34.7387
Ardenna carneipes,153.542,-27.4323
Ardenna carneipes,140.9,-38.31667
Ardenna carneipes,114.967,-37.6824
Ardenna carneipes,137.91,-34.91
Ardenna carneipes,153.934,-27.8089
Ardenna carneipes,118.177,-35.347
Ardenna carneipes,152.8287,-31.8268
Ardenna carneipes,150.91,-34.25
Ardenna carneipes,152.79,-31.9353
Ardenna carneipes,152.435,-32.634
Ardenna carneipes,141.286,-38.631
Ardenna carneipes,153.441,-27.9696
Ardenna carneipes,118.96667,-37.18333
Ardenna carneipes,138.8,-37.3833
Ardenna carneipes,117.774,-35.9698
Ardenna carneipes,114.9077,-37.87
Ardenna carneipes,118.076,-35.2199
Ardenna carneipes,114.33333,-29.2
Ardenna carneipes,145.22,-37.47
Ardenna carneipes,145.198,-39.2705
Ardenna carneipes,140.567,-38.4333
Ardenna carneipes,138.03,-35.6514
Ardenna carneipes,153.551,-28.1643
Ardenna carneipes,130.98333,-33.28333
Ardenna carneipes,151.56667,-34
Ardenna carneipes,118.38333,-35.26667
Ardenna carneipes,152.976,-31.1911
Ardenna carneipes,130.8,-32.28333
Ardenna carneipes,115.31667,-31.98333
Ardenna carneipes,119.477,-34.8408
Ardenna carneipes,135.25,-34.41
Ardenna carneipes,150.896,-34.5973
Ardenna carneipes,115.138,-35.2049
Ardenna carneipes,152.3964,-32.6717
Ardenna carneipes,115.3,-31.9
Ardenna carneipes,150.884,-34.6689
Ardenna carneipes,120.661,-36.2717
Ardenna carneipes,115.1,-32
Ardenna carneipes,143.383,-40.3833
Ardenna carneipes,118.285,-35.4687
Ardenna carneipes,117.6906,-36.1841
Ardenna carneipes,144.367,-41.5333
Ardenna carneipes,139.89999,-37.9
Ardenna carneipes,119.376,-34.8851
Ardenna carneipes,112.26667,-25.65
Ardenna carneipes,149.7,-38.3
Ardenna carneipes,151.038,-34.75
Ardenna carneipes,117.902,-35.1021
Ardenna carneipes,118.0258,-35.3193
Ardenna carneipes,119.6,-34.2
Ardenna carneipes,118.28534,-35.4687
Ardenna carneipes,151.75,-32.9167
Ardenna carneipes,138.7833,-35.5
Ardenna carneipes,152.932,-31.426
Ardenna carneipes,153.91856,-28.01455
Ardenna carneipes,139.483,-37.75
Ardenna carneipes,150.798,-35.1151
Ardenna carneipes,119.915,-33.9584
Ardenna carneipes,139.6,-37.85
Ardenna carneipes,135.25,-34.58
Ardenna carneipes,112.4,-32.3
Ardenna carneipes,110.00557,-28.99903
Ardenna carneipes,121.995536773198,-33.9868764062169
Ardenna carneipes,119.61662,-34.72771
Ardenna carneipes,139.9,-37.86667
Ardenna carneipes,114.4,-33.05
Ardenna carneipes,118,-38
Ardenna carneipes,150.317,-36.9167
Ardenna carneipes,151.039,-34.4615
Ardenna carneipes,136.83333,-36.61667
Ardenna carneipes,142,-38
Ardenna carneipes,140.63895,-38.43335
Ardenna carneipes,150.5,-34.5
Ardenna carneipes,152.8029,-31.8955
Ardenna carneipes,140.66667,-38.16667
Ardenna carneipes,118.40167,-34.88056
Ardenna carneipes,122,-34
Ardenna carneipes,134.76666,-35.06667
Ardenna carneipes,139.99632,-37.46653
Ardenna carneipes,118.405,-34.8844
Ardenna carneipes,151.4,-34.4273
Ardenna carneipes,114.1,-32.9
Ardenna carneipes,151.5,-35.25
Ardenna carneipes,119.43301,-34.84496
Ardenna carneipes,114.9657,-36.9249
Ardenna carneipes,155.29,-27.5361
Ardenna carneipes,153.427,-27.9684
Ardenna carneipes,141.25,-40.23333
Ardenna carneipes,143.717,-40.85
Ardenna carneipes,151.042,-34.7042
Ardenna carneipes,144.65,-38.27
Ardenna carneipes,136.55,-35.26666
Ardenna carneipes,150.161,-35.908
Ardenna carneipes,136.5,-35.5
Ardenna carneipes,141.9083,-38.8416
Ardenna carneipes,141.27,-38.2
Ardenna carneipes,117.231,-35.0182
Ardenna carneipes,135.41,-34.41
Ardenna carneipes,153.55107,-28.91508
Ardenna carneipes,123.259199755816,-34.051220875351
Ardenna carneipes,137.5667,-35.9
Ardenna carneipes,113,-25.5
Ardenna carneipes,122.1,-33.9
Ardenna carneipes,117.8,-35
Ardenna carneipes,115.5,-33.5
Ardenna carneipes,137.733,-37.0667
Ardenna carneipes,119.617,-34.7519
Ardenna carneipes,117.23796,-35.02496
Ardenna carneipes,153.76773,-29.0984
Ardenna carneipes,109.99886,-31.99761
Ardenna carneipes,141.92,-38.7489
Ardenna carneipes,138.003,-35.6725
Ardenna carneipes,119.60958,-34.76926
Ardenna carneipes,111.88333,-36.76667
Ardenna carneipes,152.3019,-32.7641
Ardenna carneipes,153.372,-29.3963
Ardenna carneipes,149.367,-38.5667
Ardenna carneipes,138.7842,-35.4856
Ardenna carneipes,120.43333,-34.35
Ardenna carneipes,151.79,-33.4573
Ardenna carneipes,138.633,-37.25
Ardenna carneipes,119.478,-34.5333
Ardenna carneipes,141.869,-38.7758
Ardenna carneipes,152.7548,-32.0439
Ardenna carneipes,152.5635,-32.5081
Ardenna carneipes,118.61667,-35.28333
Ardenna carneipes,150.914,-34.4186
Ardenna carneipes,118.2,-34.9
Ardenna carneipes,122.244314442157,-34.1347659903806
Ardenna carneipes,152.26779,-32.91508
Ardenna carneipes,118.0592,-35.0848
Ardenna carneipes,117.93,-35.1187
Ardenna carneipes,116,-34.9
Ardenna carneipes,152.6518,-32.3328
Ardenna carneipes,113.11667,-31.25
Ardenna carneipes,144.668,-38.332
Ardenna carneipes,119.61521,-34.75667
Ardenna carneipes,135.85,-35.5
Ardenna carneipes,109.99755999999999,-30.52501
Ardenna carneipes,121.935,-33.9247
Ardenna carneipes,117.981,-35.0491
Ardenna carneipes,117.5724,-36.4869
Ardenna carneipes,139.133,-37.7
Ardenna carneipes,149.733,-38.25
Ardenna carneipes,139.517,-37.8167
Ardenna carneipes,118.263,-35.3703
Ardenna carneipes,116.5,-35
Ardenna carneipes,113.1,-27.3
Ardenna carneipes,118,-35.3
Ardenna carneipes,115.7,-32.3
Ardenna carneipes,137.85,-37.1167
Ardenna carneipes,136.33333,-35.56667
Ardenna carneipes,131.08,-31.41
Ardenna carneipes,150.483,-36.85
Ardenna carneipes,131.277,-35.768
Ardenna carneipes,137.61667,-36.91667
Ardenna carneipes,109.99821,-33.50049
Ardenna carneipes,115.754,-32.1346
Ardenna carneipes,150.043,-37.5752
Ardenna carneipes,121.632,-34.6067
Ardenna carneipes,115,-34.3
Ardenna carneipes,119.626,-34.7634
Ardenna carneipes,138.617,-37.4833
Ardenna carneipes,140.702,-38.083
Ardenna carneipes,144.5,-38.5
Ardenna carneipes,119.59747,-34.72472
Ardenna carneipes,119.6,-34.9
Ardenna carneipes,134.83333,-34.71667
Ardenna carneipes,152.8087,-31.8773
Ardenna carneipes,138.75,-35.58
Ardenna carneipes,139.183,-37.6833
Ardenna carneipes,151.66781,-33.08175
Ardenna carneipes,151.79,-32.9154
Ardenna carneipes,142.1484,-38.4049
Ardenna carneipes,132.8,-34.45
Ardenna carneipes,141.18333,-38.43333
Ardenna carneipes,114.8,-31.9
Ardenna carneipes,152.775,-31.9816
Ardenna carneipes,118.038641246826,-35.0444281308086
Ardenna carneipes,119.64129,-34.76937
Ardenna carneipes,150.15,-38.3
Ardenna carneipes,154.11778,-27.965
Ardenna carneipes,113.0667,-32.55
Ardenna carneipes,119.5,-34.9
Ardenna carneipes,152.25422,-32.70934
Ardenna carneipes,150.751,-35.4459
Ardenna carneipes,151.114,-34.1392
Ardenna carneipes,149.7,-38.2667
Ardenna carneipes,153,-30.75
Ardenna carneipes,110.04084,-33.50097
Ardenna carneipes,119.9,-34.7
Ardenna carneipes,113.73333,-34
Ardenna carneipes,118.161,-35.5234
Ardenna carneipes,141.3347,-38.5818
Ardenna carneipes,142.153,-38.5194
Ardenna carneipes,150.5,-36.75
Ardenna carneipes,144.3,-41.4
Ardenna carneipes,109.36667,-29.75
Ardenna carneipes,116.9,-35.1
Ardenna carneipes,119.503,-34.802
Ardenna carneipes,139.933,-37.8833
Ardenna carneipes,133.83333,-32.71667
Ardenna carneipes,139.08333,-36.41667
Ardenna carneipes,141.3021,-38.6977
Ardenna carneipes,114.9833,-35.7708
Ardenna carneipes,140.43333,-38.2
Ardenna carneipes,123.1,-34
Ardenna carneipes,137.167,-36.8333
Ardenna carneipes,123.238032259503,-34.0295189214991
Ardenna carneipes,132.55,-35.88333
Ardenna carneipes,153.91667,-30.23333
Ardenna carneipes,150.166,-37.5753
Ardenna carneipes,137.45,-36.18333
Ardenna carneipes,138.583,-36.2
Ardenna carneipes,152.7699,-31.9971
Ardenna carneipes,137.5,-35.5
Ardenna carneipes,109.99591,-30.50354
Ardenna carneipes,151.231,-34.0169
Ardenna carneipes,119.53725,-34.6057
Ardenna carneipes,119.49869,-34.87116
Ardenna carneipes,151.72,-33.45
Ardenna carneipes,151.5,-35.2167
Ardenna carneipes,153.61772,-27.44841
Ardenna carneipes,150.023,-37.2704
Ardenna carneipes,115.168,-34.3604
Ardenna carneipes,138.5,-35.5
Ardenna carneipes,116.00507,-34.83838
Ardenna carneipes,141.26667,-38.6
Ardenna carneipes,149.7,-38.25
Ardenna carneipes,151.25116,-34.04842
Ardenna carneipes,150.942,-34.4131
Ardenna carneipes,121.964684036215,-34.0490899873162
Ardenna carneipes,153.618,-28.7064
Ardenna carneipes,142.255,-38.7596
Ardenna carneipes,142.41,-38.91
Ardenna carneipes,141.58,-38.58
Ardenna carneipes,152.1403,-32.9526
Ardenna carneipes,118,-35.2
Ardenna carneipes,141.8416,-38.8416
Ardenna carneipes,153.592,-28.8672
Ardenna carneipes,153.43333,-29.4167
Ardenna carneipes,139.833,-37.95
Ardenna carneipes,127.5667,-33.65
Ardenna carneipes,152.713,-32.1724
Ardenna carneipes,119.55255,-34.8152
Ardenna carneipes,110.00014,-27.49937
Ardenna carneipes,119.597,-34.7247
Ardenna carneipes,143.967,-40.4833
Ardenna carneipes,112.33333,-30.76667
Ardenna carneipes,118.006,-35.0167
Ardenna carneipes,140.58749,-38.38911
Ardenna carneipes,152.98443,-31.39841
Ardenna carneipes,122.105922443477,-34.1973382184019
Ardenna carneipes,139.88333,-37.91667
Ardenna carneipes,148.6,-39.0167
Ardenna carneipes,152.1852,-32.8992
Ardenna carneipes,152.3253,-32.7412
Ardenna carneipes,119.9,-33.9
Ardenna carneipes,131.23333,-32.06666
Ardenna carneipes,117.8,-35.1
Ardenna carneipes,152.2069,-32.8734
Ardenna carneipes,153.607,-28.8299
Ardenna carneipes,123.888411255027,-34.1041317018612
Ardenna carneipes,137.45,-36.9833
Ardenna carneipes,114.9521,-37.7294
Ardenna carneipes,141.856,-38.809
Ardenna carneipes,150.183,-37.7333
Ardenna carneipes,139.9,-37.88333
Ardenna carneipes,115.7,-31.7
Ardenna carneipes,154.35,-30.76667
Ardenna carneipes,144.75,-41.75
Ardenna carneipes,150.083,-38.0667
Ardenna carneipes,152.531,-32.4426
Ardenna carneipes,138.35,-37.6333
Ardenna carneipes,151.41,-33.91
Ardenna carneipes,152.7079,-32.188
Ardenna carneipes,122.1,-34.1
Ardenna carneipes,117.5843,-36.4563
Ardenna carneipes,141.0847,-38.4152
Ardenna carneipes,150.873,-34.6818
Ardenna carneipes,119.53681,-34.61132
Ardenna carneipes,138.48333,-35.81667
Ardenna carneipes,139.883,-37.9167
Ardenna carneipes,119.5,-35.5
Ardenna carneipes,151.33,-33.6784
Ardenna carneipes,151.70421,-33.83675
Ardenna carneipes,136.4,-35.43333
Ardenna carneipes,153.928,-28.6936
Ardenna carneipes,126.4,-32.3
Ardenna carneipes,114.945,-37.7519
Ardenna carneipes,153.45,-27.583
Ardenna carneipes,152.892,-31.6961
Ardenna carneipes,118.094,-35.4056
Ardenna carneipes,151.30845,-33.73907
Ardenna carneipes,151.143,-34.7775
Ardenna carneipes,153.851,-27.0126
Ardenna carneipes,116.53279,-35.00363
Ardenna carneipes,119.433,-34.4859
Ardenna carneipes,151.199,-34.0411
Ardenna carneipes,137.35,-35.9833
Ardenna carneipes,153.33018,-31.88321
Ardenna carneipes,134.75,-34.58
Ardenna carneipes,115.3,-32
Ardenna carneipes,119.41299,-34.82708
Ardenna carneipes,145.2513,-38.5818
Ardenna carneipes,152.225,-32.6881
Ardenna carneipes,110.91667,-24.25
Ardenna carneipes,142.25,-38.75
Ardenna carneipes,114.501,-21.7014
Ardenna carneipes,139.6,-37.8
Ardenna carneipes,113.56667,-34
Ardenna carneipes,141.875,-38.808
Ardenna carneipes,118.082,-35.1894
Ardenna carneipes,138.967,-37.4667
Ardenna carneipes,150.488,-35.3655
Ardenna carneipes,119.48547,-34.53685
Ardenna carneipes,137.3,-36.9333
Ardenna carneipes,150.985,-34.4517
Ardenna carneipes,141.2667,-38.3167
Ardenna carneipes,139.75,-37.17
Ardenna carneipes,119.524,-34.5943
Ardenna carneipes,119.62412,-34.75336
Ardenna carneipes,155.5,-28.38333
Ardenna carneipes,114.28333,-29.51667
Ardenna carneipes,115.046,-33.5803
Ardenna carneipes,153.422,-27.9358
Ardenna carneipes,117.89309,-35.11798
Ardenna carneipes,154.2888,-27.3507
Ardenna carneipes,131.06667,-33.2
Ardenna carneipes,119.616,-34.7586
Ardenna carneipes,140.696,-38.0578
Ardenna carneipes,115.95,-37.8
Ardenna carneipes,154.16,-27.31
Ardenna carneipes,151.316,-33.7418
Ardenna carneipes,153.383,-29.933
Ardenna carneipes,113.23333,-31.73333
Ardenna carneipes,114.63333,-30.38333
Ardenna carneipes,118.157,-35.4134
Ardenna carneipes,152.2634,-32.8063
Ardenna carneipes,138.49167,-36.11667
Ardenna carneipes,142.0083,-38.4916
Ardenna carneipes,155.8,-29.01667
Ardenna carneipes,153.891,-27.743
Ardenna carneipes,113.878213494536,-28.8721447333314
Ardenna carneipes,141.6688,-38.4312
Ardenna carneipes,141.917,-38.75
Ardenna carneipes,121.99641540804,-34.0330763361118
Ardenna carneipes,150.117,-37.5833
Ardenna carneipes,119.37596,-34.88513
Ardenna carneipes,118.3,-35.1
Ardenna carneipes,119.60781,-34.76345
Ardenna carneipes,133.5,-37.5
Ardenna carneipes,118.06,-35.2336
Ardenna carneipes,136.933,-35.5
Ardenna carneipes,149.944,-36.9288
Ardenna carneipes,114.83333,-32.86667
Ardenna carneipes,151.266,-33.9589
Ardenna carneipes,153.11775,-30.64841
Ardenna carneipes,115.5,-35.5
Ardenna carneipes,119.637,-34.767
Ardenna carneipes,150.9,-34.4248
Ardenna carneipes,123.250096620602,-34.0243704169517
Ardenna carneipes,111.98333,-34.83333
Ardenna carneipes,142.169,-38.5035
Ardenna carneipes,110.00064,-33.50022
Ardenna carneipes,119.65,-34.7594
Ardenna carneipes,121.943,-34.5518
Ardenna carneipes,152.6067,-32.4437
Ardenna carneipes,152.7059,-32.1943
Ardenna carneipes,150.233,-36.25
Ardenna carneipes,142.175,-38.4906
Ardenna carneipes,152.0678,-32.69842
Ardenna carneipes,138.77,-35.52
Ardenna carneipes,126.1,-32.3
Ardenna carneipes,139.97654,-37.45342
Ardenna carneipes,136.733,-36.6833
Ardenna carneipes,118.1974,-35.42807
Ardenna carneipes,152.2112,-32.8683
Ardenna carneipes,152.8946,-31.6902
Ardenna carneipes,121.897,-33.8701
Ardenna carneipes,145.3763,-38.5401
Ardenna carneipes,153.38441,-29.91508
Ardenna carneipes,150.21817,-36.0916
Ardenna carneipes,150.158,-37.2898
Ardenna carneipes,141.2687,-38.6815
Ardenna carneipes,153.045,-30.8644
Ardenna carneipes,153.966,-27.937
Ardenna carneipes,152.8895,-31.702
Ardenna carneipes,119.49298,-34.53454
Ardenna carneipes,150.283,-37.2
Ardenna carneipes,138.55,-35.86667
Ardenna carneipes,149.276,-37.8018
Ardenna carneipes,138.58333,-36.2
Ardenna carneipes,120.4487,-36.1776
Ardenna carneipes,114.9374,-37.7761
Ardenna carneipes,122.805227647332,-34.007129264523
Ardenna carneipes,118.156,-35.4088
Ardenna carneipes,118.402,-34.8806
Ardenna carneipes,150.761,-35.1514
Ardenna carneipes,150.16789,-37.08177
Ardenna carneipes,151.483,-35.2667
Ardenna carneipes,109.98539,-30.52863
Ardenna carneipes,119.50123,-34.81996
Ardenna carneipes,152.4421,-32.627
Ardenna carneipes,138.517,-37.2833
Ardenna carneipes,117.667,-36.2445
Ardenna carneipes,118.0999,-35.1266
Ardenna carneipes,151.33448,-33.66509
Ardenna carneipes,153.43439,-27.1484
Ardenna carneipes,152.01667,-33.95
Ardenna carneipes,133.3261,-40.8592
Ardenna carneipes,119.4446,-34.85397
Ardenna carneipes,151.083,-34.4167
Ardenna carneipes,151.301,-33.8333
Ardenna carneipes,113.1167,-34.6
Ardenna carneipes,152.1982,-32.8837
Ardenna carneipes,115.8,-32
Ardenna carneipes,114.23333,-32.08333
Ardenna carneipes,152.2352,-32.8399
Ardenna carneipes,141.293,-38.373
Ardenna carneipes,153.65111,-27.415
Ardenna carneipes,138.56667,-36.15
Ardenna carneipes,150.183,-36.9667
Ardenna carneipes,151.367,-33.935
Ardenna carneipes,136.2833,-34.5333
Ardenna carneipes,119.482,-34.5364
Ardenna carneipes,153.58439,-28.36508
Ardenna carneipes,117.03333,-36.53333
Ardenna carneipes,121.928,-34.0902
Ardenna carneipes,117.7,-35
Ardenna carneipes,139.6,-37.1
Ardenna carneipes,152.319,-32.6172
Ardenna carneipes,119.61704,-34.75195
Ardenna carneipes,146.0083,-38.9916
Ardenna carneipes,115.135,-33.5933
Ardenna carneipes,150.86,-34.6689
Ardenna carneipes,149.133,-38.1333
Ardenna carneipes,118.084,-35.3201
Ardenna carneipes,119.347,-34.8577
Ardenna carneipes,129.5,-32.01667
Ardenna carneipes,151.096,-34.7686
Ardenna carneipes,121.6,-34.1
Ardenna carneipes,123.237196913308,-34.0404334792943
Ardenna carneipes,150.90757,-34.59219
Ardenna carneipes,138.6464,-35.5392
Ardenna carneipes,138.7,-37.5
Ardenna carneipes,136.029,-34.9833
Ardenna carneipes,141.544,-38.4315
Ardenna carneipes,130.18333,-35.5
Ardenna carneipes,119.5889,-34.74323
Ardenna carneipes,140.55,-38.31667
Ardenna carneipes,152.3525,-32.7147
Ardenna carneipes,150.2,-37.1333
Ardenna carneipes,151.75,-33.9167
Ardenna carneipes,149.9,-36.716
Ardenna carneipes,118.146,-35.3889
Ardenna carneipes,116.7,-35.1
Ardenna carneipes,116.039822498986,-34.8668459390214
Ardenna carneipes,152.7679,-32.0033
Ardenna carneipes,138.75,-37.18333
Ardenna carneipes,153.435,-27.5746
Ardenna carneipes,150.233,-37.6667
Ardenna carneipes,114.858,-32.105
Ardenna carneipes,141.855,-38.8365
Ardenna carneipes,138.25,-37.2333
Ardenna carneipes,115.4,-32
Ardenna carneipes,149.9,-38.2
Ardenna carneipes,114.9423,-37.7606
Ardenna carneipes,139.617,-37.8833
Ardenna carneipes,138.446,-35.272
Ardenna carneipes,137.8,-37.1167
Ardenna carneipes,109.99066,-33.50142
Ardenna carneipes,141.6263,-38.4568
Ardenna carneipes,116.7255,-34.99343
Ardenna carneipes,109.99993,-27.49945
Ardenna carneipes,119.62105,-34.74195
Ardenna carneipes,151.48719,-33.39419
Ardenna carneipes,119.626,-34.7677
Ardenna carneipes,121.9,-33.8
Ardenna carneipes,141.9416,-38.8416
Ardenna carneipes,112.53333,-26.43333
Ardenna carneipes,115.196,-34.433
Ardenna carneipes,139.267,-37.6667
Ardenna carneipes,123.018,-33.8555
Ardenna carneipes,155.233,-27.6833
Ardenna carneipes,151.211,-34.0409
Ardenna carneipes,118.095,-35.2718
Ardenna carneipes,141.41667,-40.11667
Ardenna carneipes,119.41,-34.893
Ardenna carneipes,153.43217,-27.14007
Ardenna carneipes,150.298,-37.0639
Ardenna carneipes,122.087126965022,-34.0172752782436
Ardenna carneipes,151.466,-33.843
Ardenna carneipes,135.3167,-34.4667
Ardenna carneipes,141.7097,-38.5402
Ardenna carneipes,136.467,-36.5667
Ardenna carneipes,152.3043,-32.7618
Ardenna carneipes,141.601,-38.368
Ardenna carneipes,130.93334,-33.36666
Ardenna carneipes,123.291534255808,-34.0200863978959
Ardenna carneipes,137.317,-36.95
Ardenna carneipes,150.267,-36.9333
Ardenna carneipes,150.884,-34.6807
Ardenna carneipes,136.91,-36.08
Ardenna carneipes,117.62,-36.3649
Ardenna carneipes,152.777,-31.9753
Ardenna carneipes,135.41,-34.58
Ardenna carneipes,119.32648,-34.85931
Ardenna carneipes,150.5,-35.5
Ardenna carneipes,113.16667,-31.43333
Ardenna carneipes,141.41,-38.41
Ardenna carneipes,150.183,-37.2
Ardenna carneipes,152.23889,-32.82222
Ardenna carneipes,144.717,-42.45
Ardenna carneipes,119.59945,-34.7736
Ardenna carneipes,139.033,-37.5667
Ardenna carneipes,119.54184,-34.80952
Ardenna carneipes,138.5333,-34.9667
Ardenna carneipes,152.2482,-32.8244
Ardenna carneipes,115.666,-32.0417
Ardenna carneipes,139.594,-37.1461
Ardenna carneipes,139.65,-36.1333
Ardenna carneipes,108.83333,-29.53333
Ardenna carneipes,151.58,-33.75
Ardenna carneipes,152.879,-31.7255
Ardenna carneipes,119.39997,-34.88877
Ardenna carneipes,151.3,-33.683
Ardenna carneipes,139.9,-37.8833
Ardenna carneipes,153.639,-29.5391
Ardenna carneipes,141.852,-38.8073
Ardenna carneipes,135.08,-34.41
Ardenna carneipes,139.4,-37.7
Ardenna carneipes,153.625,-27.4083
Ardenna carneipes,150.232,-35.8334
Ardenna carneipes,142.1018,-38.5811
Ardenna carneipes,111.8049,-35.0719
Ardenna carneipes,121.8,-33.9
Ardenna carneipes,115.117,-34.9297
Ardenna carneipes,114.9533,-37.7256
Ardenna carneipes,119.50859,-34.54966
Ardenna carneipes,115.029,-34.2508
Ardenna carneipes,140.133,-38.05
Ardenna carneipes,126.5,-36.5
Ardenna carneipes,119.52972,-34.7624
Ardenna carneipes,152.65,-32.15
Ardenna carneipes,153.535,-27.4339
Ardenna carneipes,113.76667,-34.01667
Ardenna carneipes,114.8961,-37.9067
Ardenna carneipes,119.61905,-34.74411
Ardenna carneipes,141.5847,-38.5818
Ardenna carneipes,138.5,-36.5
Ardenna carneipes,152.751,-31.8423
Ardenna carneipes,115.2,-32
Ardenna carneipes,139.75,-37.1667
Ardenna carneipes,115.081,-35.1384
Ardenna carneipes,137.317,-36.9333
Ardenna carneipes,113.2,-31.61667
Ardenna carneipes,151.75,-34.0833
Ardenna carneipes,114.9525,-36.8057
Ardenna carneipes,114.95,-36.6846
Ardenna carneipes,117.6785,-36.2152
Ardenna carneipes,119.4,-35
Ardenna carneipes,119.6,-34.4
Ardenna carneipes,117.915,-35.0225
Ardenna carneipes,119.4643,-34.50284
Ardenna carneipes,126.25,-33.1167
Ardenna carneipes,139.85,-37.55
Ardenna carneipes,149.683,-38.2333
Ardenna carneipes,150.283,-37.6833
Ardenna carneipes,139.83334,-37.95
Ardenna carneipes,121.876404492585,-33.9223852121401
Ardenna carneipes,153.417,-27.9167
Ardenna carneipes,114.9646,-37.69
Ardenna carneipes,151,-34
Ardenna carneipes,136.91,-35.75
Ardenna carneipes,139.85,-37.98334
Ardenna carneipes,150.467,-37.4167
Ardenna carneipes,153.616,-28.705
Ardenna carneipes,153.35,-31.46667
Ardenna carneipes,136.4667,-35.15
Ardenna carneipes,124.6,-35.4
Ardenna carneipes,122.7165,-37.152
Ardenna carneipes,114.16667,-32.06667
Ardenna carneipes,130.93333,-33.36667
Ardenna carneipes,119.512,-34.857
Ardenna carneipes,134.75,-34.83333
Ardenna carneipes,141.778,-38.8164
Ardenna carneipes,141.897,-38.8437
Ardenna carneipes,153.50875,-32.00672
Ardenna carneipes,139.5,-37.5
Ardenna carneipes,114,-28.9
Ardenna carneipes,149.983,-37.0833
Ardenna carneipes,151.44667,-33.955
Ardenna carneipes,115.425,-33.6131
Ardenna carneipes,150.1,-37.9667
Ardenna carneipes,152.6224,-32.405
Ardenna carneipes,118.182,-35.2908
Ardenna carneipes,134.5,-37.5
Ardenna carneipes,126,-32.3
Ardenna carneipes,115.1,-34.9
Ardenna carneipes,139.517,-37.7667
Ardenna carneipes,119.599,-34.7736
Ardenna carneipes,117.90186,-35.10212
Ardenna carneipes,108.43333,-29.4
Ardenna carneipes,119.3,-34.6
Ardenna carneipes,131.15,-33.05
Ardenna carneipes,110.00419,-30.51002
Ardenna carneipes,114.43333,-33.01667
Ardenna carneipes,152.88443,-31.53174
Ardenna carneipes,122.008560079813,-34.0657953643975
Ardenna carneipes,113.8,-28.6
Ardenna carneipes,117.5246,-36.6089
Ardenna carneipes,119.4,-34.6
Ardenna carneipes,151.9908,-33.1298
Ardenna carneipes,152.7,-32.16667
Ardenna carneipes,153.91771,-27.66507
Ardenna carneipes,150.867,-36.2667
Ardenna carneipes,151.118,-34.1421
Ardenna carneipes,141.25,-38.18
Ardenna carneipes,150.08,-37.25
Ardenna carneipes,150.267,-37.65
Ardenna carneipes,120.4838,-36.1932
Ardenna carneipes,121.13333,-34.48333
Ardenna carneipes,153.04,-30.8856
Ardenna carneipes,140.53333,-38.23333
Ardenna carneipes,151.485,-35.626
Ardenna carneipes,138.233,-37.2667
Ardenna carneipes,153.5,-30.5
Ardenna carneipes,154.31667,-29.81667
Ardenna carneipes,134.25998,-33.15217
Ardenna carneipes,112.2,-24.68333
Ardenna carneipes,118.164,-35.4367
Ardenna carneipes,139.91667,-37.9
Ardenna carneipes,151.358,-34.1733
Ardenna carneipes,119.584,-34.1726
Ardenna carneipes,143.383,-40.4333
Ardenna carneipes,153.595,-28.7993
Ardenna carneipes,139.93333,-37.88333
Ardenna carneipes,150.7,-36.8333
Ardenna carneipes,121.8691,-15.7168
Ardenna carneipes,117.9771,-35.4455
Ardenna carneipes,111.867,-26.8509
Ardenna carneipes,140.7167,-38.3167
Ardenna carneipes,140.617,-38.45
Ardenna carneipes,117.4891,-36.6993
Ardenna carneipes,115.156947859731,-34.3797015845371
Ardenna carneipes,150.083,-38
Ardenna carneipes,118.40315,-34.88441
Ardenna carneipes,152.4918,-32.5784
Ardenna carneipes,138.783,-37.3667
Ardenna carneipes,137.285,-41.911
Ardenna carneipes,150.483,-36.75
Ardenna carneipes,119.452,-34.6735
Ardenna carneipes,153.816,-27.8777
Ardenna carneipes,119.509,-34.5497
Ardenna carneipes,151.174,-34.4306
Ardenna carneipes,141.851,-38.7884
Ardenna carneipes,139.017,-37.5833
Ardenna carneipes,115.105,-33.4071
Ardenna carneipes,136.715,-35.8892
Ardenna carneipes,153.37405,-29.36346
Ardenna carneipes,153.237,-31.419
Ardenna carneipes,119.641,-34.7694
Ardenna carneipes,149.735,-37.5914
Ardenna carneipes,152.10113,-32.69842
Ardenna carneipes,151.918,-33.9929
Ardenna carneipes,142.2,-38.55
Ardenna carneipes,119.40963,-34.89302
Ardenna carneipes,127.83333,-33.61667
Ardenna carneipes,119.3473,-34.85772
Ardenna carneipes,138.483,-36.1167
Ardenna carneipes,151.7172,-33.4532
Ardenna carneipes,122,-34.1
Ardenna carneipes,140.5,-37.5
Ardenna carneipes,125.86667,-33.21667
Ardenna carneipes,150.5,-36.85
Ardenna carneipes,138.56666,-36.15
Ardenna carneipes,119.648,-34.7354
Ardenna carneipes,136.58,-35.91
Ardenna carneipes,143.767,-40.8833
Ardenna carneipes,152.6261,-32.396
Ardenna carneipes,151.062,-34.425
Ardenna carneipes,152.56675,-32.83035
Ardenna carneipes,122.142374620277,-34.0311216858369
Ardenna carneipes,121.35,-34.5
Ardenna carneipes,115.0251,-34.223
Ardenna carneipes,118.097,-35.1428
Ardenna carneipes,152.41718,-33.27
Ardenna carneipes,119.61209,-34.7631
Ardenna carneipes,151.38333,-33.91667
Ardenna carneipes,132.4333,-40.5982
Ardenna carneipes,137.1985,-41.8898
Ardenna carneipes,153.51,-27.9476
Ardenna carneipes,108.6,-29.46667
Ardenna carneipes,151.5267,-33.9867
Ardenna carneipes,118.2625,-35.37028
Ardenna carneipes,154.345,-27.301
Ardenna carneipes,150.82,-35.0915
Ardenna carneipes,138.7,-35.5167
Ardenna carneipes,151.739,-33.4275
Ardenna carneipes,151.067,-35.7667
Ardenna carneipes,118.157,-35.2445
Ardenna carneipes,143.95,-39.2
Ardenna carneipes,151.16667,-34.9
Ardenna carneipes,136.51667,-35.35
Ardenna carneipes,121.83333,-34.51667
Ardenna carneipes,138.03334,-36.38333
Ardenna carneipes,141.75,-38.58
Ardenna carneipes,119.63720000000001,-34.76699
Ardenna carneipes,137.433,-36.9833
Ardenna carneipes,119.482,-34.5141
Ardenna carneipes,151.26327,-33.99815
Ardenna carneipes,113.2,-21.2
Ardenna carneipes,150.41785,-35.5151
Ardenna carneipes,141.33,-38.28
Ardenna carneipes,153.5,-29.5
Ardenna carneipes,151.7871,-32.93119
Ardenna carneipes,116.733821725209,-35.0513452216321
Ardenna carneipes,118.9,-34.4
Ardenna carneipes,112.4,-32.0333
Ardenna carneipes,139.917,-37.9
Ardenna carneipes,126.13333,-33.16667
Ardenna carneipes,144.8642,-38.4622
Ardenna carneipes,121.6,-34.51667
Ardenna carneipes,152.26779,-32.74841
Ardenna carneipes,153.67905,-32.12111
Ardenna carneipes,121.978626255249,-34.1180810890541
Ardenna carneipes,151.7144,-33.4565
Ardenna carneipes,112.2,-36.33333
Ardenna carneipes,118.405,-34.8838
Ardenna carneipes,140.167,-38.1833
Ardenna carneipes,114.9,-33.9
Ardenna carneipes,148.65,-39.0167
Ardenna carneipes,142.231,-38.382
Ardenna carneipes,141.2,-38.41667
Ardenna carneipes,152.504,-32.7618
Ardenna carneipes,137.153,-35.8
Ardenna carneipes,128.71667,-32.36667
Ardenna carneipes,152.2004,-32.8812
Ardenna carneipes,150.267,-37.2167
Ardenna carneipes,140.65,-38.31667
Ardenna carneipes,139.3,-37.75
Ardenna carneipes,155.58333,-27.91667
Ardenna carneipes,121.984821961073,-33.975063728383
Ardenna carneipes,148.75,-39.95
Ardenna carneipes,116.7,-35
Ardenna carneipes,137.05,-36.6667
Ardenna carneipes,122.011661042786,-33.9616792881149
Ardenna carneipes,151.45,-35.9
Ardenna carneipes,121.0439,-36.4399
Ardenna carneipes,152.0667,-33.0399
Ardenna carneipes,130.96667,-32.28333
Ardenna carneipes,152.5804,-32.4916
Ardenna carneipes,121.606967997973,-34.0266279437877
Ardenna carneipes,137.7,-37.3167
Ardenna carneipes,152.25,-32.75
Ardenna carneipes,151.10117,-34.59842
Ardenna carneipes,118.8833,-35.2667
Ardenna carneipes,136.6744,-41.7597
Ardenna carneipes,150.973,-34.4182
Ardenna carneipes,152.55111,-32.06508
Ardenna carneipes,136.934,-33.6697
Ardenna carneipes,151.375,-34.4454
Ardenna carneipes,151.725,-34.065
Ardenna carneipes,152.6408,-32.3599
Ardenna carneipes,151.38449,-33.91508
Ardenna carneipes,118.066,-34.9914
Ardenna carneipes,151.238,-33.8636
Ardenna carneipes,153.256,-30.3633
Ardenna carneipes,130.36667,-32.28333
Ardenna carneipes,130.98333,-33.28334
Ardenna carneipes,141.7513,-38.7485
Ardenna carneipes,133.93333,-34.78333
Ardenna carneipes,115.68676,-32.27095
Ardenna carneipes,152.847,-31.9435
Ardenna carneipes,119.597905291628,-34.3750923125739
Ardenna carneipes,138.1409,-42.1163
Ardenna carneipes,115.20965,-31.99085
Ardenna carneipes,121.679212116159,-34.001028704945
Ardenna carneipes,121.2557,-36.5321
Ardenna carneipes,152.83443,-31.73174
Ardenna carneipes,153.06776,-30.88174
Ardenna carneipes,110.00193,-29.0037
Ardenna carneipes,136.705,-36.0611
Ardenna carneipes,117.3,-35.1
Ardenna carneipes,116,-34.8
Ardenna carneipes,115.2,-34.9
Ardenna carneipes,139.26667,-37.33333
Ardenna carneipes,119.50433,-34.55138
Ardenna carneipes,140.13333,-38.05
Ardenna carneipes,144.35,-41.4167
Ardenna carneipes,152.98443,-31.18174
Ardenna carneipes,114.9297,-37.8003
Ardenna carneipes,110.0681,-29.02498
Ardenna carneipes,131.1,-31.51667
Ardenna carneipes,119.64813,-34.73542
Ardenna carneipes,153.40939,-27.0984
Ardenna carneipes,133.53333,-33
Ardenna carneipes,153.25,-29.91
Ardenna carneipes,153.54209,-27.43711
Ardenna carneipes,141.9416,-38.6916
Ardenna carneipes,145.1,-38.4
Ardenna carneipes,123.141140177236,-34.1643832029217
Ardenna carneipes,152.61111,-32.93999
Ardenna carneipes,150.083,-38.0833
Ardenna carneipes,144.48,-38.27
Ardenna carneipes,138.85,-37.21667
Ardenna carneipes,153.98439,-29.0984
Ardenna carneipes,117.6078,-36.3961
Ardenna carneipes,150.30612,-35.64852
Ardenna carneipes,136.75,-35.75
Ardenna carneipes,115.65,-31.9167
Ardenna carneipes,141.1191,-38.6151
Ardenna carneipes,141.698,-38.7425
Ardenna carneipes,113.9,-28.8
Ardenna carneipes,133.95,-34.7
Ardenna carneipes,118.035,-35.1426
Ardenna carneipes,141.4597,-38.4402
Ardenna carneipes,116.498109949141,-35.0316000702249
Ardenna carneipes,136.417,-36.5333
Ardenna carneipes,115.1,-31.9
Ardenna carneipes,138.483,-35.8167
Ardenna carneipes,152.8882,-31.7049
Ardenna carneipes,118.1947,-34.97286
Ardenna carneipes,115.85,-37.81667
Ardenna carneipes,122.8255,-37.1971
Ardenna carneipes,117.9049,-35.6323
Ardenna carneipes,153.55,-29.06667
Ardenna carneipes,151.583,-34.25
Ardenna carneipes,113.8,-28.7
Ardenna carneipes,119.59204,-34.7883
Ardenna carneipes,153.26774,-30.19841
Ardenna carneipes,118.053722766252,-35.063659688623
Ardenna carneipes,119.35,-35.35
Ardenna carneipes,120.7999,-36.3329
Ardenna carneipes,114.45,-29.43333
Ardenna carneipes,112.8372,-24.83369
Ardenna carneipes,141.8351,-38.8483
Ardenna carneipes,150.946,-34.4273
Ardenna carneipes,139.5,-37.8
Ardenna carneipes,115.126,-33.6061
Ardenna carneipes,115.515,-32.0041
Ardenna carneipes,137.589,-35.6009
Ardenna carneipes,110.03001,-31.99081
Ardenna carneipes,151.467,-36.0167
Ardenna carneipes,113.4847,-32.1073
Ardenna carneipes,141.2514,-38.6644
Ardenna carneipes,143.433,-40.4667
Ardenna carneipes,138.417,-37.2667
Ardenna carneipes,137.867,-37.1333
Ardenna carneipes,152.5588,-32.5128
Ardenna carneipes,144.367,-41.5167
Ardenna carneipes,119.48332,-34.52148
Ardenna carneipes,152.7669,-32.0064
Ardenna carneipes,119.612,-34.7631
Ardenna carneipes,114.2,-31.8
Ardenna carneipes,114.61667,-30.31667
Ardenna carneipes,139.233,-37.7333
Ardenna carneipes,119.615,-34.7567
Ardenna carneipes,124.5,-34.5
Ardenna carneipes,153.598,-28.8583
Ardenna carneipes,117.963389369313,-35.0911996948001
Ardenna carneipes,149.683,-38.25
Ardenna carneipes,120.8693,-36.3634
Ardenna carneipes,119.38994,-34.86718
Ardenna carneipes,154.3533,-27.2479
Ardenna carneipes,142.139,-38.5292
Ardenna carneipes,134.7667,-35.06667
Ardenna carneipes,136.031,-34.955
Ardenna carneipes,114.9527,-36.8077
Ardenna carneipes,143.5,-38.5
Ardenna carneipes,113.8,-32.13333
Ardenna carneipes,140.51667,-38.3
Ardenna carneipes,143.383,-40.4667
Ardenna carneipes,151.583,-33.9167
Ardenna carneipes,153.43352,-27.13333
Ardenna carneipes,114.9152,-37.8463
Ardenna carneipes,150.912,-34.4285
Ardenna carneipes,115.1,-34.3
Ardenna carneipes,138.9,-36.86667
Ardenna carneipes,141.4513,-38.8485
Ardenna carneipes,117.2,-35
Ardenna carneipes,149.908,-37.5589
Ardenna carneipes,114.28333,-29.58333
Ardenna carneipes,137.35,-36.9167
Ardenna carneipes,151.3,-35.5167
Ardenna carneipes,151.207,-34.7047
Ardenna carneipes,118.105,-35.4484
Ardenna carneipes,123.14812468321,-33.9862159261125
Ardenna carneipes,125.61667,-33.3
Ardenna carneipes,152.826,-31.8327
Ardenna carneipes,140.067,-38.1
Ardenna carneipes,140.38334,-38.26667
Ardenna carneipes,151.433,-35.2833
Ardenna carneipes,151.53059,-33.41703
Ardenna carneipes,143.783,-40.4333
Ardenna carneipes,138.483,-37.3167
Ardenna carneipes,138.617,-37.4333
Ardenna carneipes,136.4,-35.4333
Ardenna carneipes,138.9,-37.2667
Ardenna carneipes,150.4,-37.8333
Ardenna carneipes,119.4,-34.4256
Ardenna carneipes,134.78333,-34.63334
Ardenna carneipes,153.33591,-29.67132
Ardenna carneipes,146.424,-39.1435
Ardenna carneipes,152.9229,-31.6253
Ardenna carneipes,150.149,-37.2806
Ardenna carneipes,119.47843,-34.53327
Ardenna carneipes,114.633,-21.5
Ardenna carneipes,150,-37.08
Ardenna carneipes,114.8947,-37.9112
Ardenna carneipes,109.99939,-29.00095
Ardenna carneipes,150.2,-36.9667
Ardenna carneipes,118.408,-34.88
Ardenna carneipes,150.215,-37.2725
Ardenna carneipes,152.7487,-32.0626
Ardenna carneipes,140.702,-38.0531
Ardenna carneipes,119.52432,-34.59426
Ardenna carneipes,133.36666,-33.15
Ardenna carneipes,151.294,-33.83
Ardenna carneipes,118.117,-35.3132
Ardenna carneipes,141.543,-38.54
Ardenna carneipes,109.99984,-29.00008
Ardenna carneipes,152.66778,-32.06508
Ardenna carneipes,150.033,-38.1167
Ardenna carneipes,138.667,-37.4
Ardenna carneipes,155.53333,-28.25
Ardenna carneipes,136.333,-35.5667
Ardenna carneipes,153.7,-29.83333
Ardenna carneipes,152.937,-31.4756
Ardenna carneipes,114.5,-31.5
Ardenna carneipes,117.642,-35.0654
Ardenna carneipes,119.499,-34.8712
Ardenna carneipes,136.8,-35.53333
Ardenna carneipes,141.75,-38.75
Ardenna carneipes,118.407,-34.8821
Ardenna carneipes,129.36667,-32.28333
Ardenna carneipes,150.963,-34.4609
Ardenna carneipes,139.017,-37.6167
Ardenna carneipes,152.38333,-33.11667
Ardenna carneipes,138.75,-37.16667
Ardenna carneipes,139.45,-37.7667
Ardenna carneipes,126.281,-32.2506
Ardenna carneipes,139.85,-37.96666
Ardenna carneipes,119.62607,-34.76335
Ardenna carneipes,140.033,-38.1
Ardenna carneipes,152.8625,-31.7538
Ardenna carneipes,110.00304,-33.502
Ardenna carneipes,152.5,-33.5
Ardenna carneipes,115.013515256047,-34.2205771247404
Ardenna carneipes,145.91,-43.41
Ardenna carneipes,141.23333,-38.35
Ardenna carneipes,118.097,-35.4195
Ardenna carneipes,153.17,-30.3113
Ardenna carneipes,133.36667,-33.15
Ardenna carneipes,150.067,-38.05
Ardenna carneipes,137.319,-35.9921
Ardenna carneipes,122.709838509013,-33.9166826052084
Ardenna carneipes,142.5013,-38.9985
Ardenna carneipes,152.8058,-31.8864
Ardenna carneipes,131.23333,-32.9
Ardenna carneipes,136.8,-35.5333
Ardenna carneipes,122.01220000000001,-33.9619
Ardenna carneipes,151.121,-34.1394
Ardenna carneipes,138.967,-37.4833
Ardenna carneipes,136.35,-35.35
Ardenna carneipes,140.3,-38.2833
Ardenna carneipes,123.2,-34.1
Ardenna carneipes,115.9,-32
Ardenna carneipes,150.2333,-36.25
Ardenna carneipes,153.603,-28.8075
Ardenna carneipes,117.31667,-36.56667
Ardenna carneipes,141.1263,-38.1235
Ardenna carneipes,137.58,-35.58
Ardenna carneipes,153.66773,-27.58173
Ardenna carneipes,110.7263,-33.8143
Ardenna carneipes,136.23333,-34.78333
Ardenna carneipes,139.5,-37.41667
Ardenna carneipes,119.483,-34.5215
Ardenna carneipes,117.91518,-35.02252
Ardenna carneipes,119.45557,-34.48765
Ardenna carneipes,114.988,-33.9714
Ardenna carneipes,114.9833,-35.748
Ardenna carneipes,115.024,-33.5404
Ardenna carneipes,114.83333,-33.26667
Ardenna carneipes,152.6917,-32.2349
Ardenna carneipes,121.891,-33.8591
Ardenna carneipes,113.15,-30
Ardenna carneipes,150.90161,-34.43882
Ardenna carneipes,138.517,-35.7833
Ardenna carneipes,119.432,-34.8403
Ardenna carneipes,152.53445,-32.16508
Ardenna carneipes,115.76667,-35.51667
Ardenna carneipes,151.35,-35.4333
Ardenna carneipes,142.8568,-43.0415
Ardenna carneipes,118.0013,-35.3827
Ardenna carneipes,155.73333,-29
Ardenna carneipes,152.65111,-32.11508
Ardenna carneipes,153.36774,-29.43174
Ardenna carneipes,122.523095651124,-33.9601388423613
Ardenna carneipes,119.59623,-34.77807
Ardenna carneipes,141.08,-38.08
Ardenna carneipes,141.917,-38.9167
Ardenna carneipes,114.352,-21.7847
Ardenna carneipes,126.6868,-38.6985
Ardenna carneipes,150.857,-34.6678
Ardenna carneipes,154.2887,-27.3454
Ardenna carneipes,153.413,-31.4176
Ardenna carneipes,115.157,-34.7305
Ardenna carneipes,139.383,-37.6667
Ardenna carneipes,122.012,-33.9619
Ardenna carneipes,152.528,-32.4357
Ardenna carneipes,133.81667,-35.5
Ardenna carneipes,150.3333,-35.7
Ardenna carneipes,139.283,-37.6667
Ardenna carneipes,119.7027,-34.67529
Ardenna carneipes,109.99982,-30.50003
Ardenna carneipes,119.59362,-34.76834
Ardenna carneipes,154.011,-27.338
Ardenna carneipes,152.63444,-31.96508
Ardenna carneipes,151.251,-33.9942
Ardenna carneipes,150.171,-37.4289
Ardenna carneipes,152,-33
Ardenna carneipes,150.046,-36.5849
Ardenna carneipes,149.65,-38.25
Ardenna carneipes,149.883,-38.15
Ardenna carneipes,152.003,-33.8939
Ardenna carneipes,151.5,-33.86
Ardenna carneipes,141.3763,-38.4568
Ardenna carneipes,119.47153,-34.50307
Ardenna carneipes,137.383,-36.9333
Ardenna carneipes,121.9648,-36.8364
Ardenna carneipes,115.4833,-31.9333
Ardenna carneipes,117.762,-36.0006
Ardenna carneipes,111.95,-30.66667
Ardenna carneipes,140.53333,-38.31667
Ardenna carneipes,138.883,-37.3667
Ardenna carneipes,137.533,-36.9833
Ardenna carneipes,136.6667,-36.0167
Ardenna carneipes,138.317,-37.25
Ardenna carneipes,113.18333,-31.51667
Ardenna carneipes,153.75,-29.43333
Ardenna carneipes,152.8301,-31.8239
Ardenna carneipes,117.692734790055,-35.0503973337214
Ardenna carneipes,119.493,-34.5345
Ardenna carneipes,115.224,-34.4357
Ardenna carneipes,118.0997,-35.0975
Ardenna carneipes,147.98,-40.18
Ardenna carneipes,139.85,-38.0167
Ardenna carneipes,153.61667,-28.63333
Ardenna carneipes,138.81667,-37.08333
Ardenna carneipes,145.093,-38.74
Ardenna carneipes,119.376,-34.8884
Ardenna carneipes,149.617,-38.25
Ardenna carneipes,144.683,-42.3167
Ardenna carneipes,152.4894,-32.5807
Ardenna carneipes,115.124,-33.624
Ardenna carneipes,139.583,-37.8333
Ardenna carneipes,151.7154,-33.4554
Ardenna carneipes,151.28166,-34.42672
Ardenna carneipes,152.0446,-33.0661
Ardenna carneipes,139.583,-37.7833
Ardenna carneipes,121.1144,-36.4706
Ardenna carneipes,144.41,-42.75
Ardenna carneipes,152.017,-33.95
Ardenna carneipes,138.51667,-35.78333
Ardenna carneipes,120.9388,-36.3939
Ardenna carneipes,150.15,-37.1333
Ardenna carneipes,139.967,-38.05
Ardenna carneipes,150.049,-37.2608
Ardenna carneipes,151.911,-32.9758
Ardenna carneipes,137,-35
Ardenna carneipes,150.5,-38.5
Ardenna carneipes,137.783,-37.1
Ardenna carneipes,115.7,-31.8
Ardenna carneipes,139.35,-37.33333
Ardenna carneipes,152.062,-33.8065
Ardenna carneipes,119.4,-34.9
Ardenna carneipes,137.25,-35.91
Ardenna carneipes,150.0916,-37.2416
Ardenna carneipes,153.50107,-29.49841
Ardenna carneipes,148.683,-39.05
Ardenna carneipes,143.367,-40.3833
Ardenna carneipes,110.00944,-30.50159
Ardenna carneipes,152.161,-32.7104
Ardenna carneipes,153.6493,-29.188
Ardenna carneipes,112.83333,-33.25
Ardenna carneipes,119.51239,-34.85696
Ardenna carneipes,150.059,-37.6159
Ardenna carneipes,119.43172,-34.84032
Ardenna carneipes,139.85,-37.9833
Ardenna carneipes,139.55,-37.75
Ardenna carneipes,141.917,-38.5833
Ardenna carneipes,111.9238,-34.971
Ardenna carneipes,114.993,-33.4967
Ardenna carneipes,119.46107,-34.48556
Ardenna carneipes,150.107,-37.6663
Ardenna carneipes,138.583,-37.45
Ardenna carneipes,119.49944,-34.52007
Ardenna carneipes,150.53348,-36.57993
Ardenna carneipes,119.53705,-34.60891
Ardenna carneipes,118.15,-35.3831
Ardenna carneipes,115.5,-31.5
Ardenna carneipes,118.398,-34.9168
Ardenna carneipes,129.93333,-35.5
Ardenna carneipes,141.22,-38.18
Ardenna carneipes,149.933,-38.1333
