species,decimalLongitude,decimalLatitude
Arenaria interpres,144.42,-38.286
Arenaria interpres,139.97194,-37.43375
Arenaria interpres,153.604,-28.8431
Arenaria interpres,153.07,-27.2127
Arenaria interpres,144.558,-38.0372
Arenaria interpres,153.238,-27.4681
Arenaria interpres,144.592,-37.9979
Arenaria interpres,144.703,-38.208
Arenaria interpres,144.558,-38.0363
Arenaria interpres,145.426,-38.4661
Arenaria interpres,150.747,-34.8618
Arenaria interpres,142.246,-38.3931
Arenaria interpres,133.857,-23.7356
Arenaria interpres,145.3263,-38.2734
Arenaria interpres,153.08806,-30.91542
Arenaria interpres,144.767,-38.2732
Arenaria interpres,140.85889,-38.0443
Arenaria interpres,150.92949,-34.36716
Arenaria interpres,145.2824,-38.4026
Arenaria interpres,151.199,-34.0411
Arenaria interpres,148.256,-41.3227
Arenaria interpres,153.181,-27.4454
Arenaria interpres,115.52125,-31.99608
Arenaria interpres,145.03465,-38.48183
Arenaria interpres,145.2846,-38.3984
Arenaria interpres,148.275,-40.2339
Arenaria interpres,153.233,-27.4571
Arenaria interpres,115.5415,-32.01316
Arenaria interpres,153.37207,-29.38558
Arenaria interpres,146.376,-41.1705
Arenaria interpres,138.158,-34.2722
Arenaria interpres,143.665,-38.7795
Arenaria interpres,140.76804,-38.0652
Arenaria interpres,145.409,-38.4694
Arenaria interpres,144.7513,-38.2485
Arenaria interpres,153.194,-27.4546
Arenaria interpres,115.51619,-31.99386
Arenaria interpres,115.4962,-31.99557
Arenaria interpres,153.111,-27.1917
Arenaria interpres,152.519,-32.4539
Arenaria interpres,145.348,-38.4216
Arenaria interpres,153.27606,-27.50674
Arenaria interpres,115.52608,-32.00365
Arenaria interpres,153.118,-27.2323
Arenaria interpres,151.316,-33.7418
Arenaria interpres,142.372,-38.3474
Arenaria interpres,144.75132,-38.26517
Arenaria interpres,153.346,-29.4183
Arenaria interpres,142.308,-38.3417
Arenaria interpres,152.603,-31.9547
Arenaria interpres,144.7637,-38.2657
Arenaria interpres,151.57,-33.2893
Arenaria interpres,140.417,-37.9167
Arenaria interpres,145.018,-38.4832
Arenaria interpres,140.4361,-37.93264
Arenaria interpres,140.748,-38.0583
Arenaria interpres,146.83462,-38.68181
Arenaria interpres,153.1094,-27.25674
Arenaria interpres,138.26,-34.4452
Arenaria interpres,150.773,-34.9466
Arenaria interpres,142.231,-38.382
Arenaria interpres,144.767,-38.271
Arenaria interpres,144.8346,-37.9985
Arenaria interpres,138.276,-34.4849
Arenaria interpres,115.53838,-32.0027
Arenaria interpres,149.9179,-37.5817
Arenaria interpres,144.917,-38.4884
Arenaria interpres,140.70137,-38.0652
Arenaria interpres,144.767,-38.27
Arenaria interpres,153.174,-27.4345
Arenaria interpres,144.433,-38.0762
Arenaria interpres,144.72,-38.1466
Arenaria interpres,153.17606,-27.4234
Arenaria interpres,151.207,-34.0409
Arenaria interpres,122.223,-17.9764
Arenaria interpres,136.895,-35.2264
Arenaria interpres,153.134,-27.0483
Arenaria interpres,144.181,-38.4289
Arenaria interpres,150.08,-36.3699
Arenaria interpres,144.572,-38.0209
Arenaria interpres,145.0846,-38.4151
Arenaria interpres,144.565,-38.0276
Arenaria interpres,153.2094,-27.4734
Arenaria interpres,153.19273,-27.44007
Arenaria interpres,153.13444,-27.03722
Arenaria interpres,144.5846,-38.0818
Arenaria interpres,113.8596,-28.8906
Arenaria interpres,146.704,-38.7115
Arenaria interpres,143.9899,-38.5481
Arenaria interpres,145.5013,-38.2984
Arenaria interpres,150.763,-34.9535
Arenaria interpres,144.181,-38.4254
Arenaria interpres,153.111,-27.1999
Arenaria interpres,142.311,-38.3565
Arenaria interpres,148.284,-41.1679
Arenaria interpres,115.52992,-31.9973
Arenaria interpres,140.702,-38.0544
Arenaria interpres,145.4679,-38.2484
Arenaria interpres,144.591,-38.0052
Arenaria interpres,122.344,-17.9786
Arenaria interpres,144.426,-38.2838
Arenaria interpres,153.35523,-27.4984
Arenaria interpres,153.56,-28.8663
Arenaria interpres,142.418,-38.415
Arenaria interpres,115.51418,-32.01509
Arenaria interpres,144.708,-38.1391
Arenaria interpres,144.676,-38.2576
Arenaria interpres,153.373,-29.3657
Arenaria interpres,144.618,-40.9443
Arenaria interpres,149.94,-36.8226
Arenaria interpres,138.312,-34.5108
Arenaria interpres,150.922,-34.3472
Arenaria interpres,140.87305,-38.05013
Arenaria interpres,144.7664,-38.2707
Arenaria interpres,153.364,-29.359
Arenaria interpres,146.454,-41.1613
Arenaria interpres,145.2929,-38.4068
Arenaria interpres,152.586,-31.9767
Arenaria interpres,153.236,-27.3779
Arenaria interpres,147.876,-42.8397
Arenaria interpres,142.094,-38.5611
Arenaria interpres,138.023,-34.2244
Arenaria interpres,153.289,-27.5098
Arenaria interpres,143.886,-40.0246
Arenaria interpres,153.578,-28.8818
Arenaria interpres,115.55097,-32.0115
Arenaria interpres,113.8753,-28.665
Arenaria interpres,115.4989,-32.01648
Arenaria interpres,153.039,-30.9156
Arenaria interpres,134.32343,-33.08959
Arenaria interpres,144.428,-38.284
Arenaria interpres,133.431,-32.1795
Arenaria interpres,150.873,-34.5621
Arenaria interpres,138.0083,-34.3167
Arenaria interpres,153.17606,-27.35674
Arenaria interpres,140.07887,-37.50486
Arenaria interpres,153.1094,-27.05674
Arenaria interpres,153.243,-27.4842
Arenaria interpres,153.161,-27.0936
Arenaria interpres,151.578,-33.2814
Arenaria interpres,153.192,-27.4641
Arenaria interpres,136.964,-35.0057
Arenaria interpres,153.186,-27.4464
Arenaria interpres,151.504,-33.353
Arenaria interpres,140.77,-38.05708
Arenaria interpres,123.644,-17.34
Arenaria interpres,144.698,-38.241
Arenaria interpres,153.365,-29.4432
Arenaria interpres,153.1094,-27.19007
Arenaria interpres,113.8714,-28.9169
Arenaria interpres,153.608,-28.8429
Arenaria interpres,153.441,-27.3335
Arenaria interpres,113.7725,-28.4722
Arenaria interpres,151.783,-32.916
Arenaria interpres,153.389,-29.9308
Arenaria interpres,153.211,-30.1111
Arenaria interpres,148.729,-37.8027
Arenaria interpres,153.109,-27.048
Arenaria interpres,145.2663,-38.4028
Arenaria interpres,115.4757,-32.01609
Arenaria interpres,153.22606,-27.39007
Arenaria interpres,115.52348,-31.99138
Arenaria interpres,132.987,-32.091
Arenaria interpres,140.21304,-37.65041
Arenaria interpres,153.188,-27.4465
Arenaria interpres,151.78447,-32.93175
Arenaria interpres,149.938,-36.7954
Arenaria interpres,153.549,-28.5295
Arenaria interpres,151.498,-33.3388
Arenaria interpres,153.175,-27.3788
Arenaria interpres,148.297,-41.0633
Arenaria interpres,140.81804,-38.0652
Arenaria interpres,153.18856,-27.39424
Arenaria interpres,145.2513,-38.4151
Arenaria interpres,142.335,-38.3552
Arenaria interpres,145.0344,-38.4823
Arenaria interpres,151.211,-34.0409
Arenaria interpres,153.112,-27.1914
Arenaria interpres,144.5576,-38.0372
Arenaria interpres,115.52907,-32.02257
Arenaria interpres,144.552,-38.0199
Arenaria interpres,115.45148,-32.01973
Arenaria interpres,153.085,-27.3282
Arenaria interpres,142.261,-38.3645
Arenaria interpres,153.336,-29.6082
Arenaria interpres,144.51799,-38.08183
Arenaria interpres,148.0429,-37.9234
Arenaria interpres,153.19273,-27.4734
Arenaria interpres,153.584,-28.8463
Arenaria interpres,153.429,-29.0533
Arenaria interpres,153.113,-27.1908
Arenaria interpres,142.2862,-38.3648
Arenaria interpres,153.14273,-27.40674
Arenaria interpres,137.627,-35.5955
Arenaria interpres,153.341,-29.6094
Arenaria interpres,140.421,-37.9302
Arenaria interpres,115.5204,-32.01746
Arenaria interpres,144.8346,-38.3318
Arenaria interpres,153.372,-29.3963
Arenaria interpres,153.186,-27.3516
Arenaria interpres,145.4179,-38.2484
Arenaria interpres,142.321,-38.3567
Arenaria interpres,150.925,-34.375
Arenaria interpres,140.3978,-37.91043
Arenaria interpres,152.691,-31.877
Arenaria interpres,113.7245,-28.4619
Arenaria interpres,150.415,-35.4261
Arenaria interpres,153.114,-27.1901
Arenaria interpres,146.183,-41.152
Arenaria interpres,115.52572,-31.98804
Arenaria interpres,150.822,-35.0138
Arenaria interpres,153.106,-27.1919
Arenaria interpres,149.917,-37.25
Arenaria interpres,122.5,-17.5
Arenaria interpres,140.77111,-38.05208
Arenaria interpres,153.07606,-27.00674
Arenaria interpres,133.85,-23.74
Arenaria interpres,151.1316,-34.0222
Arenaria interpres,153.42189,-27.35257
Arenaria interpres,148.185,-39.9473
Arenaria interpres,150.125,-36.128
Arenaria interpres,144.377,-38.3052
Arenaria interpres,113.9685,-28.9363
Arenaria interpres,144.452,-38.2844
Arenaria interpres,145.047,-40.7514
Arenaria interpres,153.37103,-29.38377
Arenaria interpres,147.351,-40.949
Arenaria interpres,115.46167,-32.02219
Arenaria interpres,144.666,-38.231
Arenaria interpres,151.297,-33.7492
Arenaria interpres,122.3,-18
Arenaria interpres,153.14273,-27.09007
Arenaria interpres,143.846,-39.8929
Arenaria interpres,144.55,-38.012
Arenaria interpres,137.994,-34.3633
Arenaria interpres,146.683,-38.7245
Arenaria interpres,153.11,-27.2562
Arenaria interpres,151.133,-33.916
Arenaria interpres,122.222,-17.9745
Arenaria interpres,153.168,-27.4224
Arenaria interpres,144.73333,-41.31665
Arenaria interpres,140.82499,-38.04097
Arenaria interpres,153.438,-27.3241
Arenaria interpres,145.0997,-38.5275
Arenaria interpres,137.506,-35.5929
Arenaria interpres,150.769,-34.8995
Arenaria interpres,140.46305,-37.94542
Arenaria interpres,151.79,-32.8834
Arenaria interpres,140.807,-38.0488
Arenaria interpres,150.875,-34.5809
Arenaria interpres,113.9776,-28.8649
Arenaria interpres,153.426,-27.9696
Arenaria interpres,140.74,-38.05374
Arenaria interpres,151.50493,-33.36284
Arenaria interpres,144.614,-38.2921
Arenaria interpres,133.8541,-23.7373
Arenaria interpres,153.1594,-27.39007
Arenaria interpres,149.166,-35.3172
Arenaria interpres,146.823,-41.1068
Arenaria interpres,133.85327,-23.73956
Arenaria interpres,150.399,-35.5071
Arenaria interpres,122.2,-18
Arenaria interpres,153.07,-27.2116
Arenaria interpres,144.808,-37.8781
Arenaria interpres,140.75,-38.0833
Arenaria interpres,145.274,-38.403
Arenaria interpres,115.51194,-31.99752
Arenaria interpres,151.50399,-33.35471
Arenaria interpres,144.681,-41.172
Arenaria interpres,153.056,-30.4499
Arenaria interpres,153.279,-27.5201
Arenaria interpres,144.699,-38.2766
Arenaria interpres,151.781,-32.8745
Arenaria interpres,148.258,-41.131
Arenaria interpres,153.368,-29.4034
Arenaria interpres,145.425,-38.408
Arenaria interpres,120.69098,-19.74475
Arenaria interpres,150.158,-35.9556
Arenaria interpres,150.501,-35.268
Arenaria interpres,132.983,-32.05
Arenaria interpres,148.321,-40.9835
Arenaria interpres,150.763,-34.9366
Arenaria interpres,153.09273,-27.34007
Arenaria interpres,153.116,-27.2025
Arenaria interpres,120.20372,-19.9116
Arenaria interpres,151.231,-34.0171
Arenaria interpres,150.74829,-34.87785
Arenaria interpres,115.5443,-31.9986
Arenaria interpres,115.4502,-32.0237
Arenaria interpres,122.991,-16.5219
Arenaria interpres,145.355,-38.3438
Arenaria interpres,153.194,-27.4561
Arenaria interpres,144.7689,-38.2811
Arenaria interpres,139.73888,-37.06347
Arenaria interpres,122.21,-18.005
Arenaria interpres,151.417,-33.9167
Arenaria interpres,148.355,-41.2836
Arenaria interpres,144.7763,-38.2735
Arenaria interpres,145.6084,-38.6798
Arenaria interpres,140.85389,-38.04292
Arenaria interpres,151.569,-33.282
Arenaria interpres,153.0594,-27.2734
Arenaria interpres,153.238,-27.4636
Arenaria interpres,153.237,-27.3893
Arenaria interpres,150.914,-34.4817
Arenaria interpres,153.16778,-27.415
Arenaria interpres,113.7119,-28.47556
Arenaria interpres,144.68,-40.9098
Arenaria interpres,115.45763,-32.01647
Arenaria interpres,151.134,-34.0229
Arenaria interpres,145.2096,-38.5401
Arenaria interpres,145.348,-38.423
Arenaria interpres,153.34083,-29.60982
Arenaria interpres,144.522,-38.0456
Arenaria interpres,153.113,-27.0861
Arenaria interpres,115.45498,-32.01975
Arenaria interpres,153.284,-27.5288
Arenaria interpres,148.0916,-37.9083
Arenaria interpres,150.392,-35.5372
Arenaria interpres,133.82516,-23.74745
Arenaria interpres,153.563,-28.8825
Arenaria interpres,142.242,-38.389
Arenaria interpres,151.782,-32.8805
Arenaria interpres,144.693,-38.1207
Arenaria interpres,122.343,-17.9764
Arenaria interpres,153.362,-27.4999
Arenaria interpres,144.457,-38.0819
Arenaria interpres,150.15337,-35.90638
Arenaria interpres,151.273,-33.8897
Arenaria interpres,145.297,-38.4578
Arenaria interpres,153.19273,-27.45674
Arenaria interpres,148.728,-37.8117
Arenaria interpres,153.29273,-27.5234
Arenaria interpres,153.07606,-27.25674
Arenaria interpres,145.025,-38.4826
Arenaria interpres,150.227,-36.2528
Arenaria interpres,153.572,-28.8792
Arenaria interpres,144.467,-38.0755
Arenaria interpres,150.892,-34.4341
Arenaria interpres,153.1594,-27.3734
Arenaria interpres,145.02,-38.4759
Arenaria interpres,151.12898,-34.02071
Arenaria interpres,153.198,-27.4829
Arenaria interpres,122.344,-17.9767
Arenaria interpres,119.99469,-19.9315
Arenaria interpres,140.8347,-38.04853
Arenaria interpres,115.5113,-32.0006
Arenaria interpres,143.992,-36.099
Arenaria interpres,148.548,-37.8019
Arenaria interpres,148.23,-41.3165
Arenaria interpres,145.0998,-38.5257
Arenaria interpres,153.075,-30.4318
Arenaria interpres,153.33075,-29.67314
Arenaria interpres,145.2179,-38.3151
Arenaria interpres,153.35,-29.4058
Arenaria interpres,153.186,-27.351
Arenaria interpres,153.58524,-28.25883
Arenaria interpres,153.06778,-27.115
Arenaria interpres,153.289,-27.5093
Arenaria interpres,113.7284,-28.4393
Arenaria interpres,143.671,-38.7783
Arenaria interpres,145.0013,-37.9985
Arenaria interpres,115.52939,-31.99034
Arenaria interpres,144.5917,-38.0046
Arenaria interpres,145.0994,-38.5265
Arenaria interpres,142.286,-38.3645
Arenaria interpres,146.596,-38.6962
Arenaria interpres,134.34694,-33.14012
Arenaria interpres,153.374,-29.3636
Arenaria interpres,152.91139,-27.4975
Arenaria interpres,153.60736,-28.82919
Arenaria interpres,146.163,-38.8253
Arenaria interpres,113.82470000000001,-28.7322
Arenaria interpres,153.58413,-28.87756
Arenaria interpres,136.97,-35.2
Arenaria interpres,151.21485,-33.98393
Arenaria interpres,115.51048,-31.98746
Arenaria interpres,142.3347,-38.4985
Arenaria interpres,141.548,-38.6555
Arenaria interpres,144.403,-38.2926
Arenaria interpres,153.35106,-27.49839
Arenaria interpres,153.24,-27.4661
Arenaria interpres,153.42606,-27.35673
Arenaria interpres,153.21773,-27.48174
Arenaria interpres,115.473,-32.01466
Arenaria interpres,142.246,-38.3957
Arenaria interpres,122.301,-17.9733
Arenaria interpres,150.926,-34.3392
Arenaria interpres,140.769,-38.0575
Arenaria interpres,153.133,-26.9861
Arenaria interpres,153.20528,-27.48167
Arenaria interpres,153.169,-27.4082
Arenaria interpres,153.608,-28.8428
Arenaria interpres,122,-18
Arenaria interpres,153.203,-27.4779
Arenaria interpres,145.4142,-38.4709
Arenaria interpres,153.437,-29.0764
Arenaria interpres,153.37354,-29.36346
Arenaria interpres,144.855,-38.4466
Arenaria interpres,151.56191,-33.29587
Arenaria interpres,153.103,-30.3691
Arenaria interpres,151.791,-32.9298
Arenaria interpres,135.854,-34.719
Arenaria interpres,144.435,-38.285
Arenaria interpres,142.2558,-38.3939
Arenaria interpres,134.89,-33.6489
Arenaria interpres,153.233,-27.483
Arenaria interpres,153.15939,-27.05674
Arenaria interpres,153.608,-28.843
Arenaria interpres,145.032,-37.9943
Arenaria interpres,145.083,-38.4167
Arenaria interpres,134.143,-32.9315
Arenaria interpres,151.25,-34.0833
Arenaria interpres,153.234,-27.4573
Arenaria interpres,145.4513,-38.2318
Arenaria interpres,153.339,-29.6093
Arenaria interpres,153.189,-27.3587
Arenaria interpres,145.104,-40.7921
Arenaria interpres,153.154,-26.9906
Arenaria interpres,147.358,-43.4639
Arenaria interpres,144.712,-38.2958
Arenaria interpres,153.17028,-27.09694
Arenaria interpres,141.007,-38.0438
Arenaria interpres,143.841,-39.9285
Arenaria interpres,145.016,-38.4817
Arenaria interpres,122.219,-17.9745
Arenaria interpres,153.20768,-30.13003
Arenaria interpres,150.748,-34.855
Arenaria interpres,151.77,-32.868
Arenaria interpres,153.142,-27.0514
Arenaria interpres,144.609,-38.1275
Arenaria interpres,140.37611,-37.89847
Arenaria interpres,142.243,-38.407
Arenaria interpres,153.19389,-27.45444
Arenaria interpres,122.209,-17.9931
Arenaria interpres,153.25786,-29.9505
Arenaria interpres,115.5156,-31.99867
Arenaria interpres,153.19,-27.3568
Arenaria interpres,153.58151,-28.87985
Arenaria interpres,153.48766,-28.98583
Arenaria interpres,146.834,-38.677
Arenaria interpres,142.219,-37.756100000000004
Arenaria interpres,136.462,-35.1552
Arenaria interpres,143.906,-40.1215
Arenaria interpres,122.368,-17.6631
Arenaria interpres,153.12606,-27.09007
Arenaria interpres,153.241,-27.465
Arenaria interpres,147.991,-37.8796
Arenaria interpres,145.2716,-38.3446
Arenaria interpres,140.74694,-38.05709
Arenaria interpres,153.096,-27.3427
Arenaria interpres,143.67,-38.764
Arenaria interpres,150.928,-34.3691
Arenaria interpres,145.279,-38.3454
Arenaria interpres,142.224,-38.3935
Arenaria interpres,153.43,-29.1138
Arenaria interpres,122.5,-18.5
Arenaria interpres,146.365,-41.1753
Arenaria interpres,140.75611,-38.05514
Arenaria interpres,153.12606,-26.8234
Arenaria interpres,140.4347,-37.94771
Arenaria interpres,153.36801,-29.40138
Arenaria interpres,142.232,-38.3876
Arenaria interpres,134.26492,-33.95954
Arenaria interpres,113.969,-28.8677
Arenaria interpres,140.799,-38.0456
Arenaria interpres,153.35939,-27.50673
Arenaria interpres,153.25876,-29.95045
Arenaria interpres,146.816,-38.679
Arenaria interpres,151.79,-32.9154
Arenaria interpres,142.0083,-38.4916
Arenaria interpres,153.186,-27.4456
Arenaria interpres,145.2684,-38.4024
Arenaria interpres,146.637,-41.139
Arenaria interpres,150.135,-36.0469
Arenaria interpres,137.153,-35.8
Arenaria interpres,144.111,-39.8155
Arenaria interpres,151.156,-34.0057
Arenaria interpres,149.936,-36.7867
Arenaria interpres,153.117,-27.1992
Arenaria interpres,153.10944,-27.25667
Arenaria interpres,144.768,-38.282
Arenaria interpres,153.108,-27.2591
Arenaria interpres,122.185,-17.9747
Arenaria interpres,142.2874,-38.3648
Arenaria interpres,137.607,-36.0006
Arenaria interpres,151.316,-33.75
Arenaria interpres,145.4188,-38.4701
Arenaria interpres,153.30833,-27.56472
Arenaria interpres,151.503,-33.3326
Arenaria interpres,150.74592,-34.90241
Arenaria interpres,122.222,-17.975
Arenaria interpres,137.746,-35.8022
Arenaria interpres,150.833,-34.7504
Arenaria interpres,136.97195,-34.96013
Arenaria interpres,145.426,-38.466
Arenaria interpres,153.24,-27.4655
Arenaria interpres,153.279,-29.7453
Arenaria interpres,153.083,-27.0833
Arenaria interpres,142.2432,-38.3914
Arenaria interpres,144.385,-38.1439
Arenaria interpres,153.25857,-29.9505
Arenaria interpres,122.25,-17.9167
Arenaria interpres,151.783,-32.9315
Arenaria interpres,144.654,-38.1167
Arenaria interpres,135.323,-34.682
Arenaria interpres,153.29707,-29.81671
Arenaria interpres,140.36804,-37.89854
Arenaria interpres,153.36021,-29.53001
Arenaria interpres,140.376,-37.8981
Arenaria interpres,153.20549,-30.07679
Arenaria interpres,153.42606,-27.40673
Arenaria interpres,151.504,-33.3422
Arenaria interpres,153.23438,-27.38778
Arenaria interpres,145.025,-38.4755
Arenaria interpres,150.744,-34.8476
Arenaria interpres,144.6679,-37.9985
Arenaria interpres,138.5,-34.7167
Arenaria interpres,142.365,-38.35
Arenaria interpres,139.85,-37.328
Arenaria interpres,153.104,-27.2634
Arenaria interpres,138.016,-34.2287
Arenaria interpres,153.0594,-27.29007
Arenaria interpres,145.4076,-38.4051
Arenaria interpres,139.756,-37.1628
Arenaria interpres,143.665,-38.753
Arenaria interpres,137.997,-34.2979
Arenaria interpres,140.689,-38.0565
Arenaria interpres,121.44516,-19.18663
Arenaria interpres,142.2513,-38.4152
Arenaria interpres,146.341,-38.7616
Arenaria interpres,153.1594,-27.40674
Arenaria interpres,145.2763,-38.3401
Arenaria interpres,153.098,-27.0335
Arenaria interpres,142.742,-38.5353
Arenaria interpres,144.543,-38.04
Arenaria interpres,145.516,-38.3388
Arenaria interpres,151.12909,-34.02018
Arenaria interpres,113.667,-22.717
Arenaria interpres,153.584,-28.8508
Arenaria interpres,150.914,-34.4773
Arenaria interpres,142.239,-38.3789
Arenaria interpres,143.856,-39.866
Arenaria interpres,146.8763,-38.7068
Arenaria interpres,143.847,-39.7209
Arenaria interpres,143.987,-38.5488
Arenaria interpres,144.5102,-38.0912
Arenaria interpres,148.342,-40.9921
Arenaria interpres,120.03919,-19.9304
Arenaria interpres,139.97654,-37.45342
Arenaria interpres,153.04273,-27.14007
Arenaria interpres,144.5611,-38.0364
Arenaria interpres,143.845,-39.9405
Arenaria interpres,153.60484,-28.83552
Arenaria interpres,153.2594,-27.50674
Arenaria interpres,145.3511,-38.4214
Arenaria interpres,153.34273,-27.50673
Arenaria interpres,144.8179,-37.8818
Arenaria interpres,153.07606,-27.20674
Arenaria interpres,122.21,-17.9745
Arenaria interpres,151.494,-33.3376
Arenaria interpres,151.317,-33.742
Arenaria interpres,144.7013,-38.2318
Arenaria interpres,144.562,-38.0327
Arenaria interpres,145.187,-40.8044
Arenaria interpres,144.427,-38.284
Arenaria interpres,153.36218,-29.35582
Arenaria interpres,142.0847,-38.4152
Arenaria interpres,153.09273,-26.9984
Arenaria interpres,150.15935,-35.95609
Arenaria interpres,115.4,-20.7669
Arenaria interpres,153.44273,-27.40673
Arenaria interpres,122.431,-17.9753
Arenaria interpres,120.73434,-19.72578
Arenaria interpres,140.18661,-37.57375
Arenaria interpres,119.81642,-19.97114
Arenaria interpres,115.48512,-32.0082
Arenaria interpres,153.111,-27.2569
Arenaria interpres,153.12606,-27.19007
Arenaria interpres,143.889,-40.005
Arenaria interpres,140.84111,-38.03986
Arenaria interpres,153.095,-30.3758
Arenaria interpres,153.084,-27.2592
Arenaria interpres,153.155,-30.2266
Arenaria interpres,153.108,-27.2297
Arenaria interpres,151.478,-33.3813
Arenaria interpres,153.106,-27.1916
Arenaria interpres,133.644,-32.1444
Arenaria interpres,141.418,-38.415
Arenaria interpres,153.25369,-29.95324
Arenaria interpres,151.505,-33.35833
Arenaria interpres,137.609,-35.9951
Arenaria interpres,143.358,-37.5331
Arenaria interpres,150.16148,-35.95296
Arenaria interpres,144.5648,-38.0275
Arenaria interpres,137.598,-35.9406
Arenaria interpres,153.571,-28.8645
Arenaria interpres,140.397,-37.9177
Arenaria interpres,153.116,-27.2032
Arenaria interpres,153.60795,-28.84273
Arenaria interpres,145.099,-38.5265
Arenaria interpres,151.503,-33.3475
Arenaria interpres,151.207,-34.0401
Arenaria interpres,143.917,-40.1151
Arenaria interpres,142.993,-38.6195
Arenaria interpres,153.34088,-29.61174
Arenaria interpres,144.934,-40.6887
Arenaria interpres,153.22606,-27.4734
Arenaria interpres,141.2513,-38.2485
Arenaria interpres,151.194,-33.955
Arenaria interpres,113.8836,-28.6308
Arenaria interpres,144.56,-37.9971
Arenaria interpres,144.75,-41.417
Arenaria interpres,121.01131,-19.60065
Arenaria interpres,153.19244,-27.45728
Arenaria interpres,142.24,-38.3938
Arenaria interpres,151.5,-33.3397
Arenaria interpres,153.187,-27.4497
Arenaria interpres,153.184,-27.3757
Arenaria interpres,153.116,-27.1959
Arenaria interpres,145.033,-38.485
Arenaria interpres,153.11667,-26.95
Arenaria interpres,144.6702,-38.2603
Arenaria interpres,144.6759,-38.2604
Arenaria interpres,151.203,-34.0391
Arenaria interpres,121.51815,-19.07449
Arenaria interpres,138.295,-34.4938
Arenaria interpres,151.25934,-33.95409
Arenaria interpres,151.562,-33.2956
Arenaria interpres,150.896,-34.5973
Arenaria interpres,153.17606,-27.44007
Arenaria interpres,153.186,-27.4542
Arenaria interpres,122.417,-17.9167
Arenaria interpres,153.361,-29.4029
Arenaria interpres,149.846,-37.556
Arenaria interpres,139.9911,-37.42541
Arenaria interpres,152.42608,-27.45674
Arenaria interpres,113.8376,-28.7202
Arenaria interpres,113.8311,-28.6831
Arenaria interpres,149.764,-37.5584
Arenaria interpres,120.38685,-19.8521
Arenaria interpres,143.932,-39.6285
Arenaria interpres,153.1594,-27.4234
Arenaria interpres,138.517,-34.7145
Arenaria interpres,123.058,-16.4483
Arenaria interpres,134.127,-32.9323
Arenaria interpres,153.2371,-27.3755
Arenaria interpres,153.44273,-27.34007
Arenaria interpres,136.545,-35.8868
Arenaria interpres,153.3751,-29.36887
Arenaria interpres,142.477,-38.401
Arenaria interpres,113.8964,-28.8981
Arenaria interpres,153.42606,-27.3234
Arenaria interpres,115.514,-31.98912
Arenaria interpres,153.24,-27.466
Arenaria interpres,153.603,-28.8478
Arenaria interpres,152.968,-31.2523
Arenaria interpres,137.02695,-34.89901
Arenaria interpres,145.3179,-38.5484
Arenaria interpres,140.77519,-38.04987
Arenaria interpres,122.99,-16.3845
Arenaria interpres,136.11269,-35.33259
Arenaria interpres,150.874,-34.528
Arenaria interpres,113.8544,-28.675
Arenaria interpres,151.318,-33.7419
Arenaria interpres,142.25,-38.4167
Arenaria interpres,144.658,-37.9007
Arenaria interpres,148.085,-37.8586
Arenaria interpres,142.215,-38.3949
Arenaria interpres,151.317,-33.7419
Arenaria interpres,140.467,-37.9494
Arenaria interpres,153.23333,-27.46667
Arenaria interpres,145.258,-40.7939
Arenaria interpres,148.742,-37.8051
Arenaria interpres,151.57125,-33.29011
Arenaria interpres,153.108,-27.0413
Arenaria interpres,137.453,-34.1366
Arenaria interpres,153.17717,-27.44201
Arenaria interpres,145.27,-38.383
Arenaria interpres,148.255,-40.9509
Arenaria interpres,133.13249,-32.64099
Arenaria interpres,144.52,-38.05
Arenaria interpres,139.69,-36.9425
Arenaria interpres,145.2346,-38.3651
Arenaria interpres,153.33882,-29.61445
Arenaria interpres,153.289,-27.5146
Arenaria interpres,139.7411,-37.04264
Arenaria interpres,132.438,-31.9892
Arenaria interpres,144.804,-37.8795
Arenaria interpres,153.608,-28.8432
Arenaria interpres,115.50617,-31.99107
Arenaria interpres,153.10939,-27.04007
Arenaria interpres,145.4096,-38.4734
Arenaria interpres,121.23495,-19.43446
Arenaria interpres,142.2329,-38.3933
Arenaria interpres,152.319,-32.6172
Arenaria interpres,144.7012,-38.2194
Arenaria interpres,153.44,-27.0317
Arenaria interpres,144.832,-40.6965
Arenaria interpres,140.03305,-37.47124
Arenaria interpres,142.308,-38.3573
Arenaria interpres,113.8261,-28.6681
Arenaria interpres,151.071,-33.8434
Arenaria interpres,153.579,-28.8823
Arenaria interpres,151.305,-33.7453
Arenaria interpres,140.93,-38.0462
Arenaria interpres,145.426,-38.4659
Arenaria interpres,145.274,-38.338
Arenaria interpres,121.46919,-19.15397
Arenaria interpres,153.057,-30.4522
Arenaria interpres,144.689,-40.6788
Arenaria interpres,142.5013,-38.4985
Arenaria interpres,122.203,-17.7825
Arenaria interpres,153.2066,-30.10838
Arenaria interpres,138.262,-34.4665
Arenaria interpres,140.78388,-38.04403
Arenaria interpres,122.223,-17.9742
Arenaria interpres,153.26778,-27.52611
Arenaria interpres,153.12606,-27.24007
Arenaria interpres,153.25815,-29.95051
Arenaria interpres,142.859,-38.5999
Arenaria interpres,146.804,-41.0724
Arenaria interpres,115.52844,-32.02635
Arenaria interpres,146.7513,-38.7484
Arenaria interpres,151.504,-33.3464
Arenaria interpres,139.777,-37.1667
Arenaria interpres,144.8929,-37.8735
Arenaria interpres,139.83499,-37.30875
Arenaria interpres,144.904,-40.6552
Arenaria interpres,144.74,-38.2802
Arenaria interpres,115.5203,-32.0055
Arenaria interpres,151.21518,-33.96815
Arenaria interpres,151.50285,-33.3583
Arenaria interpres,115.55826,-32.00303
Arenaria interpres,153.188,-27.4574
Arenaria interpres,147.422,-38.1945
Arenaria interpres,153.518,-28.8585
Arenaria interpres,146.8294,-38.6843
Arenaria interpres,153.143,-27.0516
Arenaria interpres,143.852,-39.9303
Arenaria interpres,153.188,-27.3588
Arenaria interpres,144.906,-40.6504
Arenaria interpres,120.07667,-19.92306
Arenaria interpres,113.6975,-28.4653
Arenaria interpres,143.972,-38.5401
Arenaria interpres,153.541,-28.9218
Arenaria interpres,150.748,-34.8548
Arenaria interpres,153.16773,-27.40257
Arenaria interpres,151.635,-33.1757
Arenaria interpres,144.8014,-38.3065
Arenaria interpres,153.59068,-28.87079
Arenaria interpres,144.567,-38.0251
Arenaria interpres,144.566,-38.0256
Arenaria interpres,144.6121,-38.0428
Arenaria interpres,153.606,-28.8422
Arenaria interpres,153.37405,-29.36346
Arenaria interpres,149.756,-37.5562
Arenaria interpres,143.773,-35.6532
Arenaria interpres,147.93333,-40.73333
Arenaria interpres,138.311,-34.4581
Arenaria interpres,122.37,-17.9889
Arenaria interpres,140.04304,-37.47763
Arenaria interpres,142.231,-38.389
Arenaria interpres,122.185,-17.6633
Arenaria interpres,140.27304,-37.7168
Arenaria interpres,151.501,-33.2955
Arenaria interpres,145.069,-40.7785
Arenaria interpres,146.417,-41.25
Arenaria interpres,153.583,-28.9167
Arenaria interpres,122.345,-17.9745
Arenaria interpres,153.10662,-27.26229
Arenaria interpres,152.857,-31.5464
Arenaria interpres,144.803,-40.6973
Arenaria interpres,140.59388,-38.02291
Arenaria interpres,137.508,-35.5917
Arenaria interpres,139.99632,-37.46653
Arenaria interpres,142.271,-38.3625
Arenaria interpres,139.96785,-37.45212
Arenaria interpres,146.38,-33.3153
Arenaria interpres,144.523,-38.0427
Arenaria interpres,145.289,-38.3839
Arenaria interpres,153.182,-27.4448
Arenaria interpres,113.829,-28.6681
Arenaria interpres,153.27611,-27.515
Arenaria interpres,113.7397,-28.7842
Arenaria interpres,145.237,-38.4794
Arenaria interpres,153.06773,-27.30674
Arenaria interpres,136.85946,-35.37161
Arenaria interpres,153.309,-27.5655
Arenaria interpres,145.0763,-38.5235
Arenaria interpres,145.3513,-38.4318
Arenaria interpres,151.50173,-33.36099
Arenaria interpres,150.0916,-37.2416
Arenaria interpres,153.27554,-29.89256
Arenaria interpres,120.13473,-19.91333
Arenaria interpres,153.18861,-27.44833
Arenaria interpres,146.0083,-38.9916
Arenaria interpres,153.4219,-27.89007
Arenaria interpres,144.716,-38.1517
Arenaria interpres,122.21,-17.8214
Arenaria interpres,151.439,-33.3342
Arenaria interpres,143.664,-38.7764
Arenaria interpres,151.25,-33.9167
Arenaria interpres,153.116,-27.203
Arenaria interpres,144.583,-38.25
Arenaria interpres,142.2896,-38.3629
Arenaria interpres,153.42606,-27.30396
Arenaria interpres,153.27606,-27.54007
Arenaria interpres,145.3179,-38.4651
Arenaria interpres,153.169,-27.426
Arenaria interpres,153.043,-27.1529
Arenaria interpres,142.227,-38.392
Arenaria interpres,153.14273,-27.0734
Arenaria interpres,140.80694,-38.04736
Arenaria interpres,144.404,-38.2938
Arenaria interpres,145.0356,-38.4814
Arenaria interpres,113.7854,-28.4773
Arenaria interpres,144.572,-38.2771
Arenaria interpres,143.834,-39.9165
Arenaria interpres,152.997,-31.1269
Arenaria interpres,142.2851,-38.3648
Arenaria interpres,153.116,-27.2039
Arenaria interpres,150.741,-34.8821
Arenaria interpres,137.564,-33.9732
Arenaria interpres,139.72304,-36.92486
Arenaria interpres,122.575,-16.8
Arenaria interpres,143.7513,-38.7485
Arenaria interpres,134.881,-33.6376
Arenaria interpres,150.119,-36.0544
Arenaria interpres,139.84759,-37.32355
Arenaria interpres,153.25597,-29.95113
Arenaria interpres,145.3486,-38.4304
Arenaria interpres,153.589,-28.8771
Arenaria interpres,153.554,-28.5348
Arenaria interpres,141.155,-38.13
Arenaria interpres,150.424,-35.505
Arenaria interpres,153.09273,-27.25674
Arenaria interpres,144.796,-37.8913
Arenaria interpres,151.079,-33.844
Arenaria interpres,153.30316,-29.77654
Arenaria interpres,146.792,-41.0998
Arenaria interpres,153.099,-27.202
Arenaria interpres,153.099,-30.3762
Arenaria interpres,150.922,-34.3652
Arenaria interpres,149.942,-36.9502
Arenaria interpres,145.2671,-38.3878
Arenaria interpres,153.19819,-30.05785
Arenaria interpres,115.5,-32
Arenaria interpres,148.174,-40.8387
Arenaria interpres,153.25111,-27.48167
Arenaria interpres,140.37388,-37.90374
Arenaria interpres,144.684,-38.2506
Arenaria interpres,153.34087,-29.60994
Arenaria interpres,144.768,-38.273
Arenaria interpres,145.603,-38.6738
Arenaria interpres,153.34273,-27.49007
Arenaria interpres,151.636,-33.0708
Arenaria interpres,144.9179,-37.9151
Arenaria interpres,115.54919,-32.0046
Arenaria interpres,121.20048,-19.46389
Arenaria interpres,145.982,-38.8903
Arenaria interpres,138.888,-35.537
Arenaria interpres,144.426,-38.085
Arenaria interpres,144.768,-38.2738
Arenaria interpres,148.535,-37.7945
Arenaria interpres,153.40523,-27.4984
Arenaria interpres,120.88483,-19.66282
Arenaria interpres,145.4846,-38.3651
Arenaria interpres,122.647,-17.89
Arenaria interpres,144.8001,-38.3078
Arenaria interpres,139.91888,-37.39986
Arenaria interpres,148.225,-40.8754
Arenaria interpres,134.105,-32.7218
Arenaria interpres,136.06467,-35.23234
Arenaria interpres,115.54232,-31.9902
Arenaria interpres,143.932,-39.628
Arenaria interpres,122.15,-17.5
Arenaria interpres,143.846,-39.8928
Arenaria interpres,144.717,-38.1709
Arenaria interpres,139.996,-37.4582
Arenaria interpres,143.867,-39.8373
Arenaria interpres,146.164,-41.1449
Arenaria interpres,113.985,-28.8664
Arenaria interpres,137.48,-34.3814
Arenaria interpres,144.7513,-38.0818
Arenaria interpres,146.777,-38.677
Arenaria interpres,145.3328,-38.4211
Arenaria interpres,151.20622,-33.96472
Arenaria interpres,152.114,-32.7855
Arenaria interpres,150.832,-35.009
Arenaria interpres,147.021,-38.4852
Arenaria interpres,142.2597,-38.3735
Arenaria interpres,143.889,-40.0049
Arenaria interpres,153.25695,-29.95068
Arenaria interpres,140.773,-38.0509
Arenaria interpres,144.6,-37.9981
Arenaria interpres,145.511,-38.5758
Arenaria interpres,153.27194,-27.51778
Arenaria interpres,151.199,-34.0404
Arenaria interpres,153.186,-27.4505
Arenaria interpres,153.35939,-27.49007
Arenaria interpres,145.143,-38.573
Arenaria interpres,144.567,-38.0265
Arenaria interpres,140.51499,-37.98874
Arenaria interpres,153.579,-28.8699
Arenaria interpres,142.291,-38.3592
Arenaria interpres,153.633,-28.6397
Arenaria interpres,153.579,-28.3622
Arenaria interpres,149.691,-35.0469
Arenaria interpres,153.07606,-27.31924
Arenaria interpres,149.948,-37.2473
Arenaria interpres,153.57803,-28.88313
Arenaria interpres,153.43856,-27.39423
Arenaria interpres,153.418,-27.9656
Arenaria interpres,133.579,-32.1018
Arenaria interpres,140.1461,-37.51069
Arenaria interpres,145.4179,-38.4818
Arenaria interpres,151.265,-33.9412
Arenaria interpres,153.201,-30.1351
Arenaria interpres,145.3,-38.4
Arenaria interpres,120.29713,-19.88469
Arenaria interpres,119.89806,-19.95093
Arenaria interpres,140.662,-38.0589
Arenaria interpres,153.14273,-27.05674
Arenaria interpres,151.319,-33.7423
Arenaria interpres,153.28444,-27.53167
Arenaria interpres,148.576,-37.8029
Arenaria interpres,138.845,-35.5353
Arenaria interpres,122.381,-17.9753
Arenaria interpres,153.11773,-27.0859
Arenaria interpres,122.21656,-17.98749
Arenaria interpres,142.2885,-38.3629
Arenaria interpres,146.5359,-38.7331
Arenaria interpres,147.0429,-38.5401
Arenaria interpres,144.567,-38.0261
Arenaria interpres,153.053,-27.1319
Arenaria interpres,144.6905,-38.2861
Arenaria interpres,138.016,-34.2279
Arenaria interpres,142.398,-34.691
Arenaria interpres,121.29923,-19.36761
Arenaria interpres,115.783,-21.1
Arenaria interpres,122.344,-17.9739
Arenaria interpres,145.057,-38.4261
Arenaria interpres,151.18133,-34.01416
Arenaria interpres,142.221,-38.392
Arenaria interpres,136.11035,-35.32483
Arenaria interpres,113.8019,-28.4836
Arenaria interpres,153.2844,-27.53729
Arenaria interpres,144.558,-38.0376
Arenaria interpres,137.217,-35.6346
Arenaria interpres,144.6676,-38.2341
Arenaria interpres,153.169,-27.099
Arenaria interpres,144.5681,-38.0311
Arenaria interpres,113.7,-28.5
Arenaria interpres,153.29273,-27.50674
Arenaria interpres,115.45713,-32.02576
Arenaria interpres,142.303,-38.3591
Arenaria interpres,146.7096,-38.7068
Arenaria interpres,153.42606,-27.94007
Arenaria interpres,139.742,-37.0423
Arenaria interpres,144.678,-38.1156
Arenaria interpres,142.3124,-38.3573
Arenaria interpres,144.8429,-37.9235
Arenaria interpres,140.399,-37.9117
Arenaria interpres,153.25767,-29.95057
Arenaria interpres,144.837,-37.8591
Arenaria interpres,153.60769,-28.84275
Arenaria interpres,142.306,-38.3577
Arenaria interpres,153.25854,-29.9506
Arenaria interpres,153.21572,-30.00819
Arenaria interpres,150.935,-34.4766
Arenaria interpres,142.225,-38.3924
Arenaria interpres,149.8318,-37.5509
Arenaria interpres,121.1273,-19.5208
Arenaria interpres,113.9955,-28.8641
Arenaria interpres,153.05528,-27.12333
Arenaria interpres,142.3068,-38.3618
Arenaria interpres,140.67999,-38.0557
Arenaria interpres,143.864,-39.9287
Arenaria interpres,142.223,-38.3919
Arenaria interpres,150.715,-34.8851
Arenaria interpres,135.269,-34.1699
Arenaria interpres,151.99664,-27.56392
Arenaria interpres,153.33333,-27.41667
Arenaria interpres,142.221,-38.3919
Arenaria interpres,153.11,-27.2564
Arenaria interpres,137.895,-34.617
Arenaria interpres,153.193,-27.4672
Arenaria interpres,140.684,-38.0567
Arenaria interpres,151.57933,-33.28164
Arenaria interpres,151.315,-33.7411
Arenaria interpres,139.79499,-37.12541
Arenaria interpres,152.9,-30.45
Arenaria interpres,153.231,-27.4214
Arenaria interpres,153.191,-27.3537
Arenaria interpres,145.2763,-38.3901
Arenaria interpres,148.33332,-40.93332
Arenaria interpres,153.202,-30.1089
Arenaria interpres,153.33779,-29.61536
Arenaria interpres,153.284,-27.5269
Arenaria interpres,148.107,-40.0507
Arenaria interpres,153.25106,-27.48035
Arenaria interpres,122.25,-17.75
Arenaria interpres,145.6263,-38.7068
Arenaria interpres,135.176,-33.8736
Arenaria interpres,153.21778,-27.48167
Arenaria interpres,144.669,-38.2598
Arenaria interpres,144.6096,-38.0401
Arenaria interpres,153.605,-28.8416
Arenaria interpres,144.758,-37.925
Arenaria interpres,122.206,-18.2181
Arenaria interpres,144.7611,-38.2756
Arenaria interpres,146.6263,-38.7901
Arenaria interpres,153.17194,-27.4025
Arenaria interpres,153.24556,-27.48167
Arenaria interpres,144.5588,-38.0372
Arenaria interpres,142.002,-38.4181
Arenaria interpres,144.589,-37.9947
Arenaria interpres,153.103,-30.3755
Arenaria interpres,153.25347,-29.9536
Arenaria interpres,144.829,-37.8681
Arenaria interpres,140.873,-38.0499
Arenaria interpres,145.118,-38.5174
Arenaria interpres,153.25666,-29.95097
Arenaria interpres,143.845,-39.9413
Arenaria interpres,122.511,-17.9172
Arenaria interpres,150.921,-34.3485
Arenaria interpres,142.2897,-38.3638
Arenaria interpres,151.50107,-33.36508
Arenaria interpres,142.317,-38.36
Arenaria interpres,138.304,-34.5044
Arenaria interpres,151.685,-32.8626
Arenaria interpres,153.12606,-26.80674
Arenaria interpres,140.682,-38.0421
Arenaria interpres,120.64737,-19.76316
Arenaria interpres,153.603,-28.8433
Arenaria interpres,142.168,-38.498
Arenaria interpres,148.271,-41.2
Arenaria interpres,121.16324,-19.4912
Arenaria interpres,151.56953,-33.28964
Arenaria interpres,122.184,-17.6578
Arenaria interpres,140.419,-37.9245
Arenaria interpres,113.9867,-28.8644
Arenaria interpres,153.092,-26.6583
Arenaria interpres,113.8606,-28.6694
Arenaria interpres,153.59474,-28.86264
Arenaria interpres,122.25,-18.25
Arenaria interpres,143.3347,-38.8318
Arenaria interpres,146.4833,-41.1833
Arenaria interpres,153.27606,-27.5234
Arenaria interpres,150.93071,-34.36866
Arenaria interpres,149.937,-36.9529
Arenaria interpres,119.94897,-19.93834
Arenaria interpres,137.493,-35.578
Arenaria interpres,150.405,-35.5319
Arenaria interpres,136.925,-35.1416
Arenaria interpres,139.99723,-37.43826
Arenaria interpres,151.5,-33.3629
Arenaria interpres,147.951,-37.8856
Arenaria interpres,146.3667,-41.1833
Arenaria interpres,151.167,-34.0094
Arenaria interpres,142.2021,-38.3954
Arenaria interpres,153.37304,-29.39523
Arenaria interpres,151.792,-32.9279
Arenaria interpres,145.3096,-38.2734
Arenaria interpres,153.103,-30.376
Arenaria interpres,151.319,-33.7417
Arenaria interpres,144.8263,-37.8901
Arenaria interpres,122.217,-18.2167
Arenaria interpres,151.56512,-33.29681
Arenaria interpres,153.339,-29.6103
Arenaria interpres,153.114,-27.1913
Arenaria interpres,144.775,-38.2778
Arenaria interpres,153.142,-30.2786
Arenaria interpres,142.4713,-38.4013
Arenaria interpres,153.60744,-28.84273
Arenaria interpres,153.19389,-27.455
Arenaria interpres,151.798,-32.9202
Arenaria interpres,134.294,-33.0738
Arenaria interpres,146.75,-38.69
Arenaria interpres,153.545,-27.4344
Arenaria interpres,144.584,-37.9966
Arenaria interpres,144.581,-37.9949
Arenaria interpres,143.901,-40.133
Arenaria interpres,136.113,-35.3288
Arenaria interpres,144.532,-37.9939
Arenaria interpres,151.50496,-33.36103
Arenaria interpres,120.60864,-19.77723
Arenaria interpres,153.07606,-27.1984
Arenaria interpres,153.43333,-27.3
Arenaria interpres,151.212,-33.9627
Arenaria interpres,137.598,-35.9415
Arenaria interpres,115.50754,-32.01256
Arenaria interpres,133.8346,-23.73189
Arenaria interpres,139.74174,-37.04232
Arenaria interpres,153.44273,-27.7234
Arenaria interpres,153.3,-29.7757
Arenaria interpres,153.0843,-27.2541
Arenaria interpres,145.1031,-38.5294
Arenaria interpres,153.194,-27.4544
Arenaria interpres,144.664,-38.112
Arenaria interpres,145.7114,-38.6458
Arenaria interpres,153.416,-27.9439
Arenaria interpres,147.724,-37.9781
Arenaria interpres,115.4913,-32.01799
Arenaria interpres,120.34317,-19.86808
Arenaria interpres,153.21226,-30.11234
Arenaria interpres,152.6,-31.9563
Arenaria interpres,150.304,-35.6403
Arenaria interpres,144.53,-38.0073
Arenaria interpres,150.381,-35.5552
Arenaria interpres,146.836,-41.0413
Arenaria interpres,151.766,-32.9072
Arenaria interpres,153.27606,-27.55674
Arenaria interpres,143.927,-40.1592
Arenaria interpres,140.73,-38.0539
Arenaria interpres,153.107,-27.1937
Arenaria interpres,143.152,-37.6106
Arenaria interpres,122.211,-17.8192
Arenaria interpres,151.50178,-33.35829
Arenaria interpres,115.4869,-32.00012
Arenaria interpres,153.115,-27.1952
Arenaria interpres,151.1471,-34.00767
Arenaria interpres,135.46,-34.6182
Arenaria interpres,137.644,-35.6546
Arenaria interpres,153.036,-27.1956
Arenaria interpres,115.5366,-31.9966
Arenaria interpres,144.638,-38.2718
Arenaria interpres,146.391,-41.1728
Arenaria interpres,146.7489,-38.6752
Arenaria interpres,151.16208,-34.00013
Arenaria interpres,153.16773,-27.0984
Arenaria interpres,153.26217,-27.5109
Arenaria interpres,144.123,-39.8211
Arenaria interpres,122.333,-17.9667
Arenaria interpres,145.0588,-38.4295
Arenaria interpres,142.3432,-38.3515
Arenaria interpres,115.4,-20.7667
Arenaria interpres,113.7158,-28.4525
Arenaria interpres,153.27147,-29.91965
Arenaria interpres,144.683,-38.2833
Arenaria interpres,153.25498,-29.95127
Arenaria interpres,153.2344,-27.39007
Arenaria interpres,144.645,-37.932
Arenaria interpres,140.6911,-38.05486
Arenaria interpres,120.10687,-19.91492
Arenaria interpres,153.26142,-29.93952
Arenaria interpres,153.107,-27.0448
Arenaria interpres,139.764,-37.0785
Arenaria interpres,148.982,-37.7658
Arenaria interpres,145.168,-38.469
Arenaria interpres,150.877,-34.5449
Arenaria interpres,151.083,-34.0833
Arenaria interpres,144.6968,-38.2312
Arenaria interpres,120.77798,-19.70663
Arenaria interpres,153.604,-28.8432
Arenaria interpres,153.34144,-29.61062
Arenaria interpres,150.761,-34.9361
Arenaria interpres,142.223,-38.3916
Arenaria interpres,151.772,-32.9315
Arenaria interpres,144.668,-38.257
Arenaria interpres,143.6727,-38.7783
Arenaria interpres,137.727,-35.0454
Arenaria interpres,153.16995,-27.42896
Arenaria interpres,143.978,-40.1101
Arenaria interpres,147.651,-40.8344
Arenaria interpres,153.423,-27.8421
Arenaria interpres,143.976,-38.5373
Arenaria interpres,144.685,-37.9726
Arenaria interpres,148.0429,-37.8734
Arenaria interpres,120.43188,-19.83862
Arenaria interpres,144.3346,-38.4151
Arenaria interpres,113.9126,-28.9089
Arenaria interpres,113.875,-28.6711
Arenaria interpres,139.72304,-37.08902
Arenaria interpres,153.012,-30.6487
Arenaria interpres,153.177,-27.4421
Arenaria interpres,120.93371,-19.64261
Arenaria interpres,153.29396,-29.81581
Arenaria interpres,142.356,-38.3498
Arenaria interpres,143.437,-35.2368
Arenaria interpres,146.774,-41.0817
Arenaria interpres,122.218,-17.8078
Arenaria interpres,115.51201,-31.9896
Arenaria interpres,144.673,-38.2609
Arenaria interpres,145.61,-38.6769
Arenaria interpres,153.2594,-27.5234
Arenaria interpres,113.8657,-28.9109
Arenaria interpres,144.836,-38.4283
Arenaria interpres,150.13569,-36.3025
Arenaria interpres,153.119,-26.8138
Arenaria interpres,122.207,-18.005
Arenaria interpres,139.96044,-37.45279
Arenaria interpres,138.533,-34.7333
Arenaria interpres,153.3,-27.61667
Arenaria interpres,151.776,-32.9263
Arenaria interpres,153.2344,-27.4234
Arenaria interpres,153.19495,-27.45202
Arenaria interpres,144.6701,-38.2612
Arenaria interpres,122.283,-17.9639
Arenaria interpres,145.046,-38.436
Arenaria interpres,153.188,-27.3521
Arenaria interpres,153.083,-27.25
Arenaria interpres,134.125,-32.7964
Arenaria interpres,153.24,-27.4651
Arenaria interpres,144.2583,-38.4083
Arenaria interpres,153.11057,-27.25503
Arenaria interpres,144.719,-38.198
Arenaria interpres,153.099,-27.035
Arenaria interpres,144.8429,-37.8735
Arenaria interpres,122.219,-17.8406
Arenaria interpres,153.2082,-30.1303
Arenaria interpres,151.223,-34.0335
Arenaria interpres,113.9903,-28.8639
Arenaria interpres,120.56459,-19.78923
Arenaria interpres,153.42606,-27.9234
Arenaria interpres,153.193,-27.3619
Arenaria interpres,148.1679,-37.9984
Arenaria interpres,148.117,-40.8343
Arenaria interpres,151.204,-34.0174
Arenaria interpres,150.636,-35.1716
Arenaria interpres,153.25617,-29.95144
Arenaria interpres,144.562,-38.0316
Arenaria interpres,153.099,-27.2572
Arenaria interpres,122.35,-17.975
Arenaria interpres,150.629,-35.1669
Arenaria interpres,153.081,-27.3363
Arenaria interpres,122.361,-17.9808
Arenaria interpres,150.868,-34.5369
Arenaria interpres,144.5013,-38.3318
Arenaria interpres,153.809,-27.8277
Arenaria interpres,148.271,-41.175
Arenaria interpres,122.205,-17.7825
Arenaria interpres,144.6736,-38.2243
Arenaria interpres,140.504,-38.3244
Arenaria interpres,151.791,-32.9295
Arenaria interpres,145.1701,-38.5115
Arenaria interpres,143.932,-39.6288
Arenaria interpres,144.77,-38.2728
Arenaria interpres,152.355,-27.5169
Arenaria interpres,142.366,-38.3493
Arenaria interpres,143.901,-40.1355
Arenaria interpres,153.234,-27.4585
Arenaria interpres,153.574,-28.8628
Arenaria interpres,153.25291000000001,-29.95307
Arenaria interpres,136.831,-35.2344
Arenaria interpres,150.933,-34.45
Arenaria interpres,139.97835,-37.3994
Arenaria interpres,144.374,-38.3002
Arenaria interpres,144.774,-37.9271
Arenaria interpres,138.086,-34.1298
Arenaria interpres,137.887,-32.7064
Arenaria interpres,151.129,-34.0208
Arenaria interpres,153.60745,-28.84357
Arenaria interpres,122.317,-17.975
Arenaria interpres,115.55534,-32.01188
Arenaria interpres,122.346,-17.975
Arenaria interpres,153.21,-27.4824
Arenaria interpres,144.567,-38.0239
Arenaria interpres,153.17333,-27.42889
Arenaria interpres,151.225,-33.7825
Arenaria interpres,136.715,-35.8892
Arenaria interpres,153.288,-29.8163
Arenaria interpres,153.30833,-27.56556
Arenaria interpres,153.20674,-30.12983
Arenaria interpres,113.8069,-28.4769
Arenaria interpres,153.078,-27.2743
Arenaria interpres,153.483,-26.983
Arenaria interpres,153.25731,-29.95104
Arenaria interpres,145.4066,-38.4711
Arenaria interpres,113.9942,-28.8728
Arenaria interpres,122.37,-17.9892
Arenaria interpres,134.857,-33.5591
Arenaria interpres,144.5346,-38.0485
Arenaria interpres,146.4039,-41.1717
Arenaria interpres,152.843,-31.5507
Arenaria interpres,136.349,-34.1299
Arenaria interpres,146.71,-38.6663
Arenaria interpres,144.17204,-28.06096
Arenaria interpres,133.835,-23.6746
Arenaria interpres,148.741,-37.8
Arenaria interpres,151.158,-34.0371
Arenaria interpres,152.068,-32.709
Arenaria interpres,153.347,-29.4277
Arenaria interpres,153.282,-27.5157
Arenaria interpres,121.35815,-19.29831
Arenaria interpres,134.27694,-33.94901
Arenaria interpres,136.917,-35.25
Arenaria interpres,153.60693,-28.84318
Arenaria interpres,151.50494,-33.36194
Arenaria interpres,144.425,-38.285
Arenaria interpres,142.2501,-38.3904
Arenaria interpres,144.76798,-38.26517
Arenaria interpres,144.567,-38.0245
Arenaria interpres,122.224,-17.9731
Arenaria interpres,151.50388,-33.36102
Arenaria interpres,146.6083,-38.7469
Arenaria interpres,147.763,-37.9618
Arenaria interpres,144.593,-38.057
Arenaria interpres,151.283,-33.7989
Arenaria interpres,151.703,-32.8406
Arenaria interpres,153.37606,-27.49007
Arenaria interpres,113.9197,-28.8894
Arenaria interpres,151.062,-33.8417
Arenaria interpres,148.094,-37.8499
Arenaria interpres,153.594,-28.864
Arenaria interpres,153.12051,-27.23174
Arenaria interpres,153.11078,-27.05257
Arenaria interpres,150.395,-35.5067
Arenaria interpres,145.3217,-38.2579
Arenaria interpres,145.4089,-38.4679
Arenaria interpres,143.915,-39.6771
Arenaria interpres,144.8346,-38.1651
Arenaria interpres,152.34409,-27.50868
Arenaria interpres,120.83168,-19.68314
Arenaria interpres,142.318,-38.465
Arenaria interpres,113.8625,-28.69
Arenaria interpres,153.515,-28.9492
Arenaria interpres,150.508,-35.2671
Arenaria interpres,144.5586,-38.0426
Arenaria interpres,153.55624,-28.17139
Arenaria interpres,121.41726,-19.22411
Arenaria interpres,140.422,-37.9297
Arenaria interpres,122.927,-16.3969
Arenaria interpres,153.065,-27.3023
Arenaria interpres,153.53333,-27.48333
Arenaria interpres,144.18,-28.0798
Arenaria interpres,148.289,-41.2094
Arenaria interpres,144.867,-40.7281
Arenaria interpres,147.96,-39.7404
Arenaria interpres,144.6955,-38.2321
Arenaria interpres,148.176,-40.5288
Arenaria interpres,146.8179,-38.6798
Arenaria interpres,145.5096,-38.3401
Arenaria interpres,120.25214,-19.89775
Arenaria interpres,148.285,-41.168
Arenaria interpres,138.3333,-34.5167
Arenaria interpres,113.8325,-28.7261
Arenaria interpres,153.441,-27.742
Arenaria interpres,151.191,-34.0082
Arenaria interpres,142.225,-38.3919
Arenaria interpres,133.33251,-32.48691
Arenaria interpres,141.497,-31.9447
Arenaria interpres,144.547,-38.014
Arenaria interpres,142.2329,-38.3942
Arenaria interpres,153.116,-27.2009
Arenaria interpres,151.305,-33.745
Arenaria interpres,122.367,-17.9667
Arenaria interpres,144.7513,-38.4151
Arenaria interpres,144.5928,-38.0064
Arenaria interpres,153.25829,-29.95018
Arenaria interpres,132.436,-31.9885
Arenaria interpres,121.32954,-19.33396
Arenaria interpres,153.1358,-27.0524
Arenaria interpres,153.608,-28.8221
Arenaria interpres,153.228,-29.9844
Arenaria interpres,149.774,-37.5589
Arenaria interpres,153.25783,-29.9504
Arenaria interpres,141.8763,-38.2902
Arenaria interpres,113.8063,-28.7518
Arenaria interpres,145.275,-38.392
Arenaria interpres,153.02606,-27.29007
Arenaria interpres,143.984,-39.8634
Arenaria interpres,150.049,-37.2608
Arenaria interpres,144.567,-38.0244
Arenaria interpres,153.36698,-29.40409
Arenaria interpres,144.7149,-38.2148
Arenaria interpres,144.646,-37.9318
Arenaria interpres,144.718,-38.232
Arenaria interpres,142.25386,-38.39074
Arenaria interpres,138.266,-34.4762
Arenaria interpres,144.393,-38.2971
Arenaria interpres,153.116,-27.2043
Arenaria interpres,153.25,-29.75
Arenaria interpres,145.314,-38.2762
Arenaria interpres,153.115,-27.2353
Arenaria interpres,148.284,-41.1681
Arenaria interpres,153.37417,-29.39685
Arenaria interpres,146.6831,-38.7273
Arenaria interpres,145.31,-40.77
Arenaria interpres,138.282,-34.4881
Arenaria interpres,153.24888,-29.95934
Arenaria interpres,151.792,-32.9264
Arenaria interpres,149.98199,-36.7014
Arenaria interpres,153.069,-27.2484
Arenaria interpres,153.06773,-27.2484
Arenaria interpres,142.241,-38.3884
Arenaria interpres,139.642,-36.1283
Arenaria interpres,153.18444,-27.07333
Arenaria interpres,153.599,-28.8505
Arenaria interpres,119.78313,-19.96593
Arenaria interpres,144.931,-38.4358
Arenaria interpres,151.199,-34.0399
Arenaria interpres,150.182,-35.8406
Arenaria interpres,145.0459,-38.4383
Arenaria interpres,153.164,-27.4269
Arenaria interpres,122.374,-17.9739
Arenaria interpres,153.552,-28.5375
Arenaria interpres,142.184,-38.392
Arenaria interpres,151.212,-34.0396
Arenaria interpres,120.16294,-19.91426
Arenaria interpres,121.52035,-19.04665
Arenaria interpres,153.2,-30.1093
Arenaria interpres,140.75111,-38.05486
Arenaria interpres,113.7847,-28.7148
Arenaria interpres,151.57275,-33.28968
Arenaria interpres,142.223,-38.392
Arenaria interpres,153.3721,-29.39415
Arenaria interpres,153.08028,-27.02333
Arenaria interpres,153.1094,-27.34007
Arenaria interpres,113.8142,-28.4655
Arenaria interpres,145.1263,-38.4568
Arenaria interpres,151.574,-33.2807
Arenaria interpres,153.54272,-27.4234
Arenaria interpres,150.845,-34.5292
Arenaria interpres,153.25788,-29.95059
Arenaria interpres,147.405,-41.0115
Arenaria interpres,144.75,-37.9167
Arenaria interpres,137.477,-34.3907
Arenaria interpres,153.114,-27.1921
Arenaria interpres,115.51352,-31.99945
Arenaria interpres,153.11773,-27.23174
Arenaria interpres,142.356,-38.3495
Arenaria interpres,144.50132,-38.28183
Arenaria interpres,113.8769,-28.6646
Arenaria interpres,143.558,-38.8513
Arenaria interpres,134.844,-33.614
Arenaria interpres,153.42606,-27.4484
Arenaria interpres,153.087,-27.2596
Arenaria interpres,121.05111,-19.57504
Arenaria interpres,153.60744,-28.84318
Arenaria interpres,145.2221,-38.3721
Arenaria interpres,113.8506,-28.675
Arenaria interpres,152.69,-31.8731
Arenaria interpres,137.998,-34.3587
Arenaria interpres,145.3628,-38.5126
Arenaria interpres,153.25705,-29.95036
Arenaria interpres,153.17611,-27.44278
Arenaria interpres,145.209,-42.3037
Arenaria interpres,140.71693,-38.0493
Arenaria interpres,142.262,-38.3647
Arenaria interpres,153.288,-27.519
Arenaria interpres,139.85173,-37.32704
Arenaria interpres,153.25587,-29.95238
Arenaria interpres,122.235,-17.9564
Arenaria interpres,133.34556,-32.48081
Arenaria interpres,152.899,-31.4334
Arenaria interpres,147.873,-42.8292
Arenaria interpres,146.7929,-38.7068
Arenaria interpres,140.37468,-37.89746
Arenaria interpres,138.446,-35.272
Arenaria interpres,142.246,-38.3958
Arenaria interpres,153.11217,-27.19146
Arenaria interpres,113.8289,-28.6739
Arenaria interpres,153.372,-29.3652
Arenaria interpres,150.929,-34.3305
Arenaria interpres,153.27194,-27.515
Arenaria interpres,141.7097,-38.2902
Arenaria interpres,142.2863,-38.3657
Arenaria interpres,121.08976,-19.54801
Arenaria interpres,140.696,-38.0582
Arenaria interpres,153.19273,-27.4609
Arenaria interpres,140.5711,-38.01375
Arenaria interpres,153.359,-29.4043
Arenaria interpres,143.849,-39.7294
Arenaria interpres,146.376,-41.172
Arenaria interpres,153.17606,-27.36507
Arenaria interpres,153.37,-29.3728
Arenaria interpres,151.75,-32.9167
Arenaria interpres,119.85944,-19.96453
Arenaria interpres,122.232,-17.9728
Arenaria interpres,136.083,-34.4167
Arenaria interpres,146.382,-41.1694
Arenaria interpres,144.912,-40.6425
Arenaria interpres,135.89,-34.8521
Arenaria interpres,144.6846,-38.2151
Arenaria interpres,153.4094,-27.9234
Arenaria interpres,151.309,-33.7412
Arenaria interpres,122.15,-17.4914
Arenaria interpres,153.20648,-30.12994
Arenaria interpres,121.267,-19.40175
Arenaria interpres,153.25871,-29.95089
Arenaria interpres,142.355,-38.35
Arenaria interpres,142.448,-38.389
Arenaria interpres,122.369,-17.9792
Arenaria interpres,150.402,-35.5243
Arenaria interpres,150.374,-35.5436
Arenaria interpres,153.1094,-27.24007
Arenaria interpres,149.8448,-37.5563
Arenaria interpres,120.52004,-19.80438
Arenaria interpres,144.6988,-38.2221
Arenaria interpres,153.164,-27.093
Arenaria interpres,148.037,-40.7636
Arenaria interpres,153.40939,-27.0984
Arenaria interpres,153.609,-28.8433
Arenaria interpres,151.67245,-33.08786
Arenaria interpres,153.41778,-27.965
Arenaria interpres,151.678,-32.8536
Arenaria interpres,153.1,-27.2245
Arenaria interpres,153.2719,-27.51924
Arenaria interpres,138.819,-35.5308
Arenaria interpres,144.564,-38.0272
Arenaria interpres,144.506,-38.2676
Arenaria interpres,153.111,-27.2553
Arenaria interpres,153.17,-27.3912
Arenaria interpres,153.3544,-27.4977
Arenaria interpres,142.406,-38.3639
Arenaria interpres,146.6416,-39.2416
Arenaria interpres,150.297,-35.6511
Arenaria interpres,142.171,-38.3905
Arenaria interpres,122.2055,-18.23269
Arenaria interpres,144.427,-38.2827
Arenaria interpres,153.48856,-27.41923
Arenaria interpres,153.417,-29.5833
Arenaria interpres,153.17106,-27.43034
Arenaria interpres,153.284,-27.5346
Arenaria interpres,151.13219,-34.02165
Arenaria interpres,120.4761,-19.82089
Arenaria interpres,141.7038,-38.2598
Arenaria interpres,143.926,-40.1605
Arenaria interpres,120.97517,-19.62261
Arenaria interpres,153.20622,-30.12976
Arenaria interpres,142.2558,-38.3903
Arenaria interpres,144.6946,-38.2112
Arenaria interpres,122.374,-17.9639
Arenaria interpres,153.578,-28.8642
Arenaria interpres,151.2008,-34.0402
Arenaria interpres,153.144,-27.3462
Arenaria interpres,144.199,-38.4064
Arenaria interpres,153.4205,-27.29007
Arenaria interpres,151.643,-33.0597
Arenaria interpres,149.937,-36.9513
Arenaria interpres,153.153,-27.4136
Arenaria interpres,150.825,-35.0134
Arenaria interpres,140.7,-38.05
Arenaria interpres,153.102,-30.37731
Arenaria interpres,153.05111,-27.14
Arenaria interpres,153.25883,-29.95094
Arenaria interpres,151.756,-32.9517
Arenaria interpres,153.43716,-27.33591
Arenaria interpres,134.24553,-34.00376
Arenaria interpres,120,-19.9
Arenaria interpres,153.1012,-27.3434
Arenaria interpres,139.77845,-37.0899
Arenaria interpres,150.73,-34.8754
Arenaria interpres,146.425,-41.1626
Arenaria interpres,144.609,-37.9944
Arenaria interpres,144.694,-40.8919
Arenaria interpres,153.52666,-27.42628
Arenaria interpres,137.617,-35.9752
Arenaria interpres,147.7363,-37.9837
Arenaria interpres,134.47732,-33.74865
Arenaria interpres,134.48819,-33.72131
Arenaria interpres,134.263,-33.1519
Arenaria interpres,150.467,-35.2833
Arenaria interpres,145.2513,-38.2484
Arenaria interpres,133.675,-32.1242
Arenaria interpres,145.0363,-38.4562
Arenaria interpres,136.281,-34.528
Arenaria interpres,153.35833,-27.5
Arenaria interpres,153.25601,-29.95108
Arenaria interpres,113.8134,-28.7459
Arenaria interpres,142.331,-38.358
Arenaria interpres,153.355,-29.4181
Arenaria interpres,142.1677,-38.3984
Arenaria interpres,153.22301,-27.38924
Arenaria interpres,153.19273,-27.05674
Arenaria interpres,122.704,-16.7903
Arenaria interpres,138,-34.3167
Arenaria interpres,153.10361,-27.04
Arenaria interpres,122.5,-17.8333
Arenaria interpres,153.44272,-27.3234
Arenaria interpres,121.49688,-19.11673
Arenaria interpres,151.79281,-32.92481
Arenaria interpres,150.409,-35.443600000000004
Arenaria interpres,149.5845,-37.7484
Arenaria interpres,137.993,-34.3631
Arenaria interpres,153.576,-28.2589
Arenaria interpres,122.217,-17.9667
Arenaria interpres,144.522,-38.045
Arenaria interpres,122.934,-16.3956
Arenaria interpres,140.81805,-38.04153
Arenaria interpres,134.28532,-33.74038
Arenaria interpres,146.771,-38.6762
Arenaria interpres,145.406,-38.469
Arenaria interpres,149.773,-37.5293
Arenaria interpres,151.793,-32.9213
Arenaria interpres,144.6872,-38.2264
Arenaria interpres,122.233,-17.9667
Arenaria interpres,152.99273,-27.2234
Arenaria interpres,153.25291000000001,-29.95353
Arenaria interpres,153.36248,-29.35573
Arenaria interpres,141.4072,-38.3693
Arenaria interpres,145.3144,-38.2758
Arenaria interpres,153.08439,-26.9984
Arenaria interpres,142.147,-38.3897
Arenaria interpres,144.622,-36.906
Arenaria interpres,153.201,-30.0595
Arenaria interpres,135.987,-34.7439
Arenaria interpres,152.69,-31.8703
Arenaria interpres,114.0167,-28.8521
Arenaria interpres,153.17472,-27.44
Arenaria interpres,145.3596,-38.4734
Arenaria interpres,144.684,-38.1177
Arenaria interpres,135.206,-34.4297
Arenaria interpres,144.765,-38.273
Arenaria interpres,153.45,-27.58333
Arenaria interpres,151.295,-33.6709
Arenaria interpres,146.498,-41.1486
Arenaria interpres,142.324,-38.358
Arenaria interpres,151.583,-33.0833
Arenaria interpres,153.194,-27.4549
Arenaria interpres,142.093,-38.373
Arenaria interpres,153.318,-29.2792
Arenaria interpres,153.403,-27.4982
Arenaria interpres,153.18333,-27.36917
Arenaria interpres,113.7144,-28.4581
Arenaria interpres,153.607,-28.843
Arenaria interpres,144.979,-40.7333
Arenaria interpres,153.5333,-28.5333
Arenaria interpres,153.25814,-29.95031
Arenaria interpres,153.0914,-27.2546
Arenaria interpres,153.117,-27.2042
Arenaria interpres,140.987,-38.0595
Arenaria interpres,151.319,-33.743
Arenaria interpres,153.116,-27.1958
Arenaria interpres,151.31846,-33.74211
Arenaria interpres,153.56964,-28.20203
Arenaria interpres,142.418,-38.498
Arenaria interpres,153.165,-27.0995
Arenaria interpres,147.962,-39.7285
Arenaria interpres,143.857,-39.8504
Arenaria interpres,144.752,-38.3629
Arenaria interpres,152.66,-31.8955
Arenaria interpres,142.508,-38.4018
Arenaria interpres,134.2709,-33.9498
Arenaria interpres,153.186,-27.4504
Arenaria interpres,153.17611,-27.09833
Arenaria interpres,153.188,-27.4487
Arenaria interpres,141.544,-38.4315
Arenaria interpres,114.0056,-28.8828
Arenaria interpres,145.292,-38.4583
Arenaria interpres,146.687,-38.6635
Arenaria interpres,153.3594,-27.59007
Arenaria interpres,139.025,-35.6004
Arenaria interpres,153.20648,-30.12972
Arenaria interpres,145.433,-38.4369
Arenaria interpres,153.308,-27.6166
Arenaria interpres,113.7786,-28.7394
Arenaria interpres,144.417,-38.25
Arenaria interpres,145.4062,-38.4681
Arenaria interpres,153.25142,-29.97907
Arenaria interpres,144.509,-38.284
Arenaria interpres,149.764,-37.5712
Arenaria interpres,153.31773,-27.58312
Arenaria interpres,144.5404,-38.0396
Arenaria interpres,152.42822,-27.45488
Arenaria interpres,142.339,-38.3524
Arenaria interpres,138,-34.2833
Arenaria interpres,150.919,-34.3476
Arenaria interpres,144.4533,-38.2846
Arenaria interpres,134.79549,-34.642
Arenaria interpres,142.3833,-38.3537
Arenaria interpres,153.45548,-29.13847
Arenaria interpres,153.56774,-28.22731
Arenaria interpres,142.293,-35.0822
Arenaria interpres,153.10939,-26.84007
Arenaria interpres,140.48999,-37.96097
Arenaria interpres,153.103,-27.3459
Arenaria interpres,134.36859,-33.17085
Arenaria interpres,145.418,-38.4715
Arenaria interpres,132.355,-32.0127
Arenaria interpres,140.185,-37.5963
Arenaria interpres,144.507,-38.0892
