species,decimalLongitude,decimalLatitude
Argyropelecus hemigymnus,152.216,-34.133
Argyropelecus hemigymnus,150.916,-35.6
Argyropelecus hemigymnus,150.37,-36.87
Argyropelecus hemigymnus,151.28,-34.8228
Argyropelecus hemigymnus,148.88,-40.95
Argyropelecus hemigymnus,151.391,-34.8225
Argyropelecus hemigymnus,130.70016,-34.76483
Argyropelecus hemigymnus,151.76083,-35.64833
Argyropelecus hemigymnus,149.435,-38.306
Argyropelecus hemigymnus,151.55,-33.37
Argyropelecus hemigymnus,149.307,-38.3383
Argyropelecus hemigymnus,134.099,-35.15233
Argyropelecus hemigymnus,134.09,-35.044
Argyropelecus hemigymnus,153.7,-32.73333
Argyropelecus hemigymnus,149.162,-38.4533
Argyropelecus hemigymnus,150.882,-35.5092
Argyropelecus hemigymnus,152.55,-33.466
Argyropelecus hemigymnus,152.54167,-33.525
Argyropelecus hemigymnus,153.18333,-34.03333
Argyropelecus hemigymnus,149.25,-38.6538
Argyropelecus hemigymnus,153.68333,-32.875
Argyropelecus hemigymnus,151.58,-34.28
Argyropelecus hemigymnus,152.79167,-35.025
Argyropelecus hemigymnus,152.75834,-33.125
Argyropelecus hemigymnus,151.933,-34.083
Argyropelecus hemigymnus,152.66667,-33.1
Argyropelecus hemigymnus,130.6595,-33.73065
Argyropelecus hemigymnus,151.21,-35.0717
Argyropelecus hemigymnus,150.37,-37.55
Argyropelecus hemigymnus,152.566,-34.116
Argyropelecus hemigymnus,148.707,-39.0983
Argyropelecus hemigymnus,110.02732,-27.50816
Argyropelecus hemigymnus,131.6315,-35.1686
Argyropelecus hemigymnus,151.82,-33.85
Argyropelecus hemigymnus,109.9991,-18.48534
Argyropelecus hemigymnus,131.0775,-35.05125
Argyropelecus hemigymnus,110.00061,-21.48888
Argyropelecus hemigymnus,151.55,-34.22
Argyropelecus hemigymnus,151.916,-34.37499
Argyropelecus hemigymnus,151.245,-34.935
Argyropelecus hemigymnus,151.89167,-36.35
Argyropelecus hemigymnus,152.44833,-33.89166
Argyropelecus hemigymnus,151.378,-34.8823
Argyropelecus hemigymnus,130.28,-34.641
Argyropelecus hemigymnus,150.37,-36.93
Argyropelecus hemigymnus,151.248,-34.9462
Argyropelecus hemigymnus,151.316,-36.466
Argyropelecus hemigymnus,150.4,-37.3
Argyropelecus hemigymnus,153,-32.7
Argyropelecus hemigymnus,151.34,-34.951
Argyropelecus hemigymnus,135.0847,-35.7019
Argyropelecus hemigymnus,152.25,-34.083
Argyropelecus hemigymnus,150.38,-36.5
Argyropelecus hemigymnus,109.98227,-31.99328
Argyropelecus hemigymnus,150.38,-36.6
Argyropelecus hemigymnus,113.225,-20.275
Argyropelecus hemigymnus,152.116,-34.15
Argyropelecus hemigymnus,151.162,-35.0047
Argyropelecus hemigymnus,149.259,-38.5022
Argyropelecus hemigymnus,130.70017000000001,-34.76483
Argyropelecus hemigymnus,152.166,-34.183
Argyropelecus hemigymnus,148.23333,-41.33332
Argyropelecus hemigymnus,151.90834,-36.375
Argyropelecus hemigymnus,130.2495,-34.0827
Argyropelecus hemigymnus,150.31667,-39.03333
Argyropelecus hemigymnus,109.99964,-12.47858
Argyropelecus hemigymnus,150.914,-36.3507
Argyropelecus hemigymnus,153.54167,-33.08333
Argyropelecus hemigymnus,153.68333,-32.9
Argyropelecus hemigymnus,131.6675,-35.83185
Argyropelecus hemigymnus,152.48333,-33.70833
Argyropelecus hemigymnus,134.09899,-35.15233
Argyropelecus hemigymnus,142.9433,-40.0583
Argyropelecus hemigymnus,131.64067,-35.1555
Argyropelecus hemigymnus,152.066,-34.166
Argyropelecus hemigymnus,149.302,-38.3717
Argyropelecus hemigymnus,148.762,-41.22633
Argyropelecus hemigymnus,151.52,-34.28
Argyropelecus hemigymnus,110.03072,-21.50753
Argyropelecus hemigymnus,150.38,-37.12
Argyropelecus hemigymnus,110.00798,-14.01891
Argyropelecus hemigymnus,131.70266,-35.81433
Argyropelecus hemigymnus,152.03,-33.83
Argyropelecus hemigymnus,152.91667,-33.875
Argyropelecus hemigymnus,149.167,-38.4043
Argyropelecus hemigymnus,110.02292,-11.50699
Argyropelecus hemigymnus,152.58334,-33.28333
Argyropelecus hemigymnus,152.24167,-33.45833
Argyropelecus hemigymnus,109.99962,-12.4842
Argyropelecus hemigymnus,148.68,-41.1
Argyropelecus hemigymnus,151.278,-35.0067
Argyropelecus hemigymnus,153.28334,-33.75833
Argyropelecus hemigymnus,154.649,-28.371
Argyropelecus hemigymnus,109.99178,-33.48628
Argyropelecus hemigymnus,152.016,-33.57499
Argyropelecus hemigymnus,152.50834,-33.53333
Argyropelecus hemigymnus,153.075,-33.85833
Argyropelecus hemigymnus,152.325,-33.50833
Argyropelecus hemigymnus,152.4166667,-33.3166667
Argyropelecus hemigymnus,131.6775,-35.24015
Argyropelecus hemigymnus,149.32,-38.3388
Argyropelecus hemigymnus,150.35,-37.52
Argyropelecus hemigymnus,142.9433,-40.06
Argyropelecus hemigymnus,150.28334,-38.99167
Argyropelecus hemigymnus,152.15,-33.975
Argyropelecus hemigymnus,131.64066,-35.15549
Argyropelecus hemigymnus,110.00346,-14.01661
Argyropelecus hemigymnus,148.97,-40.72
Argyropelecus hemigymnus,152.35834,-33.49166
Argyropelecus hemigymnus,117.21,-35.52229
Argyropelecus hemigymnus,110.01982,-11.50341
Argyropelecus hemigymnus,150.88333,-38.19166
Argyropelecus hemigymnus,149.397,-38.5267
Argyropelecus hemigymnus,153.71667,-32.75833
Argyropelecus hemigymnus,150.37,-37.17
Argyropelecus hemigymnus,131.70267,-35.81433
Argyropelecus hemigymnus,151.45,-34.25
Argyropelecus hemigymnus,124.52,-32.98
Argyropelecus hemigymnus,152.55,-32.98
Argyropelecus hemigymnus,131.0605,-33.9382
Argyropelecus hemigymnus,152.74167,-33.14166
Argyropelecus hemigymnus,152.283,-33.333
Argyropelecus hemigymnus,131.782,-34.3863
Argyropelecus hemigymnus,152.63,-33.07
Argyropelecus hemigymnus,130.031,-34.41425
Argyropelecus hemigymnus,153.13334,-34.075
Argyropelecus hemigymnus,152.30834,-34.225
Argyropelecus hemigymnus,134.099,-35.1524
Argyropelecus hemigymnus,152.275,-33.28333
