species,decimalLongitude,decimalLatitude
Argyrosomus hololepidotus,151.35,-33.733
Argyrosomus hololepidotus,150.25,-37.75
Argyrosomus hololepidotus,151.417,-33.817
Argyrosomus hololepidotus,151.2917,-33.945
Argyrosomus hololepidotus,113.75,-33.75
Argyrosomus hololepidotus,152.75,-30.75
Argyrosomus hololepidotus,152.25,-33.75
Argyrosomus hololepidotus,151.45,-33.9667
Argyrosomus hololepidotus,150.25,-37.25
Argyrosomus hololepidotus,133.75,-32.25
Argyrosomus hololepidotus,150.25,-36.25
Argyrosomus hololepidotus,133.75,-32.75
Argyrosomus hololepidotus,152.25,-32.75
Argyrosomus hololepidotus,153.25,-31.25
Argyrosomus hololepidotus,151.4433,-33.95
Argyrosomus hololepidotus,151.5833,-34
Argyrosomus hololepidotus,151.367,-33.967
Argyrosomus hololepidotus,133.25,-32.75
Argyrosomus hololepidotus,131.25,-31.25
Argyrosomus hololepidotus,151.809997558594,-33.2799987792969
Argyrosomus hololepidotus,150.75,-36.25
Argyrosomus hololepidotus,134.25,-32.75
Argyrosomus hololepidotus,151.25,-34.1
Argyrosomus hololepidotus,151.433,-33.75
Argyrosomus hololepidotus,134.25,-33.25
Argyrosomus hololepidotus,151.3333,-33.9583
Argyrosomus hololepidotus,148.25,-38.75
Argyrosomus hololepidotus,139.25,-36.75
Argyrosomus hololepidotus,152.75,-33.25
Argyrosomus hololepidotus,153.25,-29.25
Argyrosomus hololepidotus,151.25,-35.25
Argyrosomus hololepidotus,137.75,-32.25
Argyrosomus hololepidotus,133.25,-32.25
Argyrosomus hololepidotus,151.75,-33.75
Argyrosomus hololepidotus,138.25,-36.25
Argyrosomus hololepidotus,154.25,-28.75
Argyrosomus hololepidotus,151.25,-34.75
Argyrosomus hololepidotus,152.25,-33.25
Argyrosomus hololepidotus,151.25,-33.75
Argyrosomus hololepidotus,154.25,-28.25
Argyrosomus hololepidotus,151.417,-33.9
Argyrosomus hololepidotus,131.25,-32.75
Argyrosomus hololepidotus,147.75,-38.25
Argyrosomus hololepidotus,151.233,-34.1
Argyrosomus hololepidotus,152.7333,-31.9833
Argyrosomus hololepidotus,134.25,-32.25
Argyrosomus hololepidotus,153.25,-29.75
Argyrosomus hololepidotus,138.25,-34.25
Argyrosomus hololepidotus,139.75,-36.75
Argyrosomus hololepidotus,131.25,-32.25
Argyrosomus hololepidotus,149.75,-37.25
Argyrosomus hololepidotus,150.75,-35.25
Argyrosomus hololepidotus,152.75,-32.25
Argyrosomus hololepidotus,131.25,-31.75
Argyrosomus hololepidotus,152.75,-31.75
Argyrosomus hololepidotus,153.75,-29.25
Argyrosomus hololepidotus,143.25,-38.75
Argyrosomus hololepidotus,153.25,-32.25
Argyrosomus hololepidotus,151.317,-33.883
Argyrosomus hololepidotus,151.75,-33.25
Argyrosomus hololepidotus,153.25,-30.75
Argyrosomus hololepidotus,140.75,-38.25
Argyrosomus hololepidotus,152.75,-32.75
Argyrosomus hololepidotus,151.2167,-34.0833
Argyrosomus hololepidotus,152.25,-32.25
Argyrosomus hololepidotus,151.75,-32.75
Argyrosomus hololepidotus,151.333,-33.817
Argyrosomus hololepidotus,153.25,-28.75
Argyrosomus hololepidotus,153.75,-29.75
Argyrosomus hololepidotus,152.85,-32
Argyrosomus hololepidotus,150.75,-34.75
Argyrosomus hololepidotus,151.3,-33.967
Argyrosomus hololepidotus,153.59,-29.0004
Argyrosomus hololepidotus,131.75,-31.75
Argyrosomus hololepidotus,153.25,-31.75
Argyrosomus hololepidotus,139.25,-35.75
Argyrosomus hololepidotus,151.25,-33.25
Argyrosomus hololepidotus,152.75,-31.25
Argyrosomus hololepidotus,138.75,-35.75
Argyrosomus hololepidotus,153.75,-30.25
Argyrosomus hololepidotus,138.75,-36.25
Argyrosomus hololepidotus,139.25,-36.25
Argyrosomus hololepidotus,150.25,-35.25
Argyrosomus hololepidotus,149.75,-37.75
Argyrosomus hololepidotus,150.75,-35.75
Argyrosomus hololepidotus,113.638598575259,-25.9522459340334
Argyrosomus hololepidotus,142.75,-38.75
Argyrosomus hololepidotus,151.75,-34.75
Argyrosomus hololepidotus,153.25,-32.75
Argyrosomus hololepidotus,153.75,-28.75
Argyrosomus hololepidotus,153.2667,-30.9733
Argyrosomus hololepidotus,137.75,-32.75
Argyrosomus hololepidotus,153.0833,-31.9833
Argyrosomus hololepidotus,149.25,-38.25
Argyrosomus hololepidotus,148.75,-40.75
Argyrosomus hololepidotus,151.25,-34.25
Argyrosomus hololepidotus,139.75,-36.25
Argyrosomus hololepidotus,151.75,-34.25
Argyrosomus hololepidotus,152.75,-31.9833
Argyrosomus hololepidotus,150.75,-34.25
Argyrosomus hololepidotus,153.1667,-31
Argyrosomus hololepidotus,131.75,-32.75
Argyrosomus hololepidotus,148.75,-38.75
Argyrosomus hololepidotus,151.183,-34.133
Argyrosomus hololepidotus,144.800003052,-37.9169998169
Argyrosomus hololepidotus,154.25,-29.25
Argyrosomus hololepidotus,152.609,-32.2046
Argyrosomus hololepidotus,131.75,-32.25
Argyrosomus hololepidotus,153.25,-30.25
Argyrosomus hololepidotus,114.25,-34.25
Argyrosomus hololepidotus,148.75,-39.75
Argyrosomus hololepidotus,139.75,-38.25
Argyrosomus hololepidotus,153.75,-28.25
Argyrosomus hololepidotus,149.75,-36.75
Argyrosomus hololepidotus,137.75,-34.25
Argyrosomus hololepidotus,112.73333,-25.075
Argyrosomus hololepidotus,153.6667,-28.9667
Argyrosomus hololepidotus,141.75,-38.25
Argyrosomus hololepidotus,151.2267,-34.1192
Argyrosomus hololepidotus,150.25,-36.75
Argyrosomus hololepidotus,138.75,-36.75
Argyrosomus hololepidotus,144.8,-37.917
Argyrosomus hololepidotus,150.25,-35.75
Argyrosomus hololepidotus,153.3667,-31
Argyrosomus hololepidotus,137.561333,-34.055389
Argyrosomus hololepidotus,151.15,-34.133
Argyrosomus hololepidotus,114.75,-34.75
Argyrosomus hololepidotus,152.9333,-31.95
