species,decimalLongitude,decimalLatitude
Argyrops filamentosus,47.693833,-23.670333
Argyrops filamentosus,30.5565,-30.637167
Argyrops filamentosus,55.466999054,-20.6669998169
Argyrops filamentosus,32.583332,-25.966667
Argyrops filamentosus,32.9782981873,-27.1200008392
Argyrops filamentosus,55,-20
Argyrops filamentosus,53.2999992371,26.7999992371
Argyrops filamentosus,43.5349998474,-23.2019996643
Argyrops filamentosus,39.124475,-5.298138
Argyrops filamentosus,37.7000007629,-17.9333000183
Argyrops filamentosus,36.795,-19.07833333
Argyrops filamentosus,37.90620041,-0.023559101
Argyrops filamentosus,51.313331604,10.6533327103
Argyrops filamentosus,30.75,-30.33300018
Argyrops filamentosus,55.230556,-20.615278
Argyrops filamentosus,51.2599983215,11.2716665268
Argyrops filamentosus,55.25,-21
Argyrops filamentosus,50.8250007629,12.0366668701
Argyrops filamentosus,50.7383346558,11.9899997711
Argyrops filamentosus,31.816668,-28.9
Argyrops filamentosus,43.5,-23.333
Argyrops filamentosus,37.586667,-18.058333
Argyrops filamentosus,36.794999999999995,-19.078333333333333
Argyrops filamentosus,37.348333,-18.435
Argyrops filamentosus,25,-34.0833015442
Argyrops filamentosus,55.53,-21.26
Argyrops filamentosus,30.75,-30.333333
Argyrops filamentosus,83,15
Argyrops filamentosus,55.467,-20.667
Argyrops filamentosus,32.416668,-28.383333
Argyrops filamentosus,48.6425018311,-12.5866670609
Argyrops filamentosus,55.230556488,-20.615278244
Argyrops filamentosus,21.833158,-34.6791
Argyrops filamentosus,28.366667,-32.700001
Argyrops filamentosus,57.770101,-20.48536
Argyrops filamentosus,43.535,-23.202
Argyrops filamentosus,43.5,-23.3330001831
