species,decimalLongitude,decimalLatitude
Argyropelecus sladeni,113.22,-22.79
Argyropelecus sladeni,110.04237,-24.55053
Argyropelecus sladeni,109.99683,-30.52685
Argyropelecus sladeni,110.02285,-16.9942
Argyropelecus sladeni,109.99913,-18.49113
Argyropelecus sladeni,110.02132,-16.97755
Argyropelecus sladeni,110.03585,-15.49072
Argyropelecus sladeni,110.01248,-14.02126
Argyropelecus sladeni,110.03633,-33.50127
Argyropelecus sladeni,149.307,-38.3383
Argyropelecus sladeni,109.9991,-18.48534
Argyropelecus sladeni,110.00882,-23.00188
Argyropelecus sladeni,110.00166,-13.98716
Argyropelecus sladeni,110.02732,-27.50816
Argyropelecus sladeni,110.00798,-14.01891
Argyropelecus sladeni,110.03143,-29.01505
Argyropelecus sladeni,109.99978,-22.97972
Argyropelecus sladeni,109.99932,-18.47914
Argyropelecus sladeni,109.99581,-30.52927
Argyropelecus sladeni,110.03239,-27.51114
Argyropelecus sladeni,110.00346,-14.01661
Argyropelecus sladeni,110.02909,-12.50828
Argyropelecus sladeni,110.03397,-15.48439
Argyropelecus sladeni,110.00034,-24.49228
Argyropelecus sladeni,109.98418,-31.93786
Argyropelecus sladeni,109.99957,-22.98714
Argyropelecus sladeni,110.00369,-20.00034
Argyropelecus sladeni,109.99389,-30.50017
Argyropelecus sladeni,110.0008,-20.00022
Argyropelecus sladeni,151.916,-34.37499
Argyropelecus sladeni,110.00602,-27.47451
Argyropelecus sladeni,110.00667,-22.99906
Argyropelecus sladeni,110.02292,-11.50699
Argyropelecus sladeni,110.00061,-21.48888
Argyropelecus sladeni,110.03072,-21.50753
Argyropelecus sladeni,110.01365,-11.49918
Argyropelecus sladeni,109.98692,-31.92318
Argyropelecus sladeni,110.02046,-16.97104
Argyropelecus sladeni,110.00459,-20.00035
