species,decimalLongitude,decimalLatitude
Argyrosomus japonicus,150.14,-35.63
Argyrosomus japonicus,150.16,-35.7
Argyrosomus japonicus,150.13,-35.69
Argyrosomus japonicus,150.97,-33.94
Argyrosomus japonicus,150.98,-33.95
Argyrosomus japonicus,150.15,-35.6
Argyrosomus japonicus,150.13,-35.7
Argyrosomus japonicus,151.02,-33.98
Argyrosomus japonicus,150.99,-33.97
Argyrosomus japonicus,150.12,-35.68
Argyrosomus japonicus,150.73,-34.89
Argyrosomus japonicus,150.15,-35.66
Argyrosomus japonicus,151.07,-33.99
Argyrosomus japonicus,150.97,-33.91
Argyrosomus japonicus,150.76,-34.9
Argyrosomus japonicus,150.57,-34.87
Argyrosomus japonicus,150.17,-35.7
Argyrosomus japonicus,150.72,-34.88
Argyrosomus japonicus,150.13,-35.67
Argyrosomus japonicus,150.15,-35.7
Argyrosomus japonicus,150.14,-35.64
Argyrosomus japonicus,151.16,-34
Argyrosomus japonicus,151.03,-33.99
Argyrosomus japonicus,150.15,-35.67
Argyrosomus japonicus,150.14,-35.7
Argyrosomus japonicus,151,-33.98
Argyrosomus japonicus,150.72,-34.89
Argyrosomus japonicus,151.1,-34
Argyrosomus japonicus,153.34,-29.38
Argyrosomus japonicus,151.01,-33.98
Argyrosomus japonicus,151.03,-33.98
Argyrosomus japonicus,150.16,-35.6
Argyrosomus japonicus,151.17,-33.86
Argyrosomus japonicus,150.66,-34.85
Argyrosomus japonicus,150.14,-35.65
Argyrosomus japonicus,151.1,-33.83
Argyrosomus japonicus,151.13,-33.84
Argyrosomus japonicus,150.14,-35.62
Argyrosomus japonicus,150.74,-34.91
Argyrosomus japonicus,150.15,-35.61
Argyrosomus japonicus,150.15,-35.62
Argyrosomus japonicus,150.96,-33.91
Argyrosomus japonicus,151.15,-34
Argyrosomus japonicus,150.73,-34.9
Argyrosomus japonicus,150.67,-34.85
Argyrosomus japonicus,151.06,-33.99
Argyrosomus japonicus,150.16,-35.59
Argyrosomus japonicus,150.19,-35.71
Argyrosomus japonicus,150.71,-34.89
Argyrosomus japonicus,151,-32
Argyrosomus japonicus,151.24,-33.86
Argyrosomus japonicus,151.14,-33.85
Argyrosomus japonicus,150.68,-34.86
Argyrosomus japonicus,151.12,-33.85
Argyrosomus japonicus,151.08,-34
Argyrosomus japonicus,151.19,-33.85
Argyrosomus japonicus,151.16,-33.83
Argyrosomus japonicus,151.07,-33.82
Argyrosomus japonicus,150.97,-33.93
Argyrosomus japonicus,151.05,-33.99
Argyrosomus japonicus,150.57,-34.86
Argyrosomus japonicus,150.7,-34.87
Argyrosomus japonicus,150.98,-33.96
Argyrosomus japonicus,151.04,-33.98
Argyrosomus japonicus,150.98,-33.91
Argyrosomus japonicus,152.416,-32.666
Argyrosomus japonicus,150.95,-33.91
Argyrosomus japonicus,150.73,-34.86
Argyrosomus japonicus,145.28,-38.28
Argyrosomus japonicus,150.18,-35.71
Argyrosomus japonicus,151.14,-34.01
Argyrosomus japonicus,150.98,-33.93
Argyrosomus japonicus,151.23,-33.87
Argyrosomus japonicus,150.59,-34.87
Argyrosomus japonicus,151.09,-33.82
Argyrosomus japonicus,151.12,-34.01
Argyrosomus japonicus,150.71,-34.87
Argyrosomus japonicus,150.97,-33.92
Argyrosomus japonicus,150.2,-35.72
Argyrosomus japonicus,152.517,-32.133
Argyrosomus japonicus,151.26,-33.84
Argyrosomus japonicus,150.18,-35.56
Argyrosomus japonicus,151.26,-33.82
Argyrosomus japonicus,150.26,-35.76
Argyrosomus japonicus,151.26,-33.86
Argyrosomus japonicus,150.5,-34.87
Argyrosomus japonicus,151.12,-33.84
Argyrosomus japonicus,151.26,-33.85
Argyrosomus japonicus,151.166,-33.5
Argyrosomus japonicus,151.17,-33.85
Argyrosomus japonicus,151.18,-33.99
Argyrosomus japonicus,151.27,-33.83
Argyrosomus japonicus,151.18,-33.85
Argyrosomus japonicus,150.55,-34.86
Argyrosomus japonicus,150.17,-35.57
Argyrosomus japonicus,151.25,-33.86
Argyrosomus japonicus,153.383,-29.383
Argyrosomus japonicus,152.19274,-32.73774
Argyrosomus japonicus,150.56,-34.87
Argyrosomus japonicus,151.95,-32.817
Argyrosomus japonicus,151.22,-33.86
Argyrosomus japonicus,151.09,-34
Argyrosomus japonicus,139.17,-35.7
Argyrosomus japonicus,150.17,-35.58
Argyrosomus japonicus,151.11,-34
Argyrosomus japonicus,150.18,-35.57
Argyrosomus japonicus,151.25,-33.85
Argyrosomus japonicus,152.5,-28.5
Argyrosomus japonicus,151.2,-33.85
Argyrosomus japonicus,151.3,-33.83
Argyrosomus japonicus,153.25,-27.25
Argyrosomus japonicus,150.6,-34.87
Argyrosomus japonicus,150.18,-35.55
Argyrosomus japonicus,150.94,-33.92
Argyrosomus japonicus,151.23,-33.86
Argyrosomus japonicus,151.19,-33.84
Argyrosomus japonicus,150.73,-35.13
Argyrosomus japonicus,151.22,-33.78
Argyrosomus japonicus,152.333,-32.733
Argyrosomus japonicus,151.29,-33.81
Argyrosomus japonicus,153.35,-29.43
Argyrosomus japonicus,153.016667,-27.466667
Argyrosomus japonicus,150.55,-34.85
Argyrosomus japonicus,152,-32
Argyrosomus japonicus,144.9,-37.97
Argyrosomus japonicus,150.6,-34.86
Argyrosomus japonicus,152.533,-32.117
Argyrosomus japonicus,150.64,-34.85
Argyrosomus japonicus,151.22,-33.85
Argyrosomus japonicus,153.34441,-29.40995
Argyrosomus japonicus,150.61,-34.86
Argyrosomus japonicus,150.54,-34.87
Argyrosomus japonicus,138.78,-35.5
Argyrosomus japonicus,151.08,-33.82
Argyrosomus japonicus,151.29,-33.83
Argyrosomus japonicus,152.533,-32.116
Argyrosomus japonicus,151.2,-33.87
Argyrosomus japonicus,151.883,-32.85
Argyrosomus japonicus,150.58,-34.87
Argyrosomus japonicus,151.19,-33.86
Argyrosomus japonicus,145.4679,-38.5818
Argyrosomus japonicus,153.05,-26.95
Argyrosomus japonicus,139.1667,-35.7
Argyrosomus japonicus,151.16941,-33.95775
Argyrosomus japonicus,152.417,-32.617
Argyrosomus japonicus,151.5,-32.666
Argyrosomus japonicus,152.083,-32.716
Argyrosomus japonicus,151.116,-33.85
Argyrosomus japonicus,150.62,-34.85
Argyrosomus japonicus,151.883,-32.833
Argyrosomus japonicus,141.148,-38.0333
Argyrosomus japonicus,151.85,-32.867
Argyrosomus japonicus,151.217,-34.083
Argyrosomus japonicus,151.06,-34
Argyrosomus japonicus,153.23333,-27.7
Argyrosomus japonicus,151.18,-33.84
Argyrosomus japonicus,151.28,-33.83
Argyrosomus japonicus,151.25,-33.81
Argyrosomus japonicus,151.27,-33.84
Argyrosomus japonicus,151.29,-33.84
Argyrosomus japonicus,151.17,-33.95
Argyrosomus japonicus,151.3,-33.566
Argyrosomus japonicus,151.3,-33.8
Argyrosomus japonicus,153.37167,-29.42833
Argyrosomus japonicus,151.27,-33.85
Argyrosomus japonicus,149.7967,-37.5342
Argyrosomus japonicus,151.07,-34
Argyrosomus japonicus,151.26,-33.92
Argyrosomus japonicus,150.77,-35.11
Argyrosomus japonicus,151.16,-33.94
Argyrosomus japonicus,151.75,-33.05
Argyrosomus japonicus,151.767,-33
Argyrosomus japonicus,150.75,-34.91
Argyrosomus japonicus,151.233333,-33.85
Argyrosomus japonicus,151.26,-33.98
Argyrosomus japonicus,151.816,-32.87499
Argyrosomus japonicus,151.27,-33.81
Argyrosomus japonicus,150.87,-34.54
Argyrosomus japonicus,115.8,-32.01667
Argyrosomus japonicus,153.31666,-27.58333
Argyrosomus japonicus,151.29,-33.85
Argyrosomus japonicus,115.73333,-32.05
Argyrosomus japonicus,151.683,-32.733
Argyrosomus japonicus,153.466,-28.95
Argyrosomus japonicus,151.26,-33.97
Argyrosomus japonicus,152.333,-32.717
Argyrosomus japonicus,114.25,-22.08333
Argyrosomus japonicus,153.01667,-27.46667
Argyrosomus japonicus,153.066,-30.883
Argyrosomus japonicus,149.763,-37.535
Argyrosomus japonicus,150.44,-35.53
Argyrosomus japonicus,150.95,-33.92
Argyrosomus japonicus,151.15,-34.05
Argyrosomus japonicus,153.25,-27
Argyrosomus japonicus,151.883,-32.817
Argyrosomus japonicus,151.817,-32.883
Argyrosomus japonicus,149.7277,-37.5083
Argyrosomus japonicus,151.27,-33.92
Argyrosomus japonicus,151.783,-32.967
Argyrosomus japonicus,115.716,-32.533
Argyrosomus japonicus,151.933,-32.817
Argyrosomus japonicus,151.266,-33.833
Argyrosomus japonicus,151.166,-33.833
Argyrosomus japonicus,151.23333,-33.85
Argyrosomus japonicus,152.667,-32.4
Argyrosomus japonicus,151.9,-32.85
Argyrosomus japonicus,142.48,-38.38
Argyrosomus japonicus,151.29,-33.87
Argyrosomus japonicus,151.27,-33.96
Argyrosomus japonicus,151.2,-33.86
Argyrosomus japonicus,153.316667,-27.583333
Argyrosomus japonicus,150.7,-35.09
Argyrosomus japonicus,151,-33
Argyrosomus japonicus,115.85,-32
Argyrosomus japonicus,151.27,-33.91
Argyrosomus japonicus,151.15,-33.866
Argyrosomus japonicus,151.767,-33.133
Argyrosomus japonicus,151.266,-33.85
Argyrosomus japonicus,151.983,-32.8
Argyrosomus japonicus,152.283,-32.767
Argyrosomus japonicus,115.86667,-32
Argyrosomus japonicus,151.917,-32.817
Argyrosomus japonicus,151.2,-34.083
Argyrosomus japonicus,153.233333,-27.7
Argyrosomus japonicus,141.14799,-38.0333
Argyrosomus japonicus,153.371667,-29.428333
Argyrosomus japonicus,150.26,-35.75
Argyrosomus japonicus,152.383,-32.817
Argyrosomus japonicus,113.66667,-24.88333
Argyrosomus japonicus,153.567,-28.583
Argyrosomus japonicus,151.833,-32.867
Argyrosomus japonicus,151.02,-33.59
Argyrosomus japonicus,151.933,-33.133
Argyrosomus japonicus,152.267,-32.8
Argyrosomus japonicus,150.75,-35.13
Argyrosomus japonicus,153.667,-28.4
Argyrosomus japonicus,151.183,-33.466
Argyrosomus japonicus,150.7,-35.1
