species,decimalLongitude,decimalLatitude
Argyropelecus aculeatus,150.25,-37.62
Argyropelecus aculeatus,150.235,-38.0233
Argyropelecus aculeatus,153.03334,-33.725
Argyropelecus aculeatus,152.63,-33.07
Argyropelecus aculeatus,151.55,-33.37
Argyropelecus aculeatus,112.69249,-27.983
Argyropelecus aculeatus,150.35,-37.52
Argyropelecus aculeatus,153.68333,-32.9
Argyropelecus aculeatus,150.5,-37.4
Argyropelecus aculeatus,122.423,-34.685
Argyropelecus aculeatus,153.54167,-33.08333
Argyropelecus aculeatus,153.68333,-32.875
Argyropelecus aculeatus,152.416,-33.466
Argyropelecus aculeatus,153,-32.7
Argyropelecus aculeatus,152.15,-33.975
Argyropelecus aculeatus,153.19167,-33.79166
Argyropelecus aculeatus,152.533,-33.416
Argyropelecus aculeatus,152.333,-33.516
Argyropelecus aculeatus,152.80834,-35.025
Argyropelecus aculeatus,151.55,-34.22
Argyropelecus aculeatus,150.37,-37.23
Argyropelecus aculeatus,150.831,-35.5215
Argyropelecus aculeatus,152.933,-33.666
Argyropelecus aculeatus,150.916,-35.6
Argyropelecus aculeatus,152.23333,-35.225
Argyropelecus aculeatus,126.05097,-33.27667
Argyropelecus aculeatus,147.38,-40.27
Argyropelecus aculeatus,152.03,-33.83
Argyropelecus aculeatus,151.134,-34.9587
Argyropelecus aculeatus,152.116,-34.15
Argyropelecus aculeatus,152.30834,-34.225
Argyropelecus aculeatus,143.68166,-40.92766
Argyropelecus aculeatus,152.77,-32.83
Argyropelecus aculeatus,152.44833,-33.89166
Argyropelecus aculeatus,128.38486,-33.3
Argyropelecus aculeatus,150.45,-36.15
Argyropelecus aculeatus,152.74167,-33.14166
Argyropelecus aculeatus,151.162,-35.0047
Argyropelecus aculeatus,151.866,-33.783
Argyropelecus aculeatus,152.25,-34.083
Argyropelecus aculeatus,149.639,-38.3485
Argyropelecus aculeatus,112.0733333,-26.39333333
Argyropelecus aculeatus,153.23333,-33.98333
Argyropelecus aculeatus,152.283,-33.333
Argyropelecus aculeatus,152.95,-32.8
Argyropelecus aculeatus,144.43333,-41.8
Argyropelecus aculeatus,152.48333,-33.70833
Argyropelecus aculeatus,150.23,-37.68
Argyropelecus aculeatus,150.31667,-39.03333
Argyropelecus aculeatus,149.47216,-38.57866
Argyropelecus aculeatus,151.21,-35.0717
Argyropelecus aculeatus,150.37,-37.55
Argyropelecus aculeatus,149.32,-38.3388
Argyropelecus aculeatus,152.616,-33.383
Argyropelecus aculeatus,150.65,-35.733
Argyropelecus aculeatus,151.866,-33.7
Argyropelecus aculeatus,111.90167,-23.99167
Argyropelecus aculeatus,152.975,-33.89166
Argyropelecus aculeatus,152.50834,-33.53333
Argyropelecus aculeatus,152.37416,-33.88666
Argyropelecus aculeatus,152.35,-33.50833
Argyropelecus aculeatus,153.075,-33.85833
Argyropelecus aculeatus,150.37,-36.93
Argyropelecus aculeatus,152.53333333333333,-33.333333333333336
Argyropelecus aculeatus,149.55,-38.15
Argyropelecus aculeatus,115.573,-35.155
Argyropelecus aculeatus,153.18333,-34.03333
Argyropelecus aculeatus,152.79167,-35.025
Argyropelecus aculeatus,152.166,-34.183
Argyropelecus aculeatus,152.39167,-33.2
Argyropelecus aculeatus,150.36667,-37.55
Argyropelecus aculeatus,152.76667,-33.10833
Argyropelecus aculeatus,128.675,-33.46806
Argyropelecus aculeatus,152.23333,-33.81666
Argyropelecus aculeatus,111.9016,-23.9916
Argyropelecus aculeatus,152,-33.666
Argyropelecus aculeatus,151.82,-33.85
Argyropelecus aculeatus,153.18333,-34.06666
Argyropelecus aculeatus,152.2525,-33.81999
Argyropelecus aculeatus,150.252,-37.82
Argyropelecus aculeatus,114.355,-33.97
Argyropelecus aculeatus,152.55,-32.98
Argyropelecus aculeatus,114.35499999999999,-33.97
Argyropelecus aculeatus,152.35834,-33.49166
Argyropelecus aculeatus,150.38,-37.12
Argyropelecus aculeatus,153.03334,-33.9
Argyropelecus aculeatus,144.7453333,-42.421
Argyropelecus aculeatus,154.10834,-33.06667
Argyropelecus aculeatus,149.47217,-38.57867
Argyropelecus aculeatus,152.3,-33.55
Argyropelecus aculeatus,148.72617,-41.45217
Argyropelecus aculeatus,148.72616,-41.45216
Argyropelecus aculeatus,124.52,-32.98
Argyropelecus aculeatus,152.58334,-33.28333
Argyropelecus aculeatus,153.7,-32.81666
Argyropelecus aculeatus,152.19167,-33.475
Argyropelecus aculeatus,151.483,-34.466
Argyropelecus aculeatus,111.51,-25.69666
Argyropelecus aculeatus,149.416,-38.3283
Argyropelecus aculeatus,150.33,-36.72
Argyropelecus aculeatus,152.216,-34.133
Argyropelecus aculeatus,144.4333,-41.8
Argyropelecus aculeatus,153.725,-32.75
Argyropelecus aculeatus,151.25,-34.666
Argyropelecus aculeatus,150.37,-36.87
Argyropelecus aculeatus,153.2,-33.96666
Argyropelecus aculeatus,152.016,-33.57499
Argyropelecus aculeatus,151.95,-33.683
Argyropelecus aculeatus,130.2,-33.1
Argyropelecus aculeatus,112.07333333333332,-26.393333333333334
Argyropelecus aculeatus,126.91667,-33.48402
Argyropelecus aculeatus,153.71667,-32.75833
Argyropelecus aculeatus,152.275,-33.28333
Argyropelecus aculeatus,152.5333333,-33.33333333
Argyropelecus aculeatus,153.825,-33.13333
Argyropelecus aculeatus,131.25,-33.83333
Argyropelecus aculeatus,151.983,-33.616
Argyropelecus aculeatus,152.54167,-33.525
Argyropelecus aculeatus,143.68167,-40.92767
Argyropelecus aculeatus,150.4,-37.3
Argyropelecus aculeatus,150.37,-36.38
Argyropelecus aculeatus,152.66667,-33.1
Argyropelecus aculeatus,152.75834,-33.125
Argyropelecus aculeatus,151.65,-34.05
Argyropelecus aculeatus,151.416,-34.39166
Argyropelecus aculeatus,152.325,-33.50833
Argyropelecus aculeatus,152.14167,-33.93333
Argyropelecus aculeatus,153.28334,-33.75833
Argyropelecus aculeatus,152.91667,-33.875
Argyropelecus aculeatus,153.11667,-33.44166
Argyropelecus aculeatus,150.45,-37.35
Argyropelecus aculeatus,151.916,-34.37499
Argyropelecus aculeatus,150.366,-37.55
Argyropelecus aculeatus,153.7,-32.73333
Argyropelecus aculeatus,152.066,-34.166
