species,decimalLongitude,decimalLatitude
Ariosoma kapala,151.53916,-33.44249
Ariosoma kapala,153.383,-29.64166
Ariosoma kapala,151.75,-33.06667
Ariosoma kapala,151.733,-33.05
Ariosoma kapala,153.617,-29.25
Ariosoma kapala,153.44166,-29.54166
Ariosoma kapala,151.75,-33.1
Ariosoma kapala,153.466,-29.42499
Ariosoma kapala,153.633,-29.217
Ariosoma kapala,153.383,-29.65
Ariosoma kapala,151.767,-33.1
Ariosoma kapala,151.533,-33.45
Ariosoma kapala,153.483,-29.333
Ariosoma kapala,151.483,-33.5
Ariosoma kapala,152.85,-31.917
Ariosoma kapala,151.766,-33.09166
Ariosoma kapala,152.033,-32.817
Ariosoma kapala,152,-32.9
Ariosoma kapala,151.733,-33.067
Ariosoma kapala,151.783,-33.033
Ariosoma kapala,151.4,-33.6
Ariosoma kapala,151.75,-33.067
Ariosoma kapala,153.467,-29.517
Ariosoma kapala,151.55,-33.45
Ariosoma kapala,153.82499,-28.42499
Ariosoma kapala,151.59,-33.38333
Ariosoma kapala,152.25833,-32.70833
Ariosoma kapala,151.467,-33.517
Ariosoma kapala,150.62499,-35.216
Ariosoma kapala,152.25,-32.73333
Ariosoma kapala,151.383,-33.533
Ariosoma kapala,153.517,-29.367
Ariosoma kapala,151.967,-32.9
Ariosoma kapala,151.4,-33.617
Ariosoma kapala,151.717,-33.067
Ariosoma kapala,151.5,-33.483
Ariosoma kapala,151.733,-33.033
Ariosoma kapala,151.99166,-32.89166
Ariosoma kapala,151.383,-33.6
Ariosoma kapala,152.916,-31.833
Ariosoma kapala,153.483,-29.35
Ariosoma kapala,153.583,-29.417
Ariosoma kapala,153.55833,-29.533
Ariosoma kapala,153.833,-28.45
Ariosoma kapala,151.717,-33.083
Ariosoma kapala,153.433,-29.417
Ariosoma kapala,150.633,-35.2
Ariosoma kapala,151.683,-33.2
Ariosoma kapala,151.4,-33.583
Ariosoma kapala,151.717,-33.05
Ariosoma kapala,151.95,-32.9
