species,decimalLongitude,decimalLatitude
Ariomma melana,-6.566666666666666,4.718055555555556
Ariomma melana,-2.133333333333333,4.733333333333333
Ariomma melana,-88.59167,29
Ariomma melana,12.01010363,-6.844166667
Ariomma melana,3.616666666666667,6.4
Ariomma melana,-16.06666666666667,11.75
Ariomma melana,8.683333333333334,-0.6847222222222222
Ariomma melana,-14.68333333333333,10.08333333333333
Ariomma melana,-0.4166666666666667,5.383333333333334
Ariomma melana,9.683333333333334,1.816666666666667
Ariomma melana,-83.60833333,24.54166667
Ariomma melana,-4.65,5.133333333333334
Ariomma melana,-13.8,8.95
Ariomma melana,12.08333333333333,-5.8
Ariomma melana,-4.083333333333333,5.216666666666667
Ariomma melana,7.55,4.3
Ariomma melana,-10.81805555555556,6.3
Ariomma melana,-88.85833333,28.90833333
Ariomma melana,9.718055555555557,2.483333333333333
Ariomma melana,9.25,0.4166666666666667
Ariomma melana,-13.85,7.968055555555556
Ariomma melana,9.233333333333333,-0.2333333333333333
Ariomma melana,-96.0822906494,26.9641723633
Ariomma melana,9.8,3.15
Ariomma melana,5.466666666666667,4.066666666666666
Ariomma melana,2.2,6.3
Ariomma melana,12.7333,-8.26667
Ariomma melana,-91.15,28.1
Ariomma melana,-16.73333333333333,10.98333333333333
Ariomma melana,-16.25,10.53333333333333
Ariomma melana,8.966666666666667,-1.033333333333333
Ariomma melana,-79.923333,28.651667
Ariomma melana,12.15,-7.25
Ariomma melana,-1.7,4.9
Ariomma melana,-88.59166667,29.00833333
Ariomma melana,9.28472222222222,1.184722222222222
Ariomma melana,4.283333333333333,6.316666666666666
Ariomma melana,-5.3,5.083333333333333
Ariomma melana,-17.08333333333333,12.01666666666667
Ariomma melana,-5.968055555555556,4.95
Ariomma melana,10.61666666666667,-3.45
Ariomma melana,11.8333,-6.85
Ariomma melana,0.2166666666666667,5.066666666666666
Ariomma melana,-66.74166667,40.375
Ariomma melana,0.7333333333333333,-3.016666666666667
Ariomma melana,-79.8347222,28.4963889
Ariomma melana,0.7333,-3.0167
Ariomma melana,-12.63472222222222,7.366666666666666
Ariomma melana,-71.066667,40.15
Ariomma melana,6.083333333333333,4.233333333333333
Ariomma melana,-16.833,9.967
Ariomma melana,8.625,-1.508333333
Ariomma melana,11.53738057,-6.305546971
Ariomma melana,6.034722222222222,4.15
Ariomma melana,-81.39166667,9.058333333
Ariomma melana,-87.925,29.24166667
Ariomma melana,-66.60833333,40.725
Ariomma melana,-9,4.933333333333334
Ariomma melana,1.516666666666667,6.016666666666667
Ariomma melana,-75.9000014,35.0332986
Ariomma melana,8.233333333333333,4.4
Ariomma melana,-69.4,39.935
Ariomma melana,11.6333,-6.58333
Ariomma melana,11.61666666666667,-4.533333333333333
Ariomma melana,-74.875,35.875
Ariomma melana,11.05,-3.966666666666667
Ariomma melana,-80.1046667,30.4938333
Ariomma melana,-77.5999984741,32.8499984741
Ariomma melana,-23.2,14.0833333333333
Ariomma melana,-68.26,40.28166667
Ariomma melana,-11.36666666666667,6.7
Ariomma melana,-97.3125076294,22.4503555298
Ariomma melana,-1.066666666666667,5.1
Ariomma melana,11.9,-4.933333333333334
Ariomma melana,-76.0933333317439,33.7633333206177
Ariomma melana,-10.15,5.933333333333334
Ariomma melana,5.134722222222222,5.033333333333333
Ariomma melana,-67.43333,39.98333
Ariomma melana,9.216666666666669,-1.933333333333333
Ariomma melana,-67.43333,39.9
Ariomma melana,-11.95138888888889,7.116666666666666
Ariomma melana,-14.21666666666667,9.6
Ariomma melana,-7.016666666666667,4.516666666666667
Ariomma melana,-80.175,29.50833333
Ariomma melana,-3.366666666666667,5.1
Ariomma melana,13.33971273,-11.73698347
Ariomma melana,-80.19166667,29.875
Ariomma melana,-8.416666666666666,4.6
Ariomma melana,2.9,6.35
Ariomma melana,9.683333333333334,-2.533333333333333
Ariomma melana,-5.25,-11.6
Ariomma melana,-88.01670074,29.16570091
Ariomma melana,4.801388888888889,5.934722222222222
Ariomma melana,12.9167,-10.4167
Ariomma melana,-71.966667,39.783333
Ariomma melana,-84.7157211304,26.7991352081
Ariomma melana,-93.8438949585,18.6886692047
Ariomma melana,1,5.85
Ariomma melana,-2.733333333333333,4.95
Ariomma melana,-18.4666666666667,14.1833333333333
Ariomma melana,-5,0
Ariomma melana,13.425,-12.59166667
Ariomma melana,9.433333333333334,3.716666666666667
Ariomma melana,-91.7559509277,27.6920986176
Ariomma melana,-9.225,4.641666667
Ariomma melana,-75.8333333,34.3
Ariomma melana,-1.535833,4.146333
Ariomma melana,-88.7666667,28.9416667
Ariomma melana,10.2,-3.033333333333333
Ariomma melana,-85.00833333,27.09166667
Ariomma melana,-66.625,40.725
Ariomma melana,-83.59166667,24.54166667
Ariomma melana,-80.2399978638,30.0499992371
Ariomma melana,-7.8,4.3
Ariomma melana,-15.58333333333333,10.2
Ariomma melana,-75.866667,34.3
Ariomma melana,-78.5583,32.75
Ariomma melana,-92.0450134277,28.1369018555
Ariomma melana,-60.51667,42
Ariomma melana,-66.79722222,40.68888889
Ariomma melana,-86.8768081665,29.9289264679
Ariomma melana,-83.54166,24.47833
Ariomma melana,-79.89166667,26.79166667
Ariomma melana,-9.734722222222224,5.05
Ariomma melana,-88.625,28.975
Ariomma melana,-2.13333333333333,4.4
Ariomma melana,-79.8,28.67
Ariomma melana,8.85138888888889,4.2
Ariomma melana,-13.28333333333333,7.584722222222222
Ariomma melana,-62.2167,42.966667
Ariomma melana,8.841666667,-0.041666667
Ariomma melana,-75.1500015259,35.2299995422
Ariomma melana,-80.18,29.8266667
Ariomma melana,-83.45833333,24.475
Ariomma melana,-69.766667,40.583333
Ariomma melana,-88.8000030518,29
Ariomma melana,-82.928817749,23.0369167328
Ariomma melana,-80.033333,29.168333
Ariomma melana,-87.9000015259,29.2583332062
Ariomma melana,-75.301867,34.985583
Ariomma melana,-87.675,29.24166667
Ariomma melana,-88.6999969482,28.8999996185
Ariomma melana,60.223,-15.923833
Ariomma melana,-89.257551,29.181613
Ariomma melana,-79.035,32.1480556
Ariomma melana,-22.3666666666667,16.1333333333333
Ariomma melana,-88.9384689331,23.2547931671
Ariomma melana,-86.60833333,29.29166667
Ariomma melana,-79.8799972534,30.8299999237
Ariomma melana,-10.95833333,6.141666667
Ariomma melana,-83.36667,24.41667
Ariomma melana,-70.61292,39.97389
Ariomma melana,-80.19166667,29.925
Ariomma melana,-66.7972222222,40.6888888889
Ariomma melana,-66.7972259521,40.6888885498
Ariomma melana,-83.53333,24.48333
Ariomma melana,-22.1333333333333,10.8333333333333
Ariomma melana,-67.4333333,39.9833333
Ariomma melana,-67.841667,18.24
Ariomma melana,-87.94166667,29.20833333
Ariomma melana,-17.10833333,10.74166667
Ariomma melana,-80.1500015259,30.3099994659
Ariomma melana,-72.20833333,39.45833333
Ariomma melana,-80.116667,30.021667
Ariomma melana,-1.532833,4.213167
Ariomma melana,-71.97,39.78
Ariomma melana,-76.33,33.8
Ariomma melana,-72.666667,39.416667
Ariomma melana,-82.4,24.2666667
Ariomma melana,-80.186667,29.663333
Ariomma melana,-87.1689300537,29.4725894928
Ariomma melana,-80.163333,30.091667
Ariomma melana,-95.2466667,28.4800033
Ariomma melana,-96.6004257202,27.1292877197
Ariomma melana,-71.07,40.15
Ariomma melana,-75.50833333,34.84166667
Ariomma melana,35.645,-23.886667
Ariomma melana,-69.39166667,11.84166667
Ariomma melana,-11.4916666666667,6.54166666666667
Ariomma melana,-22.15,10.8666666666667
Ariomma melana,-72.67,39.42
Ariomma melana,-16.8330001831,9.96700000763
Ariomma melana,-75.20833333,35.025
Ariomma melana,-69.77,40.58
Ariomma melana,-80.206667,30.003333
Ariomma melana,-38.2478,-17.6465
Ariomma melana,-75.5,34.833333
Ariomma melana,-75.8666666666667,34.3
Ariomma melana,-80.135,29.831667
Ariomma melana,-66.59166667,40.70833333
Ariomma melana,-82.8923110962,23.0265483856
Ariomma melana,13.25639728,-10.80394205
Ariomma melana,-79.993333,30.7
Ariomma melana,31.5166667,-29.2333333
Ariomma melana,-71.9666667,12.5166667
Ariomma melana,-70.28,40.32
Ariomma melana,-72.30833333,39.64166667
Ariomma melana,-82.88,24.2946667
Ariomma melana,-11.4166666666667,6.7
Ariomma melana,-78.85833333,32.25833333
Ariomma melana,-97.4438934326,22.4037761688
Ariomma melana,-83.45,24.4833333
Ariomma melana,-80.09,30.363333
Ariomma melana,-68.625,40.125
Ariomma melana,13.14148176,-10.63462392
Ariomma melana,-83.39166667,24.44166667
Ariomma melana,-79.4888889,31.6694444
Ariomma melana,12.57992373,-7.900409223
Ariomma melana,-80.725,9.225
Ariomma melana,-84.1912689209,26.9666690826
Ariomma melana,-80.19166667,28.89166667
Ariomma melana,-88.125,29.19167
Ariomma melana,-61,43
Ariomma melana,-70.283333,40.316667
Ariomma melana,11.716666,-6.983333
Ariomma melana,-68.09166667,40.075
Ariomma melana,-82.8354667,24.3048056
Ariomma melana,-74.93666667,35.69
Ariomma melana,-77.7,32.7
Ariomma melana,-80.186667,30.001667
Ariomma melana,-89.180305481,23.6420974731
Ariomma melana,13.266667,-10.8
Ariomma melana,-88.1516667,29.125
Ariomma melana,-88.5666667,29.05
Ariomma melana,-67.44166667,39.99166667
Ariomma melana,-93.5104827881,19.2420463562
Ariomma melana,-75.8166667,34.3166667
Ariomma melana,-60.7666667,11.5
