species,decimalLongitude,decimalLatitude
Ariomma regulus,-79,32.5099983215
Ariomma regulus,-87.5,29.5
Ariomma regulus,-80.25,28.8899993896
Ariomma regulus,-78.05,33.5
Ariomma regulus,-84.7157211304,26.7991352081
Ariomma regulus,-78.133333,33.633333
Ariomma regulus,-75.5,34.75
Ariomma regulus,65,11
Ariomma regulus,-97.3125076294,22.4503555298
Ariomma regulus,-76.8929977417,34.6090011597
Ariomma regulus,-79.9199981689,31.3999996185
Ariomma regulus,-80.207767,27.361667
Ariomma regulus,-78.5,31.9899997711
Ariomma regulus,-75.333333,35.616667
Ariomma regulus,-84.65,23.516667
Ariomma regulus,-78.8000030518,32.3600006104
Ariomma regulus,-80.2666666666667,29.6
Ariomma regulus,-77.9079971313,33.75
Ariomma regulus,-80.5816667,24.855
Ariomma regulus,-83.75,23.616667
Ariomma regulus,-80.3700027466,29.5900001526
Ariomma regulus,-75.666667,34.783333
Ariomma regulus,-83.466667,27.616667
Ariomma regulus,-80.122138,25.657092
Ariomma regulus,-57.00833333,7.508333333
Ariomma regulus,-77.7419967651,34.1370010376
Ariomma regulus,-80.0199966431,30.5599994659
Ariomma regulus,-76.983333,33.433333
Ariomma regulus,-79.1167,32.2
Ariomma regulus,-79.783333,31.3
Ariomma regulus,-65.95,41.466667
Ariomma regulus,-76.391998291,34.4099998474
Ariomma regulus,-82.816667,25.266667
Ariomma regulus,-77.783333,33.083333
Ariomma regulus,-77.0329971313,34.6529998779
Ariomma regulus,-79.2,32.4666666666667
Ariomma regulus,-93.8438949585,18.6886692047
Ariomma regulus,-76.183333,34.3
Ariomma regulus,-77.4160003662,34.3019981384
Ariomma regulus,-96.0822906494,26.9641723633
Ariomma regulus,-88.9384689331,23.2547931671
Ariomma regulus,-77.5849990845,34.266998291
Ariomma regulus,-54.11666667,7.4
Ariomma regulus,-80.1399993896,31.2999992371
Ariomma regulus,-80.4199981689,31.3600006104
Ariomma regulus,-80.8079986572,28.9200000763
Ariomma regulus,-78.7610015869,33.7309989929
Ariomma regulus,-76.35,34.4833333
Ariomma regulus,-76.8870010376,34.6049995422
Ariomma regulus,-81.2369995117,29.7569999695
Ariomma regulus,-78.6100006104,32.2599983215
Ariomma regulus,-79.7383333,24.9416667
Ariomma regulus,-78.4240036011,33.6669998169
Ariomma regulus,-97.4438934326,22.4037761688
Ariomma regulus,-79.5790023804,32.8429985046
Ariomma regulus,-78.6549987793,32.8250007629
Ariomma regulus,-75.933333,34.283333
Ariomma regulus,-77.1166667,34.2666667
Ariomma regulus,-78.5699996948,32.5800018311
Ariomma regulus,-84.288,27.09033333
Ariomma regulus,-77.35,33.15
Ariomma regulus,-80.366667,29.266667
Ariomma regulus,65,10
Ariomma regulus,-75.9469985962,35.0690002441
Ariomma regulus,-76.835,8.22
Ariomma regulus,-82.581774,24.939762
Ariomma regulus,-89.180305481,23.6420974731
Ariomma regulus,-79.15599823,33.138999939
Ariomma regulus,-84.133333,23.9
Ariomma regulus,-81.0299987793,30.1200008392
Ariomma regulus,-77.9300003052,32.9500007629
Ariomma regulus,-78.55833333,32.75
Ariomma regulus,-80.158876,25.813456
Ariomma regulus,-76.9850006104,34.5449981689
Ariomma regulus,-79.9100036621,30.9799995422
Ariomma regulus,-64.576452,18.471366
Ariomma regulus,-75.841003418,35.1500015259
Ariomma regulus,-82.166666,25.377166
Ariomma regulus,-65.05,11.9583333
Ariomma regulus,-80.3000030518,30.1399993896
Ariomma regulus,-76.26670074,34.58330154
Ariomma regulus,-84.9333333,28.2366667
Ariomma regulus,-80.425,29.7416667
Ariomma regulus,-79.7666667,25.7
Ariomma regulus,-74.7,36.5833333333333
Ariomma regulus,-85.083333,22.983333
Ariomma regulus,-80.2699966431,29.6000003815
Ariomma regulus,-78.1819992065,33.7659988403
Ariomma regulus,-76.3769989014,34.4169998169
Ariomma regulus,-75.858333,34.947333
Ariomma regulus,-86.8768081665,29.9289264679
Ariomma regulus,-76.2099990845,34.5999984741
Ariomma regulus,-69.316667,39.983333
Ariomma regulus,-79.9333333333333,31.4
Ariomma regulus,-76.71900177,34.563999176
Ariomma regulus,-82.928817749,23.0369167328
Ariomma regulus,-86.092833,29.829666
Ariomma regulus,-78.8333333,9.55
Ariomma regulus,-83.5833333333333,25.6166666666667
Ariomma regulus,75.605,34.85833333
Ariomma regulus,-80.4700012207,31.0699996948
Ariomma regulus,-81.2300033569,30.0200004578
Ariomma regulus,-75.8369979858,35.1030006409
Ariomma regulus,-84.075,27.2533333
Ariomma regulus,-78.8799972534,32.1899986267
Ariomma regulus,-80.54166667,30.375
Ariomma regulus,-84.93983333,28.551
Ariomma regulus,-75.93800354,35.0530014038
Ariomma regulus,-85.216667,21.016667
Ariomma regulus,-80.0299987793,29.0499992371
Ariomma regulus,-54.11666666666667,7.4
Ariomma regulus,-78.4300003052,33.6570014954
Ariomma regulus,-78.9599990845,32.3499984741
Ariomma regulus,-82.8333333,26.3333333
Ariomma regulus,-79.7333333,31.5333333
Ariomma regulus,-80.1575,25.73111
Ariomma regulus,-76.6200027466,34.5279998779
Ariomma regulus,-78.5582962,32.75
Ariomma regulus,-82.6783333,24.6416667
Ariomma regulus,-75.05,35.433333
Ariomma regulus,-92.0450134277,28.1369018555
Ariomma regulus,-75.9029998779,35.0999984741
Ariomma regulus,-80.6666667,30.0666667
Ariomma regulus,-76.3779983521,34.46900177
Ariomma regulus,-91.7559509277,27.6920986176
Ariomma regulus,-78.111000061,33.736000061
Ariomma regulus,-85.738387,30.126747
Ariomma regulus,-76.55,33.8166667
Ariomma regulus,-82.2166667,25.1666667
Ariomma regulus,-75.6,36.233333
Ariomma regulus,-80.00263,25.76472
Ariomma regulus,-80.3000030518,30.2700004578
Ariomma regulus,-78.4400024414,32.0099983215
Ariomma regulus,-77.4800033569,33.1899986267
Ariomma regulus,-78.5,32.5
Ariomma regulus,-91.1166667,21.7333333
Ariomma regulus,-79.7099990845,31.4099998474
Ariomma regulus,-80.53333333,29.96666667
Ariomma regulus,-78,32.4599990845
Ariomma regulus,-78,32.4900016785
Ariomma regulus,-87.1,29.9833
Ariomma regulus,-80.4666666666667,31.0666666666667
Ariomma regulus,-96.6004257202,27.1292877197
Ariomma regulus,-62.50833333,11.00833333
Ariomma regulus,-56.166666666666664,6.916666666666667
Ariomma regulus,-75.672996521,35.2060012817
Ariomma regulus,-76.6,33.8
Ariomma regulus,-80.4000015259,31.1800003052
Ariomma regulus,-56.16666667,6.916666667
Ariomma regulus,-80.35,29.55
Ariomma regulus,-87.1689300537,29.4725894928
Ariomma regulus,-93.5104827881,19.2420463562
Ariomma regulus,-80.6600036621,30.4300003052
Ariomma regulus,-78.9899978638,32.5099983215
Ariomma regulus,-82.874987,24.642873
Ariomma regulus,-76.4166667,34.4333333
Ariomma regulus,-83.090658,27.591066
Ariomma regulus,-79.0199966431,32.5400009155
Ariomma regulus,-84.1912689209,26.9666690826
Ariomma regulus,-77.43800354,34.3569984436
Ariomma regulus,-76.1210021973,34.9949989319
Ariomma regulus,-79.633333,31.85
Ariomma regulus,-77.1528,23.9236
Ariomma regulus,-82.8923110962,23.0265483856
Ariomma regulus,-87.10833333,29.99166667
Ariomma regulus,-84.0666666666667,27.25
Ariomma regulus,-76.5,33.766667
Ariomma regulus,-76.6380004883,34.5349998474
Ariomma regulus,-77.8799972534,33.0499992371
Ariomma regulus,-80.40599823,32.55879974
