species,decimalLongitude,decimalLatitude
Ariomma lurida,150.70833,-35.316
Ariomma lurida,153.383,-29.383
Ariomma lurida,150.366,-36.15
Ariomma lurida,151.883,-32.85
Ariomma lurida,152.29166,-32.94166
Ariomma lurida,113.075,-23.40833
Ariomma lurida,112.75,-26.76667
Ariomma lurida,112.87,-23.73
Ariomma lurida,120.6,-15.93333
Ariomma lurida,151.766,-33.65
Ariomma lurida,118.53333,-17.75
Ariomma lurida,120.6,-15.933
Ariomma lurida,116.98917,-19.14666
Ariomma lurida,153.83833,-28.866
Ariomma lurida,152.25,-32.983
Ariomma lurida,120.3,-17.80833
Ariomma lurida,150.73349,-35.50783
Ariomma lurida,117.65,-18.566
Ariomma lurida,152.25,-32.75
Ariomma lurida,153.67166,-29.7
Ariomma lurida,113.07834,-23.40916
Ariomma lurida,151.183,-34.367
Ariomma lurida,150.35,-36.5
Ariomma lurida,117.66667,-18.7
Ariomma lurida,150.35,-36.517
Ariomma lurida,155.566667,-27.966667
Ariomma lurida,150.29166,-36.416
Ariomma lurida,153.9,-28.2
Ariomma lurida,153.567,-28.583
Ariomma lurida,116.66417,-19.2525
Ariomma lurida,114.79417,-20.64166
Ariomma lurida,155.5,-28.566667
Ariomma lurida,118.2,-18.266
Ariomma lurida,151.2,-34.333
Ariomma lurida,150.35,-36.417
Ariomma lurida,151.983,-33.02499
Ariomma lurida,117.33334,-18.94166
Ariomma lurida,120.05,-18.16666
Ariomma lurida,150.35,-36.467
Ariomma lurida,150.333,-36.65
Ariomma lurida,155.5,-28.56666
Ariomma lurida,119.11667,-17.26667
Ariomma lurida,151.20833,-34.27499
Ariomma lurida,153.6,-26.96667
Ariomma lurida,120.86667,-16.53333
Ariomma lurida,150.45833,-36.016
Ariomma lurida,151.3,-33.566
Ariomma lurida,151.183,-34.383
Ariomma lurida,155.56666,-27.96667
Ariomma lurida,116.18334,-19.675
Ariomma lurida,151.2,-34.283
Ariomma lurida,153.6,-26.966667
Ariomma lurida,150.95,-35.22499
Ariomma lurida,119.1166,-17.2666
