species,decimalLongitude,decimalLatitude
Aristostomias scintillans,120,31
Aristostomias scintillans,-124.8837,44.95351
Aristostomias scintillans,-170.9833333,41.0666667
Aristostomias scintillans,-138.7333333,51.35
Aristostomias scintillans,-136.8083333,31.8533333
Aristostomias scintillans,-135,50
Aristostomias scintillans,-117.6383333,32.7333333
Aristostomias scintillans,-117.3833333,32.7333333
Aristostomias scintillans,-125,46
Aristostomias scintillans,-121.5833333,34.0333333
Aristostomias scintillans,-122,36
Aristostomias scintillans,-117.55875,32.8198388889
Aristostomias scintillans,-123.009176,37.696491
Aristostomias scintillans,-149.2567,57.85924
Aristostomias scintillans,-124.8355,44.39931
Aristostomias scintillans,-124.931247711182,43.189910888672
Aristostomias scintillans,-146.9833333,44.6544444
Aristostomias scintillans,-124.9437333,37.468615
Aristostomias scintillans,-125.6,43.2333333
Aristostomias scintillans,-158,43.75
Aristostomias scintillans,-124.8117447,42.29453659
Aristostomias scintillans,-117.7545583333,32.824075
Aristostomias scintillans,-121,31.7416667938
Aristostomias scintillans,-121.03613,34.93595
Aristostomias scintillans,-127.5166667,43.3333333
Aristostomias scintillans,-135.3583333,42.7716667
Aristostomias scintillans,-117.7545583,32.824075
Aristostomias scintillans,-122.1366667,36.3066667
Aristostomias scintillans,-122.033333,36.7
Aristostomias scintillans,-124.803462982178,45.825391769409
Aristostomias scintillans,-129.042007446,50.608001709
Aristostomias scintillans,-122.084999084,34.5250015259
Aristostomias scintillans,-129.0420074,50.60800171
Aristostomias scintillans,-117.8566667,32.3716667
Aristostomias scintillans,-146.1,59.154
Aristostomias scintillans,-170.5166667,37.3666667
Aristostomias scintillans,-124.7824478,43.59779167
Aristostomias scintillans,-130.392,51.3633
Aristostomias scintillans,-118.457374,33.170981
Aristostomias scintillans,-118.1083333,30.9966667
Aristostomias scintillans,-126.2580032,48.43799973
Aristostomias scintillans,-118.351186,33.545992
Aristostomias scintillans,-116.251663208,29.5400009155
Aristostomias scintillans,-124.510978698731,45.3371295928955
Aristostomias scintillans,-118.5116667,31.5833333
Aristostomias scintillans,-167.3547222,43.0422222
Aristostomias scintillans,-148.6908333,43.3319444
Aristostomias scintillans,-121,31.9083328247
Aristostomias scintillans,-120.6783333,32.0666667
Aristostomias scintillans,-129.4060059,50.71900177
Aristostomias scintillans,-124.9312477,43.18991089
Aristostomias scintillans,-125.476667,44.653333
Aristostomias scintillans,-124.5333333,46.3166667
Aristostomias scintillans,-125.1990817,39.051355
Aristostomias scintillans,-125.333333,44.328333
Aristostomias scintillans,-121.51564,33.649845
Aristostomias scintillans,-124.1166667,32.8333333
Aristostomias scintillans,-137.683333,37.173333
Aristostomias scintillans,-129.089004517,50.5890007019
Aristostomias scintillans,-122.1466667,36.0833333
Aristostomias scintillans,-120.6666667,33.8333333
Aristostomias scintillans,-124,48.1666667
Aristostomias scintillans,-125.05,44.75
Aristostomias scintillans,-125.606667,44.658333
Aristostomias scintillans,-117.133333,31.866667
Aristostomias scintillans,-134.3333333,48.05
Aristostomias scintillans,-122.580001831,36.7729988098
Aristostomias scintillans,-119.04923,33.364371
Aristostomias scintillans,-121.7088013,35.8199997
Aristostomias scintillans,-117.3966667,32.9033333
Aristostomias scintillans,-132.366667,51.75
Aristostomias scintillans,-124.92632,43.2396
Aristostomias scintillans,-125.6033333,36.6216667
Aristostomias scintillans,-121.03,31.9083
Aristostomias scintillans,-125.6016667,44.6505556
Aristostomias scintillans,-131.4,51.9333
Aristostomias scintillans,-124.9291611,43.38833237
Aristostomias scintillans,-124.18748,39.53773
Aristostomias scintillans,-122.8766667,35.0533333
Aristostomias scintillans,-122.7833333,32.5166667
Aristostomias scintillans,-131.317,51.9167
Aristostomias scintillans,-123.616668701,37.6100006104
Aristostomias scintillans,-174,27.7999992371
Aristostomias scintillans,-124.7890917,42.65593333
Aristostomias scintillans,-123.583333,38.233333
Aristostomias scintillans,-124.8702571,42.3349556
Aristostomias scintillans,-118.104,29.2158
Aristostomias scintillans,-125.667,48
Aristostomias scintillans,-122.3139483,36.35199333
Aristostomias scintillans,-145.1552778,43.2494444
Aristostomias scintillans,-124.9388,43.40859
Aristostomias scintillans,-125.8166667,43.9666667
Aristostomias scintillans,-118.3833333,33.1833333
Aristostomias scintillans,-118.104156494,29.2158336639
Aristostomias scintillans,-124.929161071778,43.388332366943
Aristostomias scintillans,-126.5975,48.826866
Aristostomias scintillans,-155.0666667,43.95
Aristostomias scintillans,-124.6944517,46.11392
Aristostomias scintillans,-120.670829773,32.0666656494
Aristostomias scintillans,-122,34.4583320618
Aristostomias scintillans,-123.1833333,33.6166667
Aristostomias scintillans,-123.2333333,34.7166667
Aristostomias scintillans,-131.15,51.4333
Aristostomias scintillans,-117.6966667,32.9066667
Aristostomias scintillans,-124.8393417,43.70290833
Aristostomias scintillans,-122.1,36.675
Aristostomias scintillans,-117.8833333,31.8166667
Aristostomias scintillans,-125.0343333,41.5641667
Aristostomias scintillans,-121.904436,36.620967
Aristostomias scintillans,121,32
Aristostomias scintillans,-150.0216667,44.7108333
Aristostomias scintillans,-144.983,3.46667
Aristostomias scintillans,-118.61588,33.207843
Aristostomias scintillans,-147.832,58.352
Aristostomias scintillans,-131.45,51.95
Aristostomias scintillans,-124.7695351,40.18046761
Aristostomias scintillans,-168.0333333,42.7833333
Aristostomias scintillans,-131.55,31.817
Aristostomias scintillans,-121.105827332,31.7999992371
Aristostomias scintillans,-125.75,44.666667
Aristostomias scintillans,-122.1837006,36.3522987
Aristostomias scintillans,-124.92712,46.35884
Aristostomias scintillans,-121.4616667,33.9133333
Aristostomias scintillans,-129.406005859,50.71900177
Aristostomias scintillans,-117.2166667,32.7666667
Aristostomias scintillans,-120.671,32.0667
Aristostomias scintillans,-123.805,38.6805556
Aristostomias scintillans,-124.0833333,39.5666667
Aristostomias scintillans,-125.27,44.588333
Aristostomias scintillans,-121.106,31.767
Aristostomias scintillans,-120.96,34.93
Aristostomias scintillans,-124.803463,45.82539177
Aristostomias scintillans,-122.183,36.783
Aristostomias scintillans,-117.5566667,32.9116667
Aristostomias scintillans,-117.55875,32.81983889
Aristostomias scintillans,-117.0216667,29.2833333
Aristostomias scintillans,-121.4483333,34.1066667
Aristostomias scintillans,-124.817520141602,43.768630981445
Aristostomias scintillans,-125.097412109375,44.6064434051515
Aristostomias scintillans,-125.2565833,47.550275
Aristostomias scintillans,-122.6166667,36.1166667
Aristostomias scintillans,-75.86875,24.45278
Aristostomias scintillans,-122.1333333,32.9166667
Aristostomias scintillans,-125.064,43.34465
Aristostomias scintillans,-124.839341666667,43.702908333333
Aristostomias scintillans,-117.55875,32.8198389
Aristostomias scintillans,-125.29,44.65
Aristostomias scintillans,-122.3833333,35.8833333
Aristostomias scintillans,-127.7166667,48.4366667
Aristostomias scintillans,-117.3666667,32.5333333
Aristostomias scintillans,-126,48.84
Aristostomias scintillans,-125.256583333334,47.550275
Aristostomias scintillans,-124.5109787,45.33712959
Aristostomias scintillans,-124.87459,43.8522
Aristostomias scintillans,-121.1533333,34.9783333
Aristostomias scintillans,-141.9166667,40.4666667
Aristostomias scintillans,-120.5333333,32.8333333
Aristostomias scintillans,-136.8166667,31.8333333
Aristostomias scintillans,-120.5583333,23.2833333
Aristostomias scintillans,-117.45,32.4166667
Aristostomias scintillans,-147.89555,58.6497833
Aristostomias scintillans,-126.567983,48.8543
Aristostomias scintillans,-137.18744,57.98041
Aristostomias scintillans,-117.5366667,32.9833333
Aristostomias scintillans,-118.0333333,33.1666667
Aristostomias scintillans,-121.9516667,33.0166667
Aristostomias scintillans,-124.782447814941,43.5977916717525
Aristostomias scintillans,-149.486,57.512
Aristostomias scintillans,-127.1833333,34.7666667
Aristostomias scintillans,-121.97,34.4583
Aristostomias scintillans,-117.3616667,32.9033333
Aristostomias scintillans,-168,40.0333333
Aristostomias scintillans,-133.2333333,49.9016667
Aristostomias scintillans,-124.789091666667,42.6559333333335
Aristostomias scintillans,-117.5283333,32.5416667
Aristostomias scintillans,-135.023333,39.525
Aristostomias scintillans,-124.3,36
Aristostomias scintillans,-131.600006104,31.7999992371
Aristostomias scintillans,-117.3883333,33.7433333
Aristostomias scintillans,-124.75,36.5
Aristostomias scintillans,-125.35722732544,47.85959815979
Aristostomias scintillans,-122.5833333,31.7166667
Aristostomias scintillans,-125.0974121,44.60644341
Aristostomias scintillans,-124.7866667,44.3416667
Aristostomias scintillans,-124.8175201,43.76863098
Aristostomias scintillans,-119.4866667,32.1166667
Aristostomias scintillans,-133.183,52.1833
Aristostomias scintillans,-125.5583333,44.5722222
Aristostomias scintillans,-125.325,44.63
Aristostomias scintillans,-117.4216667,32.8333333
Aristostomias scintillans,-124.5409813,41.74135017
Aristostomias scintillans,-130.7333333,36.6666667
Aristostomias scintillans,-129.0890045,50.5890007
Aristostomias scintillans,-124.811744689942,42.294536590576
Aristostomias scintillans,-124.540981292725,41.7413501739505
Aristostomias scintillans,-124.93058,41.43543
Aristostomias scintillans,-124.769535064697,40.180467605591
Aristostomias scintillans,-120.9333333,34.3166667
Aristostomias scintillans,-120.3166667,32.5166667
Aristostomias scintillans,-125.3572273,47.85959816
Aristostomias scintillans,-125.135,43.998333
Aristostomias scintillans,-120.997,31.7417
Aristostomias scintillans,-123.5833333,33.4166667
Aristostomias scintillans,-118.0433333,33.2583333
Aristostomias scintillans,-117.7833333,26.5166667
Aristostomias scintillans,-128.5483333,32.2516667
