species,decimalLongitude,decimalLatitude
Aristostomias polydactylus,-158.399993896,21.3999996185
Aristostomias polydactylus,-88.3000030518,29
Aristostomias polydactylus,6.0629,-25.5128
Aristostomias polydactylus,-29.9833333333333,-20.9666666666667
Aristostomias polydactylus,-158.321,21.3933
Aristostomias polydactylus,-18.2000007629,20.1000003815
Aristostomias polydactylus,-93.5104827881,19.2420463562
Aristostomias polydactylus,-92.0450134277,28.1369018555
Aristostomias polydactylus,-82.3406906128,24.7805652618
Aristostomias polydactylus,142.9,11.38333333333333
Aristostomias polydactylus,-97.0777359009,27.280796051
Aristostomias polydactylus,-78.0999984741,16.2000007629
Aristostomias polydactylus,-38.03777778,-15.84222222
Aristostomias polydactylus,57.25,-14.4
Aristostomias polydactylus,-84.1912689209,26.9666690826
Aristostomias polydactylus,-158.417,21.417
Aristostomias polydactylus,-85.475,21.342
Aristostomias polydactylus,-21.6666666666667,20.1666666666667
Aristostomias polydactylus,-64.6,32.2
Aristostomias polydactylus,65,-4
Aristostomias polydactylus,-93.8438949585,18.6886692047
Aristostomias polydactylus,-86.6693878174,30.2504348755
Aristostomias polydactylus,-86.8768081665,29.9289264679
Aristostomias polydactylus,-82.928817749,23.0369167328
Aristostomias polydactylus,-39.0999984741,-33.2000007629
Aristostomias polydactylus,-158,22
Aristostomias polydactylus,-29,17.3999996185
Aristostomias polydactylus,-92.6140518188,29.0193500519
Aristostomias polydactylus,16.483334,-32.616665
Aristostomias polydactylus,49.16666666666666,-27.95
Aristostomias polydactylus,-30.6000003815,-40
Aristostomias polydactylus,70.81,5.52
Aristostomias polydactylus,-84.7157211304,26.7991352081
Aristostomias polydactylus,-89.180305481,23.6420974731
Aristostomias polydactylus,-21.7,14.5
Aristostomias polydactylus,-56.0202789307,31.8999996185
Aristostomias polydactylus,-94.021156311,18.3952617645
Aristostomias polydactylus,-28.8999996185,-17.6000003815
Aristostomias polydactylus,-67.8333333333333,25.1333333333333
Aristostomias polydactylus,-91.7559509277,27.6920986176
Aristostomias polydactylus,-44.9166666666667,-30.4
Aristostomias polydactylus,-82.8923110962,23.0265483856
Aristostomias polydactylus,-19,-2.5
Aristostomias polydactylus,-85.5,21.2999992371
Aristostomias polydactylus,-64.5,16.6000003815
Aristostomias polydactylus,-97.3125076294,22.4503555298
Aristostomias polydactylus,-88.3442077637,22.3022727966
Aristostomias polydactylus,18.700001,-35.400002
Aristostomias polydactylus,-159.800003052,0.0283330008388
Aristostomias polydactylus,-22.4,16.1833333333333
Aristostomias polydactylus,147.199996948,-3.59999990463
Aristostomias polydactylus,-28.2166666666667,-17.55
Aristostomias polydactylus,-64.1999969482,32.0999984741
Aristostomias polydactylus,-78.8000030518,26.3999996185
Aristostomias polydactylus,-67.5,31.6000003815
Aristostomias polydactylus,-67.542,31.583
Aristostomias polydactylus,-157.983337402,21.4666671753
Aristostomias polydactylus,154.199996948,-3.59999990463
Aristostomias polydactylus,-87.1689300537,29.4725894928
Aristostomias polydactylus,-88.9384689331,23.2547931671
Aristostomias polydactylus,-83.2079162598,27.3017368317
Aristostomias polydactylus,69.05,5.13
Aristostomias polydactylus,-27.6000003815,-13.8999996185
Aristostomias polydactylus,-97.4438934326,22.4037761688
Aristostomias polydactylus,-85.283,21.233
Aristostomias polydactylus,-21.7000007629,21.2000007629
Aristostomias polydactylus,-85.3000030518,21.2000007629
Aristostomias polydactylus,154.399993896,-4
Aristostomias polydactylus,-96.6004257202,27.1292877197
Aristostomias polydactylus,-64.3000030518,32.2000007629
Aristostomias polydactylus,8.10000038147,-2.90000009537
Aristostomias polydactylus,-42.917,31.85
Aristostomias polydactylus,-42.9166666666667,31.85
Aristostomias polydactylus,64.9000015259,-22.7000007629
Aristostomias polydactylus,-96.0822906494,26.9641723633
Aristostomias polydactylus,-97.6327133179,22.3360748291
