species,decimalLongitude,decimalLatitude
Aristostomias tittmanni,-64.1999969482,32.2999992371
Aristostomias tittmanni,-82.887260437,23.0251464844
Aristostomias tittmanni,-82.6907272339,27.4702758789
Aristostomias tittmanni,-64.1999969482,32
Aristostomias tittmanni,-26.9333333333333,-6.06666666666667
Aristostomias tittmanni,-71,39.7999992371
Aristostomias tittmanni,-42.9166666666667,31.85
Aristostomias tittmanni,-45.4000015259,28.2999992371
Aristostomias tittmanni,-64.6,32.2
Aristostomias tittmanni,-67.43333,39.9
Aristostomias tittmanni,-67.4127778,39.9130556
Aristostomias tittmanni,-92.6140518188,29.0193500519
Aristostomias tittmanni,-94.6999969482,27.6000003815
Aristostomias tittmanni,-42.7166666666667,31.9333333333333
Aristostomias tittmanni,-84.7157211304,26.7991352081
Aristostomias tittmanni,-65.5589,41.818611
Aristostomias tittmanni,-64.4000015259,31.8999996185
Aristostomias tittmanni,-28,17.2000007629
Aristostomias tittmanni,-64,32
Aristostomias tittmanni,-89.3000030518,28.3999996185
Aristostomias tittmanni,-61,30
Aristostomias tittmanni,-62.7999992371,32.2000007629
Aristostomias tittmanni,-45.392,28.283
Aristostomias tittmanni,-91.7559509277,27.6920986176
Aristostomias tittmanni,-88.3,28.9667
Aristostomias tittmanni,-89.266784668,23.7812156677
Aristostomias tittmanni,-64.0999984741,32.2000007629
Aristostomias tittmanni,-93.5104827881,19.2420463562
Aristostomias tittmanni,-92.7973098755,20.430393219
Aristostomias tittmanni,-159.300003052,-3
Aristostomias tittmanni,-70.2614,39.174
Aristostomias tittmanni,-67.3000030518,39.0999984741
Aristostomias tittmanni,-94.1700033,19.3416667
Aristostomias tittmanni,-57.2,42.283333
Aristostomias tittmanni,-94.6644821167,26.5117797852
Aristostomias tittmanni,-42.767,31.917
Aristostomias tittmanni,-63.5999984741,31.8999996185
Aristostomias tittmanni,-93.0898971558,29.7485084534
Aristostomias tittmanni,-89.8333,25.1833
Aristostomias tittmanni,-94.021156311,18.3952617645
Aristostomias tittmanni,-92.0450134277,28.1369018555
Aristostomias tittmanni,-58.9667,43
Aristostomias tittmanni,-89.180305481,23.6420974731
Aristostomias tittmanni,-93.8438949585,18.6886692047
Aristostomias tittmanni,-91.2528991699,26.9163532257
Aristostomias tittmanni,-97.6327133179,22.3360748291
Aristostomias tittmanni,-67.4324,39.9186
Aristostomias tittmanni,-94.5999984741,18.8999996185
Aristostomias tittmanni,-56.5167,40.033333
Aristostomias tittmanni,-54.7833,42.349998
Aristostomias tittmanni,-40.675,48.967
Aristostomias tittmanni,-96.0822906494,26.9641723633
Aristostomias tittmanni,-83.2079162598,27.3017368317
Aristostomias tittmanni,-17.983,54.35
Aristostomias tittmanni,-86.5596389771,30.4191112518
Aristostomias tittmanni,-62.7999992371,31.8999996185
Aristostomias tittmanni,-97.7937316895,22.279958725
Aristostomias tittmanni,-60,42.9833
Aristostomias tittmanni,-61.3333333333333,32.8333333333333
Aristostomias tittmanni,-34.9000015259,-0.20000000298
Aristostomias tittmanni,-87.9000015259,16.7999992371
Aristostomias tittmanni,-63.25,31.017
Aristostomias tittmanni,-27.5333333333333,48.5833333333333
Aristostomias tittmanni,-84.1912689209,26.9666690826
Aristostomias tittmanni,-88,29
Aristostomias tittmanni,-65.5667,41.816666
Aristostomias tittmanni,-64.3000030518,32.2999992371
Aristostomias tittmanni,-65.5589,41.818600000000004
Aristostomias tittmanni,-63.9000015259,32.2000007629
Aristostomias tittmanni,-88.3000030518,29
Aristostomias tittmanni,-40.7000007629,49
Aristostomias tittmanni,-64,31.8999996185
Aristostomias tittmanni,-57.3666666666667,33.65
Aristostomias tittmanni,-88.9384689331,23.2547931671
Aristostomias tittmanni,-57.4,39.333332
Aristostomias tittmanni,-70.264667,39.197
Aristostomias tittmanni,-88.6466667,29.3466667
Aristostomias tittmanni,-61.3333,42.799999
Aristostomias tittmanni,-87.1689300537,29.4725894928
Aristostomias tittmanni,-96.3978271484,22.7736930847
Aristostomias tittmanni,-64,42.400002
Aristostomias tittmanni,-17.3,44.9333333333333
Aristostomias tittmanni,-54.0333,44
Aristostomias tittmanni,-59,41.349998
Aristostomias tittmanni,-56.0833,39.733334
Aristostomias tittmanni,-25.3666666666667,0.233333333333333
Aristostomias tittmanni,-96.6004257202,27.1292877197
Aristostomias tittmanni,-17.9833333333333,54.35
Aristostomias tittmanni,-64.3000030518,32.2000007629
Aristostomias tittmanni,-42.7666666666667,31.9166666666667
Aristostomias tittmanni,-67.4246979,39.9193993
Aristostomias tittmanni,-91.1631012,27.12709999
Aristostomias tittmanni,-82.8923110962,23.0265483856
Aristostomias tittmanni,-88.3442077637,22.3022727966
Aristostomias tittmanni,-86.5610198975,24.06275177
Aristostomias tittmanni,-64.0999984741,32.4000015259
Aristostomias tittmanni,-70.26466667,39.197
Aristostomias tittmanni,-39.4833333333333,33.0666666666667
Aristostomias tittmanni,-63.7000007629,32
Aristostomias tittmanni,-25.2999992371,0.300000011921
Aristostomias tittmanni,-55.8167,41.666668
Aristostomias tittmanni,-87.8837127686,21.5704536438
Aristostomias tittmanni,-97.3125076294,22.4503555298
Aristostomias tittmanni,-59.9975,43.2125
Aristostomias tittmanni,-55.25,42
Aristostomias tittmanni,-64,32.0999984741
Aristostomias tittmanni,-61.5167,41.099998
Aristostomias tittmanni,-58.9833,42.816666
Aristostomias tittmanni,-61.3333,40.966667
Aristostomias tittmanni,-62.6333,40.366665
Aristostomias tittmanni,-70.2646667,39.197
Aristostomias tittmanni,-34.414249,-7.02007
Aristostomias tittmanni,-61.65,42.116665
Aristostomias tittmanni,-63.25,31.0166666666667
Aristostomias tittmanni,-94.1317977905,18.211057663
Aristostomias tittmanni,-63.45,31.1833333333333
Aristostomias tittmanni,-64.1999969482,32.4000015259
Aristostomias tittmanni,-97.0777359009,27.280796051
Aristostomias tittmanni,-30.167,42.633
Aristostomias tittmanni,-86.8768081665,29.9289264679
Aristostomias tittmanni,-89.3000030518,26.7999992371
Aristostomias tittmanni,-157.983337402,21.4666671753
Aristostomias tittmanni,-17.3,44.933
Aristostomias tittmanni,-32.678409,-3.936455
Aristostomias tittmanni,-89.325,26.808
Aristostomias tittmanni,-64.0999984741,33.2999992371
Aristostomias tittmanni,-60,42.983334
Aristostomias tittmanni,-84.9392242432,26.7211151123
Aristostomias tittmanni,-27.533,48.588
Aristostomias tittmanni,-60.0167,41.75
Aristostomias tittmanni,-82.3406906128,24.7805652618
Aristostomias tittmanni,-63.7999992371,31.7999992371
Aristostomias tittmanni,-64.4000015259,33.2999992371
Aristostomias tittmanni,-28.025,17.233
Aristostomias tittmanni,-82.928817749,23.0369167328
Aristostomias tittmanni,-97.4438934326,22.4037761688
Aristostomias tittmanni,-56.9833,39.733334
Aristostomias tittmanni,-70.2646666667,39.197
Aristostomias tittmanni,119.1316667,18.1033333
Aristostomias tittmanni,-42.917,31.85
Aristostomias tittmanni,-63.7000007629,32.4000015259
Aristostomias tittmanni,-57.1,41.866665
Aristostomias tittmanni,-63.7000007629,32.0999984741
Aristostomias tittmanni,-86.6693878174,30.2504348755
Aristostomias tittmanni,-63.45,31.183
Aristostomias tittmanni,-97.3691329956,27.3733863831
Aristostomias tittmanni,-88.2854156494,27.7368030548
Aristostomias tittmanni,-64.3000030518,32
