species,decimalLongitude,decimalLatitude
Arnoglossus yamanakai,123.757778,28.242778
Arnoglossus yamanakai,127.530278,31.409444
Arnoglossus yamanakai,130.73666666666665,30.288333333333334
Arnoglossus yamanakai,124.8816667,28.94166667
Arnoglossus yamanakai,116.4866667,21.88333333
Arnoglossus yamanakai,124.9966667,27.98833333
Arnoglossus yamanakai,124.99666666666667,27.988333333333333
Arnoglossus yamanakai,126.417222,30.447222
Arnoglossus yamanakai,118.17333333333333,21.404999999999998
Arnoglossus yamanakai,126.75,30.25
Arnoglossus yamanakai,133.1333333,33.05
Arnoglossus yamanakai,124.24333333333334,29.221666666666664
Arnoglossus yamanakai,116.48666666666666,21.883333333333333
Arnoglossus yamanakai,126.270556,29.771389
Arnoglossus yamanakai,124.1,28.96
Arnoglossus yamanakai,126.01333333333334,28.990000000000002
Arnoglossus yamanakai,118.17333000000001,21.405
Arnoglossus yamanakai,136.5571,34.2023
Arnoglossus yamanakai,124.236389,28.748056
Arnoglossus yamanakai,124.88166666666666,28.941666666666666
Arnoglossus yamanakai,126.49833333333333,28.508333333333333
Arnoglossus yamanakai,126.4983333,28.50833333
Arnoglossus yamanakai,118.1733333,21.405
Arnoglossus yamanakai,131.1,30.716667
Arnoglossus yamanakai,125.252778,26.763889
Arnoglossus yamanakai,124.2433333,29.22166667
Arnoglossus yamanakai,130.7366667,30.28833333
Arnoglossus yamanakai,-127.341944,-31.216389
Arnoglossus yamanakai,130.192222,31.410278
Arnoglossus yamanakai,121.89,24.88
Arnoglossus yamanakai,126.0133333,28.99
