species,decimalLongitude,decimalLatitude
Arothron hispidus,113.83941818,-22.23723118
Arothron hispidus,113.76633,-23.15479
Arothron hispidus,153.233,-29.4
Arothron hispidus,113.94532745,-21.96216403
Arothron hispidus,113.639,-22.62318
Arothron hispidus,128.44194,-33.32667
Arothron hispidus,153.416667,-27.883333
Arothron hispidus,113.6313,-22.63556
Arothron hispidus,151.283,-33.833
Arothron hispidus,151.32221,-33.65111
Arothron hispidus,114.164,-21.9074
Arothron hispidus,153.333,-29.833
Arothron hispidus,129.25903,-33.25944
Arothron hispidus,124.56667,-33.06667
Arothron hispidus,115.855,-20.6833
Arothron hispidus,113.83333,-28.75
Arothron hispidus,125.78417,-33.56778
Arothron hispidus,151.27749,-33.84011
Arothron hispidus,126.06667,-33.2843
Arothron hispidus,113.36102,-23.95859
Arothron hispidus,114.174572,-21.8295877
Arothron hispidus,151.266,-33.833
Arothron hispidus,114.06873276,-21.82918624
Arothron hispidus,122.917,-16.417
Arothron hispidus,151.266,-33.85
Arothron hispidus,150.901,-34.4656
Arothron hispidus,130.04167,-31.83361
Arothron hispidus,122.23333,-17.96667
Arothron hispidus,122.417,-16.417
Arothron hispidus,118.43333,-19.69236
Arothron hispidus,128.41778,-33.36861
Arothron hispidus,113.963,-21.91201
Arothron hispidus,153.25,-27.25
Arothron hispidus,126.29195,-33.25944
Arothron hispidus,153.15,-30.3
Arothron hispidus,115.8,-32.01667
Arothron hispidus,128.37598,-33.30041
Arothron hispidus,125.9425,-33.31
Arothron hispidus,129.16792,-33.25875
Arothron hispidus,153.55,-28.16667
Arothron hispidus,116.84236,-19.16666
Arothron hispidus,114.16667,-21.85
Arothron hispidus,125.90848,-33.35208
Arothron hispidus,151.639,-33.0868
Arothron hispidus,113.7045,-22.80438
Arothron hispidus,116.53333,-20.48333
Arothron hispidus,151.65,-33.083
Arothron hispidus,114.77137,-21.54133
Arothron hispidus,153.533333,-27.433333
Arothron hispidus,126.31722,-33.15181
Arothron hispidus,125.99361,-33.32639
Arothron hispidus,125.91778,-33.30944
Arothron hispidus,115.17565,-20.60278
Arothron hispidus,153.11667,-27.18333
Arothron hispidus,153,-27.25
Arothron hispidus,125.60875,-33.65153
Arothron hispidus,126.28417,-33.22611
Arothron hispidus,126.10973,-33.30944
Arothron hispidus,117.30967,-19.88067
Arothron hispidus,150.177,-35.7077
Arothron hispidus,118.36737,-19.2425
Arothron hispidus,124.80097,-34.13472
Arothron hispidus,126.28375,-33.24277
Arothron hispidus,125.73431,-33.52625
Arothron hispidus,151.142,-34.0684
Arothron hispidus,116.55278,-20.53333
Arothron hispidus,153.53333,-27.43333
Arothron hispidus,114.166667,-21.85
Arothron hispidus,128.33514,-33.28486
Arothron hispidus,113.80238,-22.28816
Arothron hispidus,150.762,-34.995
Arothron hispidus,153.152149,-26.95581
Arothron hispidus,153.366667,-27.133333
Arothron hispidus,124.46417,-16.10972
Arothron hispidus,151.181,-33.9491
Arothron hispidus,126.25931,-33.26028
Arothron hispidus,151.146,-34.082
Arothron hispidus,107.5,-10
Arothron hispidus,121.87681,-17.89194
Arothron hispidus,115.5,-21.5
Arothron hispidus,125.79264,-33.56833
Arothron hispidus,116.60806,-20.50194
Arothron hispidus,126.36722,-33.25
Arothron hispidus,151.65,-33.08333
Arothron hispidus,130.10056,-31.81805
Arothron hispidus,125.54222,-33.34222
Arothron hispidus,153.36667,-27.13333
Arothron hispidus,123.18333,-16.41667
Arothron hispidus,126.40959,-33.20181
Arothron hispidus,130.47736,-31.85958
Arothron hispidus,116.4623,-20.6091
Arothron hispidus,125.87611,-33.33361
Arothron hispidus,151.24859,-33.85341
Arothron hispidus,125.62597,-33.6375
Arothron hispidus,153.4833333,-26.9833333
Arothron hispidus,126.50098,-33.18361
Arothron hispidus,125.61695,-33.68417
Arothron hispidus,125.99264,-33.28486
Arothron hispidus,114.48333,-22.11666
Arothron hispidus,115.855,-20.68333
Arothron hispidus,125.79236,-33.46903
Arothron hispidus,126.20097,-33.28514
Arothron hispidus,127.45,-32.53333
Arothron hispidus,114.16994,-21.77733
Arothron hispidus,128.80153,-33.25222
Arothron hispidus,150.757,-34.9933
Arothron hispidus,113.8475,-22.2061
Arothron hispidus,128.71708,-33.24347
Arothron hispidus,123.37167,-15.615
Arothron hispidus,114.75,-21.71667
Arothron hispidus,153.57549,-28.36133
Arothron hispidus,125.87514,-33.32666
Arothron hispidus,116.58333,-20.58333
Arothron hispidus,121.60084,-18.17514
Arothron hispidus,151.119,-34.0708
Arothron hispidus,113.16667,-24.66667
Arothron hispidus,152.466,-32.383
Arothron hispidus,126.1007,-33.28458
Arothron hispidus,150.121,-36.2214
Arothron hispidus,126.25084,-33.25958
Arothron hispidus,114.66764,-29.9675
Arothron hispidus,114.15,-21.866
Arothron hispidus,128.83431,-33.26833
Arothron hispidus,128.10111,-33.36028
Arothron hispidus,126.20945,-33.24208
Arothron hispidus,128.39306,-33.28514
Arothron hispidus,116.53333,-20.55
Arothron hispidus,153.4,-27.5
Arothron hispidus,125.75084,-33.60125
Arothron hispidus,118.12639,-19.96083
Arothron hispidus,116.11783,-20.33767
Arothron hispidus,127.21042,-33.36833
Arothron hispidus,125.6175,-33.64236
Arothron hispidus,113.95644,-21.91454
Arothron hispidus,151.11667,-34.06667
Arothron hispidus,127.0257,-33.35944
Arothron hispidus,126.18347,-33.30069
Arothron hispidus,151.107,-34.0796
Arothron hispidus,127.63333,-33.25028
Arothron hispidus,113.73333,-28.51667
Arothron hispidus,130.02681,-31.85
Arothron hispidus,153.33333,-27.1
Arothron hispidus,113.68818,-22.76442
Arothron hispidus,116.61667,-20.46667
Arothron hispidus,153.116667,-27.183333
Arothron hispidus,126.13361,-33.30889
Arothron hispidus,125.80056,-33.55972
Arothron hispidus,151.2,-34.0098
Arothron hispidus,124.26778,-16.11639
Arothron hispidus,113.84769,-22.20704
Arothron hispidus,116.1238,-20.3278
Arothron hispidus,116.52528,-20.58889
Arothron hispidus,113.84927,-22.20418
Arothron hispidus,129.02667,-31.99347
Arothron hispidus,129.14278,-33.25903
Arothron hispidus,122.15,-17.56667
Arothron hispidus,129.15223,-33.25958
Arothron hispidus,126.7007,-33.35097
Arothron hispidus,128.35917,-33.28486
Arothron hispidus,125.73403,-33.51014
Arothron hispidus,116.11783,-20.33766
Arothron hispidus,126.09403,-33.2925
Arothron hispidus,125.82597,-33.53402
Arothron hispidus,115.73333,-32.05
Arothron hispidus,153.55,-28.166667
Arothron hispidus,114,-28
Arothron hispidus,153.1,-29.5
Arothron hispidus,124.27472,-16.24027
Arothron hispidus,126.05097,-33.27667
Arothron hispidus,128.32556,-33.37625
Arothron hispidus,113.638598575259,-25.9522459340334
Arothron hispidus,113.21667,-26.15
Arothron hispidus,153.416667,-27.966667
Arothron hispidus,153.41666,-27.96667
Arothron hispidus,118.00889,-20.05972
Arothron hispidus,127.91806,-33.36847
Arothron hispidus,126.30181,-33.25916
Arothron hispidus,126.15098,-33.27639
Arothron hispidus,153.41666,-27.88333
Arothron hispidus,151.333,-33.633
