species,decimalLongitude,decimalLatitude
Arothron manilensis,113.94532745,-21.96216403
Arothron manilensis,113.94939,-21.92457
Arothron manilensis,117.2,-20.63333
Arothron manilensis,113.83941818,-22.23723118
Arothron manilensis,151.82499,-32.87499
Arothron manilensis,114.174572,-21.8295877
Arothron manilensis,115.85,-21.01667
Arothron manilensis,122.23333,-17.96667
Arothron manilensis,153.28333,-27.55
Arothron manilensis,114.08333,-22.25
Arothron manilensis,124.74453,-16.01057
Arothron manilensis,117.2,-20.63
Arothron manilensis,153.36667,-27.16667
Arothron manilensis,151.166,-33.833
Arothron manilensis,114.9975,-21.6825
Arothron manilensis,151.883,-32.85
Arothron manilensis,114.06873276,-21.82918624
Arothron manilensis,152.5,-32.166
Arothron manilensis,153.25,-27.25
Arothron manilensis,114.51666,-22.1
Arothron manilensis,113.93663,-21.95617
Arothron manilensis,113.66667,-24.88333
Arothron manilensis,151.25,-33.85
Arothron manilensis,153.06666,-27.31666
Arothron manilensis,153.383,-29.37499
Arothron manilensis,113.85,-22.28333
Arothron manilensis,124.54353,-16.20333
Arothron manilensis,153.066667,-27.316667
Arothron manilensis,124.29735,-15.99485
Arothron manilensis,124.30838,-15.95213
Arothron manilensis,116.58333,-20.48333
Arothron manilensis,153.283333,-27.55
Arothron manilensis,113.76667,-23.11667
Arothron manilensis,153.366667,-27.166667
Arothron manilensis,113.73333,-25.35
Arothron manilensis,124.59178,-16.19885
Arothron manilensis,153.383,-29.383
Arothron manilensis,123.3,-16.73333
