species,decimalLongitude,decimalLatitude
Arrhamphus sclerolepis,122.283,-17.966
Arrhamphus sclerolepis,153,-29
Arrhamphus sclerolepis,153.25,-31.25
Arrhamphus sclerolepis,151.333,-33.833
Arrhamphus sclerolepis,152.75,-30.75
Arrhamphus sclerolepis,151.25,-34.25
Arrhamphus sclerolepis,152.6898,-27.4997
Arrhamphus sclerolepis,152.74833,-27.565
Arrhamphus sclerolepis,153.30933,-29.43032
Arrhamphus sclerolepis,152.8,-27.55
Arrhamphus sclerolepis,150.75,-35.25
Arrhamphus sclerolepis,149.75,-36.75
Arrhamphus sclerolepis,153.57132,-28.84783
Arrhamphus sclerolepis,151.25,-33.75
Arrhamphus sclerolepis,150.75,-35.75
Arrhamphus sclerolepis,151.25,-34.75
Arrhamphus sclerolepis,152.25,-32.25
Arrhamphus sclerolepis,151.75,-32.75
Arrhamphus sclerolepis,150.25,-37.75
Arrhamphus sclerolepis,153.1,-29.5
Arrhamphus sclerolepis,152.55,-27.33333
Arrhamphus sclerolepis,152.6335,-27.4368
Arrhamphus sclerolepis,152.25,-33.25
Arrhamphus sclerolepis,150.25,-36.25
Arrhamphus sclerolepis,153.05,-27.283333
Arrhamphus sclerolepis,153.75,-28.75
Arrhamphus sclerolepis,153.25583,-28.80283
Arrhamphus sclerolepis,152.80389,-27.55667
Arrhamphus sclerolepis,150.25,-37.25
Arrhamphus sclerolepis,153.333,-29.383
Arrhamphus sclerolepis,153.13333,-26.81667
Arrhamphus sclerolepis,152.80305,-27.55904
Arrhamphus sclerolepis,151.25,-35.25
Arrhamphus sclerolepis,153.75,-29.25
Arrhamphus sclerolepis,153.1969,-27.7484
Arrhamphus sclerolepis,120.633,-19.783
Arrhamphus sclerolepis,153.5,-28.25
Arrhamphus sclerolepis,152.80246,-27.55674
Arrhamphus sclerolepis,152.585004,-29.124485
Arrhamphus sclerolepis,153.75,-30.25
Arrhamphus sclerolepis,152.75,-32.75
Arrhamphus sclerolepis,152.75,-31.25
Arrhamphus sclerolepis,149.75,-37.25
Arrhamphus sclerolepis,151.75,-34.75
Arrhamphus sclerolepis,153.25,-32.75
Arrhamphus sclerolepis,152.6399,-27.1299
Arrhamphus sclerolepis,153.033,-29.483
Arrhamphus sclerolepis,113.66667,-24.88333
Arrhamphus sclerolepis,152.75,-31.75
Arrhamphus sclerolepis,150.25,-36.75
Arrhamphus sclerolepis,150.25,-35.75
Arrhamphus sclerolepis,154.25,-29.25
Arrhamphus sclerolepis,153.116,-29.55
Arrhamphus sclerolepis,152.25,-33.75
Arrhamphus sclerolepis,151.75,-34.25
Arrhamphus sclerolepis,152.60667,-27.415
Arrhamphus sclerolepis,152.55,-27.333333
Arrhamphus sclerolepis,153.75,-29.75
Arrhamphus sclerolepis,151.25,-33.25
Arrhamphus sclerolepis,151.266,-33.85
Arrhamphus sclerolepis,152.75,-33.25
Arrhamphus sclerolepis,152.25,-32.75
Arrhamphus sclerolepis,153.383333,-27.766667
Arrhamphus sclerolepis,150.75,-34.25
Arrhamphus sclerolepis,154.25,-28.75
Arrhamphus sclerolepis,153.25,-29.25
Arrhamphus sclerolepis,151.25,-33.85
Arrhamphus sclerolepis,153.25,-30.75
Arrhamphus sclerolepis,153.05,-27.28333
Arrhamphus sclerolepis,118.6,-20.29
Arrhamphus sclerolepis,152.983,-30.92332
Arrhamphus sclerolepis,153.25,-27.25
Arrhamphus sclerolepis,153.25,-32.25
Arrhamphus sclerolepis,152.75,-32.25
Arrhamphus sclerolepis,153.25,-31.75
Arrhamphus sclerolepis,153.01773,-27.46507
Arrhamphus sclerolepis,153,-27
Arrhamphus sclerolepis,153.1333,-26.8
Arrhamphus sclerolepis,152.60111,-27.34833
Arrhamphus sclerolepis,153.25,-28.75
Arrhamphus sclerolepis,150.75,-36.25
Arrhamphus sclerolepis,153.75,-28.25
Arrhamphus sclerolepis,153.25,-29.75
Arrhamphus sclerolepis,150.25,-35.25
Arrhamphus sclerolepis,153.1333,-26.8166
Arrhamphus sclerolepis,151.75,-33.25
Arrhamphus sclerolepis,150.75,-34.75
Arrhamphus sclerolepis,152.59135,-27.46507
Arrhamphus sclerolepis,118.583,-20.3
Arrhamphus sclerolepis,122.23333,-17.96667
Arrhamphus sclerolepis,153.38333,-27.76667
Arrhamphus sclerolepis,154.25,-28.25
Arrhamphus sclerolepis,153.13333,-26.8
Arrhamphus sclerolepis,152.90106,-27.48173
Arrhamphus sclerolepis,152.6,-27.36666
Arrhamphus sclerolepis,151.75,-33.75
Arrhamphus sclerolepis,153.25,-30.25
Arrhamphus sclerolepis,152.79967,-27.54423
Arrhamphus sclerolepis,152.55944,-27.265
Arrhamphus sclerolepis,149.75,-37.75
Arrhamphus sclerolepis,153.29699,-28.89216
Arrhamphus sclerolepis,152.66912,-27.44423
Arrhamphus sclerolepis,115.0225,-21.68722
Arrhamphus sclerolepis,152.6,-27.366667
Arrhamphus sclerolepis,153.083333,-27.333333
Arrhamphus sclerolepis,153.08333,-27.33333
Arrhamphus sclerolepis,115.11667,-21.63333
Arrhamphus sclerolepis,152.3094,-26.89513
Arrhamphus sclerolepis,115.02138,-21.6875
Arrhamphus sclerolepis,153.233,-29.333
Arrhamphus sclerolepis,118.56667,-20.28333
Arrhamphus sclerolepis,152.5554,-27.2246
Arrhamphus sclerolepis,118.583,-20.333
