species,decimalLongitude,decimalLatitude
Arripis truttaceus,137.75,-32.75
Arripis truttaceus,146.698,-38.6125
Arripis truttaceus,138.25,-34.25
Arripis truttaceus,144.668,-38.2672
Arripis truttaceus,138.25,-33.25
Arripis truttaceus,145.28,-38.28
Arripis truttaceus,138.88,-35.57
Arripis truttaceus,147.3,-42.9
Arripis truttaceus,145.227,-38.2917
Arripis truttaceus,147.772,-37.9044
Arripis truttaceus,138.1561,-35.6564
Arripis truttaceus,147.686,-37.8833
Arripis truttaceus,137.75,-35.25
Arripis truttaceus,115.68082,-32.733
Arripis truttaceus,144.88,-37.83
Arripis truttaceus,144.93,-37.87
Arripis truttaceus,131,-33
Arripis truttaceus,144.93,-37.85
Arripis truttaceus,147.487,-38.0692
Arripis truttaceus,134.25,-32.25
Arripis truttaceus,150.78833,-34.90777
Arripis truttaceus,147.28,-42.82
Arripis truttaceus,144.693,-38.1203
Arripis truttaceus,141.847,-38.26
Arripis truttaceus,137.87,-33.22
Arripis truttaceus,144.88,-38.1
Arripis truttaceus,138.78,-35.5
Arripis truttaceus,137.25,-33.75
Arripis truttaceus,144.718,-38.1761
Arripis truttaceus,113.466181,-24.05239
Arripis truttaceus,115.65543,-32.66577
Arripis truttaceus,137.92,-35.17
Arripis truttaceus,147.74,-42.84
Arripis truttaceus,138.6,-35.6
Arripis truttaceus,115.71923,-32.54573
Arripis truttaceus,137.75,-34.25
Arripis truttaceus,122,-33.71667
Arripis truttaceus,144.398,-38.075
Arripis truttaceus,138.5,-34.8333
Arripis truttaceus,136.3,-35.1
Arripis truttaceus,135.75,-34.75
Arripis truttaceus,139.80848,-37.1702
Arripis truttaceus,137.25,-34.75
Arripis truttaceus,139.75,-37.17
Arripis truttaceus,115.733,-32.05
Arripis truttaceus,115.6968,-32.75065
Arripis truttaceus,149.93,-37.1
Arripis truttaceus,140.25,-38.75
Arripis truttaceus,147.67,-37.95
Arripis truttaceus,140.25,-38.25
Arripis truttaceus,144.800003052,-37.9169998169
Arripis truttaceus,136.75,-34.75
Arripis truttaceus,137.75,-34.75
Arripis truttaceus,137.749,-35.0853
Arripis truttaceus,138.95,-35.566
Arripis truttaceus,138.93,-35.55
Arripis truttaceus,144.719,-38.1828
Arripis truttaceus,147.791,-37.85
Arripis truttaceus,144.777,-38.3597
Arripis truttaceus,138.25,-35.75
Arripis truttaceus,137.729,-35.0466
Arripis truttaceus,139.77613,-37.16618
Arripis truttaceus,144.798,-38.3573
Arripis truttaceus,141.6,-38.35
Arripis truttaceus,115.01337,-33.50904
Arripis truttaceus,136.25,-34.25
Arripis truttaceus,144.495,-38.2822
Arripis truttaceus,139.77887,-37.16757
Arripis truttaceus,137.75,-35.75
Arripis truttaceus,137.75,-33.25
Arripis truttaceus,147.91017,-42.5785
Arripis truttaceus,144.37,-38.12
Arripis truttaceus,139.80442,-37.17086
Arripis truttaceus,145.085,-38.0114
Arripis truttaceus,138.75,-34.75
Arripis truttaceus,136.75,-35.25
Arripis truttaceus,133.75,-32.75
Arripis truttaceus,145.233001709,-38.466999054
Arripis truttaceus,133.25,-32.25
Arripis truttaceus,147.725,-43.125
Arripis truttaceus,139.17,-35.7
Arripis truttaceus,147.816,-37.9164
Arripis truttaceus,137.25,-33.25
Arripis truttaceus,133.75,-32.25
Arripis truttaceus,147.72499,-43.12499
Arripis truttaceus,137.733,-35
Arripis truttaceus,145.233,-38.467
Arripis truttaceus,147.09,-43.21
Arripis truttaceus,146.47,-39.03
Arripis truttaceus,147.927,-37.7619
Arripis truttaceus,134.25,-32.75
Arripis truttaceus,141.62,-38.32
Arripis truttaceus,139.7762,-37.16616
Arripis truttaceus,137.25,-34.25
Arripis truttaceus,139.77615,-37.16617
Arripis truttaceus,143.464,-38.8056
Arripis truttaceus,133.666,-32.133
Arripis truttaceus,138.25,-35.25
Arripis truttaceus,138.25,-34.75
Arripis truttaceus,141.63,-38.33
Arripis truttaceus,144.763,-38.275
Arripis truttaceus,139.1667,-35.7
Arripis truttaceus,140.75,-38.25
Arripis truttaceus,144.912,-37.8433
Arripis truttaceus,140.75,-38.75
Arripis truttaceus,139.80904,-37.16983
Arripis truttaceus,115.46732,-31.98968
Arripis truttaceus,139.80903,-37.16989
Arripis truttaceus,133.25,-32.75
Arripis truttaceus,141.6,-38.33
Arripis truttaceus,147.91016,-42.57849
Arripis truttaceus,147.33,-42.9
Arripis truttaceus,115.0033,-33.5132
Arripis truttaceus,136.25,-34.75
Arripis truttaceus,137.25,-35.25
Arripis truttaceus,121.81898,-33.9219
Arripis truttaceus,137.75,-33.75
Arripis truttaceus,139.80456,-37.17081
Arripis truttaceus,114.9954,-33.533
Arripis truttaceus,137.63,-35.65
Arripis truttaceus,135.25,-34.75
Arripis truttaceus,115.73333,-32.05
Arripis truttaceus,115.46127,-31.97365
Arripis truttaceus,139.80449,-37.17084
Arripis truttaceus,137.63,-35.9778
Arripis truttaceus,144.8,-37.917
Arripis truttaceus,139.80448,-37.17085
Arripis truttaceus,133.4608,-32.1722
