species,decimalLongitude,decimalLatitude
Arripis georgiana,124.131,-33.85017
Arripis georgiana,145.22,-38.35
Arripis georgiana,141.666667,-38.333333
Arripis georgiana,138.766,-34.933
Arripis georgiana,119.433,-34.4
Arripis georgiana,115.75058,-32.5925
Arripis georgiana,144.75,-37.75
Arripis georgiana,122.58507,-33.9279
Arripis georgiana,142.8846,-38.5977
Arripis georgiana,146.75,-38.75
Arripis georgiana,115.68557,-32.68587
Arripis georgiana,144.5,-38.2767
Arripis georgiana,136.25,-34.25
Arripis georgiana,119.43333,-34.4
Arripis georgiana,145.75,-38.25
Arripis georgiana,115.666666667,-32.25
Arripis georgiana,138.25,-34.25
Arripis georgiana,115.7113,-32.5281
Arripis georgiana,137.92,-35.17
Arripis georgiana,138.48,-34.83
Arripis georgiana,139.17,-35.7
Arripis georgiana,145.233001709,-38.466999054
Arripis georgiana,115.85861,-31.95194
Arripis georgiana,138.6,-34.933
Arripis georgiana,115.733,-32.05
Arripis georgiana,151.266,-33.85
Arripis georgiana,137.54491,-33.34583
Arripis georgiana,144.668,-38.2672
Arripis georgiana,137.75,-35.75
Arripis georgiana,146.25,-38.75
Arripis georgiana,133.291,-32.55222
Arripis georgiana,144.93,-37.85
Arripis georgiana,113.466181,-24.05239
Arripis georgiana,152.983,-30.716
Arripis georgiana,141.608,-38.349
Arripis georgiana,142.5,-38.33
Arripis georgiana,145.25,-38.25
Arripis georgiana,137.25,-34.75
Arripis georgiana,149.93,-37.1
Arripis georgiana,115.71923,-32.54573
Arripis georgiana,145.2333333,-42.13333333
Arripis georgiana,115.75772,-32.57463
Arripis georgiana,147.745,-37.9581
Arripis georgiana,114.6,-28.76667
Arripis georgiana,137.75,-32.75
Arripis georgiana,136.214388,-34.818586
Arripis georgiana,147.999,-37.8783
Arripis georgiana,117.333333,-35
Arripis georgiana,144.27,-38.27
Arripis georgiana,138.48,-34.78
Arripis georgiana,136.25,-34.75
Arripis georgiana,144.38583,-38.1125
Arripis georgiana,133.4614,-32.1714
Arripis georgiana,135.75,-34.75
Arripis georgiana,134.25,-32.75
Arripis georgiana,150.25,-35.733
Arripis georgiana,146.83332,-41.2
Arripis georgiana,144.93,-37.87
Arripis georgiana,117.36667,-35
Arripis georgiana,138.5,-35.83
Arripis georgiana,144.933,-37.833
Arripis georgiana,115.69057,-32.62805
Arripis georgiana,115.6885,-32.57732
Arripis georgiana,115.64293,-32.6271
Arripis georgiana,117.833,-35.05
Arripis georgiana,144.656,-38.304
Arripis georgiana,137.75,-34.75
Arripis georgiana,144.763,-38.275
Arripis georgiana,137.58,-33.5
Arripis georgiana,133.666,-32.133
Arripis georgiana,136.75,-34.25
Arripis georgiana,115.8,-32.01667
Arripis georgiana,136.47,-35.15
Arripis georgiana,115.66667,-32.25
Arripis georgiana,144.719,-38.1828
Arripis georgiana,135.25,-34.25
Arripis georgiana,147.78,-42.98
Arripis georgiana,136.916,-33.683
Arripis georgiana,133.75,-32.75
Arripis georgiana,149.966,-37.466
Arripis georgiana,115.66667,-32.2
Arripis georgiana,116.45,-34.93333
Arripis georgiana,137.75,-33.75
Arripis georgiana,146.4663,-39.0423
Arripis georgiana,145.387,-38.4067
Arripis georgiana,136.1,-34.366
Arripis georgiana,115.31667,-31.01667
Arripis georgiana,144.8,-37.917
Arripis georgiana,145.422,-38.4083
Arripis georgiana,137.75,-33.25
Arripis georgiana,149.9666667,-37.4666667
Arripis georgiana,136.75,-35.25
Arripis georgiana,137.25,-34.25
Arripis georgiana,115.066,-33.566
Arripis georgiana,117.33333,-35
Arripis georgiana,147.72,-37.98
Arripis georgiana,144.633,-40.933
Arripis georgiana,138.25,-33.25
Arripis georgiana,138.4847,-34.7592
Arripis georgiana,138.6,-35.6
Arripis georgiana,144.42,-38.13
Arripis georgiana,138.25,-34.75
Arripis georgiana,137.7494,-35.0847
Arripis georgiana,150.766,-35.016
Arripis georgiana,146.75,-41.08332
Arripis georgiana,136.120833,-35.341667
Arripis georgiana,145.015,-38.2644
Arripis georgiana,138,-35
Arripis georgiana,137.25,-33.75
Arripis georgiana,134.75,-33.25
Arripis georgiana,133.30471,-32.49106
Arripis georgiana,121.15,-33.81667
Arripis georgiana,146.8,-41.06665
Arripis georgiana,144.75,-38.25
Arripis georgiana,144.717,-38.317
Arripis georgiana,122.23333,-34
Arripis georgiana,134.25,-32.25
Arripis georgiana,137.1583,-35.8278
Arripis georgiana,123.22015,-34.0025
Arripis georgiana,133.75,-32.25
Arripis georgiana,144.800003052,-37.9169998169
Arripis georgiana,117.43333,-34.96667
Arripis georgiana,145.244484,-38.507611
Arripis georgiana,145.25,-38.75
Arripis georgiana,122.09945,-33.94747
Arripis georgiana,145.05,-38.43
Arripis georgiana,119.38333,-34.38333
Arripis georgiana,137.35,-34.93
Arripis georgiana,118.2,-34.78333
Arripis georgiana,133.2934,-32.55291
Arripis georgiana,145.232,-38.3881
Arripis georgiana,142.22,-38.28
Arripis georgiana,150.35,-36.05
Arripis georgiana,137.77,-35.12
Arripis georgiana,144.25,-38.25
Arripis georgiana,115.31667,-31
Arripis georgiana,149.9,-37.5
Arripis georgiana,138.53,-34.8
Arripis georgiana,145.233333333,-42.1333333333
Arripis georgiana,138.75,-34.75
Arripis georgiana,146.81666,-41.16666
Arripis georgiana,137.75,-34.25
Arripis georgiana,149.9,-37.05
Arripis georgiana,137.87,-33.22
Arripis georgiana,137.25,-35.25
Arripis georgiana,145.270441,-38.363083
Arripis georgiana,133.25,-32.25
Arripis georgiana,115.75,-32.033
Arripis georgiana,137.25,-33.25
Arripis georgiana,142.25,-38.25
Arripis georgiana,136.22,-34.58
Arripis georgiana,137.75,-35.25
Arripis georgiana,115.666664124,-32.25
Arripis georgiana,136.75,-34.75
Arripis georgiana,145.25,-37.75
Arripis georgiana,138.600006104,-34.9329986572
Arripis georgiana,121.8785,-33.9158
Arripis georgiana,146.81666,-41.11666
Arripis georgiana,135.25,-34.75
Arripis georgiana,114.86134,-34.11535
Arripis georgiana,146.775,-41.15832
Arripis georgiana,137.63,-34.75
Arripis georgiana,115.6666667,-32.25
Arripis georgiana,117.949996948,-35.016998291
Arripis georgiana,136.92,-34.5
Arripis georgiana,138.5,-34.85
Arripis georgiana,115.73333,-32.13333
Arripis georgiana,122.59563,-33.93661
Arripis georgiana,137.9286,-34.9719
Arripis georgiana,145.233337402,-42.1333351135
Arripis georgiana,138.466,-35.2
Arripis georgiana,145.791,-38.6392
Arripis georgiana,115,-34
Arripis georgiana,136.0723,-35.23137
Arripis georgiana,117.95,-35.017
Arripis georgiana,135.8978,-34.6167
Arripis georgiana,137.92861,-34.97193
Arripis georgiana,137.46190000000001,-38.8039
Arripis georgiana,144.934202,-37.855693
Arripis georgiana,144.90667,-37.9315
Arripis georgiana,137.265,-33.79
Arripis georgiana,144.63333,-40.93333
Arripis georgiana,144.88,-38.1
Arripis georgiana,144.655,-38.275
Arripis georgiana,122.59153,-33.91413
Arripis georgiana,141.66666,-38.33333
Arripis georgiana,144.74733,-38.169
Arripis georgiana,115.06667,-33.55
Arripis georgiana,123.15962,-33.97962
Arripis georgiana,118.2,-34.95
Arripis georgiana,115.502,-32.0214
Arripis georgiana,144.801,-38.307
Arripis georgiana,145.233,-38.467
Arripis georgiana,115.28743,-31.3701
