species,decimalLongitude,decimalLatitude
Aseraggodes kobensis,138.4933333,34.92333333
Aseraggodes kobensis,136.7543,34.2823
Aseraggodes kobensis,130.574996948,31.4861106873
Aseraggodes kobensis,120.44,24.82
Aseraggodes kobensis,139.681559,35.345584
Aseraggodes kobensis,130.316667,31.5
Aseraggodes kobensis,120.35,24.76
Aseraggodes kobensis,130.630333,31.468833
Aseraggodes kobensis,138.308334351,34.6791687012
Aseraggodes kobensis,114.277778,22.468056
Aseraggodes kobensis,121.89,24.88
Aseraggodes kobensis,107.083333,20.916667
Aseraggodes kobensis,129.869475,32.75465
Aseraggodes kobensis,-133,-32.533333
Aseraggodes kobensis,-133.186944,-33.061944
Aseraggodes kobensis,121.99,24.83
Aseraggodes kobensis,-133.196944,-33.0725
Aseraggodes kobensis,129.9583333,32.66
Aseraggodes kobensis,120.17,22.29
Aseraggodes kobensis,130.75,31.6669998169
Aseraggodes kobensis,120.39,24.83
Aseraggodes kobensis,129.916667,32.7
Aseraggodes kobensis,120.43911,22.46675
Aseraggodes kobensis,133.5,33.5
Aseraggodes kobensis,122.583333,10.683333
Aseraggodes kobensis,121.919998169,24.9099998474
Aseraggodes kobensis,121.97,24.79
Aseraggodes kobensis,-132.56,-32.46
Aseraggodes kobensis,133.64,33.31833333
Aseraggodes kobensis,-133.13,-33.283333
Aseraggodes kobensis,126.3689917,37.54739722
Aseraggodes kobensis,133.666672,33.333332
Aseraggodes kobensis,138.4616667,34.90666667
Aseraggodes kobensis,128.8578833,34.98773333
Aseraggodes kobensis,130.6205,31.628167
Aseraggodes kobensis,133.5583333,33.43166667
Aseraggodes kobensis,139.6833333,35.39305556
Aseraggodes kobensis,133.5366667,33.45166667
Aseraggodes kobensis,119.559997559,23.5699996948
Aseraggodes kobensis,139.7072222,35.42583333
Aseraggodes kobensis,133.228611,33.049722
Aseraggodes kobensis,129.9897222,32.63333333
Aseraggodes kobensis,138.46166666666664,34.906666666666666
Aseraggodes kobensis,129.9897222222222,32.63333333333333
Aseraggodes kobensis,130.591667,31.472222
Aseraggodes kobensis,131.2911111,30.34166667
Aseraggodes kobensis,114.283333,22.466667
Aseraggodes kobensis,122.029998779,24.7800006866
Aseraggodes kobensis,129.8672222,32.565
Aseraggodes kobensis,120.35,22.31
Aseraggodes kobensis,133.60833333333332,33.35666666666667
Aseraggodes kobensis,121.589996338,24.5400009155
Aseraggodes kobensis,133.566667,33.483333
Aseraggodes kobensis,133.55833333333334,33.431666666666665
Aseraggodes kobensis,116.116667,6
Aseraggodes kobensis,121.902611,24.941833
Aseraggodes kobensis,121.63999939,15.8900003433
Aseraggodes kobensis,121.87,24.91
Aseraggodes kobensis,139.728546,35.382682
Aseraggodes kobensis,138.4933333333333,34.92333333333333
Aseraggodes kobensis,129.95833333333331,32.66
Aseraggodes kobensis,120.410003662,24.8199996948
Aseraggodes kobensis,124.649514,11.404367
Aseraggodes kobensis,133.1,33.081391000000004
Aseraggodes kobensis,120.166666666667,22.25
Aseraggodes kobensis,120.430000305,22.4699993134
Aseraggodes kobensis,129.9619444,32.65666667
Aseraggodes kobensis,121.910003662,25.0499992371
Aseraggodes kobensis,133.64,33.318333333333335
Aseraggodes kobensis,-159.7333333,22.1333333
Aseraggodes kobensis,129.86722222222224,32.565
Aseraggodes kobensis,133.53666666666666,33.45166666666667
Aseraggodes kobensis,139.68999,35.359449
Aseraggodes kobensis,121.930000305,24.9500007629
Aseraggodes kobensis,120.411167,13.8105
Aseraggodes kobensis,114.175,22.45833333
Aseraggodes kobensis,128.6666667,35.03333333
Aseraggodes kobensis,133.6083333,33.35666667
Aseraggodes kobensis,122.083333333333,25.5833333333333
Aseraggodes kobensis,128.41473,27.04818
Aseraggodes kobensis,134.963882446,34.1041679382
Aseraggodes kobensis,131.29111111111112,30.341666666666665
Aseraggodes kobensis,120.04,22.86
Aseraggodes kobensis,121.93,25.18
Aseraggodes kobensis,129.96194444444444,32.656666666666666
Aseraggodes kobensis,130.75,31.667
Aseraggodes kobensis,120.2,22.32
