species,decimalLongitude,decimalLatitude
Aspasmogaster costata,150.166,-36
Aspasmogaster costata,151.2521,-33.82625
Aspasmogaster costata,149.966,-37.466
Aspasmogaster costata,153.383,-29.933
Aspasmogaster costata,151.316,-33.75
Aspasmogaster costata,151.3,-33.75
Aspasmogaster costata,153.26667,-30.01667
Aspasmogaster costata,149.98316,-36.74833
Aspasmogaster costata,153.3,-29.833
Aspasmogaster costata,151.24049,-33.862
Aspasmogaster costata,150.866,-34.583
Aspasmogaster costata,150.01764,-36.66872
Aspasmogaster costata,153.25,-29.833
Aspasmogaster costata,151.23721,-33.8436
Aspasmogaster costata,151.316,-33.733
Aspasmogaster costata,151.25,-33.833
Aspasmogaster costata,150.9,-34.6
Aspasmogaster costata,151.27582,-33.83633
Aspasmogaster costata,151.333,-33.916
Aspasmogaster costata,150.883,-34.433
Aspasmogaster costata,150.15,-35.95
Aspasmogaster costata,151.266,-33.95
Aspasmogaster costata,149.98663,-36.6671
Aspasmogaster costata,151.28132,-33.84566
Aspasmogaster costata,151.24859,-33.85341
Aspasmogaster costata,151.266,-33.85
Aspasmogaster costata,151.38441,-33.53716
Aspasmogaster costata,150.88054,-34.54666
Aspasmogaster costata,150.90611,-34.59285
Aspasmogaster costata,153.17999,-30.233
Aspasmogaster costata,151.25,-33.866
Aspasmogaster costata,153.333,-29.833
Aspasmogaster costata,150.89888,-34.60238
Aspasmogaster costata,151.266,-33.933
Aspasmogaster costata,151.166,-33.833
Aspasmogaster costata,153.61667,-28.63333
Aspasmogaster costata,152.55383,-32.05466
Aspasmogaster costata,151.25,-33.966
Aspasmogaster costata,150.23,-36.25
Aspasmogaster costata,151.3,-33.733
Aspasmogaster costata,145.133,-38.433
Aspasmogaster costata,151.27132,-33.84716
Aspasmogaster costata,153.133,-30.483
Aspasmogaster costata,151.31696,-33.55527
Aspasmogaster costata,153.30111,-29.765
Aspasmogaster costata,151.27756,-33.84603
Aspasmogaster costata,151.36999,-33.54166
Aspasmogaster costata,151.119,-34.0708
Aspasmogaster costata,152.24549,-32.70316
Aspasmogaster costata,151.283,-33.766
Aspasmogaster costata,150.76667,-35.11667
Aspasmogaster costata,151.266,-33.833
Aspasmogaster costata,150.53577,-35.2442
Aspasmogaster costata,150.483,-35.35
Aspasmogaster costata,150.5361,-35.24444
Aspasmogaster costata,153.36383,-29.47882
Aspasmogaster costata,151.25666,-33.83983
Aspasmogaster costata,153.35,-29.53333
