species,decimalLongitude,decimalLatitude
Aspidontus taeniatus,150.779,-35.0316
Aspidontus taeniatus,152.5,-32.166
Aspidontus taeniatus,151.266,-33.8
Aspidontus taeniatus,105.58333,-10.46667
Aspidontus taeniatus,151.233,-33.85
Aspidontus taeniatus,118.983,-17.533
Aspidontus taeniatus,115.57367,-20.37763
Aspidontus taeniatus,113.638598575259,-25.9522459340334
Aspidontus taeniatus,118.983,-17.583
Aspidontus taeniatus,119.61667,-17.1
Aspidontus taeniatus,113.15,-26.13333
Aspidontus taeniatus,114.33333,-21.66667
Aspidontus taeniatus,113.8318,-22.2405
Aspidontus taeniatus,152.533,-32.433
Aspidontus taeniatus,114.68278,-30.28877
Aspidontus taeniatus,113.95,-21.91667
