species,decimalLongitude,decimalLatitude
Aspidontus dussumieri,153,-28
Aspidontus dussumieri,115.06667,-30.63333
Aspidontus dussumieri,153.266,-30.2
Aspidontus dussumieri,114.174572,-21.8295877
Aspidontus dussumieri,113.88712,-22.09535
Aspidontus dussumieri,113.966,-21.933
Aspidontus dussumieri,113.94532745,-21.96216403
Aspidontus dussumieri,113.88921,-22.09176
Aspidontus dussumieri,151.283,-33.916
Aspidontus dussumieri,152.5,-32.183
Aspidontus dussumieri,114.71112,-21.56118
Aspidontus dussumieri,113.87730417,-22.13186648
Aspidontus dussumieri,113.8318,-22.2405
Aspidontus dussumieri,115.41182,-20.212
Aspidontus dussumieri,113.88878,-22.09207
Aspidontus dussumieri,113.82999,-22.24081
Aspidontus dussumieri,113.82935,-22.24358
Aspidontus dussumieri,114.28333,-21.7
Aspidontus dussumieri,115.14058,-31.49103
Aspidontus dussumieri,113.88789,-22.09267
Aspidontus dussumieri,113.88736,-22.0958
Aspidontus dussumieri,153.26667,-30.01667
Aspidontus dussumieri,114.7276,-21.55268
Aspidontus dussumieri,151.333,-33.833
