species,decimalLongitude,decimalLatitude
Asterropteryx semipunctata,114,-28.88333
Asterropteryx semipunctata,113.94532745,-21.96216403
Asterropteryx semipunctata,153.5505,-28.53749
Asterropteryx semipunctata,113.65,-22.55
Asterropteryx semipunctata,113.77,-28.48
Asterropteryx semipunctata,114.174572,-21.8295877
Asterropteryx semipunctata,115.533,-20.4
Asterropteryx semipunctata,113.91667,-28.9
Asterropteryx semipunctata,113.87730417,-22.13186648
Asterropteryx semipunctata,115.51666,-20.46667
Asterropteryx semipunctata,116.61667,-20.46667
Asterropteryx semipunctata,119.33333,-17.3
Asterropteryx semipunctata,151.266,-33.833
Asterropteryx semipunctata,116.52528,-20.58889
Asterropteryx semipunctata,119.61667,-17.1
Asterropteryx semipunctata,113.73333,-28.5
Asterropteryx semipunctata,153.3333333,-29.76666667
Asterropteryx semipunctata,153.25,-29.833
Asterropteryx semipunctata,115.53694,-20.47583
Asterropteryx semipunctata,153.333,-30.333
Asterropteryx semipunctata,119.35,-17.3
Asterropteryx semipunctata,114.33333,-21.66667
Asterropteryx semipunctata,113.78333,-28.46667
Asterropteryx semipunctata,116.85,-20.41667
Asterropteryx semipunctata,153.15,-30.3
Asterropteryx semipunctata,153.333333333,-29.7666666667
Asterropteryx semipunctata,116.53611,-20.61666
Asterropteryx semipunctata,153.416,-27.966
Asterropteryx semipunctata,153.3555,-29.41749
Asterropteryx semipunctata,153.333328247,-29.7666664124
Asterropteryx semipunctata,113.91667,-28.91667
Asterropteryx semipunctata,113.83941818,-22.23723118
Asterropteryx semipunctata,113.93333,-21.96667
Asterropteryx semipunctata,113.76667,-28.48333
Asterropteryx semipunctata,116.81667,-20.43333
Asterropteryx semipunctata,116.6,-20.46667
Asterropteryx semipunctata,116.67277,-20.525
Asterropteryx semipunctata,114.15,-21.866
