species,decimalLongitude,decimalLatitude
Asterropteryx ensifera,129.265,28.12833333
Asterropteryx ensifera,-149.875839233,-17.4874992371
Asterropteryx ensifera,177.713067,-17.372017
Asterropteryx ensifera,178,-17.2000007629
Asterropteryx ensifera,134.70022,8.07469
Asterropteryx ensifera,120.946617,13.527365
Asterropteryx ensifera,-179.670833,-16.45555
Asterropteryx ensifera,167.005555556,-22.3333333333
Asterropteryx ensifera,133.48333,-4.11667
Asterropteryx ensifera,178.386944444,-18.1413888889
Asterropteryx ensifera,43.299999,-11.375
Asterropteryx ensifera,-149.816666667,-17.5166666667
Asterropteryx ensifera,166.805557251,-22.7083339691
Asterropteryx ensifera,178.280117,-16.829983
Asterropteryx ensifera,162.875,-8.39999961853
Asterropteryx ensifera,-149.800003052,-17.4899997711
Asterropteryx ensifera,179.756393433,-19.1605567932
Asterropteryx ensifera,93.06667,12.23333
Asterropteryx ensifera,121.002222,6.052222
Asterropteryx ensifera,121.098567,13.539383
Asterropteryx ensifera,119.976533,8.906417
Asterropteryx ensifera,43.71583,-12.3894
Asterropteryx ensifera,145.53666,-14.63666
Asterropteryx ensifera,120.846,13.6725
Asterropteryx ensifera,123.683,24.3
Asterropteryx ensifera,-174.044,-18.7147
Asterropteryx ensifera,-179.03945,-17.1631
Asterropteryx ensifera,43.6624984741,-12.3611106873
Asterropteryx ensifera,122.967,-12.233
Asterropteryx ensifera,178.421,-18.170333
Asterropteryx ensifera,178.670283,-17.57685
Asterropteryx ensifera,121.097483,13.54555
Asterropteryx ensifera,145.899993896,-16.1499996185
Asterropteryx ensifera,152.36667,-21.58333
Asterropteryx ensifera,159.815351,-9.335536
Asterropteryx ensifera,-176.13,-13.2917
Asterropteryx ensifera,178.215533,-17.2784
Asterropteryx ensifera,-176.137,-13.2694
Asterropteryx ensifera,44.3175,-12.18583333
Asterropteryx ensifera,178.520553589,-18.1863880157
Asterropteryx ensifera,98.27111,7.92083
Asterropteryx ensifera,44.4,-12.1583333333
Asterropteryx ensifera,121.056133,13.54715
Asterropteryx ensifera,177.814917,-17.3329
Asterropteryx ensifera,-149.816665649,-17.5166664124
Asterropteryx ensifera,-142.433333,-16
Asterropteryx ensifera,178.047517,-17.218967
Asterropteryx ensifera,179.9103,-16.759633
Asterropteryx ensifera,178.369,-18.145
Asterropteryx ensifera,130.231201172,-0.402222007513
Asterropteryx ensifera,178.399667,-18.158667
Asterropteryx ensifera,-149.8758333,-17.4875
Asterropteryx ensifera,178.360333,-18.150533
Asterropteryx ensifera,119.780952,5.019249
Asterropteryx ensifera,178.9527,-17.44255
Asterropteryx ensifera,-174.65,-20.016
Asterropteryx ensifera,45.2249984741,-12.7433328629
Asterropteryx ensifera,134.471466064,7.26447200775
Asterropteryx ensifera,166.8055556,-22.70833333
Asterropteryx ensifera,122.983,-12.233
Asterropteryx ensifera,43.6666666667,-12.3541666667
Asterropteryx ensifera,152.35,-21.883333
Asterropteryx ensifera,120.833,13.583
Asterropteryx ensifera,178.399333,-18.159833
Asterropteryx ensifera,121.016666667,13.7666666667
Asterropteryx ensifera,-179.001583,-17.186867
Asterropteryx ensifera,143.95,-13.06666667
Asterropteryx ensifera,178.370632,-18.13747
Asterropteryx ensifera,118,5
Asterropteryx ensifera,178.382333,-18.159833
Asterropteryx ensifera,178.520555556,-18.1863888889
Asterropteryx ensifera,178.507777778,-18.775
Asterropteryx ensifera,143.949996948,-13.0666666031
Asterropteryx ensifera,166.81388855,-22.7111110687
Asterropteryx ensifera,178.2729,-17.333433
Asterropteryx ensifera,132.533828735,7.44168996811
Asterropteryx ensifera,-179.168083,-17.424333
Asterropteryx ensifera,145.9,-16.15
Asterropteryx ensifera,-142.433333,-16.016667
Asterropteryx ensifera,177.300003052,-17.7000007629
Asterropteryx ensifera,120.98825,13.516033
Asterropteryx ensifera,178.366467,-18.147267
Asterropteryx ensifera,178.512496948,-18.7383327484
Asterropteryx ensifera,178.5325,-18.7772222222
Asterropteryx ensifera,145.833,-15.816
Asterropteryx ensifera,145.53599,-14.63599
Asterropteryx ensifera,134.70022583,8.07468986511
Asterropteryx ensifera,130.231194,-0.402222
Asterropteryx ensifera,178.5077778,-18.775
Asterropteryx ensifera,120.255,11.8178
Asterropteryx ensifera,44.3175,-12.1858333333
Asterropteryx ensifera,129.26333333333332,28.188333333333333
Asterropteryx ensifera,129.265,28.192222
Asterropteryx ensifera,129.265,28.128333333333334
Asterropteryx ensifera,120.841,13.6513
Asterropteryx ensifera,72.21583333,-5.354444444
Asterropteryx ensifera,129.2633333,28.18833333
Asterropteryx ensifera,178.520278931,-18.7574996948
Asterropteryx ensifera,-149.813333333,-17.4833333333
Asterropteryx ensifera,178.6455,-16.51195
Asterropteryx ensifera,132.53383,7.44169
Asterropteryx ensifera,123.410003662,8.85700035095
Asterropteryx ensifera,128.191665649,-3.65000009537
Asterropteryx ensifera,-176.130004883,-13.2916669846
Asterropteryx ensifera,122.699996948,-4.5
Asterropteryx ensifera,123.916656494,9.48888874054
Asterropteryx ensifera,178.5225,-18.75527778
Asterropteryx ensifera,178.507781982,-18.7749996185
Asterropteryx ensifera,124.075,24.41833333
Asterropteryx ensifera,178.755567,-17.741283
Asterropteryx ensifera,152.399993896,-4.19999980927
Asterropteryx ensifera,157.25,-8.3
Asterropteryx ensifera,179.037983,-16.285733
Asterropteryx ensifera,178.5241667,-18.185
Asterropteryx ensifera,-145.18999,-14.58833
Asterropteryx ensifera,72.2158355713,-5.35444450378
Asterropteryx ensifera,145.547,-14.6414
Asterropteryx ensifera,178.5202778,-18.7575
Asterropteryx ensifera,121.0979,13.540383
Asterropteryx ensifera,-176.179168701,-13.3680562973
Asterropteryx ensifera,152.35,-21.88333
Asterropteryx ensifera,72.24833333,-5.314722222
Asterropteryx ensifera,-176.214,-13.3806
Asterropteryx ensifera,129.29,28.18833333
Asterropteryx ensifera,-175.133,-21.0403
Asterropteryx ensifera,178.327083,-16.831067
Asterropteryx ensifera,43.6666679382,-12.3541669846
Asterropteryx ensifera,143.95,-13.0666666667
Asterropteryx ensifera,99.1738891602,6.52888870239
Asterropteryx ensifera,123.41166687,8.8516664505
Asterropteryx ensifera,178.3869444,-18.14138889
Asterropteryx ensifera,120.85095,13.66992
Asterropteryx ensifera,167.733,8.96667
Asterropteryx ensifera,118.613327026,4.23888921738
Asterropteryx ensifera,120.046902,16.208245
Asterropteryx ensifera,167.005554199,-22.3333339691
Asterropteryx ensifera,178.5205556,-18.18638889
Asterropteryx ensifera,165.290838295057,-20.5800085674362
Asterropteryx ensifera,120.977417,13.507283
Asterropteryx ensifera,178,-19.1000003815
Asterropteryx ensifera,119.842,12.125
Asterropteryx ensifera,-174.043609619,-18.7147216797
Asterropteryx ensifera,-149.8133333,-17.48333333
Asterropteryx ensifera,178.5125,-18.73833333
Asterropteryx ensifera,-149.891,-17.4897
Asterropteryx ensifera,-176.136993408,-13.2694444656
Asterropteryx ensifera,178.311317,-16.80185
Asterropteryx ensifera,120.850694,13.670139
Asterropteryx ensifera,166.805555556,-22.7083333333
Asterropteryx ensifera,121.0166667,13.76666667
Asterropteryx ensifera,178.2375,-17.324367
Asterropteryx ensifera,-149.8,-17.49
Asterropteryx ensifera,43.66,-12.35833333
Asterropteryx ensifera,122.983,-12.25
Asterropteryx ensifera,129.2911111,28.16166667
Asterropteryx ensifera,166.8138889,-22.71111111
Asterropteryx ensifera,120.945556641,10.8783330917
Asterropteryx ensifera,45.167,-12.917
Asterropteryx ensifera,-149.8166667,-17.51666667
Asterropteryx ensifera,178.372433,-16.8177
Asterropteryx ensifera,158.468,-19.8917
Asterropteryx ensifera,122.624443054,-5.40833282471
Asterropteryx ensifera,123.447776794,9.17777824402
Asterropteryx ensifera,166.768005371,-22.6840000153
Asterropteryx ensifera,179.8995,-16.7275
Asterropteryx ensifera,167.0055556,-22.33333333
Asterropteryx ensifera,123.476,9.165361
Asterropteryx ensifera,120.333,12.5
Asterropteryx ensifera,178.970517,-16.948367
Asterropteryx ensifera,-176.179,-13.3681
Asterropteryx ensifera,-176.213882446,-13.3805561066
Asterropteryx ensifera,158.630004882812,-19.8999996185303
Asterropteryx ensifera,144.987503052,-1.50833296776
Asterropteryx ensifera,145.5,-14.683
Asterropteryx ensifera,119.866669,16.366667
Asterropteryx ensifera,-148.176,-15.006
Asterropteryx ensifera,-149.813339233,-17.4833335876
Asterropteryx ensifera,44.4000015259,-12.1583328247
Asterropteryx ensifera,45.07444444,-12.67305556
Asterropteryx ensifera,-154.626,-16.56
Asterropteryx ensifera,44.4,-12.15833333
Asterropteryx ensifera,178.5225,-18.7552777778
Asterropteryx ensifera,121.003890991,10.8533334732
Asterropteryx ensifera,134.471472222,7.26447222222
Asterropteryx ensifera,166.8,-11.683333
Asterropteryx ensifera,-175.133331299,-21.0402774811
Asterropteryx ensifera,98.2711105347,7.92082977295
Asterropteryx ensifera,72.2483333333,-5.31472222222
Asterropteryx ensifera,-175.160003662,-21.1116676331
Asterropteryx ensifera,44.3175010681,-12.1858329773
Asterropteryx ensifera,129.29,28.188333333333333
Asterropteryx ensifera,-174.422,-19.8353
Asterropteryx ensifera,178.524169922,-18.1849994659
Asterropteryx ensifera,130.49417,-0.67528
Asterropteryx ensifera,45.0744438171,-12.6730556488
Asterropteryx ensifera,166.813888889,-22.7111111111
Asterropteryx ensifera,179.08815,-16.239833
Asterropteryx ensifera,158.241767,6.991758
Asterropteryx ensifera,178.532501221,-18.7772216797
Asterropteryx ensifera,129.62916666666666,28.446666666666665
Asterropteryx ensifera,178.522506714,-18.7552776337
Asterropteryx ensifera,43.66666667,-12.35416667
Asterropteryx ensifera,120.97805,13.507433
Asterropteryx ensifera,178.421283,-18.173317
Asterropteryx ensifera,178.22775,-16.836475
Asterropteryx ensifera,178.524166667,-18.185
Asterropteryx ensifera,178.35285,-17.4907
Asterropteryx ensifera,45.0744444444,-12.6730555556
Asterropteryx ensifera,152.366667,-21.583333
Asterropteryx ensifera,178.525883,-16.83565
Asterropteryx ensifera,178.311317,-16.635183
Asterropteryx ensifera,43.662498,-12.361111
Asterropteryx ensifera,162.875,-8.39166736603
Asterropteryx ensifera,129.29111111111112,28.161666666666665
Asterropteryx ensifera,43.66,-12.3583333333
Asterropteryx ensifera,178.5125,-18.7383333333
Asterropteryx ensifera,43.6599998474,-12.3583335876
Asterropteryx ensifera,178.386947632,-18.1413879395
Asterropteryx ensifera,72.248336792,-5.31472206116
Asterropteryx ensifera,129.6291667,28.44666667
Asterropteryx ensifera,124.075,24.418333333333333
Asterropteryx ensifera,99.1738888889,6.52888888889
Asterropteryx ensifera,45.1669998169,-12.9169998169
Asterropteryx ensifera,134.4714722,7.264472222
Asterropteryx ensifera,166.768,-22.684
Asterropteryx ensifera,-174.421951294,-19.8352775574
Asterropteryx ensifera,178.5325,-18.77722222
Asterropteryx ensifera,106.599998474,-5.80000019073
Asterropteryx ensifera,120.84122,13.65133
Asterropteryx ensifera,122.099998474,-5.28888893127
Asterropteryx ensifera,120.047374,16.192965
Asterropteryx ensifera,99.17388889,6.528888889
Asterropteryx ensifera,-149.771,-17.535
Asterropteryx ensifera,-149.875833333,-17.4875
Asterropteryx ensifera,178.520277778,-18.7575
Asterropteryx ensifera,72.2158333333,-5.35444444444
Asterropteryx ensifera,43.7158317566,-12.3893995285
Asterropteryx ensifera,121.016670227,13.7666664124
