species,decimalLongitude,decimalLatitude
Astronesthes gemmifer,-16.862,49.862
Astronesthes gemmifer,-63.9000015259,31.7999992371
Astronesthes gemmifer,-12.003,56.333
Astronesthes gemmifer,-18.2083333333333,57.6
Astronesthes gemmifer,-63.7999992371,32
Astronesthes gemmifer,-64.0999984741,32.4000015259
Astronesthes gemmifer,-158.399993896,21.3999996185
Astronesthes gemmifer,-64.3000030518,31.8999996185
Astronesthes gemmifer,-64.6,32.2
Astronesthes gemmifer,-82.6907272339,27.4702758789
Astronesthes gemmifer,-23.9,10.7666666666667
Astronesthes gemmifer,-84.7157211304,26.7991352081
Astronesthes gemmifer,-53.2,44.41667
Astronesthes gemmifer,-27.137,47.872
Astronesthes gemmifer,-19.7000007629,4.59999990463
Astronesthes gemmifer,-72.3,35.0833
Astronesthes gemmifer,-96.0822906494,26.9641723633
Astronesthes gemmifer,-63.9000015259,32.0999984741
Astronesthes gemmifer,-97.0777359009,27.280796051
Astronesthes gemmifer,-29.5833333333333,9.516666666666667
Astronesthes gemmifer,-13.0583000183,44.2641506195
Astronesthes gemmifer,159.900344849,25.298333168
Astronesthes gemmifer,-94.1317977905,18.211057663
Astronesthes gemmifer,-16.8616666793823,49.8616666793823
Astronesthes gemmifer,-64,32.0999984741
Astronesthes gemmifer,-83.2079162598,27.3017368317
Astronesthes gemmifer,-21.5833333333333,20.2333333333333
Astronesthes gemmifer,-97.4438934326,22.4037761688
Astronesthes gemmifer,-63.6266994476,31.9207992554
Astronesthes gemmifer,-20.1,48.9833333333333
Astronesthes gemmifer,-97.6327133179,22.3360748291
Astronesthes gemmifer,-12.017,56.382
Astronesthes gemmifer,-82.928817749,23.0369167328
Astronesthes gemmifer,-92.0450134277,28.1369018555
Astronesthes gemmifer,0,28.0832996368
Astronesthes gemmifer,-39.4833333333333,33.0666666666667
Astronesthes gemmifer,-53.6333,41.533333
Astronesthes gemmifer,-158.300003052,21.2999992371
Astronesthes gemmifer,-27.1366996765,-47.8717002869
Astronesthes gemmifer,18.4832992554,-34.3499984741
Astronesthes gemmifer,-39.5999984741,33
Astronesthes gemmifer,-86.8768081665,29.9289264679
Astronesthes gemmifer,-96.11166,26.975
Astronesthes gemmifer,-35.4,34.3333333333333
Astronesthes gemmifer,64.9000015259,-29.5
Astronesthes gemmifer,-39.683,32.983
Astronesthes gemmifer,-63.7999992371,31.8999996185
Astronesthes gemmifer,-88.9384689331,23.2547931671
Astronesthes gemmifer,-28.442,43.697
Astronesthes gemmifer,-31.5566997528,32.9758491516
Astronesthes gemmifer,-63.885799408,31.8500003815
Astronesthes gemmifer,-89.266784668,23.7812156677
Astronesthes gemmifer,-16.3166666666667,33.8166666666667
Astronesthes gemmifer,-24.5666666666667,6.41666666666667
Astronesthes gemmifer,-82.3406906128,24.7805652618
Astronesthes gemmifer,-16.9169998168945,18.4050006866455
Astronesthes gemmifer,-28.582,43.605
Astronesthes gemmifer,-93.5104827881,19.2420463562
Astronesthes gemmifer,-158.417,21.417
Astronesthes gemmifer,-16.833,47.067
Astronesthes gemmifer,-16.8896999359131,18.5412006378174
Astronesthes gemmifer,-11.3,40.8166666666667
Astronesthes gemmifer,-86.5610198975,24.06275177
Astronesthes gemmifer,-18.208,57.605
Astronesthes gemmifer,-63.7074985504,31.8316497803
Astronesthes gemmifer,-67.65,25.1333333333333
Astronesthes gemmifer,-94.6644821167,26.5117797852
Astronesthes gemmifer,-63.5,31.7000007629
Astronesthes gemmifer,-18.1236991882324,20.4076995849609
Astronesthes gemmifer,-45.1333333333333,-32.1833333333333
Astronesthes gemmifer,-92.7973098755,20.430393219
Astronesthes gemmifer,-64.4000015259,32
Astronesthes gemmifer,-94.021156311,18.3952617645
Astronesthes gemmifer,-23.498,49.783
Astronesthes gemmifer,-12.0166666666667,56.3816666603088
Astronesthes gemmifer,-7.46666666666667,36.3333333333333
Astronesthes gemmifer,-86.6693878174,30.2504348755
Astronesthes gemmifer,-20.0833333333333,44.2
Astronesthes gemmifer,-96.6004257202,27.1292877197
Astronesthes gemmifer,-67.17285,39.56645
Astronesthes gemmifer,-84.1912689209,26.9666690826
Astronesthes gemmifer,-27.687,45.397
Astronesthes gemmifer,-97.7937316895,22.279958725
Astronesthes gemmifer,-63.6866493225,32.0450000763
Astronesthes gemmifer,-22.2333333333333,16.2333333333333
Astronesthes gemmifer,0,28.0783004761
Astronesthes gemmifer,160.0383333,28.1166667
Astronesthes gemmifer,-25.4791498184,17.782500267
Astronesthes gemmifer,-63.6541500092,31.9408502579
Astronesthes gemmifer,-67.395647,39.93692
Astronesthes gemmifer,-89.180305481,23.6420974731
Astronesthes gemmifer,-20.3649999936422,49.8666666666667
Astronesthes gemmifer,-67.56861,39.955331
Astronesthes gemmifer,-57.1833,43.233334
Astronesthes gemmifer,-63.850851059,31.8291501999
Astronesthes gemmifer,-46.067,30.783
Astronesthes gemmifer,-64.1999969482,32.0999984741
Astronesthes gemmifer,-35.4,34.333
Astronesthes gemmifer,-87.1689300537,29.4725894928
Astronesthes gemmifer,-13.7,45.683
Astronesthes gemmifer,-64.8000030518,31.3999996185
Astronesthes gemmifer,-22.1000003815,10.8999996185
Astronesthes gemmifer,-27.3333333333333,47.0450000007947
Astronesthes gemmifer,-67.21505,39.469
Astronesthes gemmifer,-13.8666666666667,37.1333333333333
Astronesthes gemmifer,-67.2881,39.944
Astronesthes gemmifer,-158.199996948,21.2000007629
Astronesthes gemmifer,-88.2854156494,27.7368030548
Astronesthes gemmifer,-27.95,42.819
Astronesthes gemmifer,-16.8333333333333,47.0666666666667
Astronesthes gemmifer,-57.1833,43.2333
Astronesthes gemmifer,-97.3125076294,22.4503555298
Astronesthes gemmifer,-23.5,49.7833333333333
Astronesthes gemmifer,-67.4401,39.8831
Astronesthes gemmifer,-22.8999996185,17.3999996185
Astronesthes gemmifer,-82.8923110962,23.0265483856
Astronesthes gemmifer,-67.4285,39.9245
Astronesthes gemmifer,-16.5,-5.5
Astronesthes gemmifer,-14.2333333333333,56.45
Astronesthes gemmifer,-35.3666666666667,34.35
Astronesthes gemmifer,-93.8438949585,18.6886692047
Astronesthes gemmifer,-14.983300209,52.7366981506
Astronesthes gemmifer,-17.567,44.917
Astronesthes gemmifer,64.8000030518,-5.90000009537
Astronesthes gemmifer,-64.3000030518,32.2999992371
Astronesthes gemmifer,-32.678409,-3.936455
Astronesthes gemmifer,-28.5833333333333,43.6049999872843
Astronesthes gemmifer,-93.0898971558,29.7485084534
Astronesthes gemmifer,-25.3516998291,17.7375001907
Astronesthes gemmifer,-17.3166666666667,31.6833333333333
Astronesthes gemmifer,-10,36
Astronesthes gemmifer,-46.0666666666667,30.7833333333333
Astronesthes gemmifer,-158,22
Astronesthes gemmifer,-20.078,44.2
Astronesthes gemmifer,-14.237,56.457
Astronesthes gemmifer,-53.2000007629,44.4000015259
Astronesthes gemmifer,-14.983,52.737
Astronesthes gemmifer,-19.6000003815,4.59999990463
Astronesthes gemmifer,-63.5999984741,31.8999996185
Astronesthes gemmifer,-64.5917,32.2083
Astronesthes gemmifer,-28.45,43.696666653951
Astronesthes gemmifer,-20.365,49.87
Astronesthes gemmifer,-88.3442077637,22.3022727966
Astronesthes gemmifer,-67.280275,39.936636
Astronesthes gemmifer,-179.667,-22.967
Astronesthes gemmifer,-82.887260437,23.0251464844
Astronesthes gemmifer,-86.5596389771,30.4191112518
Astronesthes gemmifer,-27.332,47.045
Astronesthes gemmifer,-28.833,49.975
Astronesthes gemmifer,-39.483,33.067
Astronesthes gemmifer,-28.8333333333333,49.9833333333333
Astronesthes gemmifer,-53.05,41.366665
Astronesthes gemmifer,-87.8837127686,21.5704536438
Astronesthes gemmifer,-20.1333333333333,23.8333333333333
Astronesthes gemmifer,-18.0833333333333,29.5666666666667
Astronesthes gemmifer,-16.883,47.167
Astronesthes gemmifer,-17.6000003815,44.9000015259
Astronesthes gemmifer,-16.8833333333333,47.1666666666667
Astronesthes gemmifer,-122.0666667,31.4333333
Astronesthes gemmifer,-97.3691329956,27.3733863831
Astronesthes gemmifer,-35.367,34.35
Astronesthes gemmifer,-179.699996948,-23
Astronesthes gemmifer,-20.097,49.98
Astronesthes gemmifer,-63.7999992371,32.2000007629
Astronesthes gemmifer,-13.6999998093,45.9000015259
Astronesthes gemmifer,-84.9392242432,26.7211151123
Astronesthes gemmifer,-91.7559509277,27.6920986176
Astronesthes gemmifer,-27.6833333333333,45.396666653951
Astronesthes gemmifer,-91.2528991699,26.9163532257
Astronesthes gemmifer,-92.6140518188,29.0193500519
Astronesthes gemmifer,-96.3978271484,22.7736930847
