species,decimalLongitude,decimalLatitude
Astronesthes indicus,152.783,-33.2
Astronesthes indicus,150.235,-38.0233
Astronesthes indicus,153.083,-33.15
Astronesthes indicus,152.55,-33.466
Astronesthes indicus,153.033,-32.983
Astronesthes indicus,153.016,-33.016
Astronesthes indicus,152.77,-32.83
Astronesthes indicus,151.966,-33.57499
Astronesthes indicus,116.833,-18.533
Astronesthes indicus,152.2,-33.49166
Astronesthes indicus,151.483,-34.466
Astronesthes indicus,112.883,-22.2
Astronesthes indicus,152.3,-33.55
Astronesthes indicus,151.21,-35.0717
Astronesthes indicus,152.37416,-33.88666
Astronesthes indicus,152.033,-33.883
Astronesthes indicus,116.5,-18.666
