species,decimalLongitude,decimalLatitude
Astronesthes boulengeri,151.95,-33.633
Astronesthes boulengeri,150.416,-36.283
Astronesthes boulengeri,137.7167,-38.3833
Astronesthes boulengeri,121.92,-34.67
Astronesthes boulengeri,153.133,-33.266
Astronesthes boulengeri,148.93,-40.47
Astronesthes boulengeri,153.083,-33.15
Astronesthes boulengeri,149.162,-38.4533
Astronesthes boulengeri,151.25,-34.666
Astronesthes boulengeri,151.6,-34.2
Astronesthes boulengeri,150.533,-35.85
Astronesthes boulengeri,153.68333,-32.875
Astronesthes boulengeri,150.583,-37.1
Astronesthes boulengeri,152.74167,-33.14166
Astronesthes boulengeri,151.933,-34.083
Astronesthes boulengeri,152.5,-33.71667
Astronesthes boulengeri,152.31166,-33.8125
Astronesthes boulengeri,152.066,-34.166
Astronesthes boulengeri,152.216,-33.466
Astronesthes boulengeri,130.68767,-35.18117
Astronesthes boulengeri,122.423,-34.685
Astronesthes boulengeri,153.7,-32.73333
Astronesthes boulengeri,144.3,-41.58333
Astronesthes boulengeri,150.852,-35.5052
Astronesthes boulengeri,153.7,-32.81666
Astronesthes boulengeri,151.483,-33.266
Astronesthes boulengeri,153.725,-32.75
Astronesthes boulengeri,153.3,-33.23333
Astronesthes boulengeri,152.55,-33.466
Astronesthes boulengeri,135.0847,-35.7019
Astronesthes boulengeri,152.116,-33.583
Astronesthes boulengeri,150.41667,-36.28333
Astronesthes boulengeri,153.71667,-32.75833
Astronesthes boulengeri,152.76667,-33.10833
Astronesthes boulengeri,144.3,-41.583
Astronesthes boulengeri,152.35833,-33.3
Astronesthes boulengeri,150.58333,-37.1
Astronesthes boulengeri,130.68766,-35.18116
