species,decimalLongitude,decimalLatitude
Astronesthes splendidus,120.430000305,22.4699993134
Astronesthes splendidus,-158.633,21.8833
Astronesthes splendidus,-158.300003052,21.2999992371
Astronesthes splendidus,-158.399993896,21.3999996185
Astronesthes splendidus,-150.199996948,4.09999990463
Astronesthes splendidus,-139.899993896,0.20000000298
Astronesthes splendidus,-158.300003052,21
Astronesthes splendidus,159.167333,4.9975
Astronesthes splendidus,146.25,-14.133
Astronesthes splendidus,-158.485,21.0017
Astronesthes splendidus,-159.7,20.4333
Astronesthes splendidus,65.5999984741,-18
Astronesthes splendidus,78.25360999999998,4.93333
Astronesthes splendidus,-158.478,20.9683
Astronesthes splendidus,59.9000015259,7.19999980927
Astronesthes splendidus,-158.417,21.417
Astronesthes splendidus,140.5333333333333,6.933333333333334
Astronesthes splendidus,142.6333333333333,5.783333333333333
Astronesthes splendidus,-158.300003052,21.3999996185
Astronesthes splendidus,172.15,-15.983
Astronesthes splendidus,-159.6,20.4667
Astronesthes splendidus,-158.243,21.3733
Astronesthes splendidus,59.9000015259,-7.59999990463
Astronesthes splendidus,148.699996948,-14.1999998093
Astronesthes splendidus,130.1,18.5633
Astronesthes splendidus,142.4333333333333,3.883333333333333
Astronesthes splendidus,-149.933,-3.63333
Astronesthes splendidus,-155.958,19.23
Astronesthes splendidus,-168.100006104,-16.2000007629
Astronesthes splendidus,65.0999984741,2
Astronesthes splendidus,165.290838295057,-20.5800085674362
Astronesthes splendidus,-158,21
Astronesthes splendidus,-158.562,20.9767
Astronesthes splendidus,49.16666666666666,-27.95
Astronesthes splendidus,162.754,-17.9708
Astronesthes splendidus,-149.767,-0.733333
Astronesthes splendidus,-122.5,11.3999996185
Astronesthes splendidus,125.9716667,19.1316667
Astronesthes splendidus,-158.383,21.4
Astronesthes splendidus,148.533,-7
Astronesthes splendidus,64.8000030518,-5.90000009537
Astronesthes splendidus,27.1417007446,-34.1916999817
Astronesthes splendidus,157.502,-19.5003
Astronesthes splendidus,-142.4333333333333,0.2
Astronesthes splendidus,120.370002747,22.3600006104
Astronesthes splendidus,148.600006104,-14.1999998093
Astronesthes splendidus,165.832992554,-22.1669998169
Astronesthes splendidus,-156.143,19.7517
Astronesthes splendidus,65,-7.90000009537
Astronesthes splendidus,-160,5
Astronesthes splendidus,62.21666666666667,-11.01666666666667
Astronesthes splendidus,146.2566666603088,-5.168333339691162
Astronesthes splendidus,-150,-14
Astronesthes splendidus,148.899993896,-12.6000003815
Astronesthes splendidus,-149.967,0.616667
Astronesthes splendidus,-158.237,21.3433
Astronesthes splendidus,-132.2716667,-16.1133333
Astronesthes splendidus,-157.983337402,21.4666671753
Astronesthes splendidus,142.25,8.5
Astronesthes splendidus,-160.167,20.2167
Astronesthes splendidus,-158.48,20.985
Astronesthes splendidus,-179.899993896,42.4000015259
Astronesthes splendidus,-158.465,20.9783
Astronesthes splendidus,-155.3266667,27.4116667
Astronesthes splendidus,116.669998169,20.6299991608
Astronesthes splendidus,-158.300003052,21.3416671753
Astronesthes splendidus,159.544,-19.5856
Astronesthes splendidus,-155.0666666666667,0
Astronesthes splendidus,-159.533,20.9
Astronesthes splendidus,-158,22
Astronesthes splendidus,-158.455,21.9933
Astronesthes splendidus,126.2725,17.001667
Astronesthes splendidus,-159.65,20.55
Astronesthes splendidus,111.800003052,7.22499990463
Astronesthes splendidus,-150.05,2.93333
Astronesthes splendidus,-134.667,6.28333
Astronesthes splendidus,139.9666666666667,13.51666666666667
Astronesthes splendidus,129.8416667,18.5333333
Astronesthes splendidus,64.9000015259,-12.1999998093
Astronesthes splendidus,-100.7083333,-2.3333333
Astronesthes splendidus,-149.733,0.0166667
Astronesthes splendidus,-145.100006104,-13.6000003815
