species,decimalLongitude,decimalLatitude
Asymbolus analis,148.2175,-37.85333
Asymbolus analis,150.05,-36.633
Asymbolus analis,149.96967,-37.3925
Asymbolus analis,151.61916,-33.32749
Asymbolus analis,145.085,-39.636
Asymbolus analis,150.055,-37.36
Asymbolus analis,150.167,-36.633
Asymbolus analis,150.0333,-36.7
Asymbolus analis,150.6,-35.23333
Asymbolus analis,150.21015,-37.30675
Asymbolus analis,150.033,-36.683
Asymbolus analis,149.9825,-37.39583
Asymbolus analis,153.83833,-28.866
Asymbolus analis,148.333,-39.95
Asymbolus analis,150.03168,-37.27833
Asymbolus analis,151.266,-33.85
Asymbolus analis,150.075,-37.55
Asymbolus analis,151.266,-33.95
Asymbolus analis,150.15,-36.65
Asymbolus analis,145.92,-43.52
Asymbolus analis,150.133,-36.567
Asymbolus analis,151,-33
Asymbolus analis,153.6,-26.96667
Asymbolus analis,151.283,-33.8
Asymbolus analis,147.18867,-43.712
Asymbolus analis,149.995,-37.47
Asymbolus analis,150.065,-37.36
Asymbolus analis,151.633,-33.317
Asymbolus analis,150.15166,-36.38416
Asymbolus analis,150.21165,-37.3325
Asymbolus analis,151.383,-33.633
Asymbolus analis,150.017,-36.717
Asymbolus analis,152.60367,-32.46513
Asymbolus analis,148.26667,-37.91583
Asymbolus analis,153.46133,-30.24382
Asymbolus analis,150.0925,-37.36667
Asymbolus analis,149.9006,-37.76335
Asymbolus analis,151.6,-33.4
Asymbolus analis,150.16,-37.435
Asymbolus analis,151.4,-33.6
Asymbolus analis,149.96333,-36.92167
Asymbolus analis,149.935,-37.73
Asymbolus analis,150.02,-37.295
Asymbolus analis,150.15,-36.667
Asymbolus analis,150.617,-35.2
Asymbolus analis,150.01334,-37.31666
Asymbolus analis,150.633,-35.217
Asymbolus analis,149.93,-37.65
Asymbolus analis,151.416,-33.766
Asymbolus analis,150.167,-36.533
Asymbolus analis,150.133,-36.767
Asymbolus analis,150.033,-36.7
Asymbolus analis,149.988,-37.2783
Asymbolus analis,150.067,-36.617
Asymbolus analis,150.21025,-37.31885
Asymbolus analis,150.866,-34.583
Asymbolus analis,148.32,-42.07
Asymbolus analis,152.9833,-31.3833
Asymbolus analis,148.31667,-38.60833
Asymbolus analis,149.958,-36.9133
Asymbolus analis,150.04166,-36.67499
Asymbolus analis,149.98933,-37.44167
Asymbolus analis,151.21099,-33.85365
Asymbolus analis,150.15,-36.7
Asymbolus analis,148.245,-37.92916
Asymbolus analis,150.15583,-37.4065
Asymbolus analis,150.15,-36.683
Asymbolus analis,153.61667,-27.03333
Asymbolus analis,149.07417,-37.8275
Asymbolus analis,148.23417,-37.92583
Asymbolus analis,151.533,-33.433
Asymbolus analis,151.383,-33.57499
Asymbolus analis,147.24,-43.16
Asymbolus analis,150.2114,-37.41015
Asymbolus analis,150.167,-36.6
Asymbolus analis,150.0033,-37.4483
Asymbolus analis,151.166,-34.066
Asymbolus analis,151,-34
Asymbolus analis,149.87,-37.2783
Asymbolus analis,128.68,-33.52
Asymbolus analis,151.40583,-33.59583
Asymbolus analis,150.017,-36.7
Asymbolus analis,150.6,-35.233
Asymbolus analis,147.22,-42.74
Asymbolus analis,153.633333,-27.166667
Asymbolus analis,153.46667,-29.8
Asymbolus analis,150.12,-37.375
Asymbolus analis,151.2,-34.3
Asymbolus analis,150.075,-37.60833
Asymbolus analis,150.033,-36.667
Asymbolus analis,150.06667,-36.61667
Asymbolus analis,147.26,-43.26
Asymbolus analis,150.15,-36.6666
Asymbolus analis,150.05,-36.617
Asymbolus analis,149.865,-37.58333
Asymbolus analis,150.933,-34.3
Asymbolus analis,151.55,-33.517
Asymbolus analis,146.24,-40.11
Asymbolus analis,150.07833,-37.30083
Asymbolus analis,151.65167,-33.29
Asymbolus analis,148.20584,-37.86166
Asymbolus analis,151.5,-33.467
Asymbolus analis,125.95,-33.35
Asymbolus analis,151.216,-33.75
Asymbolus analis,150.15684,-37.40183
Asymbolus analis,150.08001,-37.31499
Asymbolus analis,150.08333,-37.3
Asymbolus analis,150.197,-36.9417
Asymbolus analis,153.86667,-27.7
Asymbolus analis,153.35,-30.25
Asymbolus analis,153.9,-27.21667
Asymbolus analis,153.81666,-27.78333
Asymbolus analis,150.017,-37.467
Asymbolus analis,150.00365,-37.7308
Asymbolus analis,150.0333,-36.6666
Asymbolus analis,149.9321,-37.7353
Asymbolus analis,150.133,-36.683
Asymbolus analis,150.01667,-37.305
Asymbolus analis,148.15,-37.8517
Asymbolus analis,149.99,-37.435
Asymbolus analis,149.99192,-37.29725
Asymbolus analis,149.9,-37.75
Asymbolus analis,149.7975,-37.59999
Asymbolus analis,151.517,-33.45
Asymbolus analis,151.4,-33.633
Asymbolus analis,151.3,-33.733
Asymbolus analis,150.033,-36.717
Asymbolus analis,149.88333,-36.90583
Asymbolus analis,148.235,-37.8575
Asymbolus analis,147.55,-43.17
Asymbolus analis,151.5,-33.483
Asymbolus analis,145.55,-43.3
Asymbolus analis,149.965,-37.2717
Asymbolus analis,151.54166,-33.44166
Asymbolus analis,151.316,-33.75
Asymbolus analis,150.96633,-34.44233
Asymbolus analis,150.633,-35.2
Asymbolus analis,150.067,-36.633
Asymbolus analis,153.9,-27.216667
Asymbolus analis,148.26583,-37.91667
Asymbolus analis,151.62791000000001,-33.35166
Asymbolus analis,150.175,-36.49167
Asymbolus analis,149.925,-37.73
Asymbolus analis,150.24167,-37.55833
Asymbolus analis,150.03333,-36.7
Asymbolus analis,151.25,-33.833
Asymbolus analis,149.917,-37.083
Asymbolus analis,126.21667,-33.21667
Asymbolus analis,151.533,-33.45
Asymbolus analis,141.666,-38.333
Asymbolus analis,150.05,-36.65
Asymbolus analis,150.167,-36.583
Asymbolus analis,150.155,-37.44
Asymbolus analis,150,-37.465
Asymbolus analis,150,-37.383
Asymbolus analis,151.533,-33.5
Asymbolus analis,150.1975,-36.92167
Asymbolus analis,150.1,-36.7
Asymbolus analis,150.083,-37.333
Asymbolus analis,148.22917,-37.92166
Asymbolus analis,150.21355,-37.3342
Asymbolus analis,150.76667,-35.45833
Asymbolus analis,148.23,-37.85167
Asymbolus analis,148.23,-37.8516
Asymbolus analis,150.0666,-36.6166
Asymbolus analis,150.133,-36.617
Asymbolus analis,148.215,-37.86
Asymbolus analis,136.2967,-36.4783
Asymbolus analis,151.617,-33.333
Asymbolus analis,149.99001,-37.38166
Asymbolus analis,151.517,-33.467
Asymbolus analis,150.00167,-37.2775
Asymbolus analis,152.98333,-31.38333
Asymbolus analis,152.817,-31.7
Asymbolus analis,150.95916,-34.44066
Asymbolus analis,150.00333,-37.44833
Asymbolus analis,149.985,-37.275
Asymbolus analis,150.04625,-37.378660000000004
Asymbolus analis,150.15,-36.583
Asymbolus analis,149.98625,-37.27583
Asymbolus analis,149.91,-37.755
Asymbolus analis,151.566,-33.533
Asymbolus analis,150.133,-36.667
Asymbolus analis,150.01417,-37.316665
Asymbolus analis,150.00667,-37.47167
Asymbolus analis,151.41667,-33.76667
Asymbolus analis,149.883,-37.083
Asymbolus analis,150.8,-34.833
Asymbolus analis,149.0575,-37.8375
Asymbolus analis,150.067,-36.6
Asymbolus analis,151.517,-33.55
Asymbolus analis,150.083,-37.3
Asymbolus analis,149.983,-37
Asymbolus analis,150.7,-35.2
Asymbolus analis,149.992,-37.2783
Asymbolus analis,150.067,-36.733
Asymbolus analis,150.10833,-37.34999
Asymbolus analis,149.97334,-37.37083
Asymbolus analis,152.533,-32.117
Asymbolus analis,153.45,-29.683
Asymbolus analis,151.6516,-33.29
Asymbolus analis,149.14975,-37.80941
Asymbolus analis,149.87333,-37.5925
Asymbolus analis,153.3,-29.833
Asymbolus analis,127.80834,-33.025
Asymbolus analis,145.42,-43.22
Asymbolus analis,149.0716,-37.83
Asymbolus analis,149.98333,-36.73333
Asymbolus analis,152.45773,-32.57751
Asymbolus analis,149.975,-37.41
Asymbolus analis,149.92,-37.755
Asymbolus analis,149.9825,-37.36583
Asymbolus analis,150.133,-36.6
Asymbolus analis,149.88499,-37.585
Asymbolus analis,150.125,-37.36
Asymbolus analis,153.566667,-26.933333
Asymbolus analis,147.32,-42.88
Asymbolus analis,149.987,-37.4355
Asymbolus analis,150.05,-37.72
Asymbolus analis,150.15,-36.66667
Asymbolus analis,150.04134,-36.97333
Asymbolus analis,150.015,-37.31167
Asymbolus analis,153.63333,-27.16667
Asymbolus analis,147.085,-40.5983
Asymbolus analis,150.167,-36.567
Asymbolus analis,148.31667,-38.61666
Asymbolus analis,145.98624,-43.32266
Asymbolus analis,150.067,-36.833
Asymbolus analis,150.25,-35.733
Asymbolus analis,150.183,-36.583
Asymbolus analis,150.683,-35.217
Asymbolus analis,145.57,-43.27
Asymbolus analis,150.30834,-36.44167
Asymbolus analis,150.0833,-37.3
Asymbolus analis,150.01417,-37.31666
Asymbolus analis,150.0166,-37.305
Asymbolus analis,145.87366,-43.31814
Asymbolus analis,153.6,-26.966667
Asymbolus analis,149.98667,-37.27833
Asymbolus analis,149.87,-37.27833
Asymbolus analis,150.383,-35.733
Asymbolus analis,150.067,-36.85
Asymbolus analis,146.92,-44.05
Asymbolus analis,150.135,-37.46
Asymbolus analis,150.117,-36.617
Asymbolus analis,148.06735,-42.5623
Asymbolus analis,151.45,-33.55
Asymbolus analis,126.73334,-32.5
Asymbolus analis,150.183,-36.617
Asymbolus analis,145.42,-40.32
Asymbolus analis,150.833,-34.866
Asymbolus analis,150.24167,-37.575
Asymbolus analis,149.9916,-37.295
Asymbolus analis,153.56666,-26.93333
Asymbolus analis,150.216,-35.733
Asymbolus analis,121.833333333333,-33.8833333333333
Asymbolus analis,150.05833,-37.31833
Asymbolus analis,149.07167,-37.83
Asymbolus analis,150.03333,-36.66667
Asymbolus analis,150.045,-37.38
Asymbolus analis,149.96667,-36.90083
Asymbolus analis,151.166,-36.59166
Asymbolus analis,149.983,-36.733
Asymbolus analis,149.99834,-37.30666
Asymbolus analis,149.998335,-37.306665
Asymbolus analis,150.03833,-37.28583
Asymbolus analis,153.466,-29.8
Asymbolus analis,146.02,-43.77
Asymbolus analis,150.01417,-37.28083
Asymbolus analis,153.23166,-30.29149
Asymbolus analis,153.816667,-27.783333
Asymbolus analis,149.99167,-37.295
Asymbolus analis,153.866667,-27.7
Asymbolus analis,145.42,-43.25
Asymbolus analis,150.817,-34.85
Asymbolus analis,151.2166667,-33.8666667
Asymbolus analis,153.616667,-27.033333
Asymbolus analis,150.10958,-36.3675
Asymbolus analis,147.53334,-43.45833
