species,decimalLongitude,decimalLatitude
Asymbolus rubiginosus,148.49923,-41.72818
Asymbolus rubiginosus,150.07192,-37.40358
Asymbolus rubiginosus,153.75,-29.6
Asymbolus rubiginosus,150.167,-36.633
Asymbolus rubiginosus,152,-33.067
Asymbolus rubiginosus,146.988,-39.3523
Asymbolus rubiginosus,147.46783,-43.22133
Asymbolus rubiginosus,148.3225,-38.66333
Asymbolus rubiginosus,153.85,-28.383
Asymbolus rubiginosus,150.19667,-37.34667
Asymbolus rubiginosus,147.43167,-43.32183
Asymbolus rubiginosus,150.21355,-37.3342
Asymbolus rubiginosus,150.23333,-37.6
Asymbolus rubiginosus,150.05667,-37.74666
Asymbolus rubiginosus,150.15,-36.65
Asymbolus rubiginosus,146.31137,-43.71652
Asymbolus rubiginosus,153.833,-28.017
Asymbolus rubiginosus,147.28369,-43.70383
Asymbolus rubiginosus,147.533,-43.20233
Asymbolus rubiginosus,146.29911,-43.71567
Asymbolus rubiginosus,153.633,-29.883
Asymbolus rubiginosus,153.85,-28.45
Asymbolus rubiginosus,150.051,-37.364
Asymbolus rubiginosus,153.75,-27.55
Asymbolus rubiginosus,153.56666,-26.93333
Asymbolus rubiginosus,150.02,-37.31
Asymbolus rubiginosus,149.11334,-38.03833
Asymbolus rubiginosus,151.717,-33.567
Asymbolus rubiginosus,150.3,-37.3
Asymbolus rubiginosus,146.29279,-43.742
Asymbolus rubiginosus,150.05,-37.725
Asymbolus rubiginosus,150.167,-36.6
Asymbolus rubiginosus,147.60967,-43.23733
Asymbolus rubiginosus,150.21015,-37.30675
Asymbolus rubiginosus,153.833,-28.383
Asymbolus rubiginosus,151,-34.883
Asymbolus rubiginosus,148.30584,-38.92333
Asymbolus rubiginosus,147.60317,-43.25783
Asymbolus rubiginosus,152.85,-31.933
Asymbolus rubiginosus,152.133,-33.017
Asymbolus rubiginosus,148.28,-38.68333
Asymbolus rubiginosus,148.57,-39.135
Asymbolus rubiginosus,150.0331,-37.7096
Asymbolus rubiginosus,150.07459,-37.40083
Asymbolus rubiginosus,148.245,-37.92916
Asymbolus rubiginosus,147.3915,-43.313
Asymbolus rubiginosus,151.75,-33.817
Asymbolus rubiginosus,147.40983,-43.328
Asymbolus rubiginosus,147.541,-43.25017
Asymbolus rubiginosus,152.85,-31.93333
Asymbolus rubiginosus,152.233,-32.983
Asymbolus rubiginosus,152.85,-31.917
Asymbolus rubiginosus,150.3,-37.333
Asymbolus rubiginosus,148.26667,-37.91583
Asymbolus rubiginosus,153.1,-31.467
Asymbolus rubiginosus,153.63333,-27.65
Asymbolus rubiginosus,149.92,-37.77833
Asymbolus rubiginosus,151.017,-34.8
Asymbolus rubiginosus,150.317,-37.233
Asymbolus rubiginosus,130.04333333333332,-33.275
Asymbolus rubiginosus,153.367,-30.433
Asymbolus rubiginosus,147.4035,-43.301
Asymbolus rubiginosus,145.745,-40.5512
Asymbolus rubiginosus,151.2,-34.333
Asymbolus rubiginosus,150.29467,-37.395
Asymbolus rubiginosus,149.997,-37.424
Asymbolus rubiginosus,151.85,-33.667
Asymbolus rubiginosus,150.03,-37.29667
Asymbolus rubiginosus,149.9321,-37.7353
Asymbolus rubiginosus,150.2736,-37.3284
Asymbolus rubiginosus,150.01084,-37.28166
Asymbolus rubiginosus,151.2,-34.3
Asymbolus rubiginosus,150.317,-37.25
Asymbolus rubiginosus,150.45,-35.633
Asymbolus rubiginosus,150.20917,-37.30833
Asymbolus rubiginosus,149.83583,-37.59666
Asymbolus rubiginosus,150.01168,-37.5425
Asymbolus rubiginosus,146.29997,-43.75224
Asymbolus rubiginosus,124.4833333,-34.05
Asymbolus rubiginosus,151.383,-34.033
Asymbolus rubiginosus,150.04325,-37.71675
Asymbolus rubiginosus,150.12,-37.375
Asymbolus rubiginosus,150.283,-37.333
Asymbolus rubiginosus,150.15684,-37.40183
Asymbolus rubiginosus,149.99684,-37.47891
Asymbolus rubiginosus,151.217,-34.3
Asymbolus rubiginosus,150.04865,-37.7349
Asymbolus rubiginosus,147.105,-39.2981
Asymbolus rubiginosus,148.345,-38.6275
Asymbolus rubiginosus,147.57283,-43.24283
Asymbolus rubiginosus,149.230835,-38.019165
Asymbolus rubiginosus,126.22528,-33.28361
Asymbolus rubiginosus,150.083,-36.75
Asymbolus rubiginosus,149.145,-38.03416
Asymbolus rubiginosus,153.8175,-27.781667
Asymbolus rubiginosus,147.29165,-43.65453
Asymbolus rubiginosus,148.31917,-38.67667
Asymbolus rubiginosus,148.44088,-41.9104
Asymbolus rubiginosus,147.393,-43.2845
Asymbolus rubiginosus,150.1101,-37.7369
Asymbolus rubiginosus,147.48283,-43.24267
Asymbolus rubiginosus,147.28955,-43.65664
Asymbolus rubiginosus,150.266,-36.583
Asymbolus rubiginosus,153.566667,-26.933333
Asymbolus rubiginosus,150.11584,-36.37416
Asymbolus rubiginosus,147.3475,-43.33017
Asymbolus rubiginosus,150.733,-35.533
Asymbolus rubiginosus,149.99275,-37.70075
Asymbolus rubiginosus,150.317,-37.267
Asymbolus rubiginosus,149.07417,-37.8275
Asymbolus rubiginosus,148.24167,-37.92667
Asymbolus rubiginosus,150.04675,-37.76845
Asymbolus rubiginosus,146.2904,-43.75447
Asymbolus rubiginosus,149.23084,-38.01916
Asymbolus rubiginosus,124.48333333333333,-34.05
Asymbolus rubiginosus,149.90917,-37.7925
Asymbolus rubiginosus,147.53633,-43.205
Asymbolus rubiginosus,152.283,-32.933
Asymbolus rubiginosus,149.919998169,-37.778301239
Asymbolus rubiginosus,148.23,-37.8516
Asymbolus rubiginosus,147.526,-43.20233
Asymbolus rubiginosus,147.44783,-43.28633
Asymbolus rubiginosus,126.53375,-32.72528
Asymbolus rubiginosus,153.76667,-29.4
Asymbolus rubiginosus,153.78333,-27.35
Asymbolus rubiginosus,149.996,-37.464
Asymbolus rubiginosus,127.08,-33.175
Asymbolus rubiginosus,145.925,-39.28458
Asymbolus rubiginosus,151.017,-34.883
Asymbolus rubiginosus,150.29099,-37.40166
Asymbolus rubiginosus,153.8,-28.45
Asymbolus rubiginosus,153.4,-30.367
Asymbolus rubiginosus,148.192,-37.935
Asymbolus rubiginosus,151.9,-33.55
Asymbolus rubiginosus,150.10833,-37.34999
Asymbolus rubiginosus,151.183,-34.367
Asymbolus rubiginosus,148.068,-37.9578
Asymbolus rubiginosus,150.2114,-37.41015
Asymbolus rubiginosus,151.917,-33.533
Asymbolus rubiginosus,149.10167,-38.00083
Asymbolus rubiginosus,147.40817,-43.33133
Asymbolus rubiginosus,146.28846,-43.7562
Asymbolus rubiginosus,126.65833,-33.26777
Asymbolus rubiginosus,150.267,-36.6
Asymbolus rubiginosus,150.417,-35.683
Asymbolus rubiginosus,151.033,-34.567
Asymbolus rubiginosus,153.583,-29.733
Asymbolus rubiginosus,149.987,-37.4355
Asymbolus rubiginosus,150.21165,-37.3325
Asymbolus rubiginosus,147.38883,-43.34533
Asymbolus rubiginosus,136.29666666666665,-36.47833333333333
Asymbolus rubiginosus,151.2,-34.367
Asymbolus rubiginosus,151.283,-34.483
Asymbolus rubiginosus,149.08334,-38.03667
Asymbolus rubiginosus,150.28084,-37.32
Asymbolus rubiginosus,149.97,-37.395
Asymbolus rubiginosus,151.033,-34.867
Asymbolus rubiginosus,147.555,-43.19833
Asymbolus rubiginosus,149.92000001271566,-37.77833334604899
Asymbolus rubiginosus,150.0556,-37.733
Asymbolus rubiginosus,150.3,-37.317
Asymbolus rubiginosus,146.649,-39.2751
Asymbolus rubiginosus,147.35875,-40.65069
Asymbolus rubiginosus,151.033,-34.917
Asymbolus rubiginosus,146.774,-39.165
Asymbolus rubiginosus,150.283,-37.35
Asymbolus rubiginosus,153.65,-29.167
Asymbolus rubiginosus,153.767,-29.4
Asymbolus rubiginosus,151.483,-33.767
Asymbolus rubiginosus,152.567,-32.867
Asymbolus rubiginosus,147.149,-39.3661
Asymbolus rubiginosus,150.04905,-37.72575
Asymbolus rubiginosus,150.266998291,-36.5499992371
Asymbolus rubiginosus,149.26625,-37.9414
Asymbolus rubiginosus,148.53761,-41.80941
Asymbolus rubiginosus,148.342,-38.6733
Asymbolus rubiginosus,150.167,-36.617
Asymbolus rubiginosus,150.983,-35.15
Asymbolus rubiginosus,151.933,-33.583
Asymbolus rubiginosus,147.115,-39.406
Asymbolus rubiginosus,151.833,-33.383
Asymbolus rubiginosus,147.3995,-43.28367
Asymbolus rubiginosus,150.18333,-36.58333
Asymbolus rubiginosus,148.44089,-41.9012
Asymbolus rubiginosus,147.47217,-43.23433
Asymbolus rubiginosus,147.064,-39.0577
Asymbolus rubiginosus,151.817,-33.45
Asymbolus rubiginosus,153.4,-30.35
Asymbolus rubiginosus,149.98265,-37.73865
Asymbolus rubiginosus,146.41695,-39.68389
Asymbolus rubiginosus,147.51783,-43.23883
Asymbolus rubiginosus,153.79166,-29.35
Asymbolus rubiginosus,151.517,-33.717
Asymbolus rubiginosus,151.033,-34.817
Asymbolus rubiginosus,115,-34.916666666666664
Asymbolus rubiginosus,150.15,-37.733
Asymbolus rubiginosus,151.217,-34.283
Asymbolus rubiginosus,148.35334,-38.61666
Asymbolus rubiginosus,153.35,-30.483
Asymbolus rubiginosus,153.683,-29.8
Asymbolus rubiginosus,148.4975,-41.7252
Asymbolus rubiginosus,147.576,-43.20683
Asymbolus rubiginosus,151.867,-33.583
Asymbolus rubiginosus,149.935,-37.765
Asymbolus rubiginosus,148.511,-41.8965
Asymbolus rubiginosus,150.06585,-37.76667
Asymbolus rubiginosus,127.86847,-33.18556
Asymbolus rubiginosus,146.663,-39.3352
Asymbolus rubiginosus,152.267,-32.8
Asymbolus rubiginosus,151.34166,-34.27499
Asymbolus rubiginosus,150.04135,-37.7287
Asymbolus rubiginosus,150.02,-37.30167
Asymbolus rubiginosus,150.317,-37.3
Asymbolus rubiginosus,150.333,-37.133
Asymbolus rubiginosus,153.766,-29.4
Asymbolus rubiginosus,147.34467,-43.34317
Asymbolus rubiginosus,147.3875,-43.2795
Asymbolus rubiginosus,151.183,-34.383
Asymbolus rubiginosus,151.2,-34.16667
Asymbolus rubiginosus,126.7,-32.95
Asymbolus rubiginosus,149.111665,-37.8825
Asymbolus rubiginosus,150.04625,-37.378660000000004
Asymbolus rubiginosus,147.1446,-44.01565
Asymbolus rubiginosus,150.467,-35.617
Asymbolus rubiginosus,152.3,-32.933
Asymbolus rubiginosus,148.2175,-37.85333
Asymbolus rubiginosus,150.26667,-36.58333
Asymbolus rubiginosus,151.2,-34.166
Asymbolus rubiginosus,150.0925,-37.36667
Asymbolus rubiginosus,152.283,-32.95
Asymbolus rubiginosus,150.483,-35.633
Asymbolus rubiginosus,147.57933,-43.18633
Asymbolus rubiginosus,148.23,-37.85167
Asymbolus rubiginosus,147.136,-39.3529
Asymbolus rubiginosus,148.45298,-41.83628
Asymbolus rubiginosus,146.54666,-38.97083
Asymbolus rubiginosus,152.3,-32.9
Asymbolus rubiginosus,150.10751,-37.74083
Asymbolus rubiginosus,147.061,-39.0688
Asymbolus rubiginosus,148.49333,-38.95583
Asymbolus rubiginosus,153.8175,-27.78166
Asymbolus rubiginosus,150.21534,-36.96941
Asymbolus rubiginosus,149.99142,-37.44758
Asymbolus rubiginosus,152.183,-32.983
Asymbolus rubiginosus,150.125,-37.36
Asymbolus rubiginosus,150.16417,-37.38192
Asymbolus rubiginosus,151.033,-34.667
Asymbolus rubiginosus,150.967,-35.183
Asymbolus rubiginosus,151.217,-34.267
Asymbolus rubiginosus,147.62117,-43.22
Asymbolus rubiginosus,151.867,-33.6
Asymbolus rubiginosus,148.489,-39.0652
Asymbolus rubiginosus,151.983,-33.5
Asymbolus rubiginosus,150.167,-37.633
Asymbolus rubiginosus,147.31594,-43.67502
Asymbolus rubiginosus,150.283,-36.417
Asymbolus rubiginosus,147.83,-38.05
Asymbolus rubiginosus,148.55129,-41.86192
Asymbolus rubiginosus,151.35,-34.35
Asymbolus rubiginosus,151.883,-33.55
Asymbolus rubiginosus,149.8375,-37.59917
Asymbolus rubiginosus,151.65,-33.75
Asymbolus rubiginosus,151.35,-34.067
Asymbolus rubiginosus,151.983,-33.55
Asymbolus rubiginosus,146.21357,-43.71396
Asymbolus rubiginosus,151.083,-34.9
Asymbolus rubiginosus,127.88528,-32.96722
Asymbolus rubiginosus,150.183,-36.583
Asymbolus rubiginosus,147.01607,-43.69472
Asymbolus rubiginosus,150.317,-37.2
Asymbolus rubiginosus,151.117,-34.75
Asymbolus rubiginosus,152.3,-32.95
Asymbolus rubiginosus,151.267,-34.133
Asymbolus rubiginosus,153.85,-28.717
Asymbolus rubiginosus,150.283,-37.367
Asymbolus rubiginosus,125,-33
Asymbolus rubiginosus,147.31305,-43.67905
Asymbolus rubiginosus,146.927,-39.3861
Asymbolus rubiginosus,147.04243,-43.68516
Asymbolus rubiginosus,152.25,-32.983
Asymbolus rubiginosus,152.233,-33
Asymbolus rubiginosus,148.2416,-37.9266
Asymbolus rubiginosus,150.135,-37.46
Asymbolus rubiginosus,151.867,-33.283
Asymbolus rubiginosus,150.333,-36.666
Asymbolus rubiginosus,147.04111,-43.68631
Asymbolus rubiginosus,147.3445,-43.36467
Asymbolus rubiginosus,151.717,-33.533
Asymbolus rubiginosus,150.3,-37.267
Asymbolus rubiginosus,150.06167,-37.745
Asymbolus rubiginosus,130.5757,-33.35111
Asymbolus rubiginosus,151.967,-33.533
Asymbolus rubiginosus,151.033,-34.6
Asymbolus rubiginosus,148.5104,-41.89579
Asymbolus rubiginosus,126.05833,-33.45
Asymbolus rubiginosus,152.217,-32.983
Asymbolus rubiginosus,136.2966667,-36.47833333
Asymbolus rubiginosus,151.333,-34.25
Asymbolus rubiginosus,150.00365,-37.7308
Asymbolus rubiginosus,146.27334,-43.7207
Asymbolus rubiginosus,126.1,-33.41819
Asymbolus rubiginosus,150.03,-37.755
Asymbolus rubiginosus,149.633,-37.817
Asymbolus rubiginosus,151.733,-33.7
Asymbolus rubiginosus,150.15,-35.35
Asymbolus rubiginosus,151.8,-33.75
Asymbolus rubiginosus,149.0575,-37.8375
Asymbolus rubiginosus,150.0264,-37.74455
Asymbolus rubiginosus,153.55,-27.05
Asymbolus rubiginosus,149.085,-37.88166
Asymbolus rubiginosus,150.6,-35.4
Asymbolus rubiginosus,149.84916,-37.6025
Asymbolus rubiginosus,150.05225,-37.71615
Asymbolus rubiginosus,152.017,-33.067
Asymbolus rubiginosus,148.39681,-41.7047
Asymbolus rubiginosus,153.783333,-27.35
Asymbolus rubiginosus,150.066,-37.333
Asymbolus rubiginosus,150.15583,-37.4065
Asymbolus rubiginosus,151.316,-34.45
Asymbolus rubiginosus,147.083,-39.0795
Asymbolus rubiginosus,150.283,-36.55
Asymbolus rubiginosus,147.58667,-43.257
Asymbolus rubiginosus,152.517,-32.717
Asymbolus rubiginosus,148.57986,-41.80202
Asymbolus rubiginosus,149.93,-37.65
Asymbolus rubiginosus,147.24009,-43.73856
Asymbolus rubiginosus,149.11167,-37.8825
Asymbolus rubiginosus,150.583,-35.75
Asymbolus rubiginosus,149.8125,-37.59166
Asymbolus rubiginosus,147.54099,-43.25016
Asymbolus rubiginosus,153.633333,-27.65
Asymbolus rubiginosus,150.291,-37.40167
Asymbolus rubiginosus,150.4,-35.733
Asymbolus rubiginosus,150.283,-36.383
Asymbolus rubiginosus,151.167,-34.483
Asymbolus rubiginosus,149.19334,-38.01166
Asymbolus rubiginosus,146.6507,-40.36736
Asymbolus rubiginosus,114.6,-34.044999999999995
Asymbolus rubiginosus,149.8983,-37.8066
Asymbolus rubiginosus,152,-33.033
Asymbolus rubiginosus,146.94167,-40.35
Asymbolus rubiginosus,150.26666666666668,-36.55
Asymbolus rubiginosus,150.15,-37.75
Asymbolus rubiginosus,151.767,-33.483
Asymbolus rubiginosus,150.383,-35.717
Asymbolus rubiginosus,153.617,-29.9
Asymbolus rubiginosus,147.54033,-43.25183
Asymbolus rubiginosus,150.417,-35.7
Asymbolus rubiginosus,147.27958,-43.65679
Asymbolus rubiginosus,114.6,-34.045
Asymbolus rubiginosus,153.75,-29.533
Asymbolus rubiginosus,152.267,-32.917
Asymbolus rubiginosus,148.33459,-38.94741
Asymbolus rubiginosus,147.129,-39.3338
Asymbolus rubiginosus,152.3,-32.917
Asymbolus rubiginosus,149.925,-37.73
Asymbolus rubiginosus,148.514,-41.895
Asymbolus rubiginosus,150.04167,-37.40167
Asymbolus rubiginosus,150.25,-36.667
Asymbolus rubiginosus,151.367,-34.067
Asymbolus rubiginosus,151.033,-35.067
Asymbolus rubiginosus,152.867004395,-31.9167003632
Asymbolus rubiginosus,152.267,-32.933
Asymbolus rubiginosus,148.366,-39.983
Asymbolus rubiginosus,146.62612,-40.23417
Asymbolus rubiginosus,150.06334,-37.74666
Asymbolus rubiginosus,130.4682,-33.30944
Asymbolus rubiginosus,150.29333,-37.40166
Asymbolus rubiginosus,147.31463,-43.67771
Asymbolus rubiginosus,153.833,-28.617
Asymbolus rubiginosus,147.47,-43.22
Asymbolus rubiginosus,150.15,-36.7
Asymbolus rubiginosus,151.783,-33.667
Asymbolus rubiginosus,150.0575,-37.73166
Asymbolus rubiginosus,152.25,-32.967
Asymbolus rubiginosus,150.155,-37.44
Asymbolus rubiginosus,153.833,-28.683
Asymbolus rubiginosus,147.26576,-43.64992
Asymbolus rubiginosus,130.0433333,-33.275
Asymbolus rubiginosus,147.081,-39.0492
Asymbolus rubiginosus,147.21652,-43.62095
Asymbolus rubiginosus,151.167,-34.267
Asymbolus rubiginosus,149.96658,-36.91716
Asymbolus rubiginosus,147.863,-38.1172
Asymbolus rubiginosus,147.41583,-43.20183
Asymbolus rubiginosus,151.5,-33.733
Asymbolus rubiginosus,151,-34.9
Asymbolus rubiginosus,148.51224,-41.89181
Asymbolus rubiginosus,147.002,-39.3172
Asymbolus rubiginosus,150.417,-36.05
Asymbolus rubiginosus,153.1,-31.367
Asymbolus rubiginosus,150.035,-37.75
Asymbolus rubiginosus,149.93584,-37.70333
Asymbolus rubiginosus,147.128,-39.3401
Asymbolus rubiginosus,125.575,-33.74167
Asymbolus rubiginosus,145.38,-40.53
Asymbolus rubiginosus,149.975,-37.41
Asymbolus rubiginosus,151.033,-34.933
Asymbolus rubiginosus,150.167007446,-36.6166992188
Asymbolus rubiginosus,150.333,-36.4
Asymbolus rubiginosus,148.46,-41.8996
Asymbolus rubiginosus,152.05,-33.433
Asymbolus rubiginosus,147.395,-43.27717
Asymbolus rubiginosus,151.7,-33.583
Asymbolus rubiginosus,153.399993896,-30.3332996368
Asymbolus rubiginosus,148.31001,-38.92667
Asymbolus rubiginosus,150.3,-37.367
Asymbolus rubiginosus,146.2367,-43.70414
Asymbolus rubiginosus,114.68375,-33.42569
Asymbolus rubiginosus,149.87333,-37.5925
Asymbolus rubiginosus,128.5007,-33.29264
Asymbolus rubiginosus,147.14867,-43.2875
Asymbolus rubiginosus,150.283,-36.65
Asymbolus rubiginosus,131.22514,-33.43458
Asymbolus rubiginosus,151.933,-33.1
Asymbolus rubiginosus,149.87666,-37.82666
Asymbolus rubiginosus,150.317,-37.217
Asymbolus rubiginosus,150.133,-36.667
Asymbolus rubiginosus,148.58614,-41.80533
Asymbolus rubiginosus,148.30084,-38.72
Asymbolus rubiginosus,149.93333,-37.70666
Asymbolus rubiginosus,153.83333,-28.38333
Asymbolus rubiginosus,153.65,-29.783
Asymbolus rubiginosus,150.167,-36.583
Asymbolus rubiginosus,146.29328,-43.74871
Asymbolus rubiginosus,147.61033,-43.1905
Asymbolus rubiginosus,151.617,-33.617
Asymbolus rubiginosus,126.19348,-33.30028
Asymbolus rubiginosus,149.517,-37.867
Asymbolus rubiginosus,147.14699,-44.01334
Asymbolus rubiginosus,150.183,-36.4
Asymbolus rubiginosus,147.4185,-43.1815
Asymbolus rubiginosus,151.783,-33.517
Asymbolus rubiginosus,151.2,-34.283
Asymbolus rubiginosus,151.2,-34.317
Asymbolus rubiginosus,150.21025,-37.31885
Asymbolus rubiginosus,150.197,-36.9417
Asymbolus rubiginosus,151.183,-34.35
Asymbolus rubiginosus,152.7,-32.383
Asymbolus rubiginosus,146.60917,-40.49222
Asymbolus rubiginosus,147.31911,-43.67597
Asymbolus rubiginosus,152.133,-33
Asymbolus rubiginosus,146.58167,-38.985
Asymbolus rubiginosus,147.98,-37.87
Asymbolus rubiginosus,147.09049,-43.67636
Asymbolus rubiginosus,151.533,-33.683
Asymbolus rubiginosus,126.33556,-33.05944
Asymbolus rubiginosus,152.167,-33.05
Asymbolus rubiginosus,150.183,-36.466
Asymbolus rubiginosus,125.46667,-33.80903
Asymbolus rubiginosus,153.4,-30.383
Asymbolus rubiginosus,152.217,-33.033
Asymbolus rubiginosus,150.133,-36.683
Asymbolus rubiginosus,153.633,-29.833
Asymbolus rubiginosus,150.183,-36.6
Asymbolus rubiginosus,153.883,-28.2
Asymbolus rubiginosus,152.267,-32.95
Asymbolus rubiginosus,148.761,-40.74
Asymbolus rubiginosus,153.817,-29.05
Asymbolus rubiginosus,126.68334,-32.65222
Asymbolus rubiginosus,150.15,-36.667
Asymbolus rubiginosus,147.118,-39.3297
Asymbolus rubiginosus,115,-34.91666667
Asymbolus rubiginosus,146.64389,-40.2843
Asymbolus rubiginosus,147.433,-43.35
Asymbolus rubiginosus,150.333,-37.233
Asymbolus rubiginosus,152.633,-32.633
Asymbolus rubiginosus,149.9025,-37.61833
Asymbolus rubiginosus,153.8,-28.083
Asymbolus rubiginosus,151.033,-34.92499
Asymbolus rubiginosus,147.43583,-43.24933
Asymbolus rubiginosus,149.89833,-37.80667
Asymbolus rubiginosus,149.7975,-37.59999
Asymbolus rubiginosus,153.817,-29.283
Asymbolus rubiginosus,152.683,-32.833
Asymbolus rubiginosus,146.66848,-40.2925
Asymbolus rubiginosus,151.333,-34.083
Asymbolus rubiginosus,148.54184,-41.80963
Asymbolus rubiginosus,153.85,-28.133
Asymbolus rubiginosus,132.6507,-32.24375
Asymbolus rubiginosus,151.283,-34.1
Asymbolus rubiginosus,131.45903,-33.42569
Asymbolus rubiginosus,149.13917,-37.8725
Asymbolus rubiginosus,147.22367,-43.62573
Asymbolus rubiginosus,123.95111,-34.44347
Asymbolus rubiginosus,149.88499,-37.585
Asymbolus rubiginosus,150.333,-36.667
Asymbolus rubiginosus,153.633,-29.217
Asymbolus rubiginosus,150.07192,-37.29433
Asymbolus rubiginosus,149.09751,-37.9825
Asymbolus rubiginosus,151,-35.15
Asymbolus rubiginosus,145.085,-39.636
Asymbolus rubiginosus,150.05,-37.383
Asymbolus rubiginosus,151.017,-34.917
Asymbolus rubiginosus,126.11028,-33.16861
Asymbolus rubiginosus,153.8,-29.5
Asymbolus rubiginosus,153.833,-28.033
Asymbolus rubiginosus,151.3,-34.083
Asymbolus rubiginosus,148.22917,-37.92166
Asymbolus rubiginosus,150.08001,-37.31499
Asymbolus rubiginosus,150.95,-35.217
Asymbolus rubiginosus,150.317,-37.283
Asymbolus rubiginosus,150,-37.465
Asymbolus rubiginosus,151.917,-33.117
Asymbolus rubiginosus,126.3507,-33.09208
Asymbolus rubiginosus,153.85,-28.217
Asymbolus rubiginosus,147.28765,-43.70133
Asymbolus rubiginosus,151.567,-33.667
Asymbolus rubiginosus,125.68334,-33.59167
Asymbolus rubiginosus,146.76667,-40.55111
Asymbolus rubiginosus,151.767,-33.7
Asymbolus rubiginosus,126.2175,-32.85903
Asymbolus rubiginosus,151.3,-34.1
Asymbolus rubiginosus,126.49236,-32.85
Asymbolus rubiginosus,150.233,-37.483
Asymbolus rubiginosus,146.616,-39.5711
Asymbolus rubiginosus,151.3,-33.566
Asymbolus rubiginosus,146.29563,-43.74666
Asymbolus rubiginosus,147.43333,-43.35
Asymbolus rubiginosus,150.18333,-36.46667
Asymbolus rubiginosus,150.3,-36.283
Asymbolus rubiginosus,150.21584,-37.3075
Asymbolus rubiginosus,151.2,-34.383
Asymbolus rubiginosus,150.24166,-36.44583
Asymbolus rubiginosus,147.09313,-43.67712
Asymbolus rubiginosus,148.35,-38.6225
Asymbolus rubiginosus,148.50667,-38.99333
Asymbolus rubiginosus,152.317,-32.917
Asymbolus rubiginosus,153.633,-29.2
Asymbolus rubiginosus,151.833,-34.867
Asymbolus rubiginosus,149.99,-37.44
Asymbolus rubiginosus,152.233,-33.017
Asymbolus rubiginosus,147.03688,-43.68631
Asymbolus rubiginosus,152,-33
Asymbolus rubiginosus,151.1,-34.717
Asymbolus rubiginosus,151.383,-34.017
Asymbolus rubiginosus,150.3,-37.25
Asymbolus rubiginosus,146.96622,-43.69266
Asymbolus rubiginosus,147.40833,-43.28883
Asymbolus rubiginosus,150.15,-36.683
Asymbolus rubiginosus,150.083,-36.817
Asymbolus rubiginosus,150.3,-37.35
Asymbolus rubiginosus,149.07167,-37.83
Asymbolus rubiginosus,146.29139,-43.71823
Asymbolus rubiginosus,152.95,-31.95
Asymbolus rubiginosus,126.85125,-33.26917
Asymbolus rubiginosus,147.471,-43.17483
Asymbolus rubiginosus,153.433,-30.333
Asymbolus rubiginosus,151.167,-34.35
Asymbolus rubiginosus,150.433,-35.65
Asymbolus rubiginosus,146.29196,-43.75132
Asymbolus rubiginosus,150.0575,-36.94417
Asymbolus rubiginosus,149.0625,-37.90833
Asymbolus rubiginosus,147.29066,-43.66776
Asymbolus rubiginosus,148.20584,-37.86166
Asymbolus rubiginosus,150.3,-37.217
Asymbolus rubiginosus,133.18403,-32.98444
Asymbolus rubiginosus,151.483,-33.75
Asymbolus rubiginosus,150.367,-37.233
Asymbolus rubiginosus,149.9975,-37.28666
Asymbolus rubiginosus,150.24501,-37.31
Asymbolus rubiginosus,130.36028,-33.25028
Asymbolus rubiginosus,150.183,-36.617
Asymbolus rubiginosus,148.45473,-41.83488
Asymbolus rubiginosus,126.23431,-33.09361
Asymbolus rubiginosus,149.49667,-38.94
Asymbolus rubiginosus,150.183,-36.633
Asymbolus rubiginosus,151.2,-34.267
Asymbolus rubiginosus,147.44383,-43.29133
Asymbolus rubiginosus,152.667,-32.4
Asymbolus rubiginosus,147.2815,-43.65578
Asymbolus rubiginosus,150.10917,-37.7375
Asymbolus rubiginosus,152.217,-33
Asymbolus rubiginosus,151.667,-33.85
Asymbolus rubiginosus,124.95,-34.05
Asymbolus rubiginosus,150.383,-35.733
Asymbolus rubiginosus,151.35,-34.417
Asymbolus rubiginosus,124.975,-34.09166
Asymbolus rubiginosus,149.05333,-37.89083
Asymbolus rubiginosus,147.074,-39.0856
Asymbolus rubiginosus,147.451,-43.31767
Asymbolus rubiginosus,151.15,-34.45
Asymbolus rubiginosus,151.983,-33.05
Asymbolus rubiginosus,151.1,-34.517
Asymbolus rubiginosus,114.49222,-33.91778
Asymbolus rubiginosus,149.91,-37.755
Asymbolus rubiginosus,151.067,-34.867
Asymbolus rubiginosus,151.933,-33.5
Asymbolus rubiginosus,151.166,-36.59166
Asymbolus rubiginosus,152.067,-33.383
Asymbolus rubiginosus,151.09166,-34.72499
Asymbolus rubiginosus,149.26417,-37.94083
Asymbolus rubiginosus,150.967,-34.917
Asymbolus rubiginosus,151.55,-33.85
Asymbolus rubiginosus,147.139,-39.324
Asymbolus rubiginosus,148.55167,-41.03458
Asymbolus rubiginosus,151.15,-34.367
Asymbolus rubiginosus,126.36833,-32.96694
Asymbolus rubiginosus,151.183,-34.2
Asymbolus rubiginosus,152.833,-32.333
Asymbolus rubiginosus,126.325,-32.69402
Asymbolus rubiginosus,150.283,-36.6
Asymbolus rubiginosus,152.033,-33.45
Asymbolus rubiginosus,152,-32.933
Asymbolus rubiginosus,127.30945,-33.10903
Asymbolus rubiginosus,149.04334,-37.91416
Asymbolus rubiginosus,146.75903,-40.55833
Asymbolus rubiginosus,148.76099,-40.73999
Asymbolus rubiginosus,146.959,-39.1409
Asymbolus rubiginosus,152,-33.467
Asymbolus rubiginosus,151.183,-34.417
Asymbolus rubiginosus,149.07418,-37.835
Asymbolus rubiginosus,149.98,-37.76
Asymbolus rubiginosus,153.1,-31.033
Asymbolus rubiginosus,150.45,-35.617
Asymbolus rubiginosus,151.367,-34.05
Asymbolus rubiginosus,130.73403,-33.35069
Asymbolus rubiginosus,153.833,-28.7
Asymbolus rubiginosus,149.88833,-37.81917
Asymbolus rubiginosus,133.50834,-33.35069
Asymbolus rubiginosus,148.2275,-37.93
Asymbolus rubiginosus,152.283,-32.917
Asymbolus rubiginosus,151.9,-33.6
Asymbolus rubiginosus,151.483,-33.533
Asymbolus rubiginosus,151.833,-34.933
Asymbolus rubiginosus,150.2,-37.65
Asymbolus rubiginosus,150.005,-37.425
Asymbolus rubiginosus,150.15833,-36.64166
Asymbolus rubiginosus,153.833,-28.567
Asymbolus rubiginosus,152.933,-31.883
Asymbolus rubiginosus,150.20667,-37.29499
Asymbolus rubiginosus,153.6,-29.933
Asymbolus rubiginosus,149.0716,-37.83
Asymbolus rubiginosus,153.883,-28.033
