species,decimalLongitude,decimalLatitude
Asymbolus parvus,112.217,-24.7833
Asymbolus parvus,116.446998596,-19.2199993134
Asymbolus parvus,116.87667,-19.14833
Asymbolus parvus,117.875,-18.65833
Asymbolus parvus,117.07333,-19.12167
Asymbolus parvus,116.8766,-19.1483
Asymbolus parvus,121.66667,-14.96667
Asymbolus parvus,116.47,-19.2166
Asymbolus parvus,118.46167,-18.34167
Asymbolus parvus,118.18833,-18.56
Asymbolus parvus,148.3275,-38.95
Asymbolus parvus,116.902000427,-19.1399993896
Asymbolus parvus,118.427001953,-18.375
Asymbolus parvus,112.217002869,-24.7833003998
Asymbolus parvus,118.172996521,-18.5716991425
Asymbolus parvus,117.1033,-19.1166
Asymbolus parvus,117.806999207,-18.763299942
Asymbolus parvus,118.4616,-18.3416
Asymbolus parvus,150.21167,-37.30916
Asymbolus parvus,117.8133,-18.7366
Asymbolus parvus,112.152,-25.06217
Asymbolus parvus,112.15199,-25.06216
Asymbolus parvus,118.1883,-18.56
Asymbolus parvus,117.10333,-19.11667
Asymbolus parvus,118.14167,-18.525
Asymbolus parvus,117.81333,-18.73667
Asymbolus parvus,116.47,-19.21667
Asymbolus parvus,117.072998047,-19.1217002869
Asymbolus parvus,118.43334,-18.35
Asymbolus parvus,117.0733333349228,-19.12166666984558
