species,decimalLongitude,decimalLatitude
Asymbolus vincenti,113.4,-22.95
Asymbolus vincenti,144.325,-39.26667
Asymbolus vincenti,136.28,-34.7
Asymbolus vincenti,145.2,-38.32
Asymbolus vincenti,147.88333,-40.01667
Asymbolus vincenti,126.2757,-33.23444
Asymbolus vincenti,145.22,-38.37
Asymbolus vincenti,137.92,-35.17
Asymbolus vincenti,137.57,-34.05
Asymbolus vincenti,135.87,-34.73
Asymbolus vincenti,137.35,-34.93
Asymbolus vincenti,146.75,-41.08332
Asymbolus vincenti,127.90084,-32.91667
Asymbolus vincenti,135.87,-34.72
Asymbolus vincenti,133.2961,-32.5014
Asymbolus vincenti,144.75973,-39.5593
Asymbolus vincenti,135.87,-33.73
Asymbolus vincenti,137.625,-33.55833
Asymbolus vincenti,146.8,-41.06665
Asymbolus vincenti,136.99215,-34.92764
Asymbolus vincenti,136.54422,-34.1479
Asymbolus vincenti,138.42,-35.35
Asymbolus vincenti,138.47,-35.12
Asymbolus vincenti,136.22,-34.58
Asymbolus vincenti,136.83,-35.23
Asymbolus vincenti,137.03,-35.23
Asymbolus vincenti,136.05,-34.5
Asymbolus vincenti,134.6333,-33.25
Asymbolus vincenti,118,-35.13333
Asymbolus vincenti,145.17,-38.4
Asymbolus vincenti,147.275,-38.6667
Asymbolus vincenti,118.18083,-18.56583
Asymbolus vincenti,139.77,-37.25
Asymbolus vincenti,138.1,-35.6
Asymbolus vincenti,121.9,-33.86667
Asymbolus vincenti,136.214388,-34.818586
Asymbolus vincenti,134.2167,-32.8
Asymbolus vincenti,138.5917,-35.6081
Asymbolus vincenti,137.65,-35.65
Asymbolus vincenti,138.083,-35.8
Asymbolus vincenti,139.35195,-36.70028
Asymbolus vincenti,134.67,-33.2
Asymbolus vincenti,125.41667,-33.14167
Asymbolus vincenti,137.63,-35.65
Asymbolus vincenti,137.08,-34.93
Asymbolus vincenti,134.6,-33.28
Asymbolus vincenti,127.675,-33.25
Asymbolus vincenti,117.81,-18.75
Asymbolus vincenti,137.5383,-35.5236
Asymbolus vincenti,126.20903,-33.24236
