species,decimalLongitude,decimalLatitude
Atelomycterus fasciatus,117.8266,-20.0066
Atelomycterus fasciatus,116.7058,-19.9052
Atelomycterus fasciatus,117.86167,-20.01
Atelomycterus fasciatus,117.3743,-20.3258
Atelomycterus fasciatus,117.325,-20.16
Atelomycterus fasciatus,117.83167,-19.50667
Atelomycterus fasciatus,116.108,-20.5603
Atelomycterus fasciatus,116.26667,-20.38333
Atelomycterus fasciatus,117.3615,-20.338
Atelomycterus fasciatus,118.035,-19.82
Atelomycterus fasciatus,116.7866,-20.2183
Atelomycterus fasciatus,116.0583,-20.37
Atelomycterus fasciatus,118.8,-19.066
Atelomycterus fasciatus,117.86,-19.985
Atelomycterus fasciatus,116.69216,-19.91949
Atelomycterus fasciatus,118.03333,-19.83333
Atelomycterus fasciatus,117.565,-19.83167
Atelomycterus fasciatus,116.87099,-20.18983
Atelomycterus fasciatus,116.03816,-20.57116
Atelomycterus fasciatus,121.96667,-15.40833
Atelomycterus fasciatus,117.8416,-20.0066
Atelomycterus fasciatus,117.85,-19.96667
Atelomycterus fasciatus,117.82667,-20.00667
Atelomycterus fasciatus,117.8533,-19.9966
Atelomycterus fasciatus,117.86,-19.9833
Atelomycterus fasciatus,118.0925,-18.95666
Atelomycterus fasciatus,118.8,-19.06667
Atelomycterus fasciatus,117.86,-19.98333
Atelomycterus fasciatus,118.5,-19.033
Atelomycterus fasciatus,117.86167,-20.045
Atelomycterus fasciatus,117.9883,-19.0283
Atelomycterus fasciatus,117.8616,-20.01
Atelomycterus fasciatus,116.12817,-20.56033
Atelomycterus fasciatus,119.51667,-19.63333
Atelomycterus fasciatus,118.1,-19.68916
Atelomycterus fasciatus,119.417,-19.017
Atelomycterus fasciatus,116.23667,-19.82667
Atelomycterus fasciatus,117.35783,-20.34317
Atelomycterus fasciatus,114.25,-22.08333
Atelomycterus fasciatus,117.35834,-20.3575
Atelomycterus fasciatus,117.88,-19.985
Atelomycterus fasciatus,115.815,-20.1952
Atelomycterus fasciatus,117.8566,-19.995
Atelomycterus fasciatus,117.3615,-20.33799
Atelomycterus fasciatus,119.333,-18.616
Atelomycterus fasciatus,116.78667,-20.21833
Atelomycterus fasciatus,117.8316,-19.5066
Atelomycterus fasciatus,116.28333,-20.38333
Atelomycterus fasciatus,117.98833,-19.02833
Atelomycterus fasciatus,116.0143,-20.5713
Atelomycterus fasciatus,115.77833,-19.99
Atelomycterus fasciatus,116.13333,-20.15
Atelomycterus fasciatus,119.33333,-18.61667
Atelomycterus fasciatus,117.85,-19.966
Atelomycterus fasciatus,119.4,-18.61667
Atelomycterus fasciatus,115.70333,-19.89767
Atelomycterus fasciatus,116.116,-20.15
Atelomycterus fasciatus,116.12816,-20.56033
Atelomycterus fasciatus,117.85333,-19.99667
Atelomycterus fasciatus,116.84167,-19.67333
Atelomycterus fasciatus,117.8616,-20.045
Atelomycterus fasciatus,117.34334,-20.335
Atelomycterus fasciatus,116.8858,-20.1762
Atelomycterus fasciatus,118.32333,-19.96667
Atelomycterus fasciatus,118.683,-19.2
Atelomycterus fasciatus,117.92,-20.005
Atelomycterus fasciatus,116.03817,-20.57117
Atelomycterus fasciatus,115.78583,-20.19933
Atelomycterus fasciatus,116.0175,-20.25416
Atelomycterus fasciatus,116.62033,-19.988
Atelomycterus fasciatus,116.2366,-19.8266
Atelomycterus fasciatus,115.11667,-21.63333
Atelomycterus fasciatus,115.65,-19.9
Atelomycterus fasciatus,119.4,-18.616
Atelomycterus fasciatus,117.40917,-19.96166
Atelomycterus fasciatus,118.07,-18.99667
Atelomycterus fasciatus,116.62033,-19.98799
Atelomycterus fasciatus,116.06417,-20.37583
Atelomycterus fasciatus,115.7783,-19.99
Atelomycterus fasciatus,119.516,-19.633
Atelomycterus fasciatus,117.55667,-19.82333
Atelomycterus fasciatus,116.69217,-19.9195
Atelomycterus fasciatus,118.07,-18.9966
Atelomycterus fasciatus,116.634,-19.9715
Atelomycterus fasciatus,117.84167,-20.00667
Atelomycterus fasciatus,116.11667,-20.15
Atelomycterus fasciatus,118.58333,-20.3
Atelomycterus fasciatus,117.42917,-20.2725
Atelomycterus fasciatus,116.871,-20.18983
Atelomycterus fasciatus,114.333000183,-21.9169998169
Atelomycterus fasciatus,114.333,-21.917
Atelomycterus fasciatus,117.85584,-20.0525
Atelomycterus fasciatus,116.83917,-20.12333
Atelomycterus fasciatus,116.64933,-19.82567
Atelomycterus fasciatus,118.46667,-19.55167
Atelomycterus fasciatus,116.8416,-19.6733
Atelomycterus fasciatus,118.4666,-19.5516
Atelomycterus fasciatus,117.13167,-20.32
Atelomycterus fasciatus,115.96667,-19.90833
Atelomycterus fasciatus,116.05833,-20.37
Atelomycterus fasciatus,117.5566,-19.8233
Atelomycterus fasciatus,117.85667,-19.995
Atelomycterus fasciatus,118.3233,-19.9666
Atelomycterus fasciatus,116.98,-19.95333
