species,decimalLongitude,decimalLatitude
Atelomycterus marnkalha,150.37,-21.89
Atelomycterus marnkalha,141.60001,-10.6
Atelomycterus marnkalha,148.88117,-20.27983
Atelomycterus marnkalha,151.15,-22.65
Atelomycterus marnkalha,143.14233,-10.61366
Atelomycterus marnkalha,140.8,-10.51667
Atelomycterus marnkalha,143.550003052,-10.3330001831
Atelomycterus marnkalha,143.8,-9.45
Atelomycterus marnkalha,142.88,-10.95
Atelomycterus marnkalha,143.166667,-9.666667
Atelomycterus marnkalha,141.617,-10.55
Atelomycterus marnkalha,142.58283,-9.61049
Atelomycterus marnkalha,141.600006104,-10.6000003815
Atelomycterus marnkalha,143.557,-10.33117
Atelomycterus marnkalha,144.06,-13.86
Atelomycterus marnkalha,143.800003052,-9.44999980927
Atelomycterus marnkalha,150.33,-22.13
Atelomycterus marnkalha,151.817524,-23.681962
Atelomycterus marnkalha,151.884189,-23.631961
Atelomycterus marnkalha,142.58283,-9.6105
Atelomycterus marnkalha,135.783,-9.367
Atelomycterus marnkalha,151.4815,-21.5095
Atelomycterus marnkalha,141.617004395,-10.5500001907
Atelomycterus marnkalha,141.61317,-10.5525
Atelomycterus marnkalha,143.14233,-10.61367
Atelomycterus marnkalha,141.55517,-10.67817
Atelomycterus marnkalha,151.88418,-23.63196
Atelomycterus marnkalha,143.16666,-9.66667
Atelomycterus marnkalha,129.227,-12.455
Atelomycterus marnkalha,142.567,-9.6
Atelomycterus marnkalha,143.811,-9.45767
Atelomycterus marnkalha,151.95,-23.63333
Atelomycterus marnkalha,141.61316,-10.55249
Atelomycterus marnkalha,143.55,-10.333
Atelomycterus marnkalha,151.95,-23.633333
Atelomycterus marnkalha,148.88116,-20.27983
Atelomycterus marnkalha,141.607,-10.59467
Atelomycterus marnkalha,151.48149,-21.50949
Atelomycterus marnkalha,141.60699,-10.59466
Atelomycterus marnkalha,143.55699,-10.33116
Atelomycterus marnkalha,140.8,-10.516
Atelomycterus marnkalha,141.55516,-10.67816
Atelomycterus marnkalha,151.81752,-23.68196
Atelomycterus marnkalha,140.166,-17.416
Atelomycterus marnkalha,132.167,-10.967
Atelomycterus marnkalha,142.567001343,-9.60000038147
Atelomycterus marnkalha,143.81099,-9.45766
