species,decimalLongitude,decimalLatitude
Atherinason hepsetoides,150.675,-35.0565
Atherinason hepsetoides,150.76,-34.9941
Atherinason hepsetoides,150.753,-34.9925
Atherinason hepsetoides,150.674,-35.0591
Atherinason hepsetoides,148.05,-42.666
Atherinason hepsetoides,150.782,-35.0306
Atherinason hepsetoides,147.35,-39.48
Atherinason hepsetoides,150.713,-35.1334
Atherinason hepsetoides,145.05,-38.43
Atherinason hepsetoides,147.68333,-43.11667
Atherinason hepsetoides,144.745,-38.3372
Atherinason hepsetoides,150.779,-35.0292
Atherinason hepsetoides,150.674,-35.0616
Atherinason hepsetoides,150.697,-35.1214
Atherinason hepsetoides,150.693,-35.1101
Atherinason hepsetoides,136.583,-35.75
Atherinason hepsetoides,150.746,-35.1368
Atherinason hepsetoides,151.166,-34.066
Atherinason hepsetoides,150.674,-35.0665
Atherinason hepsetoides,150.786,-35.0384
Atherinason hepsetoides,150.721,-35.1376
Atherinason hepsetoides,144.75,-38.18
Atherinason hepsetoides,150.762,-34.995
Atherinason hepsetoides,150.757,-34.9933
Atherinason hepsetoides,150.695,-35.1184
Atherinason hepsetoides,150.755,-34.9929
Atherinason hepsetoides,150.749,-34.9925
Atherinason hepsetoides,145.2,-38.37
Atherinason hepsetoides,150.699,-35.1238
Atherinason hepsetoides,151.283,-33.866
Atherinason hepsetoides,151.2,-33.95
Atherinason hepsetoides,151.18333,-34.05
Atherinason hepsetoides,150.785,-35.0338
Atherinason hepsetoides,137.5,-33.75
Atherinason hepsetoides,150.784,-35.0321
Atherinason hepsetoides,150.702,-35.0107
Atherinason hepsetoides,147.116,-43.4
Atherinason hepsetoides,150.673,-35.0641
Atherinason hepsetoides,150.689,-35.0165
Atherinason hepsetoides,144.9,-37.97
Atherinason hepsetoides,136.8744,-34.6078
Atherinason hepsetoides,150.75,-35
Atherinason hepsetoides,144.82,-37.87
Atherinason hepsetoides,150.695,-35.0133
Atherinason hepsetoides,150.678,-35.0252
Atherinason hepsetoides,137.57961,-33.34594
Atherinason hepsetoides,150.676,-35.0544
Atherinason hepsetoides,148.25,-40.216
Atherinason hepsetoides,147.22,-42.74
Atherinason hepsetoides,147.9,-42.51667
Atherinason hepsetoides,150.786,-35.0357
Atherinason hepsetoides,144.98,-37.88
Atherinason hepsetoides,150.717,-35.1359
Atherinason hepsetoides,138.083,-35.8
Atherinason hepsetoides,144.8,-37.92
Atherinason hepsetoides,145.114,-38.1461
Atherinason hepsetoides,150.694,-35.1133
Atherinason hepsetoides,150.685,-35.0727
Atherinason hepsetoides,148.3,-42.16667
Atherinason hepsetoides,145.23,-38.28
Atherinason hepsetoides,150.781,-35.0001
Atherinason hepsetoides,145.083,-38.0111
Atherinason hepsetoides,135.87,-34.73
Atherinason hepsetoides,151.266,-33.8
Atherinason hepsetoides,148,-40.366
Atherinason hepsetoides,150.693,-35.1079
Atherinason hepsetoides,137.483,-33.605
Atherinason hepsetoides,147.3421,-43.0534
Atherinason hepsetoides,144,-40.13333
Atherinason hepsetoides,151.2,-34.0098
Atherinason hepsetoides,137.537,-33.8308
Atherinason hepsetoides,149.77,-37.57
Atherinason hepsetoides,136.916,-34.5
Atherinason hepsetoides,144.8675,-40.05944
Atherinason hepsetoides,147.35709,-43.06273
Atherinason hepsetoides,150.674,-35.0301
Atherinason hepsetoides,147.31,-42.97
Atherinason hepsetoides,147.36667,-43.11667
Atherinason hepsetoides,143.96667,-40.11667
Atherinason hepsetoides,147.955,-37.8786
Atherinason hepsetoides,149.77,-37.55
Atherinason hepsetoides,150.711,-35.1299
Atherinason hepsetoides,150.744,-35.138
Atherinason hepsetoides,148.333,-39.95
Atherinason hepsetoides,145.03,-38.48
Atherinason hepsetoides,147.892,-37.8822
Atherinason hepsetoides,141.66666,-38.33333
Atherinason hepsetoides,144.74195,-39.75083
Atherinason hepsetoides,117.86667,-35.03333
Atherinason hepsetoides,150.683,-35.0207
Atherinason hepsetoides,147.35,-42.9
Atherinason hepsetoides,147.53,-38.1
