species,decimalLongitude,decimalLatitude
Atherinomorus forskalii,119.148215,4.722753
Atherinomorus forskalii,28.08638,36.09487
Atherinomorus forskalii,34.7305,32.5398
Atherinomorus forskalii,28.21001,36.34117
Atherinomorus forskalii,119.85,11.492499
Atherinomorus forskalii,25.97488,36.90732
Atherinomorus forskalii,73.03,8.26
Atherinomorus forskalii,32.3464,35.0589
Atherinomorus forskalii,160.48932,-9.5222
Atherinomorus forskalii,178.430157,-18.166425
Atherinomorus forskalii,160.144932,-9.103735
Atherinomorus forskalii,123.987477,11.25723
Atherinomorus forskalii,33.333333,28.3
Atherinomorus forskalii,162.736751,-8.390035
Atherinomorus forskalii,22.99952,36.1423
Atherinomorus forskalii,28.17563,36.42034
Atherinomorus forskalii,121.602597,6.620233
