species,decimalLongitude,decimalLatitude
Atherinomorus lacunosus,114.174572,-21.8295877
Atherinomorus lacunosus,113.83941818,-22.23723118
Atherinomorus lacunosus,114.06873276,-21.82918624
Atherinomorus lacunosus,137.92,-35.17
Atherinomorus lacunosus,113.94532745,-21.96216403
Atherinomorus lacunosus,138.53,-34.97
Atherinomorus lacunosus,113.87730417,-22.13186648
Atherinomorus lacunosus,151.1,-34.066
Atherinomorus lacunosus,151.266,-33.85
Atherinomorus lacunosus,114.16667,-21.78333
Atherinomorus lacunosus,151.122144,-34.07055
Atherinomorus lacunosus,115.66667,-32.2
Atherinomorus lacunosus,115.567,-20.4
Atherinomorus lacunosus,115.716,-32.533
Atherinomorus lacunosus,151.283,-33.866
Atherinomorus lacunosus,137.78,-32.5
Atherinomorus lacunosus,139.75,-37.17
Atherinomorus lacunosus,150.833,-34.516
Atherinomorus lacunosus,116.567,-20.5
Atherinomorus lacunosus,116.71667,-20.66667
Atherinomorus lacunosus,151.216,-33.866
Atherinomorus lacunosus,114.62,-28.77
Atherinomorus lacunosus,135.27,-34.47
Atherinomorus lacunosus,151.421087,-33.929034
Atherinomorus lacunosus,146.85,-42.616667
Atherinomorus lacunosus,115.733,-32.05
Atherinomorus lacunosus,115.8,-32.01667
Atherinomorus lacunosus,115.85,-21.01667
Atherinomorus lacunosus,150.133,-36.033
Atherinomorus lacunosus,139.1,-35.52
