species,decimalLongitude,decimalLatitude
Atherinomorus vaigiensis,115.64293,-32.6271
Atherinomorus vaigiensis,115.6661,-32.6236
Atherinomorus vaigiensis,115.6968,-32.75065
Atherinomorus vaigiensis,150.779,-35.0292
Atherinomorus vaigiensis,115.7113,-32.5281
Atherinomorus vaigiensis,115.68557,-32.68587
Atherinomorus vaigiensis,151.583,-33.083
Atherinomorus vaigiensis,115.71923,-32.54573
Atherinomorus vaigiensis,115.73333,-32.05
Atherinomorus vaigiensis,115.73775,-32.61898
Atherinomorus vaigiensis,115.65543,-32.66577
Atherinomorus vaigiensis,115.71835,-32.55215
Atherinomorus vaigiensis,115.7172,-32.5381
Atherinomorus vaigiensis,115.66522,-32.63722
Atherinomorus vaigiensis,152.4833,-32.3833
Atherinomorus vaigiensis,113.7242017,-25.86370161
Atherinomorus vaigiensis,115.73205,-32.57642
Atherinomorus vaigiensis,113.53502584,-25.92840289
Atherinomorus vaigiensis,115.6885,-32.57732
Atherinomorus vaigiensis,116.8189,-20.5389
Atherinomorus vaigiensis,115.69057,-32.62805
Atherinomorus vaigiensis,113.18333,-26.16667
Atherinomorus vaigiensis,114.36667,-21.88333
Atherinomorus vaigiensis,151.31721,-33.52721
Atherinomorus vaigiensis,115.83333,-31.96667
Atherinomorus vaigiensis,150.676,-35.0544
Atherinomorus vaigiensis,150.784,-35.0321
Atherinomorus vaigiensis,150.674,-35.0665
Atherinomorus vaigiensis,150.76,-34.9941
Atherinomorus vaigiensis,115.70767,-32.73953
Atherinomorus vaigiensis,150.786,-35.0357
Atherinomorus vaigiensis,151.25,-33.85
Atherinomorus vaigiensis,115.766,-32
Atherinomorus vaigiensis,150.674,-35.0591
Atherinomorus vaigiensis,150.757,-34.9933
Atherinomorus vaigiensis,150.774,-34.9333
Atherinomorus vaigiensis,115.75058,-32.5925
Atherinomorus vaigiensis,113.6197017,-25.92828095
Atherinomorus vaigiensis,150.749,-34.9925
Atherinomorus vaigiensis,151.3,-33.633
Atherinomorus vaigiensis,115.4,-20.76667
Atherinomorus vaigiensis,115,-30.3
Atherinomorus vaigiensis,151.2,-33.616
Atherinomorus vaigiensis,115.75772,-32.57463
Atherinomorus vaigiensis,150.116,-36.133
Atherinomorus vaigiensis,151.133,-34.0054
Atherinomorus vaigiensis,150.782,-35.0306
Atherinomorus vaigiensis,150.673,-35.0641
Atherinomorus vaigiensis,153.416,-27.966
Atherinomorus vaigiensis,150.694,-35.1133
Atherinomorus vaigiensis,114.25,-28.2
Atherinomorus vaigiensis,113.83941818,-22.23723118
Atherinomorus vaigiensis,149.883,-36.916
Atherinomorus vaigiensis,150.746,-35.1368
Atherinomorus vaigiensis,152.48333,-32.26667
Atherinomorus vaigiensis,150.713,-35.1334
Atherinomorus vaigiensis,150.695,-35.0133
Atherinomorus vaigiensis,150.697,-35.1214
Atherinomorus vaigiensis,115.67555,-32.57473
Atherinomorus vaigiensis,115.68082,-32.733
Atherinomorus vaigiensis,150.133,-36.033
Atherinomorus vaigiensis,152.583,-27.516
Atherinomorus vaigiensis,150.721,-35.1376
Atherinomorus vaigiensis,122.16667,-17.43333
Atherinomorus vaigiensis,113.93333,-21.96667
Atherinomorus vaigiensis,150.762,-34.995
Atherinomorus vaigiensis,114.61667,-28.76667
Atherinomorus vaigiensis,151.35,-33.8
Atherinomorus vaigiensis,153.25,-27.25
Atherinomorus vaigiensis,150.966,-33.5
Atherinomorus vaigiensis,151.233,-34.083
Atherinomorus vaigiensis,150.683,-35.0207
Atherinomorus vaigiensis,153.606,-28.82266
Atherinomorus vaigiensis,151.283,-33.816
Atherinomorus vaigiensis,150.786,-35.0384
Atherinomorus vaigiensis,151.18333,-34.05
Atherinomorus vaigiensis,150.785,-35.0338
Atherinomorus vaigiensis,115.816,-31.983
Atherinomorus vaigiensis,150.674,-35.0616
Atherinomorus vaigiensis,150.717,-35.1359
Atherinomorus vaigiensis,150.6,-35.083
Atherinomorus vaigiensis,151.279767,-33.844269
Atherinomorus vaigiensis,113.53506795,-25.92837554
Atherinomorus vaigiensis,115.066,-33.566
Atherinomorus vaigiensis,152.483,-32.383
Atherinomorus vaigiensis,150.744,-35.138
Atherinomorus vaigiensis,153.42097,-27.94278
Atherinomorus vaigiensis,151.133,-34.066
Atherinomorus vaigiensis,113.87730417,-22.13186648
Atherinomorus vaigiensis,113.94532745,-21.96216403
Atherinomorus vaigiensis,153.36667,-27.13333
Atherinomorus vaigiensis,151.166,-34.083
Atherinomorus vaigiensis,150.15,-36.216
Atherinomorus vaigiensis,153.3,-29.45
Atherinomorus vaigiensis,150.753,-34.9925
Atherinomorus vaigiensis,113.75,-23.11667
Atherinomorus vaigiensis,153.366,-27.5
Atherinomorus vaigiensis,152.5,-32.283
Atherinomorus vaigiensis,152.4666667,-32.4
Atherinomorus vaigiensis,114,-29
Atherinomorus vaigiensis,151.116,-34.083
Atherinomorus vaigiensis,151.166,-34
Atherinomorus vaigiensis,150.711,-35.1299
Atherinomorus vaigiensis,150.699,-35.1238
Atherinomorus vaigiensis,115.733,-32.05
Atherinomorus vaigiensis,150.674,-35.0301
Atherinomorus vaigiensis,150.675,-35.0565
Atherinomorus vaigiensis,115.833,-32
Atherinomorus vaigiensis,153.1,-27.2
Atherinomorus vaigiensis,115.66667,-33.33333
Atherinomorus vaigiensis,151,-33
Atherinomorus vaigiensis,113.16667,-26.13333
Atherinomorus vaigiensis,113.9074548,-26.1006336
Atherinomorus vaigiensis,115.16667,-21.31667
Atherinomorus vaigiensis,151.16982,-33.96924
Atherinomorus vaigiensis,115.716,-32.2
Atherinomorus vaigiensis,153.41666,-27.96667
Atherinomorus vaigiensis,116.53611,-20.61666
Atherinomorus vaigiensis,150.685,-35.0727
Atherinomorus vaigiensis,150.678,-35.0252
Atherinomorus vaigiensis,153.116,-27.183
Atherinomorus vaigiensis,150.74,-34.9934
Atherinomorus vaigiensis,115.56666,-20.4
Atherinomorus vaigiensis,151,-34
Atherinomorus vaigiensis,115.68078,-32.59317
Atherinomorus vaigiensis,150.100006,-36.25
Atherinomorus vaigiensis,122.15,-17.35
Atherinomorus vaigiensis,151.6,-33.08333
Atherinomorus vaigiensis,113.619795,-26.1042251
Atherinomorus vaigiensis,113.65,-22.55
Atherinomorus vaigiensis,115.9,-31.933
Atherinomorus vaigiensis,153.13333,-27.08333
Atherinomorus vaigiensis,113.6197017,-26.1042868
Atherinomorus vaigiensis,151.27499,-33.55055
Atherinomorus vaigiensis,150.45,-35.26667
Atherinomorus vaigiensis,151.216,-33.633
Atherinomorus vaigiensis,115.8,-32.016
Atherinomorus vaigiensis,113.535097,-25.92835727
Atherinomorus vaigiensis,115.83333,-32.06667
Atherinomorus vaigiensis,115.8,-32.01667
Atherinomorus vaigiensis,151.15914,-33.66011
Atherinomorus vaigiensis,113.6425,-22.67861
Atherinomorus vaigiensis,115.02333,-21.68694
Atherinomorus vaigiensis,115.733,-32.066
Atherinomorus vaigiensis,151.137,-34.0052
Atherinomorus vaigiensis,150.693,-35.1101
Atherinomorus vaigiensis,151.45,-33.316
Atherinomorus vaigiensis,150.149993896,-35.75
Atherinomorus vaigiensis,151.333,-33.466
Atherinomorus vaigiensis,151.5,-33.316
Atherinomorus vaigiensis,153.36667,-27.48333
Atherinomorus vaigiensis,113.533,-25.916
Atherinomorus vaigiensis,150.755,-34.9929
Atherinomorus vaigiensis,151.1,-34.083
Atherinomorus vaigiensis,113.7,-25.75
Atherinomorus vaigiensis,115.69,-33.31
Atherinomorus vaigiensis,153.4,-27.5
Atherinomorus vaigiensis,150.133331,-36.066666
Atherinomorus vaigiensis,150.116,-36.15
Atherinomorus vaigiensis,153.36667,-27.5
Atherinomorus vaigiensis,114.174572,-21.8295877
Atherinomorus vaigiensis,115.06667,-33.55
Atherinomorus vaigiensis,121.8,-18.51667
Atherinomorus vaigiensis,150.25,-35.733
Atherinomorus vaigiensis,151.166,-34.066
Atherinomorus vaigiensis,115.85,-31.95
Atherinomorus vaigiensis,113.166999817,-25.1669998169
Atherinomorus vaigiensis,115.5,-32
Atherinomorus vaigiensis,114.13333,-22.25
Atherinomorus vaigiensis,151.116,-34.033
Atherinomorus vaigiensis,151.2,-33.95
Atherinomorus vaigiensis,114.33783,-21.68617
Atherinomorus vaigiensis,153.36667,-27.08333
Atherinomorus vaigiensis,152.16667,-32.66667
Atherinomorus vaigiensis,151.15,-34.05
Atherinomorus vaigiensis,151.133,-34.083
Atherinomorus vaigiensis,113.93333,-21.93333
Atherinomorus vaigiensis,150.702,-35.0107
Atherinomorus vaigiensis,150.689,-35.0165
Atherinomorus vaigiensis,153.133,-26.8
Atherinomorus vaigiensis,113.638598575259,-25.9522459340334
Atherinomorus vaigiensis,113.5,-25.5
Atherinomorus vaigiensis,115.41667,-31.23333
Atherinomorus vaigiensis,151.23333,-34
Atherinomorus vaigiensis,114.58333,-28.75
Atherinomorus vaigiensis,152.483333,-32.383333
Atherinomorus vaigiensis,151.11667,-34.06667
Atherinomorus vaigiensis,151.266,-33.85
Atherinomorus vaigiensis,116.6,-20.46667
Atherinomorus vaigiensis,113.6197017,-25.9282809
Atherinomorus vaigiensis,151.083,-34.05
Atherinomorus vaigiensis,116.533,-20.483
Atherinomorus vaigiensis,153.36667,-27.11666
Atherinomorus vaigiensis,150.743,-34.9935
Atherinomorus vaigiensis,151.166,-34.05
Atherinomorus vaigiensis,151.25,-33.833
Atherinomorus vaigiensis,138.3133,-35.4356
Atherinomorus vaigiensis,151.272266,-33.850143
Atherinomorus vaigiensis,151.283,-33.85
