species,decimalLongitude,decimalLatitude
Atherinomorus pinguis,32.966667,-26.016666
Atherinomorus pinguis,149.55,-6.23333
Atherinomorus pinguis,57.583332,-20.299999
Atherinomorus pinguis,157.0045,-8.0055
Atherinomorus pinguis,165.55,11.63
Atherinomorus pinguis,55,-20
Atherinomorus pinguis,57.733334,-20.355556
Atherinomorus pinguis,166.011,-21.0155
Atherinomorus pinguis,30.9832992554,-29.8833007812
Atherinomorus pinguis,152.93333,-9.23333
Atherinomorus pinguis,166.0071667,-22.0046667
Atherinomorus pinguis,31.0580005646,-29.8710002899
Atherinomorus pinguis,32.9667,-26.0167
Atherinomorus pinguis,166.0071667,-22.004
Atherinomorus pinguis,32.866667,-26.883333
Atherinomorus pinguis,99.296389,10.441667
Atherinomorus pinguis,150.66667,-10.61667
Atherinomorus pinguis,122.1666667,6.9166667
Atherinomorus pinguis,31,-29.85
Atherinomorus pinguis,32.9166984558,-26
