species,decimalLongitude,decimalLatitude
Atrosalarias holomelas,119.61667,-17.1
Atrosalarias holomelas,113.78333,-28.46667
Atrosalarias holomelas,119.36667,-17.3
Atrosalarias holomelas,114.03333,-28.88333
Atrosalarias holomelas,124.27472,-16.24027
Atrosalarias holomelas,113.77,-28.48
Atrosalarias holomelas,119.35,-17.3
Atrosalarias holomelas,113.73333,-28.5
Atrosalarias holomelas,113.75875,-23.16108
Atrosalarias holomelas,116.61667,-20.46667
Atrosalarias holomelas,119.35,-17.36667
Atrosalarias holomelas,113.76667,-28.48333
Atrosalarias holomelas,124.19703,-16.00368
Atrosalarias holomelas,124.26883,-15.94812
