species,decimalLongitude,decimalLatitude
Atypichthys strigatus,150.733,-35.1
Atypichthys strigatus,147.32967,-39.45399
Atypichthys strigatus,152.608,-32.45562
Atypichthys strigatus,153.25,-29.75
Atypichthys strigatus,150.766,-35.016
Atypichthys strigatus,152.55205,-32.5231
Atypichthys strigatus,152.59947,-32.44311
Atypichthys strigatus,145.621,-38.676
Atypichthys strigatus,151.421087,-33.929034
Atypichthys strigatus,146.441,-39.088
Atypichthys strigatus,152.79833,-31.71999
Atypichthys strigatus,153.14,-31.52
Atypichthys strigatus,153.0202,-31.3218
Atypichthys strigatus,149.99,-37.435
Atypichthys strigatus,153.8,-28.16667
Atypichthys strigatus,152.5832,-32.5065
Atypichthys strigatus,149.963,-37.519
Atypichthys strigatus,152.75,-30.75
Atypichthys strigatus,153.25,-31.75
Atypichthys strigatus,146.469,-39.064
Atypichthys strigatus,151.517,-33.45
Atypichthys strigatus,146.321,-39.054
Atypichthys strigatus,151.95,-32.817
Atypichthys strigatus,151.467,-33.633
Atypichthys strigatus,150.25,-35.25
Atypichthys strigatus,152.6068,-32.47609
Atypichthys strigatus,151.2267,-34.1192
Atypichthys strigatus,153.533,-29.517
Atypichthys strigatus,148.30984,-41.88012
Atypichthys strigatus,151.983,-32.917
Atypichthys strigatus,152.58022,-32.50783
Atypichthys strigatus,152.8908,-31.7437
Atypichthys strigatus,151.367,-33.967
Atypichthys strigatus,144.801,-38.307
Atypichthys strigatus,152.60128,-32.44826
Atypichthys strigatus,153.30111,-29.765
Atypichthys strigatus,149.99,-37.44
Atypichthys strigatus,151.166,-33.833
Atypichthys strigatus,152.533,-32.1
Atypichthys strigatus,149.905,-37.564
Atypichthys strigatus,151.25,-33.25
Atypichthys strigatus,151.27132,-33.84716
Atypichthys strigatus,153.383,-29.383
Atypichthys strigatus,151.26667,-34.06667
Atypichthys strigatus,145.683,-38.664
Atypichthys strigatus,152.6034,-32.45804
Atypichthys strigatus,151.15,-34.133
Atypichthys strigatus,151.683,-33.083
Atypichthys strigatus,151.75,-33.05
Atypichthys strigatus,148.1273,-40.73247
Atypichthys strigatus,151.230989,-33.865378
Atypichthys strigatus,153.0011,-33.4962
Atypichthys strigatus,145.11,-38.52
Atypichthys strigatus,152.9188,-31.75
Atypichthys strigatus,150.783,-35.083
Atypichthys strigatus,144.589,-38.29
Atypichthys strigatus,151.35,-33.733
Atypichthys strigatus,151.2927,-33.7809
Atypichthys strigatus,149.995,-37.47
Atypichthys strigatus,152.60367,-32.46513
Atypichthys strigatus,150.633,-35.2
Atypichthys strigatus,151.55,-33.4
Atypichthys strigatus,146.228,-38.966
Atypichthys strigatus,151.533,-33.45
Atypichthys strigatus,152.75,-33.25
Atypichthys strigatus,150,-37.48
Atypichthys strigatus,151.25,-35.25
Atypichthys strigatus,143.66667,-38.76667
Atypichthys strigatus,152.25,-33.25
Atypichthys strigatus,152.033,-32.867
Atypichthys strigatus,151.283,-33.816
Atypichthys strigatus,151.27582,-33.83633
Atypichthys strigatus,150.233,-35.783
Atypichthys strigatus,146.447,-38.997
Atypichthys strigatus,152.54639,-32.51844
Atypichthys strigatus,152.60819,-32.45805
Atypichthys strigatus,144.598,-38.294
Atypichthys strigatus,153.0028,-33.6607
Atypichthys strigatus,151.4433,-33.95
Atypichthys strigatus,147.31422,-39.46125
Atypichthys strigatus,151.21099,-33.85365
Atypichthys strigatus,148.34729,-39.95246
Atypichthys strigatus,153.667,-28.4
Atypichthys strigatus,145.665,-38.672
Atypichthys strigatus,149.98625,-37.27583
Atypichthys strigatus,152.59913,-32.44565
Atypichthys strigatus,152.75,-32.25
Atypichthys strigatus,152.59877,-32.44051
Atypichthys strigatus,145.617,-38.677
Atypichthys strigatus,153.2557,-30.5632
Atypichthys strigatus,146.284,-39.023
Atypichthys strigatus,153.0064,-33.6594
Atypichthys strigatus,152.94,-32.96
Atypichthys strigatus,153.25,-29.25
Atypichthys strigatus,152.25,-32.75
Atypichthys strigatus,152.51,-32.8
Atypichthys strigatus,153.466,-29.683
Atypichthys strigatus,151.733,-33.1
Atypichthys strigatus,146.467,-39.029
Atypichthys strigatus,152.61007,-32.44888
Atypichthys strigatus,151.332992554,-33.5830001831
Atypichthys strigatus,151.767,-33
Atypichthys strigatus,146.324,-39.076
Atypichthys strigatus,150.69589,-35.09912
Atypichthys strigatus,153.021,-31.32
Atypichthys strigatus,151.2917,-33.945
Atypichthys strigatus,146.334,-39.102
Atypichthys strigatus,152.54643,-32.51973
Atypichthys strigatus,150.779,-35.0316
Atypichthys strigatus,147.37744,-39.44677
Atypichthys strigatus,147.94814,-42.55305
Atypichthys strigatus,144.63,-38.29
Atypichthys strigatus,153.75,-28.25
Atypichthys strigatus,150.916,-34.333
Atypichthys strigatus,152.57548,-32.50806
Atypichthys strigatus,150.5361,-35.24444
Atypichthys strigatus,151.95,-32.883
Atypichthys strigatus,146.6454,-39.48049
Atypichthys strigatus,151.467,-33.6
Atypichthys strigatus,147.93999,-39.69625
Atypichthys strigatus,150.766,-35.116
Atypichthys strigatus,151.433,-33.75
Atypichthys strigatus,152.783,-32.3
Atypichthys strigatus,149.288,-37.797
Atypichthys strigatus,151.233,-34.1
Atypichthys strigatus,150.7,-35.05
Atypichthys strigatus,149.322,-37.786
Atypichthys strigatus,154.25,-29.25
Atypichthys strigatus,145.362,-38.565
Atypichthys strigatus,151.2166667,-33.8666667
Atypichthys strigatus,151.9722,-33.9713
Atypichthys strigatus,149.277,-37.802
Atypichthys strigatus,149.979,-37.507
Atypichthys strigatus,152.85,-31.917
Atypichthys strigatus,148.23333,-41.33332
Atypichthys strigatus,149.916,-37.6352
Atypichthys strigatus,150.25,-37.25
Atypichthys strigatus,151.3,-33.833
Atypichthys strigatus,153.0078,-33.6755
Atypichthys strigatus,151.25,-34.75
Atypichthys strigatus,152.316,-32.616
Atypichthys strigatus,146.47,-39.04
Atypichthys strigatus,148.05035,-42.59211
Atypichthys strigatus,151.467,-33.533
Atypichthys strigatus,152.517,-32.133
Atypichthys strigatus,151.283,-33.85
Atypichthys strigatus,151.883,-32.85
Atypichthys strigatus,144.659,-38.304
Atypichthys strigatus,152.0863,-32.8833
Atypichthys strigatus,147.96925,-42.52398
Atypichthys strigatus,152.25,-32.733
Atypichthys strigatus,150.7,-35.2
Atypichthys strigatus,152.60463,-32.4699
Atypichthys strigatus,152.6024,-32.45552
Atypichthys strigatus,153.25,-28.75
Atypichthys strigatus,147.955,-37.8786
Atypichthys strigatus,151.63254,-33.16041
Atypichthys strigatus,145.688,-38.66
Atypichthys strigatus,151.3,-33.633
Atypichthys strigatus,144.613,-38.297
Atypichthys strigatus,145.341,-38.559
Atypichthys strigatus,148.33565,-41.25111
Atypichthys strigatus,151.717,-33.067
Atypichthys strigatus,151.583,-33.417
Atypichthys strigatus,148.33107,-41.24843
Atypichthys strigatus,150.5,-35.33333
Atypichthys strigatus,145.51636,-40.8585
Atypichthys strigatus,149.964,-37.521
Atypichthys strigatus,151.983,-32.883
Atypichthys strigatus,147.2971,-39.44067
Atypichthys strigatus,152.60909,-32.45249
Atypichthys strigatus,149.998335,-37.306665
Atypichthys strigatus,147.29466,-39.46457
Atypichthys strigatus,153.2133,-32.6653
Atypichthys strigatus,152.60158,-32.45178
Atypichthys strigatus,151.18333,-34.05
Atypichthys strigatus,153.5039,-33.7759
Atypichthys strigatus,148.22939,-40.46449
Atypichthys strigatus,151.1995,-34.0927
Atypichthys strigatus,153.25,-27.25
Atypichthys strigatus,145.223,-38.529
Atypichthys strigatus,153.0105,-31.7572
Atypichthys strigatus,150.25,-37.75
Atypichthys strigatus,149.966,-37.466
Atypichthys strigatus,151.5,-33.483
Atypichthys strigatus,149.976,-37.508
Atypichthys strigatus,148.02431,-42.62899
Atypichthys strigatus,148.34607,-40.99447
Atypichthys strigatus,152.60241,-32.45552
Atypichthys strigatus,150.73304,-35.13304
Atypichthys strigatus,151.3,-33.967
Atypichthys strigatus,153.75,-29.25
Atypichthys strigatus,152.25,-32.25
Atypichthys strigatus,149.75,-37.57
Atypichthys strigatus,150.25,-36.25
Atypichthys strigatus,151.75,-33.017
Atypichthys strigatus,151.31696,-33.55527
Atypichthys strigatus,153.133,-30.467
Atypichthys strigatus,146.305,-39.04
Atypichthys strigatus,144.717,-38.317
Atypichthys strigatus,151.266,-33.833
Atypichthys strigatus,147.91566,-42.58359
Atypichthys strigatus,153.25,-30.25
Atypichthys strigatus,151.146,-34.082
Atypichthys strigatus,153,-27.25
Atypichthys strigatus,152.6147,-32.1677
Atypichthys strigatus,149.288,-37.796
Atypichthys strigatus,151.917,-32.85
Atypichthys strigatus,153.25,-32.25
Atypichthys strigatus,153.58333,-28.2
Atypichthys strigatus,149.98323,-36.73748
Atypichthys strigatus,151.25666,-33.83983
Atypichthys strigatus,153.567,-28.583
Atypichthys strigatus,149.75,-37.75
Atypichthys strigatus,149.918,-37.8338
Atypichthys strigatus,150.216,-35.783
Atypichthys strigatus,149.77,-37.57
Atypichthys strigatus,153.25,-30.75
Atypichthys strigatus,152.60679,-32.47609
Atypichthys strigatus,144.623,-38.29
Atypichthys strigatus,151.3333,-33.9583
Atypichthys strigatus,150.25,-35.75
Atypichthys strigatus,149.99844,-36.68649
Atypichthys strigatus,144.656,-38.304
Atypichthys strigatus,151.9,-32.867
Atypichthys strigatus,147.35158,-39.47374
Atypichthys strigatus,152.60047,-32.44984
Atypichthys strigatus,153.0947,-31.0032
Atypichthys strigatus,149.55394,-36.53591
Atypichthys strigatus,148.32396,-41.25041
Atypichthys strigatus,145.695,-38.655
Atypichthys strigatus,151.767,-33.017
Atypichthys strigatus,152.09246,-32.7901
Atypichthys strigatus,152.61008,-32.44888
Atypichthys strigatus,151.25,-33.75
Atypichthys strigatus,151.5833,-34
Atypichthys strigatus,149.918,-38.0987
Atypichthys strigatus,151.383,-33.6
Atypichthys strigatus,146.43,-39.11
Atypichthys strigatus,148.368,-41.28787
Atypichthys strigatus,151.467,-33.517
Atypichthys strigatus,153.1247,-32.6593
Atypichthys strigatus,151.533,-33.467
Atypichthys strigatus,149.266,-37.8
Atypichthys strigatus,151.95,-32.917
Atypichthys strigatus,150.733,-35.1389
Atypichthys strigatus,153.0019,-33.5752
Atypichthys strigatus,151.75,-33.25
Atypichthys strigatus,151.266,-33.85
Atypichthys strigatus,153.5021,-33.5832
Atypichthys strigatus,150.0145,-37.216
Atypichthys strigatus,151.127,-34.0808
Atypichthys strigatus,144.62,-38.29
Atypichthys strigatus,153.483,-29.533
Atypichthys strigatus,150.75,-35.25
Atypichthys strigatus,153.25,-31.25
Atypichthys strigatus,151.2167,-34.0833
Atypichthys strigatus,151.317,-33.883
Atypichthys strigatus,145.58836,-40.9155
Atypichthys strigatus,149.974,-37.51
Atypichthys strigatus,152.55016,-32.5212
Atypichthys strigatus,144.659,-38.302
Atypichthys strigatus,151.4,-33.6
Atypichthys strigatus,151.45,-33.7667
Atypichthys strigatus,149.274,-37.804
Atypichthys strigatus,151.2171,-34.00436
Atypichthys strigatus,153.0008,-33.5566
Atypichthys strigatus,151.75,-33.75
Atypichthys strigatus,148.29163,-41.20793
Atypichthys strigatus,149.973,-37.51
Atypichthys strigatus,153.39166,-29.85833
Atypichthys strigatus,152.4335,-32.55
Atypichthys strigatus,149.98971,-36.69563
Atypichthys strigatus,149.266,-37.796
Atypichthys strigatus,151.967,-32.883
Atypichthys strigatus,151.8659,-33.8643
Atypichthys strigatus,152.9277,-31.8951
Atypichthys strigatus,153.583,-29.417
Atypichthys strigatus,145.661,-38.675
Atypichthys strigatus,151.467,-33.5
Atypichthys strigatus,151.29531,-33.80047
Atypichthys strigatus,148.33829,-41.26009
Atypichthys strigatus,144.625,-38.28
Atypichthys strigatus,152.75,-32.75
Atypichthys strigatus,150.05,-36.633
Atypichthys strigatus,153.467,-29.367
Atypichthys strigatus,147.883,-40.016
Atypichthys strigatus,153.0187,-31.3202
Atypichthys strigatus,151.817,-32.883
Atypichthys strigatus,152.75,-31.25
Atypichthys strigatus,152.9992,-33.7874
Atypichthys strigatus,151.983,-32.9
Atypichthys strigatus,153.211,-32.5883
Atypichthys strigatus,146.64893,-39.473
Atypichthys strigatus,153.087,-32.5868
Atypichthys strigatus,152.25,-33.75
Atypichthys strigatus,153.55,-27.083
Atypichthys strigatus,150.699996948,-35.0499992371
Atypichthys strigatus,149.385,-37.782
Atypichthys strigatus,145.63333,-40.95
Atypichthys strigatus,150.75,-34.75
Atypichthys strigatus,150.016,-37.216
Atypichthys strigatus,151.27749,-33.84011
Atypichthys strigatus,146.242,-39.025
Atypichthys strigatus,154.25,-28.25
Atypichthys strigatus,151.183,-34.133
Atypichthys strigatus,153.562,-27.345
Atypichthys strigatus,145.642,-38.676
Atypichthys strigatus,152.75,-31.75
Atypichthys strigatus,149.98316,-36.74833
Atypichthys strigatus,150.733,-35.05
Atypichthys strigatus,153.404,-29.9968
Atypichthys strigatus,150.75,-36.25
Atypichthys strigatus,149.12,-37.75
Atypichthys strigatus,153.0968,-31.3323
Atypichthys strigatus,146.99438,-39.22445
Atypichthys strigatus,149.987,-37.4355
Atypichthys strigatus,151.181,-33.9491
Atypichthys strigatus,151.28132,-33.84566
Atypichthys strigatus,147.27727,-39.44352
Atypichthys strigatus,151.7,-33.05
Atypichthys strigatus,149.99834,-37.30666
Atypichthys strigatus,151.25,-34.1
Atypichthys strigatus,151.667,-33.3
Atypichthys strigatus,148.08046,-42.57373
Atypichthys strigatus,153.0456,-31.7503
Atypichthys strigatus,150.75,-35.033
Atypichthys strigatus,150.00833,-37.25216
Atypichthys strigatus,149.923,-36.8944
Atypichthys strigatus,151.25,-33.633
Atypichthys strigatus,151.733,-33.05
Atypichthys strigatus,150.121,-36.2214
Atypichthys strigatus,150.067,-36.617
Atypichthys strigatus,151.28334,-33.816666
Atypichthys strigatus,151.633,-33.083
Atypichthys strigatus,151.75,-34.25
Atypichthys strigatus,153.5006,-33.5976
Atypichthys strigatus,153,-27
Atypichthys strigatus,151.717,-33.033
Atypichthys strigatus,151.2115,-34.1165
Atypichthys strigatus,153.467,-29.567
Atypichthys strigatus,153.43449,-29.1145
Atypichthys strigatus,153.4,-29.35
Atypichthys strigatus,152.8851,-31.7505
Atypichthys strigatus,152.9327,-31.7507
Atypichthys strigatus,153.165,-30.9995
Atypichthys strigatus,151.483,-33.5
Atypichthys strigatus,151.2,-34.03333
Atypichthys strigatus,151.26378,-33.83036
Atypichthys strigatus,149.75,-37.25
Atypichthys strigatus,150.75,-35.133
Atypichthys strigatus,153.75,-29.75
Atypichthys strigatus,152.962,-31.9022
Atypichthys strigatus,143.68,-38.76
Atypichthys strigatus,151.3,-33.816
Atypichthys strigatus,151.25,-34.25
Atypichthys strigatus,154.25,-28.75
Atypichthys strigatus,151.166,-34.083
Atypichthys strigatus,150.75,-35.75
Atypichthys strigatus,151.7,-33.067
Atypichthys strigatus,151.25,-33.866
Atypichthys strigatus,144.04475,-40.08036
Atypichthys strigatus,153.45,-29.683
Atypichthys strigatus,149.966,-37.5
Atypichthys strigatus,150.067,-36.6
Atypichthys strigatus,148.08,-37.87
Atypichthys strigatus,149.75,-36.75
Atypichthys strigatus,151.717,-33.15
Atypichthys strigatus,151.25,-33.833
Atypichthys strigatus,145.72037,-40.9435
Atypichthys strigatus,148.00484,-42.43884
Atypichthys strigatus,153.60666,-28.82249
Atypichthys strigatus,150.017,-36.7
Atypichthys strigatus,152.533,-32.433
Atypichthys strigatus,147.9872,-42.5242
Atypichthys strigatus,151.75,-34.75
Atypichthys strigatus,152.57769,-32.50896
Atypichthys strigatus,148.06735,-42.5623
Atypichthys strigatus,151.8777,-33.8729
Atypichthys strigatus,151.9,-32.85
Atypichthys strigatus,148.33548,-41.25027
Atypichthys strigatus,149.99167,-37.295
Atypichthys strigatus,152.5359,-33.0934
Atypichthys strigatus,151.222,-34.0009
Atypichthys strigatus,152.921,-31.8886
Atypichthys strigatus,148.31631,-41.90329
Atypichthys strigatus,150.633,-35.217
Atypichthys strigatus,149.925,-36.8969
Atypichthys strigatus,151.72667,-33.135
Atypichthys strigatus,151.867,-32.85
Atypichthys strigatus,144.716,-38.316
Atypichthys strigatus,149.842,-37.558
Atypichthys strigatus,152.60159,-32.45178
Atypichthys strigatus,149.98399,-36.7374
Atypichthys strigatus,148.0032,-42.50664
Atypichthys strigatus,148.34029,-39.94446
Atypichthys strigatus,146.07346,-41.10429
Atypichthys strigatus,151.733,-33.033
Atypichthys strigatus,153.0281,-31.7493
Atypichthys strigatus,148.00697,-42.66082
Atypichthys strigatus,152.7177,-33.5172
Atypichthys strigatus,152.667,-32.4
Atypichthys strigatus,150.75,-35
Atypichthys strigatus,151.216,-33.85
Atypichthys strigatus,145.61,-38.68
Atypichthys strigatus,153.75,-28.75
Atypichthys strigatus,144.62,-38.3
Atypichthys strigatus,153.25,-32.75
Atypichthys strigatus,150.75,-34.25
Atypichthys strigatus,152.9996,-33.7766
Atypichthys strigatus,153.467,-29.4
Atypichthys strigatus,150.53577,-35.2442
Atypichthys strigatus,153.383,-29.4
Atypichthys strigatus,153.417,-29.533
Atypichthys strigatus,150.25,-36.75
Atypichthys strigatus,148.10585,-42.58352
Atypichthys strigatus,152.7,-32.383
Atypichthys strigatus,150.05,-36.65
Atypichthys strigatus,153.517,-29.233
Atypichthys strigatus,146.465,-39.04
Atypichthys strigatus,148.30344,-41.86864
Atypichthys strigatus,148.3427,-41.35428
Atypichthys strigatus,146.477,-39.0683
Atypichthys strigatus,153.0967,-31.3323
Atypichthys strigatus,146.342,-39.112
Atypichthys strigatus,151.183,-34
Atypichthys strigatus,153.75,-30.25
Atypichthys strigatus,150.617,-35.2
Atypichthys strigatus,150.617,-35.217
Atypichthys strigatus,153.0001,-33.5115
Atypichthys strigatus,149.916,-37.7017
Atypichthys strigatus,149.92,-37.57
Atypichthys strigatus,150.033,-36.667
Atypichthys strigatus,149.923,-36.8941
Atypichthys strigatus,151.817,-32.867
Atypichthys strigatus,151.6667,-34.0417
Atypichthys strigatus,151.917,-32.95
Atypichthys strigatus,153.41666,-27.46667
Atypichthys strigatus,153.501,-33.7312
Atypichthys strigatus,147.9393,-39.70147
Atypichthys strigatus,151.18333,-34.03333
Atypichthys strigatus,144.655,-38.275
Atypichthys strigatus,151.5,-33.5
Atypichthys strigatus,151.85,-32.867
Atypichthys strigatus,153.08333,-30.45
Atypichthys strigatus,152.267,-32.683
Atypichthys strigatus,150.227,-35.9952
Atypichthys strigatus,151.3,-33.75
Atypichthys strigatus,152.6,-32.167
Atypichthys strigatus,147.28708,-39.4653
Atypichthys strigatus,150.733,-35.133
Atypichthys strigatus,151.517,-33.467
Atypichthys strigatus,150.75,-35.01667
Atypichthys strigatus,152.333,-32.733
Atypichthys strigatus,151.24859,-33.85341
Atypichthys strigatus,151.967,-32.917
Atypichthys strigatus,148.31363,-41.86954
Atypichthys strigatus,151.717,-33.05
Atypichthys strigatus,151.75,-32.75
Atypichthys strigatus,153.65,-28.866
Atypichthys strigatus,145.654,-38.679
Atypichthys strigatus,151.25,-33.883
Atypichthys strigatus,148.069,-42.18987
Atypichthys strigatus,152.533,-32.117
Atypichthys strigatus,145.801,-38.7762
Atypichthys strigatus,151.333,-33.583
Atypichthys strigatus,150.883,-34.433
Atypichthys strigatus,153.4,-29.833
Atypichthys strigatus,150.01445,-37.216667
Atypichthys strigatus,153.48333,-27
Atypichthys strigatus,153.5,-29.3
Atypichthys strigatus,153.5005,-33.7174
Atypichthys strigatus,148.341,-41.25195
Atypichthys strigatus,147.30203,-39.449
Atypichthys strigatus,144.628,-38.285
Atypichthys strigatus,151.27466,-33.801
Atypichthys strigatus,152,-32.883
Atypichthys strigatus,152.2525,-32.8413
Atypichthys strigatus,153.25,-29.833
Atypichthys strigatus,152,-32
Atypichthys strigatus,151.933,-32.833
Atypichthys strigatus,152.8727,-31.7506
Atypichthys strigatus,151.933,-32.85
