species,decimalLongitude,decimalLatitude
Aulotrachichthys novaezelandicus,153.83833,-28.866
Aulotrachichthys novaezelandicus,152.85,-31.917
Aulotrachichthys novaezelandicus,153.84166,-28.6
Aulotrachichthys novaezelandicus,151.217,-34.283
Aulotrachichthys novaezelandicus,152.3,-32.933
Aulotrachichthys novaezelandicus,153.317,-30.55
Aulotrachichthys novaezelandicus,153.217,-31.05
Aulotrachichthys novaezelandicus,151.867,-33.6
Aulotrachichthys novaezelandicus,152.55,-33.466
Aulotrachichthys novaezelandicus,153.383,-30.40833
Aulotrachichthys novaezelandicus,153.35,-30.483
Aulotrachichthys novaezelandicus,152.2,-32.983
Aulotrachichthys novaezelandicus,153.6,-27.6
Aulotrachichthys novaezelandicus,153.833,-28.45
Aulotrachichthys novaezelandicus,152.25,-32.983
Aulotrachichthys novaezelandicus,153.4,-30.35
Aulotrachichthys novaezelandicus,151.816,-33.45833
Aulotrachichthys novaezelandicus,153.6,-26.91667
Aulotrachichthys novaezelandicus,153.60833,-29.883
Aulotrachichthys novaezelandicus,151.833,-33.383
Aulotrachichthys novaezelandicus,150.5,-35.583
Aulotrachichthys novaezelandicus,153.833,-28.617
Aulotrachichthys novaezelandicus,151.917,-33.533
Aulotrachichthys novaezelandicus,152.283,-32.917
Aulotrachichthys novaezelandicus,153.6,-26.966667
Aulotrachichthys novaezelandicus,153.86667,-27.96667
Aulotrachichthys novaezelandicus,151.2,-34.333
Aulotrachichthys novaezelandicus,152.283,-32.933
Aulotrachichthys novaezelandicus,150.55,-35.35
Aulotrachichthys novaezelandicus,152.217,-33.017
Aulotrachichthys novaezelandicus,151.817,-33.45
Aulotrachichthys novaezelandicus,150.983,-34.867
Aulotrachichthys novaezelandicus,153.833,-28.017
Aulotrachichthys novaezelandicus,151.9,-33.8
Aulotrachichthys novaezelandicus,151.983,-33.017
Aulotrachichthys novaezelandicus,151.55,-33.817
Aulotrachichthys novaezelandicus,153.6,-26.916667
Aulotrachichthys novaezelandicus,151.833,-33.633
Aulotrachichthys novaezelandicus,152.217,-33.033
Aulotrachichthys novaezelandicus,152.3,-32.9
Aulotrachichthys novaezelandicus,153.87499,-28.25
Aulotrachichthys novaezelandicus,153.4,-30.367
Aulotrachichthys novaezelandicus,152.183,-32.983
Aulotrachichthys novaezelandicus,153.216,-31.083
Aulotrachichthys novaezelandicus,153.883,-28.25
Aulotrachichthys novaezelandicus,151.933,-33.083
Aulotrachichthys novaezelandicus,153.61667,-27.03333
Aulotrachichthys novaezelandicus,151.917,-33.1
Aulotrachichthys novaezelandicus,153.833,-28.567
Aulotrachichthys novaezelandicus,152.133,-33.017
Aulotrachichthys novaezelandicus,151.9,-33.55
Aulotrachichthys novaezelandicus,150.95,-35.217
Aulotrachichthys novaezelandicus,153.6,-29.45
Aulotrachichthys novaezelandicus,152.25,-33.05
Aulotrachichthys novaezelandicus,153.416667,-26.916667
Aulotrachichthys novaezelandicus,151.7,-33.583
Aulotrachichthys novaezelandicus,151.167,-34.35
Aulotrachichthys novaezelandicus,151.933,-33.5
Aulotrachichthys novaezelandicus,153.41666,-26.91667
Aulotrachichthys novaezelandicus,152.233,-32.983
Aulotrachichthys novaezelandicus,152.167,-32.95
Aulotrachichthys novaezelandicus,151.767,-33.483
Aulotrachichthys novaezelandicus,152.3,-32.917
Aulotrachichthys novaezelandicus,153.6,-29.9
Aulotrachichthys novaezelandicus,152.783,-32.3
Aulotrachichthys novaezelandicus,152.233,-32.967
Aulotrachichthys novaezelandicus,153.616667,-27.033333
Aulotrachichthys novaezelandicus,151.85,-33.617
Aulotrachichthys novaezelandicus,152.233,-33.017
Aulotrachichthys novaezelandicus,151.883,-33.55
Aulotrachichthys novaezelandicus,153.267,-30.717
Aulotrachichthys novaezelandicus,152.3,-32.95
Aulotrachichthys novaezelandicus,151.783,-33.517
Aulotrachichthys novaezelandicus,151.717,-33.567
Aulotrachichthys novaezelandicus,151.817,-33.467
Aulotrachichthys novaezelandicus,153.583,-29.417
Aulotrachichthys novaezelandicus,151.22032,-34.52466
Aulotrachichthys novaezelandicus,151.883,-33.567
Aulotrachichthys novaezelandicus,151.683,-33.583
Aulotrachichthys novaezelandicus,151.767,-33.717
Aulotrachichthys novaezelandicus,151.233,-34.167
Aulotrachichthys novaezelandicus,151.35,-34.067
Aulotrachichthys novaezelandicus,153.866667,-27.966667
Aulotrachichthys novaezelandicus,153.367,-30.433
Aulotrachichthys novaezelandicus,151.867,-33.583
Aulotrachichthys novaezelandicus,152.217,-33
Aulotrachichthys novaezelandicus,153.6,-26.96667
Aulotrachichthys novaezelandicus,151.167,-34.267
Aulotrachichthys novaezelandicus,151.8,-33.667
Aulotrachichthys novaezelandicus,151.55,-33.8
Aulotrachichthys novaezelandicus,151.817,-33.65
Aulotrachichthys novaezelandicus,151.1,-34.717
Aulotrachichthys novaezelandicus,151.917,-33.083
Aulotrachichthys novaezelandicus,153.817,-29.05
Aulotrachichthys novaezelandicus,153.833,-28.383
Aulotrachichthys novaezelandicus,152.217,-32.983
