species,decimalLongitude,decimalLatitude
Auxis thazard,113.95848,-21.66616
Auxis thazard,150.75,-36.25
Auxis thazard,151.25,-33.25
Auxis thazard,153.0875,-30.879167
Auxis thazard,151.933,-36.15
Auxis thazard,151.25,-34.75
Auxis thazard,153.25,-30.25
Auxis thazard,153.25,-32.75
Auxis thazard,150.75,-35.25
Auxis thazard,151.3,-33.833
Auxis thazard,151.266,-33.85
Auxis thazard,153.25,-30.75
Auxis thazard,153.3,-27
Auxis thazard,153.75,-30.25
Auxis thazard,147.43,-42.97
Auxis thazard,153.25,-29.75
Auxis thazard,151.25,-34.25
Auxis thazard,150.25,-35.75
Auxis thazard,149.75,-37.25
Auxis thazard,152.75,-30.75
Auxis thazard,150.25,-36.25
Auxis thazard,150.75,-35.75
Auxis thazard,154.25,-28.75
Auxis thazard,151.75,-34.75
Auxis thazard,151.75,-32.75
Auxis thazard,152.25,-33.25
Auxis thazard,150.25,-37.25
Auxis thazard,151.75,-33.25
Auxis thazard,149.75,-36.75
Auxis thazard,152.75,-32.25
Auxis thazard,153.75,-28.25
Auxis thazard,135.87,-34.73
Auxis thazard,151,-34
Auxis thazard,149.75,-37.75
Auxis thazard,151.25,-35.25
Auxis thazard,153.55183,-27.39475
Auxis thazard,153.75,-29.25
Auxis thazard,150.75,-34.25
Auxis thazard,152.25,-32.75
Auxis thazard,151.75,-34.25
Auxis thazard,154.25,-28.25
Auxis thazard,152.75,-33.25
Auxis thazard,115.63333,-33.3
Auxis thazard,153.75,-29.75
Auxis thazard,153.23786,-27.20351
Auxis thazard,152.75,-31.75
Auxis thazard,118.333,-19.55
Auxis thazard,152.75,-32.75
Auxis thazard,117.86667,-35
Auxis thazard,115.75,-31.93333
Auxis thazard,153.466667,-26.85
Auxis thazard,152.75,-31.25
Auxis thazard,150.25,-37.75
Auxis thazard,152.25,-33.75
Auxis thazard,151.75,-33.75
Auxis thazard,153.45,-26.866667
Auxis thazard,153.25,-31.25
Auxis thazard,153.46667,-26.85
Auxis thazard,151.316,-33.75
Auxis thazard,113.42541,-23.37787
Auxis thazard,153.25,-29.25
Auxis thazard,150.25,-35.25
Auxis thazard,118.33333,-19.55
Auxis thazard,153.25,-28.75
Auxis thazard,153.25,-32.25
Auxis thazard,150.25,-36.75
Auxis thazard,151.25,-33.75
Auxis thazard,153.0875,-30.87916
Auxis thazard,153.18708,-26.85961
Auxis thazard,150.75,-34.75
Auxis thazard,151.2,-33.85
Auxis thazard,113.86374,-21.71621
Auxis thazard,153.25,-31.75
Auxis thazard,118.31667,-19.55
Auxis thazard,154.25,-29.25
Auxis thazard,153.44493,-27.29256
Auxis thazard,151.93333,-36.15
Auxis thazard,153.45,-26.86666
Auxis thazard,153.75,-28.75
Auxis thazard,115.5,-32
Auxis thazard,121.17597,-15.38403
Auxis thazard,151.316,-33.65
Auxis thazard,152.25,-32.25
Auxis thazard,115.63333,-33.33333
