species,decimalLongitude,decimalLatitude
Balaenoptera musculus,138.5028,-34.7417
Balaenoptera musculus,141.26,-38.392
Balaenoptera musculus,135.5367,-35.6033
Balaenoptera musculus,141.543,-38.523
Balaenoptera musculus,142.652,-38.926
Balaenoptera musculus,142.66,-38.877
Balaenoptera musculus,111.496,-19.56297
Balaenoptera musculus,136.7,-36.07
Balaenoptera musculus,109.99974,-30.4999
Balaenoptera musculus,139.4,-37.493
Balaenoptera musculus,154.16667,-27.58333
Balaenoptera musculus,141.005,-38.332
Balaenoptera musculus,134.6867,-35.3867
Balaenoptera musculus,139.3192,-37.4197
Balaenoptera musculus,135.11964,-35.56318
Balaenoptera musculus,137.165,-36.6933
Balaenoptera musculus,142.643,-38.889
Balaenoptera musculus,141.667,-38.317
Balaenoptera musculus,140.8263,-38.3402
Balaenoptera musculus,132.37,-34.03
Balaenoptera musculus,134.8633,-35.42
Balaenoptera musculus,142.839,-38.952
Balaenoptera musculus,121.7,-35
Balaenoptera musculus,141.151,-38.353
Balaenoptera musculus,110.00004,-18.49989
Balaenoptera musculus,144.8763,-38.5401
Balaenoptera musculus,111.18007,-15.28663
Balaenoptera musculus,135.76974,-36.01238
Balaenoptera musculus,141.149,-38.377
Balaenoptera musculus,139.2727,-37.308
Balaenoptera musculus,142.738,-38.624
Balaenoptera musculus,141.23,-38.377
Balaenoptera musculus,142.02,-38.652
Balaenoptera musculus,109.97977,-17.0097
Balaenoptera musculus,142.343,-38.707
Balaenoptera musculus,138.914,-37.081
Balaenoptera musculus,110.0001,-29.06224
Balaenoptera musculus,139.972,-37.7
Balaenoptera musculus,142.621,-38.79
Balaenoptera musculus,135.00959,-35.55041
Balaenoptera musculus,134.03,-35.0517
Balaenoptera musculus,142.467,-38.482
Balaenoptera musculus,130.31217,-34.8661
Balaenoptera musculus,111.38109,-18.40142
Balaenoptera musculus,140.865,-38.238
Balaenoptera musculus,141.298,-38.558
Balaenoptera musculus,111.48182,-20.02544
Balaenoptera musculus,142.093,-38.407
Balaenoptera musculus,142.693,-38.505
Balaenoptera musculus,135.1317,-35.61
Balaenoptera musculus,135.60695,-35.7195
Balaenoptera musculus,135.5933,-35.7333
Balaenoptera musculus,140.8667,-38.3583
Balaenoptera musculus,134.7517,-35.4017
Balaenoptera musculus,141.793,-38.457
Balaenoptera musculus,142.25172,-38.598
Balaenoptera musculus,138.9687,-37.2178
Balaenoptera musculus,139.95,-37.687
Balaenoptera musculus,141.8263,-38.5735
Balaenoptera musculus,135.33815,-35.73829
Balaenoptera musculus,140.456,-38.105
Balaenoptera musculus,140.14,-37.84
Balaenoptera musculus,139.012,-37.2037
Balaenoptera musculus,134.71149,-35.324
Balaenoptera musculus,141.369,-38.696
Balaenoptera musculus,142.332,-38.742
Balaenoptera musculus,141.722,-38.595
Balaenoptera musculus,110.00683,-27.49452
Balaenoptera musculus,135.68602,-35.73249
Balaenoptera musculus,139.958,-37.666
Balaenoptera musculus,141.3142,-38.5825
Balaenoptera musculus,144.543,-38.44
Balaenoptera musculus,135.1,-35.5833
Balaenoptera musculus,139.285,-37.262
Balaenoptera musculus,113,-25
Balaenoptera musculus,135.6756,-35.0181
Balaenoptera musculus,111.17074,-18.53205
Balaenoptera musculus,135.28048,-35.69342
Balaenoptera musculus,142.663,-38.523
Balaenoptera musculus,135.7167,-36.0717
Balaenoptera musculus,141.182,-38.341
Balaenoptera musculus,142.34584,-38.76978
Balaenoptera musculus,141.293,-38.407
Balaenoptera musculus,139.355,-37.428
Balaenoptera musculus,141.3222,-38.5244
Balaenoptera musculus,134.78,-33.58
Balaenoptera musculus,140.848,-38.352
Balaenoptera musculus,139.173,-37.277
Balaenoptera musculus,135.7417,-35.7517
Balaenoptera musculus,145.004,-38.4829
Balaenoptera musculus,141.2797,-38.58
Balaenoptera musculus,139.1115,-37.204
Balaenoptera musculus,140.837,-38.183
Balaenoptera musculus,135.1633,-35.5683
Balaenoptera musculus,137.94074,-37.0443
Balaenoptera musculus,140.0597,-38.0735
Balaenoptera musculus,142.4022,-38.93153
Balaenoptera musculus,135.71758,-36.07193
Balaenoptera musculus,141.371,-38.59
Balaenoptera musculus,110.02396,-31.9981
Balaenoptera musculus,140.768,-38.195
Balaenoptera musculus,134.7,-35.4167
Balaenoptera musculus,139.463,-37.473
Balaenoptera musculus,143.13,-39.133
Balaenoptera musculus,134.79161,-35.41779
Balaenoptera musculus,142.463,-38.403
Balaenoptera musculus,139.482,-37.498
Balaenoptera musculus,134.8183,-35.47
Balaenoptera musculus,139.285,-37.392
Balaenoptera musculus,141.693,-38.423
Balaenoptera musculus,135.78668,-35.97632
Balaenoptera musculus,141.7097,-38.5402
Balaenoptera musculus,141.395,-38.502
Balaenoptera musculus,138.9867,-37.1815
Balaenoptera musculus,134.3333,-35.1483
Balaenoptera musculus,135.8796,-35.80023
Balaenoptera musculus,141.31,-38.552
Balaenoptera musculus,142.572,-38.549
Balaenoptera musculus,140.358,-37.97
Balaenoptera musculus,135.1983,-35.5367
Balaenoptera musculus,141.193,-38.52
Balaenoptera musculus,110.00419,-14.03341
Balaenoptera musculus,134.8033,-35.4367
Balaenoptera musculus,141.58472,-38.64764
Balaenoptera musculus,136.0367,-36.0683
Balaenoptera musculus,135.2283,-35.5917
Balaenoptera musculus,141.4597,-38.4735
Balaenoptera musculus,140.993,-38.307
Balaenoptera musculus,141.4597,-38.5402
Balaenoptera musculus,144.2885,-38.3827
Balaenoptera musculus,140.228,-37.963
Balaenoptera musculus,137.18,-36
Balaenoptera musculus,109.99424,-21.49694
Balaenoptera musculus,135.11069,-35.60004
Balaenoptera musculus,115.11596,-31.89019
Balaenoptera musculus,140.888,-38.23
Balaenoptera musculus,143.027,-39.056
Balaenoptera musculus,135.2109,-35.64183
Balaenoptera musculus,141.721,-38.475
Balaenoptera musculus,113.42379,-34.70736
Balaenoptera musculus,138.158,-37.02
Balaenoptera musculus,145.0332,-38.4787
Balaenoptera musculus,141.2097,-38.6068
Balaenoptera musculus,153.483,-28.133
Balaenoptera musculus,135.1417,-35.5733
Balaenoptera musculus,113,-23
Balaenoptera musculus,141.0763,-38.4735
Balaenoptera musculus,133.28,-32.58
Balaenoptera musculus,153.75106,-27.58173
Balaenoptera musculus,142.125,-38.55
Balaenoptera musculus,135.38017,-35.74961
Balaenoptera musculus,142.306,-38.769
Balaenoptera musculus,142.563,-39.12
Balaenoptera musculus,140.493,-38.238
Balaenoptera musculus,142.679,-38.926
Balaenoptera musculus,134.88,-35.3933
Balaenoptera musculus,135.3222,-34.5194
Balaenoptera musculus,135.8783,-35.8
Balaenoptera musculus,140.12,-37.65
Balaenoptera musculus,135.534,-35.651
Balaenoptera musculus,139.273,-37.3007
Balaenoptera musculus,135.895,-35.7983
Balaenoptera musculus,139.105,-37.2458
Balaenoptera musculus,141.123,-38.40295
Balaenoptera musculus,137.503,-36.886
Balaenoptera musculus,109.97395,-33.50574
Balaenoptera musculus,140.6097,-38.3235
Balaenoptera musculus,141.347,-38.527
Balaenoptera musculus,134.7012,-35.31739
Balaenoptera musculus,140.97,-38.357
Balaenoptera musculus,136.99474,-36.6398
Balaenoptera musculus,140.9763,-38.2735
Balaenoptera musculus,140.29,-37.99
Balaenoptera musculus,141.387,-38.552
Balaenoptera musculus,143.303,-38.927
Balaenoptera musculus,141.593,-38.707
Balaenoptera musculus,135.0933,-35.5633
Balaenoptera musculus,142.215,-38.642
Balaenoptera musculus,143.141,-39.159
Balaenoptera musculus,147.68,-42.99
Balaenoptera musculus,141.133,-38.383
Balaenoptera musculus,153.533,-26.9667
Balaenoptera musculus,143.005,-38.794
Balaenoptera musculus,139.958,-37.718
Balaenoptera musculus,142.808,-39.064
Balaenoptera musculus,140.654,-38.16
Balaenoptera musculus,142.1097,-38.7735
Balaenoptera musculus,135.2733,-35.5617
Balaenoptera musculus,142.626,-39.029
Balaenoptera musculus,136.5967,-36.45
Balaenoptera musculus,110.00041,-21.50029
Balaenoptera musculus,135.531,-35.921
Balaenoptera musculus,135.46277,-35.7787
Balaenoptera musculus,136.42844,-36.31204
Balaenoptera musculus,137.89,-37.016
Balaenoptera musculus,140.6183,-38.2519
Balaenoptera musculus,132.45,-31.9611
Balaenoptera musculus,142.598,-38.575
Balaenoptera musculus,135.1117,-35.595
Balaenoptera musculus,140.72,-38.1
Balaenoptera musculus,134.975,-35.5483
Balaenoptera musculus,135.23491,-35.64726
Balaenoptera musculus,140.967,-38.388
Balaenoptera musculus,111.38663,-17.38718
Balaenoptera musculus,141.894,-38.601
Balaenoptera musculus,109.99977,-30.49993
Balaenoptera musculus,141.652,-38.59
Balaenoptera musculus,134.0567,-35.0517
Balaenoptera musculus,135.1117,-35.5883
Balaenoptera musculus,141.5097,-38.4735
Balaenoptera musculus,143.024,-39.089
Balaenoptera musculus,135.6467,-35.7933
Balaenoptera musculus,129.4278,-31.6389
Balaenoptera musculus,141,-38.308
Balaenoptera musculus,140.538,-38.125
Balaenoptera musculus,135.4967,-35.8017
Balaenoptera musculus,142.567,-38.82
Balaenoptera musculus,135.776,-36.086
Balaenoptera musculus,134.1817,-35.195
Balaenoptera musculus,140.725,-38.24
Balaenoptera musculus,110.01512,-24.51998
Balaenoptera musculus,137.0896,-41.863
Balaenoptera musculus,134.6817,-35.3367
Balaenoptera musculus,139.3239,-37.4228
Balaenoptera musculus,138.38,-34.65
Balaenoptera musculus,138.969,-37.179
Balaenoptera musculus,109.99491,-31.9944
Balaenoptera musculus,135.23635,-35.58288
Balaenoptera musculus,141.237,-38.443
Balaenoptera musculus,134.70067,-35.41702
Balaenoptera musculus,109.99755,-29.06133
Balaenoptera musculus,134.18248,-35.19615
Balaenoptera musculus,137.51447,-36.87887
Balaenoptera musculus,142.55,-38.733
Balaenoptera musculus,143.793,-39.39
Balaenoptera musculus,135.39312,-35.64299
Balaenoptera musculus,135.5217,-35.6117
Balaenoptera musculus,109.9917,-30.51252
Balaenoptera musculus,142.3097,-38.8402
Balaenoptera musculus,141.543,-38.54
Balaenoptera musculus,141.227,-38.487
Balaenoptera musculus,139.008,-37.1338
Balaenoptera musculus,141.305,-38.383
Balaenoptera musculus,134.67281,-35.37646
Balaenoptera musculus,136.0386,-36.10981
Balaenoptera musculus,136.53,-35.87
Balaenoptera musculus,134.71414,-35.41803
Balaenoptera musculus,111.25477,-15.15975
Balaenoptera musculus,144.043,-39.09
Balaenoptera musculus,112.07413,-36.63495
Balaenoptera musculus,141.71,-38.449
Balaenoptera musculus,142.479,-38.806
Balaenoptera musculus,111.3803,-18.38875
Balaenoptera musculus,142.383,-38.533
Balaenoptera musculus,109.99943,-12.5001
Balaenoptera musculus,142.162,-38.825
Balaenoptera musculus,135.49683,-35.80165
Balaenoptera musculus,139.2828,-37.3953
Balaenoptera musculus,134.6983,-35.375
Balaenoptera musculus,109.99082,-15.47093
Balaenoptera musculus,140.785,-38.233
Balaenoptera musculus,143.086,-39.382
Balaenoptera musculus,135.12,-35.5183
Balaenoptera musculus,118.217,-34.9667
Balaenoptera musculus,134.48628,-35.17658
Balaenoptera musculus,141.6991,-38.5208
Balaenoptera musculus,140.615,-38.13
Balaenoptera musculus,142.385,-38.653
Balaenoptera musculus,141.383,-38.575
Balaenoptera musculus,142.24,-38.71
Balaenoptera musculus,136.59702,-36.45112
Balaenoptera musculus,141.245,-38.377
Balaenoptera musculus,134.17053,-35.11779
Balaenoptera musculus,141.233,-38.471
Balaenoptera musculus,149.98956,-37.10844
Balaenoptera musculus,141.793,-38.64
Balaenoptera musculus,141.785,-38.705
Balaenoptera musculus,135.48409,-35.80857
Balaenoptera musculus,142.831,-38.968
Balaenoptera musculus,141.4097,-38.4568
Balaenoptera musculus,141.593,-38.473
Balaenoptera musculus,112.26411,-23.56575
Balaenoptera musculus,139.317,-37.387
Balaenoptera musculus,144.7096,-38.7068
Balaenoptera musculus,137.77,-35.72
Balaenoptera musculus,135.478,-35.779
Balaenoptera musculus,140.103,-37.872
Balaenoptera musculus,135.56204,-35.7565
Balaenoptera musculus,118,-35.1167
Balaenoptera musculus,137.568,-36.897
Balaenoptera musculus,140.832,-38.332
Balaenoptera musculus,139.725,-37.495
Balaenoptera musculus,135.5479,-35.78976
Balaenoptera musculus,139.2092,-36.4675
Balaenoptera musculus,135.2083,-35.6417
Balaenoptera musculus,110.01458,-16.99508
Balaenoptera musculus,137.6583,-35.1722
Balaenoptera musculus,140.648,-38.216
Balaenoptera musculus,137.6083,-36
Balaenoptera musculus,139.3794,-37.4869
Balaenoptera musculus,110.01469,-18.53079
Balaenoptera musculus,134.91,-35.4283
Balaenoptera musculus,143.123,-39.086
Balaenoptera musculus,134.1817,-35.125
Balaenoptera musculus,111.50624,-19.54531
Balaenoptera musculus,141.3263,-38.4068
Balaenoptera musculus,111.38664,-17.38394
Balaenoptera musculus,134.725,-35.4
Balaenoptera musculus,137.41044,-36.75005
Balaenoptera musculus,111.90928,-21.79817
Balaenoptera musculus,142.375,-38.611
Balaenoptera musculus,135.38,-35.7483
Balaenoptera musculus,142.151,-38.73
Balaenoptera musculus,140.925,-38.308
Balaenoptera musculus,130,-33
Balaenoptera musculus,142.307,-38.732
Balaenoptera musculus,150.09204,-37.114
Balaenoptera musculus,142.82,-39.215
Balaenoptera musculus,143.068,-39.225
Balaenoptera musculus,142.37773,-38.92273
Balaenoptera musculus,142.651,-38.983
Balaenoptera musculus,136.7,-36.1
Balaenoptera musculus,141.256,-38.4
Balaenoptera musculus,109.97015,-16.98561
Balaenoptera musculus,109.99988,-12.49984
Balaenoptera musculus,141.7597,-38.5235
Balaenoptera musculus,110.0007,-20.01532
Balaenoptera musculus,113.42401,-34.70706
Balaenoptera musculus,142.462,-38.81
Balaenoptera musculus,140.328,-38.064
Balaenoptera musculus,134.1,-32.8333
Balaenoptera musculus,135.25,-35.5367
Balaenoptera musculus,142.029,-38.595
Balaenoptera musculus,135.2717,-35.5783
Balaenoptera musculus,135.18,-35.5367
Balaenoptera musculus,111.38781,-17.40119
Balaenoptera musculus,135.2233,-35.6383
Balaenoptera musculus,143.8667,-39.95
Balaenoptera musculus,140.8763,-38.2735
Balaenoptera musculus,142.363,-38.922
Balaenoptera musculus,141.144,-38.359
Balaenoptera musculus,141.951,-38.544
Balaenoptera musculus,134.70731,-35.38328
Balaenoptera musculus,141.37,-38.586
Balaenoptera musculus,137.814,-37.012
Balaenoptera musculus,110.01747,-24.51645
Balaenoptera musculus,136.77,-33.83
Balaenoptera musculus,140.5097,-38.3235
Balaenoptera musculus,134.18253,-35.12572
Balaenoptera musculus,135.525,-35.6433
Balaenoptera musculus,150.26566,-37.24678
Balaenoptera musculus,110.00068,-20.00015
Balaenoptera musculus,140.058,-37.728
Balaenoptera musculus,137.9267,-37.0367
Balaenoptera musculus,142.98,-39.36
Balaenoptera musculus,139.082,-37.1915
Balaenoptera musculus,135.8633,-35.7967
Balaenoptera musculus,138.5361,-35.6375
Balaenoptera musculus,109.99666,-21.47905
Balaenoptera musculus,135.32582,-35.67248
Balaenoptera musculus,109.97563,-25.99678
Balaenoptera musculus,140.67,-38.15
Balaenoptera musculus,111.34146,-18.33647
Balaenoptera musculus,135.5467,-35.7883
Balaenoptera musculus,142.114,-38.819
Balaenoptera musculus,144.8121,-38.4156
Balaenoptera musculus,143.243,-38.773
Balaenoptera musculus,135.59333,-35.73363
Balaenoptera musculus,135.22485,-35.63881
Balaenoptera musculus,142.6,-38.767
Balaenoptera musculus,137.85,-35.73
Balaenoptera musculus,143.7596,-39.0735
Balaenoptera musculus,143.196,-39.194
Balaenoptera musculus,133.0408,-35.11
Balaenoptera musculus,141.562,-38.601
Balaenoptera musculus,109.98412,-22.95533
Balaenoptera musculus,139.983,-37.69
Balaenoptera musculus,140.555,-38.091
Balaenoptera musculus,109.99619,-26.00988
Balaenoptera musculus,135.2717,-35.6633
Balaenoptera musculus,140.547,-38.16
Balaenoptera musculus,137.5133,-36.8783
Balaenoptera musculus,140.749,-38.3168
Balaenoptera musculus,141.3097,-38.6235
Balaenoptera musculus,137.0083,-36.6333
Balaenoptera musculus,139.3423,-37.3058
Balaenoptera musculus,142.241,-38.618
Balaenoptera musculus,136.72,-36.05
Balaenoptera musculus,135.4783,-35.8217
Balaenoptera musculus,110.00181,-27.49685
Balaenoptera musculus,140.532,-38.158
Balaenoptera musculus,135.7283,-35.735
Balaenoptera musculus,140.48,-38.107
Balaenoptera musculus,141.8,-38.548
Balaenoptera musculus,137.98381,-36.99552
Balaenoptera musculus,143.094,-39.325
Balaenoptera musculus,142.994,-38.941
Balaenoptera musculus,135.17,-35.5767
Balaenoptera musculus,110.00061,-23.00002
Balaenoptera musculus,110.00011,-11.50066
Balaenoptera musculus,135.5933,-35.76
Balaenoptera musculus,109.99448,-31.99195
Balaenoptera musculus,135.165,-35.5867
Balaenoptera musculus,141.495,-38.504
Balaenoptera musculus,139.838,-37.812
Balaenoptera musculus,135.1183,-35.5617
Balaenoptera musculus,141.367,-38.515
Balaenoptera musculus,137.37428,-36.74033
Balaenoptera musculus,139.908,-37.708
Balaenoptera musculus,142.633,-38.872
Balaenoptera musculus,135.11,-35.6
Balaenoptera musculus,139.2722,-37.3881
Balaenoptera musculus,142.656,-39.037
Balaenoptera musculus,148.2429,-38.2401
Balaenoptera musculus,135.57627,-35.90186
Balaenoptera musculus,141.998,-38.75
Balaenoptera musculus,140.651,-38.19
Balaenoptera musculus,109.99755,-15.47938
Balaenoptera musculus,109.98272,-33.50209
Balaenoptera musculus,141.9,-38.571
Balaenoptera musculus,140.8763,-38.4068
Balaenoptera musculus,141.5097,-38.4568
Balaenoptera musculus,135.72875,-35.73593
Balaenoptera musculus,143.18,-38.846
Balaenoptera musculus,144.01,-38.5
Balaenoptera musculus,134.68213,-35.33672
Balaenoptera musculus,142.539,-38.655
Balaenoptera musculus,139.947,-37.652
Balaenoptera musculus,134.615,-35.3133
Balaenoptera musculus,139.248,-37.285
Balaenoptera musculus,144.5373,-38.3026
Balaenoptera musculus,135.3467,-35.5617
Balaenoptera musculus,135.0617,-35.5467
Balaenoptera musculus,134.6717,-35.375
Balaenoptera musculus,143.237,-39.41
Balaenoptera musculus,140.999,-38.414
Balaenoptera musculus,135.1567,-35.5567
Balaenoptera musculus,140.9647,-38.2667
Balaenoptera musculus,111.47782,-19.60189
Balaenoptera musculus,135.7683,-36.0117
Balaenoptera musculus,141.235,-38.479
Balaenoptera musculus,140.35,-38.028
Balaenoptera musculus,110.00315,-14.03827
Balaenoptera musculus,141.618,-38.498
Balaenoptera musculus,141.322,-38.592
Balaenoptera musculus,141.011,-38.35
Balaenoptera musculus,142.208,-38.84
Balaenoptera musculus,134.80456,-35.43815
Balaenoptera musculus,135.22784,-35.65346
Balaenoptera musculus,135.5133,-35.67
Balaenoptera musculus,142.0097,-38.4235
Balaenoptera musculus,142.542,-38.605
Balaenoptera musculus,139.2635,-37.343
Balaenoptera musculus,134.2502,-35.15287
Balaenoptera musculus,136.0444,-36.09531
Balaenoptera musculus,140.8763,-38.3235
Balaenoptera musculus,142.368,-38.354
Balaenoptera musculus,141.242,-38.407
Balaenoptera musculus,143.04,-39.063
Balaenoptera musculus,135.6067,-35.7183
Balaenoptera musculus,110.07156,-29.01948
Balaenoptera musculus,141.3217,-38.5725
Balaenoptera musculus,142.679,-38.716
Balaenoptera musculus,142.38,-38.909
Balaenoptera musculus,135.45544,-35.81795
Balaenoptera musculus,134.69201,-35.32624
Balaenoptera musculus,140.512,-38.13
Balaenoptera musculus,109.99385,-17.01689
Balaenoptera musculus,134.6917,-35.325
Balaenoptera musculus,139.6294,-37.4658
Balaenoptera musculus,149.90122,-37.09844
Balaenoptera musculus,135.7917,-35.9717
Balaenoptera musculus,111.17409,-14.58979
Balaenoptera musculus,142.43,-38.38
Balaenoptera musculus,140.86,-38.208
Balaenoptera musculus,141.113,-38.43
Balaenoptera musculus,143,-39
Balaenoptera musculus,134.8417,-35.4767
Balaenoptera musculus,141.793,-38.526
Balaenoptera musculus,135.255,-35.6
Balaenoptera musculus,137.93,-37.0283
Balaenoptera musculus,131.95,-33.28
Balaenoptera musculus,142.0263,-38.4068
Balaenoptera musculus,118.2,-35.0167
Balaenoptera musculus,134.68993,-35.3475
Balaenoptera musculus,135.3367,-35.7383
Balaenoptera musculus,112.1609,-23.05491
Balaenoptera musculus,142.459,-38.664
Balaenoptera musculus,139.1,-37.211
Balaenoptera musculus,135.2267,-35.6533
Balaenoptera musculus,138.98,-37.192
Balaenoptera musculus,109.99944,-11.50094
Balaenoptera musculus,137.3733,-36.74
Balaenoptera musculus,140.8097,-38.4068
Balaenoptera musculus,141.984,-38.472
Balaenoptera musculus,135.4833,-35.8083
Balaenoptera musculus,111.48953,-20.30741
Balaenoptera musculus,111.38725,-17.39527
Balaenoptera musculus,135.325,-35.6717
Balaenoptera musculus,110.02316,-31.99798
Balaenoptera musculus,140.85,-38.368
Balaenoptera musculus,134.865,-35.39
Balaenoptera musculus,136.3733,-36.3067
Balaenoptera musculus,134.6833,-35.3883
Balaenoptera musculus,110.00082,-21.50066
Balaenoptera musculus,142.48506,-38.72261
Balaenoptera musculus,141.7597,-38.4735
Balaenoptera musculus,110.00876,-15.47825
Balaenoptera musculus,141.9,-38.567
Balaenoptera musculus,138.9445,-37.1928
Balaenoptera musculus,134.69872,-35.37516
Balaenoptera musculus,136.062,-36.378
Balaenoptera musculus,140.743,-38.329
Balaenoptera musculus,141.678,-38.544
Balaenoptera musculus,142.0763,-38.7402
Balaenoptera musculus,139.7,-36.98
Balaenoptera musculus,142.886,-39.008
Balaenoptera musculus,139.486,-37.441
Balaenoptera musculus,139,-36.5
Balaenoptera musculus,135.64,-35.866
Balaenoptera musculus,139.253,-37.322
Balaenoptera musculus,135.1483,-35.575
Balaenoptera musculus,135.64809,-35.79422
Balaenoptera musculus,141.5463,-38.4444
Balaenoptera musculus,134.7117,-35.315
Balaenoptera musculus,139.52,-37.531
Balaenoptera musculus,140.343,-37.94
Balaenoptera musculus,135.235,-35.5817
Balaenoptera musculus,138.05,-36.97
Balaenoptera musculus,141.361,-38.502
Balaenoptera musculus,140.0267,-37.7406
Balaenoptera musculus,141.977,-38.558
Balaenoptera musculus,109.99996,-15.50089
Balaenoptera musculus,141.0597,-38.6068
Balaenoptera musculus,140.893,-38.423
Balaenoptera musculus,110.00173,-24.4993
Balaenoptera musculus,134.6883,-35.3467
Balaenoptera musculus,143.186,-39.035
Balaenoptera musculus,142.3263,-38.7568
Balaenoptera musculus,115.6493,-32.0146
Balaenoptera musculus,139.33,-37.4
Balaenoptera musculus,117.967,-35.1333
Balaenoptera musculus,135.13,-35.495
Balaenoptera musculus,140.31,-37.998
Balaenoptera musculus,109.98002,-16.98468
Balaenoptera musculus,109.99892,-27.49783
Balaenoptera musculus,134.17,-35.1167
Balaenoptera musculus,141.2763,-38.4735
Balaenoptera musculus,140.993,-38.49
Balaenoptera musculus,141.3519,-38.5867
Balaenoptera musculus,140.8938,-38.3085
Balaenoptera musculus,141.234,-38.498
Balaenoptera musculus,135.1733,-35.555
Balaenoptera musculus,141.348,-38.602
Balaenoptera musculus,137.78,-36.968
Balaenoptera musculus,112.07153,-36.6384
Balaenoptera musculus,135.455,-35.8167
Balaenoptera musculus,140.9597,-38.2568
Balaenoptera musculus,140.318,-37.993
Balaenoptera musculus,142.362,-38.675
Balaenoptera musculus,132.55,-31.9333
Balaenoptera musculus,141.0097,-38.4902
Balaenoptera musculus,143.364,-39.207
Balaenoptera musculus,150.08039,-37.06456
Balaenoptera musculus,134.81832,-35.47097
Balaenoptera musculus,140.873,-38.343
Balaenoptera musculus,141.493,-38.473
Balaenoptera musculus,139.4167,-35.8333
Balaenoptera musculus,136.58162,-36.47787
Balaenoptera musculus,131,-33.67
Balaenoptera musculus,142.325,-38.75
Balaenoptera musculus,110.0008,-31.99889
Balaenoptera musculus,137.2717,-36.66005
Balaenoptera musculus,141.3006,-38.5631
Balaenoptera musculus,139.918,-37.675
Balaenoptera musculus,142.492,-38.458
Balaenoptera musculus,111.17622,-14.63708
Balaenoptera musculus,141.6097,-38.3402
Balaenoptera musculus,134.75194,-35.40269
Balaenoptera musculus,142.191,-38.693
Balaenoptera musculus,135.5533,-35.775
Balaenoptera musculus,143.267,-39.367
Balaenoptera musculus,141.772,-38.542
Balaenoptera musculus,142.825,-39.129
Balaenoptera musculus,134.71,-35.3233
Balaenoptera musculus,139.3417,-37.4347
Balaenoptera musculus,141.944,-38.813
Balaenoptera musculus,140.3097,-38.0402
Balaenoptera musculus,135.69413,-36.04752
Balaenoptera musculus,144.3763,-38.6401
Balaenoptera musculus,140.133,-37.838
Balaenoptera musculus,142.893,-38.795
Balaenoptera musculus,141.247,-38.528
Balaenoptera musculus,142.025,-38.805
Balaenoptera musculus,140.9263,-38.4068
Balaenoptera musculus,143.42657,-39.809
Balaenoptera musculus,142.592,-38.837
Balaenoptera musculus,135.4267,-35.6717
Balaenoptera musculus,137.51907,-36.88405
Balaenoptera musculus,140.13,-37.842
Balaenoptera musculus,136.6,-36.46
Balaenoptera musculus,137.38076,-36.75067
Balaenoptera musculus,140.152,-37.832
Balaenoptera musculus,141.236,-38.486
Balaenoptera musculus,137.4183,-36.7367
Balaenoptera musculus,144.843,-38.573
Balaenoptera musculus,110.00741,-15.47121
Balaenoptera musculus,142.9919,-38.9244
Balaenoptera musculus,142.077,-38.488
Balaenoptera musculus,135.59361,-35.76127
Balaenoptera musculus,148,-38
Balaenoptera musculus,135.5183,-35.6883
Balaenoptera musculus,141.287,-38.395
Balaenoptera musculus,140.4263,-38.2235
Balaenoptera musculus,110.00259,-29.06078
Balaenoptera musculus,141.117,-38.383
Balaenoptera musculus,109.99043,-30.51394
Balaenoptera musculus,135.546,-35.828
Balaenoptera musculus,109.99997,-15.50047
Balaenoptera musculus,140.145,-37.863
Balaenoptera musculus,134.72621,-35.4009
Balaenoptera musculus,135.17407,-35.55575
Balaenoptera musculus,140.082,-37.753
Balaenoptera musculus,142.753,-38.813
Balaenoptera musculus,111.17846,-15.01683
Balaenoptera musculus,135.0083,-35.55
Balaenoptera musculus,135.42704,-35.67235
Balaenoptera musculus,135.1433,-35.495
Balaenoptera musculus,110.00268,-17.02285
Balaenoptera musculus,137.9833,-36.995
Balaenoptera musculus,135.19147,-35.65451
Balaenoptera musculus,142.463,-38.99
Balaenoptera musculus,143.233,-39.383
Balaenoptera musculus,142.41121,-38.88951
Balaenoptera musculus,137.3408,-35.1489
Balaenoptera musculus,141.998,-38.693
Balaenoptera musculus,139.217,-37.305
Balaenoptera musculus,142.443,-38.498
Balaenoptera musculus,141.6097,-38.4735
Balaenoptera musculus,137.4708,-36.0683
Balaenoptera musculus,143.02,-39.191
Balaenoptera musculus,135.1833,-35.5267
Balaenoptera musculus,141.032,-38.475
Balaenoptera musculus,142.822,-39.027
Balaenoptera musculus,141.643,-38.49
Balaenoptera musculus,142.42,-38.855
Balaenoptera musculus,142.343,-38.74
Balaenoptera musculus,142.198,-38.807
Balaenoptera musculus,136.6292,-35.7472
Balaenoptera musculus,135.0767,-35.5783
Balaenoptera musculus,141.232,-38.372
Balaenoptera musculus,137.16532,-36.69349
Balaenoptera musculus,142.035,-38.739
Balaenoptera musculus,141.918,-38.628
Balaenoptera musculus,135.1833,-35.5667
Balaenoptera musculus,143.067,-38.978
Balaenoptera musculus,109.99984,-31.99886
Balaenoptera musculus,135.4617,-35.7783
Balaenoptera musculus,141.85,-38.773
Balaenoptera musculus,134.485,-35.1767
Balaenoptera musculus,139.135,-37.207
Balaenoptera musculus,141.9763,-38.6902
Balaenoptera musculus,135.1017,-35.57
Balaenoptera musculus,140.73,-38.207
Balaenoptera musculus,141.2881,-38.5786
Balaenoptera musculus,149.8929,-38.3567
Balaenoptera musculus,141.812,-38.506
Balaenoptera musculus,135.4783,-35.82221
Balaenoptera musculus,135.2333,-35.6467
Balaenoptera musculus,142.128,-38.505
Balaenoptera musculus,136.04317,-36.11681
Balaenoptera musculus,140.28,-37.998
Balaenoptera musculus,135.40214,-35.65041
Balaenoptera musculus,135.24,-35.5233
Balaenoptera musculus,110.00214,-27.55737
Balaenoptera musculus,111.90357,-21.80102
Balaenoptera musculus,109.99927,-15.50401
Balaenoptera musculus,135.25602,-35.60126
Balaenoptera musculus,142.3597,-38.7902
Balaenoptera musculus,135.5183,-35.68
Balaenoptera musculus,142.127,-38.786
Balaenoptera musculus,142.608,-38.745
Balaenoptera musculus,143.1,-38.967
Balaenoptera musculus,111.38359,-18.66879
Balaenoptera musculus,111.42582,-18.33791
Balaenoptera musculus,134.7133,-35.4167
Balaenoptera musculus,140.764,-38.327
Balaenoptera musculus,135.3917,-35.6417
Balaenoptera musculus,139.103,-37.189
Balaenoptera musculus,144.5096,-38.3235
Balaenoptera musculus,128.4,-33.2
Balaenoptera musculus,113.42398,-34.70695
Balaenoptera musculus,134.89,-35.44
Balaenoptera musculus,110.02448,-31.99752
Balaenoptera musculus,139.2333,-37.3083
Balaenoptera musculus,142.513,-38.685
Balaenoptera musculus,137.93094,-37.02903
Balaenoptera musculus,141.0597,-38.4902
Balaenoptera musculus,109.99858,-18.51231
Balaenoptera musculus,140.852,-38.348
Balaenoptera musculus,134.3081,-35.15077
Balaenoptera musculus,137.6083,-36.5
Balaenoptera musculus,143.25,-39.367
Balaenoptera musculus,135.105,-35.595
Balaenoptera musculus,135.5717,-35.7433
Balaenoptera musculus,140.845,-38.388
Balaenoptera musculus,134.68761,-35.38693
Balaenoptera musculus,140.572,-38.125
Balaenoptera musculus,141.823,-38.505
Balaenoptera musculus,135.5617,-35.755
Balaenoptera musculus,142.43,-38.604
Balaenoptera musculus,135.7925,-35.97312
Balaenoptera musculus,136.67,-35.67
Balaenoptera musculus,150.08788,-36.98511
Balaenoptera musculus,138.0333,-35.7417
Balaenoptera musculus,111.41255,-18.31695
Balaenoptera musculus,139.732,-37.613
Balaenoptera musculus,111.47744,-20.01256
Balaenoptera musculus,143.7596,-39.1068
Balaenoptera musculus,137.38,-36.75
Balaenoptera musculus,133.1917,-34.8519
Balaenoptera musculus,135.24849,-35.58877
Balaenoptera musculus,141.6763,-38.7735
Balaenoptera musculus,135.2467,-35.5567
Balaenoptera musculus,142.561,-38.638
Balaenoptera musculus,139.0245,-37.196
Balaenoptera musculus,109.99868,-27.49794
Balaenoptera musculus,142.517,-38.562
Balaenoptera musculus,141.2763,-38.6568
Balaenoptera musculus,141.4097,-38.4735
Balaenoptera musculus,141.945,-38.389
Balaenoptera musculus,135.1,-35.56
Balaenoptera musculus,135.89579,-35.79941
Balaenoptera musculus,142.231,-38.561
Balaenoptera musculus,109.99615,-26.0099
Balaenoptera musculus,135.28,-35.6933
Balaenoptera musculus,137.2717,-36.66
Balaenoptera musculus,109.98998,-30.51353
Balaenoptera musculus,141.2097,-38.5735
Balaenoptera musculus,142.51,-38.638
Balaenoptera musculus,109.97242,-16.98419
Balaenoptera musculus,141.216,-38.533
Balaenoptera musculus,113.966526,-21.864687
Balaenoptera musculus,138.89,-37.106
Balaenoptera musculus,142.617,-38.733
Balaenoptera musculus,140.9597,-38.3068
Balaenoptera musculus,139.473,-37.505
Balaenoptera musculus,139.85,-36.8333
Balaenoptera musculus,139.271,-37.282
Balaenoptera musculus,111.39224,-18.46318
Balaenoptera musculus,140.241,-38.14
Balaenoptera musculus,150.08205,-37.09956
Balaenoptera musculus,136.7,-36.075
Balaenoptera musculus,142.778,-39.02
Balaenoptera musculus,149.94705,-37.07067
Balaenoptera musculus,136.0417,-36.1167
Balaenoptera musculus,113.42385,-34.70728
Balaenoptera musculus,111.17463,-14.63736
Balaenoptera musculus,140.086,-37.855
Balaenoptera musculus,141.7763,-38.6568
Balaenoptera musculus,134.33478,-35.14982
Balaenoptera musculus,134.7317,-35.3333
Balaenoptera musculus,140.835,-38.385
Balaenoptera musculus,136.5817,-36.4767
Balaenoptera musculus,135.52606,-35.64356
Balaenoptera musculus,118.067,-35.1
Balaenoptera musculus,141.193,-38.39
Balaenoptera musculus,141.7,-38.4
Balaenoptera musculus,141.1763,-38.5068
Balaenoptera musculus,110.00408,-27.49586
Balaenoptera musculus,135.0766,-35.57869
Balaenoptera musculus,140.745,-38.311
Balaenoptera musculus,140.293,-37.963
Balaenoptera musculus,141.023,-38.345
Balaenoptera musculus,109.99996,-15.50055
Balaenoptera musculus,135.12736,-35.6002
Balaenoptera musculus,142.0847,-39.0818
Balaenoptera musculus,141.295,-38.577
Balaenoptera musculus,111.18009,-15.28672
Balaenoptera musculus,109.99954,-27.57256
Balaenoptera musculus,142.717,-38.842
Balaenoptera musculus,141.382,-38.485
Balaenoptera musculus,141.842,-38.43
Balaenoptera musculus,148.2262,-38.2067
Balaenoptera musculus,141.267,-38.383
Balaenoptera musculus,139.01,-37.143
Balaenoptera musculus,109.99992,-15.50065
Balaenoptera musculus,141.748,-38.509
Balaenoptera musculus,140.657,-38.21
Balaenoptera musculus,139.0908,-37.2567
Balaenoptera musculus,140.16,-37.862
Balaenoptera musculus,135.575,-35.9017
Balaenoptera musculus,135.86438,-35.79678
Balaenoptera musculus,109.98976,-18.50458
Balaenoptera musculus,140.577,-38.155
Balaenoptera musculus,136.37418,-36.30704
Balaenoptera musculus,135.18472,-35.56661
Balaenoptera musculus,109.99861,-15.47005
Balaenoptera musculus,109.96973,-16.98529
Balaenoptera musculus,141.0597,-38.4568
Balaenoptera musculus,135.24393,-35.67026
Balaenoptera musculus,141.3097,-38.6568
Balaenoptera musculus,140.085,-37.89
Balaenoptera musculus,142.0097,-38.6902
Balaenoptera musculus,142.845,-39.245
Balaenoptera musculus,142.725,-39.14
Balaenoptera musculus,140.32,-38.008
Balaenoptera musculus,135.34747,-35.56191
Balaenoptera musculus,134.96237,-35.52953
Balaenoptera musculus,141.962,-38.465
Balaenoptera musculus,143.203,-39.156
Balaenoptera musculus,140.65,-38.233
Balaenoptera musculus,141.78,-38.55
Balaenoptera musculus,135.2433,-35.67
Balaenoptera musculus,137.00993,-36.63406
Balaenoptera musculus,137.4184,-36.73681
Balaenoptera musculus,139.997,-37.708
Balaenoptera musculus,142.764,-38.991
Balaenoptera musculus,142.37,-38.931
Balaenoptera musculus,109.99901,-27.49802
Balaenoptera musculus,134.7917,-35.4167
Balaenoptera musculus,140.868,-38.237
Balaenoptera musculus,142.34162,-38.78396
Balaenoptera musculus,135.51927,-35.68073
Balaenoptera musculus,143.8263,-39.4401
Balaenoptera musculus,140.593,-38.272
Balaenoptera musculus,140.0267,-39.7406
Balaenoptera musculus,113.42397,-34.70745
Balaenoptera musculus,135.24446,-35.57589
Balaenoptera musculus,138.58,-37.45
Balaenoptera musculus,140.021,-37.795
Balaenoptera musculus,136.6013,-36.46059
Balaenoptera musculus,140.893,-38.34
Balaenoptera musculus,134.8428,-35.47735
Balaenoptera musculus,134.91,-35.445
Balaenoptera musculus,135.662,-35.892
Balaenoptera musculus,135.51457,-35.67116
Balaenoptera musculus,135.1117,-35.59
Balaenoptera musculus,142.462,-38.903
Balaenoptera musculus,137.48,-36.886
Balaenoptera musculus,140.9263,-38.4402
Balaenoptera musculus,135.19,-35.6533
Balaenoptera musculus,144.542,-38.425
Balaenoptera musculus,144.7785,-38.4561
Balaenoptera musculus,139.71,-37.489
Balaenoptera musculus,140.79,-38.235
Balaenoptera musculus,142.761,-38.784
Balaenoptera musculus,140.748,-38.29
Balaenoptera musculus,109.98973,-18.53171
Balaenoptera musculus,140.823,-38.243
Balaenoptera musculus,142.95,-38.972
Balaenoptera musculus,141.787,-38.556
Balaenoptera musculus,135.7917,-35.9583
Balaenoptera musculus,109.99402,-19.99491
Balaenoptera musculus,139.467,-37.536
Balaenoptera musculus,136.9933,-36.6383
Balaenoptera musculus,118.033,-35.1
Balaenoptera musculus,134.3067,-35.15
Balaenoptera musculus,141.605,-38.611
Balaenoptera musculus,135.11233,-35.59135
Balaenoptera musculus,141.6263,-38.4568
Balaenoptera musculus,141.093,-38.473
Balaenoptera musculus,142.455,-38.782
Balaenoptera musculus,118.283,-34.95
Balaenoptera musculus,141.005,-38.4
Balaenoptera musculus,109.9998,-12.50006
Balaenoptera musculus,143.043,-39.074
Balaenoptera musculus,150.01853,-37.14132
Balaenoptera musculus,109.99247,-21.4809
Balaenoptera musculus,140.79,-38.23
Balaenoptera musculus,113.42681,-34.70582
Balaenoptera musculus,142.937,-39.267
Balaenoptera musculus,134.7067,-35.3833
Balaenoptera musculus,141.193,-38.523
Balaenoptera musculus,144.6311,-38.4308
Balaenoptera musculus,111.38804,-17.40348
Balaenoptera musculus,143.164,-39.247
Balaenoptera musculus,144.8846,-38.5485
Balaenoptera musculus,135.57218,-35.74349
Balaenoptera musculus,139.72,-37.4
Balaenoptera musculus,135.2183,-35.6317
Balaenoptera musculus,139.792,-37.71
Balaenoptera musculus,141.217,-38.488
Balaenoptera musculus,109.99727,-21.48497
Balaenoptera musculus,140.545,-38.123
Balaenoptera musculus,141.643,-38.54
Balaenoptera musculus,150.07927,-37.07566
Balaenoptera musculus,111.87513,-21.56133
Balaenoptera musculus,135.449,-35.784
Balaenoptera musculus,136.03677,-36.06939
Balaenoptera musculus,153.55939,-27.43173
Balaenoptera musculus,142.28,-38.79
Balaenoptera musculus,142.896,-39.025
Balaenoptera musculus,141.0263,-38.3068
Balaenoptera musculus,109.99781,-15.48644
Balaenoptera musculus,139.298,-37.264
Balaenoptera musculus,140.831,-38.398
Balaenoptera musculus,141.182,-38.261
Balaenoptera musculus,141.337,-38.515
Balaenoptera musculus,142.324,-38.448
Balaenoptera musculus,134.91011,-35.446040000000004
Balaenoptera musculus,134.05811,-35.05254
Balaenoptera musculus,135.74275,-35.75213
Balaenoptera musculus,141.668,-38.52
Balaenoptera musculus,112.26267,-23.56227
Balaenoptera musculus,141.7263,-38.5068
Balaenoptera musculus,111.1741,-14.59227
Balaenoptera musculus,134.61622,-35.31422
Balaenoptera musculus,142.0347,-38.6152
Balaenoptera musculus,141.085,-38.24
Balaenoptera musculus,137.591,-36.855
Balaenoptera musculus,135.72712,-35.76039
Balaenoptera musculus,141.222,-38.488
Balaenoptera musculus,142.617,-38.783
Balaenoptera musculus,141.073,-38.235
Balaenoptera musculus,109.99462,-15.47892
Balaenoptera musculus,137.94,-37.0433
Balaenoptera musculus,139.243,-37.313
Balaenoptera musculus,135.6933,-36.0467
Balaenoptera musculus,134.9617,-35.5283
Balaenoptera musculus,143.108,-39.116
Balaenoptera musculus,134.68441,-35.38873
Balaenoptera musculus,110.00688,-27.55148
Balaenoptera musculus,135.1032,-35.57081
Balaenoptera musculus,135.6917,-36.0867
Balaenoptera musculus,153.53444,-26.965
Balaenoptera musculus,135.51979,-35.68944
Balaenoptera musculus,109.99312,-19.99604
Balaenoptera musculus,135.7867,-35.975
Balaenoptera musculus,109.97129,-22.96942
Balaenoptera musculus,139.977,-37.698
Balaenoptera musculus,111.91143,-21.81235
Balaenoptera musculus,137.687,-36.777
Balaenoptera musculus,139.768,-37.441
Balaenoptera musculus,137.41,-36.75
Balaenoptera musculus,110.00752,-26.03168
Balaenoptera musculus,139.469,-37.54
Balaenoptera musculus,111.50623,-19.60334
Balaenoptera musculus,143.051,-39.217
Balaenoptera musculus,135.55333,-35.77514
Balaenoptera musculus,112.50092,-16.72221
Balaenoptera musculus,135.38143,-35.65587
Balaenoptera musculus,140.754,-38.34
Balaenoptera musculus,143.693,-38.957
Balaenoptera musculus,140.98,-38.375
Balaenoptera musculus,142.718,-38.746
Balaenoptera musculus,110.07168,-29.01999
Balaenoptera musculus,128.2,-33.2
Balaenoptera musculus,135.2483,-35.5883
Balaenoptera musculus,112.26889,-23.71954
Balaenoptera musculus,118.017,-35.1167
Balaenoptera musculus,141.327,-38.523
Balaenoptera musculus,141.22,-38.46442
Balaenoptera musculus,142.4763,-38.8235
Balaenoptera musculus,141.133,-38.4
Balaenoptera musculus,137.82671,-37.04762
Balaenoptera musculus,135.69232,-36.0874
Balaenoptera musculus,137.741,-36.961
Balaenoptera musculus,134.7,-35.3167
Balaenoptera musculus,137.8267,-37.0467
Balaenoptera musculus,135.225,-35.5383
Balaenoptera musculus,136.0383,-36.1083
Balaenoptera musculus,135.53707,-35.6036
Balaenoptera musculus,112.13698,-23.02498
Balaenoptera musculus,135.5232,-35.61212
Balaenoptera musculus,140.7085,-38.303
Balaenoptera musculus,142.641,-38.83
Balaenoptera musculus,111.46768,-19.57991
Balaenoptera musculus,140.793,-38.34
Balaenoptera musculus,135.685,-35.7317
Balaenoptera musculus,135.1267,-35.6
Balaenoptera musculus,139.93,-37.48
Balaenoptera musculus,134.8733,-35.38
Balaenoptera musculus,139.3217,-37.3217
Balaenoptera musculus,140.993,-38.34
Balaenoptera musculus,137.92809,-37.03663
Balaenoptera musculus,135.79197,-35.95859
Balaenoptera musculus,135.22987,-35.59185
Balaenoptera musculus,140.843,-38.185
Balaenoptera musculus,148.9595,-37.7901
Balaenoptera musculus,137.5183,-36.8833
Balaenoptera musculus,135.7267,-35.76
Balaenoptera musculus,135.15744,-35.55824
Balaenoptera musculus,136.4283,-36.3117
Balaenoptera musculus,135.2317,-35.5317
Balaenoptera musculus,135.529,-35.832
Balaenoptera musculus,140.847,-38.228
Balaenoptera musculus,142.917,-38.9
Balaenoptera musculus,134.25,-35.1517
Balaenoptera musculus,142.379,-38.575
Balaenoptera musculus,109.96797,-25.99148
Balaenoptera musculus,140.519,-38.139
Balaenoptera musculus,109.99976,-30.49992
Balaenoptera musculus,140.787,-38.295
Balaenoptera musculus,141.826,-38.526
Balaenoptera musculus,141.093,-38.49
Balaenoptera musculus,141.0597,-38.3235
Balaenoptera musculus,112.04827,-36.67114
Balaenoptera musculus,136.0433,-36.095
