species,decimalLongitude,decimalLatitude
Balaenoptera acutorostrata,145.535,-38.6086
Balaenoptera acutorostrata,147.92,-37.92
Balaenoptera acutorostrata,151.2,-34.05
Balaenoptera acutorostrata,115.71667,-32.28333
Balaenoptera acutorostrata,141.602,-38.325
Balaenoptera acutorostrata,147.17,-43.45
Balaenoptera acutorostrata,144.0374,-38.4757
Balaenoptera acutorostrata,115.75,-31.88333
Balaenoptera acutorostrata,153.11667,-26.76667
Balaenoptera acutorostrata,115.51667,-32
Balaenoptera acutorostrata,153.25,-27.33
Balaenoptera acutorostrata,145.07,-38.42
Balaenoptera acutorostrata,114.166666667,-33.1666666667
Balaenoptera acutorostrata,115.07222,-30.51667
Balaenoptera acutorostrata,153.5264,-27.6097
Balaenoptera acutorostrata,144,-39.92
Balaenoptera acutorostrata,153.15111,-26.79833
Balaenoptera acutorostrata,148.1429,-38.5901
Balaenoptera acutorostrata,144.047,-38.472
Balaenoptera acutorostrata,135.083333333,-35.6333333333
Balaenoptera acutorostrata,145.1437,-40.8015
Balaenoptera acutorostrata,149.951,-37.561
Balaenoptera acutorostrata,116.725,-34.99444
Balaenoptera acutorostrata,150.70118,-35.06512
Balaenoptera acutorostrata,151.32782,-33.74204
Balaenoptera acutorostrata,151.62471,-33.22948
Balaenoptera acutorostrata,152.57834,-32.43072
Balaenoptera acutorostrata,153.36667,-27.18333
Balaenoptera acutorostrata,135.9167,-34.675
Balaenoptera acutorostrata,149.91667,-37.06667
Balaenoptera acutorostrata,150.7,-35.066
Balaenoptera acutorostrata,114.216666667,-32.55
Balaenoptera acutorostrata,141.60201,-38.325
Balaenoptera acutorostrata,150.683333333,-35.1833333333
Balaenoptera acutorostrata,153.3,-29.783
Balaenoptera acutorostrata,150.13692,-36.2125
Balaenoptera acutorostrata,114.866666667,-20.5166666667
Balaenoptera acutorostrata,153,-29.6833333333
Balaenoptera acutorostrata,114.2,-26.43333
Balaenoptera acutorostrata,115.5,-32.0166666667
Balaenoptera acutorostrata,141.643,-38.29
Balaenoptera acutorostrata,152.53442,-32.43171
Balaenoptera acutorostrata,145.19,-40.81
Balaenoptera acutorostrata,149.916,-37.066
Balaenoptera acutorostrata,146.88048,-39.15455
Balaenoptera acutorostrata,150.05,-36.466
Balaenoptera acutorostrata,146.7821,-39.14006
Balaenoptera acutorostrata,153.30107,-29.7817
Balaenoptera acutorostrata,115.75,-31.86667
Balaenoptera acutorostrata,144.6948,-38.2761
Balaenoptera acutorostrata,145.52,-38.32
Balaenoptera acutorostrata,115.66389,-33.3125
Balaenoptera acutorostrata,142.868,-38.821
Balaenoptera acutorostrata,153.36667,-27.21667
Balaenoptera acutorostrata,150.95,-34.283
Balaenoptera acutorostrata,151.22204,-33.97657
Balaenoptera acutorostrata,149.27,-37.8
Balaenoptera acutorostrata,146.266666667,-43.65
Balaenoptera acutorostrata,138.8156,-35.5361
Balaenoptera acutorostrata,153.63844,-28.63893
Balaenoptera acutorostrata,115.316666667,-20.9166666667
Balaenoptera acutorostrata,151.44664,-33.43697
Balaenoptera acutorostrata,153.13439,-26.76507
Balaenoptera acutorostrata,152.916666667,-32.2166666667
Balaenoptera acutorostrata,113.893329,-22.004679
Balaenoptera acutorostrata,151.16159,-34.04446
Balaenoptera acutorostrata,134.9433,-35.4817
Balaenoptera acutorostrata,113.73333,-28.44444
