species,decimalLongitude,decimalLatitude
Balaenoptera bonaerensis,139.3833,-35.9
Balaenoptera bonaerensis,112.46065,-16.64944
Balaenoptera bonaerensis,110.00079,-20.00026
Balaenoptera bonaerensis,138.625,-35.5542
Balaenoptera bonaerensis,135.8667,-34.7208
Balaenoptera bonaerensis,111.38611,-17.38523
Balaenoptera bonaerensis,109.99941,-15.50337
Balaenoptera bonaerensis,109.999,-23.00487
Balaenoptera bonaerensis,139.6333,-36.1917
Balaenoptera bonaerensis,135.375,-34.5125
Balaenoptera bonaerensis,137.6167,-35.6667
Balaenoptera bonaerensis,135.3667,-34.4
Balaenoptera bonaerensis,109.9728,-16.98425
Balaenoptera bonaerensis,134.28,-32.65
Balaenoptera bonaerensis,137.6403,-35.625
Balaenoptera bonaerensis,109.98335,-18.51851
Balaenoptera bonaerensis,109.97589,-22.96539
Balaenoptera bonaerensis,110.00775,-20.01824
Balaenoptera bonaerensis,109.96897,-22.96403
Balaenoptera bonaerensis,109.99536,-18.51961
Balaenoptera bonaerensis,133.8111,-32.2611
Balaenoptera bonaerensis,135.3806,-34.6444
Balaenoptera bonaerensis,111.17067,-15.29023
Balaenoptera bonaerensis,115.13333,-34.36667
Balaenoptera bonaerensis,111.81572,-21.61811
Balaenoptera bonaerensis,153.52285,-27.98899
Balaenoptera bonaerensis,131.9,-33.5
Balaenoptera bonaerensis,109.98778,-21.48319
Balaenoptera bonaerensis,110.00052,-21.50019
Balaenoptera bonaerensis,135.8,-34.8
Balaenoptera bonaerensis,113.35,-25.2
Balaenoptera bonaerensis,109.99735,-20.01797
Balaenoptera bonaerensis,110.00004,-21.50037
Balaenoptera bonaerensis,147.93,-40.13
Balaenoptera bonaerensis,123.35056,-33.90556
Balaenoptera bonaerensis,111.35743,-18.05691
Balaenoptera bonaerensis,109.99841,-20.01603
Balaenoptera bonaerensis,111.34798,-18.45488
Balaenoptera bonaerensis,153.5056,-27.96577
Balaenoptera bonaerensis,135.375,-34.6875
Balaenoptera bonaerensis,139.8333,-36.85
Balaenoptera bonaerensis,109.97387,-21.49068
Balaenoptera bonaerensis,109.98752,-17.01785
Balaenoptera bonaerensis,133.825,-32.2417
Balaenoptera bonaerensis,111.30642,-18.48658
Balaenoptera bonaerensis,110.00456,-20.00135
Balaenoptera bonaerensis,111.17461,-14.64067
Balaenoptera bonaerensis,135.3125,-34.5333
Balaenoptera bonaerensis,111.30613,-18.33428
Balaenoptera bonaerensis,131.15,-31.5
Balaenoptera bonaerensis,135.98,-34.77
Balaenoptera bonaerensis,116.91667,-35.03333
