species,decimalLongitude,decimalLatitude
Balaenoptera borealis,113.283333333,-30.1
Balaenoptera borealis,113,-25
Balaenoptera borealis,115.3,-33.7
Balaenoptera borealis,137.4,-44.117
Balaenoptera borealis,113.116666667,-30.6333333333
Balaenoptera borealis,148.7,-38.3
Balaenoptera borealis,143.352,-39.85
Balaenoptera borealis,141.793,-38.74
Balaenoptera borealis,113.866666667,-19.2333333333
Balaenoptera borealis,143.54,-39.947
Balaenoptera borealis,118.5,-35.4
Balaenoptera borealis,149.9,-37.0833333333
Balaenoptera borealis,153.86273,-28.04172
