species,decimalLongitude,decimalLatitude
Balistes punctatus,-9.866806,0.06680556
Balistes punctatus,-14.500139,6.233472
Balistes punctatus,55.2999999999999,-21
Balistes punctatus,-2.700139,-1.1668055
Balistes punctatus,12.78,-7.25
Balistes punctatus,-7.766805,0.7168055
Balistes punctatus,-2.6668057,-1.1501389
Balistes punctatus,-2.2168057,-1.1834723
Balistes punctatus,13.11916667,-9.45
Balistes punctatus,3.200139,0.56680554
Balistes punctatus,-7.783472,0.7168055
Balistes punctatus,-7.7168055,0.7334722
Balistes punctatus,-8.166806,1.7001389
Balistes punctatus,52.6,-6.12999999999999
Balistes punctatus,-2.0168056,-1.6834723
Balistes punctatus,13.07388355,-9.445833333
Balistes punctatus,13.42798872,-10.25931404
Balistes punctatus,-16.26333333,17.18433333
Balistes punctatus,6.698908,0.173379
Balistes punctatus,12.72624222,-7.425298488
Balistes punctatus,12.44415865,-6.74375
Balistes punctatus,13.56154701,-10.49333333
Balistes punctatus,12.15484529,-6.803354355
Balistes punctatus,-12.066806,4.533472
Balistes punctatus,7.479,1.686333
Balistes punctatus,12.79190383,-7.239786074
Balistes punctatus,13.72266667,-11.389607699999999
Balistes punctatus,12.43780193,-6.746250406
Balistes punctatus,-14.05,9.41666666666667
Balistes punctatus,11.96304197,-5.230561177
Balistes punctatus,12.26174616,-6.929058082
Balistes punctatus,54.8904,-3.55299999999999
Balistes punctatus,12.64451949,-7.010208333
Balistes punctatus,12.75641667,-7.237833333
Balistes punctatus,12.64465398,-6.856825781
Balistes punctatus,12.70225,-7.29475
Balistes punctatus,13.0735,-9.448833333
Balistes punctatus,13.72691463,-11.27741667
Balistes punctatus,9.5,3.833
Balistes punctatus,13.69916667,-11.27508333
Balistes punctatus,12.79423082,-7.243708333
Balistes punctatus,12.633333,-7.016667
Balistes punctatus,12.37815609,-14.0479741
Balistes punctatus,5.760269,5.54423
Balistes punctatus,13.07075,-9.444583333
Balistes punctatus,54.9386999999999,-3.55839999999999
Balistes punctatus,-13.3,7.56666666666667
Balistes punctatus,12.79495251,-7.243291667
Balistes punctatus,52.02,-5.65
Balistes punctatus,13.78541913,-11.10349749
Balistes punctatus,12.56174616,-6.879058082
Balistes punctatus,9.5,3.83299994469
Balistes punctatus,12.76858333,-7.244333333
Balistes punctatus,12.77313079,-7.205005071
Balistes punctatus,11.69110035,-16.0574103
Balistes punctatus,12.6410858,-6.963845
Balistes punctatus,12.47309454,-6.675672889
Balistes punctatus,9.908068,2.938408
