species,decimalLongitude,decimalLatitude
Balistoides viridescens,113.9622,-21.8886
Balistoides viridescens,152.533,-32.433
Balistoides viridescens,115.66667,-32.2
Balistoides viridescens,118.97583,-17.54333
Balistoides viridescens,113.85976,-22.10502
Balistoides viridescens,113.9575,-21.9026
Balistoides viridescens,113.74807,-22.36794
Balistoides viridescens,115.5402,-31.9722
Balistoides viridescens,119.13445,-18.92611
Balistoides viridescens,113.83075,-22.19349
Balistoides viridescens,113.83,-22.2435
Balistoides viridescens,113.58196,-22.62865
Balistoides viridescens,114.38937,-21.61864
Balistoides viridescens,119.33033,-17.25616
Balistoides viridescens,113.965,-21.9116
Balistoides viridescens,113.83333,-22.2426
Balistoides viridescens,119.38583,-17.35816
Balistoides viridescens,119.38583,-17.34433
Balistoides viridescens,113.64268,-22.4862
Balistoides viridescens,113.65533,-22.46631
Balistoides viridescens,113.9556,-21.9056
Balistoides viridescens,152.5,-32.166
Balistoides viridescens,113.9663,-21.9109
Balistoides viridescens,115.45,-32.01667
Balistoides viridescens,115.4422,-31.9875
Balistoides viridescens,119.38583,-17.33533
Balistoides viridescens,153.516,-28.183
Balistoides viridescens,113.758179,-25.633109
Balistoides viridescens,113.8417,-22.2026
Balistoides viridescens,119.2,-18.93403
Balistoides viridescens,113.82491,-22.09206
Balistoides viridescens,118.97433,-17.53766
Balistoides viridescens,119.32783,-17.261
Balistoides viridescens,113.83804,-22.23504
Balistoides viridescens,113.85016,-22.19509
Balistoides viridescens,119.377,-17.27733
Balistoides viridescens,113.60475,-22.59511
Balistoides viridescens,113.67405,-22.49368
