species,decimalLongitude,decimalLatitude
Balistoides conspicillum,132.23445,-33.7425
Balistoides conspicillum,133.93334,-33.99236
Balistoides conspicillum,131.32625,-32.56833
Balistoides conspicillum,126.50917,-33.20042
Balistoides conspicillum,131.18472,-31.85097
Balistoides conspicillum,126.20153,-33.44264
Balistoides conspicillum,128.22611,-33.51764
Balistoides conspicillum,126.75014,-33.20972
Balistoides conspicillum,126.10972,-33.25
Balistoides conspicillum,125.70861,-33.35125
Balistoides conspicillum,126.825,-33.36736
Balistoides conspicillum,128.16681,-33.35958
Balistoides conspicillum,127.24361,-33.15972
Balistoides conspicillum,133.48334,-33.30069
Balistoides conspicillum,125.675,-33.23333
Balistoides conspicillum,126.37625,-33.21764
Balistoides conspicillum,125.83486,-33.33528
Balistoides conspicillum,126.28445,-33.28347
Balistoides conspicillum,127.675,-33.25
Balistoides conspicillum,126.05098,-33.44305
Balistoides conspicillum,125.91042,-33.37611
Balistoides conspicillum,126.76834,-33.22611
Balistoides conspicillum,125.86042,-33.36819
Balistoides conspicillum,133.16667,-33.70069
Balistoides conspicillum,126.18403,-33.19333
Balistoides conspicillum,132.8,-33.63347
Balistoides conspicillum,127.40833,-33.18403
Balistoides conspicillum,131.15903,-31.925
Balistoides conspicillum,134.49167,-34.25097
Balistoides conspicillum,133.70903,-33.275
Balistoides conspicillum,126.03472,-33.23514
Balistoides conspicillum,125.66806,-33.31708
Balistoides conspicillum,125.71667,-33.275
Balistoides conspicillum,127.00944,-33.31903
Balistoides conspicillum,129.40111,-33.33556
Balistoides conspicillum,131.15972,-32.35903
Balistoides conspicillum,134.53334,-34.075
Balistoides conspicillum,132.5507,-32.49236
Balistoides conspicillum,130.06014,-32.43361
Balistoides conspicillum,124.56806,-33.32652
Balistoides conspicillum,125.19292,-33.49347
Balistoides conspicillum,127.95042,-33.15889
Balistoides conspicillum,127.96667,-33.28472
Balistoides conspicillum,125.425,-33.16666
Balistoides conspicillum,129.40167,-33.45069
Balistoides conspicillum,125.6757,-33.60097
Balistoides conspicillum,126.16792,-33.43417
Balistoides conspicillum,130.05959,-33.16694
Balistoides conspicillum,130.96667,-31.70028
Balistoides conspicillum,130.9,-32.075
Balistoides conspicillum,129.78445,-32.32653
Balistoides conspicillum,126.20834,-33.26666
Balistoides conspicillum,127.05986,-33.35069
Balistoides conspicillum,129.52639,-33.4168
Balistoides conspicillum,134.625,-34.05903
Balistoides conspicillum,126.50986,-33.19291
Balistoides conspicillum,127.05945,-33.36833
Balistoides conspicillum,126.00083,-33.2768
Balistoides conspicillum,126.90875,-33.37611
Balistoides conspicillum,131.51778,-32.735
Balistoides conspicillum,129.025,-32.42569
Balistoides conspicillum,126.93375,-33.35111
Balistoides conspicillum,126.925,-33.15833
Balistoides conspicillum,126.34223,-33.25916
Balistoides conspicillum,131.08361,-33.10833
Balistoides conspicillum,129.45139,-33.325
Balistoides conspicillum,129.28487,-33.03389
Balistoides conspicillum,131.08333,-32.74166
Balistoides conspicillum,133.70834,-32.83528
Balistoides conspicillum,128.61709,-33.21861
Balistoides conspicillum,125.72709,-33.48375
Balistoides conspicillum,134.4257,-34.1593
Balistoides conspicillum,126.8675,-33.22597
Balistoides conspicillum,125.44292,-33.25125
Balistoides conspicillum,133.86667,-33.09236
Balistoides conspicillum,128.03458,-33.35055
Balistoides conspicillum,134.8507,-34.0925
Balistoides conspicillum,128.07667,-33.25028
Balistoides conspicillum,127.80833,-33.31667
Balistoides conspicillum,130.30139,-32.68375
Balistoides conspicillum,129.60833,-33.30833
Balistoides conspicillum,129.96667,-31.88375
Balistoides conspicillum,128.99237,-33.33333
Balistoides conspicillum,131.13334,-32.48333
Balistoides conspicillum,130.65917,-32.73417
Balistoides conspicillum,130.58556,-32.12583
Balistoides conspicillum,133.725,-33.55833
Balistoides conspicillum,127.39236,-33.31666
Balistoides conspicillum,125.74361,-33.50097
Balistoides conspicillum,129.675,-33.32569
Balistoides conspicillum,134.74237,-34
Balistoides conspicillum,126.27625,-33.44361
Balistoides conspicillum,129.30931,-33.1093
Balistoides conspicillum,127.94306,-33.42611
Balistoides conspicillum,126.39278,-33.24375
Balistoides conspicillum,130.42556,-32
Balistoides conspicillum,129.46667,-33.21736
Balistoides conspicillum,126.71778,-33.33389
Balistoides conspicillum,129.03403,-33.37597
Balistoides conspicillum,127.79167,-33.3
Balistoides conspicillum,127.4757,-32.99166
Balistoides conspicillum,151.283,-33.833
Balistoides conspicillum,128.37542,-33.08472
Balistoides conspicillum,128.225,-33.3
Balistoides conspicillum,125.72598,-33.50903
Balistoides conspicillum,126.07653,-33.46694
Balistoides conspicillum,128.14347,-33.16736
Balistoides conspicillum,126.15056,-32.96667
Balistoides conspicillum,128.18472,-33.21889
Balistoides conspicillum,129.38333,-32
Balistoides conspicillum,126.60945,-33.20167
Balistoides conspicillum,128.03362,-33.17625
Balistoides conspicillum,127.6,-33.13402
Balistoides conspicillum,132.80139,-33.90875
Balistoides conspicillum,125.74167,-33.70833
Balistoides conspicillum,130.58472,-32.58472
Balistoides conspicillum,126.8257,-33.24305
Balistoides conspicillum,126.45986,-33.26666
Balistoides conspicillum,134.64306,-34.05069
Balistoides conspicillum,126.99167,-33.20111
Balistoides conspicillum,129.55,-32.25
Balistoides conspicillum,125.67612,-33.65
Balistoides conspicillum,130.075,-32.45833
Balistoides conspicillum,153.48333,-27
Balistoides conspicillum,125.63445,-33.09278
Balistoides conspicillum,126.48431,-33.1843
Balistoides conspicillum,126.90931,-33.11833
Balistoides conspicillum,124.58472,-33.49264
Balistoides conspicillum,130.51778,-33.24167
Balistoides conspicillum,125.525,-33.75
Balistoides conspicillum,128.5182,-33.26833
Balistoides conspicillum,127.71889,-33.335
Balistoides conspicillum,131.48403,-31.83403
Balistoides conspicillum,133.80903,-32.85
Balistoides conspicillum,130.35,-32.5
Balistoides conspicillum,134.60125,-34.125
Balistoides conspicillum,126.1007,-33.46666
Balistoides conspicillum,126.67611,-33.23486
Balistoides conspicillum,130.61667,-31.71667
Balistoides conspicillum,131.48333,-33.13458
Balistoides conspicillum,136.75194,-36.46667
Balistoides conspicillum,132.23472,-33.73403
Balistoides conspicillum,128.425,-33.16667
Balistoides conspicillum,128.90903,-32.94166
Balistoides conspicillum,129.35972,-33.32639
Balistoides conspicillum,126.32667,-33.19208
Balistoides conspicillum,128.13528,-33.25916
Balistoides conspicillum,128.06889,-33.32708
Balistoides conspicillum,127.275,-33.25902
Balistoides conspicillum,128.41875,-33.34305
Balistoides conspicillum,126.5107,-33.24333
Balistoides conspicillum,126.035,-33.40986
Balistoides conspicillum,125.15834,-32.975
Balistoides conspicillum,128.63417,-33.19222
Balistoides conspicillum,128.80945,-33.34222
Balistoides conspicillum,128.18486,-33.26666
Balistoides conspicillum,129.23403,-33.11736
Balistoides conspicillum,125.98459,-33.34264
Balistoides conspicillum,134.68334,-34.2
Balistoides conspicillum,128.08431,-33.10069
Balistoides conspicillum,153.55,-27.4
Balistoides conspicillum,130.83403,-31.775
Balistoides conspicillum,127.675,-33.08389
Balistoides conspicillum,134.54236,-34.10069
Balistoides conspicillum,131.2,-32.64375
Balistoides conspicillum,128.78459,-33.39319
Balistoides conspicillum,128.67584,-33.25069
Balistoides conspicillum,134.85903,-33.9843
Balistoides conspicillum,127.61806,-33.34361
Balistoides conspicillum,127.56792,-33.30097
Balistoides conspicillum,126.92612,-33.16722
Balistoides conspicillum,130.10834,-31.85833
Balistoides conspicillum,127.15834,-33.30139
Balistoides conspicillum,127.64236,-33.31667
Balistoides conspicillum,128.61667,-32.10917
Balistoides conspicillum,124.49167,-33.68333
Balistoides conspicillum,128.06833,-33.23472
Balistoides conspicillum,124.93542,-33.53444
Balistoides conspicillum,130.71667,-31.93333
Balistoides conspicillum,134.88334,-34.15833
Balistoides conspicillum,126.90945,-33.20166
Balistoides conspicillum,130.28389,-31.80902
Balistoides conspicillum,129.37695,-33.34306
Balistoides conspicillum,128.79292,-33.36861
Balistoides conspicillum,126.38431,-33.22611
Balistoides conspicillum,129.35153,-33.35042
Balistoides conspicillum,126.0507,-33.25847
Balistoides conspicillum,126.04236,-33.31819
Balistoides conspicillum,126.13417,-33.31736
Balistoides conspicillum,126.47611,-33.26667
Balistoides conspicillum,131.22556,-31.85833
Balistoides conspicillum,126.1175,-33.29277
Balistoides conspicillum,125.74292,-33.64236
Balistoides conspicillum,126.99362,-33.24388
Balistoides conspicillum,126.44195,-33.20111
Balistoides conspicillum,132.81667,-34.03403
Balistoides conspicillum,126.64195,-33.275
Balistoides conspicillum,128.63458,-33.29389
Balistoides conspicillum,128.02625,-33.24306
Balistoides conspicillum,135.90084,-36.38333
Balistoides conspicillum,130.01764,-33.2518
Balistoides conspicillum,126.58431,-33.24305
Balistoides conspicillum,126.45986,-33.18458
Balistoides conspicillum,127.05,-33.28333
Balistoides conspicillum,128.88473,-33.39292
Balistoides conspicillum,127.83487,-33.27625
Balistoides conspicillum,126.02584,-33.41694
Balistoides conspicillum,134.95139,-34.19167
Balistoides conspicillum,130.58556,-32.00958
Balistoides conspicillum,128.25959,-33.23514
Balistoides conspicillum,128.73431,-33.34291
Balistoides conspicillum,130.63417,-33.32597
Balistoides conspicillum,126.74403,-33.21
Balistoides conspicillum,153.48333,-26.96667
Balistoides conspicillum,129.36667,-32.42541
Balistoides conspicillum,126.1,-33.26875
Balistoides conspicillum,126.70834,-33.23472
Balistoides conspicillum,126.48361,-33.17528
Balistoides conspicillum,130.21848,-33.28361
Balistoides conspicillum,130.80917,-31.72514
Balistoides conspicillum,130.95834,-31.74167
Balistoides conspicillum,124.67556,-33.15917
Balistoides conspicillum,129.40833,-31.89222
Balistoides conspicillum,128.61,-33.23583
Balistoides conspicillum,128.60862,-33.27611
Balistoides conspicillum,129.98528,-33.03486
Balistoides conspicillum,129.875,-33.1
Balistoides conspicillum,126.60889,-33.30097
Balistoides conspicillum,131.7,-32.54222
Balistoides conspicillum,126.43334,-33.2593
Balistoides conspicillum,128.6757,-32.18472
Balistoides conspicillum,126.03333,-33.25069
Balistoides conspicillum,132.88403,-34.37569
Balistoides conspicillum,153.629,-28.6114
Balistoides conspicillum,134.55834,-34.08333
Balistoides conspicillum,131.50834,-31.99264
Balistoides conspicillum,129.5175,-33.45097
Balistoides conspicillum,129.64264,-33.44166
Balistoides conspicillum,153.533333,-27.433333
Balistoides conspicillum,130.45,-31.85917
Balistoides conspicillum,129.25875,-33.31736
Balistoides conspicillum,153.483333,-27
Balistoides conspicillum,129.44361,-33.30875
Balistoides conspicillum,128.04223,-33.35916
Balistoides conspicillum,125.62639,-33.34236
Balistoides conspicillum,129.26722,-33.31055
Balistoides conspicillum,125.9857,-33.43416
Balistoides conspicillum,125.90986,-33.37639
Balistoides conspicillum,130.60111,-33.31722
Balistoides conspicillum,126.84237,-33.21708
Balistoides conspicillum,132.20139,-33.70902
Balistoides conspicillum,129.01723,-33.38444
Balistoides conspicillum,129.10945,-33.31722
Balistoides conspicillum,153.53333,-27.43333
Balistoides conspicillum,130.975,-31.73333
Balistoides conspicillum,128.05139,-33.20917
Balistoides conspicillum,126.95834,-33.31667
Balistoides conspicillum,129.33403,-33.33472
Balistoides conspicillum,125.20931,-33.2418
Balistoides conspicillum,129.90834,-31.88402
Balistoides conspicillum,130.58472,-32.60069
Balistoides conspicillum,129.99167,-31.825
Balistoides conspicillum,126.03403,-33.30833
Balistoides conspicillum,129.31778,-33.44333
Balistoides conspicillum,126.625,-33.34194
Balistoides conspicillum,127.61056,-33.29319
Balistoides conspicillum,126.44236,-33.20111
Balistoides conspicillum,125.7757,-32.52597
Balistoides conspicillum,127.27611,-33.40041
Balistoides conspicillum,136.275,-36.60833
Balistoides conspicillum,129.08459,-33.385
Balistoides conspicillum,128.25,-33.30069
Balistoides conspicillum,152.183,-32.75
Balistoides conspicillum,126.00972,-33.34166
Balistoides conspicillum,125.54264,-33.40055
Balistoides conspicillum,128.30209,-33.24263
Balistoides conspicillum,126.65945,-33.16764
Balistoides conspicillum,128.00181,-33.45013
Balistoides conspicillum,129.58459,-33.35166
Balistoides conspicillum,129.27583,-33.43416
Balistoides conspicillum,130.4925,-33.32638
Balistoides conspicillum,129.69362,-33.32527
Balistoides conspicillum,129.20834,-32
Balistoides conspicillum,126.59167,-33.2
Balistoides conspicillum,130.98334,-31.66667
Balistoides conspicillum,125.49167,-33.85944
Balistoides conspicillum,130.8932,-31.68444
Balistoides conspicillum,128.3425,-33.30166
Balistoides conspicillum,128.3432,-33.1425
Balistoides conspicillum,125.87583,-33.40028
Balistoides conspicillum,127.67737,-33.2018
Balistoides conspicillum,126.8507,-33.235
Balistoides conspicillum,126.03445,-33.28472
Balistoides conspicillum,126.97583,-33.30208
Balistoides conspicillum,127.09362,-33.31014
Balistoides conspicillum,130.08334,-33
Balistoides conspicillum,126.55959,-33.25111
Balistoides conspicillum,128.0182,-33.23333
Balistoides conspicillum,126.64292,-33.22625
Balistoides conspicillum,128.87625,-33.21791
Balistoides conspicillum,131.01667,-31.76667
Balistoides conspicillum,129.9175,-33.29208
Balistoides conspicillum,127.9925,-33.49333
Balistoides conspicillum,126.31667,-33.46666
Balistoides conspicillum,126.88445,-33.15083
Balistoides conspicillum,126.31722,-33.27556
Balistoides conspicillum,130.20973,-33.32569
Balistoides conspicillum,133.65833,-32.825
Balistoides conspicillum,128.175,-33.31667
Balistoides conspicillum,130.9,-31.775
Balistoides conspicillum,131.11667,-31.75903
Balistoides conspicillum,129.6,-32.1
Balistoides conspicillum,124.71806,-33.37569
Balistoides conspicillum,127.46806,-33.25069
Balistoides conspicillum,126.99167,-33.10903
Balistoides conspicillum,126.90112,-33.21667
Balistoides conspicillum,128.18334,-33.48416
Balistoides conspicillum,126.77639,-33.31819
Balistoides conspicillum,129.46806,-33.45083
Balistoides conspicillum,127.48348,-33.22555
Balistoides conspicillum,128.175,-33.13333
Balistoides conspicillum,133.8507,-33.875
Balistoides conspicillum,128.32653,-33.38361
Balistoides conspicillum,128.32584,-32.11764
Balistoides conspicillum,126.96806,-33.3168
Balistoides conspicillum,126.1,-33.26861
Balistoides conspicillum,153.483333,-26.966667
Balistoides conspicillum,128.72667,-33.21
Balistoides conspicillum,128.90986,-33.34292
Balistoides conspicillum,127.66764,-33.20903
Balistoides conspicillum,129.38333,-32.23333
Balistoides conspicillum,126.68459,-33.18528
Balistoides conspicillum,129.60028,-33.32541
Balistoides conspicillum,133.3257,-33.60069
Balistoides conspicillum,130.17681,-31.7
Balistoides conspicillum,126.41792,-33.20111
Balistoides conspicillum,128.48403,-33.3343
Balistoides conspicillum,125.95042,-33.41847
Balistoides conspicillum,132.81667,-33.39167
Balistoides conspicillum,128.03445,-33.27666
Balistoides conspicillum,125.64237,-33.35902
Balistoides conspicillum,129.34292,-33.35194
Balistoides conspicillum,134.86667,-34.06667
Balistoides conspicillum,129.37583,-33.35138
Balistoides conspicillum,126.89334,-33.2093
Balistoides conspicillum,129.50958,-31.75
Balistoides conspicillum,129.26014,-33.32666
Balistoides conspicillum,125.325,-33.20903
Balistoides conspicillum,133.66667,-33.575
Balistoides conspicillum,130.85958,-31.7093
Balistoides conspicillum,126.95111,-33.26889
Balistoides conspicillum,130.66708,-33.2843
Balistoides conspicillum,125.325,-33.10902
Balistoides conspicillum,125.9,-33.45833
Balistoides conspicillum,126.30014,-33.22639
Balistoides conspicillum,129.45084,-33.45194
Balistoides conspicillum,128.2007,-33.29166
Balistoides conspicillum,131.46667,-31.78347
Balistoides conspicillum,125.65,-33.24166
Balistoides conspicillum,115.18417,-34.67514
Balistoides conspicillum,126.66695,-33.23361
Balistoides conspicillum,128.20959,-33.31791
Balistoides conspicillum,126.875,-33.16666
Balistoides conspicillum,126.73528,-33.36069
Balistoides conspicillum,128.5432,-33.25972
Balistoides conspicillum,126.27625,-33.24347
Balistoides conspicillum,129.90972,-32.98361
Balistoides conspicillum,127.01042,-33.26764
Balistoides conspicillum,130.55139,-31.9
Balistoides conspicillum,128.11778,-33.35125
Balistoides conspicillum,129.34264,-33.41778
Balistoides conspicillum,132.89167,-34.3668
Balistoides conspicillum,128.22612,-33.26027
Balistoides conspicillum,125.89264,-33.38458
Balistoides conspicillum,128.43459,-33.20153
Balistoides conspicillum,128.91667,-32.94166
Balistoides conspicillum,132.41778,-33.40042
Balistoides conspicillum,132.09237,-33.45903
Balistoides conspicillum,128.35,-32.48333
Balistoides conspicillum,131.7757,-33.48333
Balistoides conspicillum,125.76736,-33.30069
