species,decimalLongitude,decimalLatitude
Banjos banjos,151.933,-32.933
Banjos banjos,153.583,-29.417
Banjos banjos,113.325,-28.15333333
Banjos banjos,153.833,-28.383
Banjos banjos,118.3725,-18.68917
Banjos banjos,112.55283,-24.16583
Banjos banjos,153.8,-29.033
Banjos banjos,116.45834,-19.21833
Banjos banjos,153.667,-28.4
Banjos banjos,112.45,-25.47
Banjos banjos,117.56584,-19.25833
Banjos banjos,153.55833,-29.44166
Banjos banjos,113.49,-28.57667
Banjos banjos,113.23,-27.93
Banjos banjos,151.95,-32.917
Banjos banjos,153.6,-29.933
Banjos banjos,113.325,-28.153333333333332
Banjos banjos,115.98333,-19.48333
Banjos banjos,153.35,-30.483
Banjos banjos,119.33333,-18.61667
Banjos banjos,120.84167,-16.34166
Banjos banjos,153.77499,-28.87499
Banjos banjos,113.49,-28.5766
Banjos banjos,114.05,-28.8
Banjos banjos,153.566,-29.34166
Banjos banjos,113.09676,-23.91022
Banjos banjos,115.75,-19.66667
Banjos banjos,113.23,-27.75
Banjos banjos,112.41667,-26.16667
Banjos banjos,113.73333,-25.35
Banjos banjos,151.94166,-32.916
Banjos banjos,114.16667,-21.78333
Banjos banjos,116.47,-19.21667
Banjos banjos,111.73201,-20.8072
Banjos banjos,116.47,-19.2166
Banjos banjos,151.92499,-32.94166
Banjos banjos,112.4483333,-26.37833333
Banjos banjos,119.333,-18.616
Banjos banjos,153.767,-29.4
Banjos banjos,115.9833,-19.4833
Banjos banjos,112.44833333333334,-26.378333333333334
