species,decimalLongitude,decimalLatitude
Bathyraja richardsoni,179.42,-42.58
Bathyraja richardsoni,-12.2467002869,50.7433013916
Bathyraja richardsoni,-72.8333267,39.0666633
Bathyraja richardsoni,-13.3991999626,49.478351593
Bathyraja richardsoni,-28.072,42.647
Bathyraja richardsoni,164.766998291,-54.1166992188
Bathyraja richardsoni,-12,54
Bathyraja richardsoni,-27.6,46.85
Bathyraja richardsoni,147.516,-47.35
Bathyraja richardsoni,147.28262,-44.24803
Bathyraja richardsoni,-13.957,54.034
Bathyraja richardsoni,-29.995,42.388
Bathyraja richardsoni,-27.024,40.299
Bathyraja richardsoni,-72.5,39.4333367
Bathyraja richardsoni,171.21666666666667,-48.7
Bathyraja richardsoni,-33.735,53.038
Bathyraja richardsoni,-16.3999996185,27.9167003632
Bathyraja richardsoni,-52.0167,43.099998
Bathyraja richardsoni,179.05,-48.45
Bathyraja richardsoni,169.4072,-49.0923
Bathyraja richardsoni,-30.417,51.918
Bathyraja richardsoni,-29.639,42.81
Bathyraja richardsoni,179.59,-42.59
Bathyraja richardsoni,171.2166667,-48.7
Bathyraja richardsoni,-12.862,54.129
Bathyraja richardsoni,-74.0416667,37.8666633
Bathyraja richardsoni,147.38707,-44.29436
Bathyraja richardsoni,-73.3672233,39.7666733
Bathyraja richardsoni,-12.9682998657,49.9166984558
Bathyraja richardsoni,-29.802,42.425
Bathyraja richardsoni,-35.534,53.28
Bathyraja richardsoni,-65.9083,41.216667
Bathyraja richardsoni,179.46,-42.31
Bathyraja richardsoni,-12.9483003616,49.8699989319
Bathyraja richardsoni,-178.989,-42.9073
Bathyraja richardsoni,-14.1063,53.9643
Bathyraja richardsoni,-12.95,51.0833333333333
Bathyraja richardsoni,-12.9416999817,49.9132995605
Bathyraja richardsoni,-65.075,41.797222
Bathyraja richardsoni,-27.2353,38.6559
Bathyraja richardsoni,-28.661,42.633
Bathyraja richardsoni,-28.148,42.574
Bathyraja richardsoni,174.95,-42.0333
Bathyraja richardsoni,-29.655,51.826
Bathyraja richardsoni,-10.1499996185,56.1669998169
Bathyraja richardsoni,-75.4411067,35.7700033
Bathyraja richardsoni,-27.6,47.0333333333333
Bathyraja richardsoni,-52.6917,43.391667
Bathyraja richardsoni,-74.81333,37.315
Bathyraja richardsoni,174.95,-47.11667
Bathyraja richardsoni,-13.1849999428,50.4799995422
Bathyraja richardsoni,176.283333,-37.083333
Bathyraja richardsoni,-10.15,56.167
Bathyraja richardsoni,-34.768,53.12
Bathyraja richardsoni,-12.9058499336,51.101650238
Bathyraja richardsoni,179.36,-42.31
Bathyraja richardsoni,-29.648,51.235
Bathyraja richardsoni,167.5833333,-39.48333333
Bathyraja richardsoni,-13.9985,53.9965
Bathyraja richardsoni,-12.233,54.366
Bathyraja richardsoni,-14.0552,53.9813
Bathyraja richardsoni,147.51667,-47.35
Bathyraja richardsoni,147.17392,-44.31862
Bathyraja richardsoni,-72.60833,38.90833
Bathyraja richardsoni,179.39,-42.54
Bathyraja richardsoni,167.58333333333334,-39.483333333333334
Bathyraja richardsoni,-43.8,46.8
Bathyraja richardsoni,-10.1667,55.2005
Bathyraja richardsoni,-30.669,51.541
Bathyraja richardsoni,-28.5396,38.4866
Bathyraja richardsoni,-28.37,42.63
Bathyraja richardsoni,-12.9257998466,50.7966499329
Bathyraja richardsoni,171.8463,-50.8982
Bathyraja richardsoni,-97.90333,0.005
Bathyraja richardsoni,-9.9788,55.3438
Bathyraja richardsoni,-34.766,53.139
Bathyraja richardsoni,-27.12153679,40.22629988
Bathyraja richardsoni,-27.02602889,40.29807235
Bathyraja richardsoni,-27.04418716,40.29387864
Bathyraja richardsoni,169.9242,-47.7003
Bathyraja richardsoni,-75.4333367,35.7666733
Bathyraja richardsoni,-10.267,56.25
Bathyraja richardsoni,-65.9083,65.908333
