species,decimalLongitude,decimalLatitude
Bathytroctes microlepis,-74.45,36.658333
Bathytroctes microlepis,-67.41472222,39.96916667
Bathytroctes microlepis,-8.717,47.518
Bathytroctes microlepis,-15.3083333333333,60.15
Bathytroctes microlepis,-30.417,51.918
Bathytroctes microlepis,-8.583,47.5
Bathytroctes microlepis,-29.389,42.789
Bathytroctes microlepis,-76.1999969482,10.1999998093
Bathytroctes microlepis,-16.9897003173828,19.2534999847412
Bathytroctes microlepis,-8.71700000763,47.5180015564
Bathytroctes microlepis,-13.4350004196,49.926700592
Bathytroctes microlepis,-67.4147222,39.9691667
Bathytroctes microlepis,-8.417,47.551
Bathytroctes microlepis,-87.8000030518,28.7999992371
Bathytroctes microlepis,-27.825,42.808
Bathytroctes microlepis,-9.133333333333328,47.7
Bathytroctes microlepis,-12.5532999039,49.7649993896
Bathytroctes microlepis,-89.6111221313,25.6826934814
Bathytroctes microlepis,-11.2391500473,31.7183504105
Bathytroctes microlepis,-87.3768386841,25.9080505371
Bathytroctes microlepis,5.5947,-26.2702
Bathytroctes microlepis,-9.133,47.7
Bathytroctes microlepis,-12.9682998657,49.9166984558
Bathytroctes microlepis,-19.7333333333333,45.2516666730245
Bathytroctes microlepis,-87.83333,28.78333
Bathytroctes microlepis,-13.3991999626,49.478351593
Bathytroctes microlepis,-32.6833333333333,7.91666666666667
Bathytroctes microlepis,-28.139,42.922
Bathytroctes microlepis,-29.303,42.89
Bathytroctes microlepis,-12.3816995621,49.8450012207
Bathytroctes microlepis,-63.184,42.529167
Bathytroctes microlepis,-75.99,24.3483333
Bathytroctes microlepis,-19.733,44.252
Bathytroctes microlepis,6.4755,-24.957
Bathytroctes microlepis,-12.6300001144,50.0066986084
Bathytroctes microlepis,-74.4133300781,36.6049995422
Bathytroctes microlepis,-13.4642000198,50.4191989899
Bathytroctes microlepis,-28.244,41.295
Bathytroctes microlepis,-72,-30.7000007629
Bathytroctes microlepis,-19.3666666666667,43.2
Bathytroctes microlepis,-12.5183333396912,49.7766666412354
Bathytroctes microlepis,-12.6816997528,49.6432991028
Bathytroctes microlepis,-8.38333,35.78333
Bathytroctes microlepis,-18.1392002106,21.1624994278
Bathytroctes microlepis,-13.4666996002,49.5583000183
Bathytroctes microlepis,-10.4666666666667,48.45
Bathytroctes microlepis,-18,20
Bathytroctes microlepis,-30.339,42.915
Bathytroctes microlepis,-29.548,51.751
Bathytroctes microlepis,-74.2917,36.7567
Bathytroctes microlepis,-63.184,42.5292
Bathytroctes microlepis,93,10
Bathytroctes microlepis,-18,48.5
Bathytroctes microlepis,-8.41699981689,47.5509986877
Bathytroctes microlepis,-16.8099999745687,46.0833333333333
Bathytroctes microlepis,-58.4033,43.835833
Bathytroctes microlepis,-74.4011077881,36.5
Bathytroctes microlepis,122.330001831,25.0100002289
Bathytroctes microlepis,-38.2478,-17.6465
Bathytroctes microlepis,-16.112,45.043
Bathytroctes microlepis,-87.8333,28.7833
Bathytroctes microlepis,5.889,-25.9459
Bathytroctes microlepis,-89.76316,27.45346
Bathytroctes microlepis,-69.3000030518,15.1000003815
Bathytroctes microlepis,-33.6089000702,36.5974998474
Bathytroctes microlepis,-3.2,44.05
Bathytroctes microlepis,-33.455,51.42
Bathytroctes microlepis,-88.2854156494,27.7368030548
Bathytroctes microlepis,-70.725,39.75833333
Bathytroctes microlepis,115.33333,15.36667
Bathytroctes microlepis,-28.662,49.288
Bathytroctes microlepis,-13.486700058,49.6032981873
Bathytroctes microlepis,-18.4666666666667,14.1833333333333
Bathytroctes microlepis,-8.58300018311,47.5
Bathytroctes microlepis,-12.786649704,51.275850296
Bathytroctes microlepis,-29.639,42.81
Bathytroctes microlepis,-6.1,-15.75
Bathytroctes microlepis,-30.007,41.769
Bathytroctes microlepis,-13.1933002472,50.9449996948
Bathytroctes microlepis,-10.88333,37.63333
Bathytroctes microlepis,-27.803,45.667
Bathytroctes microlepis,-18.5377006530762,20.5737991333008
Bathytroctes microlepis,-11.2283501625,41.9091510773
Bathytroctes microlepis,-12.9416999817,49.9132995605
Bathytroctes microlepis,-74.4749984741,36.6633338928
Bathytroctes microlepis,-84.9392242432,26.7211151123
Bathytroctes microlepis,-74.2916641235,36.7566680908
Bathytroctes microlepis,-11.8400001526,30.095000267
Bathytroctes microlepis,-26.00833333,37.84166667
Bathytroctes microlepis,-16.1116666634878,45.0416666666667
Bathytroctes microlepis,-74.375,36.0266685486
Bathytroctes microlepis,-15.2166666666667,52.75
Bathytroctes microlepis,-90.5797233,27.9741633
Bathytroctes microlepis,-67.43888889,39.9675
Bathytroctes microlepis,-10.8830003738,37.6329994202
