species,decimalLongitude,decimalLatitude
Bathycongrus wallacei,120.43911,22.46675
Bathycongrus wallacei,43.11666666666667,-22.23333333333333
Bathycongrus wallacei,121.90086,24.94111
Bathycongrus wallacei,179.617004395,-16.6499996185
Bathycongrus wallacei,55.233001709,-20.9500007629
Bathycongrus wallacei,55.233,-20.95
Bathycongrus wallacei,31.75,-29.125
Bathycongrus wallacei,32.0879,-29.174833
Bathycongrus wallacei,121.90086,22.879
Bathycongrus wallacei,120.45,22.46667
Bathycongrus wallacei,122.099998474,24.5799999237
Bathycongrus wallacei,43.5009994507,-23.4340000153
Bathycongrus wallacei,109.425,15.666667
Bathycongrus wallacei,122.650001526,13.1330003738
Bathycongrus wallacei,40.1333007812,-16.3332996368
Bathycongrus wallacei,109.425,15.66667
Bathycongrus wallacei,35.66666666666666,-21.28333333333334
Bathycongrus wallacei,73.2697,12.4779
Bathycongrus wallacei,122.010002136,24.8700008392
Bathycongrus wallacei,31.61700058,-29.70499992
Bathycongrus wallacei,40.7696,-11.1341
Bathycongrus wallacei,179.617,-16.65
Bathycongrus wallacei,166.917007446,-15.1169996262
Bathycongrus wallacei,109.425,15.666666666666666
Bathycongrus wallacei,40.416668,-3.066667
Bathycongrus wallacei,120.833000183,13.8170003891
Bathycongrus wallacei,120.73703,13.832342
Bathycongrus wallacei,120.370002747,22.1800003052
Bathycongrus wallacei,43.501,-23.434
Bathycongrus wallacei,55.230556,-20.615278
Bathycongrus wallacei,120.974583,13.691588
Bathycongrus wallacei,31.617333,-29.704833
Bathycongrus wallacei,55.53,-21.26
Bathycongrus wallacei,122.019996643,24.8600006104
Bathycongrus wallacei,48.283333,-13.4
Bathycongrus wallacei,37.5167007446,-18.2332992554
Bathycongrus wallacei,122.65,13.133
Bathycongrus wallacei,120.833,13.817
Bathycongrus wallacei,48.11033,-12.80717
Bathycongrus wallacei,166.917,-15.117
Bathycongrus wallacei,122.089996338,24.9699993134
Bathycongrus wallacei,43.917,-18.9
Bathycongrus wallacei,32.87900162,-29.17480087
Bathycongrus wallacei,55.230556488,-20.615278244
Bathycongrus wallacei,31,-29.85
Bathycongrus wallacei,43.9169998169,-18.8999996185
Bathycongrus wallacei,38.4500007629,-17.5499992371
