species,decimalLongitude,decimalLatitude
Bathyraja kincaidii,-122.92114,48.848016
Bathyraja kincaidii,-164.16,55.25
Bathyraja kincaidii,-124.379914,41.797749
Bathyraja kincaidii,-123.42064,37.84665
Bathyraja kincaidii,-124.2416667,40.8166667
Bathyraja kincaidii,-122.975,48.355
Bathyraja kincaidii,-167.661667,54.995556
Bathyraja kincaidii,-124.65,46.1
Bathyraja kincaidii,149,58
Bathyraja kincaidii,-172.09731,56.55727
Bathyraja kincaidii,-120.732989,35.16243
Bathyraja kincaidii,-120.805252075,34.5996704102
Bathyraja kincaidii,-124.208113,41.737539
Bathyraja kincaidii,-163.5,56.1100006104
Bathyraja kincaidii,-120.758636,35.157427
Bathyraja kincaidii,-120.79889679,34.6052131653
Bathyraja kincaidii,-126.091667,48.38
Bathyraja kincaidii,-173.5,57.52
Bathyraja kincaidii,-124.8519444,45.8522222
Bathyraja kincaidii,-124.773305,44.809584
Bathyraja kincaidii,-169.16,56.63
Bathyraja kincaidii,-124.4261,40.967
Bathyraja kincaidii,-123.00184,48.540066
Bathyraja kincaidii,139.84691,39.877537
Bathyraja kincaidii,-122.003333,36.486667
Bathyraja kincaidii,-124,46
Bathyraja kincaidii,-121.151561,35.563614
Bathyraja kincaidii,-173.16,57.34
Bathyraja kincaidii,-124.6133,46.56635
Bathyraja kincaidii,-118.682109,33.966253
Bathyraja kincaidii,-121.903213501,36.7901763916
Bathyraja kincaidii,-124.60285,46.57576
Bathyraja kincaidii,-123.43145,38.21484
Bathyraja kincaidii,-122.02127,36.52814
Bathyraja kincaidii,-119.0683333,33.6066667
Bathyraja kincaidii,-168.83,56.63
Bathyraja kincaidii,-118.293333,33.618333
Bathyraja kincaidii,-118.4333333,33.9666667
Bathyraja kincaidii,-123.968985,39.905534
Bathyraja kincaidii,-122.3375,36.9125
Bathyraja kincaidii,-122.111667,36.641667
Bathyraja kincaidii,-123.43285,38.21557
Bathyraja kincaidii,174,52
Bathyraja kincaidii,-121.971916199,36.7544517517
Bathyraja kincaidii,-122.400575,37.356771
Bathyraja kincaidii,-132.959422,56.812735000000004
Bathyraja kincaidii,-122.8713883,48.9847217
Bathyraja kincaidii,-150.83,58.25
Bathyraja kincaidii,-124.7166667,46.0166667
Bathyraja kincaidii,-167.676667,54.995
Bathyraja kincaidii,-121.977887,36.357321
Bathyraja kincaidii,-122.0666667,36.3866667
Bathyraja kincaidii,-152.448333,56.9
Bathyraja kincaidii,-124.455,46.065
Bathyraja kincaidii,-123.74986,38.64326
Bathyraja kincaidii,-118.0433333,33.6283333
Bathyraja kincaidii,-121.025776,35.249673
Bathyraja kincaidii,-123.80663,38.72777
Bathyraja kincaidii,-125.886667,44.41
Bathyraja kincaidii,-123.74274,38.64241
Bathyraja kincaidii,-121.889930725,36.7898635864
Bathyraja kincaidii,-123.40926,37.85034
Bathyraja kincaidii,-124.98333,46.175
Bathyraja kincaidii,-123.41039,37.84953
Bathyraja kincaidii,-124.119044,48.322703
Bathyraja kincaidii,-124.75,45.9666667
Bathyraja kincaidii,-121.987933,36.699637
Bathyraja kincaidii,-122.367222,36.918611
Bathyraja kincaidii,-121.4035672,35.0917877
Bathyraja kincaidii,-119.711667,34.261667
Bathyraja kincaidii,-122.147171021,36.8071861267
Bathyraja kincaidii,-124.6833333,46.0833333
Bathyraja kincaidii,-125,46
Bathyraja kincaidii,-121.1833333,35.5166667
Bathyraja kincaidii,-124.6,46.6
Bathyraja kincaidii,-172.160003662,57.7000007629
Bathyraja kincaidii,-124.75,46
Bathyraja kincaidii,-170.16,56.11
Bathyraja kincaidii,-122.015,36.49
Bathyraja kincaidii,-168.5,56.98
Bathyraja kincaidii,-119.083333,33.616667
Bathyraja kincaidii,-172.83,57.7
Bathyraja kincaidii,-123.528742,38.765027
Bathyraja kincaidii,-151.16,58.25
Bathyraja kincaidii,-126.556667,48.756667
Bathyraja kincaidii,-173.5,57.88
Bathyraja kincaidii,-123.73733,38.64176
Bathyraja kincaidii,-121.873207092,36.7926063538
Bathyraja kincaidii,-118.333333,33.366667
Bathyraja kincaidii,-123.40894,37.85056
Bathyraja kincaidii,-168.83,56.81
Bathyraja kincaidii,-124.0166667,46.1166667
Bathyraja kincaidii,-122.067778,36.3175
Bathyraja kincaidii,-172.5,57.88
Bathyraja kincaidii,-121.21611,34.79028
Bathyraja kincaidii,-170.83,56.28
Bathyraja kincaidii,-120.994444,35.048611
Bathyraja kincaidii,-120.80255127,34.5994644165
Bathyraja kincaidii,-122.6566667,36.9983333
Bathyraja kincaidii,-118.0966667,32.4416667
Bathyraja kincaidii,-123.984,45.5555
Bathyraja kincaidii,-124.6433333,46.0616667
Bathyraja kincaidii,-119.0866667,33.6533333
Bathyraja kincaidii,-123.387268,48.242086
Bathyraja kincaidii,-173.83,58.06
Bathyraja kincaidii,-169.16,56.81
Bathyraja kincaidii,-122.642272949,36.9744338989
Bathyraja kincaidii,-119.541667,34.093333
Bathyraja kincaidii,-120.67307,34.902271
Bathyraja kincaidii,-123.086242,48.982433
Bathyraja kincaidii,-173.5,57.7
Bathyraja kincaidii,-124.103166,44.428166
Bathyraja kincaidii,-123.073997498,49.0989990234
Bathyraja kincaidii,-123.41834,38.20753
Bathyraja kincaidii,-121.970733643,36.7556381226
Bathyraja kincaidii,-151.5,57.34
Bathyraja kincaidii,-120.862771,35.071963
Bathyraja kincaidii,-168.83,56.98
Bathyraja kincaidii,-120.797721863,34.6419410706
Bathyraja kincaidii,-121.88659668,36.7890815735
Bathyraja kincaidii,-123.41429,37.84811
Bathyraja kincaidii,-121.886650085,36.7891082764
Bathyraja kincaidii,-124.800003052,46
Bathyraja kincaidii,-168.160003662,56.9799995422
Bathyraja kincaidii,-168.5,57.16
Bathyraja kincaidii,-123.81003,38.72994
Bathyraja kincaidii,-120.7333333,35.1833333
Bathyraja kincaidii,-125.1766667,47.8366667
Bathyraja kincaidii,-122.0616667,36.3583333
Bathyraja kincaidii,-122.1445,36.5368
Bathyraja kincaidii,-124.935,47.118333
Bathyraja kincaidii,-172.5,57.7
Bathyraja kincaidii,-123.41364,37.84804
Bathyraja kincaidii,-123.40567,38.19746
Bathyraja kincaidii,-126.08,48.388333
Bathyraja kincaidii,-169.83,56.63
Bathyraja kincaidii,-122.125068665,36.8037986755
Bathyraja kincaidii,-173.160003662,57.1599998474
Bathyraja kincaidii,-164.1,54.247222
Bathyraja kincaidii,-123.908197,39.500102
Bathyraja kincaidii,-122.871002197,48.9850006104
Bathyraja kincaidii,-168.160003662,56.4500007629
Bathyraja kincaidii,-167.83,56.63
Bathyraja kincaidii,-123.2166667,48.9833333
Bathyraja kincaidii,-121.36141,34.80128
Bathyraja kincaidii,-163.5,56.28
Bathyraja kincaidii,-122.352222,36.919167
Bathyraja kincaidii,-121.2641667,35.5466667
Bathyraja kincaidii,-120.73324,35.177152
Bathyraja kincaidii,-122.053543091,36.7575721741
Bathyraja kincaidii,-124.7966667,45.9966667
Bathyraja kincaidii,-152.830001831,56.8100013733
Bathyraja kincaidii,-122.0215,36.52757
Bathyraja kincaidii,-168.16,56.81
Bathyraja kincaidii,-121.970542908,36.7555427551
