species,decimalLongitude,decimalLatitude
Bathysaurus ferox,112.26,-27.55166
Bathysaurus ferox,130.28,-34.641
Bathysaurus ferox,114.2,-33.28333
Bathysaurus ferox,139.21667,-37.69166
Bathysaurus ferox,132.33333,-34.6
Bathysaurus ferox,141.07,-38.63
Bathysaurus ferox,150.382,-37.792
Bathysaurus ferox,137.475,-36.98333
Bathysaurus ferox,126.708,-33.708
Bathysaurus ferox,137.40833,-36.95833
Bathysaurus ferox,131.738,-34.78695
Bathysaurus ferox,115.01667,-35.11667
Bathysaurus ferox,131.0775,-35.05125
Bathysaurus ferox,139.93334,-38.05
Bathysaurus ferox,117.575,-18.41666
Bathysaurus ferox,151.233,-34.92499
Bathysaurus ferox,138.65,-37.325
Bathysaurus ferox,115.0166,-35.1166
Bathysaurus ferox,138.94167,-37.49166
Bathysaurus ferox,113.64602,-22.20177
Bathysaurus ferox,153.30833,-31.766
Bathysaurus ferox,137.40833,-36.96667
Bathysaurus ferox,132.51683,-34.68916
Bathysaurus ferox,152.75833,-32.9
Bathysaurus ferox,139.675,-37.925
Bathysaurus ferox,126.008,-33.983
Bathysaurus ferox,138.94167,-37.56666
Bathysaurus ferox,152,-33.767
Bathysaurus ferox,132.333,-34.6
Bathysaurus ferox,126.02,-33.98
Bathysaurus ferox,141.07,-38.6
Bathysaurus ferox,144.38,-41.855
Bathysaurus ferox,139.88334,-38.025
Bathysaurus ferox,142.11667,-38.95
Bathysaurus ferox,139.666,-37.9
Bathysaurus ferox,151.233,-34.917
Bathysaurus ferox,130.6595,-33.73065
Bathysaurus ferox,131.73133,-34.77517
Bathysaurus ferox,151.267,-34.917
Bathysaurus ferox,138.65,-37.45833
Bathysaurus ferox,131.8525,-34.7234
Bathysaurus ferox,138.59167,-37.35833
Bathysaurus ferox,139.95,-38.06667
Bathysaurus ferox,140.2,-38.20833
Bathysaurus ferox,128.68,-33.43
Bathysaurus ferox,139.66667,-37.9
Bathysaurus ferox,140.375,-38.30833
Bathysaurus ferox,118.368,-35.426
Bathysaurus ferox,138.225,-37.26667
Bathysaurus ferox,137.65,-37.07
Bathysaurus ferox,130.767,-34.058
Bathysaurus ferox,113.86374,-21.71621
Bathysaurus ferox,137.23334,-36.88333
Bathysaurus ferox,139.025,-37.65833
Bathysaurus ferox,127.30583,-33.79166
Bathysaurus ferox,137.38334,-36.975
Bathysaurus ferox,117.76667,-18.36667
Bathysaurus ferox,140.51667,-38.375
Bathysaurus ferox,149.101,-40.464
Bathysaurus ferox,128.88,-31.72
Bathysaurus ferox,152.05,-33.717
Bathysaurus ferox,117.8,-35.533
Bathysaurus ferox,149.48967,-38.438
Bathysaurus ferox,139.53334,-37.84166
Bathysaurus ferox,151.266,-34.916
Bathysaurus ferox,142.35,-39.075
Bathysaurus ferox,139.183,-37.683
Bathysaurus ferox,152.217,-33.467
Bathysaurus ferox,139,-37.6
Bathysaurus ferox,138.96667,-37.55833
Bathysaurus ferox,116.85,-18.8
Bathysaurus ferox,152.183,-33.5
Bathysaurus ferox,131.73133,-34.77516
Bathysaurus ferox,153.133,-32.067
Bathysaurus ferox,112.26,-27.55167
Bathysaurus ferox,132.51683,-34.68917
Bathysaurus ferox,137.2767,-36.9289
Bathysaurus ferox,131.28,-33.97
Bathysaurus ferox,139.51667,-37.8
Bathysaurus ferox,139.21667,-37.70833
Bathysaurus ferox,132.467,-34.6673
Bathysaurus ferox,137,-37
Bathysaurus ferox,153.14166,-32.066
Bathysaurus ferox,114.1975,-33.28083
Bathysaurus ferox,152.05,-33.72499
Bathysaurus ferox,149.48966,-38.43799
Bathysaurus ferox,139.18333,-37.68333
Bathysaurus ferox,140.34167,-38.29166
Bathysaurus ferox,152.75,-32.9
Bathysaurus ferox,134.0515,-35.35205
Bathysaurus ferox,150.883,-35.467
Bathysaurus ferox,153.596,-30.099
Bathysaurus ferox,114.73333333333333,-31.654999999999998
Bathysaurus ferox,139.62,-37.85
Bathysaurus ferox,138.075,-37.14166
Bathysaurus ferox,153.59599,-30.09899
Bathysaurus ferox,144.4,-41.88333
Bathysaurus ferox,152.216,-33.466
Bathysaurus ferox,138.91667,-37.45833
Bathysaurus ferox,139.275,-37.73333
Bathysaurus ferox,114.7333333,-31.655
Bathysaurus ferox,145.6,-43.516
Bathysaurus ferox,135.53,-35.8767
Bathysaurus ferox,117.8,-35.53333
Bathysaurus ferox,140.31667,-38.30833
Bathysaurus ferox,138.83334,-37.35833
Bathysaurus ferox,137.41667,-37.00833
Bathysaurus ferox,145.6,-43.51667
Bathysaurus ferox,128.567,-33.442
Bathysaurus ferox,140.96667,-38.58333
Bathysaurus ferox,144.4,-41.883
Bathysaurus ferox,151.25,-34.933
Bathysaurus ferox,139.98334,-38.08333
Bathysaurus ferox,149.47517,-38.5755
Bathysaurus ferox,137.642,-37.042
Bathysaurus ferox,138.74167,-37.39166
Bathysaurus ferox,153.3,-31.75
Bathysaurus ferox,126.73,-33.7
Bathysaurus ferox,114.44167,-32.56333
Bathysaurus ferox,137.2,-36.86666
Bathysaurus ferox,149.47516,-38.57549
Bathysaurus ferox,137.46667,-37
Bathysaurus ferox,139.125,-37.69166
Bathysaurus ferox,144.64167,-42.41666
Bathysaurus ferox,139.13334,-37.64166
