species,decimalLongitude,decimalLatitude
Bathytoshia centroura,-51.95,-32.6667
Bathytoshia centroura,-72.80266667,40.74416667
Bathytoshia centroura,-51.2833,-33
Bathytoshia centroura,-76.076267,34.657017
Bathytoshia centroura,-75.4,37.016667
Bathytoshia centroura,9.8,3.15
Bathytoshia centroura,9.216666666666669,-1.933333333333333
Bathytoshia centroura,-75.36266667,37.73733333
Bathytoshia centroura,-75.6719970703,35.2060012817
Bathytoshia centroura,-75.633333,36.566667
Bathytoshia centroura,-5.3,5.083333333333333
Bathytoshia centroura,-96.6004257202,27.1292877197
Bathytoshia centroura,-2.133333333333333,4.733333333333333
Bathytoshia centroura,-73.148833,39.980917
Bathytoshia centroura,-97.3691329956,27.3733863831
Bathytoshia centroura,-11.95138888888889,7.116666666666666
Bathytoshia centroura,9.25,0.4166666666666667
Bathytoshia centroura,-75.483333,35.4
Bathytoshia centroura,9.718055555555557,2.483333333333333
Bathytoshia centroura,-76.266667,34.633333
Bathytoshia centroura,-80.2900009155,28.9200000763
Bathytoshia centroura,8.966666666666667,-1.033333333333333
Bathytoshia centroura,-75.866667,37.016667
Bathytoshia centroura,-75.72448336,36.16993333
Bathytoshia centroura,-79.2679977417,32.983001709
Bathytoshia centroura,-0.4166666666666667,5.383333333333334
Bathytoshia centroura,-76.416667,34.7
Bathytoshia centroura,-81.3799972534,30.2759990692
Bathytoshia centroura,17.47,42.95
Bathytoshia centroura,-76.466667,33.85
Bathytoshia centroura,-78.9000015259,33.2999992371
Bathytoshia centroura,-75.637167,35.102333
Bathytoshia centroura,-75.8509979248,35.1469993591
Bathytoshia centroura,-75.233333,35.85
Bathytoshia centroura,-75.2,35.75
Bathytoshia centroura,-75.99883333,36.94733333
Bathytoshia centroura,5.134722222222222,5.033333333333333
Bathytoshia centroura,-75.46361666,35.45546665
Bathytoshia centroura,-12.63472222222222,7.366666666666666
Bathytoshia centroura,9.28472222222222,1.184722222222222
Bathytoshia centroura,-76.06083333,37.065
Bathytoshia centroura,4.801388888888889,5.934722222222222
Bathytoshia centroura,-14.21666666666667,9.6
Bathytoshia centroura,-16.7255,28.0486
Bathytoshia centroura,-75.20926,35.061928
Bathytoshia centroura,-74.9535,38.32133333
Bathytoshia centroura,-80.4499969482,31.0699996948
Bathytoshia centroura,-70.7480927,41.5626068
Bathytoshia centroura,-9.734722222222224,5.05
Bathytoshia centroura,8.85138888888889,4.2
Bathytoshia centroura,-75.630667,37.41095
Bathytoshia centroura,-80.9820022583,31.142999649
Bathytoshia centroura,-80.9270019531,31.8269996643
Bathytoshia centroura,-76.0035,36.96516667
Bathytoshia centroura,-76.0899963379,34.1899986267
Bathytoshia centroura,9.683333333333334,-2.533333333333333
Bathytoshia centroura,10.61666666666667,-3.45
Bathytoshia centroura,-75.599567,34.707217
Bathytoshia centroura,-75.1,36.8
Bathytoshia centroura,-3.366666666666667,5.1
Bathytoshia centroura,8.233333333333333,4.4
Bathytoshia centroura,-80.4800033569,30.5
Bathytoshia centroura,-75.833,36.9965
Bathytoshia centroura,-17.08333333333333,12.01666666666667
Bathytoshia centroura,-74.857758,38.320868
Bathytoshia centroura,-52.6333,-34
Bathytoshia centroura,-75.916667,36.85
Bathytoshia centroura,-74.680085,38.942807
Bathytoshia centroura,-77.8870010376,33.7130012512
Bathytoshia centroura,-74.866667,38.583333
Bathytoshia centroura,-79.3833312988,32.0333328247
Bathytoshia centroura,-79.2600021362,32.3100013733
Bathytoshia centroura,-74.886283,38.346443
Bathytoshia centroura,-74.933333,38.833333
Bathytoshia centroura,-77.966667,33.533333
Bathytoshia centroura,-73.833333,39.183333
Bathytoshia centroura,-25.0852,16.8365
Bathytoshia centroura,-10.81805555555556,6.3
Bathytoshia centroura,-8.416666666666666,4.6
Bathytoshia centroura,-75.79585266,36.90777969
Bathytoshia centroura,-74.119,39.714
Bathytoshia centroura,-50.1417666594187,-31.7941333134969
Bathytoshia centroura,-75.62935003,36.06863333
Bathytoshia centroura,-80.1583023071,31.9750003815
Bathytoshia centroura,-74.584818,39.023815
Bathytoshia centroura,-52.1167,-33.3333
Bathytoshia centroura,4.283333333333333,6.316666666666666
Bathytoshia centroura,-75.05,36.95
Bathytoshia centroura,-80.6200027466,28.75
Bathytoshia centroura,12.08333333333333,-5.8
Bathytoshia centroura,-74.72715003,39.0234
Bathytoshia centroura,-7.016666666666667,4.516666666666667
Bathytoshia centroura,-80.3000030518,29.5583324432
Bathytoshia centroura,-81.1,29.6
Bathytoshia centroura,-1.7,4.9
Bathytoshia centroura,-77.9710006714,33.7729988098
Bathytoshia centroura,-75.133333,35.516667
Bathytoshia centroura,-75.248328,37.886642
Bathytoshia centroura,-75.6,37.25
Bathytoshia centroura,-50.7667,-31.6333
Bathytoshia centroura,-75.07,37.231333
Bathytoshia centroura,-10.15,5.933333333333334
Bathytoshia centroura,-74.671,38.73
Bathytoshia centroura,-75.611,34.684
Bathytoshia centroura,-78.4250030518,33.6669998169
Bathytoshia centroura,-70.774986,41.586804
Bathytoshia centroura,11.05,-3.966666666666667
Bathytoshia centroura,-80.1699981689,30.6499996185
Bathytoshia centroura,-75.817833,34.861667
Bathytoshia centroura,-16.25,10.53333333333333
Bathytoshia centroura,-79.3833,32.0333
Bathytoshia centroura,-75.566667,35.883333
Bathytoshia centroura,-75.4,35.733333
Bathytoshia centroura,-50.2833,-32.25
Bathytoshia centroura,-75.220477,38.93985
Bathytoshia centroura,-88.8000030518,29.5167007446
Bathytoshia centroura,-75.366667,36.916667
Bathytoshia centroura,8.683333333333334,-0.6847222222222222
Bathytoshia centroura,-75.575,35.1425
Bathytoshia centroura,-74.65,38.85
Bathytoshia centroura,-75.066667,38.733333
Bathytoshia centroura,-73.9300003051758,11.5
Bathytoshia centroura,-74.866667,38.316667
Bathytoshia centroura,-81.2529983521,29.8369998932
Bathytoshia centroura,-51,-33.0667
Bathytoshia centroura,-80.4400024414,28.8799991608
Bathytoshia centroura,-81.1299972534,29.8500003815
Bathytoshia centroura,-73.416667,39.816667
Bathytoshia centroura,6.034722222222222,4.15
Bathytoshia centroura,-79.1279983521,33.3740005493
Bathytoshia centroura,-73.983333,39.35
Bathytoshia centroura,-83.2079162598,27.3017368317
Bathytoshia centroura,-81.0719985962,31.1849994659
Bathytoshia centroura,2.9,6.35
Bathytoshia centroura,-77.1539993286,34.6160011292
Bathytoshia centroura,-77.91666667,33.66666667
Bathytoshia centroura,-51.8833,-33
Bathytoshia centroura,-73.916667,39.6
Bathytoshia centroura,-75.45,34.916667
Bathytoshia centroura,-40.68138,-20.889215
Bathytoshia centroura,-75.783333,36.283333
Bathytoshia centroura,-5.968055555555556,4.95
Bathytoshia centroura,-75.65,36.016667
Bathytoshia centroura,-75.666667,36.066667
Bathytoshia centroura,-75.20666667,37.8405
Bathytoshia centroura,-78.3000030518,33.8833007812
Bathytoshia centroura,-80.2770004272,32.4070014954
Bathytoshia centroura,-75.2698,35.0085
Bathytoshia centroura,9.683333333333334,1.816666666666667
Bathytoshia centroura,-50.1667,-31
Bathytoshia centroura,-77.9929962158,33.8250007629
Bathytoshia centroura,-14.68333333333333,10.08333333333333
Bathytoshia centroura,-80.1230010986,32.4819984436
Bathytoshia centroura,-75.327647,35.505242
Bathytoshia centroura,11.30729637,-5.812143203
Bathytoshia centroura,-79.0999984741,23.6583003998
Bathytoshia centroura,15,35
Bathytoshia centroura,-75.3,35.1
Bathytoshia centroura,-80.2200012207,28.9200000763
Bathytoshia centroura,-76.3300018311,34.8030014038
Bathytoshia centroura,3.616666666666667,6.4
Bathytoshia centroura,10.2,-3.033333333333333
Bathytoshia centroura,5.466666666666667,4.066666666666666
Bathytoshia centroura,-75.5250015259,34.8666687012
Bathytoshia centroura,-75.00716667,38.52666667
Bathytoshia centroura,-75.458,35.69733333
Bathytoshia centroura,-81.0729980469,31.1849994659
Bathytoshia centroura,-74.992892,38.657238
Bathytoshia centroura,-74.83748334,38.54133333
Bathytoshia centroura,-75.383333,37.033333
Bathytoshia centroura,0.2166666666666667,5.066666666666666
Bathytoshia centroura,-74.966667,38.183333
Bathytoshia centroura,-74.9,38.25
Bathytoshia centroura,-51.3,-33.4333
Bathytoshia centroura,-75.273965,35.25243
Bathytoshia centroura,11.61666666666667,-4.533333333333333
Bathytoshia centroura,-76.1210021973,34.9939994812
Bathytoshia centroura,-74.937727,38.407415
Bathytoshia centroura,-75.041942,38.130437
Bathytoshia centroura,-77.066667,34.383333
Bathytoshia centroura,-74.728,38.801
Bathytoshia centroura,-6.566666666666666,4.718055555555556
Bathytoshia centroura,-74.986667,38.187667
Bathytoshia centroura,7.55,4.3
Bathytoshia centroura,-40.2166666666667,-22.3333333333333
Bathytoshia centroura,-15.58333333333333,10.2
Bathytoshia centroura,-75.95,34.85
Bathytoshia centroura,1.516666666666667,6.016666666666667
Bathytoshia centroura,-75.63433333,36.00866667
Bathytoshia centroura,-75.710167,36.851433
Bathytoshia centroura,-75.266667,37.816667
Bathytoshia centroura,-78.9280014038,33.608001709
Bathytoshia centroura,-74.57016667,39.183
Bathytoshia centroura,-77.4499969482,33.1899986267
Bathytoshia centroura,-77.9100036621,33.2000007629
Bathytoshia centroura,-74.9815,38.6125
Bathytoshia centroura,-78.25,33.4599990845
Bathytoshia centroura,-50.3833,-31.6667
Bathytoshia centroura,-75,36.716667
Bathytoshia centroura,-75.283333,36.983333
Bathytoshia centroura,-75.433333,35.383333
Bathytoshia centroura,-50.5833,-31.6
Bathytoshia centroura,-77.5579986572,34.4119987488
Bathytoshia centroura,-81.0839996338,31.468000412
Bathytoshia centroura,-40.3615,-20.679009
Bathytoshia centroura,-73.93,39.606
Bathytoshia centroura,-81.3320007324,30.5069999695
Bathytoshia centroura,9.233333333333333,-0.2333333333333333
Bathytoshia centroura,-74.972,38.01466667
Bathytoshia centroura,-1.066666666666667,5.1
Bathytoshia centroura,-50.4833,-32.6667
Bathytoshia centroura,-80.6999969482,29.1399993896
Bathytoshia centroura,-74.926167,37.924333
Bathytoshia centroura,-73.977,40.224
Bathytoshia centroura,2.2,6.3
Bathytoshia centroura,-51.3167,-33.3333
Bathytoshia centroura,-75.48176667,37.74453335
Bathytoshia centroura,-81.0899963379,29.6000003815
Bathytoshia centroura,-52.05,-32.8833
Bathytoshia centroura,-77.783333,33.083333
Bathytoshia centroura,-76.5550003052,34.6399993896
Bathytoshia centroura,-74.983333,37.916667
Bathytoshia centroura,-73.915,40.219
Bathytoshia centroura,-76.583333,34.433333
Bathytoshia centroura,-74.8,38.25
Bathytoshia centroura,-79.9929962158,32.3930015564
Bathytoshia centroura,-75.571,37.34183333
Bathytoshia centroura,-76.18668333,37.3715
Bathytoshia centroura,-75.42920001,35.54511668
Bathytoshia centroura,-17.9457,28.6361
Bathytoshia centroura,-79.2710037231,32.9949989319
Bathytoshia centroura,-74.886833,38.568167
Bathytoshia centroura,-80.3730010986,32.3019981384
Bathytoshia centroura,-74.428992,38.592293
Bathytoshia centroura,-51.2333,-33.4667
Bathytoshia centroura,-75.333333,37.25
Bathytoshia centroura,-76.0447,34.74017
Bathytoshia centroura,-75.333333,35.016667
Bathytoshia centroura,-77.8000030518,33.2750015259
Bathytoshia centroura,9.433333333333334,3.716666666666667
Bathytoshia centroura,-75.575152,35.142688
Bathytoshia centroura,-75.2,36.15
Bathytoshia centroura,-74.95,36.6
Bathytoshia centroura,-75.4,34.95
Bathytoshia centroura,9.908068,2.938408
Bathytoshia centroura,-75.62466667,35.97766667
Bathytoshia centroura,-74.420655,38.852802
Bathytoshia centroura,-75.47966667,35.3175
Bathytoshia centroura,-75.839,36.70616667
Bathytoshia centroura,-75.616667,35.116667
Bathytoshia centroura,-11.36666666666667,6.7
Bathytoshia centroura,-13.8,8.95
Bathytoshia centroura,7.26700019836,43.7000007629
Bathytoshia centroura,-75.35,35.633333
Bathytoshia centroura,1,5.85
Bathytoshia centroura,-80.0500030518,30.8799991608
Bathytoshia centroura,-76.333333,34.016667
Bathytoshia centroura,-75.805,36.667
Bathytoshia centroura,-75.50966667,37.54733333
Bathytoshia centroura,-75.687833,36.399
Bathytoshia centroura,-75.416667,37.4
Bathytoshia centroura,-74.527,39.17383333
Bathytoshia centroura,-81.3432,19.3847
Bathytoshia centroura,-80.75,29.5200004578
Bathytoshia centroura,-74.80466667,38.77266667
Bathytoshia centroura,-50.2333,-32.0833
Bathytoshia centroura,-78.1999969482,33.9020004272
Bathytoshia centroura,-75.8399963379,35.1489982605
Bathytoshia centroura,-80.1299972534,30.5799999237
Bathytoshia centroura,-88.8833007812,29.2000007629
Bathytoshia centroura,-74.233333,39.533333
Bathytoshia centroura,-79.5130004883,32.9029998779
Bathytoshia centroura,-75.744167,37.150167
Bathytoshia centroura,-80.6100006104,31.6399993896
Bathytoshia centroura,-81.1480026245,31.3899993896
Bathytoshia centroura,-75.525,34.8666667
Bathytoshia centroura,-75.6517868,37.41833115
Bathytoshia centroura,-75.25,35.683333
Bathytoshia centroura,-79.1299972534,33.3059997559
Bathytoshia centroura,-75.804483,35.0279
Bathytoshia centroura,-75.649,36.06233333
Bathytoshia centroura,-77.9720001221,33.7729988098
Bathytoshia centroura,-13.85,7.968055555555556
Bathytoshia centroura,-75.380257,37.611083
Bathytoshia centroura,-79.2720031738,32.9949989319
Bathytoshia centroura,-77.8,33.275
Bathytoshia centroura,-81.3280029297,31.0249996185
Bathytoshia centroura,-76.21983333,37.12116667
Bathytoshia centroura,-80.125,32.4819984436
Bathytoshia centroura,-74.366667,38.966667
Bathytoshia centroura,-75.699835,34.94458
Bathytoshia centroura,-75.316667,37.316667
Bathytoshia centroura,-74.8,38.216667
Bathytoshia centroura,-75.516667,36.183333
Bathytoshia centroura,-75.1,35.25
Bathytoshia centroura,-74.984512,38.516057000000004
Bathytoshia centroura,10.5310001373,34.1290016174
Bathytoshia centroura,-74.204,39.529
Bathytoshia centroura,-74.1,39.033333
Bathytoshia centroura,-80.7559967041,31.9710006714
Bathytoshia centroura,-73.833333,39.333333
Bathytoshia centroura,-75.8,36.633333
Bathytoshia centroura,-89.7082977295,28.8166999817
Bathytoshia centroura,-74.49636666,39.28546667
Bathytoshia centroura,-80.0999984741,27.6000003815
Bathytoshia centroura,-75.079,37.981
Bathytoshia centroura,-75.9042,34.641666
Bathytoshia centroura,-81.0729980469,31.5720005035
Bathytoshia centroura,-79.6900024414,31.5100002289
Bathytoshia centroura,-80.2799987793,29.0200004578
Bathytoshia centroura,-75.219,37.895
Bathytoshia centroura,-15.3726,27.9835
Bathytoshia centroura,-75.628945,37.409252
Bathytoshia centroura,-79.99510193,32.62969971
Bathytoshia centroura,-75.566667,37.616667
Bathytoshia centroura,-75.2666666666667,36.85
Bathytoshia centroura,-79.4629974365,32.9150009155
Bathytoshia centroura,-75.47898334,37.57291667
Bathytoshia centroura,-75.116667,36.683333
Bathytoshia centroura,-75.716667,36.45
Bathytoshia centroura,-71.683333,41.1
Bathytoshia centroura,-77.9020004272,33.7350006104
Bathytoshia centroura,-81.0329971313,29.341999054
Bathytoshia centroura,-81.2419967651,29.7630004883
Bathytoshia centroura,-77.908996582,33.7490005493
Bathytoshia centroura,-50.75,-32
Bathytoshia centroura,-80.3099975586,30.7999992371
Bathytoshia centroura,-75.65,34.716667
Bathytoshia centroura,-75.483333,35.816667
Bathytoshia centroura,-9,4.933333333333334
Bathytoshia centroura,-75.16583333,37.91616667
Bathytoshia centroura,-75.88345337,36.69512939
Bathytoshia centroura,-75.0800018311,35.3600006104
Bathytoshia centroura,-75.716667,34.636167
Bathytoshia centroura,-74.45,38.933333
Bathytoshia centroura,-75.7060012817,35.1940002441
Bathytoshia centroura,-74.983333,38.633333
Bathytoshia centroura,-80.4000015259,28.8799991608
Bathytoshia centroura,-75.5804,34.892767
Bathytoshia centroura,-79.5199966431,32.8930015564
Bathytoshia centroura,-7.8,4.3
Bathytoshia centroura,-74.866667,35.8
Bathytoshia centroura,-13.28333333333333,7.584722222222222
Bathytoshia centroura,-77.3949966431,34.4970016479
Bathytoshia centroura,-50.5333,-33
Bathytoshia centroura,-78.5400009155,32.7999992371
Bathytoshia centroura,-76.7890014648,34.6899986267
Bathytoshia centroura,-75.666667,37.066667
Bathytoshia centroura,-80.2247,25.0058
Bathytoshia centroura,-75.016667,37.566667
Bathytoshia centroura,-80.7799987793,29.9099998474
Bathytoshia centroura,-75.30516667,37.893
Bathytoshia centroura,-74.850033,35.61855
Bathytoshia centroura,-13.5152,29.385
Bathytoshia centroura,-74.30558332,39.26796665
Bathytoshia centroura,-80.1600036621,32.4949989319
Bathytoshia centroura,-75.92816667,36.85816667
Bathytoshia centroura,-76.766667,33.65
Bathytoshia centroura,-72.53921668,40.79393336
Bathytoshia centroura,10.2770004272,33.861000061
Bathytoshia centroura,-49.4667,-30.35
Bathytoshia centroura,-75.075227,35.9365
Bathytoshia centroura,-75.2485,36.83
Bathytoshia centroura,-75.55,34.75
Bathytoshia centroura,-16.235,28.4827
Bathytoshia centroura,-78.9599990845,32.9500007629
Bathytoshia centroura,-17.35,14.633
Bathytoshia centroura,-79.7099990845,32.4700012207
Bathytoshia centroura,-2.733333333333333,4.95
Bathytoshia centroura,-75.066667,36.966667
Bathytoshia centroura,-52.2167,-34
Bathytoshia centroura,-79.0299987793,33.1370010376
Bathytoshia centroura,-80.0800018311,31.6900005341
Bathytoshia centroura,-76.5690002441,34.6500015259
Bathytoshia centroura,-75.44433333,37.76683333
Bathytoshia centroura,-77.4,33.85
Bathytoshia centroura,-88.10123,16.78
Bathytoshia centroura,-75.483333,37.233333
Bathytoshia centroura,-74.466667,38.8
Bathytoshia centroura,-75.62734998,37.43635
Bathytoshia centroura,-75.672996521,35.2060012817
Bathytoshia centroura,-75.73771667,36.37344999
Bathytoshia centroura,-76.466667,34.5
Bathytoshia centroura,-50.5333,-32.9167
Bathytoshia centroura,-52.1,-33.6667
Bathytoshia centroura,-74.596,38.988
Bathytoshia centroura,-74.8075,38.8925
Bathytoshia centroura,-76.6190032959,34.6669998169
Bathytoshia centroura,39,20
Bathytoshia centroura,-75.016667,37.483333
Bathytoshia centroura,-52.0167,-34
Bathytoshia centroura,-80.56199646,31.9349994659
Bathytoshia centroura,6.083333333333333,4.233333333333333
Bathytoshia centroura,-75.783333,36.466667
Bathytoshia centroura,-75.283333,36.016667
Bathytoshia centroura,-75.233333,37.916667
Bathytoshia centroura,-75.05,35.4
Bathytoshia centroura,-74.14,39.474167
Bathytoshia centroura,-80.2399978638,31.0400009155
Bathytoshia centroura,-80.5599975586,31.9099998474
Bathytoshia centroura,-75.816667,36.95
Bathytoshia centroura,-79.4619979858,32.9140014648
Bathytoshia centroura,-74.85743332,38.52905
Bathytoshia centroura,-74.423747,39.14179
Bathytoshia centroura,-74.916667,36.05
Bathytoshia centroura,-73.466408,40.445032
Bathytoshia centroura,-78.9319992065,33.6220016479
Bathytoshia centroura,-76.6200027466,34.6669998169
Bathytoshia centroura,-74.7,38.15
Bathytoshia centroura,-75.583333,37.233333
Bathytoshia centroura,-75.7900009155,35.1679992676
Bathytoshia centroura,-75.813773,34.808678
Bathytoshia centroura,-79.6699981689,32.2599983215
Bathytoshia centroura,-50.5167,-32.5833
Bathytoshia centroura,-74.041167,39.804167
Bathytoshia centroura,-74.9083,38.9333
Bathytoshia centroura,-81.263999939,31.1849994659
Bathytoshia centroura,-80.9120025635,31.8120002747
Bathytoshia centroura,-77.9020004272,33.9809989929
Bathytoshia centroura,-81.1429977417,31.3869991302
Bathytoshia centroura,-76.1200027466,34.9939994812
Bathytoshia centroura,-50.9667,-31.65
Bathytoshia centroura,13.79329191,-10.89164376
Bathytoshia centroura,-81.3799972534,30.2770004272
Bathytoshia centroura,-77.9680023193,33.7820014954
Bathytoshia centroura,-75.483333,35.75
Bathytoshia centroura,-78.6159973145,33.7890014648
Bathytoshia centroura,-74.811833,38.061667
Bathytoshia centroura,-75.316667,35.933333
Bathytoshia centroura,8.6079442034247,42.3142202172352
Bathytoshia centroura,-74.934522,35.607915
Bathytoshia centroura,-77.8799972534,33.1899986267
Bathytoshia centroura,-75.566667,34.7
Bathytoshia centroura,-77.383333,33.9
Bathytoshia centroura,-74.896095,35.452518
Bathytoshia centroura,-75.583333,34.966667
Bathytoshia centroura,-16.06666666666667,11.75
Bathytoshia centroura,-83.166418,21.590005
Bathytoshia centroura,-77.9250030518,33.7910003662
Bathytoshia centroura,-80.3700027466,29.8999996185
Bathytoshia centroura,-76.5,33.816667
Bathytoshia centroura,-74.3415,39.225333
Bathytoshia centroura,-76.283996582,34.8660011292
Bathytoshia centroura,-75.59248333,35.94028333
Bathytoshia centroura,-81.3099975586,30.9459991455
Bathytoshia centroura,-80.6500015259,28.8400001526
Bathytoshia centroura,-51.5,-32.9667
Bathytoshia centroura,-74.68433,38.055013
Bathytoshia centroura,-75.416667,37.7
Bathytoshia centroura,-75.6,35.016667
Bathytoshia centroura,-81.0839996338,31.466999054
Bathytoshia centroura,-74.983333,38.55
Bathytoshia centroura,-75.466667,35.316667
Bathytoshia centroura,-75.854333,34.593333
Bathytoshia centroura,-80.56199646,31.922000885
Bathytoshia centroura,-81.1480026245,31.3880004883
Bathytoshia centroura,-50.9167,-32.9167
Bathytoshia centroura,-74.011,40.089
Bathytoshia centroura,-76.64404,34.71125
Bathytoshia centroura,-17.0417,20.7695
Bathytoshia centroura,-80.5299987793,31.9549999237
Bathytoshia centroura,-78.2009963989,33.9020004272
Bathytoshia centroura,-80.8000030518,30.5499992371
Bathytoshia centroura,-75.083333,38.183333
Bathytoshia centroura,-81.388999939,30.7870006561
Bathytoshia centroura,-77.65,34.316667
Bathytoshia centroura,-75.2625,35.111667
Bathytoshia centroura,-74.583333,39.033333
Bathytoshia centroura,-80.5333023071,30.3666992188
Bathytoshia centroura,-75.416667,36.85
Bathytoshia centroura,-77.0049972534,34.5569992065
Bathytoshia centroura,-75.608805,37.446433
Bathytoshia centroura,-75.795833,34.495167
Bathytoshia centroura,-4.65,5.133333333333334
Bathytoshia centroura,-75.766667,37.033333
Bathytoshia centroura,-17.3500003815,14.6330003738
Bathytoshia centroura,-75.65,36.683333
Bathytoshia centroura,-75.6709976196,35.2070007324
Bathytoshia centroura,-78.2,32.966667
Bathytoshia centroura,-74.514053,38.81903
Bathytoshia centroura,-75.616667,34.683333
Bathytoshia centroura,-75.4,35.3
Bathytoshia centroura,-77.7480010986,33.6650009155
Bathytoshia centroura,-50.6,-33
Bathytoshia centroura,15.5500001907,38.216999054
Bathytoshia centroura,-77.9290008545,33.8030014038
Bathytoshia centroura,-50.3333,-32.0833
Bathytoshia centroura,-75.56766667,37.56533333
Bathytoshia centroura,-80.1999969482,32
Bathytoshia centroura,-74.9455,38.37933333
Bathytoshia centroura,-77.8550033569,34.0909996033
Bathytoshia centroura,-74.916667,38.3
Bathytoshia centroura,-77.7429962158,33.6160011292
Bathytoshia centroura,-75.237688,35.152063
Bathytoshia centroura,-75.532752,34.758707
Bathytoshia centroura,-71.91608334,41.15268334
Bathytoshia centroura,-75.81233333,36.675
Bathytoshia centroura,-76.0329971313,35.033000946
Bathytoshia centroura,-75.7099990845,35.1780014038
Bathytoshia centroura,-74.333333,38.3
Bathytoshia centroura,-97.0777359009,27.280796051
Bathytoshia centroura,-75.533333,37.45
Bathytoshia centroura,-80.8219985962,28.9430007935
Bathytoshia centroura,-75.5835,35.025833
Bathytoshia centroura,-71.766667,41.033333
Bathytoshia centroura,-74.65,38.866667
Bathytoshia centroura,-80.0080032349,32.5719985962
Bathytoshia centroura,-76.3917007446,34.5833015442
Bathytoshia centroura,-75.883333,34.483333
Bathytoshia centroura,-74.983333,36.466667
Bathytoshia centroura,-80.9300003052,30.5100002289
Bathytoshia centroura,-76.65,33.716667
Bathytoshia centroura,-75.79083333,36.93866667
Bathytoshia centroura,-78.3333267,33.85
Bathytoshia centroura,-77.8970031738,33.7369995117
Bathytoshia centroura,-50.75,-32.6667
Bathytoshia centroura,-75.445642,37.47912
Bathytoshia centroura,-75.833333,36.483333
Bathytoshia centroura,-75.713883,34.5605
Bathytoshia centroura,-72.54673335,40.80999997
Bathytoshia centroura,-75.1835,37.89316667
Bathytoshia centroura,-75.5920028687,35.2290000916
Bathytoshia centroura,-73.9123,40.237865
Bathytoshia centroura,-79.5800018311,32.8429985046
Bathytoshia centroura,-75.8,36.4
Bathytoshia centroura,-73.683333,39.05
Bathytoshia centroura,-75.833333,36.816667
Bathytoshia centroura,-74.909083,38.0551
Bathytoshia centroura,-49.9167,-30.6167
Bathytoshia centroura,11.9,-4.933333333333334
Bathytoshia centroura,-75.35,35.85
Bathytoshia centroura,-51,-33
Bathytoshia centroura,-74.96369998,38.62666664
Bathytoshia centroura,-81.2350006104,30.2129993439
Bathytoshia centroura,-75.44166667,35.04166667
Bathytoshia centroura,-75.44783333,35.19366667
Bathytoshia centroura,-75.476167,35.806167
Bathytoshia centroura,-81.3830032349,30.2919998169
Bathytoshia centroura,-73.989765,40.443063
Bathytoshia centroura,-80.8290023804,28.9479999542
Bathytoshia centroura,-76.05,34.883333
Bathytoshia centroura,-75.1,37.8
Bathytoshia centroura,-80.1600036621,31.4200000763
Bathytoshia centroura,-74.9499969482,35.3600006104
Bathytoshia centroura,-79.591003418,32.8320007324
Bathytoshia centroura,-77.0029983521,34.6619987488
Bathytoshia centroura,-75.3,37.616667
Bathytoshia centroura,-70.5899963379,41.4599990845
Bathytoshia centroura,-77.216667,33.35
Bathytoshia centroura,-76.1510009766,34.9710006714
Bathytoshia centroura,-74.649237,39.205823
Bathytoshia centroura,-79.7099990845,32.2400016785
Bathytoshia centroura,-75.175333,35.438833
Bathytoshia centroura,-76.8199996948,34.2700004578
Bathytoshia centroura,-74.9,38.6
Bathytoshia centroura,-51.6167,-32
Bathytoshia centroura,-74.517808,38.098025
Bathytoshia centroura,-80.4000015259,31.1100006104
Bathytoshia centroura,-75.466667,36.05
Bathytoshia centroura,-51.0833,-33.3333
Bathytoshia centroura,7.267,43.7
Bathytoshia centroura,-79.8799972534,31.5900001526
Bathytoshia centroura,-75.939667,34.774
Bathytoshia centroura,-75.383333,35.316667
Bathytoshia centroura,-51.75,-32.6667
Bathytoshia centroura,73.4736,3.90888
Bathytoshia centroura,-80.6699981689,28.8400001526
Bathytoshia centroura,-78.4,33.75
Bathytoshia centroura,-79.2799987793,32.0900001526
Bathytoshia centroura,-75.133333,35.25
Bathytoshia centroura,-75.371167,37.5715
Bathytoshia centroura,-75.290067,35.905167
Bathytoshia centroura,-73.862,40.332
Bathytoshia centroura,-75.033333,38.383333
Bathytoshia centroura,-74.24181666,39.39653333
Bathytoshia centroura,-76.5550003052,34.638999939
Bathytoshia centroura,-76.1520004272,34.9710006714
Bathytoshia centroura,-76.0319976807,35.0340003967
Bathytoshia centroura,-75.283333,35.75
Bathytoshia centroura,-79.1279983521,33.3219985962
Bathytoshia centroura,-79.9540023804,32.5870018005
Bathytoshia centroura,-75.483333,35.716667
Bathytoshia centroura,-76.7201004,34.77780151
Bathytoshia centroura,-75.47983333,37.546
Bathytoshia centroura,-80.5899963379,30.2199993134
Bathytoshia centroura,-75.416667,35.316667
Bathytoshia centroura,-73.0535,40.6585
Bathytoshia centroura,-75.65,34.7
Bathytoshia centroura,-76.4980010986,34.5069999695
Bathytoshia centroura,-75.25,35.516667
Bathytoshia centroura,-80.2750015259,32.4049987793
Bathytoshia centroura,-75.366667,36.516667
Bathytoshia centroura,-76.35,34.483333
Bathytoshia centroura,-75.6,37.483333
Bathytoshia centroura,-75.0185,38.74883333
Bathytoshia centroura,-79.1620025635,33.0709991455
Bathytoshia centroura,-80.4000015259,30.7999992371
Bathytoshia centroura,-76.3700027466,34.783000946
Bathytoshia centroura,-74.9305,38.107667
Bathytoshia centroura,-75.883333,34.966667
Bathytoshia centroura,-70.1404416,41.2951503
Bathytoshia centroura,-52.4333,-34
Bathytoshia centroura,-74.802833,37.721167
Bathytoshia centroura,-74.665632,39.088833
Bathytoshia centroura,-74.466667,39.116667
Bathytoshia centroura,-50.4167,-32.5833
Bathytoshia centroura,-48.15,-29.5
Bathytoshia centroura,-86.5596389771,30.4191112518
Bathytoshia centroura,-81.1299972534,30.3500003815
Bathytoshia centroura,-75.049542,38.877785
Bathytoshia centroura,-77.4100036621,34.3499984741
Bathytoshia centroura,-73.964,40.391
Bathytoshia centroura,-74.74833333,38.66333333
Bathytoshia centroura,2.9312,39.2838
Bathytoshia centroura,-50.4833,-32.9167
Bathytoshia centroura,-75.733333,37.183333
Bathytoshia centroura,-75.4974,37.32185
Bathytoshia centroura,-75.05,38.2
Bathytoshia centroura,-73.657547,40.523818
Bathytoshia centroura,-75.575155,36.062965
Bathytoshia centroura,-79.1230010986,33.3730010986
Bathytoshia centroura,-52.05,-32.6333
Bathytoshia centroura,-50.5,-32.75
Bathytoshia centroura,-77.8960037231,33.7130012512
Bathytoshia centroura,-75.203697,35.311633
Bathytoshia centroura,-79.7600021362,31.9799995422
Bathytoshia centroura,-77.9779968262,33.783000946
Bathytoshia centroura,-74.70983333,39.05183333
Bathytoshia centroura,-51.35,-32.6667
Bathytoshia centroura,-75.5,34.9000015259
Bathytoshia centroura,-50.4167,-33
Bathytoshia centroura,-76.4980010986,34.4970016479
Bathytoshia centroura,-76.033333,34.916667
Bathytoshia centroura,-50.5167,-33.0833
Bathytoshia centroura,-74.676,38.709
Bathytoshia centroura,-74.7,38.516667
Bathytoshia centroura,-75.9449996948,35.1010017395
Bathytoshia centroura,-75.4373703,35.49542999
Bathytoshia centroura,-81.3860015869,30.3239994049
Bathytoshia centroura,-75.466667,35.75
Bathytoshia centroura,-70.0994568,41.2801208
Bathytoshia centroura,-50.7167,-33.9167
Bathytoshia centroura,-47.2,-28.7
Bathytoshia centroura,-75.45,35.683333
Bathytoshia centroura,-75.566667,36.466667
Bathytoshia centroura,-51.6833,-33
Bathytoshia centroura,-75.466667,35.516667
Bathytoshia centroura,-75.26633333,37.85966667
Bathytoshia centroura,-75.8585,34.4485
Bathytoshia centroura,-16.73333333333333,10.98333333333333
Bathytoshia centroura,-79.1050033569,33.0519981384
Bathytoshia centroura,-75.182167,37.886167
Bathytoshia centroura,-86.6693878174,30.2504348755
Bathytoshia centroura,-80.4599990845,30.7999992371
Bathytoshia centroura,-76.1910018921,34.938999176
Bathytoshia centroura,-75.7245,34.892333
Bathytoshia centroura,-74.932167,38.1305
Bathytoshia centroura,-4.083333333333333,5.216666666666667
Bathytoshia centroura,-75.285167,37.696167
Bathytoshia centroura,-75.066667,36.883333
Bathytoshia centroura,-80.56300354,31.9270000458
Bathytoshia centroura,-75.653908,34.770068
Bathytoshia centroura,-81.2379989624,31.2159996033
Bathytoshia centroura,-77.9666666666667,33.5333333333333
Bathytoshia centroura,-75.966667,34.383333
Bathytoshia centroura,-81.3089981079,30.9309997559
Bathytoshia centroura,-75.533333,36.533333
Bathytoshia centroura,-77.9020004272,33.7220001221
Bathytoshia centroura,-75.555,35.85566667
Bathytoshia centroura,-77.8539962769,34.0909996033
Bathytoshia centroura,-52.0833,-33
Bathytoshia centroura,-75.722895,34.55965
Bathytoshia centroura,-74.42966668,39.33273335
Bathytoshia centroura,-75.5,36.116667
Bathytoshia centroura,-79.9270019531,32.452999115
Bathytoshia centroura,-79.108001709,33.0429992676
Bathytoshia centroura,-76.6129989624,34.6629981995
Bathytoshia centroura,-80.9700012207,30.2700004578
Bathytoshia centroura,-81.2632056,30.3177444
Bathytoshia centroura,-76.083333,34.933333
Bathytoshia centroura,-75.286927,35.05574
Bathytoshia centroura,-75.733333,36.866667
Bathytoshia centroura,2.98,39.23
Bathytoshia centroura,-75.18285,37.761158
Bathytoshia centroura,-51.1167,-31.7667
Bathytoshia centroura,-81.0599975586,29.7000007629
Bathytoshia centroura,-74.73283335,38.65583331
Bathytoshia centroura,10.5109996796,43.1479988098
Bathytoshia centroura,-73.916667,40.333333
Bathytoshia centroura,-79.7679977417,32.7070007324
Bathytoshia centroura,-79.1179962158,33.3870010376
Bathytoshia centroura,-75.9329986572,35.091999054
Bathytoshia centroura,-80.6399993896,30.0400009155
Bathytoshia centroura,-75.7910003662,35.1679992676
Bathytoshia centroura,-80.25,30.9200000763
Bathytoshia centroura,-79.1200027466,33.3699989319
Bathytoshia centroura,-81.3860015869,30.3220005035
Bathytoshia centroura,-75.15,36.216667
Bathytoshia centroura,-74.883333,37.3
Bathytoshia centroura,-78.0899963379,33.4599990845
Bathytoshia centroura,72.5666666666667,18.8333333333333
Bathytoshia centroura,-75.4795,35.85
Bathytoshia centroura,-78.9440002441,33.6090011597
Bathytoshia centroura,-81.0970001221,31.4430007935
Bathytoshia centroura,-75.883833,35.014833
Bathytoshia centroura,-80.3700027466,32
Bathytoshia centroura,-51.4,-32.95
Bathytoshia centroura,-77.7300033569,32.9300003052
Bathytoshia centroura,-81.3450012207,30.1490001678
Bathytoshia centroura,-77.7799987793,33.1100006104
Bathytoshia centroura,-75.509802,37.29948
Bathytoshia centroura,-80.5100021362,28.8600006104
Bathytoshia centroura,-74.916667,38.433333
Bathytoshia centroura,-75.766667,36.4
Bathytoshia centroura,13.00510696,-7.679048083
Bathytoshia centroura,-74.024,39.702
Bathytoshia centroura,-6.289925,36.531225
Bathytoshia centroura,-74.9,38.35
Bathytoshia centroura,-75.233333,37.45
Bathytoshia centroura,-51,-31.9167
Bathytoshia centroura,-75.479333,34.978
Bathytoshia centroura,-49.9,-32
Bathytoshia centroura,-74.883333,38.8
Bathytoshia centroura,-75.566667,36.133333
Bathytoshia centroura,-75.9459991455,35.1020011902
Bathytoshia centroura,-79.5979995728,32.8470001221
Bathytoshia centroura,-74.233333,38.416667
Bathytoshia centroura,-16.3330001831,20.1830005646
Bathytoshia centroura,-75.7259979248,35.1879997253
Bathytoshia centroura,-78.9666667,33.2
Bathytoshia centroura,-40.365082,-20.677894
Bathytoshia centroura,-15.38187124,27.87399608
Bathytoshia centroura,-76.8769989014,34.5929985046
Bathytoshia centroura,-77.5989990234,34.2799987793
Bathytoshia centroura,-51.8833,-33.3667
Bathytoshia centroura,-78.9309997559,33.6220016479
Bathytoshia centroura,-76.35,34.216667
Bathytoshia centroura,-74.05,39.183333
Bathytoshia centroura,-77.85,33.716667
Bathytoshia centroura,-75.116667,37.4
Bathytoshia centroura,-74.078667,39.355833
Bathytoshia centroura,-80.0999984741,27.7999992371
Bathytoshia centroura,-80.4499969482,28.8799991608
Bathytoshia centroura,-74.976,36.7215
Bathytoshia centroura,-80.0999984741,31.4500007629
Bathytoshia centroura,-76.1220016479,34.9930000305
Bathytoshia centroura,-76.04533333,36.96066667
Bathytoshia centroura,-75.266667,36.85
Bathytoshia centroura,-74.433333,38.35
Bathytoshia centroura,-77.8960037231,33.7140007019
Bathytoshia centroura,16.73,43.05
Bathytoshia centroura,-75.82113647,36.42922974
Bathytoshia centroura,-77.4130020142,34.4889984131
Bathytoshia centroura,-75.733333,35.15
Bathytoshia centroura,-74.85,35.55
Bathytoshia centroura,-75.65990003,36.12288334
Bathytoshia centroura,-76.75,34.266667
Bathytoshia centroura,-75.7919998169,35.1679992676
Bathytoshia centroura,-75.233333,37.266667
Bathytoshia centroura,-75.158167,35.928283
Bathytoshia centroura,-75.833333,36.466667
Bathytoshia centroura,-78.9800033569,32.2299995422
Bathytoshia centroura,-51.6167,-33.3833
Bathytoshia centroura,-80.5299987793,32.172000885
Bathytoshia centroura,-79.4199981689,32.4500007629
Bathytoshia centroura,-81.1490020752,31.388999939
Bathytoshia centroura,-75.483333,37.666667
Bathytoshia centroura,-81.1959991455,31.3400001526
Bathytoshia centroura,-74.95,37.216667
Bathytoshia centroura,-75.4088,37.450117
Bathytoshia centroura,-74.006,39.6455
Bathytoshia centroura,-70.7799987793,41.3499984741
Bathytoshia centroura,-80.3899993896,30.7199993134
Bathytoshia centroura,-74.77,38.825
Bathytoshia centroura,-81.2389984131,31.2140007019
Bathytoshia centroura,-78.6380004883,33.7879981995
Bathytoshia centroura,-75.71566667,36.18366667
Bathytoshia centroura,-79.2099990845,32.4099998474
Bathytoshia centroura,-80.9219970703,31.841999054
Bathytoshia centroura,-79.891998291,32.4869995117
Bathytoshia centroura,-78.75,33.0900001526
Bathytoshia centroura,10.3739995956,34.0180015564
Bathytoshia centroura,-74.4,38.266667
Bathytoshia centroura,-75.483333,37.483333
Bathytoshia centroura,-76.616667,33.683333
Bathytoshia centroura,-79.4499969482,32.3899993896
Bathytoshia centroura,-80.8300018311,28.9580001831
Bathytoshia centroura,-81.3170013428,30.4780006409
Bathytoshia centroura,-78.6819992065,33.6279983521
Bathytoshia centroura,-75.452973,35.69688
Bathytoshia centroura,-75.102,35.229667
Bathytoshia centroura,-78.4179992676,33.6980018616
Bathytoshia centroura,-49.7833,-30.2833
Bathytoshia centroura,-75.75,37.016667
Bathytoshia centroura,-80.2770004272,32.1669998169
Bathytoshia centroura,-77.666667,33.466667
Bathytoshia centroura,-75.4645,35.478
Bathytoshia centroura,-74.82177,38.953083
Bathytoshia centroura,-77.7480010986,33.6469993591
Bathytoshia centroura,-80.8280029297,28.9470005035
Bathytoshia centroura,-74.487,39.306
Bathytoshia centroura,-80.3,29.55833333
Bathytoshia centroura,-51.7,-33.3
Bathytoshia centroura,-79.2720031738,33.0019989014
Bathytoshia centroura,-75.9459991455,35.1010017395
Bathytoshia centroura,-75.033017,35.56205
Bathytoshia centroura,-75.6,36.233333
Bathytoshia centroura,-80.56056,28.06806
Bathytoshia centroura,-77.7949981689,34.1910018921
Bathytoshia centroura,-84.1912689209,26.9666690826
Bathytoshia centroura,-80.3730010986,32.3009986877
Bathytoshia centroura,-71.983333,40.85
Bathytoshia centroura,-80.9100036621,31.2299995422
Bathytoshia centroura,-75.99676666,37.53738333
Bathytoshia centroura,-79.4800033569,31.9099998474
Bathytoshia centroura,-78.8499984741,32.3699989319
Bathytoshia centroura,-76.297996521,34.8549995422
Bathytoshia centroura,-74.716667,38.916667
Bathytoshia centroura,-75.669833,34.585333
Bathytoshia centroura,73.3624,3.86945
Bathytoshia centroura,-76.04966667,37.00666667
Bathytoshia centroura,-77.4889984131,34.4519996643
Bathytoshia centroura,-79.9499969482,31.6299991608
Bathytoshia centroura,76.5999984741,8.88333320618
Bathytoshia centroura,-16.333,20.183
Bathytoshia centroura,-77.8499984741,33.2000007629
Bathytoshia centroura,-75.6385,37.37333333
Bathytoshia centroura,-79.5130004883,32.9039993286
Bathytoshia centroura,-76.766667,33.666667
Bathytoshia centroura,9.867,37.3
Bathytoshia centroura,-75.45,36.883333
Bathytoshia centroura,-80.8399963379,29.6000003815
Bathytoshia centroura,-80.25,28.9500007629
Bathytoshia centroura,-74.95485687,38.55287933
Bathytoshia centroura,-75.43004999,35.19453333
Bathytoshia centroura,-74.7,38.05
Bathytoshia centroura,-71.7,41.05
Bathytoshia centroura,-81.0240020752,31.7189998627
Bathytoshia centroura,-75.35,35.766667
Bathytoshia centroura,-74.033,39.376
Bathytoshia centroura,-79.4199981689,32.4399986267
Bathytoshia centroura,-74.966667,38.6
Bathytoshia centroura,-80.6299972534,30.8199996948
Bathytoshia centroura,-79.0299987793,32.5999984741
Bathytoshia centroura,-75.45,35.783333
Bathytoshia centroura,-50.3667,-31.05
Bathytoshia centroura,-81.1179962158,30.6800003052
Bathytoshia centroura,-75.316667,35.516667
Bathytoshia centroura,-76.866667,34.633333
Bathytoshia centroura,-75.583333,35.916667
Bathytoshia centroura,-75.766667,36.35
Bathytoshia centroura,-80.8020019531,31.9500007629
Bathytoshia centroura,-76.2829971313,34.8660011292
Bathytoshia centroura,-75.342667,35.153167
Bathytoshia centroura,-80.9850006104,31.1439990997
Bathytoshia centroura,-74.508193,38.597363
Bathytoshia centroura,-93.0898971558,29.7485084534
Bathytoshia centroura,-77.733333,33.15
Bathytoshia centroura,-75.140015,37.771257
Bathytoshia centroura,-73.645167,40.521333
Bathytoshia centroura,-75.06041,38.903057
Bathytoshia centroura,-74.483333,38.266667
Bathytoshia centroura,-75.59733333,37.1965
Bathytoshia centroura,-78.2399978638,33.4700012207
Bathytoshia centroura,-75.116667,36.483333
Bathytoshia centroura,-75.9329986572,35.0600013733
Bathytoshia centroura,-79.8700027466,31.5799999237
Bathytoshia centroura,-73.783333,39.683333
Bathytoshia centroura,-51.6667,-33.7
Bathytoshia centroura,-75.833333,34.516667
Bathytoshia centroura,-76.2850036621,34.8650016785
Bathytoshia centroura,-72.57038333,40.80178331
Bathytoshia centroura,-80.3199996948,30.7999992371
Bathytoshia centroura,-80.6999969482,29.8400001526
Bathytoshia centroura,-75.766667,34.866667
Bathytoshia centroura,-75.95,36.866667
Bathytoshia centroura,-81.1539993286,31.2439994812
Bathytoshia centroura,-75.6,37.35
Bathytoshia centroura,-77.216667,34.383333
Bathytoshia centroura,-75.883333,34.766667
Bathytoshia centroura,-80.2580032349,32.4280014038
Bathytoshia centroura,-80.5800018311,30.3999996185
Bathytoshia centroura,-15.38543791,27.87103346
Bathytoshia centroura,-52.2333333333333,-35
Bathytoshia centroura,-51.8833,-33.65
Bathytoshia centroura,-75.114723,38.886742
Bathytoshia centroura,-51.6833,-33.6333
Bathytoshia centroura,-75.45303345,35.64593887
Bathytoshia centroura,-80.9570007324,31.7670001984
Bathytoshia centroura,-74.948655,35.392663
Bathytoshia centroura,-75.9,36.85
Bathytoshia centroura,-77.7480010986,33.6479988098
Bathytoshia centroura,-76.016667,34.416667
Bathytoshia centroura,-75.8499984741,35.1469993591
Bathytoshia centroura,-75.62,35.986
Bathytoshia centroura,-80.9670028687,31.1499996185
Bathytoshia centroura,-75.160333,37.885333
Bathytoshia centroura,-73.07851667,40.63155003
Bathytoshia centroura,-75.816667,36.8
Bathytoshia centroura,-51.2,-31.9167
Bathytoshia centroura,-74.912278,38.184737
Bathytoshia centroura,-74.217317,39.143
Bathytoshia centroura,-74.85,38.466667
Bathytoshia centroura,-74.966667,36.616667
Bathytoshia centroura,-75.31581666,37.82761669
Bathytoshia centroura,-76.45,34.716667
Bathytoshia centroura,-79.6500015259,32.4799995422
Bathytoshia centroura,-77.016667,34.633333
Bathytoshia centroura,-80.9680023193,31.7549991608
Bathytoshia centroura,-74.85,37.7
Bathytoshia centroura,-81.0950012207,31.4440002441
Bathytoshia centroura,-74.65534999,38.96496665
Bathytoshia centroura,-77.9166666667,33.6666666667
Bathytoshia centroura,-77.8659973145,34.0460014343
Bathytoshia centroura,-81.1969985962,29.6490001678
Bathytoshia centroura,-79.9919967651,32.3930015564
Bathytoshia centroura,-76.6330032349,34.6669998169
Bathytoshia centroura,-72.34216667,40.87616667
Bathytoshia centroura,-74.983333,37.35
Bathytoshia centroura,-76.19798279,37.40752029
Bathytoshia centroura,5,40
Bathytoshia centroura,-75.179833,36.269
Bathytoshia centroura,-79.0999984741,32.2700004578
Bathytoshia centroura,-75.816667,36.45
Bathytoshia centroura,-74.479683,39.157833
Bathytoshia centroura,-81.3059997559,31.0049991608
Bathytoshia centroura,-79.7300033569,32.2599983215
Bathytoshia centroura,-80.2799987793,30.0499992371
Bathytoshia centroura,-72.982833,40.6775
Bathytoshia centroura,-75.683017,34.621
Bathytoshia centroura,-74.04816667,39.75166667
Bathytoshia centroura,-77.9260025024,33.9109992981
Bathytoshia centroura,-75.233333,35.466667
Bathytoshia centroura,-75.887262,34.579527
Bathytoshia centroura,-75.033333,38.5
Bathytoshia centroura,-75.302602,34.977462
Bathytoshia centroura,-78.6600036621,32.5299987793
Bathytoshia centroura,-75.5199966431,35.1679992676
Bathytoshia centroura,-75.13955,35.119833
Bathytoshia centroura,-76.266667,34.083333
Bathytoshia centroura,-74.05033333,39.9025
Bathytoshia centroura,-75.416667,35.65
Bathytoshia centroura,-73.694458,40.565497
Bathytoshia centroura,-75.6005,37.16733333
Bathytoshia centroura,-75.583333,37.2
Bathytoshia centroura,-79.9970016479,32.3959999084
Bathytoshia centroura,-75.452167,37.356
Bathytoshia centroura,-74.848667,35.567333
Bathytoshia centroura,-77.483333,33.45
Bathytoshia centroura,-78.4169998169,33.6629981995
Bathytoshia centroura,-75.707,36.22233333
Bathytoshia centroura,-75.315333,36.1885
Bathytoshia centroura,-50.4333,-32.6667
Bathytoshia centroura,72.8691,4.09572
Bathytoshia centroura,-50.5667,-33
Bathytoshia centroura,-75.116667,35.133333
Bathytoshia centroura,-73.93841667,40.4434
Bathytoshia centroura,-77.90599823,33.7340011597
Bathytoshia centroura,-79.8840026855,32.6329994202
Bathytoshia centroura,-75.93533333,36.91166667
Bathytoshia centroura,-74.969,38.923
Bathytoshia centroura,-75.033333,37.866667
Bathytoshia centroura,-92.6140518188,29.0193500519
Bathytoshia centroura,-75.6,34.783333
Bathytoshia centroura,10.5649995804,33.9720001221
Bathytoshia centroura,-50.6667,-32.4167
Bathytoshia centroura,-78.9199981689,32.9900016785
Bathytoshia centroura,-74.907667,38.191267
Bathytoshia centroura,-76.2,34.133333
Bathytoshia centroura,-50.75,-32.25
Bathytoshia centroura,-75.76982117,37.10538101
Bathytoshia centroura,-79.6999969482,32.2400016785
Bathytoshia centroura,-25.0817,16.8258
Bathytoshia centroura,-50.15,-32.0833
Bathytoshia centroura,-50.45,-32.9167
Bathytoshia centroura,12.76858333,-7.244333333
Bathytoshia centroura,-15.3865,27.8708
Bathytoshia centroura,-76,34.616667
Bathytoshia centroura,-74.836,38.808
Bathytoshia centroura,-75.27366667,37.80216667
Bathytoshia centroura,-75.8399963379,35.1500015259
Bathytoshia centroura,-75.316667,35.483333
Bathytoshia centroura,-75.283333,36.883333
Bathytoshia centroura,-75.645333,36.856667
Bathytoshia centroura,-74,39.45
Bathytoshia centroura,-75.55083332,37.64598331
Bathytoshia centroura,-75.339517,34.99841
Bathytoshia centroura,-76.716667,34.283333
Bathytoshia centroura,-76.00183333,37.04233333
Bathytoshia centroura,-75.474378,37.015543
Bathytoshia centroura,-76.3399963379,34.8120002747
Bathytoshia centroura,-73.8,39.266667
Bathytoshia centroura,-75.77866667,36.619
Bathytoshia centroura,-75.85,35.133333
Bathytoshia centroura,-77.9329986572,33.8520011902
Bathytoshia centroura,-74.48246667,39.22018334
Bathytoshia centroura,-75.8379974365,35.1150016785
Bathytoshia centroura,-50.1,-30.6667
Bathytoshia centroura,-74.799172,38.77761
Bathytoshia centroura,-75.287075,36.224753
Bathytoshia centroura,-75.316667,35.533333
Bathytoshia centroura,-75.533333,35.866667
Bathytoshia centroura,-73.049167,40.561
Bathytoshia centroura,-51.3,-33.3333
Bathytoshia centroura,-75.513917,35.9478
Bathytoshia centroura,-75.233333,37.966667
Bathytoshia centroura,-77.583333,33.283333
Bathytoshia centroura,-72.383333,40.85
Bathytoshia centroura,-75.92779999,36.89693336
Bathytoshia centroura,-75.87173335,36.68103333
Bathytoshia centroura,-74.81375,38.053683
Bathytoshia centroura,-50.45,-32.75
Bathytoshia centroura,-77.9049987793,33.9700012207
Bathytoshia centroura,-79.6640014648,32.8250007629
Bathytoshia centroura,-75.3,35.05
Bathytoshia centroura,-75.9430007935,35.0680007935
Bathytoshia centroura,-77.8529968262,34.1040000916
Bathytoshia centroura,-75.35,35.35
Bathytoshia centroura,-81.2089996338,31.2670001984
Bathytoshia centroura,-76.833333,33.533333
Bathytoshia centroura,-75.536898,35.856175
Bathytoshia centroura,-49.6167,-29.8667
Bathytoshia centroura,-81.3079986572,30.9169998169
Bathytoshia centroura,-75.3,35.616667
Bathytoshia centroura,-51.6667,-32.3333
Bathytoshia centroura,-81.4199981689,30.7520008087
Bathytoshia centroura,-81.3939971924,30.6650009155
Bathytoshia centroura,-50.95,-32.25
Bathytoshia centroura,-75.066667,37.933333
Bathytoshia centroura,-80.6500015259,29.9799995422
Bathytoshia centroura,-74.312027,39.015107
Bathytoshia centroura,-74.883333,38.233333
Bathytoshia centroura,-78.6839981079,33.7840003967
Bathytoshia centroura,-75.916667,34.766667
Bathytoshia centroura,-50.4333,-33
Bathytoshia centroura,-78.166667,33.883333
Bathytoshia centroura,-52.25,-33.6667
Bathytoshia centroura,-79.25,32.3800010681
Bathytoshia centroura,-50.8,-33.1667
Bathytoshia centroura,-75.033333,37.5
Bathytoshia centroura,-74.9483,35.3917
Bathytoshia centroura,-75.9469985962,35.0999984741
Bathytoshia centroura,-79.4000015259,32
Bathytoshia centroura,-78.6849975586,33.7900009155
Bathytoshia centroura,-75.478217,34.897083
Bathytoshia centroura,-74.42454999,39.31358334
Bathytoshia centroura,-80.9840011597,31.1439990997
Bathytoshia centroura,-81.18699646,30.9699993134
Bathytoshia centroura,-76.9899978638,34.5480003357
Bathytoshia centroura,-77.0400009155,33.5299987793
Bathytoshia centroura,-74.155183,39.602817
Bathytoshia centroura,-74.416665,39.234102
Bathytoshia centroura,76.6,8.883333
Bathytoshia centroura,9.86699962616,37.2999992371
Bathytoshia centroura,-76.0482,37.00816667
Bathytoshia centroura,-50.3667,-31.3167
Bathytoshia centroura,-74.55,37.7
Bathytoshia centroura,-75.312828,37.645683
Bathytoshia centroura,-75.216667,37.05
Bathytoshia centroura,-74.966667,36.966667
Bathytoshia centroura,-81.141998291,29.5240001678
Bathytoshia centroura,-75.464428,35.85948
Bathytoshia centroura,-80.5,32.1520004272
Bathytoshia centroura,-77.8600006104,33.0600013733
Bathytoshia centroura,-75.512672,35.94413
Bathytoshia centroura,-79.1210021973,33.2179985046
Bathytoshia centroura,-72.77866,40.72939
Bathytoshia centroura,-79.1100006104,33.0429992676
Bathytoshia centroura,-80.5,29.7199993134
Bathytoshia centroura,-78.6640014648,33.7939987183
Bathytoshia centroura,-75.283333,35.133333
Bathytoshia centroura,-75.47423334,35.22666667
Bathytoshia centroura,-75.466667,36.733333
Bathytoshia centroura,-75.02166667,38.66788336
Bathytoshia centroura,-75.76159999,36.29208333
Bathytoshia centroura,-74.803,38.968
Bathytoshia centroura,-73.974685,40.228592
Bathytoshia centroura,-82.6907272339,27.4702758789
Bathytoshia centroura,-75.17807,37.97472
Bathytoshia centroura,-80.4499969482,28.9899997711
Bathytoshia centroura,-75.888667,34.492333
Bathytoshia centroura,-77.75,33.2799987793
Bathytoshia centroura,-74.716667,38.816667
Bathytoshia centroura,-77.9110031128,33.9150009155
Bathytoshia centroura,-78.6900024414,33.7960014343
Bathytoshia centroura,-74.88783333,38.41533333
Bathytoshia centroura,-75.272917,35.076333
Bathytoshia centroura,-76.3460006714,34.8129997253
Bathytoshia centroura,-50.5167,-32.8333
Bathytoshia centroura,-81.0729980469,29.3920001984
Bathytoshia centroura,11.9167003632,-5.93333005905
Bathytoshia centroura,-75.144808,35.901165
Bathytoshia centroura,-75.583333,34.833333
Bathytoshia centroura,-74.880833,36.147833
Bathytoshia centroura,-75.267,35.742167
Bathytoshia centroura,-75.38283333,37.5965
Bathytoshia centroura,-80.0400009155,30.9099998474
Bathytoshia centroura,-80.2600021362,28.9200000763
Bathytoshia centroura,-78.1666666666667,33.8833333333333
Bathytoshia centroura,-81.0749969482,31.202999115
Bathytoshia centroura,-76.95,33.416667
Bathytoshia centroura,-75.4,35.65
Bathytoshia centroura,-75.383333,35.85
Bathytoshia centroura,-75.83211664,36.67310003
Bathytoshia centroura,-75.43517303,35.62768173
Bathytoshia centroura,-81.31199646,30.8829994202
Bathytoshia centroura,-75.8450012207,35.1349983215
Bathytoshia centroura,-74.333333,39.366667
Bathytoshia centroura,-75.1505,37.94166667
Bathytoshia centroura,-80.9499969482,30.3999996185
Bathytoshia centroura,-74.73,38.837
Bathytoshia centroura,-75.046,37.945667
Bathytoshia centroura,-81.31199646,30.9400005341
Bathytoshia centroura,-81.3089981079,30.9330005646
Bathytoshia centroura,-74.27981666,39.30101668
Bathytoshia centroura,-80.6399993896,28.8400001526
Bathytoshia centroura,-74.8,38.933333
Bathytoshia centroura,-75.447828,37.473287
Bathytoshia centroura,-50.4667,-32.4167
Bathytoshia centroura,-75.53573335,35.82909997
Bathytoshia centroura,-80.0999984741,30.6499996185
Bathytoshia centroura,-75.74296665,36.35713332
Bathytoshia centroura,-80.5299987793,30.25
Bathytoshia centroura,-74.0766983,39.77050018
Bathytoshia centroura,-74.9,37.4
Bathytoshia centroura,13.15374959,-7.995531407
Bathytoshia centroura,-75.57566667,37.3165
Bathytoshia centroura,-80.6900024414,29.8799991608
Bathytoshia centroura,-50.5833,-33.0167
Bathytoshia centroura,-74.874867,35.987128
Bathytoshia centroura,-76.6083,39.2847
Bathytoshia centroura,-74.566667,38.916667
Bathytoshia centroura,-80.5400009155,30.8400001526
Bathytoshia centroura,-94.8332977295,28.4666996002
Bathytoshia centroura,-81.06199646,29.3560009003
Bathytoshia centroura,-76.083333,34.4
Bathytoshia centroura,-75.039703,38.216917
Bathytoshia centroura,-75.6740036011,35.2060012817
Bathytoshia centroura,-74.71705,38.26919
Bathytoshia centroura,-79.6699981689,31.4599990845
Bathytoshia centroura,-74.894,38.57
Bathytoshia centroura,-75.116667,36.466667
Bathytoshia centroura,-75.9,36.9
Bathytoshia centroura,-75.19266667,38.07216667
Bathytoshia centroura,-74.966667,38.816667
Bathytoshia centroura,-74.75415001,38.82061666
Bathytoshia centroura,-79.0530014038,33.4550018311
Bathytoshia centroura,-74.59121666,38.9559
Bathytoshia centroura,-79.0999984741,23.6000003815
Bathytoshia centroura,-75.816667,36.416667
Bathytoshia centroura,-75.755697,36.55056
Bathytoshia centroura,-52.15,-33.0833
Bathytoshia centroura,-81.25,31.138999939
Bathytoshia centroura,-75.550333,37.398167
Bathytoshia centroura,-75.92733333,36.731
Bathytoshia centroura,-74.905,38.86
Bathytoshia centroura,-80.3,29.5583333333
Bathytoshia centroura,-76.4333333333333,35.3833333333333
Bathytoshia centroura,10.266667366,37.4749984741
Bathytoshia centroura,-80.2699966431,28.8899993896
Bathytoshia centroura,-75.59333333,35.922
Bathytoshia centroura,9.626,42.984
Bathytoshia centroura,-75.283333,37.2
Bathytoshia centroura,-75.85033333,36.6995
Bathytoshia centroura,-80.6399993896,31.6399993896
Bathytoshia centroura,-77.9150009155,33.908000946
Bathytoshia centroura,-75.283333,37.733333
Bathytoshia centroura,-79.1240005493,33.3899993896
Bathytoshia centroura,-75.633333,37.466667
Bathytoshia centroura,-75.80944824,36.47177124
Bathytoshia centroura,-77.066667,34.066667
Bathytoshia centroura,-75.15,35.95
Bathytoshia centroura,-75.1200027466,35.2900009155
Bathytoshia centroura,10.4499998093,34.108001709
Bathytoshia centroura,-50.8667,-32.4167
Bathytoshia centroura,-77.9166641235,33.6666679382
Bathytoshia centroura,-79.1019973755,33.4169998169
Bathytoshia centroura,-75.133333,37.466667
Bathytoshia centroura,-74.58334999,39.22303333
Bathytoshia centroura,-74.883333,38.266667
Bathytoshia centroura,-81.3700027466,30.8579998016
Bathytoshia centroura,-75.9449996948,35.0999984741
Bathytoshia centroura,-86.8768081665,29.9289264679
Bathytoshia centroura,-50.6,-32
Bathytoshia centroura,-92.0450134277,28.1369018555
Bathytoshia centroura,-75.22584,37.81601
Bathytoshia centroura,10.3170003891,34.2000007629
Bathytoshia centroura,-50.9333,-32.95
Bathytoshia centroura,-80.9270019531,31.827999115
Bathytoshia centroura,-81.0680007935,31.5820007324
Bathytoshia centroura,-79.0999984741,33.4179992676
Bathytoshia centroura,-75.549468,35.074742
Bathytoshia centroura,-78.5999984741,33
Bathytoshia centroura,-76.391998291,34.4099998474
Bathytoshia centroura,-75.483333,36.483333
Bathytoshia centroura,-75.566667,34.75
Bathytoshia centroura,-75.13315,38.18091666
Bathytoshia centroura,-74.845,37.600833
Bathytoshia centroura,-75.445353,37.390555
Bathytoshia centroura,-81.0849990845,31.4659996033
Bathytoshia centroura,-76.9919967651,34.5499992371
Bathytoshia centroura,-75.43643335,35.6306167
Bathytoshia centroura,-75.016383,35.850465
Bathytoshia centroura,-79.1070022583,33.0509986877
Bathytoshia centroura,-75.666667,35.15
Bathytoshia centroura,-80.0299987793,31.9200000763
Bathytoshia centroura,-75.0655,38.069
Bathytoshia centroura,-75.9319992065,35.0880012512
Bathytoshia centroura,-75.300012,37.693933
Bathytoshia centroura,-75.89228058,36.79613113
Bathytoshia centroura,-74.891798,38.830073
Bathytoshia centroura,-75.5755,35.932333
Bathytoshia centroura,-75.833333,34.85
Bathytoshia centroura,-76.166667,34.733333
Bathytoshia centroura,-74.383333,38.75
Bathytoshia centroura,-75.816667,34.933333
Bathytoshia centroura,-75.92146664,36.89466667
Bathytoshia centroura,-75.666667,37.25
Bathytoshia centroura,-76.4950027466,34.4980010986
Bathytoshia centroura,-77.8850021362,33.7120018005
Bathytoshia centroura,-82.580268,27.213875
Bathytoshia centroura,-75.783333,36.35
Bathytoshia centroura,-75.366667,35.7
Bathytoshia centroura,-79.4479980469,32.8670005798
Bathytoshia centroura,-75.450202,37.732207
Bathytoshia centroura,-75.6,36.516667
Bathytoshia centroura,-77.7570037842,33.6629981995
Bathytoshia centroura,-75.674677,36.218037
Bathytoshia centroura,-75.7,36.266667
Bathytoshia centroura,-74.052,39.994
Bathytoshia centroura,-73.883333,40.183333
Bathytoshia centroura,-77.5569992065,34.4129981995
Bathytoshia centroura,-77.9580001831,33.7700004578
Bathytoshia centroura,-80.3399963379,29.1100006104
Bathytoshia centroura,-75.75,36.95
Bathytoshia centroura,-81.1179962158,30.6770000458
Bathytoshia centroura,-75.9560012817,35.0929985046
Bathytoshia centroura,-78.6169967651,33.7890014648
Bathytoshia centroura,-74.2,38.95
Bathytoshia centroura,-75.883333,34.933333
Bathytoshia centroura,-49.7167,-30.6667
Bathytoshia centroura,-75.50777,37.17841
Bathytoshia centroura,-78.5800018311,32.8400001526
Bathytoshia centroura,-78.9599990845,33.2900009155
Bathytoshia centroura,-74.243707,38.973837
Bathytoshia centroura,-80.8069992065,28.9179992676
Bathytoshia centroura,-0.438258,38.1633
Bathytoshia centroura,-75.087,38.11866667
Bathytoshia centroura,-75.754,36.244
Bathytoshia centroura,-50.9167,-31.6667
Bathytoshia centroura,-51.8333,-32.3333
Bathytoshia centroura,-75.783167,34.907833
Bathytoshia centroura,-51.6167,-32.5833
Bathytoshia centroura,-75.50689999,35.85266666
Bathytoshia centroura,-74.980848,38.180623
Bathytoshia centroura,-75.8405,34.984833
Bathytoshia centroura,-75.016667,38.116667
Bathytoshia centroura,-75.016667,37.95
Bathytoshia centroura,72.7053,6.40979
Bathytoshia centroura,-78.4260025024,33.6660003662
Bathytoshia centroura,-73.593535,40.521512
Bathytoshia centroura,-76.466667,34.55
Bathytoshia centroura,-72.633333,40
Bathytoshia centroura,73.5162,4.22324
Bathytoshia centroura,-76.1119995117,34.9920005798
Bathytoshia centroura,-77.7649993896,33.6570014954
Bathytoshia centroura,-51.8333,-33.7
Bathytoshia centroura,-80.6999969482,29.0200004578
Bathytoshia centroura,-75.43236666,35.64648336
Bathytoshia centroura,-77.85,33.7166666666667
Bathytoshia centroura,-74.58346666,38.91448332
Bathytoshia centroura,-79.1060028076,33.0509986877
Bathytoshia centroura,-73.95,40.383333
Bathytoshia centroura,-75.366667,35.2
Bathytoshia centroura,-73.923,40.377
Bathytoshia centroura,-76.5569992065,34.6409988403
Bathytoshia centroura,-80.1999969482,32.2299995422
Bathytoshia centroura,-75.278812,37.739968
Bathytoshia centroura,-75.50728334,37.65345001
Bathytoshia centroura,-80.6600036621,29.4699993134
Bathytoshia centroura,-75.391,35.623
Bathytoshia centroura,-75.152558,37.895698
Bathytoshia centroura,-75.366667,35.966667
Bathytoshia centroura,10.51099968,43.14799881
Bathytoshia centroura,-75.41692352,37.83572006
Bathytoshia centroura,-76.5550003052,34.6409988403
Bathytoshia centroura,-75.82483333,36.62983333
Bathytoshia centroura,-76.090316670000007,37.07346667
Bathytoshia centroura,-75.716667,35.016667
Bathytoshia centroura,-51.4667,-32.3333
Bathytoshia centroura,15.55,38.217
Bathytoshia centroura,-75.266667,37
Bathytoshia centroura,-76.051647,34.694102
