species,decimalLongitude,decimalLatitude
Bathycongrus retrotinctus,121.90086,22.879
Bathycongrus retrotinctus,126.3468,32.447
Bathycongrus retrotinctus,133.6283333,33.21833333
Bathycongrus retrotinctus,130.644439697,31.4097213745
Bathycongrus retrotinctus,120.987503052,13.7433328629
Bathycongrus retrotinctus,122.099998474,24.5799999237
Bathycongrus retrotinctus,120.73703,13.832342
Bathycongrus retrotinctus,121.900001526,24.9400005341
Bathycongrus retrotinctus,120.798354,13.803217
Bathycongrus retrotinctus,122.616996765,13.0500001907
Bathycongrus retrotinctus,121.96,25.13
Bathycongrus retrotinctus,133.62833333333333,33.218333333333334
Bathycongrus retrotinctus,120.166666666667,22.25
Bathycongrus retrotinctus,120.74445343,6.03333330154
Bathycongrus retrotinctus,124.046669006,12.2097215652
Bathycongrus retrotinctus,130.669448853,31.3694438934
Bathycongrus retrotinctus,120.958333,13.720167
Bathycongrus retrotinctus,123.4375,12.858332634
Bathycongrus retrotinctus,120.430000305,22.4699993134
Bathycongrus retrotinctus,120.379997253,22.1900005341
Bathycongrus retrotinctus,120.45,22.46667
Bathycongrus retrotinctus,120.974583,13.691588
Bathycongrus retrotinctus,122.129997253,24.8099994659
Bathycongrus retrotinctus,120.961112976,13.723610878
Bathycongrus retrotinctus,120.284,14.001
Bathycongrus retrotinctus,115.980003357,20.8299999237
Bathycongrus retrotinctus,149.57833,-17.58167
Bathycongrus retrotinctus,124.375,10.8175001144
Bathycongrus retrotinctus,120.4515,13.842
Bathycongrus retrotinctus,130.655563354,31.3999996185
Bathycongrus retrotinctus,119.77,23.38
Bathycongrus retrotinctus,130.652770996,31.3861103058
Bathycongrus retrotinctus,127.6863,26.211048
Bathycongrus retrotinctus,119.7,23.42
Bathycongrus retrotinctus,149.5783,-17.5816
Bathycongrus retrotinctus,122.617,13.05
Bathycongrus retrotinctus,121.919998169,24.9099998474
Bathycongrus retrotinctus,120.36,22.18
Bathycongrus retrotinctus,124.08416748,12.2208328247
