species,decimalLongitude,decimalLatitude
Bathyraja meridionalis,-42.3666992188,-53.2332992554
Bathyraja meridionalis,-36.3833007812,-55.1666984558
Bathyraja meridionalis,-35.66667,-53.93333
Bathyraja meridionalis,-35.6666666666667,-53.9333333333333
Bathyraja meridionalis,-36.3666992188,-55.1666984558
Bathyraja meridionalis,0.783333003521,-42.0332984924
Bathyraja meridionalis,-36.25,-55.4500007629
Bathyraja meridionalis,-36.2833333333333,-53.7333333333333
Bathyraja meridionalis,-36.2832984924,-55.3666992188
Bathyraja meridionalis,-163,-62
Bathyraja meridionalis,-36.2832984924,-53.7332992554
Bathyraja meridionalis,-35.9000015259,-55.4333000183
Bathyraja meridionalis,-35.6666984558,-53.9333000183
