species,decimalLongitude,decimalLatitude
Bathygobius mystacium,-40.61,-20.83
Bathygobius mystacium,-77.494887,25.06603
Bathygobius mystacium,-40.273,-19.82
Bathygobius mystacium,-64.6301,17.7351
Bathygobius mystacium,-78.9758333206177,9.55194441477458
Bathygobius mystacium,-80.6783,24.8758
Bathygobius mystacium,-59.6,13.0833
Bathygobius mystacium,-81.383104,19.328351
Bathygobius mystacium,-79.247888,25.544399
Bathygobius mystacium,-88.0817,16.8021
Bathygobius mystacium,-77.1666667,24.05
Bathygobius mystacium,-77.321231,25.090213
Bathygobius mystacium,-81.6999969482,12.5100002289
Bathygobius mystacium,-40.061,-19.829
Bathygobius mystacium,-88.0818,16.8026
Bathygobius mystacium,-64.625,17.7902778
Bathygobius mystacium,-66.6573,18.4884
Bathygobius mystacium,-81.70133,24.557878
Bathygobius mystacium,-65.95885,18.45204
Bathygobius mystacium,-92.45416666666668,18.6958333333333
Bathygobius mystacium,-79.8736111323039,9.40416666666667
Bathygobius mystacium,-79.9166667,9.2666667
Bathygobius mystacium,-38.6166666666667,-13
Bathygobius mystacium,-80.162682,25.676559
Bathygobius mystacium,-38.3666666666667,-13
Bathygobius mystacium,-59.494476,13.201223
Bathygobius mystacium,-64.6300556,17.7351111
Bathygobius mystacium,-88.0667,16.7833
Bathygobius mystacium,-35.6946389,-9.6640833
Bathygobius mystacium,-79.269063,25.527823
Bathygobius mystacium,-38.3666666666667,-12.95
Bathygobius mystacium,-38.698,-17.967
Bathygobius mystacium,-38.189,-12.785
Bathygobius mystacium,-80.1525,25.59
Bathygobius mystacium,-97.7937316895,22.279958725
Bathygobius mystacium,-65.70960236,18.37249947
Bathygobius mystacium,-81.41657994,13.33752391
Bathygobius mystacium,-64.6842,17.7108
Bathygobius mystacium,-81.366667,19.25
Bathygobius mystacium,-81.339829,19.267639
Bathygobius mystacium,-81.6800003052,12.6000003815
Bathygobius mystacium,-94.1317977905,18.211057663
Bathygobius mystacium,-64.6841667,17.7108056
Bathygobius mystacium,-73.68402,21.065072
Bathygobius mystacium,-75.410762,24.263008
Bathygobius mystacium,-38.1666666666667,-12.75
Bathygobius mystacium,-88.082,16.802
Bathygobius mystacium,-77.529391,24.999224
Bathygobius mystacium,-77.282998,25.098644
Bathygobius mystacium,-64.6978333,17.7075833
Bathygobius mystacium,-77.554221,25.012934
Bathygobius mystacium,-35.35,-9.23
Bathygobius mystacium,-78.9038888931274,9.54944445292155
Bathygobius mystacium,-79.8389,9.42778
Bathygobius mystacium,-77.155797,25.101511
Bathygobius mystacium,-80.6783333,24.8758333
Bathygobius mystacium,-74.240074,22.264377
Bathygobius mystacium,-77.332019,25.086928
Bathygobius mystacium,-81.4165802002,13.3375234604
Bathygobius mystacium,-77.528815,25.000774
Bathygobius mystacium,-77.8163889,25.4166667
Bathygobius mystacium,-81.6999969482,12.5200004578
Bathygobius mystacium,-40.752,-20.926
Bathygobius mystacium,-74.1260604858,11.3216810226
Bathygobius mystacium,-81.683647,24.575195
Bathygobius mystacium,-77.553835,25.012584
Bathygobius mystacium,-82.3406906128,24.7805652618
Bathygobius mystacium,-81.082893,19.32268
Bathygobius mystacium,-79.9483333587646,9.35805555979411
Bathygobius mystacium,-94.021156311,18.3952617645
Bathygobius mystacium,-82.887260437,23.0251464844
Bathygobius mystacium,-94.41722221374512,18.1224999984105
Bathygobius mystacium,79,9
Bathygobius mystacium,-68.28813,12.101686
Bathygobius mystacium,-79.9638888676961,9.370555559794107
Bathygobius mystacium,-77.291159,25.080827
Bathygobius mystacium,-86.9930556,16.0902778
Bathygobius mystacium,-77.431171,25.081098
Bathygobius mystacium,-40.12,-19.93
Bathygobius mystacium,-64.615,17.7858333
Bathygobius mystacium,-64.615,17.7858
Bathygobius mystacium,-77.559558,25.012645
Bathygobius mystacium,-40.195,-20.203
Bathygobius mystacium,-77.408843,25.092027
Bathygobius mystacium,-97.6327133179,22.3360748291
Bathygobius mystacium,-74.29248,22.218168
Bathygobius mystacium,-87.8837127686,21.5704536438
Bathygobius mystacium,-97.8541666666667,22
Bathygobius mystacium,-60.54949951,11.32460022
Bathygobius mystacium,-77.7783355713,24.7199993134
Bathygobius mystacium,-77.321574,25.08757
Bathygobius mystacium,-77.499219,25.061529
Bathygobius mystacium,-86.62928,16.34519
Bathygobius mystacium,-79.434082,21.591964
Bathygobius mystacium,-90,19.5583333333333
Bathygobius mystacium,-88.3442077637,22.3022727966
