species,decimalLongitude,decimalLatitude
Bathyraja shuntovi,-176.4183,-42.8417
Bathyraja shuntovi,178.174,-39.7502
Bathyraja shuntovi,173.5283,-44.5983
Bathyraja shuntovi,179.7588,-44.4802
Bathyraja shuntovi,178.385,-39.8138
Bathyraja shuntovi,177.4583,-42.6833
Bathyraja shuntovi,177.1982,-44.2288
Bathyraja shuntovi,164.883,-35.9
Bathyraja shuntovi,175.8347,-44.7702
Bathyraja shuntovi,178.9953,-37.9513
Bathyraja shuntovi,165.06667,-35.8
Bathyraja shuntovi,176.383,-41.342
Bathyraja shuntovi,179.8623,-42.7443
Bathyraja shuntovi,176.2607,-41.27
Bathyraja shuntovi,-177.16,-42.84
Bathyraja shuntovi,168.86,-40.4167
Bathyraja shuntovi,170.0212,-48.9058
Bathyraja shuntovi,167.9417,-50.13
Bathyraja shuntovi,-177.431,-44.6987
Bathyraja shuntovi,175.31,-42.82
Bathyraja shuntovi,176.5497,-41.1397
Bathyraja shuntovi,178,-42.63
Bathyraja shuntovi,176.766,-44.779333
Bathyraja shuntovi,177.9105,-39.9692
Bathyraja shuntovi,179.82,-42.79
Bathyraja shuntovi,-178.229,-44.3123
Bathyraja shuntovi,178.7718,-38.8978
Bathyraja shuntovi,178.5982,-44.1298
Bathyraja shuntovi,174.1967,-44.9133
Bathyraja shuntovi,175.4028,-42.7947
Bathyraja shuntovi,176.8672,-40.7755
Bathyraja shuntovi,-176.4647,-44.7057
Bathyraja shuntovi,-177.0395,-42.7998
Bathyraja shuntovi,179.96,-42.8
Bathyraja shuntovi,176.445,-42.64
Bathyraja shuntovi,167.965,-39.8317
Bathyraja shuntovi,-179.215,-44.505
Bathyraja shuntovi,174.5,-42.09
Bathyraja shuntovi,178.25,-42.7533
Bathyraja shuntovi,176.4962,-41.087
Bathyraja shuntovi,-179.1428,-44.49
Bathyraja shuntovi,175.7277,-42.666
Bathyraja shuntovi,176.4517,-42.655
Bathyraja shuntovi,174.1895,-44.7902
Bathyraja shuntovi,173.0507,-44.7415
Bathyraja shuntovi,173.8917,-44.805
Bathyraja shuntovi,171.8055,-45.2737
Bathyraja shuntovi,167.44,-38.9867
Bathyraja shuntovi,173.7683,-44.6833
Bathyraja shuntovi,-177.3928,-44.6987
Bathyraja shuntovi,-175.8063,-44.6718
Bathyraja shuntovi,171.8507,-45.1333
Bathyraja shuntovi,179.9103,-44.2947
Bathyraja shuntovi,177.687833,-44.262
Bathyraja shuntovi,175.3962,-41.7663
Bathyraja shuntovi,178.4617,-42.7933
Bathyraja shuntovi,176.184,-41.349
Bathyraja shuntovi,166.3052,-46.6642
Bathyraja shuntovi,173.3767,-44.72
Bathyraja shuntovi,174.0983,-44.5883
Bathyraja shuntovi,174.48,-42.1118
Bathyraja shuntovi,-179.78,-42.8
Bathyraja shuntovi,178.3677,-39.8433
Bathyraja shuntovi,168.1323,-39.8308
Bathyraja shuntovi,-177.2063,-44.7027
Bathyraja shuntovi,168.9915,-51.5302
Bathyraja shuntovi,177.3658,-42.6513
Bathyraja shuntovi,176.965,-40.8433
Bathyraja shuntovi,-177.1783,-42.82
Bathyraja shuntovi,166.96,-52.09
Bathyraja shuntovi,165.02,-35.86
Bathyraja shuntovi,-179.14,-42.76
Bathyraja shuntovi,179.92,-42.82
Bathyraja shuntovi,178.4017,-39.4217
Bathyraja shuntovi,-179.89,-42.79
Bathyraja shuntovi,-176.5967,-42.8133
Bathyraja shuntovi,173.6933,-44.89
Bathyraja shuntovi,177.195,-42.6817
Bathyraja shuntovi,-175.7933,-42.905
Bathyraja shuntovi,-176.605,-42.8
Bathyraja shuntovi,172.2333,-34.9167
Bathyraja shuntovi,175.81,-42.67
Bathyraja shuntovi,-177.06,-42.7567
Bathyraja shuntovi,-178.1217,-44.5833
Bathyraja shuntovi,-176.9967,-42.7117
Bathyraja shuntovi,173.555,-44.75
Bathyraja shuntovi,176.541333,-42.618833
Bathyraja shuntovi,173.4972,-48.4797
Bathyraja shuntovi,174.23,-42.98
Bathyraja shuntovi,-179.03,-42.65
Bathyraja shuntovi,178.4408,-44.2303
Bathyraja shuntovi,167.9115,-50.1495
Bathyraja shuntovi,179.7405,-42.7548
Bathyraja shuntovi,-175.1467,-42.935
Bathyraja shuntovi,175.5267,-42.6233
Bathyraja shuntovi,169.0067,-43.0867
Bathyraja shuntovi,174.19,-42.35
Bathyraja shuntovi,-177.0377,-42.8442
Bathyraja shuntovi,173.265,-44.9317
Bathyraja shuntovi,167.3795,-52.4475
Bathyraja shuntovi,174.0923,-44.9305
Bathyraja shuntovi,176.8,-40.95
Bathyraja shuntovi,179.86,-42.8
Bathyraja shuntovi,166.932,-46.7777
Bathyraja shuntovi,178.7523,-38.9132
Bathyraja shuntovi,-176.3483,-42.845
Bathyraja shuntovi,-177.0317,-42.7617
Bathyraja shuntovi,177.583,-42.6925
Bathyraja shuntovi,-176.3768,-44.6927
Bathyraja shuntovi,176.9317,-40.8533
Bathyraja shuntovi,167.6283,-40.0533
Bathyraja shuntovi,173.3067,-44.6617
Bathyraja shuntovi,178.3967,-39.4355
Bathyraja shuntovi,167.9323,-49.1978
Bathyraja shuntovi,175.98,-42.68
Bathyraja shuntovi,-179.5118,-42.6925
Bathyraja shuntovi,174.1815,-42.3103
Bathyraja shuntovi,-177.4295,-44.6723
Bathyraja shuntovi,176.4298,-41.3483
Bathyraja shuntovi,175.8543,-42.6762
Bathyraja shuntovi,176.679833,-44.716
Bathyraja shuntovi,169.6875,-50.2652
Bathyraja shuntovi,166.1298,-46.8252
Bathyraja shuntovi,173.705,-44.5533
Bathyraja shuntovi,-176.3567,-42.7533
Bathyraja shuntovi,-176.2325,-44.7017
Bathyraja shuntovi,176.2242,-42.693
Bathyraja shuntovi,168.9267,-43.0833
Bathyraja shuntovi,175.4082,-41.7602
Bathyraja shuntovi,178.4083,-44.105
Bathyraja shuntovi,-176.5783,-42.7667
Bathyraja shuntovi,175.9285,-41.5045
Bathyraja shuntovi,174.9272,-49.7497
Bathyraja shuntovi,-174.3933,-43.6
Bathyraja shuntovi,-176.8983,-42.7283
Bathyraja shuntovi,176.6578,-41.068
Bathyraja shuntovi,-176.6595,-42.8318
Bathyraja shuntovi,169.716,-37.65
Bathyraja shuntovi,175.346,-42.7398
Bathyraja shuntovi,177.6138,-43.888
Bathyraja shuntovi,169.9408,-48.036
Bathyraja shuntovi,-176.8972,-42.7467
Bathyraja shuntovi,177.1842,-44.1687
Bathyraja shuntovi,167.3182,-49.1923
Bathyraja shuntovi,-179.67,-44.44
Bathyraja shuntovi,179.4238,-37.5373
Bathyraja shuntovi,168.0783,-49.0142
Bathyraja shuntovi,170.41,-46.72
Bathyraja shuntovi,-176.0003,-44.6402
Bathyraja shuntovi,179.0725,-37.7992
Bathyraja shuntovi,177.0428,-41.2185
Bathyraja shuntovi,-178.5172,-44.5462
Bathyraja shuntovi,-177.1617,-42.8083
Bathyraja shuntovi,178.153,-39.9385
Bathyraja shuntovi,-175.39,-44.6
Bathyraja shuntovi,179.1795,-37.759
Bathyraja shuntovi,-179.74,-42.77
Bathyraja shuntovi,174.12,-48.72
Bathyraja shuntovi,172.627,-49.655
Bathyraja shuntovi,179.6083,-42.8278
Bathyraja shuntovi,173.5033,-36.4183
Bathyraja shuntovi,177.8123,-40.0583
Bathyraja shuntovi,-176.9287,-42.8118
Bathyraja shuntovi,169.3103,-51.3402
Bathyraja shuntovi,-174.8103,-44.383
Bathyraja shuntovi,169.8737,-48.9427
Bathyraja shuntovi,167.3917,-40.195
Bathyraja shuntovi,174.59,-42.98
Bathyraja shuntovi,-176.5527,-42.8448
Bathyraja shuntovi,173.45,-44.7463
Bathyraja shuntovi,172.1378,-49.0362
Bathyraja shuntovi,177.0417,-42.6633
Bathyraja shuntovi,167.8633,-39.8983
Bathyraja shuntovi,179.5097,-42.8083
Bathyraja shuntovi,176.5,-41.075
Bathyraja shuntovi,170.091333,-48.441333
Bathyraja shuntovi,172.8117,-44.7483
Bathyraja shuntovi,-174.2438,-43.76
Bathyraja shuntovi,-175.4077,-42.8555
Bathyraja shuntovi,179.9362,-42.7248
Bathyraja shuntovi,-178.7295,-44.6343
Bathyraja shuntovi,-179.5083,-44.465
Bathyraja shuntovi,168.2187,-50.9218
Bathyraja shuntovi,176.5405,-41.0713
Bathyraja shuntovi,-175.5345,-44.597
Bathyraja shuntovi,167.9417,-39.8383
Bathyraja shuntovi,164.88333,-35.9
Bathyraja shuntovi,178.9617,-44.1742
Bathyraja shuntovi,-178.9317,-44.4183
Bathyraja shuntovi,167.8035,-49.954
Bathyraja shuntovi,168.4767,-43.3867
Bathyraja shuntovi,-176.8977,-44.7693
Bathyraja shuntovi,176.2842,-41.4263
Bathyraja shuntovi,-177.1633,-42.7583
Bathyraja shuntovi,-177.9433,-42.7617
Bathyraja shuntovi,177.605,-39.95
Bathyraja shuntovi,-178.24,-44.3083
Bathyraja shuntovi,-179.4833,-42.7068
Bathyraja shuntovi,177.6933,-42.6817
Bathyraja shuntovi,176.35,-42.63
Bathyraja shuntovi,174.56,-42.94
Bathyraja shuntovi,176.9933,-40.7683
Bathyraja shuntovi,-176.3695,-42.8477
Bathyraja shuntovi,-174.0335,-43.6287
Bathyraja shuntovi,176.3627,-41.1463
Bathyraja shuntovi,-179.5283,-48.0577
Bathyraja shuntovi,-175.085,-42.99
Bathyraja shuntovi,168.6517,-43.4967
Bathyraja shuntovi,-176.2937,-42.8492
Bathyraja shuntovi,-174.9867,-43.0267
Bathyraja shuntovi,175.19,-44.5683
Bathyraja shuntovi,-177.1908,-42.7903
Bathyraja shuntovi,179.5782,-42.7973
Bathyraja shuntovi,174.609,-42.0127
Bathyraja shuntovi,170.3208,-48.8025
Bathyraja shuntovi,173.78,-42.9
Bathyraja shuntovi,-177.4568,-44.5993
Bathyraja shuntovi,177.5307,-40.0312
Bathyraja shuntovi,167.4365,-40.0827
Bathyraja shuntovi,173.8067,-42.8317
Bathyraja shuntovi,176.305,-41.3033
Bathyraja shuntovi,179.28,-44.2917
Bathyraja shuntovi,174.196,-42.353
Bathyraja shuntovi,167.33,-49.08
Bathyraja shuntovi,174.201,-42.3537
Bathyraja shuntovi,-179.1537,-44.4728
Bathyraja shuntovi,173.37,-44.705
Bathyraja shuntovi,-177.4732,-42.8413
Bathyraja shuntovi,-179.4717,-44.46
Bathyraja shuntovi,173.9183,-44.87
Bathyraja shuntovi,173.3733,-44.6767
Bathyraja shuntovi,176.32,-42.65
Bathyraja shuntovi,-175.6452,-44.6188
Bathyraja shuntovi,173.4612,-44.6363
Bathyraja shuntovi,170.5647,-53.6638
Bathyraja shuntovi,173.9983,-44.7717
Bathyraja shuntovi,179.2495,-37.4172
Bathyraja shuntovi,169.23333,-37.55
Bathyraja shuntovi,168.8983,-43.4717
Bathyraja shuntovi,176.954,-40.8537
Bathyraja shuntovi,174.4285,-42.2978
Bathyraja shuntovi,179.5612,-42.8103
Bathyraja shuntovi,174.2888,-42.9662
Bathyraja shuntovi,173.5838,-50.4905
Bathyraja shuntovi,174.4365,-44.9365
Bathyraja shuntovi,-176.603,-42.8768
Bathyraja shuntovi,170.37,-48.62
Bathyraja shuntovi,-174.6942,-44.343
Bathyraja shuntovi,173.87,-42.92
Bathyraja shuntovi,-177.305,-42.7653
Bathyraja shuntovi,-175.2633,-42.955
Bathyraja shuntovi,175.67,-42.705
Bathyraja shuntovi,170.1957,-48.3563
Bathyraja shuntovi,178.025,-44.375
Bathyraja shuntovi,179.67,-42.83
Bathyraja shuntovi,172.6583,-50.5388
Bathyraja shuntovi,-177.055,-42.7433
Bathyraja shuntovi,179.862,-42.7782
Bathyraja shuntovi,-176.5667,-42.905
Bathyraja shuntovi,173.7667,-44.9183
Bathyraja shuntovi,174.4377,-42.294
Bathyraja shuntovi,-178.81,-42.715
Bathyraja shuntovi,-177.3952,-44.6983
Bathyraja shuntovi,177.68,-42.73
Bathyraja shuntovi,176.2538,-41.3893
Bathyraja shuntovi,-176.4533,-44.7233
Bathyraja shuntovi,-179.3915,-44.4673
Bathyraja shuntovi,179.6433,-42.8317
Bathyraja shuntovi,169.9038,-48.1585
Bathyraja shuntovi,-179.07,-42.6883
Bathyraja shuntovi,179.7138,-42.8253
Bathyraja shuntovi,167.8542,-53.8115
Bathyraja shuntovi,173.1335,-44.7807
Bathyraja shuntovi,178.2545,-44.078
Bathyraja shuntovi,168.05,-40.11
Bathyraja shuntovi,-176.7533,-42.8063
Bathyraja shuntovi,179.0388,-44.0348
Bathyraja shuntovi,-175.735,-44.6132
Bathyraja shuntovi,174.48,-42.06
Bathyraja shuntovi,-174.6297,-44.0803
Bathyraja shuntovi,174.1868,-42.307
Bathyraja shuntovi,179.9112,-42.7423
Bathyraja shuntovi,167.5933,-39.615
Bathyraja shuntovi,178.9433,-44.225
Bathyraja shuntovi,179.8683,-42.7868
Bathyraja shuntovi,178.2883,-42.7783
Bathyraja shuntovi,173.9935,-49.275
Bathyraja shuntovi,174.465,-45.1413
Bathyraja shuntovi,169.7772,-48.7997
Bathyraja shuntovi,167.8417,-39.9733
Bathyraja shuntovi,-168.81806,-37.68333
Bathyraja shuntovi,-175.7983,-42.8283
Bathyraja shuntovi,173.8433,-42.82
Bathyraja shuntovi,174.749167,-45.120833
Bathyraja shuntovi,174.1283,-43.0108
Bathyraja shuntovi,-175.6167,-42.8617
Bathyraja shuntovi,168.4917,-40.2517
Bathyraja shuntovi,169.0353,-48.597
Bathyraja shuntovi,177.3575,-44.114167
Bathyraja shuntovi,174.0812,-49.3793
Bathyraja shuntovi,174.08,-42.38
Bathyraja shuntovi,-175.7415,-42.8267
Bathyraja shuntovi,176.71,-40.98
Bathyraja shuntovi,177.3933,-44.2217
Bathyraja shuntovi,-177.313,-42.8028
Bathyraja shuntovi,-179.2838,-44.4538
Bathyraja shuntovi,-178.4442,-44.485
Bathyraja shuntovi,-177.1073,-42.7067
Bathyraja shuntovi,-179.74,-42.78
Bathyraja shuntovi,173.158,-44.906167
Bathyraja shuntovi,-176.7818,-42.7673
Bathyraja shuntovi,-176.2683,-42.8717
Bathyraja shuntovi,-175.8512,-42.8055
Bathyraja shuntovi,-179.097667,-44.4675
Bathyraja shuntovi,174.38,-42.14
Bathyraja shuntovi,173.0233,-44.695
Bathyraja shuntovi,179.9333,-44.2897
Bathyraja shuntovi,-175.5037,-44.592
Bathyraja shuntovi,174.0872,-43.0525
Bathyraja shuntovi,170.5817,-38.1667
Bathyraja shuntovi,176.94,-40.79
Bathyraja shuntovi,174.27,-42.96
Bathyraja shuntovi,-175.8157,-42.8458
Bathyraja shuntovi,170.1457,-47.1553
Bathyraja shuntovi,169.57,-49.03
Bathyraja shuntovi,170.9108,-46.3813
Bathyraja shuntovi,173.3817,-44.665
Bathyraja shuntovi,-175.013,-42.8305
Bathyraja shuntovi,164.95,-36.233
Bathyraja shuntovi,173.4833,-44.6217
Bathyraja shuntovi,177.66,-44.3042
Bathyraja shuntovi,-176.0632,-44.6373
Bathyraja shuntovi,173.3567,-44.645
Bathyraja shuntovi,174.1335,-48.7195
Bathyraja shuntovi,178.7507,-38.9122
Bathyraja shuntovi,167.5,-39.1117
Bathyraja shuntovi,-174.8218,-44.3793
Bathyraja shuntovi,174.0815,-43.0302
Bathyraja shuntovi,-176.3467,-42.835
Bathyraja shuntovi,178.358333,-44.276667
Bathyraja shuntovi,169.84,-35.2633
Bathyraja shuntovi,-177.1183,-42.8567
Bathyraja shuntovi,-177.18,-42.83
Bathyraja shuntovi,176.7373,-40.9985
Bathyraja shuntovi,175.25,-48.61
Bathyraja shuntovi,176.5,-41.24
Bathyraja shuntovi,-178.0073,-44.7052
Bathyraja shuntovi,-177.1583,-42.7117
Bathyraja shuntovi,176.975,-40.83
Bathyraja shuntovi,-174.9967,-44.4117
Bathyraja shuntovi,170.629833,-46.594667
Bathyraja shuntovi,169.1732,-47.4595
Bathyraja shuntovi,-176.2267,-44.6795
Bathyraja shuntovi,171.6392,-45.2902
Bathyraja shuntovi,174.483,-42.0055
Bathyraja shuntovi,173.7958,-44.9032
Bathyraja shuntovi,175.755,-42.6867
Bathyraja shuntovi,174.4887,-42.1302
Bathyraja shuntovi,-175.9033,-44.6602
Bathyraja shuntovi,167.8788,-40.0197
Bathyraja shuntovi,173.6883,-44.5667
Bathyraja shuntovi,176.61,-42.65
Bathyraja shuntovi,167.5827,-40.042
Bathyraja shuntovi,178.9463,-42.8763
Bathyraja shuntovi,-178.563,-44.4733
Bathyraja shuntovi,179.76,-42.76
Bathyraja shuntovi,165.0666,-35.8
Bathyraja shuntovi,175.14,-44.53
Bathyraja shuntovi,170.074,-49.1095
Bathyraja shuntovi,173.2285,-44.7463
Bathyraja shuntovi,164.766998291,-54.1166992188
Bathyraja shuntovi,179.5128,-42.807
Bathyraja shuntovi,176.6468,-41.0807
Bathyraja shuntovi,-177.0892,-42.7668
Bathyraja shuntovi,173.695,-44.5017
Bathyraja shuntovi,176.8683,-41.2513
Bathyraja shuntovi,176.5433,-41.075
Bathyraja shuntovi,-177.0405,-42.8018
Bathyraja shuntovi,170.6007,-53.8098
Bathyraja shuntovi,172.84,-44.7433
Bathyraja shuntovi,173.995,-44.905
Bathyraja shuntovi,167.6632,-51.1613
Bathyraja shuntovi,176.7202,-42.6683
Bathyraja shuntovi,178.75,-38.91
Bathyraja shuntovi,173.3022,-44.6535
Bathyraja shuntovi,176.287667,-36.982
Bathyraja shuntovi,172.381,-48.642
Bathyraja shuntovi,169.045,-41.7617
Bathyraja shuntovi,169.8648,-48.1033
Bathyraja shuntovi,179.0855,-42.8318
Bathyraja shuntovi,-178.5162,-44.4808
Bathyraja shuntovi,-178.76,-42.62
Bathyraja shuntovi,167.6667,-40.4517
Bathyraja shuntovi,169.132995605,-47.033000946
Bathyraja shuntovi,-176.3367,-42.8567
Bathyraja shuntovi,178.6095,-44.1133
Bathyraja shuntovi,174.9267,-44.935
Bathyraja shuntovi,179.915,-42.8032
Bathyraja shuntovi,-176.663,-42.8942
Bathyraja shuntovi,-174.3577,-43.9603
Bathyraja shuntovi,-174.3333,-43.3183
Bathyraja shuntovi,177.608,-39.935
Bathyraja shuntovi,174.6633,-42.7917
Bathyraja shuntovi,176.0867,-41.4733
Bathyraja shuntovi,178.3702,-39.8303
Bathyraja shuntovi,-179.9718,-42.753
Bathyraja shuntovi,173.5133,-44.6633
Bathyraja shuntovi,174.5263,-42.1073
Bathyraja shuntovi,173.4867,-44.6183
Bathyraja shuntovi,176.1013,-42.5642
Bathyraja shuntovi,173.3467,-44.7133
Bathyraja shuntovi,178.986,-38.1902
Bathyraja shuntovi,170.1545,-46.69
Bathyraja shuntovi,174.1748,-42.3667
Bathyraja shuntovi,179.91,-42.78
Bathyraja shuntovi,-175.2563,-42.9622
Bathyraja shuntovi,174.8,-42.75
Bathyraja shuntovi,-178.5283,-44.3267
Bathyraja shuntovi,-176.5733,-42.7483
Bathyraja shuntovi,-176.5535,-44.7115
Bathyraja shuntovi,177.88,-39.91
Bathyraja shuntovi,173.7253,-42.5497
Bathyraja shuntovi,177.9183,-44.0783
Bathyraja shuntovi,168.502,-53.7315
Bathyraja shuntovi,174.083,-42.3698
Bathyraja shuntovi,-177.191,-42.818
Bathyraja shuntovi,-173.6852,-43.1578
Bathyraja shuntovi,178.215,-39.715
Bathyraja shuntovi,175.4198,-41.7657
Bathyraja shuntovi,173.8267,-44.8367
Bathyraja shuntovi,175.97,-41.44
Bathyraja shuntovi,175.5333,-42.7
Bathyraja shuntovi,167.7433,-39.6633
Bathyraja shuntovi,177.766333,-42.659833
Bathyraja shuntovi,-175.89,-42.79
Bathyraja shuntovi,179.6678,-42.8077
Bathyraja shuntovi,179.0148,-42.8112
Bathyraja shuntovi,174.9935,-44.5818
Bathyraja shuntovi,167.0033,-38.56
Bathyraja shuntovi,178.9005,-44.2978
Bathyraja shuntovi,172.4117,-48.6007
Bathyraja shuntovi,173.9107,-43.393
Bathyraja shuntovi,-179.3233,-44.4633
Bathyraja shuntovi,177.7927,-39.8473
Bathyraja shuntovi,-175.2583,-42.8717
Bathyraja shuntovi,-178.1287,-44.4453
Bathyraja shuntovi,175.1272,-42.768
Bathyraja shuntovi,178.4917,-42.7783
Bathyraja shuntovi,179.0807,-37.7815
Bathyraja shuntovi,-179.35,-42.7
Bathyraja shuntovi,167.1767,-38.6383
Bathyraja shuntovi,-174.68,-44
Bathyraja shuntovi,173.8452,-42.7518
Bathyraja shuntovi,178.4183,-39.4167
Bathyraja shuntovi,-176.8767,-42.7783
Bathyraja shuntovi,168.895,-43.4517
Bathyraja shuntovi,179.8425,-42.8313
Bathyraja shuntovi,-175.295,-42.88
Bathyraja shuntovi,179.5395,-42.7978
Bathyraja shuntovi,165.6468,-46.9107
Bathyraja shuntovi,170.097,-47.306
Bathyraja shuntovi,-174.3408,-43.0872
Bathyraja shuntovi,178.0125,-44.4325
Bathyraja shuntovi,-174.82,-44.1
Bathyraja shuntovi,-177.9252,-44.5738
Bathyraja shuntovi,-178.9167,-42.7483
Bathyraja shuntovi,-178.6017,-44.5817
Bathyraja shuntovi,-175.3517,-42.91
Bathyraja shuntovi,-176.6383,-42.745
Bathyraja shuntovi,-178.66,-44.68
Bathyraja shuntovi,-176.4417,-44.7317
Bathyraja shuntovi,-177.1367,-42.81
Bathyraja shuntovi,179.9617,-44.3
Bathyraja shuntovi,170.0995,-47.3045
Bathyraja shuntovi,-174.7783,-42.9977
Bathyraja shuntovi,174.8662,-44.6185
Bathyraja shuntovi,174.41,-42.3
Bathyraja shuntovi,179.7667,-44.4383
Bathyraja shuntovi,168.0342,-50.2377
Bathyraja shuntovi,177.0102,-42.8778
Bathyraja shuntovi,167.8517,-43.1683
Bathyraja shuntovi,170.06,-48.62
Bathyraja shuntovi,168.65,-49.12
Bathyraja shuntovi,174.3948,-44.5405
Bathyraja shuntovi,-178.4055,-44.5193
Bathyraja shuntovi,170.009,-48.7963
Bathyraja shuntovi,-175.0783,-42.8733
Bathyraja shuntovi,174.7552,-45.2255
Bathyraja shuntovi,-175.6467,-42.795
Bathyraja shuntovi,169.316,-37.5
Bathyraja shuntovi,175.4908,-44.8437
Bathyraja shuntovi,164.95,-36.23333
Bathyraja shuntovi,178.3933,-39.3768
Bathyraja shuntovi,-175.2512,-44.5585
Bathyraja shuntovi,173.9853,-42.4715
Bathyraja shuntovi,173.6903,-48.5375
Bathyraja shuntovi,-178.59,-44.53
Bathyraja shuntovi,170.0973,-47.3053
Bathyraja shuntovi,173.7075,-48.5752
Bathyraja shuntovi,-175.956,-42.7313
Bathyraja shuntovi,178.2015,-42.765333
Bathyraja shuntovi,174.48,-45.16
Bathyraja shuntovi,174.3003,-42.9058
Bathyraja shuntovi,179.28,-42.8217
Bathyraja shuntovi,-177.8492,-44.5303
Bathyraja shuntovi,170.7378,-53.6058
Bathyraja shuntovi,177.1233,-42.745
Bathyraja shuntovi,178.834667,-42.773
Bathyraja shuntovi,176.4688,-41.2452
Bathyraja shuntovi,-174.8522,-44.3597
Bathyraja shuntovi,172.8352,-44.7478
Bathyraja shuntovi,176.95,-40.85
Bathyraja shuntovi,169.71667,-37.65
Bathyraja shuntovi,169.233,-37.55
Bathyraja shuntovi,-176.9622,-42.804
Bathyraja shuntovi,-178.1407,-44.5128
Bathyraja shuntovi,-178.7177,-44.4505
Bathyraja shuntovi,-176.16,-44.71
Bathyraja shuntovi,-175.8033,-44.6737
Bathyraja shuntovi,179.5968,-44.3815
Bathyraja shuntovi,170.9455,-48.5807
Bathyraja shuntovi,173.8317,-42.5535
Bathyraja shuntovi,174.253,-42.954
Bathyraja shuntovi,-177.3383,-42.81
Bathyraja shuntovi,174.56,-42.92
Bathyraja shuntovi,-175.7102,-44.6128
Bathyraja shuntovi,-176.5867,-42.815
Bathyraja shuntovi,169.6962,-42.2432
Bathyraja shuntovi,-177.3617,-42.8517
Bathyraja shuntovi,173.5517,-44.67
Bathyraja shuntovi,-176.7753,-42.829
Bathyraja shuntovi,-178.04,-44.42
Bathyraja shuntovi,-175.7692,-42.9052
Bathyraja shuntovi,177.7633,-40.0833
Bathyraja shuntovi,173.4933,-44.6283
Bathyraja shuntovi,179.0733,-37.8008
Bathyraja shuntovi,-179.57,-44.66
Bathyraja shuntovi,168.901,-43.4465
Bathyraja shuntovi,179.9138,-42.811
Bathyraja shuntovi,172.376,-48.6912
Bathyraja shuntovi,179.76,-42.7763
Bathyraja shuntovi,172.4317,-38.5383
Bathyraja shuntovi,167.95,-40.05
Bathyraja shuntovi,179.5635,-42.8305
Bathyraja shuntovi,179.4073,-37.5492
Bathyraja shuntovi,-179.3817,-44.48
Bathyraja shuntovi,-179.1867,-44.4967
Bathyraja shuntovi,173.0753,-44.7947
Bathyraja shuntovi,-176.5262,-44.7208
Bathyraja shuntovi,171.5508,-45.4243
Bathyraja shuntovi,177.4685,-40.0288
Bathyraja shuntovi,-174.1217,-43.5383
Bathyraja shuntovi,173.755,-51.2277
Bathyraja shuntovi,173.0183,-44.7467
Bathyraja shuntovi,173.81,-44.71
Bathyraja shuntovi,175.7683,-42.6517
Bathyraja shuntovi,173.81,-44.6567
Bathyraja shuntovi,173.7082,-50.4597
Bathyraja shuntovi,-177.8,-42.79
Bathyraja shuntovi,174.59,-42.91
Bathyraja shuntovi,179.68,-42.81
Bathyraja shuntovi,177.0477,-42.664
Bathyraja shuntovi,-176.6767,-42.6997
Bathyraja shuntovi,-177.8988,-44.6188
Bathyraja shuntovi,177.975,-42.7083
Bathyraja shuntovi,-176.8115,-42.7333
Bathyraja shuntovi,-177.2917,-42.8533
Bathyraja shuntovi,-176.82,-44.79
Bathyraja shuntovi,171.7378,-48.6345
Bathyraja shuntovi,174.0648,-51.3327
Bathyraja shuntovi,168.8035,-47.8935
Bathyraja shuntovi,-174.858,-42.9593
Bathyraja shuntovi,178.365,-39.4267
Bathyraja shuntovi,169.31667,-37.5
Bathyraja shuntovi,173.83,-42.74
Bathyraja shuntovi,176.9707,-40.8287
Bathyraja shuntovi,-179.84,-42.75
Bathyraja shuntovi,178.5345,-38.933
Bathyraja shuntovi,174.849667,-42.922833
Bathyraja shuntovi,-177.0132,-42.7827
Bathyraja shuntovi,174.8552,-41.4933
Bathyraja shuntovi,169.9318,-47.9825
Bathyraja shuntovi,-179.0972,-42.6968
Bathyraja shuntovi,170.9688,-46.3732
Bathyraja shuntovi,178.57,-44.2143
Bathyraja shuntovi,-176.9102,-44.7458
Bathyraja shuntovi,167.4978,-49.6755
Bathyraja shuntovi,-177.1003,-42.8017
Bathyraja shuntovi,-175.8083,-42.7833
Bathyraja shuntovi,-176.687,-42.7805
Bathyraja shuntovi,167.946,-49.0172
Bathyraja shuntovi,-175.9033,-42.8167
