species,decimalLongitude,decimalLatitude
Bathygadus antrodes,141.51111111111112,36.958333333333336
Bathygadus antrodes,137.958333,34.072222
Bathygadus antrodes,138.4302778,34.81333333
Bathygadus antrodes,139.8327778,34.205
Bathygadus antrodes,138.665,34.75666667
Bathygadus antrodes,117.650001526,20.7399997711
Bathygadus antrodes,139.329167,35.1125
Bathygadus antrodes,123.209999084,15
Bathygadus antrodes,133.6416667,33.01666667
Bathygadus antrodes,137.3630556,34.22833333
Bathygadus antrodes,120.019996643,22.2900009155
Bathygadus antrodes,138.43027777777777,34.81333333333333
Bathygadus antrodes,132.1361111111111,31.85
Bathygadus antrodes,139.2003,35.0206
Bathygadus antrodes,135.566667,33.391667
Bathygadus antrodes,139.38805555555555,35.015
Bathygadus antrodes,132.1361111,31.85
Bathygadus antrodes,120.099998474,22.2700004578
Bathygadus antrodes,122.290000916,24.9500007629
Bathygadus antrodes,123.230003357,14.5600004196
Bathygadus antrodes,131.86944444444444,31.886666666666667
Bathygadus antrodes,139.132294,35.147292
Bathygadus antrodes,130.9775,29.99833333
Bathygadus antrodes,139.3880556,35.015
Bathygadus antrodes,141.5505556,36.81
Bathygadus antrodes,121.120002747,22.3400001526
Bathygadus antrodes,130.14166666666665,28.673333333333336
Bathygadus antrodes,131.8694444,31.88666667
Bathygadus antrodes,141.5111111,36.95833333
Bathygadus antrodes,120.029998779,22.2199993134
Bathygadus antrodes,141.68333333333334,36.83166666666667
Bathygadus antrodes,138.665,34.75666666666667
Bathygadus antrodes,137.36305555555555,34.22833333333333
Bathygadus antrodes,129.685,28.04166667
Bathygadus antrodes,130.1416667,28.67333333
Bathygadus antrodes,133.64166666666665,33.016666666666666
Bathygadus antrodes,120.11000061,22.3700008392
Bathygadus antrodes,130.9775,29.998333333333335
Bathygadus antrodes,139.83277777777778,34.205000000000005
Bathygadus antrodes,121.900001526,24.9400005341
Bathygadus antrodes,142.3772222,40.34666667
Bathygadus antrodes,129.685,28.041666666666668
Bathygadus antrodes,141.6833333,36.83166667
Bathygadus antrodes,135.57,33.3917
Bathygadus antrodes,121.059997559,22.1399993896
Bathygadus antrodes,142.37722222222223,40.34666666666667
