species,decimalLongitude,decimalLatitude
Bathophilus flemingi,-121.61772,35.86776
Bathophilus flemingi,-123.0427,37.6568
Bathophilus flemingi,-121.692497253,34.4458312988
Bathophilus flemingi,-123.7173,38.4747
Bathophilus flemingi,-131.95,39.6833
Bathophilus flemingi,-125.115,44.653333
Bathophilus flemingi,-125.663333,43.216667
Bathophilus flemingi,-119.616667,33.716667
Bathophilus flemingi,-130.9833333,37.05
Bathophilus flemingi,-146.9833333,44.6544444
Bathophilus flemingi,-121.2183333,33.7216667
Bathophilus flemingi,-122.5833333,31.7166667
Bathophilus flemingi,-124.5,38
Bathophilus flemingi,-125.258333,44.62
Bathophilus flemingi,-161.0333333,44.5166667
Bathophilus flemingi,-161.05,41.7166667
Bathophilus flemingi,-134.7166667,48.05
Bathophilus flemingi,-141.8833333,39.5833333
Bathophilus flemingi,-121.885002136,34.4949989319
Bathophilus flemingi,-117.5583333,32.4483333
Bathophilus flemingi,-140.2666667,32.8833333
Bathophilus flemingi,-127.916667,44.65
Bathophilus flemingi,-130.100006104,48.2000007629
Bathophilus flemingi,-139.199996948,49
Bathophilus flemingi,-123.1348,37.2713
Bathophilus flemingi,-119.503,30.9558
Bathophilus flemingi,-119.011667,33.42
Bathophilus flemingi,-120.96,34.93
Bathophilus flemingi,-122.0368,36.5927
Bathophilus flemingi,-124.096656799,27.9899997711
Bathophilus flemingi,-124.9,45.6
Bathophilus flemingi,-123.2083,37.655
Bathophilus flemingi,-130.366668701,28.3333339691
Bathophilus flemingi,-158.0166667,42.0166667
Bathophilus flemingi,-118.457374,33.170981
Bathophilus flemingi,-121.8857,35.7087
Bathophilus flemingi,-123.021667,37.445
Bathophilus flemingi,-127.7383333,32.4266667
Bathophilus flemingi,-125.245,44.655
Bathophilus flemingi,-122.9833,37.2767
Bathophilus flemingi,-118.3333333,33.2833333
Bathophilus flemingi,-120.9333333,33.8333333
Bathophilus flemingi,-121.2,33
Bathophilus flemingi,-124.4183,39.8322
Bathophilus flemingi,-123.2057,37.657
Bathophilus flemingi,-123.2666667,33.2183333
Bathophilus flemingi,-130.0833333,48.25
Bathophilus flemingi,-118.71914,33.38177
Bathophilus flemingi,-122.1867,36.5943
Bathophilus flemingi,-124.5,34.9000015259
Bathophilus flemingi,118,32
Bathophilus flemingi,-167.95,40.3667
Bathophilus flemingi,-127.7433333,32.4133333
Bathophilus flemingi,-118.351186,33.545992
Bathophilus flemingi,-121.8166667,33.9666667
Bathophilus flemingi,-125.1552,40.5
Bathophilus flemingi,-124.2833333,33.3333333
Bathophilus flemingi,-127.7433333,32.4433333
Bathophilus flemingi,-141.9166667,40.4666667
Bathophilus flemingi,-126.9833333,35.7833333
Bathophilus flemingi,-127.391667,44.658333
Bathophilus flemingi,-124.865,43.346667
Bathophilus flemingi,-124.09,38.4777
Bathophilus flemingi,-127.9333333,38.0166667
Bathophilus flemingi,-133.579,53.938333
Bathophilus flemingi,-119.1333333,30.4916667
Bathophilus flemingi,-117.013,28.583
Bathophilus flemingi,-125.481667,44.841667
Bathophilus flemingi,-117.3955556,32.8825
Bathophilus flemingi,-124.9303,40.4993
Bathophilus flemingi,-128.23,44.65
Bathophilus flemingi,-121.1533333,34.9783333
Bathophilus flemingi,-121.0333333,32.6583333
Bathophilus flemingi,-122.033333,36.7
Bathophilus flemingi,-141.183333,36.566667
Bathophilus flemingi,-130.392,51.3633
Bathophilus flemingi,-123.2158,37.6527
Bathophilus flemingi,-146.4,47.5333333
Bathophilus flemingi,-121.222222,35.413333
Bathophilus flemingi,121,34
Bathophilus flemingi,-124.33,39.1333
Bathophilus flemingi,-134.955,44.805
Bathophilus flemingi,-121.8622,35.7065
Bathophilus flemingi,-117.5833333,32.8283333
Bathophilus flemingi,-145,50
Bathophilus flemingi,-121.3473969,35.4295006
Bathophilus flemingi,-139.9833333,34.0666667
Bathophilus flemingi,-124.0132,39.138
Bathophilus flemingi,-130.53,49.96
Bathophilus flemingi,-124.097,38.4788
Bathophilus flemingi,-138.448333,38.566667
Bathophilus flemingi,-123.75,37
Bathophilus flemingi,-124.324,39.1412
Bathophilus flemingi,-127.7416667,32.4433333
Bathophilus flemingi,-124.5963,39.1382
Bathophilus flemingi,-121.6816667,33.4383333
Bathophilus flemingi,-117,28.6000003815
Bathophilus flemingi,-124.1333333,31.8666667
Bathophilus flemingi,-133.2333333,49.9002778
Bathophilus flemingi,-84.9616667,8.2833333
Bathophilus flemingi,-123.5097,37.8907
Bathophilus flemingi,-123.7193,38.4733
Bathophilus flemingi,-123.2343,38.4655
Bathophilus flemingi,-119.4866667,32.1166667
Bathophilus flemingi,-121.129173279,31.8291664124
Bathophilus flemingi,-124.0785,38.477
Bathophilus flemingi,-127.7383333,32.4233333
Bathophilus flemingi,-130.367,28.3333
Bathophilus flemingi,-125.276667,44.628333
Bathophilus flemingi,-125.025,36.9917
Bathophilus flemingi,-122.243333,36.396667
Bathophilus flemingi,-125.106667,44.653333
Bathophilus flemingi,-134.699996948,48
Bathophilus flemingi,-123.3907,38.4783
Bathophilus flemingi,-125.0833333,31.4666667
Bathophilus flemingi,-133.137833,53.300333
Bathophilus flemingi,-122.19,36.58
Bathophilus flemingi,-118.0816667,32.5483333
Bathophilus flemingi,-121.129,31.8292
Bathophilus flemingi,-125.2666667,29.7016667
Bathophilus flemingi,-121.4516667,33.4383333
Bathophilus flemingi,-135.315,40.833333
Bathophilus flemingi,-161.0333333,43.8
Bathophilus flemingi,-133.4466667,32.9466667
Bathophilus flemingi,-122.7402,36.9877
Bathophilus flemingi,-133.098,53.183333
Bathophilus flemingi,-117.8833333,31.8166667
Bathophilus flemingi,-125.9166667,38.9666667
Bathophilus flemingi,-117.5898,32.9192
Bathophilus flemingi,-126.337,48.7535
Bathophilus flemingi,-126.2583333,29.0833333
Bathophilus flemingi,-132.3333333,44.0166667
Bathophilus flemingi,-117.7443,33.0125
Bathophilus flemingi,-126.043333,44.693333
Bathophilus flemingi,-127.7416667,32.4183333
Bathophilus flemingi,-124.0512,38.4522
Bathophilus flemingi,-117.4966667,32.5016667
Bathophilus flemingi,-135.023333,39.525
Bathophilus flemingi,-117.0183333,32.2316667
Bathophilus flemingi,-138.2333333,49.9833333
Bathophilus flemingi,-122.195,36.5763
Bathophilus flemingi,-123.7168,38.462
Bathophilus flemingi,-125.333333,44.566667
Bathophilus flemingi,-124.6898,41.5
Bathophilus flemingi,-125.805,44.63
Bathophilus flemingi,-118.826667,32.968333
Bathophilus flemingi,-134.6666667,48.05
Bathophilus flemingi,-121.692,34.4458
Bathophilus flemingi,-127.1833333,34.7666667
Bathophilus flemingi,-120.63,34.425
Bathophilus flemingi,-125.8633333,35.4333333
Bathophilus flemingi,-126.99,43.995
Bathophilus flemingi,-119.1416667,33.1166667
Bathophilus flemingi,-122.23,36.436667
Bathophilus flemingi,-133.2,51.35
Bathophilus flemingi,-118.6166667,29.0166667
Bathophilus flemingi,-122.59,36.9733
Bathophilus flemingi,-121.933333,36.776667
Bathophilus flemingi,-122.7748,36.996
Bathophilus flemingi,-123.295,37.8617
Bathophilus flemingi,-139.18333,47.96667
Bathophilus flemingi,-118.1652,32.7167
Bathophilus flemingi,-121.7123,35.7063
Bathophilus flemingi,-118.7833333,33.3666667
Bathophilus flemingi,-121.7057,35.707
Bathophilus flemingi,-124.3315,39.1385
Bathophilus flemingi,-123.9666667,30.3666667
Bathophilus flemingi,-133.500333,53.890333
Bathophilus flemingi,-121.768,34.5617
Bathophilus flemingi,-119.503326416,30.9558334351
Bathophilus flemingi,-122.580001831,36.7729988098
Bathophilus flemingi,-125.336667,44.631667
Bathophilus flemingi,-123.2166667,34.1333333
Bathophilus flemingi,-125.8416667,40.5283333
Bathophilus flemingi,-124.0983,38.4735
Bathophilus flemingi,-125.025001526,36.9916687012
Bathophilus flemingi,-119.033333333333,33
Bathophilus flemingi,-122.7833333,32.5166667
Bathophilus flemingi,-123.083333333333,36
Bathophilus flemingi,-123.2033,37.6517
Bathophilus flemingi,-118.157,32.721
Bathophilus flemingi,-145.167,42.6667
Bathophilus flemingi,-119.1666667,33.1333333
Bathophilus flemingi,-121.768333435,34.561668396
Bathophilus flemingi,-118.7766667,31.3116667
Bathophilus flemingi,-123.1443,37.277
