species,decimalLongitude,decimalLatitude
Bathytoshia brevicaudata,150.67,-35.03
Bathytoshia brevicaudata,150.7,-35.07
Bathytoshia brevicaudata,150.7,-35.1
Bathytoshia brevicaudata,150.75,-35.13
Bathytoshia brevicaudata,150.54,-35.24
Bathytoshia brevicaudata,150.54,-35.22
Bathytoshia brevicaudata,150.54,-35.25
Bathytoshia brevicaudata,150.77,-35.11
Bathytoshia brevicaudata,150.68,-35.04
Bathytoshia brevicaudata,150.53,-35.23
Bathytoshia brevicaudata,150.77,-35.09
Bathytoshia brevicaudata,150.68,-35.05
Bathytoshia brevicaudata,150.73,-35
Bathytoshia brevicaudata,150.76,-35.12
Bathytoshia brevicaudata,150.53,-35.24
Bathytoshia brevicaudata,150.7,-35.09
Bathytoshia brevicaudata,150.69,-35.09
Bathytoshia brevicaudata,150.75,-35.12
Bathytoshia brevicaudata,150.67,-35.02
Bathytoshia brevicaudata,130.43403,-33.03403
Bathytoshia brevicaudata,147.5165,-42.80183
Bathytoshia brevicaudata,150.69,-35.08
Bathytoshia brevicaudata,150.54,-35.23
Bathytoshia brevicaudata,115.01327,-33.50205
Bathytoshia brevicaudata,130.01722,-31.72513
Bathytoshia brevicaudata,150.73,-35.13
Bathytoshia brevicaudata,150.55,-35.21
Bathytoshia brevicaudata,150.68,-35.07
Bathytoshia brevicaudata,150.77,-35.1
Bathytoshia brevicaudata,150.71,-35.12
Bathytoshia brevicaudata,114.91122,-34.11597
Bathytoshia brevicaudata,150.52,-35.27
Bathytoshia brevicaudata,150.71,-35.01
Bathytoshia brevicaudata,128.20111,-33.25194
Bathytoshia brevicaudata,125.51667,-32.81666
Bathytoshia brevicaudata,127.76778,-33.15847
Bathytoshia brevicaudata,147.98,-42.67
Bathytoshia brevicaudata,133.30823,-32.51767
Bathytoshia brevicaudata,115.13322,-31.48163
Bathytoshia brevicaudata,147.5,-42.8
Bathytoshia brevicaudata,127.48348,-33.22555
Bathytoshia brevicaudata,150.05299,-36.5847
Bathytoshia brevicaudata,115.0293,-33.4958
Bathytoshia brevicaudata,114.95853,-30.35333
Bathytoshia brevicaudata,125.90986,-33.37639
Bathytoshia brevicaudata,115.28752,-31.39008
Bathytoshia brevicaudata,147.50467,-42.796
Bathytoshia brevicaudata,131.45889,-32.35
Bathytoshia brevicaudata,127.96737,-33.2668
Bathytoshia brevicaudata,126.66695,-33.23361
Bathytoshia brevicaudata,126.60945,-33.20167
Bathytoshia brevicaudata,121.97117,-33.89183
Bathytoshia brevicaudata,115.396,-32.0585
Bathytoshia brevicaudata,129.83444,-33.20041
Bathytoshia brevicaudata,119.67182,-34.27938
Bathytoshia brevicaudata,126.1,-33.26861
Bathytoshia brevicaudata,115.01644,-33.51951
Bathytoshia brevicaudata,115.393,-31.7426
Bathytoshia brevicaudata,117.86667,-35
Bathytoshia brevicaudata,150.53,-35.26
Bathytoshia brevicaudata,119.63153,-34.18875
Bathytoshia brevicaudata,115.423,-32.0526
Bathytoshia brevicaudata,147.519,-42.80383
Bathytoshia brevicaudata,115.3621,-32.0603
Bathytoshia brevicaudata,112.89236,-24.71777
Bathytoshia brevicaudata,114.96044,-33.71215
Bathytoshia brevicaudata,115.48022,-31.423
Bathytoshia brevicaudata,124.131,-33.85017
Bathytoshia brevicaudata,147.51467,-42.798
Bathytoshia brevicaudata,114.99575,-33.49202
Bathytoshia brevicaudata,130.04278,-31.93403
Bathytoshia brevicaudata,144.4,-38.106
Bathytoshia brevicaudata,150.4,-35.7
Bathytoshia brevicaudata,128.14236,-33.25166
Bathytoshia brevicaudata,147.99,-42.67
Bathytoshia brevicaudata,150.77,-35.01
Bathytoshia brevicaudata,130.65917,-32.73417
Bathytoshia brevicaudata,147.5,-42.81
Bathytoshia brevicaudata,152.95,-31.4
Bathytoshia brevicaudata,114.87894,-34.12635
Bathytoshia brevicaudata,144.707,-38.2742
Bathytoshia brevicaudata,128.09306,-33.27569
Bathytoshia brevicaudata,130.58472,-32.58472
Bathytoshia brevicaudata,152.233,-32.983
Bathytoshia brevicaudata,151.733,-33.05
Bathytoshia brevicaudata,128.29167,-33.28416
Bathytoshia brevicaudata,119.63532,-34.16397
Bathytoshia brevicaudata,127.83,-32.8983
Bathytoshia brevicaudata,114.92093,-30.3474
Bathytoshia brevicaudata,145.41014,-40.24236
Bathytoshia brevicaudata,144.76233,-38.17617
Bathytoshia brevicaudata,115.00965,-33.49014
Bathytoshia brevicaudata,150.617,-35.217
Bathytoshia brevicaudata,116.30862,-35.03225
Bathytoshia brevicaudata,147.6,-42.9
Bathytoshia brevicaudata,133.73431,-34.01069
Bathytoshia brevicaudata,144.625,-38.28
Bathytoshia brevicaudata,147.831,-43.02433
Bathytoshia brevicaudata,131.47653,-32.75069
Bathytoshia brevicaudata,148.34775,-40.98914
Bathytoshia brevicaudata,125.5257,-33.49208
Bathytoshia brevicaudata,129.67653,-33.02528
Bathytoshia brevicaudata,150.033,-36.7
Bathytoshia brevicaudata,151.25,-34.2
Bathytoshia brevicaudata,114.96233,-30.33752
Bathytoshia brevicaudata,114.96203,-30.33082
Bathytoshia brevicaudata,126.1,-33.26875
Bathytoshia brevicaudata,153.667,-29.783
Bathytoshia brevicaudata,150.05,-36.633
Bathytoshia brevicaudata,150.77,-35.08
Bathytoshia brevicaudata,147.49983,-42.809
Bathytoshia brevicaudata,147.589,-42.81917
Bathytoshia brevicaudata,151.917,-33.083
Bathytoshia brevicaudata,124.48334,-33.18333
Bathytoshia brevicaudata,147.495,-42.80717
Bathytoshia brevicaudata,152.067,-32.917
Bathytoshia brevicaudata,147.49633,-42.81017
Bathytoshia brevicaudata,115.3935,-31.9847
Bathytoshia brevicaudata,151.317,-34.067
Bathytoshia brevicaudata,151.067,-34.85
Bathytoshia brevicaudata,115.4362,-32.0422
Bathytoshia brevicaudata,147.5195,-42.80767
Bathytoshia brevicaudata,127.70097,-33.32514
Bathytoshia brevicaudata,115.50155,-31.98468
Bathytoshia brevicaudata,114.6447,-30.21253
Bathytoshia brevicaudata,147.48683,-42.805
Bathytoshia brevicaudata,129.27639,-33.35167
Bathytoshia brevicaudata,114.76736,-34.57611
Bathytoshia brevicaudata,147.50233,-42.797
Bathytoshia brevicaudata,129.30931,-33.1093
Bathytoshia brevicaudata,123.36753,-34.03673
Bathytoshia brevicaudata,114.67808,-30.20145
Bathytoshia brevicaudata,128.63417,-33.19222
Bathytoshia brevicaudata,118.20302,-34.95037
Bathytoshia brevicaudata,130.20945,-31.82611
Bathytoshia brevicaudata,114.65625,-30.2239
Bathytoshia brevicaudata,112.98445,-24.40055
Bathytoshia brevicaudata,115.29667,-31.3458
Bathytoshia brevicaudata,147.48133,-42.8025
Bathytoshia brevicaudata,152.533,-32.117
Bathytoshia brevicaudata,130.25209,-31.85903
Bathytoshia brevicaudata,114.49222,-33.91778
Bathytoshia brevicaudata,147.50633,-42.79717
Bathytoshia brevicaudata,118.17793,-35.07118
Bathytoshia brevicaudata,151.2,-34.3
Bathytoshia brevicaudata,115.0056,-33.4939
Bathytoshia brevicaudata,127.64167,-33.26736
Bathytoshia brevicaudata,145.72037,-40.9435
Bathytoshia brevicaudata,113.175,-24.07569
Bathytoshia brevicaudata,126.15056,-33.30903
Bathytoshia brevicaudata,112.82611,-24.5593
Bathytoshia brevicaudata,149.62925,-38.16866
Bathytoshia brevicaudata,115.50475,-31.47298
Bathytoshia brevicaudata,147.498,-42.798
Bathytoshia brevicaudata,115.2929,-31.40583
Bathytoshia brevicaudata,115.36705,-31.63302
Bathytoshia brevicaudata,115.15512,-31.51633
Bathytoshia brevicaudata,132.24264,-32.75125
Bathytoshia brevicaudata,147.51867,-42.809
Bathytoshia brevicaudata,126.32667,-33.19208
Bathytoshia brevicaudata,125.025,-32.90833
Bathytoshia brevicaudata,147.48733,-42.806
Bathytoshia brevicaudata,151.233,-34.167
Bathytoshia brevicaudata,115.30783,-31.9045
Bathytoshia brevicaudata,149.89666,-37.61916
Bathytoshia brevicaudata,145.01183,-38.03567
Bathytoshia brevicaudata,115.18267,-31.51277
Bathytoshia brevicaudata,153.633,-29.85
Bathytoshia brevicaudata,113.1507,-24.54236
Bathytoshia brevicaudata,150.383,-35.733
Bathytoshia brevicaudata,151.617,-33.333
Bathytoshia brevicaudata,152,-33.3
Bathytoshia brevicaudata,127.10944,-33.23375
Bathytoshia brevicaudata,114.98169,-33.6612
Bathytoshia brevicaudata,115.4779,-31.989
Bathytoshia brevicaudata,147.52067,-42.80683
Bathytoshia brevicaudata,151.2,-34.383
Bathytoshia brevicaudata,147.5025,-42.8055
Bathytoshia brevicaudata,147.51967,-42.80167
Bathytoshia brevicaudata,151.233,-33.833
Bathytoshia brevicaudata,118.26663,-34.93878
Bathytoshia brevicaudata,115.1344,-33.5454
Bathytoshia brevicaudata,128.05972,-33.26736
Bathytoshia brevicaudata,128.43417,-33.31847
Bathytoshia brevicaudata,126.58431,-33.24305
Bathytoshia brevicaudata,127.4757,-32.99166
Bathytoshia brevicaudata,130.35833,-32.1525
Bathytoshia brevicaudata,147.521,-42.80467
Bathytoshia brevicaudata,147.5205,-42.80167
Bathytoshia brevicaudata,137.1583,-35.8278
Bathytoshia brevicaudata,129.5175,-33.45097
Bathytoshia brevicaudata,125.66681,-33.69264
Bathytoshia brevicaudata,114.85331,-34.08387
Bathytoshia brevicaudata,115.36155,-31.72732
Bathytoshia brevicaudata,147.333,-43.75
Bathytoshia brevicaudata,134.27968,-33.94999
Bathytoshia brevicaudata,128.10236,-33.25056
Bathytoshia brevicaudata,124.525,-33.5
Bathytoshia brevicaudata,147.51817,-42.7945
Bathytoshia brevicaudata,128.42667,-33.26806
Bathytoshia brevicaudata,144.774,-38.3568
Bathytoshia brevicaudata,114.9639,-33.6776
Bathytoshia brevicaudata,114.9703,-33.71836
Bathytoshia brevicaudata,145.53636,-40.8905
Bathytoshia brevicaudata,115.3983,-31.9803
Bathytoshia brevicaudata,116.42777,-35.00068
Bathytoshia brevicaudata,128.05987,-32.39194
Bathytoshia brevicaudata,150.867,-34.85
Bathytoshia brevicaudata,115.00401,-33.50996
Bathytoshia brevicaudata,152.3,-32.9
Bathytoshia brevicaudata,114.81713,-30.33575
Bathytoshia brevicaudata,118.20417,-34.948
Bathytoshia brevicaudata,114.81547,-30.32708
Bathytoshia brevicaudata,134.05,-34.31833
Bathytoshia brevicaudata,115.42063,-32.02938
Bathytoshia brevicaudata,126.33403,-33.2093
Bathytoshia brevicaudata,128.14278,-33.285
Bathytoshia brevicaudata,127.77542,-32.83458
Bathytoshia brevicaudata,149.274,-37.804
Bathytoshia brevicaudata,114.64738,-30.2288
Bathytoshia brevicaudata,151.157,-34.0702
Bathytoshia brevicaudata,144.745,-38.01917
Bathytoshia brevicaudata,149.94,-36.91
Bathytoshia brevicaudata,115.49845,-31.45861
Bathytoshia brevicaudata,115.49,-31.44098
Bathytoshia brevicaudata,114.9899,-33.6621
Bathytoshia brevicaudata,114.9633,-33.69
Bathytoshia brevicaudata,128.1757,-33.3175
Bathytoshia brevicaudata,150.083,-37.3
Bathytoshia brevicaudata,128.74306,-33.35028
Bathytoshia brevicaudata,151.517,-33.817
Bathytoshia brevicaudata,150.633,-35.217
Bathytoshia brevicaudata,115.4116,-31.74885
Bathytoshia brevicaudata,114.96952,-30.33827
Bathytoshia brevicaudata,128.55028,-33.30861
Bathytoshia brevicaudata,114.95738,-30.34537
Bathytoshia brevicaudata,149.215,-38.015
Bathytoshia brevicaudata,147.48783,-42.80533
Bathytoshia brevicaudata,115.00548,-33.49959
Bathytoshia brevicaudata,147.50617,-42.80867
Bathytoshia brevicaudata,129.47653,-33.31917
Bathytoshia brevicaudata,125.575,-33.17569
Bathytoshia brevicaudata,148.333,-39.95
Bathytoshia brevicaudata,130.75139,-33.20903
Bathytoshia brevicaudata,150.005,-37.425
Bathytoshia brevicaudata,114.67592,-30.19307
Bathytoshia brevicaudata,149.0725,-37.8325
Bathytoshia brevicaudata,148.0519,-42.58626
Bathytoshia brevicaudata,114.99979,-33.50361
Bathytoshia brevicaudata,152.783,-32.3
Bathytoshia brevicaudata,116.36835,-34.97688
Bathytoshia brevicaudata,151.255,-33.84
Bathytoshia brevicaudata,144.90533,-38.20167
Bathytoshia brevicaudata,115.252998352,-32.1913986206
Bathytoshia brevicaudata,127.66764,-33.20903
Bathytoshia brevicaudata,126.37625,-33.21764
Bathytoshia brevicaudata,152.6,-32.167
Bathytoshia brevicaudata,114.8452,-30.33647
Bathytoshia brevicaudata,144.801,-38.307
Bathytoshia brevicaudata,150.317,-37.233
Bathytoshia brevicaudata,125.83486,-33.33528
Bathytoshia brevicaudata,147.24985,-43.63775
Bathytoshia brevicaudata,128.92681,-32.38472
Bathytoshia brevicaudata,124.53334,-33.03333
Bathytoshia brevicaudata,129.28487,-33.03389
Bathytoshia brevicaudata,152.217,-32.983
Bathytoshia brevicaudata,126.8507,-33.235
Bathytoshia brevicaudata,147.51017,-42.806
Bathytoshia brevicaudata,130.05084,-33.20139
Bathytoshia brevicaudata,115.01764,-33.50457
Bathytoshia brevicaudata,118.29093,-34.97965
Bathytoshia brevicaudata,121.9,-33.866
Bathytoshia brevicaudata,130.08334,-33
Bathytoshia brevicaudata,150.77,-35.07
Bathytoshia brevicaudata,113.93983,-28.85508
Bathytoshia brevicaudata,151.95,-33.1
Bathytoshia brevicaudata,118.16378,-35.03357
Bathytoshia brevicaudata,151,-34.867
Bathytoshia brevicaudata,148.08483,-42.10467
Bathytoshia brevicaudata,121.99787,-33.95923
Bathytoshia brevicaudata,115.00623,-33.50427
Bathytoshia brevicaudata,152,-33.033
Bathytoshia brevicaudata,147.506,-42.80833
Bathytoshia brevicaudata,150.74,-35.06
Bathytoshia brevicaudata,147.75317,-43.0035
Bathytoshia brevicaudata,145.84673,-43.30415
Bathytoshia brevicaudata,125.025,-33.36667
Bathytoshia brevicaudata,144.56417,-38.11167
Bathytoshia brevicaudata,115.00587,-33.49505
Bathytoshia brevicaudata,133.28634,-32.55123
Bathytoshia brevicaudata,127.01667,-32.40833
Bathytoshia brevicaudata,144.90183,-37.97333
Bathytoshia brevicaudata,145.00333,-38.25417
Bathytoshia brevicaudata,115.43165,-32.03358
Bathytoshia brevicaudata,112.95083,-26.95013
Bathytoshia brevicaudata,115.0151,-33.4927
Bathytoshia brevicaudata,152.017,-33.033
Bathytoshia brevicaudata,119.59098,-34.18688
Bathytoshia brevicaudata,151.967,-33.067
Bathytoshia brevicaudata,151.333,-33.8
Bathytoshia brevicaudata,150.77,-35.05
Bathytoshia brevicaudata,144.196,-38.416
Bathytoshia brevicaudata,144.7825,-38.1755
Bathytoshia brevicaudata,148.40088,-41.70076
Bathytoshia brevicaudata,114.9951,-33.5265
Bathytoshia brevicaudata,114.9085,-33.6694
Bathytoshia brevicaudata,128.10111,-33.36028
Bathytoshia brevicaudata,129.15223,-33.25958
Bathytoshia brevicaudata,113.04306,-23.70916
Bathytoshia brevicaudata,147.55333,-42.80967
Bathytoshia brevicaudata,147.5695,-42.81767
Bathytoshia brevicaudata,148.62,-41.27
Bathytoshia brevicaudata,126.14292,-33.29305
Bathytoshia brevicaudata,144.98367,-38.25033
Bathytoshia brevicaudata,115.52083,-31.6185
Bathytoshia brevicaudata,147.49683,-42.79917
Bathytoshia brevicaudata,152.433,-32.667
Bathytoshia brevicaudata,128.41875,-33.34305
Bathytoshia brevicaudata,147.74583,-43.01
Bathytoshia brevicaudata,148.13,-37.9417
Bathytoshia brevicaudata,115.39882,-32.05642
Bathytoshia brevicaudata,114.9113,-33.6602
Bathytoshia brevicaudata,115.42445,-32.02983
Bathytoshia brevicaudata,150.76,-35
Bathytoshia brevicaudata,151.983,-32.917
Bathytoshia brevicaudata,147.5025,-42.80367
Bathytoshia brevicaudata,147.494,-42.80867
Bathytoshia brevicaudata,115.439,-32.0349
Bathytoshia brevicaudata,128.18347,-33.28333
Bathytoshia brevicaudata,152.25,-32.983
Bathytoshia brevicaudata,150.85,-34.85
Bathytoshia brevicaudata,115.4249,-32.0197
Bathytoshia brevicaudata,147.80917,-43.0395
Bathytoshia brevicaudata,151.297,-33.8005
Bathytoshia brevicaudata,144.79467,-38.05833
Bathytoshia brevicaudata,114.95065,-30.34315
Bathytoshia brevicaudata,150.3,-37.3
Bathytoshia brevicaudata,115.3479,-31.991
Bathytoshia brevicaudata,128.08431,-33.10069
Bathytoshia brevicaudata,125.825,-32.7
Bathytoshia brevicaudata,128.34278,-33.28361
Bathytoshia brevicaudata,145.33431,-40.55097
Bathytoshia brevicaudata,123.39028,-34.04055
Bathytoshia brevicaudata,115.4496,-32.0314
Bathytoshia brevicaudata,151.383,-34.033
Bathytoshia brevicaudata,130.58472,-32.60069
Bathytoshia brevicaudata,115.2028,-33.6076
Bathytoshia brevicaudata,128.27639,-33.25917
Bathytoshia brevicaudata,139.74387,-37.13192
Bathytoshia brevicaudata,147.496,-42.8045
Bathytoshia brevicaudata,147.4845,-42.8055
Bathytoshia brevicaudata,115.26283,-31.54183
Bathytoshia brevicaudata,115.01429,-33.50425
Bathytoshia brevicaudata,134.39195,-34.28361
Bathytoshia brevicaudata,115.0053,-33.5189
Bathytoshia brevicaudata,147.50817,-42.79367
Bathytoshia brevicaudata,150.125,-36.2075
Bathytoshia brevicaudata,127.83,-32.89833
Bathytoshia brevicaudata,127.875,-33.25069
Bathytoshia brevicaudata,152.933,-32.35
Bathytoshia brevicaudata,115.403,-31.9783
Bathytoshia brevicaudata,150.883,-34.867
Bathytoshia brevicaudata,150.75,-34.99
Bathytoshia brevicaudata,115.0042,-33.5076
Bathytoshia brevicaudata,114.78933,-34.10723
Bathytoshia brevicaudata,113.8784,-28.84647
Bathytoshia brevicaudata,147.507,-42.79783
Bathytoshia brevicaudata,129.97584,-33.35014
Bathytoshia brevicaudata,151.933,-33.117
Bathytoshia brevicaudata,153.667,-28.4
Bathytoshia brevicaudata,150.2,-36.26
Bathytoshia brevicaudata,115.300003052,-31.8666992188
Bathytoshia brevicaudata,114.96382,-30.34228
Bathytoshia brevicaudata,128.35083,-33.26736
Bathytoshia brevicaudata,123.35587,-34.0279
Bathytoshia brevicaudata,151.183,-34.367
Bathytoshia brevicaudata,120.18333,-17.7
Bathytoshia brevicaudata,152.45432,-32.58415
Bathytoshia brevicaudata,129.52639,-33.4168
Bathytoshia brevicaudata,130.35,-32.5
Bathytoshia brevicaudata,114.9971,-33.50219
Bathytoshia brevicaudata,128.32584,-32.11764
Bathytoshia brevicaudata,148.81,-40.52
Bathytoshia brevicaudata,147.49567,-42.80983
Bathytoshia brevicaudata,112.73486,-26.20125
Bathytoshia brevicaudata,152.7,-32.383
Bathytoshia brevicaudata,115.01984,-33.50225
Bathytoshia brevicaudata,146.461,-38.7053
Bathytoshia brevicaudata,114.99777,-33.52298
Bathytoshia brevicaudata,133.6257,-32.69166
Bathytoshia brevicaudata,127.46806,-33.25069
Bathytoshia brevicaudata,144.92867,-38.07433
Bathytoshia brevicaudata,147.4955,-42.80983
Bathytoshia brevicaudata,115.4949,-32.025
Bathytoshia brevicaudata,147.5235,-42.80467
Bathytoshia brevicaudata,115.4129,-32.0481
Bathytoshia brevicaudata,128.8432,-32.90069
Bathytoshia brevicaudata,151.183,-34.35
Bathytoshia brevicaudata,119.61082,-34.17748
Bathytoshia brevicaudata,151.4,-33.667
Bathytoshia brevicaudata,150.133,-36.567
Bathytoshia brevicaudata,130.21848,-33.28361
Bathytoshia brevicaudata,131.36862,-32.09278
Bathytoshia brevicaudata,147.78733,-43.0165
Bathytoshia brevicaudata,114.99389,-33.51405
Bathytoshia brevicaudata,115.3756,-32.0496
Bathytoshia brevicaudata,145.654,-38.679
Bathytoshia brevicaudata,114.9958,-33.5292
Bathytoshia brevicaudata,128.46667,-33.26667
Bathytoshia brevicaudata,116.42943,-34.99842
Bathytoshia brevicaudata,128.0182,-33.23333
Bathytoshia brevicaudata,147.50167,-42.80317
Bathytoshia brevicaudata,126.74403,-33.21
Bathytoshia brevicaudata,115.38478,-31.9903
Bathytoshia brevicaudata,133.3675,-33.31791
Bathytoshia brevicaudata,115.40375,-32.04372
Bathytoshia brevicaudata,115.4673,-31.9897
Bathytoshia brevicaudata,115.4266,-32.0477
Bathytoshia brevicaudata,114.93767,-30.32835
Bathytoshia brevicaudata,134.8507,-34.0925
Bathytoshia brevicaudata,128.99167,-32.975
Bathytoshia brevicaudata,138.48,-35.15
Bathytoshia brevicaudata,118.0757,-19.18347
Bathytoshia brevicaudata,128.74264,-33.30889
Bathytoshia brevicaudata,114.975,-33.5695
Bathytoshia brevicaudata,115.253,-32.1914
Bathytoshia brevicaudata,144.755,-38.0365
Bathytoshia brevicaudata,115.15,-34.316
Bathytoshia brevicaudata,116.26523,-35.09158
Bathytoshia brevicaudata,123.27522,-34.08735
Bathytoshia brevicaudata,125.62597,-33.6375
Bathytoshia brevicaudata,126.90945,-33.20166
Bathytoshia brevicaudata,127.15,-32.79167
Bathytoshia brevicaudata,115.45417,-31.98205
Bathytoshia brevicaudata,151.217,-34.267
Bathytoshia brevicaudata,129.78445,-32.32653
Bathytoshia brevicaudata,150.917,-34.917
Bathytoshia brevicaudata,128.00181,-33.45013
Bathytoshia brevicaudata,150.683,-35.217
Bathytoshia brevicaudata,128.20959,-33.31791
Bathytoshia brevicaudata,126.15056,-32.96667
Bathytoshia brevicaudata,115.4575,-32.0332
Bathytoshia brevicaudata,115.19233,-31.53237
Bathytoshia brevicaudata,145.029,-38.4758
Bathytoshia brevicaudata,114.9522,-33.6929
Bathytoshia brevicaudata,123.12588,-33.97243
Bathytoshia brevicaudata,115.00969,-33.50801
Bathytoshia brevicaudata,115.0033,-33.5132
Bathytoshia brevicaudata,130.56667,-32.65
Bathytoshia brevicaudata,122.03093,-34.03978
Bathytoshia brevicaudata,114.79218,-30.36212
Bathytoshia brevicaudata,114.84855,-34.11789
Bathytoshia brevicaudata,147.52267,-42.80583
Bathytoshia brevicaudata,131.24167,-33.47611
Bathytoshia brevicaudata,147.53883,-42.817
Bathytoshia brevicaudata,147.50617,-42.794
Bathytoshia brevicaudata,127.50903,-32.88333
Bathytoshia brevicaudata,133.79167,-33.75125
Bathytoshia brevicaudata,144.9935,-38.24667
Bathytoshia brevicaudata,123.4095,-34.02832
Bathytoshia brevicaudata,145.61792,-40.27736
Bathytoshia brevicaudata,115.28503,-31.35605
Bathytoshia brevicaudata,150.033,-36.95
Bathytoshia brevicaudata,144.793,-38.05833
Bathytoshia brevicaudata,151.55,-33.85
Bathytoshia brevicaudata,151.266,-33.85
Bathytoshia brevicaudata,126.19167,-33.33333
Bathytoshia brevicaudata,126.2175,-32.85903
Bathytoshia brevicaudata,128.5432,-33.25972
Bathytoshia brevicaudata,151.933,-32.933
Bathytoshia brevicaudata,150.3,-37.317
Bathytoshia brevicaudata,114.92836,-34.1102
Bathytoshia brevicaudata,129.96695,-33.33333
Bathytoshia brevicaudata,144.9075,-38.20167
Bathytoshia brevicaudata,114.9954,-33.533
Bathytoshia brevicaudata,125.41833,-32.90056
Bathytoshia brevicaudata,147.5165,-42.8055
Bathytoshia brevicaudata,144.9072,-38.3506
Bathytoshia brevicaudata,115.3229,-31.9946
Bathytoshia brevicaudata,150.067,-36.617
Bathytoshia brevicaudata,129.27583,-33.43416
Bathytoshia brevicaudata,150.15,-36.26
Bathytoshia brevicaudata,114.65955,-30.24797
Bathytoshia brevicaudata,150.417,-35.667
Bathytoshia brevicaudata,115.4958,-31.45507
Bathytoshia brevicaudata,127.95112,-33.26694
Bathytoshia brevicaudata,147.47833,-42.80183
Bathytoshia brevicaudata,115.29697,-31.58007
Bathytoshia brevicaudata,114.9726,-33.6662
Bathytoshia brevicaudata,114.95463,-30.35092
Bathytoshia brevicaudata,114.83884,-34.09036
Bathytoshia brevicaudata,126.8675,-33.22597
Bathytoshia brevicaudata,146.75,-41.08332
Bathytoshia brevicaudata,147.47144,-43.04491
Bathytoshia brevicaudata,114.92038,-30.328
Bathytoshia brevicaudata,114.96275,-30.34617
Bathytoshia brevicaudata,151.2,-34.367
Bathytoshia brevicaudata,113.95148,-28.8277
Bathytoshia brevicaudata,114.94221,-33.6924
Bathytoshia brevicaudata,150.7,-35.217
Bathytoshia brevicaudata,149.19334,-38.01166
Bathytoshia brevicaudata,129.1007,-33.25958
Bathytoshia brevicaudata,115.2476,-33.5915
Bathytoshia brevicaudata,115.01774,-33.5104
Bathytoshia brevicaudata,145.688,-38.66
Bathytoshia brevicaudata,128.03362,-33.17625
Bathytoshia brevicaudata,148.18133,-42.09683
Bathytoshia brevicaudata,114.9498,-30.33237
Bathytoshia brevicaudata,113.93413,-28.68228
Bathytoshia brevicaudata,115.10795,-31.46315
Bathytoshia brevicaudata,147.52033,-42.797
Bathytoshia brevicaudata,151.9,-33.133
Bathytoshia brevicaudata,132.80862,-32.40902
Bathytoshia brevicaudata,131.08361,-33.10833
Bathytoshia brevicaudata,145.01167,-38.03817
Bathytoshia brevicaudata,136.98547,-34.9199
Bathytoshia brevicaudata,152.7,-32.333
Bathytoshia brevicaudata,114.89225,-30.3539
Bathytoshia brevicaudata,115.01269,-33.51202
Bathytoshia brevicaudata,133.32629,-32.50117
Bathytoshia brevicaudata,118.21275,-34.95838
Bathytoshia brevicaudata,150.129,-36.2093
Bathytoshia brevicaudata,152,-32.883
Bathytoshia brevicaudata,128.25903,-33.28472
Bathytoshia brevicaudata,126.85195,-33
Bathytoshia brevicaudata,148.78,-40.51
Bathytoshia brevicaudata,128.53334,-33.33333
Bathytoshia brevicaudata,152.25,-32.967
Bathytoshia brevicaudata,126.47611,-33.26667
Bathytoshia brevicaudata,130.86667,-33.325
Bathytoshia brevicaudata,115.00312,-33.49493
Bathytoshia brevicaudata,115.00605,-33.4973
Bathytoshia brevicaudata,114.98262,-33.67112
Bathytoshia brevicaudata,148.6,-41.22
Bathytoshia brevicaudata,115.4626,-31.978
Bathytoshia brevicaudata,150.03333,-37.01667
Bathytoshia brevicaudata,128.01722,-33.26694
Bathytoshia brevicaudata,115.4659,-31.9778
Bathytoshia brevicaudata,150.3,-36.283
Bathytoshia brevicaudata,147.4925,-42.806
Bathytoshia brevicaudata,115.27973,-31.3305
Bathytoshia brevicaudata,123.20793,-34.02927
Bathytoshia brevicaudata,123.36302,-33.95222
Bathytoshia brevicaudata,128.49167,-32.4
Bathytoshia brevicaudata,115.30783,-31.90449
Bathytoshia brevicaudata,114.89056,-34.09862
Bathytoshia brevicaudata,147.55999,-43.18799
Bathytoshia brevicaudata,115.488,-31.9869
Bathytoshia brevicaudata,129.26722,-33.31055
Bathytoshia brevicaudata,147.684,-42.92517
Bathytoshia brevicaudata,129.95042,-33.2768
Bathytoshia brevicaudata,129.3,-32.10833
Bathytoshia brevicaudata,119.66313,-34.18713
Bathytoshia brevicaudata,115.4099,-32.0565
Bathytoshia brevicaudata,151.417,-33.667
Bathytoshia brevicaudata,121.98665,-33.96675
Bathytoshia brevicaudata,115.0889,-33.5265
Bathytoshia brevicaudata,149.917,-37.083
Bathytoshia brevicaudata,125.92667,-32.90111
Bathytoshia brevicaudata,115.35872,-31.72548
Bathytoshia brevicaudata,130.05959,-33.16694
Bathytoshia brevicaudata,125.74292,-32.73347
Bathytoshia brevicaudata,143.68,-38.76
Bathytoshia brevicaudata,115.5175,-32.0271
Bathytoshia brevicaudata,126.76834,-33.22611
Bathytoshia brevicaudata,147.51317,-42.80183
Bathytoshia brevicaudata,147.51233,-42.791
Bathytoshia brevicaudata,151.55,-33.633
Bathytoshia brevicaudata,151.6,-33.283
Bathytoshia brevicaudata,115.00676,-33.50682
Bathytoshia brevicaudata,115.02377,-33.50124
Bathytoshia brevicaudata,151.767,-33.117
Bathytoshia brevicaudata,114.77666,-34.09739
Bathytoshia brevicaudata,115.0054,-33.502
Bathytoshia brevicaudata,127.18334,-33.06667
Bathytoshia brevicaudata,114.95723,-30.3384
Bathytoshia brevicaudata,147.52,-42.8
Bathytoshia brevicaudata,133.56681,-33.075
Bathytoshia brevicaudata,145.621,-38.676
Bathytoshia brevicaudata,123.12013,-33.97178
Bathytoshia brevicaudata,116.41047,-34.98518
Bathytoshia brevicaudata,115.14058,-31.49103
Bathytoshia brevicaudata,114.9636,-30.33475
Bathytoshia brevicaudata,126.2,-32.73444
Bathytoshia brevicaudata,115.01337,-33.50904
Bathytoshia brevicaudata,144.90833,-37.9285
Bathytoshia brevicaudata,115.43877,-31.35965
Bathytoshia brevicaudata,126.325,-32.69402
Bathytoshia brevicaudata,113.9283,-28.84308
Bathytoshia brevicaudata,129.99237,-33.33333
Bathytoshia brevicaudata,152.317,-32.917
Bathytoshia brevicaudata,127.97723,-33.28389
Bathytoshia brevicaudata,150.283,-37.367
Bathytoshia brevicaudata,125.54264,-33.40055
Bathytoshia brevicaudata,150.4,-35.717
Bathytoshia brevicaudata,114.93967,-30.31993
Bathytoshia brevicaudata,115.38995,-32.06012
Bathytoshia brevicaudata,128.20861,-33.27542
Bathytoshia brevicaudata,131.41667,-32.30833
Bathytoshia brevicaudata,115.00953,-33.50555
Bathytoshia brevicaudata,116.41245,-35.00433
Bathytoshia brevicaudata,150.317,-37.217
Bathytoshia brevicaudata,148.57,-41.55
Bathytoshia brevicaudata,152.017,-32.883
Bathytoshia brevicaudata,115.16253,-31.50785
Bathytoshia brevicaudata,118.20333,-34.95497
Bathytoshia brevicaudata,115.4317,-32.0336
Bathytoshia brevicaudata,114.89798,-30.33642
Bathytoshia brevicaudata,148.15217,-42.07283
Bathytoshia brevicaudata,152.333,-32.733
Bathytoshia brevicaudata,130.71667,-31.93333
Bathytoshia brevicaudata,114.99995,-33.49367
Bathytoshia brevicaudata,124.3675,-33.4343
Bathytoshia brevicaudata,126.39278,-33.24375
Bathytoshia brevicaudata,152.609,-32.2046
Bathytoshia brevicaudata,148.18383,-41.14525
Bathytoshia brevicaudata,119.581,-34.21815
Bathytoshia brevicaudata,125.025,-34.09236
Bathytoshia brevicaudata,136.9833,-34.92432
Bathytoshia brevicaudata,115.5159,-31.9891
Bathytoshia brevicaudata,115.37633,-31.47078
Bathytoshia brevicaudata,114.67907,-30.21375
Bathytoshia brevicaudata,114.93887,-33.89869
Bathytoshia brevicaudata,150.767,-35.5
Bathytoshia brevicaudata,153,-31.667
Bathytoshia brevicaudata,138.5,-35.83
Bathytoshia brevicaudata,115.0066,-33.4972
Bathytoshia brevicaudata,148.04628,-42.6025
Bathytoshia brevicaudata,115.4082,-32.01945
Bathytoshia brevicaudata,115.3,-31.8667
Bathytoshia brevicaudata,115.02509,-33.52137
Bathytoshia brevicaudata,126.6507,-32.73333
Bathytoshia brevicaudata,150.383,-36.133
Bathytoshia brevicaudata,122.01915,-34.03638
Bathytoshia brevicaudata,144.87317,-38.03667
Bathytoshia brevicaudata,114.96452,-33.71996
Bathytoshia brevicaudata,151.617,-33.783
Bathytoshia brevicaudata,114.88902,-30.32817
Bathytoshia brevicaudata,152.283,-32.917
Bathytoshia brevicaudata,115.45323,-31.97657
Bathytoshia brevicaudata,153.083,-31.417
Bathytoshia brevicaudata,150.45,-35.633
Bathytoshia brevicaudata,132.81667,-34.03403
Bathytoshia brevicaudata,131.15972,-32.35903
Bathytoshia brevicaudata,114.9167,-33.6801
Bathytoshia brevicaudata,115.38207,-31.74063
Bathytoshia brevicaudata,132.17597,-33.23458
Bathytoshia brevicaudata,147.52317,-42.80533
Bathytoshia brevicaudata,151.8,-33.3
Bathytoshia brevicaudata,114.64597,-30.21702
Bathytoshia brevicaudata,115.39205,-31.99063
Bathytoshia brevicaudata,115.41158,-32.04073
Bathytoshia brevicaudata,144.9,-37.97
Bathytoshia brevicaudata,133.31191,-32.52035
Bathytoshia brevicaudata,145.14222,-40.55138
Bathytoshia brevicaudata,125.33389,-33.08375
Bathytoshia brevicaudata,116.28323,-35.08857
Bathytoshia brevicaudata,126.25834,-32.76666
Bathytoshia brevicaudata,118.23033,-34.93678
Bathytoshia brevicaudata,114.86927,-30.32947
Bathytoshia brevicaudata,127.93334,-32.40847
Bathytoshia brevicaudata,150.2,-36.433
Bathytoshia brevicaudata,147.51683,-42.8055
Bathytoshia brevicaudata,147.49533,-42.8045
Bathytoshia brevicaudata,119.63567,-34.17887
Bathytoshia brevicaudata,147.55,-43.2
Bathytoshia brevicaudata,151.333,-34.083
Bathytoshia brevicaudata,113.89347,-28.82582
Bathytoshia brevicaudata,148.07733,-42.1135
Bathytoshia brevicaudata,151.767,-33.017
Bathytoshia brevicaudata,146.77625,-40.26833
Bathytoshia brevicaudata,149.11334,-38.03833
Bathytoshia brevicaudata,115.5212,-32.0302
Bathytoshia brevicaudata,151.233,-34.2
Bathytoshia brevicaudata,115.42002,-32.04027
Bathytoshia brevicaudata,115.41823,-31.97632
Bathytoshia brevicaudata,151.025,-34.50833
Bathytoshia brevicaudata,150.666,-35.05
Bathytoshia brevicaudata,115.18809,-33.5818
Bathytoshia brevicaudata,116.70889,-19.70166
Bathytoshia brevicaudata,132.50125,-32.39194
Bathytoshia brevicaudata,115.01875,-33.49205
Bathytoshia brevicaudata,115.4684,-31.9818
Bathytoshia brevicaudata,114.67485,-30.19722
Bathytoshia brevicaudata,152.85,-31.917
Bathytoshia brevicaudata,126.38431,-33.22611
Bathytoshia brevicaudata,131.50111,-32.06666
Bathytoshia brevicaudata,152,-33.067
Bathytoshia brevicaudata,119.70568,-34.2859
Bathytoshia brevicaudata,129.6,-32.1
Bathytoshia brevicaudata,127.25042,-33.11764
Bathytoshia brevicaudata,151.933,-33.1
Bathytoshia brevicaudata,152.3,-32.95
Bathytoshia brevicaudata,144.82201,-38.3688
Bathytoshia brevicaudata,115.113,-33.5396
Bathytoshia brevicaudata,130.28389,-31.94347
Bathytoshia brevicaudata,131.30111,-31.87583
Bathytoshia brevicaudata,115.5323,-32.0315
Bathytoshia brevicaudata,126.43334,-33.2593
Bathytoshia brevicaudata,150.19,-36.26
Bathytoshia brevicaudata,128.34319,-33.26861
Bathytoshia brevicaudata,115.0835,-33.5469
Bathytoshia brevicaudata,128.20903,-33.2675
Bathytoshia brevicaudata,151.567,-33.417
Bathytoshia brevicaudata,119.60503,-34.23445
Bathytoshia brevicaudata,116.3972,-34.99112
Bathytoshia brevicaudata,115.02743,-33.5104
Bathytoshia brevicaudata,116.30462,-35.08077
Bathytoshia brevicaudata,112.81778,-26.24291
Bathytoshia brevicaudata,115.00897,-33.49653
Bathytoshia brevicaudata,149.13,-37.75
Bathytoshia brevicaudata,133.41736,-32.93361
Bathytoshia brevicaudata,128.13403,-33.26861
Bathytoshia brevicaudata,115.00333,-33.50497
Bathytoshia brevicaudata,130.85,-33.35
Bathytoshia brevicaudata,134.85889,-35.33444
Bathytoshia brevicaudata,150.72,-35
Bathytoshia brevicaudata,114.9952,-33.4842
Bathytoshia brevicaudata,145,-39.10875
Bathytoshia brevicaudata,129.48472,-31.95
Bathytoshia brevicaudata,144.87083,-38.05
Bathytoshia brevicaudata,114.9668,-33.6818
Bathytoshia brevicaudata,147.5095,-42.79617
Bathytoshia brevicaudata,117.20028,-35.33402
Bathytoshia brevicaudata,115.5,-32
Bathytoshia brevicaudata,115.0031,-33.5154
Bathytoshia brevicaudata,126.41792,-33.20111
Bathytoshia brevicaudata,138.268,-35.1375
Bathytoshia brevicaudata,114.88905,-30.35077
Bathytoshia brevicaudata,114.65232,-30.24803
Bathytoshia brevicaudata,133.06736,-33.72569
Bathytoshia brevicaudata,147.74567,-42.96567
Bathytoshia brevicaudata,125.99361,-33.32639
Bathytoshia brevicaudata,115.29765,-31.41852
Bathytoshia brevicaudata,152.717,-32.3
Bathytoshia brevicaudata,128.22514,-33.26861
Bathytoshia brevicaudata,115.111,-33.5372
Bathytoshia brevicaudata,150.3,-37.217
Bathytoshia brevicaudata,150.8,-34.85
Bathytoshia brevicaudata,114.89822,-30.36212
Bathytoshia brevicaudata,150.417,-35.683
Bathytoshia brevicaudata,114.89373,-30.33812
Bathytoshia brevicaudata,125.16667,-33.01791
Bathytoshia brevicaudata,150.417,-35.7
Bathytoshia brevicaudata,126.03333,-33.25069
Bathytoshia brevicaudata,115.58363,-31.65403
Bathytoshia brevicaudata,115.4279,-32.0526
Bathytoshia brevicaudata,148.26477,-42.15631
Bathytoshia brevicaudata,115.1076,-31.4294
Bathytoshia brevicaudata,144.92833,-38.08567
Bathytoshia brevicaudata,150.05,-37.383
Bathytoshia brevicaudata,152.317,-32.733
Bathytoshia brevicaudata,124.56667,-33.48333
Bathytoshia brevicaudata,115.51097,-31.49167
Bathytoshia brevicaudata,115.5295,-32.0325
Bathytoshia brevicaudata,126.2932,-33.16694
Bathytoshia brevicaudata,124.48334,-33.16667
Bathytoshia brevicaudata,114.92982,-30.36333
Bathytoshia brevicaudata,122.02958,-33.99405
Bathytoshia brevicaudata,148.55,-40.45
Bathytoshia brevicaudata,150.333,-37.233
Bathytoshia brevicaudata,147.97,-42.67
Bathytoshia brevicaudata,115.41485,-32.01817
Bathytoshia brevicaudata,147.52633,-42.80817
Bathytoshia brevicaudata,115.00677,-33.49193
Bathytoshia brevicaudata,151.567,-33.667
Bathytoshia brevicaudata,151.867,-33.283
Bathytoshia brevicaudata,114.93022,-30.32
Bathytoshia brevicaudata,151.817,-32.883
Bathytoshia brevicaudata,147.505,-42.80617
Bathytoshia brevicaudata,126.25167,-33.24278
Bathytoshia brevicaudata,115.00361,-33.49257
Bathytoshia brevicaudata,126.63458,-33.21778
Bathytoshia brevicaudata,115.15,-34.28333
Bathytoshia brevicaudata,115.5935,-31.90967
Bathytoshia brevicaudata,115.23765,-31.63082
Bathytoshia brevicaudata,115.01667,-20.43333
Bathytoshia brevicaudata,126.64195,-33.275
Bathytoshia brevicaudata,149.85833,-37.58166
Bathytoshia brevicaudata,126.68459,-33.18528
Bathytoshia brevicaudata,119.62055,-34.17157
Bathytoshia brevicaudata,149.923,-36.8935
Bathytoshia brevicaudata,115.5025,-31.9794
Bathytoshia brevicaudata,128.48334,-32.875
Bathytoshia brevicaudata,114.99755,-33.49917
Bathytoshia brevicaudata,115.29912,-31.42931
Bathytoshia brevicaudata,114.95327,-30.33775
Bathytoshia brevicaudata,147.52033,-42.79517
Bathytoshia brevicaudata,150.667,-35.2
Bathytoshia brevicaudata,118.23438,-35.02028
Bathytoshia brevicaudata,151.617,-33.817
Bathytoshia brevicaudata,144.656,-38.304
Bathytoshia brevicaudata,151.6,-33.367
Bathytoshia brevicaudata,115.48803,-31.98693
Bathytoshia brevicaudata,150.10392,-36.36467
Bathytoshia brevicaudata,114.98316,-33.66195
Bathytoshia brevicaudata,115.36093,-31.46317
Bathytoshia brevicaudata,122.63693,-33.98553
Bathytoshia brevicaudata,114.7189,-34.1037
Bathytoshia brevicaudata,151.067,-34.9
Bathytoshia brevicaudata,150.1,-36.833
Bathytoshia brevicaudata,152.756836,-33.054223
Bathytoshia brevicaudata,116.30703,-35.10043
Bathytoshia brevicaudata,115.50918,-31.97188
Bathytoshia brevicaudata,128.00959,-33.29291
Bathytoshia brevicaudata,150.3,-36.3
Bathytoshia brevicaudata,150.77,-35
Bathytoshia brevicaudata,115.443,-31.9742
Bathytoshia brevicaudata,147.49433,-42.80683
Bathytoshia brevicaudata,126.7007,-33.35097
Bathytoshia brevicaudata,150.133,-36.767
Bathytoshia brevicaudata,148.0032,-42.50664
Bathytoshia brevicaudata,128.44278,-33.28361
Bathytoshia brevicaudata,115.00898,-33.49368
Bathytoshia brevicaudata,114.93222,-30.32362
Bathytoshia brevicaudata,114.66432,-30.20632
Bathytoshia brevicaudata,125.79264,-33.56833
Bathytoshia brevicaudata,115.5194,-32.0309
Bathytoshia brevicaudata,129.98528,-33.03486
Bathytoshia brevicaudata,152.60241,-32.45552
Bathytoshia brevicaudata,114.99339,-33.66036
Bathytoshia brevicaudata,116.48334,-35.27528
Bathytoshia brevicaudata,128.83431,-33.26833
Bathytoshia brevicaudata,147.4945,-42.80817
Bathytoshia brevicaudata,130.30139,-32.68375
Bathytoshia brevicaudata,115.01944,-33.49763
Bathytoshia brevicaudata,114.9786,-33.5504
Bathytoshia brevicaudata,131.22597,-33.43375
Bathytoshia brevicaudata,130.15959,-31.91805
Bathytoshia brevicaudata,129.25875,-33.31736
Bathytoshia brevicaudata,115.3614,-31.9845
Bathytoshia brevicaudata,114.87887,-33.98619
Bathytoshia brevicaudata,125.4,-33.53333
Bathytoshia brevicaudata,127.67737,-33.2018
Bathytoshia brevicaudata,116.34533,-35.05832
Bathytoshia brevicaudata,114.9469,-30.33508
Bathytoshia brevicaudata,129.50847,-31.9343
Bathytoshia brevicaudata,147.35875,-40.65069
Bathytoshia brevicaudata,128.54278,-33.18361
Bathytoshia brevicaudata,114.0207,-28.76178
Bathytoshia brevicaudata,151.15,-34.367
Bathytoshia brevicaudata,126.97583,-33.30208
Bathytoshia brevicaudata,114.94805,-30.34128
Bathytoshia brevicaudata,115.45302,-31.38625
Bathytoshia brevicaudata,126.55875,-32.99389
Bathytoshia brevicaudata,148.29073,-42.14191
Bathytoshia brevicaudata,115.39827,-31.98028
Bathytoshia brevicaudata,127.89292,-33.26708
Bathytoshia brevicaudata,113.9315,-28.842
Bathytoshia brevicaudata,114.68247,-30.19688
Bathytoshia brevicaudata,116.38328,-35.0066
Bathytoshia brevicaudata,128.49167,-32.40833
Bathytoshia brevicaudata,125.94167,-33.44166
Bathytoshia brevicaudata,125.70945,-33.13389
Bathytoshia brevicaudata,147.550003052,-43.2000007629
Bathytoshia brevicaudata,118.26345,-34.93913
Bathytoshia brevicaudata,149.98399,-36.7372
Bathytoshia brevicaudata,150.15,-36.6
Bathytoshia brevicaudata,130.03459,-33.27541
Bathytoshia brevicaudata,125.30833,-33.21708
Bathytoshia brevicaudata,126.96806,-33.3168
Bathytoshia brevicaudata,118.20908,-34.94505
Bathytoshia brevicaudata,115.4935,-31.9827
Bathytoshia brevicaudata,126.03472,-33.23514
Bathytoshia brevicaudata,115.29433,-31.69332
Bathytoshia brevicaudata,151.2,-34.083
Bathytoshia brevicaudata,118.21167,-35.0212
Bathytoshia brevicaudata,149.07418,-37.835
Bathytoshia brevicaudata,150.35,-37.3
Bathytoshia brevicaudata,121.24167,-18.05
Bathytoshia brevicaudata,114.95738,-30.34235
Bathytoshia brevicaudata,129.45084,-33.45194
Bathytoshia brevicaudata,150.633,-35.2
Bathytoshia brevicaudata,152.05,-32.867
Bathytoshia brevicaudata,128.95,-33.34236
Bathytoshia brevicaudata,115.37585,-32.06048
Bathytoshia brevicaudata,129.67542,-32.66666
Bathytoshia brevicaudata,128.28431,-33.2843
Bathytoshia brevicaudata,115.4598,-31.99
Bathytoshia brevicaudata,150.0333,-37.0166
Bathytoshia brevicaudata,119.00903,-34.95902
Bathytoshia brevicaudata,131.45833,-33.10986
Bathytoshia brevicaudata,119.56322,-34.20397
Bathytoshia brevicaudata,150.317,-37.3
Bathytoshia brevicaudata,131.41667,-32.3
Bathytoshia brevicaudata,115.37198,-31.73673
Bathytoshia brevicaudata,153.8,-28.05
Bathytoshia brevicaudata,123.33338,-34.0237
Bathytoshia brevicaudata,150.067,-37.1
Bathytoshia brevicaudata,115.29865,-31.442
Bathytoshia brevicaudata,127.675,-33.08389
Bathytoshia brevicaudata,138.005,-35.0244
Bathytoshia brevicaudata,115.5246,-32.0321
Bathytoshia brevicaudata,150.78,-35.04
Bathytoshia brevicaudata,130.035,-32.355000000000004
Bathytoshia brevicaudata,150.717,-35.2
Bathytoshia brevicaudata,114.86277,-30.32632
Bathytoshia brevicaudata,152.333,-32.717
Bathytoshia brevicaudata,122.00865,-34.01955
Bathytoshia brevicaudata,131.4,-32.2
Bathytoshia brevicaudata,121.99202,-33.96332
Bathytoshia brevicaudata,123.38477,-34.03703
Bathytoshia brevicaudata,128.6757,-32.18472
Bathytoshia brevicaudata,115.40993,-32.05647
Bathytoshia brevicaudata,115.33325,-31.44117
Bathytoshia brevicaudata,127.61806,-33.34361
Bathytoshia brevicaudata,144.823,-38.3659
Bathytoshia brevicaudata,129.34264,-33.41778
Bathytoshia brevicaudata,118.16637,-35.05155
Bathytoshia brevicaudata,114.93955,-30.32472
Bathytoshia brevicaudata,114.986,-33.668
Bathytoshia brevicaudata,150.3,-36.55
Bathytoshia brevicaudata,150.183,-36.7
Bathytoshia brevicaudata,151.917,-32.933
Bathytoshia brevicaudata,115.40223,-31.74542
Bathytoshia brevicaudata,114.78445,-30.63514
Bathytoshia brevicaudata,115.02095,-33.50905
Bathytoshia brevicaudata,148,-42.66
Bathytoshia brevicaudata,115.4099,-32.0469
Bathytoshia brevicaudata,150.4,-35.733
Bathytoshia brevicaudata,115.355,-31.71603
Bathytoshia brevicaudata,114.95403,-30.3208
Bathytoshia brevicaudata,115.27227,-31.67575
Bathytoshia brevicaudata,147.50467,-42.79333
Bathytoshia brevicaudata,129.20834,-32
Bathytoshia brevicaudata,115.59349,-31.90966
Bathytoshia brevicaudata,126.28445,-33.28347
Bathytoshia brevicaudata,123.32777,-34.03158
Bathytoshia brevicaudata,115.3552,-31.72128
Bathytoshia brevicaudata,115.2363,-33.5697
Bathytoshia brevicaudata,145.661,-38.675
Bathytoshia brevicaudata,147.49,-42.8
Bathytoshia brevicaudata,127.01042,-33.26764
Bathytoshia brevicaudata,150.728,-35.14
Bathytoshia brevicaudata,147.51683,-42.8035
Bathytoshia brevicaudata,147.51533,-42.79283
Bathytoshia brevicaudata,127.95042,-33.15889
Bathytoshia brevicaudata,126.65945,-33.16764
Bathytoshia brevicaudata,118.18903,-34.95643
Bathytoshia brevicaudata,123.1078,-33.99215
Bathytoshia brevicaudata,119.64767,-34.19635
Bathytoshia brevicaudata,148.10759,-42.58321
Bathytoshia brevicaudata,115.38597,-31.43943
Bathytoshia brevicaudata,151.266,-33.9161
Bathytoshia brevicaudata,127.21042,-33.36833
Bathytoshia brevicaudata,128.25959,-33.23514
Bathytoshia brevicaudata,115.00442,-33.49021
Bathytoshia brevicaudata,131.13334,-32.48333
Bathytoshia brevicaudata,113.638598575259,-25.9522459340334
Bathytoshia brevicaudata,115.4214,-32.0572
Bathytoshia brevicaudata,130.5507,-32.2675
Bathytoshia brevicaudata,144.72165,-38.17019
Bathytoshia brevicaudata,115.48145,-31.42553
Bathytoshia brevicaudata,114.9696,-30.35768
Bathytoshia brevicaudata,115.2335,-33.5684
Bathytoshia brevicaudata,147.51833,-42.79683
Bathytoshia brevicaudata,115.2288,-33.5667
Bathytoshia brevicaudata,114.9996,-33.5136
Bathytoshia brevicaudata,114.6555,-30.2467
Bathytoshia brevicaudata,115.4245,-32.0298
Bathytoshia brevicaudata,114.84905,-33.54878
Bathytoshia brevicaudata,118.23115,-34.97622
Bathytoshia brevicaudata,128.61667,-32.23555
Bathytoshia brevicaudata,151.267,-34.117
Bathytoshia brevicaudata,116.3932,-34.99603
Bathytoshia brevicaudata,129.99167,-31.825
Bathytoshia brevicaudata,144.655,-38.275
Bathytoshia brevicaudata,114.84387,-34.06369
Bathytoshia brevicaudata,127.6925,-32.50167
Bathytoshia brevicaudata,146.75098,-40.41722
Bathytoshia brevicaudata,150.033,-36.667
Bathytoshia brevicaudata,147.6,-42.92
Bathytoshia brevicaudata,147.62,-39.97
Bathytoshia brevicaudata,151.233,-34.067
Bathytoshia brevicaudata,115.49485,-31.97917
Bathytoshia brevicaudata,115.36342,-31.45878
Bathytoshia brevicaudata,115.02127,-33.50482
Bathytoshia brevicaudata,150.133,-36.683
Bathytoshia brevicaudata,115.5024,-31.9878
Bathytoshia brevicaudata,147.51683,-42.805
Bathytoshia brevicaudata,150.167,-36.6
Bathytoshia brevicaudata,128.24167,-33.26667
Bathytoshia brevicaudata,114.9897,-33.5333
Bathytoshia brevicaudata,118.19747,-34.94412
Bathytoshia brevicaudata,127.83487,-33.27625
Bathytoshia brevicaudata,152.033,-33.183
Bathytoshia brevicaudata,115.5054,-31.9872
Bathytoshia brevicaudata,114.68687,-30.20567
Bathytoshia brevicaudata,150.983,-34.85
Bathytoshia brevicaudata,129.45987,-31.9
Bathytoshia brevicaudata,115.44218,-31.98745
Bathytoshia brevicaudata,150.317,-37.25
Bathytoshia brevicaudata,128.15972,-33.36708
Bathytoshia brevicaudata,130.55834,-33.10055
Bathytoshia brevicaudata,125.73431,-33.52625
Bathytoshia brevicaudata,125.91042,-33.37611
Bathytoshia brevicaudata,144.717,-38.317
Bathytoshia brevicaudata,112.85028,-24.60139
Bathytoshia brevicaudata,139.98984,-37.5442
Bathytoshia brevicaudata,116.33992,-35.00165
Bathytoshia brevicaudata,115.39,-32.0601
Bathytoshia brevicaudata,114.94262,-33.69665
Bathytoshia brevicaudata,129.40167,-33.45069
Bathytoshia brevicaudata,147.56,-43.188
Bathytoshia brevicaudata,133.15,-33.08333
Bathytoshia brevicaudata,126.16722,-33.27597
Bathytoshia brevicaudata,151.433,-33.6
Bathytoshia brevicaudata,114.91285,-30.3364
Bathytoshia brevicaudata,130.21667,-31.95
Bathytoshia brevicaudata,150.15,-36.667
Bathytoshia brevicaudata,115.5104,-31.9839
Bathytoshia brevicaudata,151.233,-32.75
Bathytoshia brevicaudata,115.02343,-33.52152
Bathytoshia brevicaudata,115.01797,-33.50721
Bathytoshia brevicaudata,151.833,-32.867
Bathytoshia brevicaudata,150.26083,-36.495
Bathytoshia brevicaudata,152.517,-32.133
Bathytoshia brevicaudata,128.36875,-33.26806
Bathytoshia brevicaudata,126.99362,-33.24388
Bathytoshia brevicaudata,115.42433,-32.05867
Bathytoshia brevicaudata,115.0026,-33.49973
Bathytoshia brevicaudata,119.56843,-34.2075
Bathytoshia brevicaudata,144.74533,-38.1755
Bathytoshia brevicaudata,116.28725,-35.04448
Bathytoshia brevicaudata,126.05098,-33.44305
Bathytoshia brevicaudata,115.39747,-32.04852
Bathytoshia brevicaudata,128.72611,-32.64292
Bathytoshia brevicaudata,115.02228,-33.52018
Bathytoshia brevicaudata,115.2961,-31.7081
Bathytoshia brevicaudata,123.36948,-33.96037
Bathytoshia brevicaudata,150.2,-36.683
Bathytoshia brevicaudata,129.025,-32.42569
Bathytoshia brevicaudata,152.817,-31.7
Bathytoshia brevicaudata,114.93492,-30.36088
Bathytoshia brevicaudata,115.3601,-32.054
Bathytoshia brevicaudata,152.283,-32.767
Bathytoshia brevicaudata,125.89236,-32.72611
Bathytoshia brevicaudata,130.58556,-32.00958
