species,decimalLongitude,decimalLatitude
Bathygadus cottoides,150.867,-35.5
Bathygadus cottoides,132.40799,-34.66099
Bathygadus cottoides,114.41667,-34.96667
Bathygadus cottoides,114.48,-32.3175
Bathygadus cottoides,131.738,-34.78695
Bathygadus cottoides,134.109,-35.16745
Bathygadus cottoides,111.90417,-23.9925
Bathygadus cottoides,148.78333,-41.25
Bathygadus cottoides,152.12499,-33.716
Bathygadus cottoides,152.80833,-32.833
Bathygadus cottoides,131.73133,-34.77516
Bathygadus cottoides,151.283,-34.783
Bathygadus cottoides,132.53083,-34.68566
Bathygadus cottoides,152.217,-33.45
Bathygadus cottoides,133.77,-35.12
Bathygadus cottoides,132.67499999999998,-34.848333333333336
Bathygadus cottoides,152.167,-33.533
Bathygadus cottoides,131.73133,-34.77517
Bathygadus cottoides,152.183,-33.5
Bathygadus cottoides,152.12499,-33.60833
Bathygadus cottoides,132.691,-35.3196
Bathygadus cottoides,152.217,-33.467
Bathygadus cottoides,152.817,-32.85
Bathygadus cottoides,132.53083,-34.68567
Bathygadus cottoides,130.6665,-34.5162
Bathygadus cottoides,138.66883,-37.48149
Bathygadus cottoides,138.66883,-37.4815
Bathygadus cottoides,112.865,-20.905
Bathygadus cottoides,132.408,-34.661
Bathygadus cottoides,153.30833,-31.75833
Bathygadus cottoides,151.25,-34.933
Bathygadus cottoides,134.0515,-35.35205
Bathygadus cottoides,132.05,-34.46667
Bathygadus cottoides,114.1975,-33.28083
Bathygadus cottoides,151.25833,-34.77499
Bathygadus cottoides,120.412,-34.67
Bathygadus cottoides,152.8,-32.85
Bathygadus cottoides,138.771,-37.3437
Bathygadus cottoides,153.15,-32.117
Bathygadus cottoides,144.405,-41.8833
Bathygadus cottoides,132.675,-34.84833333
Bathygadus cottoides,152.217,-33.5
Bathygadus cottoides,130.66899,-34.53033
Bathygadus cottoides,130.7043,-33.8022
Bathygadus cottoides,151.217,-34.917
Bathygadus cottoides,131.8525,-34.7234
Bathygadus cottoides,150.917,-35.483
Bathygadus cottoides,153.3,-31.767
Bathygadus cottoides,152.767,-32.933
Bathygadus cottoides,130.669,-34.53033
Bathygadus cottoides,144.42667,-41.88167
Bathygadus cottoides,152.15,-33.55
Bathygadus cottoides,144.405,-41.88333
Bathygadus cottoides,113.215,-20.28583
Bathygadus cottoides,111.4475,-25.84666
Bathygadus cottoides,152.066,-33.52499
Bathygadus cottoides,113.68667,-21.88
Bathygadus cottoides,132.418,-34.65015
Bathygadus cottoides,144.433,-41.783
Bathygadus cottoides,152.75,-32.933
Bathygadus cottoides,131.0565,-34.62215
Bathygadus cottoides,131.45,-33.95
Bathygadus cottoides,151.267,-34.767
Bathygadus cottoides,139.33625,-37.88222
Bathygadus cottoides,132.05,-34.4666
Bathygadus cottoides,130.2495,-34.0827
Bathygadus cottoides,114.46084,-30.65083
Bathygadus cottoides,144.4266,-41.8816
Bathygadus cottoides,127.30583,-33.79166
Bathygadus cottoides,152.8,-32.833
Bathygadus cottoides,152.033,-33.717
Bathygadus cottoides,112.6925,-27.98333
Bathygadus cottoides,144.41,-41.8933
Bathygadus cottoides,112.17667,-27.35583
Bathygadus cottoides,152.22499,-33.45833
Bathygadus cottoides,113.20584,-22.45667
Bathygadus cottoides,152.117,-33.6
Bathygadus cottoides,152.6,-33.05
Bathygadus cottoides,148.783,-41.25
Bathygadus cottoides,114.416,-34.966
Bathygadus cottoides,111.90334,-23.97583
Bathygadus cottoides,152.133,-33.55
Bathygadus cottoides,152.083,-33.633
Bathygadus cottoides,152.05,-33.717
Bathygadus cottoides,144.43333,-41.78333
Bathygadus cottoides,152.216,-33.49166
Bathygadus cottoides,114.44167,-32.56333
Bathygadus cottoides,131.0605,-33.9382
Bathygadus cottoides,144.41,-41.89333
Bathygadus cottoides,113.65667,-21.47583
