species,decimalLongitude,decimalLatitude
Bathyraja griseocauda,-63.200001,-48.450001
Bathyraja griseocauda,-56.8166666666667,-50
Bathyraja griseocauda,-60.966667,-47.216667
Bathyraja griseocauda,-57.516666,-41.516666
Bathyraja griseocauda,-63,-48
Bathyraja griseocauda,-59.466667,-43.400002
Bathyraja griseocauda,-58.316666,-54.033333
Bathyraja griseocauda,-55.1166666666667,-38
Bathyraja griseocauda,-60.083332,-45.466667
Bathyraja griseocauda,-61.049999,-47.383335
Bathyraja griseocauda,-56.1417007446,-61.2999992371
Bathyraja griseocauda,-54.849998,-37.583332
Bathyraja griseocauda,-64,-53
Bathyraja griseocauda,-58.9833333333333,-43.3333333333333
Bathyraja griseocauda,-57.983334,-41
Bathyraja griseocauda,72.2567,-68.4067
Bathyraja griseocauda,-63.25,-44.200001
Bathyraja griseocauda,-57.283333,-41.283333
Bathyraja griseocauda,-60.916668,-49.25
Bathyraja griseocauda,-61.066666,-48.783333
Bathyraja griseocauda,-61.633335,-51.983334
Bathyraja griseocauda,-58.033333,-41.366665
Bathyraja griseocauda,-66.48333,-51.483334
Bathyraja griseocauda,-55.450001,-49.516666
Bathyraja griseocauda,-60.866665,-47.033333
Bathyraja griseocauda,-63.66667,-52.6
Bathyraja griseocauda,-60,-45.099998
Bathyraja griseocauda,-59.900002,-51.783333
Bathyraja griseocauda,-60.6667,-46.8333
Bathyraja griseocauda,-62.200001,-54.25
Bathyraja griseocauda,-57.05,-54.15
Bathyraja griseocauda,-57.549999,-54.216667
Bathyraja griseocauda,-60.983334,-47.25
Bathyraja griseocauda,-68.23333333333333,-54.8
Bathyraja griseocauda,-60.533333,-49.5
Bathyraja griseocauda,-61.099998,-44.716667
Bathyraja griseocauda,-55.450001,-38.983334
Bathyraja griseocauda,-58.033333,-50.033333
Bathyraja griseocauda,-57.9,-50.1666666666667
Bathyraja griseocauda,-61.183334,-48.616665
Bathyraja griseocauda,-57,-51.75
Bathyraja griseocauda,-59.316666,-43.183334
Bathyraja griseocauda,-53.5,-60.7999992371
Bathyraja griseocauda,-59.950001,-49.700001
Bathyraja griseocauda,-57.466667,-40.5
Bathyraja griseocauda,-59.5833,-45.75
Bathyraja griseocauda,-60.700001,-49.283333
Bathyraja griseocauda,-60.466667,-45.5
Bathyraja griseocauda,-59.816666,-43.549999
Bathyraja griseocauda,-55.716667,-39.166668
Bathyraja griseocauda,-70.2,-67.267
Bathyraja griseocauda,-57.950001,-51.299999
Bathyraja griseocauda,-61.133335,-47.683334
Bathyraja griseocauda,-55,-37.8166666666667
Bathyraja griseocauda,-60.950001,-47.133335
Bathyraja griseocauda,-60.766666,-49.083332
Bathyraja griseocauda,-55.966667,-37.983334
Bathyraja griseocauda,-63.85,-53.9333333333333
Bathyraja griseocauda,-58.45417,-52.4875
Bathyraja griseocauda,-61.400002,-52.233334
Bathyraja griseocauda,-68.2333,-54.8
Bathyraja griseocauda,-64.01667,-51
Bathyraja griseocauda,-59.133335,-42.883335
Bathyraja griseocauda,-56.95,-40.95
Bathyraja griseocauda,-61.450001,-54.233334
Bathyraja griseocauda,-58.066666,-52.650002
Bathyraja griseocauda,-55.6166666666667,-38.95
Bathyraja griseocauda,-61.049999,-51.983334
Bathyraja griseocauda,-56.933334,-48.016666
Bathyraja griseocauda,-56.066666,-49.016666
Bathyraja griseocauda,-55.1666666666667,-37.85
Bathyraja griseocauda,-60.233334,-49.683334
Bathyraja griseocauda,-59.233334,-43.016666
Bathyraja griseocauda,-58.716667,-42.400002
Bathyraja griseocauda,-64.31667,-52.38333
Bathyraja griseocauda,-60.099998,-47.066666
Bathyraja griseocauda,-65.449997,-51.5
Bathyraja griseocauda,-61.783333,-47.066666
Bathyraja griseocauda,-60.7333333333333,-47.9333333333333
Bathyraja griseocauda,-61.5,-45.516666
Bathyraja griseocauda,-57.016666,-41
Bathyraja griseocauda,-58.366665,-42.283333
Bathyraja griseocauda,-60.633335,-49.349998
Bathyraja griseocauda,-58.983334,-54.950001
Bathyraja griseocauda,-61.016666,-47.266666
Bathyraja griseocauda,-60.483334,-43.483334
Bathyraja griseocauda,-62.35,-52.4
Bathyraja griseocauda,-60.150002,-54.733334
Bathyraja griseocauda,-64.466667,-51.5
Bathyraja griseocauda,-64.3167,-52.3833
Bathyraja griseocauda,-54.0333333333333,-36.8
Bathyraja griseocauda,-58.683334,-49.416668
Bathyraja griseocauda,-61.483334,-50.483334
Bathyraja griseocauda,-63.400002,-44.116665
Bathyraja griseocauda,-55.333332,-37.933334
Bathyraja griseocauda,-59.683334,-49.566666
Bathyraja griseocauda,-59.883335,-44.183334
Bathyraja griseocauda,-70.1999969482,-67.266998291
Bathyraja griseocauda,-61.583332,-47.816666
Bathyraja griseocauda,-60.25,-47.5
Bathyraja griseocauda,-60.033333,-44.966667
Bathyraja griseocauda,-61.116665,-48.150002
Bathyraja griseocauda,-56.083332,-39.716667
Bathyraja griseocauda,-58.45,-52.4833
Bathyraja griseocauda,-59.633335,-43.849998
Bathyraja griseocauda,-55.7166666666667,-39
Bathyraja griseocauda,-58.4000015259,-50.233001709
Bathyraja griseocauda,-57.383335,-49.466667
Bathyraja griseocauda,-58.516666,-41.5
Bathyraja griseocauda,-61.016666,-43.966667
Bathyraja griseocauda,-59.549999,-51.016666
Bathyraja griseocauda,-62.466667,-51.466667
Bathyraja griseocauda,-64.433334,-47.450001
Bathyraja griseocauda,-60.4333333333333,-49.1
Bathyraja griseocauda,-61,-47.416668
Bathyraja griseocauda,-55.2,-37.9166666666667
Bathyraja griseocauda,-63.400002,-51.516666
Bathyraja griseocauda,-58.950001,-42.683334
Bathyraja griseocauda,-55.150002,-37.933334
Bathyraja griseocauda,-58.450001,-40.5
Bathyraja griseocauda,-55.02867,-62.28633
Bathyraja griseocauda,-61.033333,-47.950001
Bathyraja griseocauda,-61.083332,-47.433334
Bathyraja griseocauda,-62,-51.766666
Bathyraja griseocauda,-57.983334,-49.966667
Bathyraja griseocauda,-60.700001,-46.950001
Bathyraja griseocauda,-58.4,-50.233
Bathyraja griseocauda,-63.6666984558,-52.5999984741
Bathyraja griseocauda,-61,-50.783333
Bathyraja griseocauda,-60.983334,-46.983334
Bathyraja griseocauda,-55.349998,-38.283333
