species,decimalLongitude,decimalLatitude
Bathyraja multispinis,-58.8833333333333,-49.8666666666667
Bathyraja multispinis,-59.683334,-49.566666
Bathyraja multispinis,-60.6333333333333,-54.8166666666667
Bathyraja multispinis,-63.7333333333333,-51.4666666666667
Bathyraja multispinis,-60.2833333333333,-53.95
Bathyraja multispinis,-60.5666666666667,-50.7
Bathyraja multispinis,-61,-45.016666
Bathyraja multispinis,-61.400002,-51.25
Bathyraja multispinis,-60.033333,-44.966667
Bathyraja multispinis,-57.05,-54.15
Bathyraja multispinis,-58.9833333333333,-48.3
Bathyraja multispinis,-63.166668,-43.799999
Bathyraja multispinis,-67.583336,-51.533333
Bathyraja multispinis,-57.1,-41.15
Bathyraja multispinis,-62.341667,-42.483334
Bathyraja multispinis,-58.35,-54
Bathyraja multispinis,-61.316666,-47.716667
Bathyraja multispinis,-58.7666666666667,-42.7833333333333
Bathyraja multispinis,-62.02083,-51.65833
Bathyraja multispinis,-57.466667,-40.5
Bathyraja multispinis,-62.466667,-51.466667
Bathyraja multispinis,-59.233334,-43.016666
Bathyraja multispinis,-61.883335,-50.133335
Bathyraja multispinis,-56.735001,-40.273335
Bathyraja multispinis,-61.733334,-51
Bathyraja multispinis,-63.400002,-51.516666
Bathyraja multispinis,-61.483334,-51.466667
Bathyraja multispinis,-61.0166666666667,-43.9666666666667
Bathyraja multispinis,-62.049999,-47
Bathyraja multispinis,-61.2,-47.1333333333333
Bathyraja multispinis,-54.0333333333333,-36.8
Bathyraja multispinis,-63.881668,-46.226665
Bathyraja multispinis,-57.8666666666667,-54.8166666666667
Bathyraja multispinis,-62.983334,-50
Bathyraja multispinis,-61.016666,-43.966667
Bathyraja multispinis,-60.65,-52.6666666666667
Bathyraja multispinis,-59.549999,-51.016666
Bathyraja multispinis,-58.983334,-51.066666
Bathyraja multispinis,-61.633335,-51.983334
Bathyraja multispinis,-60.516666,-44.716667
Bathyraja multispinis,-56.0333333333333,-40
Bathyraja multispinis,-60.700001,-46.950001
Bathyraja multispinis,-65.4166666666667,-53.6333333333333
Bathyraja multispinis,-61.583332,-47.816666
Bathyraja multispinis,-57.3,-41.3833333333333
Bathyraja multispinis,-60.983334,-46.983334
Bathyraja multispinis,-62.316666,-41.983334
Bathyraja multispinis,-64.433334,-47.450001
Bathyraja multispinis,-71.8347167,54.30055
Bathyraja multispinis,-62.025,-51.6583
Bathyraja multispinis,-60.099998,-44.566666
Bathyraja multispinis,-58.516666,-41.5
Bathyraja multispinis,-58.316666,-54.033333
