species,decimalLongitude,decimalLatitude
Bathytroctes michaelsarsi,-73.3408355713,37
Bathytroctes michaelsarsi,-13.25,45.0866666634878
Bathytroctes michaelsarsi,-33.01667,34.98333
Bathytroctes michaelsarsi,-18,48.5
Bathytroctes michaelsarsi,-91.2528991699,26.9163532257
Bathytroctes michaelsarsi,-84.9392242432,26.7211151123
Bathytroctes michaelsarsi,-67.4000015259,14.6000003815
Bathytroctes michaelsarsi,-30.339,42.915
Bathytroctes michaelsarsi,-38.2478,-17.6465
Bathytroctes michaelsarsi,-87.3768386841,25.9080505371
Bathytroctes michaelsarsi,-69.84166667,38.975
Bathytroctes michaelsarsi,-13.4833333333333,42.9333333333333
Bathytroctes michaelsarsi,-91.13331604,25.3928375244
Bathytroctes michaelsarsi,-90.4661331177,25.7038993835
Bathytroctes michaelsarsi,-13.4350004196,49.926700592
Bathytroctes michaelsarsi,3.8,4.9666667
Bathytroctes michaelsarsi,-16.1166666666667,45.0433333317439
Bathytroctes michaelsarsi,-28.869,51.33
Bathytroctes michaelsarsi,-14.0100002289,49.5816993713
Bathytroctes michaelsarsi,-13.5941500664,50.2033500671
Bathytroctes michaelsarsi,-89.6111221313,25.6826934814
Bathytroctes michaelsarsi,-16.112,45.043
Bathytroctes michaelsarsi,-88.2854156494,27.7368030548
Bathytroctes michaelsarsi,-94.6644821167,26.5117797852
Bathytroctes michaelsarsi,-13.483,42.933
