species,decimalLongitude,decimalLatitude
Bathyraja isotrachys,128.433333333333,29.7833333333333
Bathyraja isotrachys,140.915,35.111666666666665
Bathyraja isotrachys,141.85166666666666,36.85166666666667
Bathyraja isotrachys,141.708328247,47.5250015259
Bathyraja isotrachys,140.915,35.11166667
Bathyraja isotrachys,120.099998474,22.3600006104
Bathyraja isotrachys,141.8516667,36.85166667
Bathyraja isotrachys,142.3155556,37.77
Bathyraja isotrachys,145.5,48.4000015259
Bathyraja isotrachys,138,34.1166992188
Bathyraja isotrachys,121.900001526,24.9400005341
Bathyraja isotrachys,142.31555555555556,37.769999999999996
