species,decimalLongitude,decimalLatitude
Bathylagichthys longipinnis,144.5166,-49.4933
Bathylagichthys longipinnis,1.2,-38.2666666666667
Bathylagichthys longipinnis,-7.41666666666667,-40.0166666666667
Bathylagichthys longipinnis,42.87975,-31.596317
Bathylagichthys longipinnis,148.4316,-42.67
Bathylagichthys longipinnis,148.16667,-42.58333
Bathylagichthys longipinnis,-39.0666666666667,-40.3
Bathylagichthys longipinnis,157.1025,-40.48016
Bathylagichthys longipinnis,150.25,-43.95
Bathylagichthys longipinnis,157.249,-40.4975
Bathylagichthys longipinnis,2.751945,-41.235279
Bathylagichthys longipinnis,-7.46666666666667,-40.0333333333333
Bathylagichthys longipinnis,-50.0333333333333,-40.3333333333333
Bathylagichthys longipinnis,148.43167,-42.67
Bathylagichthys longipinnis,157.24899,-40.4975
Bathylagichthys longipinnis,152.26883,-41.13833
Bathylagichthys longipinnis,52.074883,-36.81625
Bathylagichthys longipinnis,-54.55,-38.3333333333333
Bathylagichthys longipinnis,157.1025,-40.48017
Bathylagichthys longipinnis,150.155,-43.89333
Bathylagichthys longipinnis,-39.2,-40.3
Bathylagichthys longipinnis,150.23,-43.93667
Bathylagichthys longipinnis,50.376683,-37.9552
Bathylagichthys longipinnis,153.07017,-40.81467
Bathylagichthys longipinnis,22.68333,-41.56667
Bathylagichthys longipinnis,57.274133,-32.721883
Bathylagichthys longipinnis,153.07016,-40.81466
Bathylagichthys longipinnis,52.0513,-36.861217
Bathylagichthys longipinnis,144.51667,-49.49333
Bathylagichthys longipinnis,148.166,-42.583
