species,decimalLongitude,decimalLatitude
Bathygobius fuscus,115.53333,-20.43333
Bathygobius fuscus,153.133,-26.8
Bathygobius fuscus,122.233,-17.967
Bathygobius fuscus,113.83333,-28.5
Bathygobius fuscus,122.183,-17.983
Bathygobius fuscus,113.94532745,-21.96216403
Bathygobius fuscus,114.33333,-21.65
Bathygobius fuscus,113.7242017,-25.86370161
Bathygobius fuscus,113.8,-22.35
Bathygobius fuscus,123.31666,-16.31666
Bathygobius fuscus,114.174572,-21.8295877
Bathygobius fuscus,113.7,-28.46667
Bathygobius fuscus,114,-28.88333
Bathygobius fuscus,114.65,-21.83333
Bathygobius fuscus,115.11667,-21.63333
Bathygobius fuscus,113.83333,-28.75
Bathygobius fuscus,122.66667,-16.85
Bathygobius fuscus,118.58333,-20.3
Bathygobius fuscus,116.53333,-20.55
Bathygobius fuscus,123.33333,-16.15
Bathygobius fuscus,116.61667,-20.46667
Bathygobius fuscus,116.7,-20.71667
Bathygobius fuscus,115.56666,-20.4
Bathygobius fuscus,117.1666667,-20.76666667
Bathygobius fuscus,116.8,-20.46667
Bathygobius fuscus,116.567,-20.483
Bathygobius fuscus,153.550515,-28.162887
Bathygobius fuscus,117.166666667,-20.7666666667
Bathygobius fuscus,113.87730417,-22.13186648
Bathygobius fuscus,114.15,-21.866
Bathygobius fuscus,113.75,-28.5
Bathygobius fuscus,153.366,-29.366
Bathygobius fuscus,115.53694,-20.47583
Bathygobius fuscus,113.83941818,-22.23723118
Bathygobius fuscus,153.25,-29.833
Bathygobius fuscus,116.60806,-20.50194
Bathygobius fuscus,123.85,-16.2
Bathygobius fuscus,115.4,-20.76667
Bathygobius fuscus,153.4,-27.5
Bathygobius fuscus,115.46167,-20.50028
Bathygobius fuscus,122.23333,-17.96667
Bathygobius fuscus,151.583,-33.083
Bathygobius fuscus,114.51666,-22.1
Bathygobius fuscus,116.64278,-20.57638
Bathygobius fuscus,116.7,-20.716
Bathygobius fuscus,153.36667,-27.48333
Bathygobius fuscus,116.55166,-20.60611
Bathygobius fuscus,113.93333,-21.93333
Bathygobius fuscus,115.51666,-20.46667
Bathygobius fuscus,114.1,-22.2
Bathygobius fuscus,116.655,-20.63055
Bathygobius fuscus,153.3,-29.883
Bathygobius fuscus,113.78333,-28.46667
Bathygobius fuscus,150.483,-35.25
Bathygobius fuscus,116.52528,-20.58889
Bathygobius fuscus,118.616,-20.366
Bathygobius fuscus,114.06873276,-21.82918624
Bathygobius fuscus,123.3,-16.05
Bathygobius fuscus,123.18333,-16.43333
Bathygobius fuscus,116.85,-20.41667
Bathygobius fuscus,113.93333,-21.96667
Bathygobius fuscus,151.272266,-33.850143
Bathygobius fuscus,122.66667,-16.98333
Bathygobius fuscus,153.301373,-27.389026
Bathygobius fuscus,116.81667,-20.43333
Bathygobius fuscus,114.48333,-22.11666
Bathygobius fuscus,117.166664124,-20.7666664124
