species,decimalLongitude,decimalLatitude
Bathyraja aleutica,-163.83,56.28
Bathyraja aleutica,-131.41335,54.571833
Bathyraja aleutica,-168.16,53.59
Bathyraja aleutica,-133.210138,53.590164
Bathyraja aleutica,-172.83,58.99
Bathyraja aleutica,-129.15865,51.458433
Bathyraja aleutica,-174.16,59.18
Bathyraja aleutica,-151.160003662,58.4300003052
Bathyraja aleutica,-162.83,56.11
Bathyraja aleutica,-132.878183,53.289166
Bathyraja aleutica,-133.787133,54.244233
Bathyraja aleutica,-169.83,56.28
Bathyraja aleutica,-165.5,54.91
Bathyraja aleutica,-174.830001831,58.7999992371
Bathyraja aleutica,-164.83,55.08
Bathyraja aleutica,-171.16,57.34
Bathyraja aleutica,-164.83,54.74
Bathyraja aleutica,-172.16,58.99
Bathyraja aleutica,-133.215666,53.647666
Bathyraja aleutica,-133.2508,54.301933
Bathyraja aleutica,-171.16,56.28
Bathyraja aleutica,-170.83,56.28
Bathyraja aleutica,-124.4844444,40.9227778
Bathyraja aleutica,-147.16,59.18
Bathyraja aleutica,-129.680316,51.863683
Bathyraja aleutica,-175.5,59.3699989319
Bathyraja aleutica,-129.91,52.011666
Bathyraja aleutica,-168.5,55.76
Bathyraja aleutica,-165.830001831,54.2400016785
Bathyraja aleutica,-164.5,55.59
Bathyraja aleutica,-173.88789,57.78029
Bathyraja aleutica,-172.16,51.99
Bathyraja aleutica,-176.5,58.8
Bathyraja aleutica,-163.5,55.4199981689
Bathyraja aleutica,-178.16,59.56
Bathyraja aleutica,-172.5,58.99
Bathyraja aleutica,-175.83,59.18
Bathyraja aleutica,-174.16,58.61
Bathyraja aleutica,-168.89192,53.0922
Bathyraja aleutica,-133.4584,54.09445
Bathyraja aleutica,-163.5,54.41
Bathyraja aleutica,-162.16,54.08
Bathyraja aleutica,-178.161,59.39645
Bathyraja aleutica,-174.16,58.43
Bathyraja aleutica,-133.1875,53.542666
Bathyraja aleutica,-155.83,56.28
Bathyraja aleutica,-160.1159,54.35256
Bathyraja aleutica,-133.612283,54.08915
Bathyraja aleutica,-131.342683,54.472233
Bathyraja aleutica,-165.5,55.08
Bathyraja aleutica,-173.83,57.7
Bathyraja aleutica,-164.16,53.91
Bathyraja aleutica,-170.5,56.28
Bathyraja aleutica,-126.448833,48.81195
Bathyraja aleutica,-130.149033,51.516533
Bathyraja aleutica,-172.16,56.63
Bathyraja aleutica,-174.16,58.99
Bathyraja aleutica,-164.5,56.11
Bathyraja aleutica,-133.228666,54.278933
Bathyraja aleutica,-167.5,56.81
Bathyraja aleutica,-178.83,59.94
Bathyraja aleutica,-132.740166,53.137166
Bathyraja aleutica,-156.16,55.76
Bathyraja aleutica,-130.255566,52.297066
Bathyraja aleutica,-148.83,58.25
Bathyraja aleutica,-176.5,59.75
Bathyraja aleutica,-175.5,59.75
Bathyraja aleutica,-173.83,57.52
Bathyraja aleutica,-164.16,53.75
Bathyraja aleutica,-172.16,57.16
Bathyraja aleutica,-176.83,59.37
Bathyraja aleutica,-175.83,59.37
Bathyraja aleutica,-173.5,57.7
Bathyraja aleutica,-173.16,57.88
Bathyraja aleutica,173.83,52.14
Bathyraja aleutica,-166.16,53.59
Bathyraja aleutica,-171.83,56.63
Bathyraja aleutica,-165.16,54.91
Bathyraja aleutica,-173.83,52.3
Bathyraja aleutica,-131.957133,54.330166
Bathyraja aleutica,-152.5235,57.37965
Bathyraja aleutica,-178.16,59.18
Bathyraja aleutica,-131.319833,54.588033
Bathyraja aleutica,-169.77617,53.29335
Bathyraja aleutica,-174.83,58.8
Bathyraja aleutica,-164.5,56.28
Bathyraja aleutica,-162.83,56.63
Bathyraja aleutica,-143.16,59.56
Bathyraja aleutica,-176.83,58.61
Bathyraja aleutica,-168.5,55.59
Bathyraja aleutica,-173.83,58.25
Bathyraja aleutica,-163.160003662,53.9099998474
Bathyraja aleutica,-177.16,59.94
Bathyraja aleutica,-173.87585,57.82754
Bathyraja aleutica,-178.16,60.52
Bathyraja aleutica,-171.16,57.16
Bathyraja aleutica,-131.969066,54.283183
Bathyraja aleutica,-177.5,58.61
Bathyraja aleutica,-169.83,56.11
Bathyraja aleutica,-174.16,58.06
Bathyraja aleutica,-133.8542,54.314266
Bathyraja aleutica,-150.16,57.88
Bathyraja aleutica,-133.71665,54.28315
Bathyraja aleutica,-169.83,55.93
Bathyraja aleutica,-173.830001831,57.1599998474
Bathyraja aleutica,-170.16,58.8
Bathyraja aleutica,-131.315033,54.518966
Bathyraja aleutica,-133.628333,54.125333
Bathyraja aleutica,-175.269167,58.521667
Bathyraja aleutica,-165.16,54.74
Bathyraja aleutica,-131.131666,54.466666
Bathyraja aleutica,-165.5,54.5800018311
Bathyraja aleutica,-151.16,58.25
Bathyraja aleutica,-176.16,58.99
Bathyraja aleutica,-174.5,59.56
Bathyraja aleutica,-176.16,59.75
Bathyraja aleutica,-131.44115,54.4329
Bathyraja aleutica,-133.3215,54.205933
Bathyraja aleutica,-172.5,57.52
Bathyraja aleutica,-131.78595,54.516233
Bathyraja aleutica,-133.331833,54.4812
Bathyraja aleutica,-152.5,56.45
Bathyraja aleutica,-133.0612,53.283783
Bathyraja aleutica,-133.353783,54.210966
Bathyraja aleutica,-164.16,56.45
Bathyraja aleutica,-131.934116,54.32515
Bathyraja aleutica,-173.5,60.33
Bathyraja aleutica,-128.853083,52.082116
Bathyraja aleutica,-172.5,56.63
Bathyraja aleutica,-169.16,56.81
Bathyraja aleutica,-171.16,56.81
Bathyraja aleutica,-168.5873,56.25487
Bathyraja aleutica,-148.8642,59.83623
Bathyraja aleutica,-173.830001831,58.0600013733
Bathyraja aleutica,-167.696667,54.851667
Bathyraja aleutica,-175.16,59.18
Bathyraja aleutica,-177.83,58.8
Bathyraja aleutica,-172.16,60.13
Bathyraja aleutica,-166.5,54.08
Bathyraja aleutica,-128.728333,51.404666
Bathyraja aleutica,-129.538333,52.56
Bathyraja aleutica,-173.83,57.34
Bathyraja aleutica,-163.83,55.59
Bathyraja aleutica,-168.16,55.59
Bathyraja aleutica,-173.5,58.8
Bathyraja aleutica,-175.83,59.56
Bathyraja aleutica,-130.152633,52.215266
Bathyraja aleutica,-167.676667,54.995
Bathyraja aleutica,-164.5,55.08
Bathyraja aleutica,-175.5,59.18
Bathyraja aleutica,-175.16,58.99
Bathyraja aleutica,-177.16,51.52
Bathyraja aleutica,-147.83,58.99
Bathyraja aleutica,-167.0195,53.11674
Bathyraja aleutica,-170.830001831,56.2799987793
Bathyraja aleutica,-178.83,60.52
Bathyraja aleutica,143.246548,41.924055
Bathyraja aleutica,-164.733,53.645
Bathyraja aleutica,-132.976166,53.356166
Bathyraja aleutica,-169.5,56.45
Bathyraja aleutica,-128.492716,51.5139
Bathyraja aleutica,-173.5,57.88
Bathyraja aleutica,-165.83,54.74
Bathyraja aleutica,-146.16,59.37
Bathyraja aleutica,-176.83,59.94
Bathyraja aleutica,-167.5,55.08
Bathyraja aleutica,-177.16,58.8
Bathyraja aleutica,-132.962416,53.24965
Bathyraja aleutica,-124.8982,43.05871
Bathyraja aleutica,-173.16,56.98
Bathyraja aleutica,-164.5,53.75
Bathyraja aleutica,-133.4283,54.303
Bathyraja aleutica,-133.4012,54.280716
Bathyraja aleutica,-173.83,59.18
Bathyraja aleutica,-133.755016,54.228583
Bathyraja aleutica,-168.83,55.93
Bathyraja aleutica,-176.16,51.83
Bathyraja aleutica,-169.5,56.11
Bathyraja aleutica,-170.5,56.63
Bathyraja aleutica,-172.5,57.16
Bathyraja aleutica,-129.236666,52.9
Bathyraja aleutica,-167.83,55.25
Bathyraja aleutica,-167.83,55.76
Bathyraja aleutica,-168.160003662,56.2799987793
Bathyraja aleutica,-173.88879,57.7793
Bathyraja aleutica,-129.578666,51.809833
Bathyraja aleutica,-168.160003662,56.1100006104
Bathyraja aleutica,-128.568433,51.538166
Bathyraja aleutica,-174.83,58.61
Bathyraja aleutica,-155.9502,55.57953
Bathyraja aleutica,-177.16,58.61
Bathyraja aleutica,-133.226866,54.33535
Bathyraja aleutica,-172.5,56.6300010681
Bathyraja aleutica,-171.16,56.45
Bathyraja aleutica,-155.16,55.76
Bathyraja aleutica,-141.16,58.99
Bathyraja aleutica,-153.5,55.93
Bathyraja aleutica,-170.16,56.11
Bathyraja aleutica,-170.16,56.28
Bathyraja aleutica,-129.374333,52.350666
Bathyraja aleutica,-133.220133,54.250166
Bathyraja aleutica,-165.830001831,54.4099998474
Bathyraja aleutica,-128.34635,50.365666
Bathyraja aleutica,-173.16,58.99
Bathyraja aleutica,-176.16,51.67
Bathyraja aleutica,-133.691166,54.3596
Bathyraja aleutica,-172.160003662,58.7999992371
Bathyraja aleutica,-177.5,58.8
Bathyraja aleutica,-129.706966,51.767633
Bathyraja aleutica,172.160003662,52.9399986267
Bathyraja aleutica,-167.6841,54.92976
Bathyraja aleutica,-165.5,54.58
Bathyraja aleutica,-131.464766,54.367866
Bathyraja aleutica,-173.16,56.81
Bathyraja aleutica,-167.83,56.81
Bathyraja aleutica,-166.16,57.34
Bathyraja aleutica,-124.80276,44.5768
Bathyraja aleutica,-135.3981,56.05412
Bathyraja aleutica,-174.16,57.52
Bathyraja aleutica,-160.5,54.24
Bathyraja aleutica,-147.09,60.1626667
Bathyraja aleutica,-124.73569,45.80778
Bathyraja aleutica,-174.5,59.37
Bathyraja aleutica,-164.5,53.59
Bathyraja aleutica,-173.83,51.99
Bathyraja aleutica,-166.83,56.63
Bathyraja aleutica,-172.83,59.56
Bathyraja aleutica,-164.160003662,55.4199981689
Bathyraja aleutica,-165.5,54.41
Bathyraja aleutica,-169.830001831,56.1100006104
Bathyraja aleutica,-169.5,56.28
Bathyraja aleutica,-129.948066,52.5192
Bathyraja aleutica,-178.83,60.33
Bathyraja aleutica,-133.088133,53.315033
Bathyraja aleutica,-176.16,59.37
Bathyraja aleutica,-167.996111,55.330833
Bathyraja aleutica,-173.83,58.8
Bathyraja aleutica,-164.5,56.45
Bathyraja aleutica,-178.5,60.13
Bathyraja aleutica,-177.5,59.1800003052
Bathyraja aleutica,-168.9021,56.01508
Bathyraja aleutica,-133.601816,54.05375
Bathyraja aleutica,-177.83,59.75
Bathyraja aleutica,-133.29515,54.2273
Bathyraja aleutica,-171.5,57.3400001526
Bathyraja aleutica,-172.83,56.63
Bathyraja aleutica,-173.5,57.3400001526
Bathyraja aleutica,-131.377333,54.47355
Bathyraja aleutica,-163.16,55.93
Bathyraja aleutica,-130.03065,52.625383
Bathyraja aleutica,-178.16,59.37
Bathyraja aleutica,-178.3419667,52.11055
Bathyraja aleutica,-165.83,54.24
Bathyraja aleutica,-166.830001831,54.7400016785
Bathyraja aleutica,-173.83,58.99
Bathyraja aleutica,-166.7244444,54.3058333
Bathyraja aleutica,-130.041,52.755833
Bathyraja aleutica,-177.3347015,51.7424011
Bathyraja aleutica,-154.967,55.825
Bathyraja aleutica,-163.83,56.11
Bathyraja aleutica,-174.16,58.8
Bathyraja aleutica,-174.5,58.43
Bathyraja aleutica,-174.83,59.18
Bathyraja aleutica,-175.5,58.43
Bathyraja aleutica,-163.83,55.76
Bathyraja aleutica,-159.16,54.41
Bathyraja aleutica,-168.5,56.45
Bathyraja aleutica,-164.16,55.08
Bathyraja aleutica,-154.16,55.93
Bathyraja aleutica,-174.5,59.18
Bathyraja aleutica,-172.83,57.34
Bathyraja aleutica,-153.5,58.25
Bathyraja aleutica,175.16,52.14
Bathyraja aleutica,-150.83,58.43
Bathyraja aleutica,-164.83,56.63
Bathyraja aleutica,-164.5,53.91
Bathyraja aleutica,-175.16,58.8
Bathyraja aleutica,-170.84,52.901111
Bathyraja aleutica,-163.5,55.76
Bathyraja aleutica,-171.83,56.45
Bathyraja aleutica,-148.5,58.43
Bathyraja aleutica,-174.83,58.99
Bathyraja aleutica,-154.5707,57.9293
Bathyraja aleutica,-174.16,51.99
Bathyraja aleutica,-164.160003662,55.25
Bathyraja aleutica,-149.83,57.7
Bathyraja aleutica,-170.16,56.63
Bathyraja aleutica,-151.16,58.43
Bathyraja aleutica,-172.5,57.3400001526
Bathyraja aleutica,-132.2217,54.292966
Bathyraja aleutica,-133.1325,53.3835
Bathyraja aleutica,-173.83,52.46
Bathyraja aleutica,-168.16,56.28
Bathyraja aleutica,-162.5,56.45
Bathyraja aleutica,-133.767766,54.189633
Bathyraja aleutica,-158.16,54.74
Bathyraja aleutica,-172.83,58.06
Bathyraja aleutica,-165.83,54.91
Bathyraja aleutica,-130.62945,51.871366
Bathyraja aleutica,-165.16,55.08
Bathyraja aleutica,-175.830001831,59.1800003052
Bathyraja aleutica,-164.160003662,56.2799987793
Bathyraja aleutica,-177.83,59.18
Bathyraja aleutica,-165.5,56.63
Bathyraja aleutica,-168.16,56.11
Bathyraja aleutica,-168.5,56.28
Bathyraja aleutica,-177.83,59.56
Bathyraja aleutica,-169.16,56.63
Bathyraja aleutica,-163.16,56.11
Bathyraja aleutica,-133.678466,54.098366
Bathyraja aleutica,-169.7457,56.19721
Bathyraja aleutica,-166.83,57.16
Bathyraja aleutica,-133.27395,54.274583
Bathyraja aleutica,-175.5,59.56
Bathyraja aleutica,-160,55.5
Bathyraja aleutica,-128.588333,52.303333
Bathyraja aleutica,-165.16,53.75
Bathyraja aleutica,-172.5,59.18
Bathyraja aleutica,-171.5,56.45
Bathyraja aleutica,-165.16,56.28
Bathyraja aleutica,-164.160003662,57.1599998474
Bathyraja aleutica,-171.5,58.6100006104
Bathyraja aleutica,-150.830001831,58.25
Bathyraja aleutica,-152.83,56.28
Bathyraja aleutica,-177.5,58.6100006104
Bathyraja aleutica,-175.16,52.14
Bathyraja aleutica,-163.5,55.93
Bathyraja aleutica,-128.37825,51.709933
Bathyraja aleutica,-160.5,54.41
Bathyraja aleutica,-166.136,53.33444
Bathyraja aleutica,-177.5,59.37
Bathyraja aleutica,-164.83,55.42
Bathyraja aleutica,-177.6026,59.36537
Bathyraja aleutica,-177.3366667,52.8700033
Bathyraja aleutica,-158.160003662,55.0800018311
Bathyraja aleutica,-160.2892,55.02531
Bathyraja aleutica,-176.83,59.75
Bathyraja aleutica,-168.5,56.11
Bathyraja aleutica,-161.83,54.08
Bathyraja aleutica,-172.160003662,56.6300010681
Bathyraja aleutica,-153.16,58.25
Bathyraja aleutica,-161.16,54.24
Bathyraja aleutica,-173.16,57.16
Bathyraja aleutica,-170.83,56.11
Bathyraja aleutica,-170.160003662,56.6300010681
Bathyraja aleutica,-179.16,60.13
Bathyraja aleutica,-171.16,56.98
Bathyraja aleutica,-133.753733,54.247683
Bathyraja aleutica,-133.434916,54.45215
Bathyraja aleutica,-178.16,58.8
Bathyraja aleutica,-175.16,58.43
Bathyraja aleutica,-174.5333667,58.6
Bathyraja aleutica,-124.5911,40.39269
Bathyraja aleutica,-149.80679,58.1084
Bathyraja aleutica,-168.830001831,56.4500007629
Bathyraja aleutica,-156.0629,55.85049
Bathyraja aleutica,-164.83,54.91
Bathyraja aleutica,-176.833,51.5583
Bathyraja aleutica,-162.16,56.11
Bathyraja aleutica,-174.696667,58.5425
Bathyraja aleutica,-168.830001831,56.1100006104
Bathyraja aleutica,-165.16,54.58
Bathyraja aleutica,-133.412083,53.770966
Bathyraja aleutica,-152.5,56.28
Bathyraja aleutica,-147.5,59.18
Bathyraja aleutica,-177.83,58.99
Bathyraja aleutica,-130.160833,52.890666
Bathyraja aleutica,-166.681667,54.82
Bathyraja aleutica,-166.5,54.58
Bathyraja aleutica,-173.83,58.43
Bathyraja aleutica,-133.275216,54.277466
Bathyraja aleutica,-167.5,56.63
Bathyraja aleutica,-176.5,58.61
Bathyraja aleutica,-176.83,59.18
Bathyraja aleutica,-174.5,58.61
Bathyraja aleutica,-165.83,54.41
Bathyraja aleutica,-172.830001831,57.8800010681
Bathyraja aleutica,-165.83,55.08
Bathyraja aleutica,-168.83,56.63
Bathyraja aleutica,-174.5,58.8
Bathyraja aleutica,-151.5,57.88
Bathyraja aleutica,-177.83,59.94
Bathyraja aleutica,-133.5765,53.948666
Bathyraja aleutica,-165.83,55.76
Bathyraja aleutica,-164.16,56.11
Bathyraja aleutica,-132.438733,54.223066
Bathyraja aleutica,-168.16,55.76
Bathyraja aleutica,-164.83,53.59
Bathyraja aleutica,-164.5,55.25
Bathyraja aleutica,-173.160003662,56.6300010681
Bathyraja aleutica,-174.16,58.25
Bathyraja aleutica,-173.16,56.63
Bathyraja aleutica,-175.5,51.99
Bathyraja aleutica,-174.699996948,58.5499992371
Bathyraja aleutica,-126.5609,48.807
Bathyraja aleutica,-133.784716,54.226516
Bathyraja aleutica,-128.281166,51.58435
Bathyraja aleutica,-166.5,57.3400001526
Bathyraja aleutica,-167.52679,55.03909
Bathyraja aleutica,-173.26759,56.66528
Bathyraja aleutica,-167.83,55.42
Bathyraja aleutica,-166.1,53.4666667
Bathyraja aleutica,-129.471666,50.8675
Bathyraja aleutica,-132.831883,54.238483
Bathyraja aleutica,-170.16,56.81
Bathyraja aleutica,-174.7,58.55
Bathyraja aleutica,-166.16,54.74
Bathyraja aleutica,-168.16,55.42
Bathyraja aleutica,172.830001831,53.0999984741
Bathyraja aleutica,-176.16,58.61
Bathyraja aleutica,-175.160003662,51.9900016785
Bathyraja aleutica,175.160003662,52.2999992371
Bathyraja aleutica,-174.1925,57.79478
Bathyraja aleutica,-170.5,56.11
Bathyraja aleutica,-171.5,56.6300010681
Bathyraja aleutica,-171.5,57.88
Bathyraja aleutica,-159.83,54.41
Bathyraja aleutica,-165.5,56.98
Bathyraja aleutica,-172.5,56.81
Bathyraja aleutica,-167.6823,54.9286
Bathyraja aleutica,-165.16,53.59
Bathyraja aleutica,-167.5,53.75
Bathyraja aleutica,-165.16,55.42
Bathyraja aleutica,-178.11,52.8791733
Bathyraja aleutica,-172.6,54.80805
Bathyraja aleutica,-165.83,56.81
Bathyraja aleutica,-126.27915,48.753633
Bathyraja aleutica,-124.68942,43.7067
Bathyraja aleutica,-174.6433667,52.91472
Bathyraja aleutica,-131.318366,54.5196
Bathyraja aleutica,-175.036389,58.3375
Bathyraja aleutica,-173.16,57.7
Bathyraja aleutica,-167.723611,55.151667
Bathyraja aleutica,-160.16,54.24
Bathyraja aleutica,-167.16,56.45
Bathyraja aleutica,-171.160003662,56.4500007629
Bathyraja aleutica,-129.598,51.801783
Bathyraja aleutica,-128.468333,51.803333
Bathyraja aleutica,-130.876333,52.020333
Bathyraja aleutica,-164.83,56.45
Bathyraja aleutica,-132.782983,53.1993
Bathyraja aleutica,-174.5,51.83
Bathyraja aleutica,-165.5,54.74
Bathyraja aleutica,-164.16,55.25
Bathyraja aleutica,-154.16,55.76
Bathyraja aleutica,-166.83,56.81
Bathyraja aleutica,-178.16,51.52
Bathyraja aleutica,-174.16,57.7
Bathyraja aleutica,-167.16,54.74
Bathyraja aleutica,-177.0984,59.66995
Bathyraja aleutica,-129.659333,52.575666
Bathyraja aleutica,-163.83,54.24
Bathyraja aleutica,-126.075,49.131666
Bathyraja aleutica,-175.5,51.67
Bathyraja aleutica,-177.83,60.52
Bathyraja aleutica,-133.292033,54.269933
Bathyraja aleutica,-168.5,55.42
Bathyraja aleutica,-163.5,57.16
Bathyraja aleutica,-166.9535,53.13153
Bathyraja aleutica,-175.5,51.8300018311
Bathyraja aleutica,-178.5,59.75
Bathyraja aleutica,178.49,51.52
Bathyraja aleutica,-178.16,60.33
Bathyraja aleutica,-173.5,57.16
Bathyraja aleutica,-157.5,54.91
Bathyraja aleutica,-166.5,53.42
Bathyraja aleutica,-174.5,58.99
Bathyraja aleutica,-165.830001831,54.5800018311
Bathyraja aleutica,-147.5,58.99
Bathyraja aleutica,-168.16,56.81
Bathyraja aleutica,-173.83,58.61
Bathyraja aleutica,-174.336944,58.328056
Bathyraja aleutica,-152.5,57.34
Bathyraja aleutica,-130.03755,52.050066
Bathyraja aleutica,-168.16,56.45
Bathyraja aleutica,-153.5,58.06
Bathyraja aleutica,-171.98621,56.49579
Bathyraja aleutica,-166.83,56.45
Bathyraja aleutica,-164.83,56.98
Bathyraja aleutica,-165.5,54.7400016785
Bathyraja aleutica,-133.206533,53.535816
Bathyraja aleutica,-133.610533,54.162333
Bathyraja aleutica,-133.2365,54.407666
Bathyraja aleutica,-129.403333,52.308166
Bathyraja aleutica,-124.9180556,44.3122222
Bathyraja aleutica,-170.83,56.81
Bathyraja aleutica,-130.8661,52.049116
Bathyraja aleutica,-172.16,59.18
Bathyraja aleutica,-178.5,60.52
Bathyraja aleutica,-177.5,59.56
Bathyraja aleutica,-168.3372667,54.20278
Bathyraja aleutica,-172.160003662,58.9900016785
Bathyraja aleutica,-163.830001831,54.5800018311
Bathyraja aleutica,-163.5,55.9300003052
Bathyraja aleutica,-133.947833,54.285166
Bathyraja aleutica,-124.6894444,43.7066667
Bathyraja aleutica,-133.352333,53.6475
Bathyraja aleutica,-178.83,51.52
Bathyraja aleutica,-162.83,55.93
Bathyraja aleutica,-133.813516,54.246783
Bathyraja aleutica,-175.246111,58.555833
Bathyraja aleutica,-176.83,59.56
Bathyraja aleutica,-178.16,59.75
Bathyraja aleutica,-156.16,55.25
Bathyraja aleutica,-162.5,54.08
Bathyraja aleutica,-175.5,58.8
Bathyraja aleutica,-169.7457,56.1972
Bathyraja aleutica,-164.16,56.98
Bathyraja aleutica,-154.83,56.28
Bathyraja aleutica,174.5,52.62
Bathyraja aleutica,-169.16,56.28
Bathyraja aleutica,-179.3694333,51.9691633
Bathyraja aleutica,-175.83,52.14
Bathyraja aleutica,-133.467416,54.315866
Bathyraja aleutica,-168.5,56.1100006104
Bathyraja aleutica,-170.16,55.93
Bathyraja aleutica,-148.5,58.25
Bathyraja aleutica,-132.223683,54.2647
Bathyraja aleutica,-144.160003662,59.5600013733
Bathyraja aleutica,-178.160003662,58.9900016785
Bathyraja aleutica,-133.5304,54.28915
Bathyraja aleutica,175.83,51.67
Bathyraja aleutica,-166.666667,54.331667
Bathyraja aleutica,-172.16,57.7
Bathyraja aleutica,-179.7522,52.04667
Bathyraja aleutica,-164.83,56.28
Bathyraja aleutica,-162.83,54.08
Bathyraja aleutica,-133.734333,54.1105
Bathyraja aleutica,-173.16,57.52
Bathyraja aleutica,-170.16,56.45
Bathyraja aleutica,-175.16,58.61
Bathyraja aleutica,-133.5405,54.381583
Bathyraja aleutica,-167.83,56.11
Bathyraja aleutica,-154.16,56.28
Bathyraja aleutica,-170.830001831,56.4500007629
Bathyraja aleutica,-176.83,58.8
Bathyraja aleutica,-169.160003662,56.2799987793
Bathyraja aleutica,-164.830001831,57.5200004578
Bathyraja aleutica,-175.830001831,58.9900016785
Bathyraja aleutica,-166.71899,54.30595
Bathyraja aleutica,-165.83,53.59
Bathyraja aleutica,-174.7533333,52.2833333
Bathyraja aleutica,-167.160003662,55.25
Bathyraja aleutica,-151.830001831,57.5200004578
Bathyraja aleutica,-129.39695,51.8693
Bathyraja aleutica,144.8777777777778,44.16
Bathyraja aleutica,-166.5,55.59
Bathyraja aleutica,-124.84117,44.41098
Bathyraja aleutica,-166.5,56.45
Bathyraja aleutica,-130.16805,52.337383
Bathyraja aleutica,-177.5,59.94
Bathyraja aleutica,-141.83,59.18
Bathyraja aleutica,-174.83,59.37
Bathyraja aleutica,-165.16,56.45
Bathyraja aleutica,-165.83,54.58
Bathyraja aleutica,-165.76667,55.00167
Bathyraja aleutica,-135.49873,55.91067
Bathyraja aleutica,-168.16,56.63
Bathyraja aleutica,-173.83,57.16
Bathyraja aleutica,-177.160003662,59.1800003052
Bathyraja aleutica,-147.09,60.162667
Bathyraja aleutica,-167.2682,52.99886
Bathyraja aleutica,-167.83,55.08
Bathyraja aleutica,-175.83,51.83
Bathyraja aleutica,-166.16,56.63
Bathyraja aleutica,-159.83,54.24
Bathyraja aleutica,-177.5,51.52
Bathyraja aleutica,-167.5,56.98
Bathyraja aleutica,-133.186833,53.44
Bathyraja aleutica,-165.16,55.25
Bathyraja aleutica,-173.5,57.34
Bathyraja aleutica,-133.74595,54.179
Bathyraja aleutica,-168.830001831,56.2799987793
Bathyraja aleutica,-167.16,56.63
Bathyraja aleutica,-169.830001831,56.6300010681
Bathyraja aleutica,-129.126666,52.368333
Bathyraja aleutica,-149.1264,58.00347
Bathyraja aleutica,-178.9305,59.94621
Bathyraja aleutica,-166.5,57.16
Bathyraja aleutica,-173.5,58.06
Bathyraja aleutica,-136.5,57.52
Bathyraja aleutica,-178.5,60.72
Bathyraja aleutica,-158.86667,54.48683
Bathyraja aleutica,-161.5,54.24
Bathyraja aleutica,-173.5,59.37
Bathyraja aleutica,-129.998366,52.514583
Bathyraja aleutica,-167.16,56.81
Bathyraja aleutica,-129.776883,52.174883
Bathyraja aleutica,-163.16,56.28
Bathyraja aleutica,-131.4166,54.616783
Bathyraja aleutica,-137.16,57.7
Bathyraja aleutica,-176.5,59.37
Bathyraja aleutica,-177.5,60.13
Bathyraja aleutica,-128.598333,52.196666
Bathyraja aleutica,-158.6709,54.5445
Bathyraja aleutica,-137.5,57.88
Bathyraja aleutica,-169.77608,53.2934
Bathyraja aleutica,-165.5,55.76
Bathyraja aleutica,-152.5,56.98
Bathyraja aleutica,-129.821666,53.048333
Bathyraja aleutica,-128.551666,52.383333
Bathyraja aleutica,-175.83,58.61
Bathyraja aleutica,-168.16,56.98
Bathyraja aleutica,-153.83,55.93
Bathyraja aleutica,-163.83,55.93
Bathyraja aleutica,-166.5,56.81
Bathyraja aleutica,-167.83,56.98
Bathyraja aleutica,-161.5,54.08
Bathyraja aleutica,-168.5,55.93
Bathyraja aleutica,-129.4355,50.9425
Bathyraja aleutica,-133.487816,54.34805
Bathyraja aleutica,-166.16,54.91
Bathyraja aleutica,-165.5,56.45
Bathyraja aleutica,-167.83,56.28
Bathyraja aleutica,-166.16,56.81
Bathyraja aleutica,-157.83,54.74
Bathyraja aleutica,-178.160003662,60.7200012207
Bathyraja aleutica,-129.66,52.556666
Bathyraja aleutica,-152.5,56.81
Bathyraja aleutica,-166.16,57.16
Bathyraja aleutica,-178.830001831,60.1300010681
Bathyraja aleutica,-172.16,56.45
Bathyraja aleutica,-136.83,57.7
Bathyraja aleutica,-129.655,52.551666
Bathyraja aleutica,-171.83,57.34
Bathyraja aleutica,-174.16,59.37
Bathyraja aleutica,-172.83,57.52
Bathyraja aleutica,-164.16,55.59
Bathyraja aleutica,-179.16,51.52
Bathyraja aleutica,-173.16,59.75
Bathyraja aleutica,-176.16,59.56
Bathyraja aleutica,-130.1827,52.661383
Bathyraja aleutica,-163.83,53.91
Bathyraja aleutica,-158.5,54.58
Bathyraja aleutica,-177.16,58.99
Bathyraja aleutica,-173.5,57.52
Bathyraja aleutica,-178.5,59.94
Bathyraja aleutica,-164.83,53.75
Bathyraja aleutica,-173.83,58.06
Bathyraja aleutica,-148.16,58.8
Bathyraja aleutica,-163.65972,59.14028
Bathyraja aleutica,-167.5,55.25
Bathyraja aleutica,-169.16,55.93
Bathyraja aleutica,-137.83,57.88
Bathyraja aleutica,174.83,52.62
Bathyraja aleutica,-168.160003662,56.6300010681
Bathyraja aleutica,-124.8411111,44.4108333
Bathyraja aleutica,-172.5,56.98
Bathyraja aleutica,-178.16,51.67
Bathyraja aleutica,-165.5,56.28
Bathyraja aleutica,-175.83,58.8
Bathyraja aleutica,-179.1712,51.59745
Bathyraja aleutica,-133.730366,54.349716
Bathyraja aleutica,-128.610666,52.037333
Bathyraja aleutica,-135.5,56.28
Bathyraja aleutica,-135.5,56.11
Bathyraja aleutica,-142.5,59.56
Bathyraja aleutica,-132.1795,54.655333
Bathyraja aleutica,-172.830001831,56.9799995422
Bathyraja aleutica,-177.16,59.56
Bathyraja aleutica,-161.16,54.41
Bathyraja aleutica,-162.58883,53.74871
Bathyraja aleutica,-128.71225,51.24575
Bathyraja aleutica,-133.8475,54.332
Bathyraja aleutica,-124.5911111,40.3925
Bathyraja aleutica,-172.83,56.81
Bathyraja aleutica,-146.5,59.18
Bathyraja aleutica,-133.5802,54.407133
Bathyraja aleutica,-176.16,58.8
Bathyraja aleutica,-163.83,57.16
Bathyraja aleutica,-172.83,57.16
Bathyraja aleutica,-175.5,58.61
Bathyraja aleutica,-168.16,55.93
Bathyraja aleutica,144.8777778,44.16
Bathyraja aleutica,-176.5,59.18
Bathyraja aleutica,-150.16,58.06
Bathyraja aleutica,-170.83,56.63
Bathyraja aleutica,-171.83,58.8
Bathyraja aleutica,-176.5,58.99
Bathyraja aleutica,-175.83,58.99
Bathyraja aleutica,-165.83,53.42
Bathyraja aleutica,-179.5,52.78
Bathyraja aleutica,-166.16,54.58
Bathyraja aleutica,-164.667,53.7167
Bathyraja aleutica,-168.5,56.81
Bathyraja aleutica,-175.5,52.14
Bathyraja aleutica,-174.83,51.83
Bathyraja aleutica,-176.160003662,59.1800003052
Bathyraja aleutica,-129.68185,51.33735
Bathyraja aleutica,-166.83,56.98
Bathyraja aleutica,-163.5,55.7599983215
Bathyraja aleutica,-164.5,56.98
Bathyraja aleutica,-154.01333,55.98667
Bathyraja aleutica,-173.83,57.88
Bathyraja aleutica,-171.5,56.63
Bathyraja aleutica,-122.392361,36.96137
Bathyraja aleutica,-169.83,56.45
Bathyraja aleutica,-167.1895,54.60425
Bathyraja aleutica,-179.613,51.8769433
Bathyraja aleutica,179.16,51.21
Bathyraja aleutica,-172.16,56.81
Bathyraja aleutica,-168.83,56.81
Bathyraja aleutica,-177.5,59.75
Bathyraja aleutica,-142.83,59.56
Bathyraja aleutica,-162.5,56.11
Bathyraja aleutica,-164.830001831,56.9799995422
Bathyraja aleutica,-168.83,56.11
Bathyraja aleutica,-169.77849,53.29249
Bathyraja aleutica,-177.16,59.75
Bathyraja aleutica,-165.5,55.25
Bathyraja aleutica,-177.83,51.52
Bathyraja aleutica,-177.83,60.33
Bathyraja aleutica,-130.9365,52.198666
Bathyraja aleutica,-172.6733333,53.5433367
Bathyraja aleutica,-164.16,56.28
Bathyraja aleutica,-175.830001831,51.8300018311
Bathyraja aleutica,-172.5,57.34
Bathyraja aleutica,-127.76,49.908333
Bathyraja aleutica,-133.476033,54.08685
Bathyraja aleutica,-169.16,56.45
Bathyraja aleutica,-170.5,56.45
Bathyraja aleutica,-172.83,59.18
Bathyraja aleutica,-175.5,58.99
Bathyraja aleutica,-178.16,58.99
Bathyraja aleutica,-172.830001831,56.8100013733
Bathyraja aleutica,-177.5,59.9399986267
Bathyraja aleutica,-168.5,57.16
Bathyraja aleutica,-175.16,59.37
Bathyraja aleutica,-168.83,55.59
Bathyraja aleutica,-165.16,54.41
Bathyraja aleutica,-165.160003662,56.6300010681
Bathyraja aleutica,-170.83,57.16
Bathyraja aleutica,-178.5,60.33
Bathyraja aleutica,-167.16,55.25
Bathyraja aleutica,-164.5,57.16
Bathyraja aleutica,-171.83,57.88
Bathyraja aleutica,-178.16,59.94
Bathyraja aleutica,-159.5,54.41
Bathyraja aleutica,-162.830001831,56.2799987793
Bathyraja aleutica,-167.830001831,55.4199981689
Bathyraja aleutica,-167.160003662,56.6300010681
Bathyraja aleutica,-176.25,52.2805533
Bathyraja aleutica,-148.5,58.6100006104
Bathyraja aleutica,-133.745166,54.2165
Bathyraja aleutica,-163.83,55.42
Bathyraja aleutica,-162.830001831,56.1100006104
Bathyraja aleutica,-164.83,57.34
Bathyraja aleutica,-164.83,55.25
Bathyraja aleutica,-133.664166,54.126833
Bathyraja aleutica,-177.16,59.37
Bathyraja aleutica,177.32383,51.72133
Bathyraja aleutica,-172.699996948,56.5
Bathyraja aleutica,-129.756666,52.668333
Bathyraja aleutica,-153.83,56.45
Bathyraja aleutica,-173.5,58.6100006104
Bathyraja aleutica,-175.83,58.43
Bathyraja aleutica,-124.91823,44.31229
Bathyraja aleutica,-178.16,60.13
Bathyraja aleutica,-128.628333,52.26
Bathyraja aleutica,-151.16,57.34
Bathyraja aleutica,-178.5,59.56
Bathyraja aleutica,-170.5,56.2799987793
Bathyraja aleutica,-171.5,57.16
Bathyraja aleutica,-158.160003662,54.9099998474
Bathyraja aleutica,-175.830001831,58.7999992371
Bathyraja aleutica,-168.2605555,56.3194444
Bathyraja aleutica,-131.975733,54.291466
Bathyraja aleutica,-164.16,54.41
Bathyraja aleutica,-166.5,56.8100013733
Bathyraja aleutica,-155.16,55.59
Bathyraja aleutica,-164.83,56.81
Bathyraja aleutica,-167.16,55.08
Bathyraja aleutica,-151.830001831,57.8800010681
Bathyraja aleutica,-176.833328247,51.5583343506
Bathyraja aleutica,-164.16,55.76
Bathyraja aleutica,-169.160003662,56.1100006104
Bathyraja aleutica,-164.5,54.9099998474
Bathyraja aleutica,-168.83,55.76
Bathyraja aleutica,-166.5,56.63
Bathyraja aleutica,-129.917066,52.645416
Bathyraja aleutica,-177.16,60.13
Bathyraja aleutica,-172.83,58.61
Bathyraja aleutica,-168.5,56.6300010681
Bathyraja aleutica,-156.00575,55.45467
Bathyraja aleutica,-141.5,58.99
Bathyraja aleutica,-174.83,51.67
Bathyraja aleutica,-171.16,58.06
Bathyraja aleutica,-173.83,59.56
Bathyraja aleutica,-163.83,54.41
Bathyraja aleutica,-172.830001831,57.3400001526
Bathyraja aleutica,-156.95,55.1333
Bathyraja aleutica,-155.83,56.45
Bathyraja aleutica,-168.83,56.28
Bathyraja aleutica,-173.160003662,58.0600013733
Bathyraja aleutica,176.233,52.12526
Bathyraja aleutica,-163.5,55.08
Bathyraja aleutica,-137.16,57.88
Bathyraja aleutica,-165.16,56.98
Bathyraja aleutica,-175.83,51.99
Bathyraja aleutica,-162.5,55.93
Bathyraja aleutica,-152.5,57.16
Bathyraja aleutica,-168.5,56.63
Bathyraja aleutica,-151.5,57.52
Bathyraja aleutica,173.83,52.62
Bathyraja aleutica,-178.5,59.18
Bathyraja aleutica,-163.5,56.11
Bathyraja aleutica,-156.1993,55.60533
Bathyraja aleutica,-129.66,52.6
Bathyraja aleutica,-167.83,56.45
Bathyraja aleutica,-177.5,58.99
Bathyraja aleutica,-128.571666,52.165
Bathyraja aleutica,-163.5,56.28
Bathyraja aleutica,-160.83,54.24
Bathyraja aleutica,-146.83,59.18
Bathyraja aleutica,-171.160003662,57.7000007629
Bathyraja aleutica,-166.83,57.34
Bathyraja aleutica,-177.83,60.13
Bathyraja aleutica,-155.5,56.45
Bathyraja aleutica,-168.83,56.98
Bathyraja aleutica,-156.16,55.93
Bathyraja aleutica,-165.5,53.59
Bathyraja aleutica,-174.83,52.3
Bathyraja aleutica,-144.5,59.56
Bathyraja aleutica,-165.5,54.4099998474
Bathyraja aleutica,-164.83,55.59
Bathyraja aleutica,-165.83,55.59
Bathyraja aleutica,-177.5,58.7999992371
Bathyraja aleutica,-173.5,58.99
Bathyraja aleutica,-166.5,54.91
Bathyraja aleutica,-162.5,56.63
Bathyraja aleutica,-173.5,56.98
Bathyraja aleutica,-177.5,59.5600013733
Bathyraja aleutica,-168.830001831,55.7599983215
Bathyraja aleutica,-177.5,60.33
Bathyraja aleutica,-176.5,59.56
Bathyraja aleutica,-176.83,58.99
Bathyraja aleutica,-163.83,55.08
Bathyraja aleutica,-128.4095,51.445166
Bathyraja aleutica,-164.16,54.58
Bathyraja aleutica,-153.5,56.11
Bathyraja aleutica,-175.3800333,59.0758333
Bathyraja aleutica,-168.3445,56.1268333
Bathyraja aleutica,-178.83,60.72
Bathyraja aleutica,-172.5,58.7999992371
Bathyraja aleutica,-163.5,55.42
Bathyraja aleutica,-173.5,52.3
Bathyraja aleutica,-163.83,53.75
Bathyraja aleutica,-164.16,55.42
Bathyraja aleutica,-166.16,53.42
Bathyraja aleutica,-163.5,53.91
Bathyraja aleutica,-174.5,60.13
Bathyraja aleutica,-165.83,56.63
Bathyraja aleutica,-155.83,56.11
Bathyraja aleutica,-160.16,54.41
Bathyraja aleutica,-163.83,55.25
Bathyraja aleutica,-129.433833,50.841666
Bathyraja aleutica,-128.856666,52.258333
Bathyraja aleutica,-149.41461,59.58689
Bathyraja aleutica,-141.5,59.18
Bathyraja aleutica,-164.830001831,55.4199981689
Bathyraja aleutica,-171.5,56.28
Bathyraja aleutica,-164.5,55.42
Bathyraja aleutica,-166.83,53.42
Bathyraja aleutica,-173.5,59.18
