species,decimalLongitude,decimalLatitude
Bathytyphlops sewelli,44.066601,-3.38333
Bathytyphlops sewelli,37.90620041,-0.023559101
Bathytyphlops sewelli,-87.3768386841,25.9080505371
Bathytyphlops sewelli,-27.15,36.79
Bathytyphlops sewelli,-77.8125,25.2666667
Bathytyphlops sewelli,-27,36
Bathytyphlops sewelli,-88.2854156494,27.7368030548
Bathytyphlops sewelli,46.88,-30.5
Bathytyphlops sewelli,-28,38.5
Bathytyphlops sewelli,-89.6111221313,25.6826934814
Bathytyphlops sewelli,-88.65611,27.33316
Bathytyphlops sewelli,-84.9392242432,26.7211151123
Bathytyphlops sewelli,47,-30.33333333333333
Bathytyphlops sewelli,-71.3166667,13.7666667
