species,decimalLongitude,decimalLatitude
Bathytoshia lata,151.233,-34.167
Bathytoshia lata,151.2,-34.283
Bathytoshia lata,151.6,-33.283
Bathytoshia lata,152.3,-32.9
Bathytoshia lata,132.13486,-33.81013
Bathytoshia lata,151.483,-33.767
Bathytoshia lata,151.917,-33.133
Bathytoshia lata,150.6,-35.4
Bathytoshia lata,151.483,-33.617
Bathytoshia lata,152,-33.033
Bathytoshia lata,152.317,-32.917
Bathytoshia lata,152.767,-32.083
Bathytoshia lata,152.233,-32.767
Bathytoshia lata,151.617,-33.65
Bathytoshia lata,120.00959,-18.60972
Bathytoshia lata,151.983,-32.917
Bathytoshia lata,133.3507,-33.10903
Bathytoshia lata,151.95,-33.05
Bathytoshia lata,151.2,-34.317
Bathytoshia lata,152.217,-33
Bathytoshia lata,151.917,-33.083
Bathytoshia lata,152.233,-33
Bathytoshia lata,150.167,-36.6
Bathytoshia lata,128.47625,-33.27597
Bathytoshia lata,129.25195,-33.35902
Bathytoshia lata,127.86056,-33.30875
Bathytoshia lata,152.217,-32.767
Bathytoshia lata,152.766,-32.083
Bathytoshia lata,152.017,-33.033
Bathytoshia lata,150.317,-37.233
Bathytoshia lata,153.617,-26.97867
Bathytoshia lata,152.467,-32.683
Bathytoshia lata,152.033,-32.867
Bathytoshia lata,152.017,-32.867
Bathytoshia lata,150.217,-36.133
Bathytoshia lata,128.27584,-33.27653
Bathytoshia lata,147.33253,-43.05907
Bathytoshia lata,150.633,-35.217
Bathytoshia lata,126.85,-33.05
Bathytoshia lata,151.817,-33.65
Bathytoshia lata,152.25,-32.983
Bathytoshia lata,131.41723,-31.78333
Bathytoshia lata,153.433,-29.533
Bathytoshia lata,128.21806,-33.24194
Bathytoshia lata,150.3,-36.283
Bathytoshia lata,151.933,-33.083
Bathytoshia lata,151.967,-32.9
Bathytoshia lata,150.067,-36.817
Bathytoshia lata,151.983,-32.883
Bathytoshia lata,151.767,-33.7
Bathytoshia lata,151.95,-32.917
Bathytoshia lata,152.017,-32.883
Bathytoshia lata,128.17681,-33.26806
Bathytoshia lata,118.18593,-34.95923
Bathytoshia lata,152,-33.05
Bathytoshia lata,151.8,-33.6
Bathytoshia lata,128.12528,-33.31764
Bathytoshia lata,151.933,-33.1
Bathytoshia lata,153.4,-30.383
Bathytoshia lata,151.983,-33.05
Bathytoshia lata,115.21917,-20.4175
Bathytoshia lata,152.283,-32.933
Bathytoshia lata,150.4,-35.733
Bathytoshia lata,153.033,-30.8
Bathytoshia lata,129.716,-33.15
Bathytoshia lata,151.567,-33.667
Bathytoshia lata,114.8925,-20.84083
Bathytoshia lata,116.49833,-19.51917
Bathytoshia lata,150.717,-35.217
Bathytoshia lata,117.8133,-18.7366
Bathytoshia lata,152.283,-32.917
Bathytoshia lata,127.883,-33.133
Bathytoshia lata,152,-32.883
Bathytoshia lata,152.217,-32.983
Bathytoshia lata,151.917,-33.1
Bathytoshia lata,150.08001,-37.31499
Bathytoshia lata,152.85,-31.917
Bathytoshia lata,152.05,-32.917
Bathytoshia lata,152.783,-32.3
Bathytoshia lata,152.7,-32.25
Bathytoshia lata,150.4,-35.7
Bathytoshia lata,150.133,-36.517
Bathytoshia lata,153.416,-30.366
Bathytoshia lata,153.617,-26.97866
Bathytoshia lata,151.217,-34.283
Bathytoshia lata,151.95,-33.1
Bathytoshia lata,150.25,-35.733
Bathytoshia lata,150.06585,-37.76667
Bathytoshia lata,150.24166,-36.44583
Bathytoshia lata,152.3,-32.933
Bathytoshia lata,127.86847,-33.26917
Bathytoshia lata,128.3,-33.183
Bathytoshia lata,151.617,-33.783
Bathytoshia lata,116.95667,-19.235
Bathytoshia lata,152,-32
Bathytoshia lata,128.575,-33.3
Bathytoshia lata,153.4,-29.817
Bathytoshia lata,129.71667,-33.15
Bathytoshia lata,151.933,-32.917
Bathytoshia lata,152.7,-32.417
Bathytoshia lata,151.916,-32.916
Bathytoshia lata,153.633,-29.883
Bathytoshia lata,151.65,-33.317
Bathytoshia lata,151.5,-33.75
Bathytoshia lata,150.367,-37.117
Bathytoshia lata,152.05,-32.867
Bathytoshia lata,131.36806,-31.81903
Bathytoshia lata,152.233,-32.983
Bathytoshia lata,117.81333,-18.73667
Bathytoshia lata,150.417,-35.683
Bathytoshia lata,128.02584,-33.26889
Bathytoshia lata,151.933,-33.067
Bathytoshia lata,152.717,-32.183
Bathytoshia lata,150.133,-36.767
Bathytoshia lata,133.4517,-32.1806
Bathytoshia lata,151.85,-32.867
Bathytoshia lata,150.283,-36.383
Bathytoshia lata,150.45,-35.633
Bathytoshia lata,129.39292,-33.36736
Bathytoshia lata,150.7,-35.2
Bathytoshia lata,152.25,-32.733
Bathytoshia lata,151.917,-33.117
Bathytoshia lata,149.763,-37.535
Bathytoshia lata,152,-32.9
Bathytoshia lata,150.15,-36.6
Bathytoshia lata,150.733,-35.1
Bathytoshia lata,151.183,-34.3
Bathytoshia lata,114.99084,-20.28166
Bathytoshia lata,116.77,-19.36416
Bathytoshia lata,151.483,-33.717
Bathytoshia lata,152.783,-32.033
Bathytoshia lata,127.88333,-33.13333
Bathytoshia lata,150.133,-36.617
Bathytoshia lata,151.967,-32.917
Bathytoshia lata,129.41028,-33.36
Bathytoshia lata,150.2,-36.433
Bathytoshia lata,152.017,-33.017
Bathytoshia lata,150.15,-36.7
Bathytoshia lata,151.95,-33.083
Bathytoshia lata,128.3,-33.18333
Bathytoshia lata,150.183,-36.4
Bathytoshia lata,116.9566,-19.235
Bathytoshia lata,151.183,-34.4
Bathytoshia lata,152.817,-31.933
Bathytoshia lata,150.183,-36.6
Bathytoshia lata,151.15,-34.367
Bathytoshia lata,151.95,-32.867
Bathytoshia lata,116.36167,-19.325
Bathytoshia lata,151.8,-33.033
Bathytoshia lata,152,-33.3
Bathytoshia lata,115.71667,-32.53333
Bathytoshia lata,150.167,-36.617
Bathytoshia lata,152.517,-32.133
Bathytoshia lata,152.383,-32.717
Bathytoshia lata,117.82,-20.175
Bathytoshia lata,153.383,-29.967
Bathytoshia lata,113.8298,-22.2441
Bathytoshia lata,151.867,-33.283
Bathytoshia lata,151.983,-33.033
Bathytoshia lata,151.232,-33.9918
Bathytoshia lata,118.63167,-19.71083
Bathytoshia lata,151.617,-33.333
Bathytoshia lata,128.70833,-33.31667
Bathytoshia lata,153.4,-29.35
Bathytoshia lata,128.30917,-33.23486
