species,decimalLongitude,decimalLatitude
Bathyraja albomaculata,-64.31666667,-45.5
Bathyraja albomaculata,-58.033333,-50.033333
Bathyraja albomaculata,-61,-47
Bathyraja albomaculata,-57.283333,-41.283333
Bathyraja albomaculata,-64.76666667,-45.58333333
Bathyraja albomaculata,-63.150002,-48.283333
Bathyraja albomaculata,-62.083332,-48
Bathyraja albomaculata,-68.2333,-54.8
Bathyraja albomaculata,-55.1166666666667,-38
Bathyraja albomaculata,-63.96666667,-45.83333333
Bathyraja albomaculata,-64.466667,-51.5
Bathyraja albomaculata,-64.65,-45.73333333
Bathyraja albomaculata,-61.116665,-48.150002
Bathyraja albomaculata,-65.5,-46.05
Bathyraja albomaculata,-63.4833,-53.5
Bathyraja albomaculata,-64.61666667,-46.31666667
Bathyraja albomaculata,-59.549999,-43.5
Bathyraja albomaculata,-62.883335,-43.75
Bathyraja albomaculata,-64.9,-45.36666667
Bathyraja albomaculata,-59.133335,-42.883335
Bathyraja albomaculata,-58.45,-52.4833
Bathyraja albomaculata,-57.583332,-50
Bathyraja albomaculata,-64.66666667,-45.83333333
Bathyraja albomaculata,-56.049999,-40.733334
Bathyraja albomaculata,-65.21666667,-46.03333333
Bathyraja albomaculata,-65.2,-46.03333333
Bathyraja albomaculata,-61,-50.783333
Bathyraja albomaculata,-65.51666667,-45.18333333
Bathyraja albomaculata,-65.15,-45.33333333
Bathyraja albomaculata,-55.833332,-39.400002
Bathyraja albomaculata,-63.95,-45.83333333
Bathyraja albomaculata,-57.3829994202,-51.6170005798
Bathyraja albomaculata,-61,-45.016666
Bathyraja albomaculata,-65,-45.35
Bathyraja albomaculata,-61.016666,-43.966667
Bathyraja albomaculata,-61.583332,-47.816666
Bathyraja albomaculata,-59.900002,-51.783333
Bathyraja albomaculata,-60.700001,-49.283333
Bathyraja albomaculata,-65.05,-45.71666667
Bathyraja albomaculata,-57.35,-41.4
Bathyraja albomaculata,-60.0833333333333,-45.1166666666667
Bathyraja albomaculata,-54.0333333333333,-36.8
Bathyraja albomaculata,-62.6,-48.45
Bathyraja albomaculata,-59.816666,-43.549999
Bathyraja albomaculata,-64.63333333,-45.78333333
Bathyraja albomaculata,-59.849998,-45.75
Bathyraja albomaculata,-55.380001,-54.573334
Bathyraja albomaculata,-65.46666667,-46
Bathyraja albomaculata,-60.016666,-41
Bathyraja albomaculata,-59.916668,-44.099998
Bathyraja albomaculata,-64.16666667,-46.36666667
Bathyraja albomaculata,-57.6666666666667,-54.85
Bathyraja albomaculata,-60.033333,-44.966667
Bathyraja albomaculata,-64.43333333,-45.71666667
Bathyraja albomaculata,-56.983334,-49
Bathyraja albomaculata,-55.7166666666667,-39
Bathyraja albomaculata,-57.933334,-48.983334
Bathyraja albomaculata,-65.85,-45.1
Bathyraja albomaculata,-57.950001,-51.299999
Bathyraja albomaculata,-64.88333333,-45.28333333
Bathyraja albomaculata,-56.8666666666667,-48.9
Bathyraja albomaculata,-65.3,-45.95
Bathyraja albomaculata,-64.433334,-47.450001
Bathyraja albomaculata,-65.08333333,-45.61666667
Bathyraja albomaculata,-65.86666667,-45.08333333
Bathyraja albomaculata,-64.98333333,-45.16666667
Bathyraja albomaculata,-58.049999,-41.666668
Bathyraja albomaculata,-58.366665,-42.283333
Bathyraja albomaculata,-60.4333333333333,-49.1
Bathyraja albomaculata,-61.5833333333333,-42.35
Bathyraja albomaculata,-66.7,-45.36666667
Bathyraja albomaculata,-60.5,-44
Bathyraja albomaculata,-61,-47.416668
Bathyraja albomaculata,-65.25,-45.65
Bathyraja albomaculata,-60.533333,-49.5
Bathyraja albomaculata,-57.383335,-49.466667
Bathyraja albomaculata,-59,-53
Bathyraja albomaculata,-59.816666,-43.233334
Bathyraja albomaculata,-65.8,-45.91666667
Bathyraja albomaculata,-63.48333,-53.50417
Bathyraja albomaculata,-60.7166666666667,-47.0166666666667
Bathyraja albomaculata,-60.466667,-45.5
Bathyraja albomaculata,-60.966667,-47
Bathyraja albomaculata,-58.983334,-54.950001
Bathyraja albomaculata,-60.033333,-43.816666
Bathyraja albomaculata,-65.08333333,-45.65
Bathyraja albomaculata,-61.466667,-47.516666
Bathyraja albomaculata,-55.9666666666667,-39.8
Bathyraja albomaculata,-65.0833333333333,-47.55
Bathyraja albomaculata,-64.68333333,-46.38333333
Bathyraja albomaculata,-58.1333333333333,-42.3166666666667
Bathyraja albomaculata,-61.049999,-47.383335
Bathyraja albomaculata,-63.88333333,-46.36666667
Bathyraja albomaculata,-59.5333333333333,-43.8
Bathyraja albomaculata,-65.13333333,-45.63333333
Bathyraja albomaculata,-61.033333,-49.849998
Bathyraja albomaculata,-61.133335,-47.683334
Bathyraja albomaculata,-67.966667,-49
Bathyraja albomaculata,-56.566666,-40.016666
Bathyraja albomaculata,-65.4,-46
Bathyraja albomaculata,-64.43333333,-45.73333333
Bathyraja albomaculata,-65.31666667,-45.86666667
Bathyraja albomaculata,-60.966667,-47.599998
Bathyraja albomaculata,-65.35,-45.86666667
Bathyraja albomaculata,-63.88333333,-46.3
Bathyraja albomaculata,-64.91666667,-45.18333333
Bathyraja albomaculata,-57.05,-54.15
Bathyraja albomaculata,-64.73333333,-45.35
Bathyraja albomaculata,-59.35,-54.4216667
Bathyraja albomaculata,-59.05,-43.3
Bathyraja albomaculata,-64.75,-45.71666667
Bathyraja albomaculata,-64.85,-45.53333333
Bathyraja albomaculata,-65.85,-45.08333333
Bathyraja albomaculata,-57.0333333333333,-41.4666666666667
Bathyraja albomaculata,-65,-45.31666667
Bathyraja albomaculata,-59.083332,-50.083332
Bathyraja albomaculata,-64.46666667,-45.76666667
Bathyraja albomaculata,-62.016666,-51
Bathyraja albomaculata,-57,-40.0333333333333
Bathyraja albomaculata,-64.6,-46.31666667
Bathyraja albomaculata,-64.36666667,-45.9
Bathyraja albomaculata,-56.849998,-48.916668
Bathyraja albomaculata,-60.55,-42.4666666666667
Bathyraja albomaculata,-55,-37.8166666666667
Bathyraja albomaculata,-64.9,-46.06666667
Bathyraja albomaculata,-64,-49
Bathyraja albomaculata,-68.23333333333333,-54.8
Bathyraja albomaculata,-64.91666667,-45.3
Bathyraja albomaculata,-60.150002,-54.733334
Bathyraja albomaculata,-63.95,-46.41666667
Bathyraja albomaculata,-65.58333333,-45.23333333
Bathyraja albomaculata,-63.98333333,-45.81666667
Bathyraja albomaculata,-63,-48.366665
Bathyraja albomaculata,-60.016666,-45.083332
Bathyraja albomaculata,-60.2000007629,-52.8670005798
Bathyraja albomaculata,-62.049999,-47
Bathyraja albomaculata,-58.9833333333333,-43.3333333333333
Bathyraja albomaculata,-64.98333333,-45.25
Bathyraja albomaculata,-64.53333333,-46.25
Bathyraja albomaculata,-61.8333333333333,-51.9166666666667
Bathyraja albomaculata,-58.716667,-42.400002
Bathyraja albomaculata,-64.35,-45.51666667
Bathyraja albomaculata,-64.78333333,-45.36666667
Bathyraja albomaculata,-60.2,-52.867
Bathyraja albomaculata,-64.61666667,-46.35
Bathyraja albomaculata,-63.3833333333333,-48.2
Bathyraja albomaculata,-61.483334,-50.483334
Bathyraja albomaculata,-57.383,-51.617
Bathyraja albomaculata,-57.983334,-41
Bathyraja albomaculata,-64.66666667,-45.75
Bathyraja albomaculata,-61.316666,-47.716667
Bathyraja albomaculata,-63.79583,-52.6
Bathyraja albomaculata,-56.833332,-40.383335
Bathyraja albomaculata,-63.66667,-52.6
Bathyraja albomaculata,-57.700001,-41.549999
Bathyraja albomaculata,-64.91666667,-45.23333333
Bathyraja albomaculata,-57.016666,-41
Bathyraja albomaculata,-58.400002,-52.5
Bathyraja albomaculata,-62.966667,-50
Bathyraja albomaculata,-60.083332,-44.483334
Bathyraja albomaculata,-64.2167,-51.7333
Bathyraja albomaculata,-65.16666667,-46.05
Bathyraja albomaculata,-60.700001,-46.950001
Bathyraja albomaculata,-56.1,-39.9666666666667
Bathyraja albomaculata,-64.3167,-52.3833
Bathyraja albomaculata,-65.25,-45.86666667
Bathyraja albomaculata,-64.95,-45.28333333
Bathyraja albomaculata,-67.583336,-51.533333
Bathyraja albomaculata,-64,-47.983334
Bathyraja albomaculata,-64.21667,-51.73333
Bathyraja albomaculata,-60.4666666666667,-46.9
Bathyraja albomaculata,-61.483334,-49.5
Bathyraja albomaculata,-59.466667,-43.400002
Bathyraja albomaculata,-63,-45
Bathyraja albomaculata,-59.5333333333333,-43.8333333333333
Bathyraja albomaculata,-63.9,-46.31666667
Bathyraja albomaculata,-66.81666667,-45.08333333
Bathyraja albomaculata,-56.516666,-40.299999
Bathyraja albomaculata,-63.116665,-48.033333
Bathyraja albomaculata,-65.13333333,-45.66666667
Bathyraja albomaculata,-64.66666667,-45.85
Bathyraja albomaculata,-56.8666666666667,-40.95
Bathyraja albomaculata,-63.2333333333333,-47.7833333333333
Bathyraja albomaculata,-64,-46.2
Bathyraja albomaculata,-65.45,-45.95
Bathyraja albomaculata,-60.866665,-47.033333
Bathyraja albomaculata,-65.46666667,-46.05
Bathyraja albomaculata,-60.0333333333333,-45.2166666666667
Bathyraja albomaculata,-65.1,-45.61666667
Bathyraja albomaculata,-65,-51
Bathyraja albomaculata,-58.266666,-42.066666
Bathyraja albomaculata,-60.083332,-45.466667
Bathyraja albomaculata,-62.35,-52.4
Bathyraja albomaculata,-61.5,-45.516666
Bathyraja albomaculata,-60.983334,-46.983334
Bathyraja albomaculata,-59.9333333333333,-45.3
Bathyraja albomaculata,-60.516666,-44.716667
Bathyraja albomaculata,-63.400002,-51.516666
Bathyraja albomaculata,-65.43333333,-45.93333333
Bathyraja albomaculata,-58.666668,-54.450001
Bathyraja albomaculata,-58.950001,-42.683334
Bathyraja albomaculata,-58,-54.0666666666667
Bathyraja albomaculata,-64.98333333,-45.35
Bathyraja albomaculata,-60.483334,-47.516666
Bathyraja albomaculata,-59.4,-54.8166666666667
Bathyraja albomaculata,-64.35,-45.5
Bathyraja albomaculata,-64.98333333,-45.21666667
Bathyraja albomaculata,-65.31666667,-45.91666667
Bathyraja albomaculata,-66.78333333,-45.3
Bathyraja albomaculata,-56.233334,-52.516666
Bathyraja albomaculata,-65.06666667,-45.6
Bathyraja albomaculata,-59.633335,-43.849998
Bathyraja albomaculata,-58.516666,-41.5
Bathyraja albomaculata,-64.81666667,-45.21666667
Bathyraja albomaculata,-60.916668,-54.966667
Bathyraja albomaculata,-58.683334,-49.416668
Bathyraja albomaculata,-81.3457,19.268
Bathyraja albomaculata,-64.98333333,-45.96666667
Bathyraja albomaculata,-64.65,-46.33333333
Bathyraja albomaculata,-65.16666667,-46.03333333
Bathyraja albomaculata,-63.166668,-46.666668
Bathyraja albomaculata,-61.049999,-51.983334
Bathyraja albomaculata,-56.3,-54.35
Bathyraja albomaculata,-60.266666,-45.483334
Bathyraja albomaculata,-65.08333333,-45.63333333
Bathyraja albomaculata,-57.516666,-41.516666
Bathyraja albomaculata,-64.31667,-52.38333
Bathyraja albomaculata,-62.466667,-51.466667
Bathyraja albomaculata,-60.45,-46.25
Bathyraja albomaculata,-62.583332,-47.516666
Bathyraja albomaculata,-59.233334,-43.016666
Bathyraja albomaculata,-64.86666667,-45.26666667
Bathyraja albomaculata,-59.683334,-49.566666
Bathyraja albomaculata,-64.45,-45.75
Bathyraja albomaculata,-63.95,-46.38333333
Bathyraja albomaculata,-56.7666666666667,-51.7833333333333
Bathyraja albomaculata,-60,-45.099998
Bathyraja albomaculata,-60.099998,-44.566666
Bathyraja albomaculata,-60.533333,-44.733334
Bathyraja albomaculata,-65.56666667,-45.23333333
Bathyraja albomaculata,-65.449997,-51.5
Bathyraja albomaculata,-58.45417,-52.4875
Bathyraja albomaculata,-60.5333333333333,-46.2833333333333
Bathyraja albomaculata,-60.45,-45.8166666666667
Bathyraja albomaculata,-63,-48
Bathyraja albomaculata,-64.46666667,-45.75
Bathyraja albomaculata,-56.083332,-39.716667
Bathyraja albomaculata,-60.25,-47.5
Bathyraja albomaculata,-59.316666,-43.183334
Bathyraja albomaculata,-55.2833333333333,-38.9666666666667
Bathyraja albomaculata,-57.3666666666667,-52.0333333333333
Bathyraja albomaculata,-57.9,-50.1666666666667
Bathyraja albomaculata,-68.25,-51.049999
Bathyraja albomaculata,-64.85,-45.23333333
Bathyraja albomaculata,-65.55,-45.25
Bathyraja albomaculata,-62.75,-43.516666
Bathyraja albomaculata,-62.5,-49.5
Bathyraja albomaculata,-64.71666667,-45.35
Bathyraja albomaculata,-58.450001,-40.5
