species,decimalLongitude,decimalLatitude
Bathymicrops regis,-14.5666666666667,42.8333333333333
Bathymicrops regis,-14.4333333333333,41.7833333333333
Bathymicrops regis,-17.65,29.8
Bathymicrops regis,-13.4166666666667,42.9
Bathymicrops regis,-14.2833333333333,42.4333333333333
Bathymicrops regis,-40.5666667,1.9666667
Bathymicrops regis,-30.4491996765,24.1758499146
Bathymicrops regis,-24.983,24.8
Bathymicrops regis,-49.033,8.167
Bathymicrops regis,-45.25,10.983
Bathymicrops regis,-24.23333,28.9
Bathymicrops regis,-25.5533333,11.2
Bathymicrops regis,-18.667,1.05
Bathymicrops regis,-18.6669998169,1.04999995232
Bathymicrops regis,-18.6667,1.05
Bathymicrops regis,-46.733001709,10.3999996185
Bathymicrops regis,-45.25,10.9829998016
Bathymicrops regis,-27.89,29.8
Bathymicrops regis,-40.35,4.72
Bathymicrops regis,-19.1333333,1.7466667
Bathymicrops regis,-29.8169994354,19.25
Bathymicrops regis,30.75,-34.150002
Bathymicrops regis,-49.067,8.15
Bathymicrops regis,-42.65,42.7
Bathymicrops regis,-24.9829998016,24.7999992371
Bathymicrops regis,-46.75,10.417
Bathymicrops regis,-49.0670013428,8.14999961853
Bathymicrops regis,-46.733,10.4
Bathymicrops regis,-74.195,28.291667
Bathymicrops regis,-29.817,19.25
Bathymicrops regis,-51.7333,12.2167
Bathymicrops regis,-49.0499992371,8.1829996109
Bathymicrops regis,-46.783,10.383
Bathymicrops regis,-46.766998291,10.4169998169
Bathymicrops regis,-46.783000946,10.3830003738
Bathymicrops regis,159.900344849,25.298333168
