species,decimalLongitude,decimalLatitude
Bathygobius cocosensis,113.78333,-28.46667
Bathygobius cocosensis,113.83941818,-22.23723118
Bathygobius cocosensis,113.76667,-23.11667
Bathygobius cocosensis,150.00833,-37.5
Bathygobius cocosensis,113.87730417,-22.13186648
Bathygobius cocosensis,150.4,-34.383
Bathygobius cocosensis,151.266,-33.833
Bathygobius cocosensis,116.53333,-20.46667
Bathygobius cocosensis,153.15,-26.8
Bathygobius cocosensis,113.41667,-24.48333
Bathygobius cocosensis,113.8,-22.35
Bathygobius cocosensis,153.3,-29.783
Bathygobius cocosensis,115.61667,-20.43333
Bathygobius cocosensis,153.364,-29.47882
Bathygobius cocosensis,116.53333,-20.48333
Bathygobius cocosensis,114.174572,-21.8295877
Bathygobius cocosensis,153.55,-28.166667
Bathygobius cocosensis,150.883,-34.433
Bathygobius cocosensis,151.66005,-33.09641
Bathygobius cocosensis,153.485,-26.98
Bathygobius cocosensis,151.25,-34.033
Bathygobius cocosensis,150.166,-36
Bathygobius cocosensis,115.56666,-20.4
Bathygobius cocosensis,115.56667,-20.4
Bathygobius cocosensis,151.266,-33.633
Bathygobius cocosensis,113.94532745,-21.96216403
Bathygobius cocosensis,150.48828,-35.36696
Bathygobius cocosensis,153.2,-30.066
Bathygobius cocosensis,153.283,-29.816
Bathygobius cocosensis,115.46167,-20.50028
Bathygobius cocosensis,153.57549,-28.36133
Bathygobius cocosensis,153.35,-29.4
Bathygobius cocosensis,145.23333,-29.46667
Bathygobius cocosensis,153.36383,-29.47882
Bathygobius cocosensis,114.33333,-21.65
Bathygobius cocosensis,150.88054,-34.54666
Bathygobius cocosensis,105.66667,-10.43333
Bathygobius cocosensis,153.55,-27.433
Bathygobius cocosensis,115.11667,-21.63333
Bathygobius cocosensis,153.606,-28.82266
Bathygobius cocosensis,150.01583,-37.22166
Bathygobius cocosensis,153.616,-28.716
Bathygobius cocosensis,153.55,-27.433333
Bathygobius cocosensis,153.61882,-28.7075
Bathygobius cocosensis,153.133,-30.483
Bathygobius cocosensis,153.25,-29.833
Bathygobius cocosensis,151.266,-33.85
Bathygobius cocosensis,153.56666,-28.2
Bathygobius cocosensis,113.16667,-26.13333
Bathygobius cocosensis,153.55,-28.533
Bathygobius cocosensis,113.93333,-21.93333
Bathygobius cocosensis,153.59716,-28.80183
Bathygobius cocosensis,151.316,-33.75
Bathygobius cocosensis,152.533,-32.433
Bathygobius cocosensis,151.166,-33.866
Bathygobius cocosensis,151.283,-33.8
Bathygobius cocosensis,115.58333,-20.43333
Bathygobius cocosensis,153.55,-28.16667
Bathygobius cocosensis,153.58282,-28.258
Bathygobius cocosensis,116.567,-20.483
Bathygobius cocosensis,153.57632,-28.3615
Bathygobius cocosensis,153.5505,-28.53749
Bathygobius cocosensis,153.55,-27.43333
Bathygobius cocosensis,153.15,-30.3
Bathygobius cocosensis,153.136389,-26.678889
Bathygobius cocosensis,151.25,-33.833
Bathygobius cocosensis,150.53568,-35.22478
Bathygobius cocosensis,150.9,-34.6
Bathygobius cocosensis,153.3,-29.816
Bathygobius cocosensis,124.27472,-16.24027
Bathygobius cocosensis,153.55,-27.41667
Bathygobius cocosensis,113.28333,-26.35
Bathygobius cocosensis,115.55083,-20.47639
Bathygobius cocosensis,153.3,-29.883
Bathygobius cocosensis,151.233,-34
Bathygobius cocosensis,152.466,-32.383
Bathygobius cocosensis,153.633,-28.65
Bathygobius cocosensis,153.55,-27.416
Bathygobius cocosensis,153.52749,-28.33399
Bathygobius cocosensis,116.81667,-20.43333
Bathygobius cocosensis,116.533,-20.466
Bathygobius cocosensis,113.66667,-22.71667
Bathygobius cocosensis,114.16667,-21.78333
Bathygobius cocosensis,153.45,-27.03333
Bathygobius cocosensis,153.41666,-27.96667
Bathygobius cocosensis,153.016666667,-30.7333333333
Bathygobius cocosensis,152.93333,-31.48333
Bathygobius cocosensis,153.566667,-28.2
Bathygobius cocosensis,153.016662598,-30.7333335876
Bathygobius cocosensis,105.66667,-10.48333
Bathygobius cocosensis,119.36667,-17.3
Bathygobius cocosensis,152.533,-32.466
Bathygobius cocosensis,105.66667,-10.5
Bathygobius cocosensis,151.283,-33.883
Bathygobius cocosensis,124.41694,-16.13194
Bathygobius cocosensis,153.283,-29.783
Bathygobius cocosensis,113.85,-22.33333
Bathygobius cocosensis,153.133,-26.8
Bathygobius cocosensis,153.13639,-26.67889
Bathygobius cocosensis,152.633,-32.433
Bathygobius cocosensis,113.638598575259,-25.9522459340334
Bathygobius cocosensis,153.45,-27.033333
Bathygobius cocosensis,105.7,-10.46667
Bathygobius cocosensis,113.86667,-22.2
Bathygobius cocosensis,153.0166667,-30.73333333
Bathygobius cocosensis,151.3,-33.716
Bathygobius cocosensis,116.8,-20.46667
Bathygobius cocosensis,153.416667,-27.966667
Bathygobius cocosensis,105.7,-10.45
