species,decimalLongitude,decimalLatitude
Bathygobius curacao,-77.0833,18.4
Bathygobius curacao,-60.8188896179,11.1666669846
Bathygobius curacao,-88.0999984741,16.7999992371
Bathygobius curacao,-81.70133,24.557878
Bathygobius curacao,-88.10626,16.82763
Bathygobius curacao,-79.8736111323039,9.40416666666667
Bathygobius curacao,-97.7937316895,22.279958725
Bathygobius curacao,-79.9483333587646,9.35805555979411
Bathygobius curacao,-80.6866667,24.84
Bathygobius curacao,-59.5,13.2
Bathygobius curacao,-77.86342,25.416901
Bathygobius curacao,-97.7322,23.0561
Bathygobius curacao,-79.654307,9.578438
Bathygobius curacao,-87.5999985,19
Bathygobius curacao,-94.1317977905,18.211057663
Bathygobius curacao,-68.596848,12.15456
Bathygobius curacao,-82.887260437,23.0251464844
Bathygobius curacao,-80.143975,25.749619
Bathygobius curacao,-82.4466667,25.1399967
Bathygobius curacao,-77.395256,25.081229
Bathygobius curacao,-79.877533,9.400071
Bathygobius curacao,-81.386804,25.859953
Bathygobius curacao,-82.6907272339,27.4702758789
Bathygobius curacao,-80.65337,24.90347
Bathygobius curacao,-59.5388888889,13.2166666667
Bathygobius curacao,-60.8386,11.1554
Bathygobius curacao,-94.021156311,18.3952617645
Bathygobius curacao,-80.58809662,24.9545002
Bathygobius curacao,-68.967916,12.133404
Bathygobius curacao,-82.3406906128,24.7805652618
Bathygobius curacao,-81.3019444,24.6527778
Bathygobius curacao,-81.683647,24.575195
Bathygobius curacao,-87.3000031,20.3666668
Bathygobius curacao,-81.770353,24.550948000000002
Bathygobius curacao,-59.53888889,13.21666667
Bathygobius curacao,-81.37790814,13.37351754
Bathygobius curacao,-85.9019444,16.4383333
Bathygobius curacao,-79.836433,9.39944
Bathygobius curacao,-80.1525,25.59
Bathygobius curacao,-80.16306,25.69333
Bathygobius curacao,-60.8189,11.1667
Bathygobius curacao,-76.1798,23.7481
Bathygobius curacao,-77.35092,25.008898
Bathygobius curacao,-81.0289,24.72494
Bathygobius curacao,-80.158035,25.732991
Bathygobius curacao,-80.79134,24.84366
Bathygobius curacao,-79.8708333333333,9.40416666666667
Bathygobius curacao,-81.359286,19.252431
Bathygobius curacao,-82.9241667,24.6283333
Bathygobius curacao,-80.16059,25.72879
Bathygobius curacao,-79.949167,9.371944
Bathygobius curacao,-76.139599,23.702986
Bathygobius curacao,-80.1630556,25.6930556
Bathygobius curacao,-81.5700033,25.6750033
Bathygobius curacao,-65.710315,18.372934
Bathygobius curacao,-80.073995,26.944216
Bathygobius curacao,-79.271062,25.546335
Bathygobius curacao,-79.869722,9.400833
Bathygobius curacao,-79.870065,9.407268
Bathygobius curacao,-79.9638888676961,9.370555559794107
Bathygobius curacao,-76.1798171997,23.7481002808
Bathygobius curacao,-80.086736,26.946359
Bathygobius curacao,-85.8838889,16.4438889
Bathygobius curacao,-79.869035,9.406422
Bathygobius curacao,-81.1180556,24.7072222
Bathygobius curacao,-80.4569444,25.0722222
Bathygobius curacao,-79.8625,9.39583333333333
Bathygobius curacao,-78.9038888931274,9.54944445292155
Bathygobius curacao,-80.21667,25.56556
Bathygobius curacao,-81.15528,24.7044
Bathygobius curacao,-81.4750033,25.6816633
Bathygobius curacao,-97.6327133179,22.3360748291
Bathygobius curacao,-79.8389,9.42778
Bathygobius curacao,-86.5596389771,30.4191112518
Bathygobius curacao,-74.1319274902,11.3280267715
Bathygobius curacao,-80.15069,25.7621
Bathygobius curacao,-80.15237,25.75846
Bathygobius curacao,-74.494507,20.351609
Bathygobius curacao,-80.153365,25.729902
Bathygobius curacao,-77.155797,25.101511
Bathygobius curacao,-81.3779067993,13.3735179901
Bathygobius curacao,-83.2079162598,27.3017368317
Bathygobius curacao,-79.290882,25.738697
Bathygobius curacao,-80.078185,26.951934
Bathygobius curacao,-77.871724,24.692826
Bathygobius curacao,-80.1633333,25.7316667
Bathygobius curacao,-81.2316667,24.6883333
Bathygobius curacao,-80.6783333,24.8758333
Bathygobius curacao,-79.947211,9.370308
Bathygobius curacao,-81.18889,24.685
Bathygobius curacao,-81.2766667,24.6566667
Bathygobius curacao,-78.977619,26.680568
Bathygobius curacao,-75.761174,23.522316
Bathygobius curacao,-82.1633333,24.5483333
Bathygobius curacao,-80.8372222,24.8088889
Bathygobius curacao,-82.160726,24.553354
Bathygobius curacao,-80.69474,24.90327
Bathygobius curacao,-80.74810028,24.84440041
Bathygobius curacao,-66.5,11.83
Bathygobius curacao,-74.483503,23.978727
Bathygobius curacao,-80.07819,26.95535
Bathygobius curacao,-86.6693878174,30.2504348755
Bathygobius curacao,-81.00897,24.74643
Bathygobius curacao,-80.7233333,24.8408333
Bathygobius curacao,-77.298694,25.009897
Bathygobius curacao,-81.082893,19.32268
Bathygobius curacao,-77.270658,25.07517
Bathygobius curacao,-81.4666633,24.85
Bathygobius curacao,-65.563512,18.119763
Bathygobius curacao,-77.332425,26.760693
Bathygobius curacao,-81.670546,24.574468
Bathygobius curacao,-86.9930556,16.0902778
Bathygobius curacao,-87.847977,16.713544
Bathygobius curacao,-68.9588888804118,12.1216666698456
Bathygobius curacao,-86.8166656,20.7666664
Bathygobius curacao,-80.14638,25.727
Bathygobius curacao,-79.9480555852254,9.35888888041178
Bathygobius curacao,-77.142784,25.131625
Bathygobius curacao,-87.4416667,19.3666667
Bathygobius curacao,-81.770061,24.550983
Bathygobius curacao,-80.162682,25.676559
Bathygobius curacao,-80.9325,24.7741667
Bathygobius curacao,-80.91539764,24.79199982
