species,decimalLongitude,decimalLatitude
Bathygadus favosus,6.0011,-26.1665
Bathygadus favosus,-67.3371964,39.8786011
Bathygadus favosus,6.2814,-24.9558
Bathygadus favosus,-82.55,16.8
Bathygadus favosus,-77.0716667,23.7983333
Bathygadus favosus,-63.5,18.5
Bathygadus favosus,-9.817,32.567
Bathygadus favosus,-77.1,23.6166667
Bathygadus favosus,-76.8666667,23.7033333
Bathygadus favosus,-94.6644821167,26.5117797852
Bathygadus favosus,8.2346,-23.2752
Bathygadus favosus,8.2978,-23.2226
Bathygadus favosus,-86.5610198975,24.06275177
Bathygadus favosus,-7.71700000763,34.466999054
Bathygadus favosus,-77.0891667,23.4958333
Bathygadus favosus,6.4112,-24.6904
Bathygadus favosus,5.8311,-25.5809
Bathygadus favosus,6.1461,-26.1422
Bathygadus favosus,-90.615,28.0349967
Bathygadus favosus,-9.53299999237,36.75
Bathygadus favosus,-67.50805556,39.95111111
Bathygadus favosus,-68.8,11.7666667
Bathygadus favosus,-97,23.4166667
Bathygadus favosus,-83.6,24.25
Bathygadus favosus,5.4054,-26.1839
Bathygadus favosus,6.3991,-24.8667
Bathygadus favosus,5.889,-25.9459
Bathygadus favosus,-80.9266667,9.1683333
Bathygadus favosus,-79.4683333,16.9666667
Bathygadus favosus,6.1437,-25.487
Bathygadus favosus,8.3504,-23.2019
Bathygadus favosus,-67.429993,39.880138
Bathygadus favosus,-7.717,34.467
Bathygadus favosus,59.73333333333333,-8.416666666666666
Bathygadus favosus,-87.0333328247,28.6416664124
Bathygadus favosus,-96.916667,21.683333
Bathygadus favosus,-66.1133333,11.7966667
Bathygadus favosus,-63.5250015259,15.411110878
Bathygadus favosus,-11.0183000565,31.595000267
Bathygadus favosus,-76.5716667,9.4783333
Bathygadus favosus,-93.5104827881,19.2420463562
Bathygadus favosus,-82.928817749,23.0369167328
Bathygadus favosus,5.722,-25.9858
Bathygadus favosus,-67.63333333,10.93333333
Bathygadus favosus,-8.10000038147,36.1829986572
Bathygadus favosus,-97.3125076294,22.4503555298
Bathygadus favosus,5.5947,-26.2702
Bathygadus favosus,5.5027,-26.398
Bathygadus favosus,6.3376,-24.6756
Bathygadus favosus,-88.2854156494,27.7368030548
Bathygadus favosus,-87.4499969482,28.7916679382
Bathygadus favosus,-16.0400009155,25.8675003052
Bathygadus favosus,-67.43972222,39.88083333
Bathygadus favosus,-92.7973098755,20.430393219
Bathygadus favosus,6.1377,-25.4988
Bathygadus favosus,14.3832998276,-30.0499992371
Bathygadus favosus,-90.5416667,27.7
Bathygadus favosus,-87.2833333,29.1833333
Bathygadus favosus,6.0333,-25.45
Bathygadus favosus,6.1416,-25.7485
Bathygadus favosus,4.45,4.25
Bathygadus favosus,-74.80833,12.2800033
Bathygadus favosus,5.8617,-25.5905
Bathygadus favosus,17.2166666666667,-33.8166666666667
Bathygadus favosus,-13.513299942,28.2783002853
Bathygadus favosus,-67.5081024,39.9510994
Bathygadus favosus,6.1255,-25.4466
Bathygadus favosus,-93.4,27.8666633
Bathygadus favosus,-81.45,23.9
Bathygadus favosus,-96.0822906494,26.9641723633
Bathygadus favosus,-89.180305481,23.6420974731
Bathygadus favosus,8.241,-23.1549
Bathygadus favosus,-85.4,16.3483367
Bathygadus favosus,-60.75333333,14.28333333
Bathygadus favosus,-82.7833333,23.55
Bathygadus favosus,-87.15,28.55
Bathygadus favosus,-77.2433333,23.7633333
Bathygadus favosus,-91.7559509277,27.6920986176
Bathygadus favosus,-96,25.2833333
Bathygadus favosus,-76.75,23.55
Bathygadus favosus,6.033333333333333,-25.45
Bathygadus favosus,-97.0733333,23.5733333
Bathygadus favosus,-22,6.85
Bathygadus favosus,-76.8833333,9.025
Bathygadus favosus,-67.436467,39.8739
Bathygadus favosus,-81.6166667,23.8333333
Bathygadus favosus,-67.41972222,39.87972222
Bathygadus favosus,45.191667,-32.883333
Bathygadus favosus,6.039,-25.877
Bathygadus favosus,5.1392,-26.56
Bathygadus favosus,-93.2677833,27.8125
Bathygadus favosus,-17.1157999039,24.2216997147
Bathygadus favosus,-67.44166667,39.89166667
Bathygadus favosus,-7.69999980927,35.516998291
Bathygadus favosus,6.1426,-25.554
Bathygadus favosus,-67.33722222,39.87861111
Bathygadus favosus,-61.125,14.53166667
Bathygadus favosus,-77.2333333,23.615
Bathygadus favosus,6.1631,-25.6545
Bathygadus favosus,60.63333333333333,-9.666666666666666
Bathygadus favosus,-7,35
Bathygadus favosus,5.7329,-26.22
Bathygadus favosus,-77.1041667,23.815
Bathygadus favosus,-67.6333333,10.9333333
Bathygadus favosus,-76.7125,23.57
Bathygadus favosus,-8,35.4329986572
Bathygadus favosus,4.2333333,5.3166667
Bathygadus favosus,-67.439888,39.880787
Bathygadus favosus,-7.7,35.517
Bathygadus favosus,-8,35.433
Bathygadus favosus,-64.9833333,17.7416667
Bathygadus favosus,-87.1689300537,29.4725894928
Bathygadus favosus,-74.94166667,20.825
Bathygadus favosus,-63.525,15.411111
Bathygadus favosus,-77.4216667,9.0033333
Bathygadus favosus,-93.5333367,27.91333
Bathygadus favosus,-7.65,34.4
Bathygadus favosus,-79.88333333,16.63333333
Bathygadus favosus,-76.8533333,23.8366667
Bathygadus favosus,-76.9166667,23.5333333
Bathygadus favosus,6.013,-25.6824
Bathygadus favosus,-13.8949999809,27.8699998856
Bathygadus favosus,-95.3683333,19.005
Bathygadus favosus,-76.05,10.2666667
Bathygadus favosus,-67.419283,39.923617
Bathygadus favosus,-89.266784668,23.7812156677
Bathygadus favosus,-76.8716667,23.8708333
Bathygadus favosus,6.008,-26.1847
Bathygadus favosus,6.4755,-24.957
Bathygadus favosus,-92.0391667,27.6436067
Bathygadus favosus,-12.5549998283,29.3583498001
Bathygadus favosus,-97.8399967,24.205
Bathygadus favosus,6.0505,-25.5627
Bathygadus favosus,-77.2916667,24.1633333
Bathygadus favosus,-97,23.416667
Bathygadus favosus,-91.2528991699,26.9163532257
Bathygadus favosus,5.9772,-25.9033
Bathygadus favosus,-76,10.2583333
Bathygadus favosus,5.7893,-25.3458
Bathygadus favosus,-7,34
Bathygadus favosus,5.7915,-25.3381
Bathygadus favosus,-81.0333333,23.85
Bathygadus favosus,32.6399993896,-28.6299991608
Bathygadus favosus,-12.6633501053,29.1399993896
Bathygadus favosus,-9.533,36.75
Bathygadus favosus,6.528,-24.6256
Bathygadus favosus,-77.1366667,23.5983333
Bathygadus favosus,59.683333,-8.533333
Bathygadus favosus,-14.5199999809,36.7824993134
Bathygadus favosus,-8.1,36.183
Bathygadus favosus,-9.8170003891,32.5670013428
Bathygadus favosus,-9.8170003891,32.6329994202
Bathygadus favosus,-84.7157211304,26.7991352081
Bathygadus favosus,-83.55,24.2166667
Bathygadus favosus,14.3699998856,-30.0599994659
Bathygadus favosus,-85.0999984741,27.3999996185
Bathygadus favosus,45.19,-32.88
Bathygadus favosus,-77.24,23.9416667
Bathygadus favosus,-76.7466667,23.555
Bathygadus favosus,-77.1166667,23.6366667
Bathygadus favosus,-74.50166,12.11333
Bathygadus favosus,-83.2166667,23.8833333
Bathygadus favosus,-75.14166667,20.825
Bathygadus favosus,-93.915,27.9466667
Bathygadus favosus,-96.3978271484,22.7736930847
Bathygadus favosus,-29.536,42.933
Bathygadus favosus,-72.9166667,12.1
Bathygadus favosus,5.8551,-26.1535
Bathygadus favosus,-9.817,32.633
Bathygadus favosus,6.4052,-24.8674
Bathygadus favosus,-97.05,23.4666667
Bathygadus favosus,-7.69999980927,34.483001709
Bathygadus favosus,-87.0333,28.6417
Bathygadus favosus,-86.36666666,23.13333333
Bathygadus favosus,-68.9416667,19.2083333
Bathygadus favosus,6.1245,-26.1794
Bathygadus favosus,-7.7,34.483
Bathygadus favosus,-96.8,21.55
Bathygadus favosus,6.3211,-24.7113
Bathygadus favosus,-67.43,39.88
Bathygadus favosus,-84.9392242432,26.7211151123
Bathygadus favosus,-96.55,24.0166667
Bathygadus favosus,-12.394200325,29.4083499908
Bathygadus favosus,-97.81,22.1666633
Bathygadus favosus,-7.65000009537,34.4000015259
Bathygadus favosus,-88.45,28.8166667
Bathygadus favosus,-87.1716633,28.2
Bathygadus favosus,-76.1416667,17.5583333
