species,decimalLongitude,decimalLatitude
Bathyprion danae,-67.9000015259,13.8000001907
Bathyprion danae,-19.733,44.252
Bathyprion danae,-13.483,42.933
Bathyprion danae,-68.94166667,38.79166667
Bathyprion danae,-13.4833333333333,42.9333333333333
Bathyprion danae,-16.25,52.916
Bathyprion danae,-27.825,42.808
Bathyprion danae,-29.306,42.912
Bathyprion danae,2.93333333333333,-27.2333333333333
Bathyprion danae,10.5170001984,-18.466999054
Bathyprion danae,10.517,-18.467
Bathyprion danae,-8.983,47.503
Bathyprion danae,-25.883,55.717
Bathyprion danae,-109.5,-11.2250003815
Bathyprion danae,157.03333,-33.43333
Bathyprion danae,-2,-21.5833333333333
Bathyprion danae,-8.98299980164,47.5029983521
Bathyprion danae,-16.8099999745687,46.0833333333333
Bathyprion danae,-25.8833333333333,55.7166666666667
Bathyprion danae,-19.7333333333333,44.25
Bathyprion danae,-16.307,52.938
