species,decimalLongitude,decimalLatitude
Bathyuroconger vicinus,152.983,-32.55
Bathyuroconger vicinus,153.15,-32.1
Bathyuroconger vicinus,151.233,-34.9
Bathyuroconger vicinus,148.333,-39.95
Bathyuroconger vicinus,152.783,-32.85
Bathyuroconger vicinus,148.833,-39.95
Bathyuroconger vicinus,150.883,-35.467
Bathyuroconger vicinus,152.083,-33.633
Bathyuroconger vicinus,112.71,-28.0683
Bathyuroconger vicinus,151.25,-34.933
Bathyuroconger vicinus,151.233,-34.867
Bathyuroconger vicinus,152.117,-33.6
Bathyuroconger vicinus,152.817,-32.85
Bathyuroconger vicinus,112.85833,-20.92333
Bathyuroconger vicinus,150.883,-35.5
Bathyuroconger vicinus,112.865,-20.905
Bathyuroconger vicinus,150.15,-38.083
Bathyuroconger vicinus,151.233,-34.917
Bathyuroconger vicinus,151.25,-34.883
Bathyuroconger vicinus,112.71,-28.06833
Bathyuroconger vicinus,152.033,-33.633
Bathyuroconger vicinus,151.25,-34.917
Bathyuroconger vicinus,152.683,-32.917
Bathyuroconger vicinus,150.917,-35.45
Bathyuroconger vicinus,152.167,-33.433
Bathyuroconger vicinus,153,-32.5
Bathyuroconger vicinus,152.75,-32.933
Bathyuroconger vicinus,112.8583,-20.9233
