species,decimalLongitude,decimalLatitude
Bathysauropsis gracilis,144.39333,-41.87333
Bathysauropsis gracilis,151.387,-34.9733
Bathysauropsis gracilis,134.108,-35.80445
Bathysauropsis gracilis,144.75167,-42.36667
Bathysauropsis gracilis,130.28,-34.641
Bathysauropsis gracilis,131.64067,-35.1555
Bathysauropsis gracilis,129.1635,-34.06665
Bathysauropsis gracilis,130.7135,-34.7669
Bathysauropsis gracilis,139.33625,-37.88222
Bathysauropsis gracilis,134.083,-35.5712
Bathysauropsis gracilis,144.405,-41.88333
Bathysauropsis gracilis,130.71267,-34.7675
Bathysauropsis gracilis,153.16067,-32.57717
Bathysauropsis gracilis,131.0565,-34.62215
Bathysauropsis gracilis,132.68,-35.7876
Bathysauropsis gracilis,134.0515,-35.35205
Bathysauropsis gracilis,153.162,-32.575
Bathysauropsis gracilis,132.691,-35.3196
Bathysauropsis gracilis,149.47517,-38.5755
Bathysauropsis gracilis,130.031,-34.41425
Bathysauropsis gracilis,149.352,-38.5235
Bathysauropsis gracilis,150.644,-36.355
Bathysauropsis gracilis,152.31166,-33.8125
Bathysauropsis gracilis,144.4975,-41.9675
Bathysauropsis gracilis,131.738,-34.78695
Bathysauropsis gracilis,131.383,-34.2956
Bathysauropsis gracilis,131.8525,-34.7234
Bathysauropsis gracilis,151.374,-34.6995
Bathysauropsis gracilis,130.711,-34.8556
Bathysauropsis gracilis,130.7135,-34.77367
Bathysauropsis gracilis,153.16167,-32.575
Bathysauropsis gracilis,131.6315,-35.1686
Bathysauropsis gracilis,153.899,-30.0977
Bathysauropsis gracilis,129.9485,-34.34735
Bathysauropsis gracilis,130.7135,-34.75525
