species,decimalLongitude,decimalLatitude
Belonepterygion fasciolatum,153.416,-27.483
Belonepterygion fasciolatum,153.485,-27.97666
Belonepterygion fasciolatum,124.27472,-16.24027
Belonepterygion fasciolatum,153.41666,-27.46667
Belonepterygion fasciolatum,113.78333,-28.48333
Belonepterygion fasciolatum,114.91667,-29.26667
Belonepterygion fasciolatum,113.41667,-24.48333
Belonepterygion fasciolatum,114.03333,-28.91667
Belonepterygion fasciolatum,153.25,-27.25
Belonepterygion fasciolatum,124.42778,-16.07777
Belonepterygion fasciolatum,113.78333,-28.46667
Belonepterygion fasciolatum,153.416667,-27.466667
Belonepterygion fasciolatum,124.46417,-16.10972
Belonepterygion fasciolatum,113.95,-21.91667
Belonepterygion fasciolatum,115.45,-32.01667
Belonepterygion fasciolatum,153.485,-27.976667
Belonepterygion fasciolatum,124.52166,-15.99138
