species,decimalLongitude,decimalLatitude
Bembradium roseum,120.37,22.25
Bembradium roseum,167.240005493164,-22.9300003051758
Bembradium roseum,159.717010498,25.2233495712
Bembradium roseum,168.352,-24.963
Bembradium roseum,168.360000610352,-24.9099998474121
Bembradium roseum,-156.733,21.0333
Bembradium roseum,-156.782,21.0067
Bembradium roseum,-156.517,21.0667
Bembradium roseum,167.767,-23.083
Bembradium roseum,168.36,-24.91
Bembradium roseum,167.5,-17.5
Bembradium roseum,168.27616666158042,-23.75383332570394
Bembradium roseum,-160.06637,21.82644
Bembradium roseum,167.70833333333334,-23.631666692097983
Bembradium roseum,60.08333333333334,-9.416666666666666
Bembradium roseum,168.270004272461,-23.75
Bembradium roseum,-156.719913,21.041999
Bembradium roseum,-160.13834,21.75057
Bembradium roseum,166.960006713867,-23.0400009155273
Bembradium roseum,167.699996948242,-23.6299991607666
Bembradium roseum,48.168,-12.735
Bembradium roseum,168.27,-23.75
Bembradium roseum,171.63,35.31
Bembradium roseum,48.2010002136,-12.4519996643
Bembradium roseum,167.210006713867,-22.8600006103516
Bembradium roseum,-156.733,21.0167
Bembradium roseum,167.7,-23.63
Bembradium roseum,-156.75,21.0333
Bembradium roseum,168.36166667938232,-24.916666666666668
Bembradium roseum,-86.6,-25.69
Bembradium roseum,166.949996948,-15.0699996948
Bembradium roseum,135.37954,26.776975
Bembradium roseum,172.97,32.15
Bembradium roseum,-98.22,-24.99
Bembradium roseum,175.8,31.02
Bembradium roseum,-156.75,21.0167
Bembradium roseum,48.1679992676,-12.7349996567
Bembradium roseum,165.290838295057,-20.5800085674362
Bembradium roseum,-156.533,21.0667
Bembradium roseum,-156.5,21.0667
Bembradium roseum,-98.21777777671814,-24.98583335876465
Bembradium roseum,-140.717,-7.933
Bembradium roseum,-86.56694444020589,-25.80166664123535
Bembradium roseum,-152.289993,-16.418333
Bembradium roseum,-86.58583335876465,-25.68472220102946
Bembradium roseum,-156.763,20.9933
Bembradium roseum,135.377243,26.759125
Bembradium roseum,-90.31,-25.16
Bembradium roseum,168,-23.369
Bembradium roseum,-157.53365,21.2913
Bembradium roseum,-90.30194444656372,-25.15249999364217
Bembradium roseum,48.201,-12.452
Bembradium roseum,-86.56,-25.8
Bembradium roseum,-157.5,21.1667
Bembradium roseum,-156.12599,19.80223
Bembradium roseum,167.683,-23.617
