species,decimalLongitude,decimalLatitude
Benthosema panamense,-79.31667,7.5
Benthosema panamense,-95.65,14.083333
Benthosema panamense,-81.626555,7.697882
Benthosema panamense,-81.711635,7.59388
Benthosema panamense,-81.69756,7.636247
Benthosema panamense,-87.6666667,11.6666667
Benthosema panamense,-87.333333,11.333333
Benthosema panamense,-84.528473,7.980307
Benthosema panamense,-110.083333,22.933333
Benthosema panamense,-84.0830001831,8.64999961853
Benthosema panamense,-112.333333333333,28.5
Benthosema panamense,-95.1083333,13.6666667
Benthosema panamense,-111.133333333333,27.3
Benthosema panamense,-110.7,23.285278
Benthosema panamense,-95.0766667,15.726666700000001
Benthosema panamense,-115.5166667,26.9666667
Benthosema panamense,-109.884709,22.86195
Benthosema panamense,-99.5416667,16.4666667
Benthosema panamense,-84.8666667,8.9333333
Benthosema panamense,-110.5616667,25.0166667
Benthosema panamense,-119.2666667,23.2333333
Benthosema panamense,-113,29.4
Benthosema panamense,-111.791667,27.433333
Benthosema panamense,-98.0333333,-0.1816667
Benthosema panamense,-81.65285,7.656258
Benthosema panamense,-110.9183333,25.7666667
Benthosema panamense,-94.7083333,15.7916667
Benthosema panamense,-110.0533333,24.3316667
Benthosema panamense,-86.388771,10.887319
Benthosema panamense,-112.9083333,29.3916667
Benthosema panamense,-89.7333333,12.8333333
Benthosema panamense,-81,4
Benthosema panamense,-85.7116667,9.5766667
Benthosema panamense,-81.6005,3.9999889
Benthosema panamense,-97.9666667,15.9166667
Benthosema panamense,-92.0416667,13.3366667
Benthosema panamense,-109.5166667,23.0333333
Benthosema panamense,-94.2833333,15.5666667
Benthosema panamense,-112.5,28.0666667
Benthosema panamense,-117.7526916667,32.8219444444
Benthosema panamense,-81.624233,7.701167
Benthosema panamense,-109.6166667,22.7416667
Benthosema panamense,-84.083,8.65
Benthosema panamense,-110.4833333,25.0833333
Benthosema panamense,-93.0533333,13.3933333
Benthosema panamense,-110.3666667,22.7666667
Benthosema panamense,-83.4166667,8.2166667
Benthosema panamense,-85,10
Benthosema panamense,-112.9916667,28.6366667
Benthosema panamense,-111.183333333333,26.8666666666667
Benthosema panamense,-112.2166667,27.8866667
Benthosema panamense,-110.2666667,22.7083333
Benthosema panamense,-87.466667,11.766667
Benthosema panamense,-108.7333333,20.9366667
Benthosema panamense,-112.233333333333,27.8666666666667
Benthosema panamense,-85.2666667,-20.9166667
Benthosema panamense,-85.4833333,9.5166667
Benthosema panamense,-112.85,28.9333333
Benthosema panamense,-96.1333333,15.4666667
Benthosema panamense,-111.0033333,26.7616667
Benthosema panamense,-95.9666667,15.6166667
Benthosema panamense,-96.0166667,15.6133333
Benthosema panamense,-117.7526917,32.8219444
Benthosema panamense,-83.0516667,5.6333333
Benthosema panamense,-99.7333333,16.5666667
Benthosema panamense,-117.7526917,32.82194444
Benthosema panamense,-85.9666667,9.85
Benthosema panamense,-77.455922,6.692885
Benthosema panamense,-113.8666667,26.3166667
Benthosema panamense,-109.0866667,24.2416667
Benthosema panamense,-112.5566667,28.6716667
Benthosema panamense,-85.5833333,9.0333333
Benthosema panamense,-79.0166667,6.5166667
Benthosema panamense,-81,5
Benthosema panamense,-93.0833333,12.1666667
Benthosema panamense,-115.5833333,27.8666667
