species,decimalLongitude,decimalLatitude
Benthosema suborbitale,151.81667,-36.35833
Benthosema suborbitale,110.00009,-33.45462
Benthosema suborbitale,109.99982,-11.51157
Benthosema suborbitale,152.566,-34.116
Benthosema suborbitale,152.575,-35.175
Benthosema suborbitale,152.166,-34.183
Benthosema suborbitale,153.2,-33.96666
Benthosema suborbitale,152.333,-33.516
Benthosema suborbitale,151.483,-33.266
Benthosema suborbitale,152.19167,-35.25833
Benthosema suborbitale,152.58334,-33.28333
Benthosema suborbitale,153.7,-32.73333
Benthosema suborbitale,153.03334,-33.9
Benthosema suborbitale,153.35833,-33.74166
Benthosema suborbitale,154.083,-28
Benthosema suborbitale,110.01703,-14.02372
Benthosema suborbitale,110.04543,-12.5078
Benthosema suborbitale,110.00007,-22.94838
Benthosema suborbitale,109.99716,-25.96675
Benthosema suborbitale,152.775,-35.01667
Benthosema suborbitale,152.66667,-33.1
Benthosema suborbitale,152.166,-34
Benthosema suborbitale,109.99983,-24.46578
Benthosema suborbitale,109.99986,-24.47108
Benthosema suborbitale,152.76667,-33.10833
Benthosema suborbitale,153.50111,-33.59055
Benthosema suborbitale,152.23333,-35.23333
Benthosema suborbitale,151.278,-35.0067
Benthosema suborbitale,151.82,-33.85
Benthosema suborbitale,153.23333,-33.98333
Benthosema suborbitale,110.05128,-12.50781
Benthosema suborbitale,151.983,-34.166
Benthosema suborbitale,110.0059,-11.51502
Benthosema suborbitale,151.6,-34.2
Benthosema suborbitale,152.283,-34
Benthosema suborbitale,152.6,-33.066
Benthosema suborbitale,152.4,-33.983
Benthosema suborbitale,152.23333,-35.225
Benthosema suborbitale,152.533,-33.416
Benthosema suborbitale,153.68333,-32.9
Benthosema suborbitale,152.3,-33.55
Benthosema suborbitale,151.34,-34.951
Benthosema suborbitale,110.00636,-19.99911
Benthosema suborbitale,152.616,-33.383
Benthosema suborbitale,148.95,-39.96667
Benthosema suborbitale,109.99498,-30.48451
Benthosema suborbitale,154.033,-28.966
Benthosema suborbitale,149.167,-38.4043
Benthosema suborbitale,110.0001,-13.97429
Benthosema suborbitale,152.50834,-33.53333
Benthosema suborbitale,110.01898,-16.95684
Benthosema suborbitale,150.41667,-36.28333
Benthosema suborbitale,109.99961,-12.46143
Benthosema suborbitale,153.90834,-33.16666
Benthosema suborbitale,151.775,-36.40833
Benthosema suborbitale,110.01765,-16.94942
Benthosema suborbitale,152.233,-33.983
Benthosema suborbitale,153.18333,-34.06666
Benthosema suborbitale,152.516,-33.283
Benthosema suborbitale,110.02178,-14.02633
Benthosema suborbitale,110.05746,-24.57497
Benthosema suborbitale,110.0526,-27.52351
Benthosema suborbitale,154.25,-27.983
Benthosema suborbitale,109.99953,-12.46712
Benthosema suborbitale,153.33334,-33.75
Benthosema suborbitale,109.99944,-18.46718
Benthosema suborbitale,150.28334,-38.99167
Benthosema suborbitale,110.00018,-13.96989
Benthosema suborbitale,154.966,-28.966
Benthosema suborbitale,109.99951,-21.44999
Benthosema suborbitale,152,-33.633
Benthosema suborbitale,152.75834,-33.125
Benthosema suborbitale,110.00116,-27.45413
Benthosema suborbitale,110.01964,-16.96423
Benthosema suborbitale,152.116,-34.15
Benthosema suborbitale,150.416,-36.283
Benthosema suborbitale,153.23334,-33.775
Benthosema suborbitale,152.283,-33.333
Benthosema suborbitale,152.066,-34.166
Benthosema suborbitale,151.391,-34.8225
Benthosema suborbitale,153.71667,-32.75833
Benthosema suborbitale,151.15,-35.05
Benthosema suborbitale,109.99955,-21.45624
Benthosema suborbitale,110.00161,-28.9675
Benthosema suborbitale,109.99969,-21.46285
Benthosema suborbitale,149.307,-38.3383
Benthosema suborbitale,109.99999,-21.46944
Benthosema suborbitale,151.13333,-35.05
Benthosema suborbitale,151.816,-33.983
Benthosema suborbitale,110.00013,-13.9786
Benthosema suborbitale,109.99989,-22.95634
Benthosema suborbitale,110.02885,-11.51345
Benthosema suborbitale,153.825,-33.13333
Benthosema suborbitale,109.99736,-25.97642
Benthosema suborbitale,148.707,-39.0983
Benthosema suborbitale,153.65,-31.016
Benthosema suborbitale,153.18333,-34.13333
Benthosema suborbitale,153.783,-29.95
Benthosema suborbitale,153.666,-28.966
Benthosema suborbitale,151.134,-34.9587
Benthosema suborbitale,110.05886,-21.52038
Benthosema suborbitale,109.99475,-30.4767
Benthosema suborbitale,151.583333,-34.15
Benthosema suborbitale,149.435,-38.306
Benthosema suborbitale,151.533,-34.166
Benthosema suborbitale,151.53333,-34.16667
Benthosema suborbitale,110.00194,-30.51524
Benthosema suborbitale,151.245,-34.935
Benthosema suborbitale,110,-26
Benthosema suborbitale,152.10834,-35.28333
Benthosema suborbitale,152.35834,-33.49166
Benthosema suborbitale,110.00014,-21.47578
Benthosema suborbitale,110.01863,-23.01534
Benthosema suborbitale,110.00067,-13.96482
Benthosema suborbitale,151.933,-34.083
Benthosema suborbitale,154.083,-27.983
Benthosema suborbitale,152.5,-33.71667
Benthosema suborbitale,153.55,-30.983
Benthosema suborbitale,109.9994,-18.4556
Benthosema suborbitale,153.1,-33.34167
Benthosema suborbitale,109.99731,-25.97144
Benthosema suborbitale,109.53333,-30
Benthosema suborbitale,111.933,-28.933
Benthosema suborbitale,150.2,-38.925
Benthosema suborbitale,110.10608,-20.04282
Benthosema suborbitale,152.25,-34.083
Benthosema suborbitale,151.56667,-34.2
Benthosema suborbitale,153.28334,-33.75833
Benthosema suborbitale,149.162,-38.4533
Benthosema suborbitale,154.05,-33.125
Benthosema suborbitale,109.99467,-30.48882
Benthosema suborbitale,149.083,-38.4067
Benthosema suborbitale,109.99992,-27.44815
Benthosema suborbitale,109.9996,-12.44991
Benthosema suborbitale,110.00008,-22.94036
Benthosema suborbitale,153.95834,-33.275
Benthosema suborbitale,151.85,-36.34166
Benthosema suborbitale,110.09998,-20.03994
Benthosema suborbitale,115.133,-32.733
Benthosema suborbitale,114.79305,-31.86111
Benthosema suborbitale,151.21,-35.0717
Benthosema suborbitale,151.1333,-35.05
Benthosema suborbitale,153.516,-33.8
Benthosema suborbitale,152.5,-35.1
Benthosema suborbitale,153.68333,-32.875
Benthosema suborbitale,152.216,-34.133
Benthosema suborbitale,151.916,-34.37499
Benthosema suborbitale,152.666,-33.783
Benthosema suborbitale,151.566,-34.2
Benthosema suborbitale,110.00674,-26.06298
Benthosema suborbitale,152.55,-33.466
Benthosema suborbitale,150.88333,-38.19166
Benthosema suborbitale,109.99987,-24.46035
Benthosema suborbitale,150.5,-37.4
Benthosema suborbitale,153.54167,-33.08333
Benthosema suborbitale,152.15,-33.975
Benthosema suborbitale,110.04981,-24.56255
Benthosema suborbitale,152.60834,-33.24166
Benthosema suborbitale,109.99955,-18.47291
Benthosema suborbitale,153.38334,-33.74166
Benthosema suborbitale,153.3,-33.23333
Benthosema suborbitale,110.02342,-12.50832
Benthosema suborbitale,153.19167,-33.79166
Benthosema suborbitale,152.19167,-33.475
Benthosema suborbitale,110.04348,-16.99703
Benthosema suborbitale,151.79167,-36.39166
Benthosema suborbitale,110.00474,-26.05729
Benthosema suborbitale,152.41667,-33.18333
Benthosema suborbitale,152.55834,-33.94166
Benthosema suborbitale,110.00331,-30.51211
Benthosema suborbitale,109.99633,-27.4348
Benthosema suborbitale,109.99999,-24.47647
Benthosema suborbitale,152.25,-33.96666
Benthosema suborbitale,110.04235,-27.51741
Benthosema suborbitale,148.95,-39.966
Benthosema suborbitale,152.99167,-34.11666
Benthosema suborbitale,150.916,-35.6
Benthosema suborbitale,153.18333,-34.03333
Benthosema suborbitale,110.01605,-16.94186
Benthosema suborbitale,152.416,-33.466
Benthosema suborbitale,151.483,-34.466
Benthosema suborbitale,152.91667,-33.875
Benthosema suborbitale,110.05818,-15.50933
Benthosema suborbitale,153.7,-32.81666
Benthosema suborbitale,110.02579,-15.4555
Benthosema suborbitale,152.68333,-33.09166
