species,decimalLongitude,decimalLatitude
Benthosema fibulatum,121.441,-14.8469
Benthosema fibulatum,150.15,-37.85
Benthosema fibulatum,117.91667,-18.36666
Benthosema fibulatum,110.0059,-11.51502
Benthosema fibulatum,117.95833,-18.70833
Benthosema fibulatum,152.666,-33.783
Benthosema fibulatum,119.561,-17.1978
Benthosema fibulatum,152.10833,-33.50833
Benthosema fibulatum,116.912,-18.7742
Benthosema fibulatum,114.79305,-31.86111
Benthosema fibulatum,118.18333,-18.23333
Benthosema fibulatum,114.381,-21.00667
Benthosema fibulatum,113.78583,-21.83082
Benthosema fibulatum,117.65,-18.575
Benthosema fibulatum,117.325,-18.725
Benthosema fibulatum,117.2,-18.66667
Benthosema fibulatum,118.283,-17.983
Benthosema fibulatum,152.05,-33.483
Benthosema fibulatum,153.79166,-29.616
Benthosema fibulatum,117.76667,-18.36667
Benthosema fibulatum,151,-34.333
Benthosema fibulatum,109.99982,-11.51157
Benthosema fibulatum,151.378,-34.8823
Benthosema fibulatum,118.31667,-18.16667
Benthosema fibulatum,117.2,-18.716
Benthosema fibulatum,117.01667,-18.90833
Benthosema fibulatum,117.99167,-18.30833
Benthosema fibulatum,110.05128,-12.50781
Benthosema fibulatum,116.95,-19.23333
Benthosema fibulatum,118.969,-17.4633
Benthosema fibulatum,110.03537,-11.51991
Benthosema fibulatum,118.48334,-17.81666
Benthosema fibulatum,117.33334,-18.94166
Benthosema fibulatum,109.99961,-12.46143
Benthosema fibulatum,118.183333,-18.233333
