species,decimalLongitude,decimalLatitude
Beryx decadactylus,138.5,-35.83
Beryx decadactylus,150.233,-37.733
Beryx decadactylus,148.83333,-39.56667
Beryx decadactylus,151.233,-34.767
Beryx decadactylus,149,-38
Beryx decadactylus,152.117,-33.433
Beryx decadactylus,153.91033,-28.22417
Beryx decadactylus,151,-34
Beryx decadactylus,148.75,-39.25
Beryx decadactylus,150.767,-35.55
Beryx decadactylus,152.067,-33.467
Beryx decadactylus,150.75,-34.75
Beryx decadactylus,150.4,-36.217
Beryx decadactylus,150.85,-35.016
Beryx decadactylus,153.91033,-28.22416
Beryx decadactylus,150.75,-35.75
Beryx decadactylus,149.333,-37.833
Beryx decadactylus,144.25,-41.75
Beryx decadactylus,151.5,-33.583
Beryx decadactylus,148.3,-41.88
Beryx decadactylus,151.75,-34.033
Beryx decadactylus,148.833,-39.566
Beryx decadactylus,152.45,-33.067
Beryx decadactylus,150.08,-36.43
Beryx decadactylus,148.63334,-39.03333
Beryx decadactylus,150.767,-35.533
Beryx decadactylus,150.067,-37.983
Beryx decadactylus,151.44166,-34.30833
Beryx decadactylus,150.233,-37.7
Beryx decadactylus,150.766,-35.533
Beryx decadactylus,148.4,-42.07
Beryx decadactylus,152.05,-33.517
Beryx decadactylus,149.681,-38.24567
Beryx decadactylus,153.2,-31.867
Beryx decadactylus,148.75,-38.75
Beryx decadactylus,150.75,-35.25
Beryx decadactylus,150.716,-35.516
Beryx decadactylus,150.25,-36.75
Beryx decadactylus,150.333,-36.417
Beryx decadactylus,151.25,-34.667
Beryx decadactylus,150.05833,-37.833
Beryx decadactylus,150.75,-36.25
Beryx decadactylus,151.25,-34.75
Beryx decadactylus,152.35,-33.2
Beryx decadactylus,151.433,-34.3
Beryx decadactylus,144.666,-42.8
Beryx decadactylus,144.4,-41.6
Beryx decadactylus,153.8,-29.583
Beryx decadactylus,151.25,-35.25
Beryx decadactylus,150.2,-37.733
Beryx decadactylus,149.75,-36.75
Beryx decadactylus,152.567,-33.017
Beryx decadactylus,148,-39
Beryx decadactylus,144.66667,-42.8
Beryx decadactylus,150.25,-36.25
Beryx decadactylus,153,-31.633
Beryx decadactylus,148.43,-42.07
Beryx decadactylus,149.266667,-37.8
Beryx decadactylus,150.083,-38
Beryx decadactylus,150.75,-34.25
Beryx decadactylus,150.567,-35.833
Beryx decadactylus,148.55,-41.25
Beryx decadactylus,148.3,-41.9
Beryx decadactylus,150.35,-36.433
Beryx decadactylus,150.35,-37.333
Beryx decadactylus,148.5,-38.5
Beryx decadactylus,150.25,-35.75
Beryx decadactylus,148.75,-39.75
Beryx decadactylus,150.733,-35.55
Beryx decadactylus,151.75,-34.25
Beryx decadactylus,151.883,-33.667
Beryx decadactylus,150.35,-36.467
Beryx decadactylus,150.25,-37.63333
Beryx decadactylus,148.3,-41.25
Beryx decadactylus,152.066,-33.45833
Beryx decadactylus,149.68099,-38.24566
Beryx decadactylus,148.65,-41.4
Beryx decadactylus,150.733,-35.583
Beryx decadactylus,150.25,-37.65
Beryx decadactylus,150.483,-35.35
Beryx decadactylus,150.233,-37.717
Beryx decadactylus,143.44167,-40.54166
Beryx decadactylus,151.933,-33.65
Beryx decadactylus,151.25,-34.25
Beryx decadactylus,153.79166,-29.616
Beryx decadactylus,153.017,-32.4
Beryx decadactylus,150.083,-37.95
Beryx decadactylus,150.75,-35.55
Beryx decadactylus,150.217,-37.733
Beryx decadactylus,148.75,-41.25
Beryx decadactylus,155.133333,-27.566667
Beryx decadactylus,144.7,-42.12
Beryx decadactylus,150.35,-36.633
Beryx decadactylus,144.25,-41.25
Beryx decadactylus,151.45,-34.3
Beryx decadactylus,149.26667,-37.8
Beryx decadactylus,148.42,-42.07
Beryx decadactylus,152.017,-33.567
Beryx decadactylus,150.25,-35.25
Beryx decadactylus,151.317,-34.533
Beryx decadactylus,150.35,-36.45
Beryx decadactylus,151.75,-34.75
Beryx decadactylus,151.95,-33.683
Beryx decadactylus,151.933,-33.667
Beryx decadactylus,151,-34.5
Beryx decadactylus,155.13333,-27.56666
