species,decimalLongitude,decimalLatitude
Beryx splendens,148.75,-41.25
Beryx splendens,142.25,-38.75
Beryx splendens,147.75,-38.25
Beryx splendens,151.75,-34.25
Beryx splendens,148.62,-41.55
Beryx splendens,148.75,-40.75
Beryx splendens,151.44166,-34.30833
Beryx splendens,113.86374,-21.71621
Beryx splendens,150.716,-35.516
Beryx splendens,151.45,-34.3
Beryx splendens,150.75,-36.25
Beryx splendens,152.967,-32.45
Beryx splendens,153.25,-29.75
Beryx splendens,153.983333,-27.916667
Beryx splendens,128.16736,-33.33402
Beryx splendens,151.25,-33.75
Beryx splendens,128.44306,-33.35875
Beryx splendens,151.75,-34.75
Beryx splendens,114.908,-32.0383
Beryx splendens,148.83333,-39.56667
Beryx splendens,148.42,-42.07
Beryx splendens,153.75,-28.75
Beryx splendens,151.183,-34.867
Beryx splendens,149.75,-38.217
Beryx splendens,151.167,-34.917
Beryx splendens,144.02,-41.02
Beryx splendens,151.4,-34.35
Beryx splendens,150.383,-36.2
Beryx splendens,113.97917,-21.64333
Beryx splendens,151.45,-34.317
Beryx splendens,150.35833,-36.433
Beryx splendens,152.55,-33.017
Beryx splendens,152.75,-32.75
Beryx splendens,126.12612,-33.40903
Beryx splendens,150.75,-35.566
Beryx splendens,114.44667,-29.98833
Beryx splendens,143.25,-40.25
Beryx splendens,150.31168,-36.87
Beryx splendens,112.16667,-24.66667
Beryx splendens,150.25,-38.25
Beryx splendens,154.25,-28.25
Beryx splendens,153.717,-29.867
Beryx splendens,153.8,-29.583
Beryx splendens,144.75,-41.75
Beryx splendens,150.75,-35.75
Beryx splendens,114.53333,-34.71667
Beryx splendens,152.417,-33.133
Beryx splendens,144.7,-42.12
Beryx splendens,149.75,-36.75
Beryx splendens,148.75,-39.25
Beryx splendens,148.75,-40.25
Beryx splendens,114.80333333333333,-31.548333333333336
Beryx splendens,149.5,-37.95
Beryx splendens,151.833,-33.767
Beryx splendens,152.1,-33.45
Beryx splendens,149.75,-37.75
Beryx splendens,151.25,-34.25
Beryx splendens,148.25,-42.25
Beryx splendens,151.433,-34.317
Beryx splendens,153.667,-29.95
Beryx splendens,151.35,-34.367
Beryx splendens,149.9,-38.1517
Beryx splendens,115.03333,-35.03333
Beryx splendens,148.75,-39.75
Beryx splendens,150.25,-36.75
Beryx splendens,152.35833,-33.233
Beryx splendens,151.25,-34.65
Beryx splendens,150.25,-35.75
Beryx splendens,112.51,-24.02
Beryx splendens,154.25,-29.25
Beryx splendens,139.783,-37.875
Beryx splendens,149.25,-38.25
Beryx splendens,118.26667,-18.16667
Beryx splendens,152.033,-33.483
Beryx splendens,151.233,-34.767
Beryx splendens,148.833,-39.566
Beryx splendens,117.45,-18.53333
Beryx splendens,151.333,-34.516
Beryx splendens,115.0333,-35.0333
Beryx splendens,152.083,-33.45
Beryx splendens,152.75,-33.25
Beryx splendens,150.50834,-35.95
Beryx splendens,152.067,-33.467
Beryx splendens,152.25,-33.25
Beryx splendens,146.25,-43.75
Beryx splendens,139.25,-37.75
Beryx splendens,143.75,-40.75
Beryx splendens,150.75,-34.25
Beryx splendens,150.75,-35.25
Beryx splendens,152.8,-32.717
Beryx splendens,112.1225,-24.87083
Beryx splendens,152.05,-33.533
Beryx splendens,111.94,-25.3025
Beryx splendens,155.5,-28.566667
Beryx splendens,139.25,-37.25
Beryx splendens,151.333,-33.833
Beryx splendens,148.25,-41.25
Beryx splendens,126.55056,-33.25944
Beryx splendens,152.5,-33.033
Beryx splendens,112.11833,-24.855
Beryx splendens,150.667,-35.583
Beryx splendens,151.25,-34.75
Beryx splendens,112.333,-26.416
Beryx splendens,151.75,-33.25
Beryx splendens,118.43333,-17.93333
Beryx splendens,125.83417,-33.57555
Beryx splendens,112.33333,-26.41667
Beryx splendens,150.25,-36.25
Beryx splendens,148.60834,-39.025
Beryx splendens,150.25,-37.75
Beryx splendens,150.4,-36.2
Beryx splendens,155.133333,-27.566667
Beryx splendens,150.25,-35.25
Beryx splendens,148.75,-38.25
Beryx splendens,152.25,-32.75
Beryx splendens,151.417,-34.35
Beryx splendens,148.25,-38.75
Beryx splendens,151.25,-34.667
Beryx splendens,112.11833,-24.84333
Beryx splendens,143.75,-41.25
Beryx splendens,153.25,-30.25
Beryx splendens,153.25,-32.75
Beryx splendens,116.1166,-18.8
Beryx splendens,148.75,-38.75
Beryx splendens,118.03333,-18.25
Beryx splendens,131.12611,-33.31736
Beryx splendens,114.88333,-31.51667
Beryx splendens,155.5,-28.56666
Beryx splendens,153.25,-28.75
Beryx splendens,154.86667,-27.43333
Beryx splendens,152.25,-32.25
Beryx splendens,151.25,-35.25
Beryx splendens,150.75,-34.75
Beryx splendens,153.75,-30.25
Beryx splendens,144.75,-42.25
Beryx splendens,123.39249,-34.60833
Beryx splendens,134.21778,-34.57569
Beryx splendens,114.75,-32.75
Beryx splendens,144.75,-42.75
Beryx splendens,153.75,-29.75
Beryx splendens,112.8983333,-27.545
Beryx splendens,151.917,-33.633
Beryx splendens,126.29209,-33.24208
Beryx splendens,114.883,-31.516
Beryx splendens,151.433,-34.29166
Beryx splendens,153.717,-29.817
Beryx splendens,150.75,-35.533
Beryx splendens,150.333,-36.433
Beryx splendens,153.75,-29.25
Beryx splendens,144.25,-41.75
Beryx splendens,153.033,-32.233
Beryx splendens,151.867,-33.7
Beryx splendens,144.42,-41.62
Beryx splendens,126.85847,-33.30125
Beryx splendens,147.25,-43.75
Beryx splendens,129.633,-33.516
Beryx splendens,143.45,-40.52
Beryx splendens,150.25,-37.25
Beryx splendens,151.75,-32.75
Beryx splendens,152.75,-32.25
Beryx splendens,112.55167,-26.69416
Beryx splendens,143.95,-41.12
Beryx splendens,155.2367,-27.6883
Beryx splendens,152.617,-32.967
Beryx splendens,152.066,-33.45833
Beryx splendens,153.25,-32.25
Beryx splendens,150.333,-36.667
Beryx splendens,114.8033333,-31.54833333
Beryx splendens,150.667,-35.667
Beryx splendens,150.267,-37.683
Beryx splendens,116.11667,-18.8
Beryx splendens,153.7,-29.883
Beryx splendens,145.25,-43.25
Beryx splendens,152.067,-33.45
Beryx splendens,151.233,-34.666
Beryx splendens,144.72,-42.22
Beryx splendens,152.75,-31.25
Beryx splendens,151.25,-33.25
Beryx splendens,153.733,-29.783
Beryx splendens,150.75,-36.75
Beryx splendens,151.4,-34.333
Beryx splendens,153.25,-29.25
Beryx splendens,151.883,-33.7
Beryx splendens,112.1183,-24.855
Beryx splendens,152.383,-33.183
Beryx splendens,152.25,-33.75
Beryx splendens,150.4,-36.217
Beryx splendens,150.35,-36.433
Beryx splendens,154.25,-28.75
Beryx splendens,151.75,-33.75
Beryx splendens,150.333,-36.417
Beryx splendens,151.417,-34.367
Beryx splendens,151.433,-34.3
Beryx splendens,142.75,-39.25
Beryx splendens,126.72625,-33.20138
Beryx splendens,150.733,-35.55
Beryx splendens,152.75,-31.75
Beryx splendens,151.333,-34.533
Beryx splendens,151.417,-34.333
Beryx splendens,150.333,-36.483
Beryx splendens,150.25,-37.716
Beryx splendens,150.233,-37.717
Beryx splendens,145.75,-43.75
Beryx splendens,126.71667,-33.30139
Beryx splendens,112.7475,-27.275
Beryx splendens,151.85,-33.7
Beryx splendens,154.866667,-27.433333
Beryx splendens,151.817,-33.733
Beryx splendens,126.87653,-33.23486
Beryx splendens,118.633,-17.65
Beryx splendens,150.767,-35.55
Beryx splendens,152,-33.583
Beryx splendens,150.33333,-37.25
Beryx splendens,153.25,-31.75
Beryx splendens,153.8,-29.533
Beryx splendens,153.017,-32.4
Beryx splendens,150.7,-35.617
Beryx splendens,151.117,-35
Beryx splendens,149.75,-37.25
Beryx splendens,151.783,-33.8
Beryx splendens,150.767,-35.483
Beryx splendens,151.85,-33.75
Beryx splendens,152.75,-30.75
Beryx splendens,152.55,-33
Beryx splendens,150.35,-36.417
Beryx splendens,153.25,-30.75
Beryx splendens,152.033,-33.533
Beryx splendens,151.433,-34.283
Beryx splendens,144.25,-41.25
Beryx splendens,152.01667,-33.56667
Beryx splendens,152.583,-32.967
Beryx splendens,153.25,-31.25
Beryx splendens,143.92,-40.92
Beryx splendens,112.89833333333334,-27.545
Beryx splendens,155.13333,-27.56666
Beryx splendens,153.75,-28.25
Beryx splendens,114.8,-34.98333
Beryx splendens,128.16681,-33.35958
Beryx splendens,151.183,-34.817
Beryx splendens,151.8,-33.75
Beryx splendens,126.28334,-33.25069
Beryx splendens,152.033,-33.517
Beryx splendens,151.367,-34.383
Beryx splendens,114.75,-32.25
Beryx splendens,142.25,-39.25
Beryx splendens,153.98333,-27.91667
Beryx splendens,150.767,-35.533
Beryx splendens,114.9125,-32.02583
Beryx splendens,151.9,-33.717
Beryx splendens,119.91667,-16.91667
Beryx splendens,132.72681,-34.18389
Beryx splendens,113.87,-29.2366
Beryx splendens,152.05,-33.483
Beryx splendens,113.87,-29.23667
Beryx splendens,151.417,-34.317
Beryx splendens,126.30084,-33.23388
Beryx splendens,150.45,-36.05
Beryx splendens,149.75,-38.25
Beryx splendens,150.25,-37.733
Beryx splendens,152.983,-32.383
Beryx splendens,128.07528,-32.58333
