species,decimalLongitude,decimalLatitude
Bleekeria mitsukurii,118.46333,-19.01333
Bleekeria mitsukurii,119.0833,-18.75
Bleekeria mitsukurii,116.16667,-19.26667
Bleekeria mitsukurii,116.58333,-19.91667
Bleekeria mitsukurii,116.583,-19.916
Bleekeria mitsukurii,118.83333,-18.33333
Bleekeria mitsukurii,118.1016,-19.235
Bleekeria mitsukurii,121.032,-16.7403
Bleekeria mitsukurii,116.58667,-19.91
Bleekeria mitsukurii,119.08333,-18.75
Bleekeria mitsukurii,116.83333,-20.25
Bleekeria mitsukurii,119.083,-18.75
Bleekeria mitsukurii,118.10167,-19.235
Bleekeria mitsukurii,118.96667,-19.08333
Bleekeria mitsukurii,121.03183,-16.74017
Bleekeria mitsukurii,116.333,-19.533
Bleekeria mitsukurii,119.33333,-19.08333
Bleekeria mitsukurii,118.08917,-19.2225
Bleekeria mitsukurii,116.833,-20.25
Bleekeria mitsukurii,116.33333,-19.53333
Bleekeria mitsukurii,119.133,-18.8
Bleekeria mitsukurii,119.3333,-19.0833
Bleekeria mitsukurii,121.03183,-16.74016
Bleekeria mitsukurii,119.44166,-19.066
Bleekeria mitsukurii,118.833,-18.333
Bleekeria mitsukurii,118.4633,-19.0133
Bleekeria mitsukurii,116.166,-19.266
Bleekeria mitsukurii,119.5,-19.41667
Bleekeria mitsukurii,119.5,-19.416
Bleekeria mitsukurii,116.04167,-19.52
Bleekeria mitsukurii,116.0416,-19.52
