species,decimalLongitude,decimalLatitude
Blenniella chrysospilos,116.53333,-20.46667
Blenniella chrysospilos,115.5,-20.45
Blenniella chrysospilos,115.58333,-20.43333
Blenniella chrysospilos,113.41667,-24.48333
Blenniella chrysospilos,113.78333,-28.46667
Blenniella chrysospilos,116.53333,-20.48333
Blenniella chrysospilos,153.485,-26.98
Blenniella chrysospilos,115.46167,-20.50028
Blenniella chrysospilos,113.95,-21.91667
Blenniella chrysospilos,114.06873276,-21.82918624
Blenniella chrysospilos,115.56666,-20.4
Blenniella chrysospilos,119.38333,-17.3
Blenniella chrysospilos,113.87730417,-22.13186648
Blenniella chrysospilos,119.61667,-17.1
