species,decimalLongitude,decimalLatitude
Blenniella gibbifrons,-162.11,5.870833
Blenniella gibbifrons,32.9000015259,-26
Blenniella gibbifrons,-157.966667,-21.908333
Blenniella gibbifrons,43.248641,-11.696886
Blenniella gibbifrons,-149.832992554,-17.5
Blenniella gibbifrons,-157.865711,21.291426
Blenniella gibbifrons,46.4449996948,-9.36166667938
Blenniella gibbifrons,-157.780589,21.470812
Blenniella gibbifrons,-135,-23.167
Blenniella gibbifrons,40.766666,-14.216666
Blenniella gibbifrons,-171.745556,25.75
Blenniella gibbifrons,43.228542,-11.73104
Blenniella gibbifrons,-149.858056,-17.478333
Blenniella gibbifrons,-142.433333,-16.016667
Blenniella gibbifrons,-152.5,22.5
Blenniella gibbifrons,-138.887,-21.8506
Blenniella gibbifrons,72.4327774048,-7.23111104965
Blenniella gibbifrons,-172.171,-4.4881
Blenniella gibbifrons,32.48575,-28.278267
Blenniella gibbifrons,-154.6891,-21.8131
Blenniella gibbifrons,144.454444,7.257222
Blenniella gibbifrons,72.3822250366,-7.24694395065
Blenniella gibbifrons,-158.23119,21.532453
Blenniella gibbifrons,72.20333333,-5.351388889
Blenniella gibbifrons,154.702778,1.074167
Blenniella gibbifrons,-160,22
Blenniella gibbifrons,162.37,11.4
Blenniella gibbifrons,165.565,11.525
Blenniella gibbifrons,40.566666,-12.25
Blenniella gibbifrons,-140.25,-8.83
Blenniella gibbifrons,-157.470833,1.929167
Blenniella gibbifrons,43.475,-12.39194444
Blenniella gibbifrons,144.457778,7.235556
Blenniella gibbifrons,-157.832291,21.277121
Blenniella gibbifrons,72.2033333333,-5.35138888889
Blenniella gibbifrons,-157.6938,21.26908
Blenniella gibbifrons,72.3713912964,-7.25666713715
Blenniella gibbifrons,63.420277,-19.678333
Blenniella gibbifrons,63.4202766418,-19.6783332825
Blenniella gibbifrons,-157.830449,21.488336
Blenniella gibbifrons,-151.3235,-22.4522
Blenniella gibbifrons,55.230556,-20.615278
Blenniella gibbifrons,32.683334,-27.516666
Blenniella gibbifrons,-158.033768,-9.023744
Blenniella gibbifrons,-157.800003052,21.5
Blenniella gibbifrons,46.333332,-9.433333
Blenniella gibbifrons,-158,21.5
Blenniella gibbifrons,55.53,-21.26
Blenniella gibbifrons,46.2083320618,-9.39333343506
Blenniella gibbifrons,-171.073,-11.0597
Blenniella gibbifrons,165.4,11.6
Blenniella gibbifrons,72.2041702271,-5.35166692734
Blenniella gibbifrons,57.383335,-20.200001
Blenniella gibbifrons,-174.15,-18.72
Blenniella gibbifrons,144.767222,13.4925
Blenniella gibbifrons,-156.322113,20.947556
Blenniella gibbifrons,154.813889,1.079167
Blenniella gibbifrons,-172.199996948,-4.5
Blenniella gibbifrons,57.299999,-20.466667
Blenniella gibbifrons,72.20416667,-5.351666667
Blenniella gibbifrons,43.4749984741,-12.3919439316
Blenniella gibbifrons,178.433333,-18.166667
Blenniella gibbifrons,-155.5,19.5
Blenniella gibbifrons,72.3824996948,-7.24722194672
Blenniella gibbifrons,-157.780983,21.261881
Blenniella gibbifrons,144.440556,7.242222
Blenniella gibbifrons,-157.463333,1.947222
Blenniella gibbifrons,-157.836821,21.277181
Blenniella gibbifrons,-155.075404,19.736516
Blenniella gibbifrons,165.390224,11.59852
Blenniella gibbifrons,-149.913,-17.4844
Blenniella gibbifrons,-142.47678,-16.0366
Blenniella gibbifrons,56.5999984741,-10.3000001907
Blenniella gibbifrons,147.28406,-9.52492
Blenniella gibbifrons,-171.5,-3.59999990463
Blenniella gibbifrons,46.5,-9.75
Blenniella gibbifrons,72.2041666667,-5.35166666667
Blenniella gibbifrons,165.55,11.63
Blenniella gibbifrons,-138.995,-21.8614
Blenniella gibbifrons,-169.53334,16.75
Blenniella gibbifrons,55.230556488,-20.615278244
Blenniella gibbifrons,35.483334,-23.85
Blenniella gibbifrons,40.36666667,-22.36666667
Blenniella gibbifrons,55.833332,-4.366667
Blenniella gibbifrons,-142.47336,-16.03251
Blenniella gibbifrons,32.68,-27.54
Blenniella gibbifrons,-149.4057,-23.4251
Blenniella gibbifrons,-172.1716667,-4.481388889
Blenniella gibbifrons,57.766666,-20.266666
Blenniella gibbifrons,39.75,-21.25
Blenniella gibbifrons,-149.833,-17.5
Blenniella gibbifrons,57.583332,-20.299999
Blenniella gibbifrons,40.650002,-15.033334
Blenniella gibbifrons,145.791944,15.1725
Blenniella gibbifrons,-158,21
Blenniella gibbifrons,-159.323847,3.863731
Blenniella gibbifrons,39.9286117554,-6.90138912201
Blenniella gibbifrons,-157.8,21.5
Blenniella gibbifrons,-152.5,-20
Blenniella gibbifrons,-157.855412,21.288387
Blenniella gibbifrons,-176.5,0.20000000298
Blenniella gibbifrons,43.475,-12.3919444444
Blenniella gibbifrons,72.2033309937,-5.35138893127
Blenniella gibbifrons,-158.0632,21.65253
Blenniella gibbifrons,72.4844436646,-7.31555604935
Blenniella gibbifrons,-169.535513,16.73372
Blenniella gibbifrons,-157.812021,21.250992
Blenniella gibbifrons,-167.575004578,24.7583503723
Blenniella gibbifrons,-157.775635,21.461569
Blenniella gibbifrons,-155.84153,19.972761
Blenniella gibbifrons,-158.5,1.79999995232
Blenniella gibbifrons,-135,-23.1669998169
