species,decimalLongitude,decimalLatitude
Bodianus axillaris,115.2249,-20.298
Bodianus axillaris,113.75936,-22.89354
Bodianus axillaris,114.32933,-21.67213
Bodianus axillaris,118.971,-17.62366
Bodianus axillaris,113.638598575259,-25.9522459340334
Bodianus axillaris,113.71667,-28.5
Bodianus axillaris,113.76313,-22.91165
Bodianus axillaris,113.85769,-22.13668
Bodianus axillaris,114.33333,-21.68333
Bodianus axillaris,113.79942,-22.288
Bodianus axillaris,116.4795,-20.585
Bodianus axillaris,114.30701,-21.69183
Bodianus axillaris,113.70443,-22.79586
Bodianus axillaris,113.66845000000001,-22.45203
Bodianus axillaris,119.38583,-17.33533
Bodianus axillaris,114.36917,-21.63125
Bodianus axillaris,118.974,-17.61866
Bodianus axillaris,105.66667,-10.48333
Bodianus axillaris,113.61808,-22.6164
Bodianus axillaris,153.483333,-26.966667
Bodianus axillaris,113.7043,-22.45642
Bodianus axillaris,113.65071,-22.54652
Bodianus axillaris,115.38333,-20.28333
Bodianus axillaris,151.283,-34
Bodianus axillaris,115.49133,-20.41599
Bodianus axillaris,114.66246,-21.57197
Bodianus axillaris,113.95,-21.91667
Bodianus axillaris,113.83731,-22.19591
Bodianus axillaris,151.283,-33.833
Bodianus axillaris,151.283,-33.916
Bodianus axillaris,113.85656,-22.14059
Bodianus axillaris,113.64891,-22.56582
Bodianus axillaris,113.78628,-22.31209
Bodianus axillaris,113.6829,-22.47845
Bodianus axillaris,113.85499,-22.14489
Bodianus axillaris,113.85919,-22.14266
Bodianus axillaris,114.9396,-21.589
Bodianus axillaris,113.68598,-22.48325
Bodianus axillaris,116.53333,-20.48333
Bodianus axillaris,153.48333,-26.96667
Bodianus axillaris,113.61391,-22.63421
Bodianus axillaris,153.5,-28.11666
Bodianus axillaris,119.5,-17.083
Bodianus axillaris,118.983,-17.533
Bodianus axillaris,114.35805,-21.63967
Bodianus axillaris,113.65579,-22.52854
Bodianus axillaris,113.75168,-22.36148
Bodianus axillaris,119.36667,-17.26667
Bodianus axillaris,153.5,-28.116667
Bodianus axillaris,114.54326,-21.73147
Bodianus axillaris,114.36463,-21.63458
Bodianus axillaris,114.61554,-21.67582
Bodianus axillaris,113.70711,-22.4455
Bodianus axillaris,113.69625,-22.7788
Bodianus axillaris,113.88129,-22.07654
Bodianus axillaris,118.96666,-17.63416
Bodianus axillaris,118.97433,-17.53766
Bodianus axillaris,113.75,-28.5
Bodianus axillaris,113.849,-22.17116
Bodianus axillaris,113.79162,-22.29764
Bodianus axillaris,113.69585,-22.47737
Bodianus axillaris,151.25,-33.833
Bodianus axillaris,113.79632,-22.2901
