requested_taxonKey,record_taxonKey,species_name,decimalLatitude,decimalLongitude
2332603,2332603,Aulostomus chinensis,-10.447525,105.690449
2332603,2332603,Aulostomus chinensis,-12.119189,96.903228
2332603,2332603,Aulostomus chinensis,-12.164165,96.870956
2332603,2332603,Aulostomus chinensis,-30.205483,153.26693
2332603,2332603,Aulostomus chinensis,-22.270372,113.807882
2332603,2332603,Aulostomus chinensis,-30.205483,153.26693
2332603,2332603,Aulostomus chinensis,-22.099961,113.878904
2332603,2332603,Aulostomus chinensis,-23.179206,113.763647
2332603,2332603,Aulostomus chinensis,-30.9384,153.100684
2332603,2332603,Aulostomus chinensis,-22.132513,113.876231
2332603,2332603,Aulostomus chinensis,-30.938528,153.100281
2332603,2332603,Aulostomus chinensis,-23.142297,113.772311
2332603,2332603,Aulostomus chinensis,-23.142297,113.772311
2332603,2332603,Aulostomus chinensis,-23.179746,113.765707
2332603,2332603,Aulostomus chinensis,-30.939038,153.100416
2332603,2332603,Aulostomus chinensis,-30.938631,153.100638
2332603,2332603,Aulostomus chinensis,-29.929429,153.391466
2332603,2332603,Aulostomus chinensis,-29.929429,153.391466
2332603,2332603,Aulostomus chinensis,-30.205483,153.26693
2332603,2332603,Aulostomus chinensis,-30.205483,153.26693
2332603,2332603,Aulostomus chinensis,-30.939248,153.100797
2332603,2332603,Aulostomus chinensis,-30.9384,153.100684
2332603,2332603,Aulostomus chinensis,-30.205483,153.26693
2332603,2332603,Aulostomus chinensis,-28.611592,153.628972
2332603,2332603,Aulostomus chinensis,-29.928417,153.39011
2332603,2332603,Aulostomus chinensis,-29.923186,153.387647
2332603,2332603,Aulostomus chinensis,-21.885027,113.971831
2332603,2332603,Aulostomus chinensis,-21.885027,113.971831
2332603,2332603,Aulostomus chinensis,-22.705609,113.51419
2332603,2332603,Aulostomus chinensis,-27.390538,153.551866
2332603,2332603,Aulostomus chinensis,-10.454798,105.625293
2332603,2332603,Aulostomus chinensis,-10.454722,105.633063
2332603,2332603,Aulostomus chinensis,-30.936848,153.09955
2332603,2332603,Aulostomus chinensis,-29.929429,153.391466
2332603,2332603,Aulostomus chinensis,-22.157954,113.811466
2332603,2332603,Aulostomus chinensis,-30.205483,153.26693
2332603,2332603,Aulostomus chinensis,-30.205483,153.26693
2332603,2332603,Aulostomus chinensis,-30.205483,153.26693
2332603,2332603,Aulostomus chinensis,-30.205483,153.26693
2332603,2332603,Aulostomus chinensis,-30.205483,153.26693
2332603,2332603,Aulostomus chinensis,-32.629534,152.316099
2332603,2332603,Aulostomus chinensis,-27.532258,153.462608
2332603,2332603,Aulostomus chinensis,-30.205483,153.26693
2332603,2332603,Aulostomus chinensis,-29.923153,153.387831
2332603,2332603,Aulostomus chinensis,-30.01784,153.27135
2332603,2332603,Aulostomus chinensis,-27.390521,153.550101
2332603,2332603,Aulostomus chinensis,-27.390821,153.550116
2332603,2332603,Aulostomus chinensis,-30.205483,153.26693
2332603,2332603,Aulostomus chinensis,-30.205483,153.26693
2332603,2332603,Aulostomus chinensis,-30.205483,153.26693
2332603,2332603,Aulostomus chinensis,-30.205483,153.26693
2332603,2332603,Aulostomus chinensis,-29.929429,153.391466
2332603,2332603,Aulostomus chinensis,-29.929429,153.391466
2332603,2332603,Aulostomus chinensis,-30.205483,153.26693
2332603,2332603,Aulostomus chinensis,-30.939456,153.101493
2332603,2332603,Aulostomus chinensis,-21.89151,114.221219
2332603,2332603,Aulostomus chinensis,-21.88667,113.978427
2332603,2332603,Aulostomus chinensis,-30.205483,153.26693
2332603,2332603,Aulostomus chinensis,-23.045774,113.794307
2332603,2332603,Aulostomus chinensis,-12.086871,96.873924
2332603,2332603,Aulostomus chinensis,-10.437364,105.661027
2332603,2332603,Aulostomus chinensis,-21.660556,114.341389
2332603,2332603,Aulostomus chinensis,-30.205483,153.26693
2332603,2332603,Aulostomus chinensis,-30.205483,153.26693
2332603,2332603,Aulostomus chinensis,-30.205483,153.26693
2332603,2332603,Aulostomus chinensis,-10.436348,105.65955
2332603,2332603,Aulostomus chinensis,-10.441495,105.657876
2332603,2332603,Aulostomus chinensis,-17.259085,119.363945
2332603,2332603,Aulostomus chinensis,-29.912819,153.383819
2332603,2332603,Aulostomus chinensis,-29.912813,153.38393
2332603,2332603,Aulostomus chinensis,-29.928665,153.390342
2332603,2332603,Aulostomus chinensis,-29.929429,153.391466
2332603,2332603,Aulostomus chinensis,-30.939266,153.101117
2332603,2332603,Aulostomus chinensis,-30.205483,153.26693
2332603,2332603,Aulostomus chinensis,-29.922415,153.388123
2332603,2332603,Aulostomus chinensis,-27.4,153.566667
2332603,2332603,Aulostomus chinensis,-29.929429,153.391466
2332603,2332603,Aulostomus chinensis,-30.205483,153.26693
2332603,2332603,Aulostomus chinensis,-30.205483,153.26693
2332603,2332603,Aulostomus chinensis,-10.42879,105.668922
2332603,2332603,Aulostomus chinensis,-27.389718,153.551121
2332603,2332603,Aulostomus chinensis,-30.205483,153.26693
2332603,2332603,Aulostomus chinensis,-21.666424,114.333588
2332603,2332603,Aulostomus chinensis,-21.66138,114.33977
2332603,2332603,Aulostomus chinensis,-30.205483,153.26693
2332603,2332603,Aulostomus chinensis,-27.532258,153.462608
2332603,2332603,Aulostomus chinensis,-30.205483,153.26693
2332603,2332603,Aulostomus chinensis,-27.531884,153.462608
2332603,2332603,Aulostomus chinensis,-30.205483,153.26693
2332603,2332603,Aulostomus chinensis,-30.201806,153.267139
2332603,2332603,Aulostomus chinensis,-22.131861,113.875527
2332603,2332603,Aulostomus chinensis,-30.205483,153.26693
2332603,2332603,Aulostomus chinensis,-22.1325,113.876944
2332603,2332603,Aulostomus chinensis,-30.205483,153.26693
2332603,2332603,Aulostomus chinensis,-10.44461,105.633919
2332603,2332603,Aulostomus chinensis,-30.205483,153.26693
2332603,2332603,Aulostomus chinensis,-30.205483,153.26693
2332603,2332603,Aulostomus chinensis,-33.824333,151.298056
2332603,2332603,Aulostomus chinensis,-32.629391,152.315874
2332603,2332603,Aulostomus chinensis,-10.42761,105.668233
2332603,2332603,Aulostomus chinensis,-29.923028,153.387315
2332603,2332603,Aulostomus chinensis,-29.923776,153.387703
2332603,2332603,Aulostomus chinensis,-10.46087,105.596942
2332603,2332603,Aulostomus chinensis,-32.629556,152.316236
2332603,2332603,Aulostomus chinensis,-29.923207,153.389068
2332603,2332603,Aulostomus chinensis,-32.599205,152.32525
2332603,2332603,Aulostomus chinensis,-32.625297,152.316995
2332603,2332603,Aulostomus chinensis,-32.598107,152.324883
2332603,2332603,Aulostomus chinensis,-32.600475,152.323918
2332603,2332603,Aulostomus chinensis,-22.685265,113.67304
2332603,2332603,Aulostomus chinensis,-32.62952,152.318703
2332603,2332603,Aulostomus chinensis,-32.604816,152.31134
2332603,2332603,Aulostomus chinensis,-30.9384,153.100684
2332603,2332603,Aulostomus chinensis,-29.927105,153.391509
2332603,2332603,Aulostomus chinensis,-30.939529,153.100835
2332603,2332603,Aulostomus chinensis,-30.939568,153.101247
2332603,2332603,Aulostomus chinensis,-32.59916,152.324034
2332603,2332603,Aulostomus chinensis,-32.629249,152.316965
2332603,2332603,Aulostomus chinensis,-32.616196,152.330266
2332603,2332603,Aulostomus chinensis,-32.598758,152.323102
2332603,2332603,Aulostomus chinensis,-30.2019,153.2676
2332603,2332603,Aulostomus chinensis,-30.20432,153.26482
2332603,2332603,Aulostomus chinensis,-29.93044,153.38984
2332603,2332603,Aulostomus chinensis,-28.611482,153.628561
2332603,2332603,Aulostomus chinensis,-28.611482,153.628561
2332603,2332603,Aulostomus chinensis,-30.938986,153.100179
2332603,2332603,Aulostomus chinensis,-30.938986,153.100179
2332603,2332603,Aulostomus chinensis,-32.600475,152.323918
2332603,2332603,Aulostomus chinensis,-32.62955,152.317002
2332603,2332603,Aulostomus chinensis,-32.59916,152.32412
2332603,2332603,Aulostomus chinensis,-10.405995,105.62247
2332603,2332603,Aulostomus chinensis,-29.927833,153.38924600000001
2332603,2332603,Aulostomus chinensis,-12.069035,96.848345
2332603,2332603,Aulostomus chinensis,-21.816829,114.191704
2332603,2332603,Aulostomus chinensis,-30.204037,153.266222
2332603,2332603,Aulostomus chinensis,-30.940222,153.101125
2332603,2332603,Aulostomus chinensis,-23.134385,113.753755
2332603,2332603,Aulostomus chinensis,-23.134385,113.753755
2332603,2332603,Aulostomus chinensis,-34.059208,151.159515
2332603,2332603,Aulostomus chinensis,-32.598993,152.32336
2332603,2332603,Aulostomus chinensis,-30.205368,153.265961
2332603,2332603,Aulostomus chinensis,-32.596288,152.325783
2332603,2332603,Aulostomus chinensis,-12.1669,96.81712
2332603,2332603,Aulostomus chinensis,-23.20469,113.752696
2332603,2332603,Aulostomus chinensis,-32.597463,152.325718
2332603,2332603,Aulostomus chinensis,-30.937191,153.100053
2332603,2332603,Aulostomus chinensis,-30.937235,153.099609
2332603,2332603,Aulostomus chinensis,-30.939506,153.101146
2332603,2332603,Aulostomus chinensis,-30.937235,153.100167
2332603,2332603,Aulostomus chinensis,-32.7098,152.1592
2332603,2332603,Aulostomus chinensis,-32.5992,152.324
2332603,2332603,Aulostomus chinensis,-29.6981,153.3976
2332603,2332603,Aulostomus chinensis,-29.6981,153.3976
2332603,2332603,Aulostomus chinensis,-31.717,152.8825
2332603,2332603,Aulostomus chinensis,-23.140745,113.770552
2332603,2332603,Aulostomus chinensis,-23.141276,113.767912
2332603,2332603,Aulostomus chinensis,-23.123262,113.757146
2332603,2332603,Aulostomus chinensis,-12.088284,96.876276
2332603,2332603,Aulostomus chinensis,-23.1214,113.7556
2332603,2332603,Aulostomus chinensis,-23.2,113.7635
2332603,2332603,Aulostomus chinensis,-22.9288,113.7794
2332603,2332603,Aulostomus chinensis,-22.023963,113.072128
2332603,2332603,Aulostomus chinensis,-21.905,113.930278
2332603,2332603,Aulostomus chinensis,-23.1415,113.7536
2332603,2332603,Aulostomus chinensis,-23.1123,113.7504
2332603,2332603,Aulostomus chinensis,-23.2061,113.7603
2332603,2332603,Aulostomus chinensis,-23.1123,113.7504
2332603,2332603,Aulostomus chinensis,-23.1123,113.7504
2332603,2332603,Aulostomus chinensis,-32.597565,152.323424
2332603,2332603,Aulostomus chinensis,-29.923464,153.387337
2332603,2332603,Aulostomus chinensis,-32.598722,152.323424
2332603,2332603,Aulostomus chinensis,-21.63458,114.36463
2332603,2332603,Aulostomus chinensis,-21.48864,114.88738
2332603,2332603,Aulostomus chinensis,-21.315,115.17265
2332603,2332603,Aulostomus chinensis,-21.69183,114.30701
2332603,2332603,Aulostomus chinensis,-21.63196,114.39484
2332603,2332603,Aulostomus chinensis,-22.7788,113.69625
2332603,2332603,Aulostomus chinensis,-20.54322,115.57198
2332603,2332603,Aulostomus chinensis,-30.2023,153.2658
2332603,2332603,Aulostomus chinensis,-30.205313,153.266026
2332603,2332603,Aulostomus chinensis,-32.599496,152.323433
2332603,2332603,Aulostomus chinensis,-17.5473,118.9668
2332603,2332603,Aulostomus chinensis,-32.599156,152.322737
2332603,2332603,Aulostomus chinensis,-17.2977,119.3423
2332603,2332603,Aulostomus chinensis,-17.3155,119.3675
2332603,2332603,Aulostomus chinensis,-17.3069,119.3706
2332603,2332603,Aulostomus chinensis,-21.6368,114.3908
2332603,2332603,Aulostomus chinensis,-21.6368,114.3908
2332603,2332603,Aulostomus chinensis,-21.6368,114.3908
2332603,2332603,Aulostomus chinensis,-21.6508,114.3769
2332603,2332603,Aulostomus chinensis,-21.6508,114.3769
2332603,2332603,Aulostomus chinensis,-30.2017,153.2664
2332603,2332603,Aulostomus chinensis,-30.2017,153.2664
2332603,2332603,Aulostomus chinensis,-32.604941,152.311322
2332603,2332603,Aulostomus chinensis,-23.1123,113.7504
2332603,2332603,Aulostomus chinensis,-23.1123,113.7504
2332603,2332603,Aulostomus chinensis,-23.1214,113.7556
2332603,2332603,Aulostomus chinensis,-23.1214,113.7556
2332603,2332603,Aulostomus chinensis,-23.2,113.7635
2332603,2332603,Aulostomus chinensis,-23.2,113.7635
2332603,2332603,Aulostomus chinensis,-23.2,113.7635
2332603,2332603,Aulostomus chinensis,-23.092,113.7397
2332603,2332603,Aulostomus chinensis,-23.2084,113.7633
2332603,2332603,Aulostomus chinensis,-23.3192,113.7807
2332603,2332603,Aulostomus chinensis,-23.2019,113.7625
2332603,2332603,Aulostomus chinensis,-23.135,113.7404
2332603,2332603,Aulostomus chinensis,-23.0447,113.8184
2332603,2332603,Aulostomus chinensis,-21.8524,114.1695
2332603,2332603,Aulostomus chinensis,-32.598722,152.323081
2332603,2332603,Aulostomus chinensis,-23.12952,113.746819
2332603,2332603,Aulostomus chinensis,-32.715,152.151111
2332603,2332603,Aulostomus chinensis,-21.9184,113.9555
2332603,2332603,Aulostomus chinensis,-23.2131,113.763
2332603,2332603,Aulostomus chinensis,-21.6414,114.3567
2332603,2332603,Aulostomus chinensis,-23.21313,113.76296
2332603,2332603,Aulostomus chinensis,-21.64135,114.35673
2332603,2332603,Aulostomus chinensis,-21.91842,112.95551
2332603,2332603,Aulostomus chinensis,-21.9041,113.9433
2332603,2332603,Aulostomus chinensis,-21.90414,113.94328
2332603,2332603,Aulostomus chinensis,-10.4296,105.6681
2332603,2332603,Aulostomus chinensis,-10.4296,105.6681
2332603,2332603,Aulostomus chinensis,-10.4266,105.6708
2332603,2332603,Aulostomus chinensis,-10.4281,105.6658
2332603,2332603,Aulostomus chinensis,-10.4562,105.6359
2332603,2332603,Aulostomus chinensis,-10.4296,105.6681
2332603,2332603,Aulostomus chinensis,-10.4296,105.6681
2332603,2332603,Aulostomus chinensis,-10.4296,105.6681
2332603,2332603,Aulostomus chinensis,-10.463,105.7077
2332603,2332603,Aulostomus chinensis,-21.8773,113.967
2332603,2332603,Aulostomus chinensis,-30.2052,153.267045
2332603,2332603,Aulostomus chinensis,-29.9331,153.3926
2332603,2332603,Aulostomus chinensis,-30.2019,153.2676
2332603,2332603,Aulostomus chinensis,-29.9304,153.3898
2332603,2332603,Aulostomus chinensis,-30.2017,153.2664
2332603,2332603,Aulostomus chinensis,-30.2017,153.2664
2332603,2332603,Aulostomus chinensis,-30.207,153.2653
2332603,2332603,Aulostomus chinensis,-30.207,153.2653
2332603,2332603,Aulostomus chinensis,-30.207,153.2653
2332603,2332603,Aulostomus chinensis,-30.207,153.2653
2332603,2332603,Aulostomus chinensis,-29.933083,153.392562
2332603,2332603,Aulostomus chinensis,-30.2019,153.2676
2332603,2332603,Aulostomus chinensis,-29.93044,153.38984
2332603,2332603,Aulostomus chinensis,-30.20167,153.26635
2332603,2332603,Aulostomus chinensis,-30.20167,153.26635
2332603,2332603,Aulostomus chinensis,-30.20167,153.26635
2332603,2332603,Aulostomus chinensis,-30.20701,153.26527
2332603,2332603,Aulostomus chinensis,-30.20701,153.26527
2332603,2332603,Aulostomus chinensis,-30.20701,153.26527
2332603,2332603,Aulostomus chinensis,-30.20701,153.26527
2332603,2332603,Aulostomus chinensis,-10.4607,105.6282
2332603,2332603,Aulostomus chinensis,-10.4616,105.581
2332603,2332603,Aulostomus chinensis,-12.4616,105.581
2332603,2332603,Aulostomus chinensis,-12.4607,105.6282
2332603,2332603,Aulostomus chinensis,-30.93938,153.100388
2332603,2332603,Aulostomus chinensis,-29.9304,153.3898
2332603,2332603,Aulostomus chinensis,-29.9304,153.3898
2332603,2332603,Aulostomus chinensis,-29.9304,153.3898
2332603,2332603,Aulostomus chinensis,-29.9231,153.3881
2332603,2332603,Aulostomus chinensis,-29.9231,153.3881
2332603,2332603,Aulostomus chinensis,-29.93044,153.38984
2332603,2332603,Aulostomus chinensis,-29.93044,153.38984
2332603,2332603,Aulostomus chinensis,-29.93044,153.38984
2332603,2332603,Aulostomus chinensis,-29.92314,153.38809
2332603,2332603,Aulostomus chinensis,-29.92314,153.38809
2332603,2332603,Aulostomus chinensis,-23.110502,113.70744
2332603,2332603,Aulostomus chinensis,-12.097433,96.852369
2332603,2332603,Aulostomus chinensis,-10.450337,105.602303
2332603,2332603,Aulostomus chinensis,-10.447525,105.690449
2332603,2332603,Aulostomus chinensis,-10.408357,105.693882
2332603,2332603,Aulostomus chinensis,-10.426225,105.667584
2332603,2332603,Aulostomus chinensis,-21.91454,113.95644
2332603,2332603,Aulostomus chinensis,-21.91076,113.96505
2332603,2332603,Aulostomus chinensis,-21.92379,113.94825
2332603,2332603,Aulostomus chinensis,-21.91,113.9663
2332603,2332603,Aulostomus chinensis,-21.9142,113.95415
2332603,2332603,Aulostomus chinensis,-22.17746,113.84191
2332603,2332603,Aulostomus chinensis,-22.194,113.8487
2332603,2332603,Aulostomus chinensis,-22.1935,113.8481
2332603,2332603,Aulostomus chinensis,-22.1955,113.8506
2332603,2332603,Aulostomus chinensis,-21.899,113.9453
2332603,2332603,Aulostomus chinensis,-22.094,113.8866
2332603,2332603,Aulostomus chinensis,-22.0919,113.8845
2332603,2332603,Aulostomus chinensis,-22.1963,113.8505
2332603,2332603,Aulostomus chinensis,-21.9119,113.955
2332603,2332603,Aulostomus chinensis,-21.8919,113.9647
2332603,2332603,Aulostomus chinensis,-22.1934,113.8481
2332603,2332603,Aulostomus chinensis,-22.0962,113.888
2332603,2332603,Aulostomus chinensis,-21.9096,113.9688
2332603,2332603,Aulostomus chinensis,-22.1931,113.8473
2332603,2332603,Aulostomus chinensis,-22.1933,113.8449
2332603,2332603,Aulostomus chinensis,-22.1943,113.8445
2332603,2332603,Aulostomus chinensis,-21.9038,113.96
2332603,2332603,Aulostomus chinensis,-21.8972,113.9556
2332603,2332603,Aulostomus chinensis,-21.9129,113.955
2332603,2332603,Aulostomus chinensis,-21.9103,113.9646
2332603,2332603,Aulostomus chinensis,-21.91116,113.96095
2332603,2332603,Aulostomus chinensis,-22.24358,113.82935
2332603,2332603,Aulostomus chinensis,-22.19509,113.85016
2332603,2332603,Aulostomus chinensis,-22.19489,113.84962
2332603,2332603,Aulostomus chinensis,-22.2426,113.82884
2332603,2332603,Aulostomus chinensis,-22.1922,113.8511
2332603,2332603,Aulostomus chinensis,-21.816226,114.191605
2332603,2332603,Aulostomus chinensis,-21.816525,114.191819
2332603,2332603,Aulostomus chinensis,-21.896405,113.965483
2332603,2332603,Aulostomus chinensis,-21.896405,113.965483
2332603,2332603,Aulostomus chinensis,-17.516167,118.9695
2332603,2332603,Aulostomus chinensis,-17.516167,118.9695
2332603,2332603,Aulostomus chinensis,-30.9384,153.100684
2332603,2332603,Aulostomus chinensis,-10.428179,105.665765
2332603,2332603,Aulostomus chinensis,-21.6801,114.341
2332603,2332603,Aulostomus chinensis,-32.6,152.31667
2332603,2332603,Aulostomus chinensis,-22.083333,114.25
2332603,2332603,Aulostomus chinensis,-27.25,153.25
2332603,2332603,Aulostomus chinensis,-30.883333,153.06667
2332603,2332603,Aulostomus chinensis,-33.95,151.26666
2332603,2332603,Aulostomus chinensis,-17.5,119.5
2332603,2332603,Aulostomus chinensis,-10.41667,105.66667
2332603,2332603,Aulostomus chinensis,-31.86667,115.75
2332603,2332603,Aulostomus chinensis,-10.5,105.66667
2332603,2332603,Aulostomus chinensis,-10.5,105.66667
2332603,2332603,Aulostomus chinensis,-28.516667,153.55
