requested_taxonKey,record_taxonKey,species_name,decimalLatitude,decimalLongitude
2332994,2332994,Cosmocampus banneri,-17.583,118.983
2332994,2332994,Cosmocampus banneri,-17.533,118.983
2332994,2332994,Cosmocampus banneri,-17.083,119.583
2332994,2332994,Cosmocampus banneri,-10.48333,105.66667
2332994,2332994,Cosmocampus banneri,-10.48333,105.66667
2332994,2332994,Cosmocampus banneri,-17.3,119.35
2332994,2332994,Cosmocampus banneri,-17.3,119.36667
2332994,2332994,Cosmocampus banneri,-10.41667,105.66667
2332994,2332994,Cosmocampus banneri,-12.08333,96.88333
