requested_taxonKey,record_taxonKey,species_name,decimalLatitude,decimalLongitude
2332983,2332983,Stipecampus cristatus,-38.357239,144.773372
2332983,2332983,Stipecampus cristatus,-38.367023,144.822489
2332983,2332983,Stipecampus cristatus,-38.365671,144.823008
2332983,2332983,Stipecampus cristatus,-35.522854,138.185421
2332983,2332983,Stipecampus cristatus,-38.365881,144.82302
2332983,2332983,Stipecampus cristatus,-38.365881,144.82302
2332983,2332983,Stipecampus cristatus,-38.476958,145.027391
2332983,2332983,Stipecampus cristatus,-38.365982,144.823037
2332983,2332983,Stipecampus cristatus,-38.365982,144.823037
2332983,2332983,Stipecampus cristatus,-38.373284,144.817655
2332983,2332983,Stipecampus cristatus,-38.366795,144.822865
2332983,2332983,Stipecampus cristatus,-38.365929,144.822988
2332983,2332983,Stipecampus cristatus,-38.366887,144.822523
2332983,2332983,Stipecampus cristatus,-38.36567,144.823027
2332983,2332983,Stipecampus cristatus,-38.365943,144.822977
2332983,2332983,Stipecampus cristatus,-38.365943,144.822977
2332983,2332983,Stipecampus cristatus,-38.365596,144.823095
2332983,2332983,Stipecampus cristatus,-38.368591,144.821378
2332983,2332983,Stipecampus cristatus,-38.356934,144.773365
2332983,2332983,Stipecampus cristatus,-38.357061,144.773369
2332983,2332983,Stipecampus cristatus,-38.356127,144.773323
2332983,2332983,Stipecampus cristatus,-38.345013,144.784219
2332983,2332983,Stipecampus cristatus,-38.356554,144.773596
2332983,2332983,Stipecampus cristatus,-38.356823,144.773517
2332983,2332983,Stipecampus cristatus,-38.368574,144.8214
2332983,2332983,Stipecampus cristatus,-38.365295,144.823304
2332983,2332983,Stipecampus cristatus,-38.365491,144.823127
2332983,2332983,Stipecampus cristatus,-38.369894,144.822172
2332983,2332983,Stipecampus cristatus,-38.368615,144.821492
2332983,2332983,Stipecampus cristatus,-38.356554,144.773596
2332983,2332983,Stipecampus cristatus,-38.365323,144.823181
2332983,2332983,Stipecampus cristatus,-35.084571,137.749771
2332983,2332983,Stipecampus cristatus,-38.356626,144.773594
2332983,2332983,Stipecampus cristatus,-38.357143,144.773048
2332983,2332983,Stipecampus cristatus,-38.368666,144.82141
2332983,2332983,Stipecampus cristatus,-38.358763,144.77271
2332983,2332983,Stipecampus cristatus,-38.354556,144.774116
2332983,2332983,Stipecampus cristatus,-38.366835,144.823311
2332983,2332983,Stipecampus cristatus,-38.465276,145.068047
2332983,2332983,Stipecampus cristatus,-38.368175,144.82137
2332983,2332983,Stipecampus cristatus,-38.368088,144.82166
2332983,2332983,Stipecampus cristatus,-38.475714,145.028693
2332983,2332983,Stipecampus cristatus,-35.03846,138.515213
2332983,2332983,Stipecampus cristatus,-38.365926,144.822863
2332983,2332983,Stipecampus cristatus,-38.365627,144.823035
2332983,2332983,Stipecampus cristatus,-38.365508,144.823111
2332983,2332983,Stipecampus cristatus,-38.368584,144.821347
2332983,2332983,Stipecampus cristatus,-38.368535,144.821327
2332983,2332983,Stipecampus cristatus,-35.084254,137.740588
2332983,2332983,Stipecampus cristatus,-38.366448,144.822823
2332983,2332983,Stipecampus cristatus,-38.475744,145.02635
2332983,2332983,Stipecampus cristatus,-38.355729,144.772828
2332983,2332983,Stipecampus cristatus,-38.475537,145.027145
2332983,2332983,Stipecampus cristatus,-38.475525,145.028054
2332983,2332983,Stipecampus cristatus,-38.356554,144.773596
2332983,2332983,Stipecampus cristatus,-35.084254,137.740588
2332983,2332983,Stipecampus cristatus,-38.358114,144.773153
2332983,2332983,Stipecampus cristatus,-38.356895,144.770511
2332983,2332983,Stipecampus cristatus,-38.36,144.769
2332983,2332983,Stipecampus cristatus,-38.5,145
2332983,2332983,Stipecampus cristatus,-38.356554,144.773596
2332983,2332983,Stipecampus cristatus,-38.356554,144.773596
2332983,2332983,Stipecampus cristatus,-38.356554,144.773596
2332983,2332983,Stipecampus cristatus,-35.08522,137.74968
2332983,2332983,Stipecampus cristatus,-38.356554,144.773596
2332983,2332983,Stipecampus cristatus,-38.356554,144.773596
2332983,2332983,Stipecampus cristatus,-38.1828,144.719
2332983,2332983,Stipecampus cristatus,-38.1828,144.719
2332983,2332983,Stipecampus cristatus,-38.1828,144.719
2332983,2332983,Stipecampus cristatus,-38.1828,144.719
2332983,2332983,Stipecampus cristatus,-38.356554,144.773596
2332983,2332983,Stipecampus cristatus,-38.358029,144.774604
2332983,2332983,Stipecampus cristatus,-36.781765,139.79026
2332983,2332983,Stipecampus cristatus,-35.20726,137.442245
2332983,2332983,Stipecampus cristatus,-38.1703,144.72
2332983,2332983,Stipecampus cristatus,-38.1703,144.72
2332983,2332983,Stipecampus cristatus,-35.0833,137.75
2332983,2332983,Stipecampus cristatus,-38.48,145.03
2332983,2332983,Stipecampus cristatus,-39.03,146.45
2332983,2332983,Stipecampus cristatus,-38.3178,144.714
2332983,2332983,Stipecampus cristatus,-39.783333,147.966667
2332983,2332983,Stipecampus cristatus,-39.783333,147.966667
2332983,2332983,Stipecampus cristatus,-38.433334,145.13333
2332983,2332983,Stipecampus cristatus,-38.316666,144.71666
2332983,2332983,Stipecampus cristatus,-38.316666,144.71666
2332983,2332983,Stipecampus cristatus,-38.316666,144.71666
2332983,2332983,Stipecampus cristatus,-38.18,144.72
2332983,2332983,Stipecampus cristatus,-38.32,145.25
2332983,2332983,Stipecampus cristatus,-33.883333,137.166667
2332983,2332983,Stipecampus cristatus,-34.97,138.5
2332983,2332983,Stipecampus cristatus,-34.5,136.92
2332983,2332983,Stipecampus cristatus,-38.28,145.23
2332983,2332983,Stipecampus cristatus,-37.97,144.9
2332983,2332983,Stipecampus cristatus,-38.28,145.23
2332983,2332983,Stipecampus cristatus,-34.07,136.4
2332983,2332983,Stipecampus cristatus,-38.27,144.65
2332983,2332983,Stipecampus cristatus,-34.5,136.92
2332983,2332983,Stipecampus cristatus,-34.87,138.25
2332983,2332983,Stipecampus cristatus,-32.03333,115.66667
2332983,2332983,Stipecampus cristatus,-31.829167,115.730278
2332983,2332983,Stipecampus cristatus,-38.36308,145.27044
2332983,2332983,Stipecampus cristatus,-34.99,137.76
