requested_taxonKey,record_taxonKey,species_name,decimalLatitude,decimalLongitude
2332740,2332740,Choeroichthys sculptus,-12.183333,96.86667
2332740,2332740,Choeroichthys sculptus,-10.58333,105.66667
2332740,2332740,Choeroichthys sculptus,-10.58333,105.66667
2332740,2332740,Choeroichthys sculptus,-10.48333,105.66667
2332740,2332740,Choeroichthys sculptus,-10.46667,105.7
2332740,2332740,Choeroichthys sculptus,-10.43333,105.66667
2332740,2332740,Choeroichthys sculptus,-12.2,96.83333
2332740,2332740,Choeroichthys sculptus,-12.08333,96.85
