requested_taxonKey,record_taxonKey,species_name,decimalLatitude,decimalLongitude
2332745,2332745,Choeroichthys brachysoma,-21.826482,114.205009
2332745,2332745,Choeroichthys brachysoma,-17.967,122.233
2332745,2332745,Choeroichthys brachysoma,-10.45,105.566667
2332745,2332745,Choeroichthys brachysoma,-20.4,115.533
2332745,2332745,Choeroichthys brachysoma,-17.083,119.583
2332745,2332745,Choeroichthys brachysoma,-27.466667,153.416667
2332745,2332745,Choeroichthys brachysoma,-20.46667,116.61667
2332745,2332745,Choeroichthys brachysoma,-21.68333,114.33333
2332745,2332745,Choeroichthys brachysoma,-10.48333,105.66667
2332745,2332745,Choeroichthys brachysoma,-10.483333,105.666667
2332745,2332745,Choeroichthys brachysoma,-17.25,119.33333
2332745,2332745,Choeroichthys brachysoma,-17.1,119.61667
2332745,2332745,Choeroichthys brachysoma,-17.3,119.36667
2332745,2332745,Choeroichthys brachysoma,-17.1,119.61667
2332745,2332745,Choeroichthys brachysoma,-10.45,105.65
2332745,2332745,Choeroichthys brachysoma,-10.43333,105.66667
2332745,2332745,Choeroichthys brachysoma,-10.43333,105.66667
2332745,2332745,Choeroichthys brachysoma,-20.526111,115.563056
2332745,2332745,Choeroichthys brachysoma,-20.468333,115.545
2332745,2332745,Choeroichthys brachysoma,-16.15,123.333333
2332745,2332745,Choeroichthys brachysoma,-22.1,114.516667
2332745,2332745,Choeroichthys brachysoma,-21.655556,114.370833
2332745,2332745,Choeroichthys brachysoma,-16.36667,123.03333
