requested_taxonKey,record_taxonKey,species_name,decimalLatitude,decimalLongitude
2333571,2333571,Gnathanacanthus goetzeei,-38.830467,146.119056
2333571,2333571,Gnathanacanthus goetzeei,-35.520913,138.694388
2333571,2333571,Gnathanacanthus goetzeei,-35.204718,137.192069
2333571,2333571,Gnathanacanthus goetzeei,-38.39735,145.163923
2333571,2333571,Gnathanacanthus goetzeei,-38.284194,144.452311
2333571,2333571,Gnathanacanthus goetzeei,-38.819616,146.026003
2333571,2333571,Gnathanacanthus goetzeei,-38.4755,145.0261
2333571,2333571,Gnathanacanthus goetzeei,-38.312838,144.585571
2333571,2333571,Gnathanacanthus goetzeei,-38.5,143
2333571,2333571,Gnathanacanthus goetzeei,-39,146
2333571,2333571,Gnathanacanthus goetzeei,-41,147.5
2333571,2333571,Gnathanacanthus goetzeei,-38.5,142
2333571,2333571,Gnathanacanthus goetzeei,-35.54,138.69
2333571,2333571,Gnathanacanthus goetzeei,-39.03,146.45
2333571,2333571,Gnathanacanthus goetzeei,-43.31201,145.89658
2333571,2333571,Gnathanacanthus goetzeei,-38.6367,145.729
2333571,2333571,Gnathanacanthus goetzeei,-38.6367,145.729
2333571,10494698,Gnathanacanthus goetzeei,-38.633,145.717
2333571,2333571,Gnathanacanthus goetzeei,-42.19532,145.16692
2333571,2333571,Gnathanacanthus goetzeei,-39.46457,147.29466
2333571,2333571,Gnathanacanthus goetzeei,-38.6342,145.768
2333571,2333571,Gnathanacanthus goetzeei,-38.6342,145.768
2333571,2333571,Gnathanacanthus goetzeei,-38.2753,144.655
2333571,2333571,Gnathanacanthus goetzeei,-39.1024,146.334
2333571,2333571,Gnathanacanthus goetzeei,-38.48,145.03
2333571,2333571,Gnathanacanthus goetzeei,-38.48,145.03
2333571,2333571,Gnathanacanthus goetzeei,-38.48,145.03
2333571,2333571,Gnathanacanthus goetzeei,-38.48,145.03
2333571,10494698,Gnathanacanthus goetzeei,-38.483,145.033
2333571,2333571,Gnathanacanthus goetzeei,-39.0521,146.475
2333571,2333571,Gnathanacanthus goetzeei,-38.9665,146.228
2333571,2333571,Gnathanacanthus goetzeei,-39.0877,146.441
2333571,2333571,Gnathanacanthus goetzeei,-38.6789,145.654
2333571,2333571,Gnathanacanthus goetzeei,-35.621051,137.183942
2333571,2333571,Gnathanacanthus goetzeei,-35.621609,137.186688
2333571,2333571,Gnathanacanthus goetzeei,-41.06547,146.7905
2333571,2333571,Gnathanacanthus goetzeei,-40.9155,145.58836
2333571,2333571,Gnathanacanthus goetzeei,-40.98029,147.02135
2333571,2333571,Gnathanacanthus goetzeei,-42.19641,145.16962
2333571,2333571,Gnathanacanthus goetzeei,-43.30351,145.89841
2333571,2333571,Gnathanacanthus goetzeei,-38.483118,145.023384
2333571,2333571,Gnathanacanthus goetzeei,-40.84848,147.59433
2333571,2333571,Gnathanacanthus goetzeei,-40.84848,147.59433
2333571,2333571,Gnathanacanthus goetzeei,-37.8517,148.15
2333571,2333571,Gnathanacanthus goetzeei,-37.57,140.13
2333571,2333571,Gnathanacanthus goetzeei,-37.9094,140.3978
2333571,2333571,Gnathanacanthus goetzeei,-39.045,146.472
2333571,2333571,Gnathanacanthus goetzeei,-38.0731,140.6117
2333571,2333571,Gnathanacanthus goetzeei,-34.3225,137.4933
2333571,2333571,Gnathanacanthus goetzeei,-33.9853,137.0022
2333571,2333571,Gnathanacanthus goetzeei,-40.1033,148.417
2333571,2333571,Gnathanacanthus goetzeei,-35.733334,137.96666
2333571,2333571,Gnathanacanthus goetzeei,-35.1667,137.9167
2333571,2333571,Gnathanacanthus goetzeei,-38.53,143.97
2333571,2333571,Gnathanacanthus goetzeei,-39.03,146.25
2333571,2333571,Gnathanacanthus goetzeei,-38.57,145.37
2333571,2333571,Gnathanacanthus goetzeei,-40,148.31667
2333571,2333571,Gnathanacanthus goetzeei,-35.37,136.87
2333571,2333571,Gnathanacanthus goetzeei,-35.37,136.87
2333571,2333571,Gnathanacanthus goetzeei,-38.85,146.07
2333571,2333571,Gnathanacanthus goetzeei,-38.85,146.07
2333571,2333571,Gnathanacanthus goetzeei,-38.633335,145.73334
2333571,2333571,Gnathanacanthus goetzeei,-34.07,137.58
2333571,2333571,Gnathanacanthus goetzeei,-35.08,137.75
2333571,2333571,Gnathanacanthus goetzeei,-34.05,137.57
2333571,2333571,Gnathanacanthus goetzeei,-35.55,138.63
2333571,2333571,Gnathanacanthus goetzeei,-35.53,138.68
2333571,2333571,Gnathanacanthus goetzeei,-35.58,138.75
2333571,2333571,Gnathanacanthus goetzeei,-34.97,138.53
2333571,2333571,Gnathanacanthus goetzeei,-40.433334,144.88333
2333571,2333571,Gnathanacanthus goetzeei,-38.28,144.62
2333571,2333571,Gnathanacanthus goetzeei,-38.6594,145.784
2333571,2333571,Gnathanacanthus goetzeei,-41.333332,147.03334
2333571,2333571,Gnathanacanthus goetzeei,-38.3,144.63
2333571,2333571,Gnathanacanthus goetzeei,-38.48,145.02
2333571,2333571,Gnathanacanthus goetzeei,-38.3,141.33
2333571,2333571,Gnathanacanthus goetzeei,-38.3,144.62
2333571,2333571,Gnathanacanthus goetzeei,-38.28,144.6
2333571,2333571,Gnathanacanthus goetzeei,-38.33,141.62
2333571,2333571,Gnathanacanthus goetzeei,-38.27,144.67
2333571,2333571,Gnathanacanthus goetzeei,-38.35,141.65
2333571,2333571,Gnathanacanthus goetzeei,-39.92,144
2333571,2333571,Gnathanacanthus goetzeei,-42.738618,147.221039
2333571,2333571,Gnathanacanthus goetzeei,-35.55,138.63
2333571,2333571,Gnathanacanthus goetzeei,-35.58,138.75
2333571,2333571,Gnathanacanthus goetzeei,-35.05,138.52
2333571,2333571,Gnathanacanthus goetzeei,-35.75,137
2333571,2333571,Gnathanacanthus goetzeei,-35.42,139.17
2333571,2333571,Gnathanacanthus goetzeei,-34.5,136.92
2333571,2333571,Gnathanacanthus goetzeei,-33.97,134.28
2333571,2333571,Gnathanacanthus goetzeei,-36.95,139.67
2333571,2333571,Gnathanacanthus goetzeei,-32.15,133.65
2333571,2333571,Gnathanacanthus goetzeei,-34.78,135.85
2333571,2333571,Gnathanacanthus goetzeei,-37.17,139.75
2333571,2333571,Gnathanacanthus goetzeei,-31.98333,115.75
2333571,2333571,Gnathanacanthus goetzeei,-28.78333,114.56667
2333571,2333571,Gnathanacanthus goetzeei,-26.01667,117.1
2333571,2333571,Gnathanacanthus goetzeei,-35.03333,117.63333
2333571,2333571,Gnathanacanthus goetzeei,-32.3,115.71667
2333571,2333571,Gnathanacanthus goetzeei,-30.1,114.95
2333571,2333571,Gnathanacanthus goetzeei,-34.01667,123.15
2333571,2333571,Gnathanacanthus goetzeei,-31.86667,115.75
2333571,2333571,Gnathanacanthus goetzeei,-32.28333,115.71667
2333571,2333571,Gnathanacanthus goetzeei,-38.27,144.67
2333571,2333571,Gnathanacanthus goetzeei,-38.67,146.45
2333571,2333571,Gnathanacanthus goetzeei,-34.2017,137.3067
2333571,2333571,Gnathanacanthus goetzeei,-36.0667,136.7
2333571,2333571,Gnathanacanthus goetzeei,-38.0817,140.7033
2333571,2333571,Gnathanacanthus goetzeei,-38.1356,140.6861
2333571,2333571,Gnathanacanthus goetzeei,-38.02,140.58
