requested_taxonKey,record_taxonKey,species_name,decimalLatitude,decimalLongitude
2333518,2333518,Macroramphosus gracilis,-31.101569,153.025515
2333518,2333518,Macroramphosus gracilis,-30.593739,153.014025
2333518,2333518,Macroramphosus gracilis,-43.494712,146.257467
2333518,2333518,Macroramphosus gracilis,-36,150
2333518,2333518,Macroramphosus gracilis,-36.245519,150.224197
2333518,2333518,Macroramphosus gracilis,-36,150
2333518,2333518,Macroramphosus gracilis,-28.863056,153.59334
2333518,2333518,Macroramphosus gracilis,-29.708334,153.66667
2333518,2333518,Macroramphosus gracilis,-33.167,151.717
2333518,2333518,Macroramphosus gracilis,-32.933,151.95
2333518,2333518,Macroramphosus gracilis,-33.083,151.767
2333518,2333518,Macroramphosus gracilis,-33.117,151.733
2333518,2333518,Macroramphosus gracilis,-33.133,151.733
2333518,2333518,Macroramphosus gracilis,-33.067,151.767
2333518,2333518,Macroramphosus gracilis,-33.1,151.75
2333518,2333518,Macroramphosus gracilis,-29.8,153.467
2333518,2333518,Macroramphosus gracilis,-33.017,151.8
2333518,2333518,Macroramphosus gracilis,-33.033,151.8
2333518,2333518,Macroramphosus gracilis,-33.05,151.75
2333518,2333518,Macroramphosus gracilis,-33.033,151.8
2333518,2333518,Macroramphosus gracilis,-29.8,153.45
2333518,2333518,Macroramphosus gracilis,-29.45,153.583
2333518,2333518,Macroramphosus gracilis,-29.45,153.6
2333518,2333518,Macroramphosus gracilis,-29.417,153.567
2333518,2333518,Macroramphosus gracilis,-29.45,153.583
2333518,2333518,Macroramphosus gracilis,-33.15,151.75
2333518,2333518,Macroramphosus gracilis,-33.117,151.75
2333518,2333518,Macroramphosus gracilis,-32.9,152
2333518,2333518,Macroramphosus gracilis,-33.05,151.983
2333518,2333518,Macroramphosus gracilis,-33.067,152
2333518,2333518,Macroramphosus gracilis,-33.117,151.933
2333518,2333518,Macroramphosus gracilis,-32.917,152.283
2333518,2333518,Macroramphosus gracilis,-32.983,152.217
2333518,2333518,Macroramphosus gracilis,-32.933,152.283
2333518,2333518,Macroramphosus gracilis,-33.017,152.217
2333518,2333518,Macroramphosus gracilis,-35.217,150.617
2333518,2333518,Macroramphosus gracilis,-33.1,151.933
2333518,2333518,Macroramphosus gracilis,-33.017,152
2333518,2333518,Macroramphosus gracilis,-32.917,152.267
2333518,2333518,Macroramphosus gracilis,-32.983,152.2
2333518,2333518,Macroramphosus gracilis,-32.933,152.283
2333518,2333518,Macroramphosus gracilis,-32.983,152.233
2333518,2333518,Macroramphosus gracilis,-33.441666,152.26666
2333518,2333518,Macroramphosus gracilis,-32.95,152.283
2333518,2333518,Macroramphosus gracilis,-34.283,151.2
2333518,2333518,Macroramphosus gracilis,-34.367,151.183
2333518,2333518,Macroramphosus gracilis,-32.983,152.25
2333518,2333518,Macroramphosus gracilis,-32.933,152.283
2333518,2333518,Macroramphosus gracilis,-34.3,151.2
2333518,2333518,Macroramphosus gracilis,-35.7,150.4
2333518,2333518,Macroramphosus gracilis,-32.967,152.25
2333518,2333518,Macroramphosus gracilis,-32.9,152.3
2333518,2333518,Macroramphosus gracilis,-32.933,152.3
2333518,2333518,Macroramphosus gracilis,-34.367,151.2
2333518,2333518,Macroramphosus gracilis,-34.383,151.183
2333518,2333518,Macroramphosus gracilis,-35.65,150.433
2333518,2333518,Macroramphosus gracilis,-35.733,150.4
2333518,2333518,Macroramphosus gracilis,-34.367,151.183
2333518,2333518,Macroramphosus gracilis,-34.3,151.2
2333518,2333518,Macroramphosus gracilis,-32.983,152.233
2333518,2333518,Macroramphosus gracilis,-32.95,152.267
2333518,2333518,Macroramphosus gracilis,-32.933,152.267
2333518,2333518,Macroramphosus gracilis,-33,152.217
2333518,2333518,Macroramphosus gracilis,-34.383,151.183
2333518,2333518,Macroramphosus gracilis,-34.35,151.2
2333518,2333518,Macroramphosus gracilis,-33.033,152
2333518,2333518,Macroramphosus gracilis,-33.1,151.95
2333518,2333518,Macroramphosus gracilis,-33.083,151.933
2333518,2333518,Macroramphosus gracilis,-33.033,152.017
2333518,2333518,Macroramphosus gracilis,-32.967,152.233
2333518,2333518,Macroramphosus gracilis,-32.9,152.3
2333518,2333518,Macroramphosus gracilis,-32.917,152.3
2333518,2333518,Macroramphosus gracilis,-32.967,152.25
2333518,2333518,Macroramphosus gracilis,-35.2,150.7
2333518,2333518,Macroramphosus gracilis,-34.3,151.2
2333518,2333518,Macroramphosus gracilis,-34.3,151.217
2333518,2333518,Macroramphosus gracilis,-35.633,150.45
2333518,2333518,Macroramphosus gracilis,-35.733,150.383
2333518,2333518,Macroramphosus gracilis,-35.617,150.45
2333518,2333518,Macroramphosus gracilis,-35.2,150.7
2333518,2333518,Macroramphosus gracilis,-35.7,150.4
2333518,2333518,Macroramphosus gracilis,-35.217,150.633
2333518,2333518,Macroramphosus gracilis,-35.217,150.7
2333518,2333518,Macroramphosus gracilis,-35.667,150.433
2333518,2333518,Macroramphosus gracilis,-35.733,150.383
2333518,2333518,Macroramphosus gracilis,-35.633,150.433
2333518,2333518,Macroramphosus gracilis,-35.717,150.4
2333518,2333518,Macroramphosus gracilis,-35.217,150.633
2333518,2333518,Macroramphosus gracilis,-33.017,152
2333518,2333518,Macroramphosus gracilis,-33.033,152
2333518,2333518,Macroramphosus gracilis,-33.1,151.917
2333518,2333518,Macroramphosus gracilis,-33.05,152.167
2333518,2333518,Macroramphosus gracilis,-32.983,152.233
2333518,2333518,Macroramphosus gracilis,-32.983,152.233
2333518,2333518,Macroramphosus gracilis,-33.05,152.183
2333518,2333518,Macroramphosus gracilis,-32.95,152.283
2333518,2333518,Macroramphosus gracilis,-32.917,152.3
2333518,2333518,Macroramphosus gracilis,-32.967,152.233
2333518,2333518,Macroramphosus gracilis,-33,152.233
2333518,2333518,Macroramphosus gracilis,-35.633,150.45
2333518,2333518,Macroramphosus gracilis,-35.717,150.383
2333518,2333518,Macroramphosus gracilis,-32.983,152.25
2333518,2333518,Macroramphosus gracilis,-35.633,150.45
2333518,2333518,Macroramphosus gracilis,-35.717,150.4
2333518,2333518,Macroramphosus gracilis,-35.667,150.417
2333518,2333518,Macroramphosus gracilis,-35.733,150.4
2333518,2333518,Macroramphosus gracilis,-33.025,151.98334
2333518,2333518,Macroramphosus gracilis,-32.917,152.317
2333518,2333518,Macroramphosus gracilis,-32.933,152.283
2333518,2333518,Macroramphosus gracilis,-32.983,152.233
2333518,2333518,Macroramphosus gracilis,-33.067,151.933
2333518,2333518,Macroramphosus gracilis,-33.017,152.017
2333518,2333518,Macroramphosus gracilis,-32.917,152.3
2333518,2333518,Macroramphosus gracilis,-32.983,152.25
2333518,2333518,Macroramphosus gracilis,-32.933,152.3
2333518,2333518,Macroramphosus gracilis,-35.75,150.383
2333518,2333518,Macroramphosus gracilis,-35.683,150.417
2333518,2333518,Macroramphosus gracilis,-35.683,150.417
2333518,2333518,Macroramphosus gracilis,-32.983,152.217
2333518,2333518,Macroramphosus gracilis,-32.933,152.3
2333518,2333518,Macroramphosus gracilis,-32.95,152.3
2333518,2333518,Macroramphosus gracilis,-33,152.233
2333518,2333518,Macroramphosus gracilis,-35.2,150.717
2333518,2333518,Macroramphosus gracilis,-34.3,151.2
2333518,2333518,Macroramphosus gracilis,-34.383,151.183
2333518,2333518,Macroramphosus gracilis,-34.367,151.2
2333518,2333518,Macroramphosus gracilis,-34.283,151.217
2333518,2333518,Macroramphosus gracilis,-33.1,151.933
2333518,2333518,Macroramphosus gracilis,-33.033,152.017
2333518,2333518,Macroramphosus gracilis,-33.083,151.917
2333518,2333518,Macroramphosus gracilis,-33.033,151.983
2333518,2333518,Macroramphosus gracilis,-35.217,150.7
2333518,2333518,Macroramphosus gracilis,-35.217,150.7
2333518,2333518,Macroramphosus gracilis,-35.7,150.4
2333518,2333518,Macroramphosus gracilis,-35.633,150.45
2333518,2333518,Macroramphosus gracilis,-34.3,151.2
2333518,2333518,Macroramphosus gracilis,-35.7,150.4
2333518,2333518,Macroramphosus gracilis,-34.383,151.183
2333518,2333518,Macroramphosus gracilis,-34.367,151.2
2333518,2333518,Macroramphosus gracilis,-33,152.217
2333518,2333518,Macroramphosus gracilis,-34.317,151.2
2333518,2333518,Macroramphosus gracilis,-32.917,152.283
2333518,2333518,Macroramphosus gracilis,-32.933,152.283
2333518,2333518,Macroramphosus gracilis,-32.983,152.217
2333518,2333518,Macroramphosus gracilis,-33.1,151.933
2333518,2333518,Macroramphosus gracilis,-33.05,152
2333518,2333518,Macroramphosus gracilis,-35.667,150.417
2333518,2333518,Macroramphosus gracilis,-35.733,150.367
2333518,2333518,Macroramphosus gracilis,-36.667,150.15
2333518,2333518,Macroramphosus gracilis,-29.385,153.575
2333518,2333518,Macroramphosus gracilis,-30.35,153.4
2333518,2333518,Macroramphosus gracilis,-29.417,153.583
2333518,2333518,Macroramphosus gracilis,-29.38,153.58
2333518,2333518,Macroramphosus gracilis,-29.417,153.583
2333518,2333518,Macroramphosus gracilis,-29.417,153.583
2333518,2333518,Macroramphosus gracilis,-32.3,152.783
2333518,2333518,Macroramphosus gracilis,-32.3,152.783
2333518,2333518,Macroramphosus gracilis,-32.3,152.783
2333518,2333518,Macroramphosus gracilis,-32.3,152.783
2333518,2333518,Macroramphosus gracilis,-32.3,152.783
2333518,2333518,Macroramphosus gracilis,-35.717,150.4
2333518,2333518,Macroramphosus gracilis,-35.65,150.433
2333518,2333518,Macroramphosus gracilis,-30.55,153.317
2333518,2333518,Macroramphosus gracilis,-28.45,153.833
2333518,2333518,Macroramphosus gracilis,-28.383,153.833
2333518,2333518,Macroramphosus gracilis,-29.39,153.66833
2333518,2333518,Macroramphosus gracilis,-29.417,153.583
2333518,2333518,Macroramphosus gracilis,-29.417,153.583
2333518,2333518,Macroramphosus gracilis,-29.417,153.583
2333518,2333518,Macroramphosus gracilis,-29.417,153.583
2333518,2333518,Macroramphosus gracilis,-29.417,153.583
2333518,2333518,Macroramphosus gracilis,-29.417,153.583
2333518,2333518,Macroramphosus gracilis,-29.417,153.583
2333518,2333518,Macroramphosus gracilis,-29.417,153.583
2333518,2333518,Macroramphosus gracilis,-29.05,153.817
2333518,2333518,Macroramphosus gracilis,-29.417,153.583
2333518,2333518,Macroramphosus gracilis,-29.417,153.583
2333518,2333518,Macroramphosus gracilis,-29.417,153.583
2333518,2333518,Macroramphosus gracilis,-29.417,153.583
2333518,2333518,Macroramphosus gracilis,-29.417,153.583
2333518,2333518,Macroramphosus gracilis,-28.417,153.833
2333518,2333518,Macroramphosus gracilis,-28.45,153.85
2333518,2333518,Macroramphosus gracilis,-30.367,153.4
2333518,2333518,Macroramphosus gracilis,-29.417,153.583
2333518,2333518,Macroramphosus gracilis,-29.417,153.583
2333518,2333518,Macroramphosus gracilis,-29.417,153.583
2333518,2333518,Macroramphosus gracilis,-29.417,153.583
2333518,2333518,Macroramphosus gracilis,-29.417,153.583
2333518,2333518,Macroramphosus gracilis,-29.417,153.583
2333518,2333518,Macroramphosus gracilis,-29.417,153.583
2333518,2333518,Macroramphosus gracilis,-29.417,153.583
2333518,2333518,Macroramphosus gracilis,-29.417,153.583
2333518,2333518,Macroramphosus gracilis,-29.417,153.583
2333518,2333518,Macroramphosus gracilis,-34.217,151.233
2333518,2333518,Macroramphosus gracilis,-34.917,150.967
2333518,2333518,Macroramphosus gracilis,-34.783,151
2333518,2333518,Macroramphosus gracilis,-34.85,150.983
2333518,2333518,Macroramphosus gracilis,-34.917,151.017
2333518,2333518,Macroramphosus gracilis,-34.867,151
2333518,2333518,Macroramphosus gracilis,-34.567,151.067
2333518,2333518,Macroramphosus gracilis,-33.4,151.833
2333518,2333518,Macroramphosus gracilis,-33.45,151.817
2333518,2333518,Macroramphosus gracilis,-33.483,151.767
2333518,2333518,Macroramphosus gracilis,-33.8,151.483
2333518,2333518,Macroramphosus gracilis,-33.517,151.783
2333518,2333518,Macroramphosus gracilis,-33.383,151.833
2333518,2333518,Macroramphosus gracilis,-32.717,152.383
2333518,2333518,Macroramphosus gracilis,-34.9587,151.134
2333518,2333518,Macroramphosus gracilis,-36.9917,150.373
2333518,2333518,Macroramphosus gracilis,-34.633,151.017
2333518,2333518,Macroramphosus gracilis,-34.517,151.1
2333518,2333518,Macroramphosus gracilis,-34.25,151.2
2333518,2333518,Macroramphosus gracilis,-34.367,151.15
2333518,2333518,Macroramphosus gracilis,-34.45,151.15
2333518,2333518,Macroramphosus gracilis,-34.583,151.067
2333518,2333518,Macroramphosus gracilis,-35.283,150.717
2333518,2333518,Macroramphosus gracilis,-32.25,152.7
2333518,2333518,Macroramphosus gracilis,-32.183,152.717
2333518,2333518,Macroramphosus gracilis,-34.233,151.2
2333518,2333518,Macroramphosus gracilis,-35.733,150.4
2333518,2333518,Macroramphosus gracilis,-34.2,151.2
2333518,2333518,Macroramphosus gracilis,-35.283,150.733
2333518,2333518,Macroramphosus gracilis,-34.267,151.167
2333518,2333518,Macroramphosus gracilis,-34.667,151.033
2333518,2333518,Macroramphosus gracilis,-34.6,151.033
2333518,2333518,Macroramphosus gracilis,-34.267,151.2
2333518,2333518,Macroramphosus gracilis,-34.633,151.017
2333518,2333518,Macroramphosus gracilis,-34.367,151.167
2333518,2333518,Macroramphosus gracilis,-34.25,151.2
2333518,2333518,Macroramphosus gracilis,-34.55,151.05
2333518,2333518,Macroramphosus gracilis,-37.041668,149.94167
2333518,2333518,Macroramphosus gracilis,-33.6,151.95
2333518,2333518,Macroramphosus gracilis,-33.6,151.95
2333518,2333518,Macroramphosus gracilis,-33.6,151.95
2333518,2333518,Macroramphosus gracilis,-33.517,151.733
2333518,2333518,Macroramphosus gracilis,-33.517,151.733
2333518,2333518,Macroramphosus gracilis,-32.25,152.8
2333518,2333518,Macroramphosus gracilis,-33.8,151.55
2333518,2333518,Macroramphosus gracilis,-30.95,153.217
2333518,2333518,Macroramphosus gracilis,-38.2,148.1
2333518,2333518,Macroramphosus gracilis,-28.2,153.9
2333518,2333518,Macroramphosus gracilis,-29.933,153.6
2333518,2333518,Macroramphosus gracilis,-37.883,149.033
2333518,2333518,Macroramphosus gracilis,-26.58,112.67
2333518,2333518,Macroramphosus gracilis,-30.367,153.4
2333518,2333518,Macroramphosus gracilis,-32.733,152.35
2333518,2333518,Macroramphosus gracilis,-31.1,153.233
2333518,2333518,Macroramphosus gracilis,-29.8,153.683
2333518,2333518,Macroramphosus gracilis,-29.733,153.717
2333518,2333518,Macroramphosus gracilis,-29.6,153.75
2333518,2333518,Macroramphosus gracilis,-27.966667,153.89166
2333518,2333518,Macroramphosus gracilis,-27.933,153.883
2333518,2333518,Macroramphosus gracilis,-30.333,153.433
2333518,2333518,Macroramphosus gracilis,-28.383,153.85
2333518,2333518,Macroramphosus gracilis,-27.97,153.89
2333518,2333518,Macroramphosus gracilis,-27.966667,153.89166
2333518,2333518,Macroramphosus gracilis,-28.208334,153.83333
2333518,2333518,Macroramphosus gracilis,-28.058332,153.875
2333518,2333518,Macroramphosus gracilis,-29.783,153.65
2333518,2333518,Macroramphosus gracilis,-28.033,153.883
2333518,2333518,Macroramphosus gracilis,-28.017,153.833
2333518,2333518,Macroramphosus gracilis,-28.033,153.833
2333518,2333518,Macroramphosus gracilis,-28.567,153.833
2333518,2333518,Macroramphosus gracilis,-28.617,153.833
2333518,2333518,Macroramphosus gracilis,-28.058332,153.875
2333518,2333518,Macroramphosus gracilis,-29.806667,153.64
2333518,2333518,Macroramphosus gracilis,-30.717,153.267
2333518,2333518,Macroramphosus gracilis,-29.033,153.8
2333518,2333518,Macroramphosus gracilis,-28.2,153.883
2333518,2333518,Macroramphosus gracilis,-29.283,153.817
2333518,2333518,Macroramphosus gracilis,-29.367,153.817
2333518,2333518,Macroramphosus gracilis,-31.058332,153.21666
2333518,2333518,Macroramphosus gracilis,-30.35,153.4
2333518,2333518,Macroramphosus gracilis,-31.05,153.217
2333518,2333518,Macroramphosus gracilis,-30.358334,153.425
2333518,2333518,Macroramphosus gracilis,-33.7,151.733
2333518,2333518,Macroramphosus gracilis,-29.883333,153.7
2333518,2333518,Macroramphosus gracilis,-33.866665,151.61667
2333518,2333518,Macroramphosus gracilis,-35.07722,150.79333
2333518,2333518,Macroramphosus gracilis,-37.45,149.98334
2333518,2333518,Macroramphosus gracilis,-37.05,150
2333518,2333518,Macroramphosus gracilis,-36.25,150.23334
2333518,2333518,Macroramphosus gracilis,-35.1,150.8
2333518,2333518,Macroramphosus gracilis,-36.833333,149.983333
2333518,2333518,Macroramphosus gracilis,-36.833333,149.983333
2333518,2333518,Macroramphosus gracilis,-36.916668,149.91667
2333518,2333518,Macroramphosus gracilis,-37.066666,149.91667
2333518,2333518,Macroramphosus gracilis,-35.533333,150.48334
2333518,2333518,Macroramphosus gracilis,-33.95,151.26666
2333518,2333518,Macroramphosus gracilis,-37,150
2333518,2333527,Macroramphosus gracilis,-37.083333,150.083333
2333518,2333518,Macroramphosus gracilis,-33.833332,151.33333
2333518,2333518,Macroramphosus gracilis,-33.82,151.26666
2333518,2333518,Macroramphosus gracilis,-33.95,151.25
2333518,2333518,Macroramphosus gracilis,-35.741665,150.38333
2333518,2333518,Macroramphosus gracilis,-34.516666,151.10834
2333518,2333518,Macroramphosus gracilis,-33.05,152.18333
