requested_taxonKey,record_taxonKey,species_name,decimalLatitude,decimalLongitude
2333159,2333159,Vanacampus vercoi,-35.445269,138.307702
2333159,2333159,Vanacampus vercoi,-35.5108,138.218
2333159,2333159,Vanacampus vercoi,-35.5108,138.218
2333159,10041152,Vanacampus vercoi,-35.51667,138.21667
2333159,2333159,Vanacampus vercoi,-35.442467,138.307852
2333159,2333159,Vanacampus vercoi,-35.428535,138.290405
2333159,2333159,Vanacampus vercoi,-34.7061,137.877
2333159,2333159,Vanacampus vercoi,-34.88,137.82
2333159,2333159,Vanacampus vercoi,-35.783333,137.76666
2333159,2333159,Vanacampus vercoi,-34.5,136.08
2333159,2333159,Vanacampus vercoi,-35.08,137.75
2333159,2333159,Vanacampus vercoi,-34.93,137.35
2333159,2333159,Vanacampus vercoi,-35.82,137.78
2333159,2333159,Vanacampus vercoi,-35.82,137.78
2333159,2333159,Vanacampus vercoi,-35.82,137.78
2333159,2333161,Vanacampus vercoi,-35.046235,137.87683
2333159,2333159,Vanacampus vercoi,-35.6556,137.6408
2333159,2333160,Vanacampus vercoi,-35.997115,137.342405
2333159,2333159,Vanacampus vercoi,-40.648598,148.100993
2333159,2333159,Vanacampus vercoi,-34.13,137.03
2333159,2333159,Vanacampus vercoi,-34.13,137.03
2333159,2333159,Vanacampus vercoi,-35.82,137.77
2333159,2333159,Vanacampus vercoi,-35.81667,137.78333
2333159,2333159,Vanacampus vercoi,-35.82,137.77
2333159,10041152,Vanacampus vercoi,-35.45,138.31
2333159,2333159,Vanacampus vercoi,-35.45,138.31
2333159,2333159,Vanacampus vercoi,-35.82,137.78
2333159,2333159,Vanacampus vercoi,-35.82,137.78
