requested_taxonKey,record_taxonKey,species_name,decimalLatitude,decimalLongitude
2333587,2333587,Dactyloptena peterseni,-23.140574,113.457147
2333587,2333587,Dactyloptena peterseni,-23.140574,113.457147
2333587,2333587,Dactyloptena peterseni,-25.51,112.191667
2333587,9904151,Dactyloptena peterseni,-25.5,112.183
2333587,2333587,Dactyloptena peterseni,-25.51,112.191667
2333587,2333587,Dactyloptena peterseni,-21.833333,114.183333
2333587,2333587,Dactyloptena peterseni,-21.833333,114.183333
2333587,2333587,Dactyloptena peterseni,-18.983,117.705
2333587,2333587,Dactyloptena peterseni,-18.983,117.705
2333587,2333587,Dactyloptena peterseni,-18.598333,118.5
2333587,2333587,Dactyloptena peterseni,-19.215,116.898333
2333587,2333587,Dactyloptena peterseni,-20.77833,114.94417
2333587,2333587,Dactyloptena peterseni,-20.8725,114.85084
2333587,2333587,Dactyloptena peterseni,-19.91333,115.6875
2333587,2333587,Dactyloptena peterseni,-18.598333,118.5
2333587,2333587,Dactyloptena peterseni,-19.215,116.898333
2333587,9904151,Dactyloptena peterseni,-29.633,153.383
2333587,2333587,Dactyloptena peterseni,-29.65,153.383333
2333587,2333587,Dactyloptena peterseni,-29.65,153.383333
2333587,2333587,Dactyloptena peterseni,-20.16083,115.04834
2333587,2333587,Dactyloptena peterseni,-19.88833,115.2925
2333587,2333587,Dactyloptena peterseni,-20.02916,115.14084
2333587,2333587,Dactyloptena peterseni,-20.6225,114.85333
2333587,2333587,Dactyloptena peterseni,-27.493333,112.836667
2333587,2333587,Dactyloptena peterseni,-27.493333,112.836667
2333587,2333587,Dactyloptena peterseni,-19.23583,117.05084
2333587,2333587,Dactyloptena peterseni,-19.29583,117.20083
2333587,2333587,Dactyloptena peterseni,-19.095,118.21917
2333587,2333587,Dactyloptena peterseni,-18.95666,118.0925
2333587,2333587,Dactyloptena peterseni,-20.64166,114.79417
2333587,2333587,Dactyloptena peterseni,-19.93333,115.45834
2333587,2333587,Dactyloptena peterseni,-19.29083,116.80084
2333587,2333587,Dactyloptena peterseni,-19.235,116.68
2333587,2333587,Dactyloptena peterseni,-35.05,150.73334
2333587,2333587,Dactyloptena peterseni,-19.12666,117.06333
2333587,2333587,Dactyloptena peterseni,-18.32666,118.9125
2333587,2333587,Dactyloptena peterseni,-18.42166,118.76834
2333587,2333587,Dactyloptena peterseni,-18.97083,117.57
2333587,2333587,Dactyloptena peterseni,-18.97166,117.4675
2333587,2333587,Dactyloptena peterseni,-19.56833,115.86667
2333587,2333587,Dactyloptena peterseni,-18.36583,118.9
2333587,2333587,Dactyloptena peterseni,-18.55666,118.89167
2333587,2333587,Dactyloptena peterseni,-18.83333,117.69834
2333587,2333587,Dactyloptena peterseni,-18.82083,117.86167
2333587,2333587,Dactyloptena peterseni,-18.89333,117.73167
2333587,2333587,Dactyloptena peterseni,-19.2525,116.66417
2333587,2333587,Dactyloptena peterseni,-19.14666,116.98917
2333587,2333587,Dactyloptena peterseni,-18.8825,118.14667
2333587,2333587,Dactyloptena peterseni,-19.83167,117.565
2333587,2333587,Dactyloptena peterseni,-19.6875,116.36333
2333587,2333587,Dactyloptena peterseni,-18.86083,118.51834
2333587,2333587,Dactyloptena peterseni,-18.71583,118.63334
2333587,2333587,Dactyloptena peterseni,-19.0275,118.46
2333587,2333587,Dactyloptena peterseni,-18.89916,118.19834
2333587,2333587,Dactyloptena peterseni,-19.21583,117.015
2333587,2333587,Dactyloptena peterseni,-20.2025,116.60834
2333587,2333587,Dactyloptena peterseni,-18.77083,118.43167
2333587,2333587,Dactyloptena peterseni,-19.375,116.4175
2333587,2333587,Dactyloptena peterseni,-19.52,116.295
2333587,2333587,Dactyloptena peterseni,-19.265,118.68084
2333587,2333587,Dactyloptena peterseni,-19.30166,116.30333
2333587,2333587,Dactyloptena peterseni,-19.08333,118.59417
2333587,2333587,Dactyloptena peterseni,-18.92083,118.20417
2333587,2333587,Dactyloptena peterseni,-19.45667,117.085
2333587,2333587,Dactyloptena peterseni,-18.67833,118.68084
2333587,2333587,Dactyloptena peterseni,-19.27416,116.70417
2333587,2333587,Dactyloptena peterseni,-19.21833,116.45834
2333587,2333587,Dactyloptena peterseni,-19.19416,116.7325
2333587,2333587,Dactyloptena peterseni,-18.56583,118.18083
2333587,2333587,Dactyloptena peterseni,-19.51,116.03667
2333587,2333587,Dactyloptena peterseni,-18.466667,118.25
2333587,2333587,Dactyloptena peterseni,-18.533333,118.28333
2333587,2333587,Dactyloptena peterseni,-19.1,117.23333
2333587,2333587,Dactyloptena peterseni,-19.016666,117.2
2333587,2333587,Dactyloptena peterseni,-18.525,118.14167
2333587,2333587,Dactyloptena peterseni,-19.06667,117.075
2333587,2333587,Dactyloptena peterseni,-19.23333,116.95
2333587,2333587,Dactyloptena peterseni,-18.975,117.50834
2333587,2333587,Dactyloptena peterseni,-18.94166,117.33334
2333587,2333587,Dactyloptena peterseni,-19.375,117.41667
2333587,2333587,Dactyloptena peterseni,-18.88333,118.55
2333587,2333587,Dactyloptena peterseni,-19.425,117.19167
2333587,2333587,Dactyloptena peterseni,-18.625,118.66667
2333587,2333587,Dactyloptena peterseni,-19.61833,116.22084
2333587,2333587,Dactyloptena peterseni,-19.16166,117.81083
2333587,2333587,Dactyloptena peterseni,-19.53667,117.22334
2333587,2333587,Dactyloptena peterseni,-19.46,116.54167
2333587,2333587,Dactyloptena peterseni,-19.32583,118.075
2333587,2333587,Dactyloptena peterseni,-19.23,117.57584
2333587,2333587,Dactyloptena peterseni,-19.61416,117.44834
2333587,2333587,Dactyloptena peterseni,-21.433333,114.266667
2333587,2333587,Dactyloptena peterseni,-21.433333,114.266667
2333587,2333587,Dactyloptena peterseni,-24.56014,112.89361
2333587,2333587,Dactyloptena peterseni,-21.43375,114.11736
2333587,2333587,Dactyloptena peterseni,-19.283333,116.266667
