requested_taxonKey,record_taxonKey,species_name,decimalLatitude,decimalLongitude
2333025,2333029,Trachyrhamphus bicoarctatus,-32.712983,152.156834
2333025,2333029,Trachyrhamphus bicoarctatus,-33.958495,151.266267
2333025,2333029,Trachyrhamphus bicoarctatus,-33.839862,151.253308
2333025,2333029,Trachyrhamphus bicoarctatus,-33.839873,151.253385
2333025,2333029,Trachyrhamphus bicoarctatus,-34.00505,151.22933
2333025,2333029,Trachyrhamphus bicoarctatus,-34.002412,151.22535
2333025,2333029,Trachyrhamphus bicoarctatus,-33.839417,151.254375
2333025,2333029,Trachyrhamphus bicoarctatus,-33.839929,151.253823
2333025,2333029,Trachyrhamphus bicoarctatus,-33.840105,151.253254
2333025,2333029,Trachyrhamphus bicoarctatus,-33.800336,151.294025
2333025,2333029,Trachyrhamphus bicoarctatus,-33.798854,151.298284
2333025,2333026,Trachyrhamphus longirostris,-22.035852,113.911027
2333025,2333029,Trachyrhamphus bicoarctatus,-33.99215,151.23013
2333025,2333029,Trachyrhamphus bicoarctatus,-34.004962,151.229062
2333025,2333029,Trachyrhamphus bicoarctatus,-34.00529,151.228742
2333025,2333029,Trachyrhamphus bicoarctatus,-34.00529,151.228742
2333025,2333029,Trachyrhamphus bicoarctatus,-34.00529,151.228742
2333025,2333029,Trachyrhamphus bicoarctatus,-33.839575,151.25363
2333025,2333029,Trachyrhamphus bicoarctatus,-32.716733,152.140811
2333025,2333029,Trachyrhamphus bicoarctatus,-32.715,152.151111
2333025,2333029,Trachyrhamphus bicoarctatus,-30.645406,153.009348
2333025,2333029,Trachyrhamphus bicoarctatus,-27.93524,153.428278
2333025,2333029,Trachyrhamphus bicoarctatus,-34.070757,151.156907
2333025,2333029,Trachyrhamphus bicoarctatus,-34.06926,151.129652
2333025,2333029,Trachyrhamphus bicoarctatus,-32.717619,152.139969
2333025,2333029,Trachyrhamphus bicoarctatus,-27.933333,153.416667
2333025,2333029,Trachyrhamphus bicoarctatus,-27.938677,153.422017
2333025,2333029,Trachyrhamphus bicoarctatus,-28.195027,153.577532
2333025,2333029,Trachyrhamphus bicoarctatus,-27.938677,153.422017
2333025,2333029,Trachyrhamphus bicoarctatus,-28.258055,153.58278
2333025,2333029,Trachyrhamphus bicoarctatus,-28.5375,153.55055
2333025,2333029,Trachyrhamphus bicoarctatus,-29.325,153.45
2333025,2333029,Trachyrhamphus bicoarctatus,-29.317,153.467
2333025,2333029,Trachyrhamphus bicoarctatus,-27.483333,153.516667
2333025,2333029,Trachyrhamphus bicoarctatus,-28.41,153.675
2333025,2333026,Trachyrhamphus longirostris,-28.4,153.667
2333025,2333026,Trachyrhamphus longirostris,-19.7667,116.367
2333025,2333029,Trachyrhamphus bicoarctatus,-19.95,116.283
2333025,2333025,"Trachyrhamphus Kaup, 1853",-16.0519,121.93
2333025,2333029,Trachyrhamphus bicoarctatus,-33.833332,151.26666
2333025,2333029,Trachyrhamphus bicoarctatus,-18.716667,121.63333
2333025,2333029,Trachyrhamphus bicoarctatus,-33.833332,151.26666
2333025,2333029,Trachyrhamphus bicoarctatus,-34.066666,151.16667
2333025,2333029,Trachyrhamphus bicoarctatus,-33.861946,151.19695
2333025,2333026,Trachyrhamphus longirostris,-22.25,114.08333
2333025,2333029,Trachyrhamphus bicoarctatus,-20.083333,117.083333
2333025,2333029,Trachyrhamphus bicoarctatus,-25.35,113.73333
2333025,2333029,Trachyrhamphus bicoarctatus,-25.35,113.73333
2333025,2333029,Trachyrhamphus bicoarctatus,-20.38333,116.86667
2333025,2333029,Trachyrhamphus bicoarctatus,-25.35,113.73333
2333025,2333029,Trachyrhamphus bicoarctatus,-25.076944,113.306389
2333025,2333029,Trachyrhamphus bicoarctatus,-25.698611,113.354444
2333025,2333029,Trachyrhamphus bicoarctatus,-24.9825,113.275278
2333025,2333029,Trachyrhamphus bicoarctatus,-24.996389,113.283056
2333025,2333029,Trachyrhamphus bicoarctatus,-21.615278,115.107778
2333025,2333029,Trachyrhamphus bicoarctatus,-25.48333,113.51667
2333025,2333026,Trachyrhamphus longirostris,-20.65,116.716667
2333025,2333029,Trachyrhamphus bicoarctatus,-25.952246,113.638599
