requested_taxonKey,record_taxonKey,species_name,decimalLatitude,decimalLongitude
2333644,2333644,Inimicus sinensis,-19.697,118.216833
2333644,2333644,Inimicus sinensis,-19.458167,116.772667
2333644,2333644,Inimicus sinensis,-19.971333,116.788667
2333644,2333644,Inimicus sinensis,-20.193833,117.358
2333644,2333644,Inimicus sinensis,-20.384833,116.281333
2333644,2333644,Inimicus sinensis,-20.153833,117.931333
2333644,2333644,Inimicus sinensis,-18.3265,121.465167
2333644,2333644,Inimicus sinensis,-19.7445,116.650333
2333644,2333644,Inimicus sinensis,-19.4358,116.8037
2333644,2333644,Inimicus sinensis,-19.9573,116.8025
2333644,2333644,Inimicus sinensis,-19.715,118.2433
2333644,2333644,Inimicus sinensis,-19.9573,116.8025
2333644,2333644,Inimicus sinensis,-20.1473,117.9433
2333644,2333644,Inimicus sinensis,-20.1473,117.9433
2333644,2333644,Inimicus sinensis,-19.715,118.2433
2333644,2333644,Inimicus sinensis,-19.738,116.6558
2333644,2333644,Inimicus sinensis,-19.738,116.6558
2333644,2333644,Inimicus sinensis,-19.458167,116.772667
2333644,2333644,Inimicus sinensis,-19.971333,116.788667
2333644,2333644,Inimicus sinensis,-19.697,118.216833
2333644,2333644,Inimicus sinensis,-20.193833,117.358
2333644,2333644,Inimicus sinensis,-20.384833,116.281333
2333644,2333644,Inimicus sinensis,-20.153833,117.931333
2333644,2333644,Inimicus sinensis,-18.3265,121.465167
2333644,2333644,Inimicus sinensis,-19.7445,116.650333
2333644,2333644,Inimicus sinensis,-20.571167,116.038167
2333644,2333644,Inimicus sinensis,-20.560333,116.128167
2333644,2333644,Inimicus sinensis,-20.5603,116.108
2333644,2333644,Inimicus sinensis,-20.5713,116.0143
2333644,2333644,Inimicus sinensis,-20.571167,116.038167
2333644,2333644,Inimicus sinensis,-20.560333,116.128167
2333644,2333644,Inimicus sinensis,-20.68115,116.37013
2333644,2333644,Inimicus sinensis,-20.54993,116.69032
2333644,2333644,Inimicus sinensis,-20.59416,115.7125
2333644,2333644,Inimicus sinensis,-18.81333,118.74417
2333644,2333644,Inimicus sinensis,-25.333333,113.5
2333644,2333644,Inimicus sinensis,-25.333333,113.5
2333644,2333644,Inimicus sinensis,-25.333333,113.5
2333644,2333644,Inimicus sinensis,-25.333333,113.5
2333644,2333644,Inimicus sinensis,-25.333333,113.5
2333644,2333644,Inimicus sinensis,-25.333333,113.5
2333644,2333644,Inimicus sinensis,-19.1475,118.11584
2333644,2333644,Inimicus sinensis,-19.97333,117.86917
2333644,2333644,Inimicus sinensis,-19.5825,117.9025
2333644,2333644,Inimicus sinensis,-19.65833,118.79333
2333644,2333644,Inimicus sinensis,-20.24,117.355
2333644,2333644,Inimicus sinensis,-20.223333,117.351667
2333644,2333644,Inimicus sinensis,-20.223333,117.351667
2333644,2333644,Inimicus sinensis,-18.92166,118.79
2333644,2333644,Inimicus sinensis,-19.1025,118.19167
2333644,2333644,Inimicus sinensis,-19.56166,116.85417
2333644,2333644,Inimicus sinensis,-19.79333,116.55667
2333644,2333644,Inimicus sinensis,-19.685,116.49084
2333644,2333644,Inimicus sinensis,-20.17833,117.91833
2333644,2333644,Inimicus sinensis,-20.16166,117.91167
2333644,2333644,Inimicus sinensis,-19.30083,118.4625
2333644,2333644,Inimicus sinensis,-20.19083,117.365
2333644,2333644,Inimicus sinensis,-19.44166,117.755
2333644,2333644,Inimicus sinensis,-20.23666,117.35084
2333644,2333644,Inimicus sinensis,-19.875,117.10083
2333644,2333644,Inimicus sinensis,-19.07583,118.2625
2333644,2333644,Inimicus sinensis,-19.17917,118.41084
2333644,2333644,Inimicus sinensis,-19.95833,118.2275
2333644,2333644,Inimicus sinensis,-20.50667,115.89667
2333644,2333644,Inimicus sinensis,-20.86416,115.14584
2333644,2333644,Inimicus sinensis,-20.83166,115.19917
2333644,2333644,Inimicus sinensis,-20.09417,117.61333
2333644,2333644,Inimicus sinensis,-20.23166,116.4475
2333644,2333644,Inimicus sinensis,-20.25167,116.81833
2333644,2333644,Inimicus sinensis,-16.533,121.433
2333644,2333644,Inimicus sinensis,-19.7,117.95
2333644,2333644,Inimicus sinensis,-19.483333,118.866667
2333644,2333644,Inimicus sinensis,-19.2775,118.86584
2333644,2333644,Inimicus sinensis,-19.61,118.90834
2333644,2333644,Inimicus sinensis,-19.51833,118.67084
2333644,2333644,Inimicus sinensis,-19.483333,118.866667
2333644,2333644,Inimicus sinensis,-19.7,117.95
2333644,2333644,Inimicus sinensis,-19.017,119.417
2333644,2333644,Inimicus sinensis,-20.13916,117.75083
2333644,2333644,Inimicus sinensis,-19.8,116.583
2333644,2333644,Inimicus sinensis,-20.167,116.95
2333644,2333644,Inimicus sinensis,-19.2,118.667
2333644,2333644,Inimicus sinensis,-19.918333,117.92
2333644,2333644,Inimicus sinensis,-19.983333,117.845
2333644,2333644,Inimicus sinensis,-20.33,115.97
2333644,2333644,Inimicus sinensis,-20.01,116.35334
2333644,2333644,Inimicus sinensis,-20.26417,116.77667
2333644,2333644,Inimicus sinensis,-20.37583,116.06417
2333644,2333644,Inimicus sinensis,-20.1125,117.34584
2333644,2333644,Inimicus sinensis,-19.983333,117.845
2333644,2333644,Inimicus sinensis,-19.918333,117.92
2333644,2333644,Inimicus sinensis,-19.86167,118.61167
2333644,2333644,Inimicus sinensis,-20.2475,116.70834
2333644,2333644,Inimicus sinensis,-20.25416,116.0175
2333644,2333644,Inimicus sinensis,-19.99416,116.95834
2333644,2333644,Inimicus sinensis,-19.98083,118.20084
2333644,2333644,Inimicus sinensis,-19.96916,117.11667
2333644,2333644,Inimicus sinensis,-20.16,117.69
2333644,2333644,Inimicus sinensis,-19,117
2333644,2333644,Inimicus sinensis,-19.633333,118.45
2333644,2333644,Inimicus sinensis,-19.633,117.033
2333644,2333644,Inimicus sinensis,-20.3275,116.37333
2333644,2333644,Inimicus sinensis,-20.16583,117.8625
2333644,2333644,Inimicus sinensis,-20.26833,117.42167
2333644,2333644,Inimicus sinensis,-20.23,117.5925
2333644,2333644,Inimicus sinensis,-20.1575,117.47417
2333644,2333644,Inimicus sinensis,-20.1475,117.39334
2333644,2333644,Inimicus sinensis,-20.245,117.78084
2333644,2333644,Inimicus sinensis,-20.24916,117.17167
2333644,2333644,Inimicus sinensis,-20.21333,116.42583
2333644,2333644,Inimicus sinensis,-19.633333,119.516667
2333644,2333644,Inimicus sinensis,-19.633333,119.516667
2333644,2333644,Inimicus sinensis,-19.63333,119.51667
2333644,2333644,Inimicus sinensis,-19.633333,119.516667
2333644,2333644,Inimicus sinensis,-19.633333,119.516667
2333644,2333644,Inimicus sinensis,-20.33,114.67
2333644,2333644,Inimicus sinensis,-20.23333,115.9
2333644,2333644,Inimicus sinensis,-20.38333,116.26667
2333644,2333644,Inimicus sinensis,-20.23333,115.79167
2333644,2333644,Inimicus sinensis,-20.15,116.13333
2333644,2333644,Inimicus sinensis,-20.38333,116.26667
2333644,2333644,Inimicus sinensis,-19.90833,115.96667
2333644,2333644,Inimicus sinensis,-20.38333,116.26667
2333644,2333644,Inimicus sinensis,-20.38333,116.26667
2333644,2333644,Inimicus sinensis,-20.38333,116.26667
2333644,2333644,Inimicus sinensis,-20.38333,116.26667
2333644,2333644,Inimicus sinensis,-20.38333,116.28333
2333644,2333644,Inimicus sinensis,-20.65,115.966667
2333644,2333644,Inimicus sinensis,-20.883333,115.816667
2333644,2333644,Inimicus sinensis,-20.516667,116
2333644,2333644,Inimicus sinensis,-20.883333,115.816667
2333644,2333644,Inimicus sinensis,-20.516667,116
2333644,2333644,Inimicus sinensis,-20.65,115.966667
2333644,2333644,Inimicus sinensis,-22,114.333333
2333644,2333644,Inimicus sinensis,-25.266667,113.666667
2333644,2333644,Inimicus sinensis,-25.233334,113.833336
2333644,2333644,Inimicus sinensis,-22,114.333333
2333644,2333644,Inimicus sinensis,-22.083334,114.25
2333644,2333644,Inimicus sinensis,-25.716667,113.25
2333644,2333644,Inimicus sinensis,-25.716667,113.25
2333644,2333644,Inimicus sinensis,-25.716667,113.25
2333644,2333644,Inimicus sinensis,-25.716667,113.25
2333644,2333644,Inimicus sinensis,-25.816667,113.168
2333644,2333644,Inimicus sinensis,-25.816667,113.168
2333644,2333644,Inimicus sinensis,-25.35,113.73333
2333644,2333644,Inimicus sinensis,-25.35,113.73333
2333644,2333644,Inimicus sinensis,-28.5,113.83333
2333644,2333644,Inimicus sinensis,-21.88333,114.86667
2333644,2333644,Inimicus sinensis,-24.88333,113.66667
2333644,2333644,Inimicus sinensis,-21.63333,115.11667
2333644,2333644,Inimicus sinensis,-22.08333,114.25
2333644,2333644,Inimicus sinensis,-28.48333,113.78333
2333644,2333644,Inimicus sinensis,-28.8,114.05
2333644,2333644,Inimicus sinensis,-28.31667,115.4
2333644,2333644,Inimicus sinensis,-22.25,114.333333
2333644,2333644,Inimicus sinensis,-25.643333,113.737222
2333644,2333644,Inimicus sinensis,-25.788333,113.35
2333644,2333644,Inimicus sinensis,-26.086111,113.4875
2333644,2333644,Inimicus sinensis,-21.615278,115.107778
2333644,2333644,Inimicus sinensis,-25.35,113.73333
2333644,2333644,Inimicus sinensis,-25.35,113.23333
2333644,2333644,Inimicus sinensis,-22.08333,114.25
2333644,2333644,Inimicus sinensis,-22.08333,114.25
2333644,2333644,Inimicus sinensis,-22.08333,114.25
2333644,2333644,Inimicus sinensis,-22.08333,114.25
2333644,2333644,Inimicus sinensis,-22.08333,114.25
2333644,2333644,Inimicus sinensis,-25.35,113.73333
2333644,2333644,Inimicus sinensis,-25.35,113.73333
2333644,2333644,Inimicus sinensis,-25.35,113.73333
2333644,2333644,Inimicus sinensis,-25.35,113.73333
2333644,2333644,Inimicus sinensis,-20.63333,116.48333
2333644,2333644,Inimicus sinensis,-20.43333,117.06667
2333644,2333644,Inimicus sinensis,-18.61667,121.71667
2333644,2333644,Inimicus sinensis,-24.88333,113.66667
2333644,2333644,Inimicus sinensis,-20.6826,116.3697
2333644,2333644,Inimicus sinensis,-15.791667,121.964722
2333644,2333644,Inimicus sinensis,-20.5514,116.6986
2333644,2333644,Inimicus sinensis,-25.952246,113.638599
