requested_taxonKey,record_taxonKey,species_name,decimalLatitude,decimalLongitude
2333153,2333153,Vanacampus poecilolaemus,-35.148985,138.46573
2333153,2333153,Vanacampus poecilolaemus,-34.89027,138.484969
2333153,2333153,Vanacampus poecilolaemus,-35.045361,138.508009
2333153,2333153,Vanacampus poecilolaemus,-32.161904,115.678659
2333153,2333153,Vanacampus poecilolaemus,-35.084746,137.749801
2333153,2333153,Vanacampus poecilolaemus,-35.56663,138.93567
2333153,2333153,Vanacampus poecilolaemus,-34.076111,137.546111
2333153,2333153,Vanacampus poecilolaemus,-35.520844,138.187548
2333153,2333153,Vanacampus poecilolaemus,-35.521344,138.185378
2333153,2333153,Vanacampus poecilolaemus,-35.441908,138.307852
2333153,2333153,Vanacampus poecilolaemus,-35.440789,138.307852
2333153,2333153,Vanacampus poecilolaemus,-35.441908,138.309225
2333153,2333153,Vanacampus poecilolaemus,-34.07529,137.544569
2333153,2333153,Vanacampus poecilolaemus,-35.084254,137.740588
2333153,2333153,Vanacampus poecilolaemus,-35.084254,137.740588
2333153,2333153,Vanacampus poecilolaemus,-35.084745,137.749221
2333153,2333153,Vanacampus poecilolaemus,-38.3597,144.777
2333153,2333153,Vanacampus poecilolaemus,-34.86644,137.11565
2333153,2333153,Vanacampus poecilolaemus,-35.6419,137.639
2333153,2333153,Vanacampus poecilolaemus,-35.789,137.777
2333153,10643443,Vanacampus poecilolaemus,-35.78889,137.7775
2333153,2333153,Vanacampus poecilolaemus,-34.536508,136.317008
2333153,2333153,Vanacampus poecilolaemus,-35.12,137.77
2333153,2333153,Vanacampus poecilolaemus,-38.68,146.45
2333153,2333153,Vanacampus poecilolaemus,-38.7008,146.468
2333153,2333153,Vanacampus poecilolaemus,-38.6889,146.338
2333153,2333153,Vanacampus poecilolaemus,-38.8,146.38
2333153,2333153,Vanacampus poecilolaemus,-38.6886,146.261
2333153,2333153,Vanacampus poecilolaemus,-38.8,146.38
2333153,2333153,Vanacampus poecilolaemus,-38.6889,146.338
2333153,2333153,Vanacampus poecilolaemus,-38.7008,146.468
2333153,10643443,Vanacampus poecilolaemus,-38.683,146.267
2333153,2333153,Vanacampus poecilolaemus,-34.995,137.758
2333153,2333153,Vanacampus poecilolaemus,-38.6889,146.338
2333153,2333153,Vanacampus poecilolaemus,-38.8,146.38
2333153,2333153,Vanacampus poecilolaemus,-38.8,146.38
2333153,10643443,Vanacampus poecilolaemus,-38.68333,146.33333
2333153,2333153,Vanacampus poecilolaemus,-32.175,133.4583
2333153,2333153,Vanacampus poecilolaemus,-34.88,137.82
2333153,2333153,Vanacampus poecilolaemus,-34.88,137.82
2333153,2333153,Vanacampus poecilolaemus,-33.75,137.5
2333153,2333153,Vanacampus poecilolaemus,-33.75,137.5
2333153,2333153,Vanacampus poecilolaemus,-40.083333,147.773333
2333153,2333153,Vanacampus poecilolaemus,-40.083333,147.773333
2333153,2333153,Vanacampus poecilolaemus,-40.083333,147.773333
2333153,2333153,Vanacampus poecilolaemus,-40.083333,147.773333
2333153,2333153,Vanacampus poecilolaemus,-34.705,137.877
2333153,2333153,Vanacampus poecilolaemus,-34.7768,137.861
2333153,2333153,Vanacampus poecilolaemus,-32.283333,115.2
2333153,2333153,Vanacampus poecilolaemus,-32.283333,115.2
2333153,2333153,Vanacampus poecilolaemus,-38.77,146.32
2333153,2333153,Vanacampus poecilolaemus,-35.0847,137.7494
2333153,2333153,Vanacampus poecilolaemus,-32.23,133.62
2333153,2333153,Vanacampus poecilolaemus,-35.816666,137.75
2333153,2333153,Vanacampus poecilolaemus,-35.783333,137.76666
2333153,2333153,Vanacampus poecilolaemus,-35.666668,137.65
2333153,2333153,Vanacampus poecilolaemus,-34.47,137.45
2333153,2333153,Vanacampus poecilolaemus,-38.03,140.58
2333153,2333153,Vanacampus poecilolaemus,-41.08541,146.7444
2333153,2333153,Vanacampus poecilolaemus,-35.23,137.03
2333153,2333153,Vanacampus poecilolaemus,-35.23,137.03
2333153,2333153,Vanacampus poecilolaemus,-35.82,137.78
2333153,2333153,Vanacampus poecilolaemus,-34.8,138.5167
2333153,2333153,Vanacampus poecilolaemus,-34.97,138.53
2333153,2333153,Vanacampus poecilolaemus,-34.933334,138.6
2333153,2333156,Vanacampus poecilolaemus,-35.046235,137.87683
2333153,2333156,Vanacampus poecilolaemus,-34.833,137.833
2333153,2333153,Vanacampus poecilolaemus,-34.5,136.92
2333153,2333153,Vanacampus poecilolaemus,-33.2,138.02
2333153,2333153,Vanacampus poecilolaemus,-33.2,138.02
2333153,2333153,Vanacampus poecilolaemus,-33.2,138.02
2333153,2333153,Vanacampus poecilolaemus,-33.2,138.02
2333153,2333153,Vanacampus poecilolaemus,-33.2,138.02
2333153,2333156,Vanacampus poecilolaemus,-34.933,138.6
2333153,2333153,Vanacampus poecilolaemus,-31.98333,115.75
2333153,2333153,Vanacampus poecilolaemus,-33.61667,115.3
2333153,2333153,Vanacampus poecilolaemus,-33.58333,115.41667
2333153,2333153,Vanacampus poecilolaemus,-32.259167,115.708333
2333153,2333153,Vanacampus poecilolaemus,-33.6,115.1
2333153,2333153,Vanacampus poecilolaemus,-33.53333,115.03333
2333153,2333153,Vanacampus poecilolaemus,-32.13333,133.68333
2333153,2333153,Vanacampus poecilolaemus,-32.13333,133.68333
2333153,2333153,Vanacampus poecilolaemus,-35,117.86667
2333153,2333153,Vanacampus poecilolaemus,-32.11667,115.66667
2333153,2333153,Vanacampus poecilolaemus,-32.2,115.66667
2333153,2333153,Vanacampus poecilolaemus,-35.7917,137.8
2333153,2333153,Vanacampus poecilolaemus,-35.6417,137.67
2333153,10643443,Vanacampus poecilolaemus,-25.697338,134.02277
2333153,2333153,Vanacampus poecilolaemus,-35.6958,137.6083
2333153,2333153,Vanacampus poecilolaemus,-35.8125,137.8
2333153,2333153,Vanacampus poecilolaemus,-35.64,137.64
