requested_taxonKey,record_taxonKey,species_name,decimalLatitude,decimalLongitude
2333647,2333647,Inimicus caledonicus,-27.938093,153.424152
2333647,2333647,Inimicus caledonicus,-27.937411,153.423723
2333647,2333647,Inimicus caledonicus,-27.940993,153.420648
2333647,2333647,Inimicus caledonicus,-27.941171,153.420911
2333647,2333647,Inimicus caledonicus,-27.941943,153.421154
2333647,2333647,Inimicus caledonicus,-27.942185,153.420957
2333647,2333647,Inimicus caledonicus,-27.939849,153.421907
2333647,2333647,Inimicus caledonicus,-27.9707,153.4275
2333647,2333647,Inimicus caledonicus,-27.9707,153.4275
2333647,2333647,Inimicus caledonicus,-27.9707,153.4275
2333647,2333647,Inimicus caledonicus,-27.9707,153.4275
2333647,2333647,Inimicus caledonicus,-27.9707,153.4275
2333647,2333647,Inimicus caledonicus,-27.4003,153.4375
2333647,2333647,Inimicus caledonicus,-27.40021,153.43759
2333647,2333647,Inimicus caledonicus,-27.266667,153.383333
2333647,2333647,Inimicus caledonicus,-28.408333,153.675
2333647,2333647,Inimicus caledonicus,-28.4,153.667
2333647,2333647,Inimicus caledonicus,-27.4,153.5
2333647,2333647,Inimicus caledonicus,-28.566668,153.58333
2333647,2333647,Inimicus caledonicus,-28.583,153.567
2333647,2333647,Inimicus caledonicus,-28.57,153.59
2333647,2333647,Inimicus caledonicus,-27.4,153.433333
2333647,2333648,Inimicus caledonicus,-27.137561,153.093593
2333647,2333647,Inimicus caledonicus,-27.25,153.25
2333647,2333647,Inimicus caledonicus,-27.266667,153.116667
2333647,2333647,Inimicus caledonicus,-27.316667,153.116667
2333647,2333647,Inimicus caledonicus,-27.25,153.25
2333647,2333647,Inimicus caledonicus,-27.5,153.4
2333647,2333647,Inimicus caledonicus,-27.5,153.4
2333647,2333647,Inimicus caledonicus,-27.333333,153.233333
2333647,2333647,Inimicus caledonicus,-27.483333,153.366667
2333647,2333647,Inimicus caledonicus,-27.45,153.2
2333647,2333647,Inimicus caledonicus,-27.45,153.2
2333647,2333647,Inimicus caledonicus,-27.45,153.2
2333647,2333647,Inimicus caledonicus,-27.483333,153.366667
2333647,2333647,Inimicus caledonicus,-27.25,153.25
2333647,2333647,Inimicus caledonicus,-27.483333,153.366667
2333647,2333647,Inimicus caledonicus,-27.483333,153.35
2333647,2333647,Inimicus caledonicus,-27.483333,153.366667
2333647,2333647,Inimicus caledonicus,-27.516667,153.383333
2333647,2333647,Inimicus caledonicus,-27.45,153.2
2333647,2333647,Inimicus caledonicus,-27.532317,153.462608
2333647,2333647,Inimicus caledonicus,-27.532317,153.462608
