requested_taxonKey,record_taxonKey,species_name,decimalLatitude,decimalLongitude
2333374,2333374,Maroubra perserrata,-34.069398,151.130088
2333374,2333374,Maroubra perserrata,-34.069252,151.130881
2333374,2333374,Maroubra perserrata,-34.068627,151.130931
2333374,2333374,Maroubra perserrata,-33.992508,151.230161
2333374,2333374,Maroubra perserrata,-33.799388,151.295926
2333374,2333374,Maroubra perserrata,-34.068634,151.129725
2333374,2333374,Maroubra perserrata,-33.085915,151.640824
2333374,2333374,Maroubra perserrata,-35.509701,138.21484
2333374,2333374,Maroubra perserrata,-35.084728,137.749522
2333374,2333374,Maroubra perserrata,-35.084791,137.749598
2333374,2333374,Maroubra perserrata,-34.0033,151.226292
2333374,2333374,Maroubra perserrata,-32.008822,115.749259
2333374,2333374,Maroubra perserrata,-32.007278,115.748444
2333374,2333374,Maroubra perserrata,-32.007278,115.748444
2333374,2333374,Maroubra perserrata,-33.993133,151.230141
2333374,2333374,Maroubra perserrata,-33.839796,151.25361
2333374,2333374,Maroubra perserrata,-33.991714,151.229616
2333374,2333374,Maroubra perserrata,-33.993779,151.228786
2333374,2333374,Maroubra perserrata,-33.80076,151.274522
2333374,2333374,Maroubra perserrata,-33.797632,151.297565
2333374,2333374,Maroubra perserrata,-33.798872,151.296035
2333374,2333374,Maroubra perserrata,-33.010111,151.733954
2333374,2333374,Maroubra perserrata,-33.992116,151.231191
2333374,2333374,Maroubra perserrata,-33.992116,151.231191
2333374,2333374,Maroubra perserrata,-33.991906,151.229602
2333374,2333374,Maroubra perserrata,-34.06932,151.129652
2333374,2333374,Maroubra perserrata,-35.424803,138.319128
2333374,2333374,Maroubra perserrata,-33.81613,151.283631
2333374,2333374,Maroubra perserrata,-32.714875,152.150893
2333374,2333374,Maroubra perserrata,-32.70976,152.15925
2333374,2333374,Maroubra perserrata,-34.00238,151.22528
2333374,2333374,Maroubra perserrata,-35.510654,138.216779
2333374,2333374,Maroubra perserrata,-33.9926,151.23023800000001
2333374,2333374,Maroubra perserrata,-34.002562,151.22533
2333374,2333374,Maroubra perserrata,-33.99248,151.22992
2333374,2333374,Maroubra perserrata,-34.0025,151.22535
2333374,2333374,Maroubra perserrata,-34.00443,151.22928
2333374,2333374,Maroubra perserrata,-34.002362,151.224988
2333374,2333374,Maroubra perserrata,-34.00238,151.22545
2333374,2333374,Maroubra perserrata,-34.00503,151.229162
2333374,2333374,Maroubra perserrata,-33.839839,151.253373
2333374,2333374,Maroubra perserrata,-33.839714,151.25333
2333374,2333374,Maroubra perserrata,-34.01159,151.20686
2333374,2333374,Maroubra perserrata,-35.52,138.18
2333374,2333374,Maroubra perserrata,-35.39,138.35
2333374,2333374,Maroubra perserrata,-32.71,152.15
2333374,2333374,Maroubra perserrata,-33.086412,151.640479
2333374,2333374,Maroubra perserrata,-34.96,138.48
2333374,2333374,Maroubra perserrata,-35.030133,138.491799
2333374,2333374,Maroubra perserrata,-32.71,152.15
2333374,2333374,Maroubra perserrata,-35.51107,138.214347
2333374,2333374,Maroubra perserrata,-32.71,152.16
2333374,2333374,Maroubra perserrata,-32.71,152.15
2333374,2333374,Maroubra perserrata,-32.6888,152.2222
2333374,2333374,Maroubra perserrata,-32.7098,152.1592
2333374,2333374,Maroubra perserrata,-32.71,152.16
2333374,2333374,Maroubra perserrata,-32.71,152.16
2333374,2333374,Maroubra perserrata,-32.715,152.151111
2333374,2333374,Maroubra perserrata,-32.71,152.16
2333374,2333374,Maroubra perserrata,-32.7098,152.1592
2333374,2333374,Maroubra perserrata,-35.508835,138.216407
2333374,2333374,Maroubra perserrata,-32.71,152.15
2333374,2333374,Maroubra perserrata,-32.7098,152.1592
2333374,2333374,Maroubra perserrata,-32.71,152.15
2333374,2333374,Maroubra perserrata,-35.5108,138.218
2333374,2333374,Maroubra perserrata,-35.5108,138.218
2333374,9890590,Maroubra perserrata,-35.51667,138.21667
2333374,2333374,Maroubra perserrata,-36.669167,150.0175
2333374,2333374,Maroubra perserrata,-36.748333,149.98306
2333374,2333374,Maroubra perserrata,-36.748333,149.98306
2333374,2333374,Maroubra perserrata,-27.976667,153.485
2333374,2333374,Maroubra perserrata,-33.55528,151.31694
2333374,2333374,Maroubra perserrata,-35.148878,138.464292
2333374,2333374,Maroubra perserrata,-27.416667,153.55
2333374,2333374,Maroubra perserrata,-33.80111,151.27472
2333374,2333374,Maroubra perserrata,-33.861946,151.24055
2333374,2333374,Maroubra perserrata,-33.266666,115.666664
2333374,2333374,Maroubra perserrata,-35.544632,135.019482
2333374,2333374,Maroubra perserrata,-28.2,153.583333
2333374,2333374,Maroubra perserrata,-36.25,150.23
2333374,2333374,Maroubra perserrata,-35.6644,136.9683
2333374,2333374,Maroubra perserrata,-35.616665,137.25
2333374,2333374,Maroubra perserrata,-35.65,136.96666
2333374,2333374,Maroubra perserrata,-35.616665,137.25
2333374,2333374,Maroubra perserrata,-34.116665,122.23333
2333374,2333374,Maroubra perserrata,-38.316666,144.71666
2333374,2333374,Maroubra perserrata,-33.85,151.26666
2333374,2333374,Maroubra perserrata,-33.833333,151.266667
2333374,2333374,Maroubra perserrata,-33.833332,151.26666
2333374,2333374,Maroubra perserrata,-32.4,152.53334
2333374,2333374,Maroubra perserrata,-28.65,153.11667
2333374,2333374,Maroubra perserrata,-35,150.8
2333374,2333374,Maroubra perserrata,-35,150.8
2333374,2333374,Maroubra perserrata,-33.833332,151.26666
2333374,2333374,Maroubra perserrata,-33.85,151.26666
2333374,2333374,Maroubra perserrata,-33.833332,151.26666
2333374,2333374,Maroubra perserrata,-33.833332,151.26666
2333374,2333374,Maroubra perserrata,-35.15,138.48
2333374,2333374,Maroubra perserrata,-33.95,151.26666
2333374,2333374,Maroubra perserrata,-33.55,115.06667
2333374,2333374,Maroubra perserrata,-34,122.23333
2333374,2333374,Maroubra perserrata,-31.98333,115.56667
2333374,2333374,Maroubra perserrata,-28.63333,153.61667
2333374,2333374,Maroubra perserrata,-35.11667,150.76667
2333374,2333374,Maroubra perserrata,-33.65,115.01667
2333374,9890590,Maroubra perserrata,-35.51,138.22
2333374,2333374,Maroubra perserrata,-35.51,138.22
