requested_taxonKey,record_taxonKey,species_name,decimalLatitude,decimalLongitude
2333586,2333586,Dactyloptena papilio,-23.385429,113.422778
2333586,2333586,Dactyloptena papilio,-23.385429,113.422778
2333586,2333586,Dactyloptena papilio,-19.479167,117.580667
2333586,2333586,Dactyloptena papilio,-19.799333,116.821667
2333586,2333586,Dactyloptena papilio,-19.479167,117.580667
2333586,2333586,Dactyloptena papilio,-19.3275,118.124667
2333586,2333586,Dactyloptena papilio,-19.544167,116.743
2333586,2333586,Dactyloptena papilio,-19.5835,117.3302
2333586,2333586,Dactyloptena papilio,-19.8582,116.1527
2333586,2333586,Dactyloptena papilio,-19.8582,116.1527
2333586,2333586,Dactyloptena papilio,-19.4792,117.5807
2333586,2333586,Dactyloptena papilio,-19.4792,117.5807
2333586,2333586,Dactyloptena papilio,-19.9113,116.6393
2333586,2333586,Dactyloptena papilio,-19.372,118.044
2333586,2333586,Dactyloptena papilio,-19.7983,116.8407
2333586,2333586,Dactyloptena papilio,-19.4313,118.1477
2333586,2333586,Dactyloptena papilio,-19.9052,116.7058
2333586,2333586,Dactyloptena papilio,-19.4313,118.1477
2333586,2333586,Dactyloptena papilio,-19.4313,118.1477
2333586,2333586,Dactyloptena papilio,-19.428,118.0238
2333586,2333586,Dactyloptena papilio,-19.428,118.0238
2333586,2333586,Dactyloptena papilio,-19.9573,116.8025
2333586,2333586,Dactyloptena papilio,-19.9573,116.8025
2333586,2333586,Dactyloptena papilio,-19.9573,116.8025
2333586,2333586,Dactyloptena papilio,-19.9715,116.634
2333586,2333586,Dactyloptena papilio,-19.294,118.13720000000001
2333586,2333586,Dactyloptena papilio,-19.294,118.13720000000001
2333586,2333586,Dactyloptena papilio,-19.9715,116.634
2333586,2333586,Dactyloptena papilio,-19.307,118.2302
2333586,2333586,Dactyloptena papilio,-19.9573,116.8025
2333586,2333586,Dactyloptena papilio,-20.1835,116.3462
2333586,2333586,Dactyloptena papilio,-19.428,118.0238
2333586,2333586,Dactyloptena papilio,-19.9268,116.6752
2333586,2333586,Dactyloptena papilio,-19.9783,115.9042
2333586,2333586,Dactyloptena papilio,-19.4792,117.5807
2333586,2333586,Dactyloptena papilio,-19.294,118.13720000000001
2333586,2333586,Dactyloptena papilio,-19.7983,116.8407
2333586,2333586,Dactyloptena papilio,-19.7983,116.8407
2333586,2333586,Dactyloptena papilio,-19.5835,117.3302
2333586,2333586,Dactyloptena papilio,-19.5255,116.7577
2333586,2333586,Dactyloptena papilio,-19.307,118.2302
2333586,2333586,Dactyloptena papilio,-19.9052,116.7058
2333586,2333586,Dactyloptena papilio,-19.372,118.044
2333586,2333586,Dactyloptena papilio,-19.799333,116.821667
2333586,2333586,Dactyloptena papilio,-19.479167,117.580667
2333586,2333586,Dactyloptena papilio,-19.3275,118.124667
2333586,2333586,Dactyloptena papilio,-19.479167,117.580667
2333586,2333586,Dactyloptena papilio,-19.544167,116.743
2333586,2333586,Dactyloptena papilio,-20.13,116.059
2333586,2333586,Dactyloptena papilio,-20.13,116.077
2333586,2333586,Dactyloptena papilio,-19.8967,115.7948
2333586,2333586,Dactyloptena papilio,-20.13,116.059
2333586,2333586,Dactyloptena papilio,-20.94115,115.76849
2333586,2333586,Dactyloptena papilio,-28.865,153.635
2333586,2333586,Dactyloptena papilio,-28.865,153.635
2333586,2333586,Dactyloptena papilio,-28.865,153.635
2333586,2333586,Dactyloptena papilio,-19.64417,116.895
2333586,2333586,Dactyloptena papilio,-20.03916,115.90833
2333586,2333586,Dactyloptena papilio,-20.17917,115.945
2333586,2333586,Dactyloptena papilio,-20.09333,115.78917
2333586,2333586,Dactyloptena papilio,-19.61833,115.84167
2333586,2333586,Dactyloptena papilio,-19.45917,116.77
2333586,2333586,Dactyloptena papilio,-19.8575,115.63167
2333586,2333586,Dactyloptena papilio,-20.2475,116.50167
2333586,2333586,Dactyloptena papilio,-19.81833,116.80167
2333586,2333586,Dactyloptena papilio,-19.69,116.34084
2333586,2333586,Dactyloptena papilio,-20.33,116.54417
2333586,2333586,Dactyloptena papilio,-27.433333,153.55
2333586,2333586,Dactyloptena papilio,-32.883,151.817
2333586,2333586,Dactyloptena papilio,-33,151.767
2333586,2333586,Dactyloptena papilio,-33.083,151.717
2333586,2333586,Dactyloptena papilio,-33.067,151.717
2333586,2333586,Dactyloptena papilio,-33.05,151.733
2333586,2333586,Dactyloptena papilio,-32.883,151.8
2333586,2333586,Dactyloptena papilio,-29.833333,153.45
2333586,2333586,Dactyloptena papilio,-29.633,153.4
2333586,2333586,Dactyloptena papilio,-29.65,153.383
2333586,2333586,Dactyloptena papilio,-29.85,153.417
2333586,2333586,Dactyloptena papilio,-29.833,153.433
2333586,2333586,Dactyloptena papilio,-29.833,153.45
2333586,2333586,Dactyloptena papilio,-29.25,153.5
2333586,2333586,Dactyloptena papilio,-29.433,153.567
2333586,2333586,Dactyloptena papilio,-29.383,153.6
2333586,2333586,Dactyloptena papilio,-29.367,153.583
2333586,2333586,Dactyloptena papilio,-29.383,153.383
2333586,2333586,Dactyloptena papilio,-29.35,153.4
2333586,2333586,Dactyloptena papilio,-29.383,153.383
2333586,2333586,Dactyloptena papilio,-29.383,153.4
2333586,2333586,Dactyloptena papilio,-29.333,153.45
2333586,2333586,Dactyloptena papilio,-29.317,153.467
2333586,2333586,Dactyloptena papilio,-29.317,153.5
2333586,2333586,Dactyloptena papilio,-29.25,153.6
2333586,2333586,Dactyloptena papilio,-29.217,153.617
2333586,2333586,Dactyloptena papilio,-29.383,153.583
2333586,2333586,Dactyloptena papilio,-29.367,153.583
2333586,2333586,Dactyloptena papilio,-29.3,153.367
2333586,2333586,Dactyloptena papilio,-29.317,153.4
2333586,2333586,Dactyloptena papilio,-29.3,153.4
2333586,2333586,Dactyloptena papilio,-29.317,153.4
2333586,2333586,Dactyloptena papilio,-29.467,153.55
2333586,2333586,Dactyloptena papilio,-29.5,153.533
2333586,2333586,Dactyloptena papilio,-29.65,153.383333
2333586,2333586,Dactyloptena papilio,-29.833333,153.45
2333586,2333586,Dactyloptena papilio,-29.65,153.383333
2333586,2333586,Dactyloptena papilio,-32.867,151.85
2333586,2333586,Dactyloptena papilio,-32.867,151.85
2333586,2333586,Dactyloptena papilio,-32.867,151.817
2333586,2333586,Dactyloptena papilio,-29.8,153.467
2333586,2333586,Dactyloptena papilio,-29.817,153.433
2333586,2333586,Dactyloptena papilio,-29.383,153.583
2333586,2333586,Dactyloptena papilio,-29.35,153.567
2333586,2333586,Dactyloptena papilio,-29.383,153.567
2333586,2333586,Dactyloptena papilio,-29.4,153.583
2333586,2333586,Dactyloptena papilio,-29.383,153.583
2333586,2333586,Dactyloptena papilio,-29.383,153.567
2333586,2333586,Dactyloptena papilio,-29.4,153.55
2333586,2333586,Dactyloptena papilio,-29.4,153.583
2333586,2333586,Dactyloptena papilio,-29.383,153.583
2333586,2333586,Dactyloptena papilio,-29.317,153.45
2333586,2333586,Dactyloptena papilio,-29.367,153.467
2333586,2333586,Dactyloptena papilio,-29.417,153.567
2333586,2333586,Dactyloptena papilio,-29.567,153.467
2333586,2333586,Dactyloptena papilio,-29.533,153.483
2333586,2333586,Dactyloptena papilio,-29.533,153.483
2333586,2333586,Dactyloptena papilio,-18.973333,118.865
2333586,2333586,Dactyloptena papilio,-29.8,153.45
2333586,2333586,Dactyloptena papilio,-29.8,153.45
2333586,2333586,Dactyloptena papilio,-29.833,153.433
2333586,2333586,Dactyloptena papilio,-29.583,153.417
2333586,2333586,Dactyloptena papilio,-29.3,153.483
2333586,2333586,Dactyloptena papilio,-29.317,153.483
2333586,2333586,Dactyloptena papilio,-18.97833,118.86584
2333586,2333586,Dactyloptena papilio,-20.2775,116.935
2333586,2333586,Dactyloptena papilio,-19.95166,115.7625
2333586,2333586,Dactyloptena papilio,-19.58833,117.2525
2333586,2333586,Dactyloptena papilio,-20.04083,116.54667
2333586,2333586,Dactyloptena papilio,-20.16667,115.20917
2333586,2333586,Dactyloptena papilio,-19.63583,115.33333
2333586,2333586,Dactyloptena papilio,-20.015,115.68333
2333586,2333586,Dactyloptena papilio,-20.28667,115.015
2333586,2333586,Dactyloptena papilio,-20.59,115.015
2333586,2333586,Dactyloptena papilio,-18.973333,118.865
2333586,2333586,Dactyloptena papilio,-29.433,153.55
2333586,2333586,Dactyloptena papilio,-29.467,153.55
2333586,2333586,Dactyloptena papilio,-29.383,153.467
2333586,2333586,Dactyloptena papilio,-29.383,153.467
2333586,2333586,Dactyloptena papilio,-29.383,153.483
2333586,2333586,Dactyloptena papilio,-29.433,153.55
2333586,2333586,Dactyloptena papilio,-29.467,153.55
2333586,2333586,Dactyloptena papilio,-29.467,153.55
2333586,2333586,Dactyloptena papilio,-29.45,153.583
2333586,2333586,Dactyloptena papilio,-19.67583,118.145
2333586,2333586,Dactyloptena papilio,-19.4775,117.58084
2333586,2333586,Dactyloptena papilio,-18.52,118.74
2333586,2333586,Dactyloptena papilio,-19.27,118.61584
2333586,2333586,Dactyloptena papilio,-18.65166,118.74834
2333586,2333586,Dactyloptena papilio,-33.067,151.717
2333586,2333586,Dactyloptena papilio,-33.05,151.733
2333586,2333586,Dactyloptena papilio,-33,151.767
2333586,2333586,Dactyloptena papilio,-29.417,153.583
2333586,2333586,Dactyloptena papilio,-28.4,153.667
2333586,2333586,Dactyloptena papilio,-28.4,153.667
2333586,2333586,Dactyloptena papilio,-28.4,153.667
2333586,2333586,Dactyloptena papilio,-28.4,153.667
2333586,2333586,Dactyloptena papilio,-28.4,153.667
2333586,2333586,Dactyloptena papilio,-28.4,153.667
2333586,2333586,Dactyloptena papilio,-28.4,153.667
2333586,2333586,Dactyloptena papilio,-28.4,153.667
2333586,2333586,Dactyloptena papilio,-29.383,153.383
2333586,2333586,Dactyloptena papilio,-29.383,153.383
2333586,2333586,Dactyloptena papilio,-29.383,153.383
2333586,2333586,Dactyloptena papilio,-29.383,153.383
2333586,2333586,Dactyloptena papilio,-29.417,153.583
2333586,2333586,Dactyloptena papilio,-29.417,153.583
2333586,2333586,Dactyloptena papilio,-29.417,153.583
2333586,2333586,Dactyloptena papilio,-29.383,153.383
2333586,2333586,Dactyloptena papilio,-29.383,153.383
2333586,2333586,Dactyloptena papilio,-32.85,151.883
2333586,2333586,Dactyloptena papilio,-32.85,151.883
2333586,2333586,Dactyloptena papilio,-29.417,153.583
2333586,2333586,Dactyloptena papilio,-28.4,153.667
2333586,2333586,Dactyloptena papilio,-28.4,153.667
2333586,2333586,Dactyloptena papilio,-28.4,153.667
2333586,2333586,Dactyloptena papilio,-28.4,153.667
2333586,2333586,Dactyloptena papilio,-32.133,152.517
2333586,2333586,Dactyloptena papilio,-32.133,152.517
2333586,2333586,Dactyloptena papilio,-32.9,151.967
2333586,2333586,Dactyloptena papilio,-29.417,153.583
2333586,2333586,Dactyloptena papilio,-32.95,151.917
2333586,2333586,Dactyloptena papilio,-29.417,153.583
2333586,2333586,Dactyloptena papilio,-29.417,153.583
2333586,2333586,Dactyloptena papilio,-29.417,153.583
2333586,2333586,Dactyloptena papilio,-29.417,153.583
2333586,2333586,Dactyloptena papilio,-29.417,153.583
2333586,2333586,Dactyloptena papilio,-29.417,153.583
2333586,2333586,Dactyloptena papilio,-29.417,153.583
2333586,2333586,Dactyloptena papilio,-29.417,153.583
2333586,2333586,Dactyloptena papilio,-28.4,153.667
2333586,2333586,Dactyloptena papilio,-28.4,153.667
2333586,2333586,Dactyloptena papilio,-28.4,153.667
2333586,2333586,Dactyloptena papilio,-28.4,153.667
2333586,2333586,Dactyloptena papilio,-28.4,153.667
2333586,2333586,Dactyloptena papilio,-28.4,153.667
2333586,2333586,Dactyloptena papilio,-28.4,153.667
2333586,2333586,Dactyloptena papilio,-28.4,153.667
2333586,2333586,Dactyloptena papilio,-28.4,153.667
2333586,2333586,Dactyloptena papilio,-28.567,153.633
2333586,2333586,Dactyloptena papilio,-28.4,153.667
2333586,2333586,Dactyloptena papilio,-28.4,153.667
2333586,2333586,Dactyloptena papilio,-28.4,153.667
2333586,2333586,Dactyloptena papilio,-28.583,153.567
2333586,2333586,Dactyloptena papilio,-28.4,153.667
2333586,2333586,Dactyloptena papilio,-28.4,153.667
2333586,2333586,Dactyloptena papilio,-28.4,153.667
2333586,2333586,Dactyloptena papilio,-28.4,153.667
2333586,2333586,Dactyloptena papilio,-28.583,153.567
2333586,2333586,Dactyloptena papilio,-28.4,153.667
2333586,2333586,Dactyloptena papilio,-28.4,153.667
2333586,2333586,Dactyloptena papilio,-28.4,153.667
2333586,2333586,Dactyloptena papilio,-28.4,153.667
2333586,2333586,Dactyloptena papilio,-29.417,153.583
2333586,2333586,Dactyloptena papilio,-29.417,153.583
2333586,2333586,Dactyloptena papilio,-29.417,153.583
2333586,2333586,Dactyloptena papilio,-29.417,153.583
2333586,2333586,Dactyloptena papilio,-29.417,153.583
2333586,2333586,Dactyloptena papilio,-29.417,153.583
2333586,2333586,Dactyloptena papilio,-29.417,153.583
2333586,2333586,Dactyloptena papilio,-29.417,153.583
2333586,2333586,Dactyloptena papilio,-29.417,153.583
2333586,2333586,Dactyloptena papilio,-29.417,153.583
2333586,2333586,Dactyloptena papilio,-29.417,153.583
2333586,2333586,Dactyloptena papilio,-29.417,153.583
2333586,2333586,Dactyloptena papilio,-29.417,153.583
2333586,2333586,Dactyloptena papilio,-28.583,153.567
2333586,2333586,Dactyloptena papilio,-28.4,153.667
2333586,2333586,Dactyloptena papilio,-28.4,153.667
2333586,2333586,Dactyloptena papilio,-28.4,153.667
2333586,2333586,Dactyloptena papilio,-28.583,153.567
2333586,2333586,Dactyloptena papilio,-28.4,153.667
2333586,2333586,Dactyloptena papilio,-28.4,153.667
2333586,2333586,Dactyloptena papilio,-28.4,153.667
2333586,2333586,Dactyloptena papilio,-28.4,153.667
2333586,2333586,Dactyloptena papilio,-28.4,153.667
2333586,2333586,Dactyloptena papilio,-28.4,153.667
2333586,2333586,Dactyloptena papilio,-28.4,153.667
2333586,2333586,Dactyloptena papilio,-29.417,153.583
2333586,2333586,Dactyloptena papilio,-32.133,152.517
2333586,2333586,Dactyloptena papilio,-32.133,152.517
2333586,2333586,Dactyloptena papilio,-32.133,152.517
2333586,2333586,Dactyloptena papilio,-32.133,152.517
2333586,2333586,Dactyloptena papilio,-32.133,152.517
2333586,2333586,Dactyloptena papilio,-32.133,152.517
2333586,2333586,Dactyloptena papilio,-32.85,151.883
2333586,2333586,Dactyloptena papilio,-32.833,151.917
2333586,2333586,Dactyloptena papilio,-32.817,151.917
2333586,2333586,Dactyloptena papilio,-32.8,151.983
2333586,2333586,Dactyloptena papilio,-32.817,151.967
2333586,2333586,Dactyloptena papilio,-29.417,153.583
2333586,2333586,Dactyloptena papilio,-29.417,153.583
2333586,2333586,Dactyloptena papilio,-29.417,153.583
2333586,2333586,Dactyloptena papilio,-29.417,153.583
2333586,2333586,Dactyloptena papilio,-28.583,153.567
2333586,2333586,Dactyloptena papilio,-28.583,153.567
2333586,2333586,Dactyloptena papilio,-28.583,153.567
2333586,2333586,Dactyloptena papilio,-28.583,153.567
2333586,2333586,Dactyloptena papilio,-28.4,153.667
2333586,2333586,Dactyloptena papilio,-28.583,153.567
2333586,2333586,Dactyloptena papilio,-28.583,153.567
2333586,2333586,Dactyloptena papilio,-29.417,153.583
2333586,2333586,Dactyloptena papilio,-32.133,152.517
2333586,2333586,Dactyloptena papilio,-31.917,152.85
2333586,2333586,Dactyloptena papilio,-29.417,153.583
2333586,2333586,Dactyloptena papilio,-29.417,153.583
2333586,2333586,Dactyloptena papilio,-29.417,153.583
2333586,2333586,Dactyloptena papilio,-29.417,153.583
2333586,2333586,Dactyloptena papilio,-29.417,153.583
2333586,2333586,Dactyloptena papilio,-29.417,153.583
2333586,2333586,Dactyloptena papilio,-29.417,153.583
2333586,2333586,Dactyloptena papilio,-29.417,153.583
2333586,2333586,Dactyloptena papilio,-29.417,153.583
2333586,2333586,Dactyloptena papilio,-29.417,153.583
2333586,2333586,Dactyloptena papilio,-29.417,153.583
2333586,2333586,Dactyloptena papilio,-29.417,153.583
2333586,2333586,Dactyloptena papilio,-28.583,153.567
2333586,2333586,Dactyloptena papilio,-28.4,153.667
2333586,2333586,Dactyloptena papilio,-28.4,153.667
2333586,2333586,Dactyloptena papilio,-28.583,153.567
2333586,2333586,Dactyloptena papilio,-28.583,153.567
2333586,2333586,Dactyloptena papilio,-28.4,153.667
2333586,2333586,Dactyloptena papilio,-28.4,153.667
2333586,2333586,Dactyloptena papilio,-28.4,153.667
2333586,2333586,Dactyloptena papilio,-28.4,153.667
2333586,2333586,Dactyloptena papilio,-28.4,153.667
2333586,2333586,Dactyloptena papilio,-28.45,153.85
2333586,2333586,Dactyloptena papilio,-28.583,153.567
2333586,2333586,Dactyloptena papilio,-19.725,116.80667
2333586,2333586,Dactyloptena papilio,-28.4,153.667
2333586,2333586,Dactyloptena papilio,-28.4,153.667
2333586,2333586,Dactyloptena papilio,-28.4,153.667
2333586,2333586,Dactyloptena papilio,-28.4,153.667
2333586,2333586,Dactyloptena papilio,-28.4,153.667
2333586,2333586,Dactyloptena papilio,-28.4,153.667
2333586,2333586,Dactyloptena papilio,-28.4,153.667
2333586,2333586,Dactyloptena papilio,-28.4,153.667
2333586,2333586,Dactyloptena papilio,-28.583,153.567
2333586,2333586,Dactyloptena papilio,-28.583,153.567
2333586,2333586,Dactyloptena papilio,-28.583,153.567
2333586,2333586,Dactyloptena papilio,-28.583,153.567
2333586,2333586,Dactyloptena papilio,-28.4,153.667
2333586,2333586,Dactyloptena papilio,-28.583,153.567
2333586,2333586,Dactyloptena papilio,-29.417,153.583
2333586,2333586,Dactyloptena papilio,-19.68166,117.01583
2333586,2333586,Dactyloptena papilio,-19.73916,116.16917
2333586,2333586,Dactyloptena papilio,-20.32,116.49167
2333586,2333586,Dactyloptena papilio,-19.61583,117.1775
2333586,2333586,Dactyloptena papilio,-19.5,118.56334
2333586,2333586,Dactyloptena papilio,-20.13167,116.81834
2333586,2333586,Dactyloptena papilio,-19.86083,116.73917
2333586,2333586,Dactyloptena papilio,-19.75833,117.48167
2333586,2333586,Dactyloptena papilio,-19.51,117.86167
2333586,2333586,Dactyloptena papilio,-19.50833,117.96417
2333586,2333586,Dactyloptena papilio,-19.58083,117.90417
2333586,2333586,Dactyloptena papilio,-20.22917,116.4975
2333586,2333586,Dactyloptena papilio,-20.925,115.1475
2333586,2333586,Dactyloptena papilio,-20.09166,116.55417
2333586,2333586,Dactyloptena papilio,-19.94667,116.5975
2333586,2333586,Dactyloptena papilio,-20.035,117.065
2333586,2333586,Dactyloptena papilio,-19.93083,117.0125
2333586,2333586,Dactyloptena papilio,-19.68166,116.89917
2333586,2333586,Dactyloptena papilio,-19.87,117.90583
2333586,2333586,Dactyloptena papilio,-19.81916,116.92584
2333586,2333586,Dactyloptena papilio,-20.39666,116.45417
2333586,2333586,Dactyloptena papilio,-18.825,118.51
2333586,2333586,Dactyloptena papilio,-19.31416,118.55334
2333586,2333586,Dactyloptena papilio,-19.11917,117.08833
2333586,2333586,Dactyloptena papilio,-19.62416,116.4875
2333586,2333586,Dactyloptena papilio,-19.015,117.41334
2333586,2333586,Dactyloptena papilio,-19.62583,117.09833
2333586,2333586,Dactyloptena papilio,-19.6675,116.31167
2333586,2333586,Dactyloptena papilio,-19.51833,116.65584
2333586,2333586,Dactyloptena papilio,-19.765,116.49917
2333586,2333586,Dactyloptena papilio,-19.73833,117.67333000000001
2333586,2333586,Dactyloptena papilio,-19.07583,118.2625
2333586,2333586,Dactyloptena papilio,-20.23083,116.79417
2333586,2333586,Dactyloptena papilio,-19.95666,117.96917
2333586,2333586,Dactyloptena papilio,-19.17917,118.41084
2333586,2333586,Dactyloptena papilio,-20.2225,116.23583000000001
2333586,2333586,Dactyloptena papilio,-19.30083,118.4625
2333586,2333586,Dactyloptena papilio,-19.93833,115.82917
2333586,2333586,Dactyloptena papilio,-19.89583,116.25
2333586,2333586,Dactyloptena papilio,-19.8775,116.1275
2333586,2333586,Dactyloptena papilio,-20.11916,115.8475
2333586,2333586,Dactyloptena papilio,-30.491667,153.125
2333586,2333586,Dactyloptena papilio,-29.358334,153.51666
2333586,2333586,Dactyloptena papilio,-30.5,153.117
2333586,2333586,Dactyloptena papilio,-29.367,153.517
2333586,2333586,Dactyloptena papilio,-29.3,153.5
2333586,2333586,Dactyloptena papilio,-29.35,153.6
2333586,2333586,Dactyloptena papilio,-29.017,153.6
2333586,2333586,Dactyloptena papilio,-29.517,153.467
2333586,2333586,Dactyloptena papilio,-30.49,153.13
2333586,2333586,Dactyloptena papilio,-32.083,152.767
2333586,2333586,Dactyloptena papilio,-20.07833,117.76917
2333586,2333586,Dactyloptena papilio,-19.99833,117.7325
2333586,2333586,Dactyloptena papilio,-20.25167,116.81833
2333586,2333586,Dactyloptena papilio,-19.26666,118.10583
2333586,2333586,Dactyloptena papilio,-19.4975,117.585
2333586,2333586,Dactyloptena papilio,-29.35,153.48167
2333586,2333586,Dactyloptena papilio,-29.35,153.483
2333586,2333586,Dactyloptena papilio,-29.35,153.48
2333586,2333586,Dactyloptena papilio,-19.033,118.5
2333586,2333586,Dactyloptena papilio,-20.0925,116.45917
2333586,2333586,Dactyloptena papilio,-19.96666,116.77167
2333586,2333586,Dactyloptena papilio,-19.8625,116.87667
2333586,2333586,Dactyloptena papilio,-19.96,116.06834
2333586,2333586,Dactyloptena papilio,-19.84166,116.0975
2333586,2333586,Dactyloptena papilio,-19.33416,118.1225
2333586,2333586,Dactyloptena papilio,-19.39916,118.39834
2333586,2333586,Dactyloptena papilio,-20.36166,116.44667
2333586,2333586,Dactyloptena papilio,-19.905,116.52
2333586,2333586,Dactyloptena papilio,-19.6125,116.63834
2333586,2333586,Dactyloptena papilio,-19.06833,119.05167
2333586,2333586,Dactyloptena papilio,-19.07833,119.015
2333586,2333586,Dactyloptena papilio,-18.41,118.92417
2333586,2333586,Dactyloptena papilio,-19.09416,118.8775
2333586,2333586,Dactyloptena papilio,-19.79,117.85
2333586,2333586,Dactyloptena papilio,-19.73333,117.88334
2333586,2333586,Dactyloptena papilio,-19.69583,117.94167
2333586,2333586,Dactyloptena papilio,-19.99166,117.015
2333586,2333586,Dactyloptena papilio,-20.005,117.00667
2333586,2333586,Dactyloptena papilio,-19.97833,117.05667
2333586,2333586,Dactyloptena papilio,-19.12333,118.58667
2333586,2333586,Dactyloptena papilio,-19.2775,118.86584
2333586,2333586,Dactyloptena papilio,-19.09,118.85084
2333586,2333586,Dactyloptena papilio,-19.7475,117.89667
2333586,2333586,Dactyloptena papilio,-18.82916,118.40083
2333586,2333586,Dactyloptena papilio,-19.145,118.055
2333586,2333586,Dactyloptena papilio,-19.04417,118.21584
2333586,2333586,Dactyloptena papilio,-18.68916,118.3775
2333586,2333586,Dactyloptena papilio,-19.10916,118.0025
2333586,2333586,Dactyloptena papilio,-19.815,116.69583
2333586,2333586,Dactyloptena papilio,-19.56166,116.46417
2333586,2333586,Dactyloptena papilio,-19.38417,116.9775
2333586,2333586,Dactyloptena papilio,-18.67333,118.87833
2333586,2333586,Dactyloptena papilio,-20.1725,116.1525
2333586,2333586,Dactyloptena papilio,-19.78583,116.53584
2333586,2333586,Dactyloptena papilio,-18.76417,118.63
2333586,2333586,Dactyloptena papilio,-20.00083,117.5975
2333586,2333586,Dactyloptena papilio,-19.3175,118.4
2333586,2333586,Dactyloptena papilio,-20.02583,118.16084
2333586,2333586,Dactyloptena papilio,-19.265,118.68084
2333586,2333586,Dactyloptena papilio,-20.26417,116.77667
2333586,2333586,Dactyloptena papilio,-19.57166,117.79584
2333586,2333586,Dactyloptena papilio,-19.6875,116.36333
2333586,2333586,Dactyloptena papilio,-18.78833,118.35
2333586,2333586,Dactyloptena papilio,-19.70583,116.83
2333586,2333586,Dactyloptena papilio,-19.86167,118.61167
2333586,2333586,Dactyloptena papilio,-19.17833,118.14417
2333586,2333586,Dactyloptena papilio,-19.965,117.70167
2333586,2333586,Dactyloptena papilio,-19.76583,117.2125
2333586,2333586,Dactyloptena papilio,-20.0675,117.4675
2333586,2333586,Dactyloptena papilio,-19.6625,117.34084
2333586,2333586,Dactyloptena papilio,-19.71416,116.385
2333586,2333586,Dactyloptena papilio,-19.26667,117.5575
2333586,2333586,Dactyloptena papilio,-19.21833,116.45834
2333586,2333586,Dactyloptena papilio,-19.05416,118.8325
2333586,2333586,Dactyloptena papilio,-19.88333,118.2675
2333586,2333586,Dactyloptena papilio,-19.77166,117.05667
2333586,2333586,Dactyloptena papilio,-19.925,116.9575
2333586,2333586,Dactyloptena papilio,-20.26083,116.71167
2333586,2333586,Dactyloptena papilio,-20.0575,116.54834
2333586,2333586,Dactyloptena papilio,-19.72167,117.1075
2333586,2333586,Dactyloptena papilio,-19.70833,116.76083
2333586,2333586,Dactyloptena papilio,-19.97917,117.06
2333586,2333586,Dactyloptena papilio,-20.01083,117.035
2333586,2333586,Dactyloptena papilio,-19.99416,116.95834
2333586,2333586,Dactyloptena papilio,-19.76083,117.84333
2333586,2333586,Dactyloptena papilio,-19.215,117.86
2333586,2333586,Dactyloptena papilio,-19.5925,117.285
2333586,2333586,Dactyloptena papilio,-19.92083,116.98333
2333586,2333586,Dactyloptena papilio,-19.725,117.86334
2333586,2333586,Dactyloptena papilio,-19.8675,116.20833
2333586,2333586,Dactyloptena papilio,-19.61667,118.55167
2333586,2333586,Dactyloptena papilio,-19.44916,117.61917
2333586,2333586,Dactyloptena papilio,-19.38666,117.16334
2333586,2333586,Dactyloptena papilio,-20.14833,116.18
2333586,2333586,Dactyloptena papilio,-20.43166,116.0525
2333586,2333586,Dactyloptena papilio,-19.7575,117.24667
2333586,2333586,Dactyloptena papilio,-19,118.20834
2333586,2333586,Dactyloptena papilio,-19.025,118.04167
2333586,2333586,Dactyloptena papilio,-20.05,115.8
2333586,2333586,Dactyloptena papilio,-19.75833,116.00834
2333586,2333586,Dactyloptena papilio,-20,116.96667
2333586,2333586,Dactyloptena papilio,-19.85,118.05
2333586,2333586,Dactyloptena papilio,-19.55417,117.30917
2333586,2333586,Dactyloptena papilio,-20.0875,117.52584
2333586,2333586,Dactyloptena papilio,-19.46333,118.445
2333586,2333586,Dactyloptena papilio,-19.505,118.11084
2333586,2333586,Dactyloptena papilio,-19.82166,117.56
2333586,2333586,Dactyloptena papilio,-19.53667,117.22334
2333586,2333586,Dactyloptena papilio,-19.655,117.02917
2333586,2333586,Dactyloptena papilio,-19.14333,118.11917
2333586,2333586,Dactyloptena papilio,-19.61416,117.44834
2333586,2333586,Dactyloptena papilio,-20.25417,116.02417
2333586,2333586,Dactyloptena papilio,-19.64666,117.12083
2333586,2333586,Dactyloptena papilio,-19.70416,117.04417
2333586,2333586,Dactyloptena papilio,-19.19917,118.115
2333586,2333586,Dactyloptena papilio,-20.00166,116.17667
2333586,2333586,Dactyloptena papilio,-19.32583,118.075
2333586,2333586,Dactyloptena papilio,-19.815,116.7325
2333586,2333586,Dactyloptena papilio,-19.2825,117.925
2333586,2333586,Dactyloptena papilio,-19.57667,117.39917
2333586,2333586,Dactyloptena papilio,-19.85583,116.80334
2333586,2333586,Dactyloptena papilio,-34.083332,151.225
2333586,2333586,Dactyloptena papilio,-19.58333,116.175
2333586,2333586,Dactyloptena papilio,-19.60833,116.18333
2333586,2333586,Dactyloptena papilio,-20.33333,114.975
2333586,2333586,Dactyloptena papilio,-19.675,116.18334
2333586,2333586,Dactyloptena papilio,-19.675,116.23334
2333586,2333586,Dactyloptena papilio,-18.675,119.44167
2333586,2333586,Dactyloptena papilio,-19.21666,118.78334
2333586,2333586,Dactyloptena papilio,-18.625,119.325
2333586,2333586,Dactyloptena papilio,-18.125,119.35834
2333586,2333586,Dactyloptena papilio,-18.475,119.325
2333586,2333586,Dactyloptena papilio,-18.30833,119.18334
2333586,2333586,Dactyloptena papilio,-19.09166,120.50834
2333586,2333586,Dactyloptena papilio,-18.16666,120.05
2333586,2333586,Dactyloptena papilio,-19.09166,120.50834
2333586,2333586,Dactyloptena papilio,-18.475,119.325
2333586,2333586,Dactyloptena papilio,-18.675,119.44167
2333586,2333586,Dactyloptena papilio,-19.01667,117.96667
2333586,2333586,Dactyloptena papilio,-18.71666,119.875
2333586,2333586,Dactyloptena papilio,-19.9,116.525
2333586,2333586,Dactyloptena papilio,-21.33333,114.75
2333586,2333586,Dactyloptena papilio,-19.50833,116.1
2333586,2333586,Dactyloptena papilio,-18.65833,119.06667
2333586,2333586,Dactyloptena papilio,-17.10833,120.95834
2333586,2333586,Dactyloptena papilio,-19.45,116.09167
2333586,2333586,Dactyloptena papilio,-19.45833,118.01667
2333586,2333586,Dactyloptena papilio,-21.51666,114.40833
2333586,2333586,Dactyloptena papilio,-18.41667,118.975
2333586,2333586,Dactyloptena papilio,-20.38333,116.26667
2333586,2333586,Dactyloptena papilio,-18.35833,119.21667
2333586,2333586,Dactyloptena papilio,-20.38333,116.26667
2333586,2333586,Dactyloptena papilio,-19.90833,115.96667
2333586,2333586,Dactyloptena papilio,-19.73333,116.45834
2333586,2333586,Dactyloptena papilio,-19.90833,115.96667
2333586,2333586,Dactyloptena papilio,-19.90833,115.96667
2333586,2333586,Dactyloptena papilio,-20.1,116.125
2333586,2333586,Dactyloptena papilio,-20.38333,116.26667
2333586,2333586,Dactyloptena papilio,-19.90833,115.96667
2333586,2333586,Dactyloptena papilio,-20.1,116.15
2333586,2333586,Dactyloptena papilio,-19.90833,115.96667
2333586,2333586,Dactyloptena papilio,-19.90833,115.96667
2333586,2333586,Dactyloptena papilio,-20.38333,116.26667
2333586,2333586,Dactyloptena papilio,-19.90833,115.96667
2333586,2333586,Dactyloptena papilio,-20.23333,115.79167
2333586,2333586,Dactyloptena papilio,-19.90833,115.96667
2333586,2333586,Dactyloptena papilio,-20.38333,116.26667
2333586,2333586,Dactyloptena papilio,-20.38333,116.26667
2333586,2333586,Dactyloptena papilio,-19.59166,116.69167
2333586,2333586,Dactyloptena papilio,-19.43333,116.54167
2333586,2333586,Dactyloptena papilio,-18.63333,118.63334
2333586,2333586,Dactyloptena papilio,-19.28333,116.28334
2333586,2333586,Dactyloptena papilio,-19.625,117.15834
2333586,2333586,Dactyloptena papilio,-18.95833,118.24167
2333586,2333586,Dactyloptena papilio,-19.71667,116.25
2333586,2333586,Dactyloptena papilio,-21.41666,114.29167
2333586,2333586,Dactyloptena papilio,-19.83333,117.25834
2333586,2333586,Dactyloptena papilio,-20.86667,115.175
2333586,2333586,Dactyloptena papilio,-18.89166,117.79167
2333586,2333586,Dactyloptena papilio,-19.23333,118.36667
2333586,2333586,Dactyloptena papilio,-17.33333,121.06667
2333586,2333586,Dactyloptena papilio,-15.71666,121.15
2333586,2333586,Dactyloptena papilio,-16.84166,121.01667
2333586,2333586,Dactyloptena papilio,-16.34166,120.84167
2333586,2333586,Dactyloptena papilio,-16.9,120.825
2333586,2333586,Dactyloptena papilio,-16.33333,122.31667
2333586,2333586,Dactyloptena papilio,-17.70833,120.61667
2333586,2333586,Dactyloptena papilio,-18.53333,119.90833
2333586,2333586,Dactyloptena papilio,-17.78333,119.975
2333586,2333586,Dactyloptena papilio,-19.1,118.025
2333586,2333586,Dactyloptena papilio,-19.1,118.025
2333586,2333586,Dactyloptena papilio,-19.1,118.025
2333586,2333586,Dactyloptena papilio,-17.93333,119.925
2333586,2333586,Dactyloptena papilio,-19.1,118.025
2333586,2333586,Dactyloptena papilio,-32.25,152.71666
2333586,2333586,Dactyloptena papilio,-32.3,152.717
2333586,2333586,Dactyloptena papilio,-27.25,153.25
2333586,2333586,Dactyloptena papilio,-22,114.333333
2333586,2333586,Dactyloptena papilio,-22,114.333333
2333586,2333586,Dactyloptena papilio,-22.083334,114.25
2333586,2333586,Dactyloptena papilio,-19.06666,118.30931
2333586,2333586,Dactyloptena papilio,-20.15069,115.4507
2333586,2333586,Dactyloptena papilio,-20.583333,116.583333
2333586,2333586,Dactyloptena papilio,-20.583333,116.583333
2333586,2333586,Dactyloptena papilio,-24.75,113.166667
2333586,2333586,Dactyloptena papilio,-24.75,113.166667
2333586,2333586,Dactyloptena papilio,-25.35,113.73333
2333586,2333586,Dactyloptena papilio,-25.35,113.73333
2333586,2333586,Dactyloptena papilio,-21.88333,114.86667
2333586,2333586,Dactyloptena papilio,-22.25,114.08333
2333586,2333586,Dactyloptena papilio,-22.08333,114.25
2333586,2333586,Dactyloptena papilio,-17.51667,121.45
2333586,2333586,Dactyloptena papilio,-16.33333,122.31667
2333586,2333586,Dactyloptena papilio,-20.3,118.58333
2333586,2333586,Dactyloptena papilio,-25.35,113.73333
2333586,2333586,Dactyloptena papilio,-22.08333,114.25
2333586,2333586,Dactyloptena papilio,-25.35,113.73333
2333586,2333586,Dactyloptena papilio,-22.08333,114.25
2333586,2333586,Dactyloptena papilio,-22.08333,114.25
2333586,2333586,Dactyloptena papilio,-22.08333,114.25
2333586,2333586,Dactyloptena papilio,-22.08333,114.25
2333586,2333586,Dactyloptena papilio,-22.08333,114.25
2333586,2333586,Dactyloptena papilio,-20.65,116.716667
2333586,2333586,Dactyloptena papilio,-27.25,153.25
2333586,2333586,Dactyloptena papilio,-28.183333,153.533333
2333586,2333586,Dactyloptena papilio,-27.65,153.516667
2333586,2333586,Dactyloptena papilio,-27.65,153.516667
2333586,2333586,Dactyloptena papilio,-27.65,153.516667
2333586,2333586,Dactyloptena papilio,-22.314167,114.0325
2333586,2333586,Dactyloptena papilio,-20.9412,115.7685
2333586,2333586,Dactyloptena papilio,-25.952246,113.638599
