requested_taxonKey,record_taxonKey,species_name,decimalLatitude,decimalLongitude
2333583,2333583,Dactyloptena macracantha,-23.385429,113.422778
2333583,2333583,Dactyloptena macracantha,-23.385429,113.422778
2333583,2333583,Dactyloptena macracantha,-19.82,116.245667
2333583,2333583,Dactyloptena macracantha,-19.3275,118.124667
2333583,2333583,Dactyloptena macracantha,-19.3275,118.124667
2333583,2333583,Dactyloptena macracantha,-19.4905,116.8105
2333583,2333583,Dactyloptena macracantha,-19.5835,117.3302
2333583,2333583,Dactyloptena macracantha,-19.4723,116.8298
2333583,2333583,Dactyloptena macracantha,-19.372,118.044
2333583,2333583,Dactyloptena macracantha,-19.372,118.044
2333583,2333583,Dactyloptena macracantha,-19.2245,117.93
2333583,2333583,Dactyloptena macracantha,-19.5835,117.3302
2333583,2333583,Dactyloptena macracantha,-19.4358,116.8037
2333583,2333583,Dactyloptena macracantha,-19.4358,116.8037
2333583,2333583,Dactyloptena macracantha,-19.294,118.13720000000001
2333583,2333583,Dactyloptena macracantha,-19.294,118.13720000000001
2333583,2333583,Dactyloptena macracantha,-19.3608,117.7312
2333583,2333583,Dactyloptena macracantha,-19.294,118.13720000000001
2333583,2333583,Dactyloptena macracantha,-19.294,118.13720000000001
2333583,2333583,Dactyloptena macracantha,-19.307,118.2302
2333583,2333583,Dactyloptena macracantha,-19.2995,117.6287
2333583,2333583,Dactyloptena macracantha,-19.2995,117.6287
2333583,2333583,Dactyloptena macracantha,-19.2995,117.6287
2333583,2333583,Dactyloptena macracantha,-19.2995,117.6287
2333583,2333583,Dactyloptena macracantha,-19.294,118.13720000000001
2333583,2333583,Dactyloptena macracantha,-19.8185,116.2567
2333583,2333583,Dactyloptena macracantha,-19.3608,117.7312
2333583,2333583,Dactyloptena macracantha,-19.307,118.2302
2333583,2333583,Dactyloptena macracantha,-19.6792,116.3438
2333583,2333583,Dactyloptena macracantha,-19.6792,116.3438
2333583,2333583,Dactyloptena macracantha,-19.372,118.044
2333583,2333583,Dactyloptena macracantha,-19.6933,116.1637
2333583,2333583,Dactyloptena macracantha,-19.6792,116.306
2333583,2333583,Dactyloptena macracantha,-19.6792,116.306
2333583,2333583,Dactyloptena macracantha,-19.6792,116.306
2333583,2333583,Dactyloptena macracantha,-19.6792,116.306
2333583,2333583,Dactyloptena macracantha,-19.2245,117.93
2333583,2333583,Dactyloptena macracantha,-19.3275,118.124667
2333583,2333583,Dactyloptena macracantha,-19.3275,118.124667
2333583,2333583,Dactyloptena macracantha,-19.82,116.245667
2333583,2333583,Dactyloptena macracantha,-19.4905,116.8105
2333583,2333583,Dactyloptena macracantha,-19.76667,115.69334
2333583,2333583,Dactyloptena macracantha,-20.02667,117.45584
2333583,2333583,Dactyloptena macracantha,-19.38083,117.69584
2333583,2333583,Dactyloptena macracantha,-19.115,117.78834
2333583,2333583,Dactyloptena macracantha,-20.15583,117.71084
2333583,2333583,Dactyloptena macracantha,-19.245,117.735
2333583,2333583,Dactyloptena macracantha,-19.2525,117.9375
2333583,2333583,Dactyloptena macracantha,-19.83833,117.72334
2333583,2333583,Dactyloptena macracantha,-18.87417,118.0575
2333583,2333583,Dactyloptena macracantha,-19.2625,117.36084
2333583,2333583,Dactyloptena macracantha,-19.09083,117.74084
2333583,2333583,Dactyloptena macracantha,-18.24167,118.955
2333583,2333583,Dactyloptena macracantha,-19.775,117.7775
2333583,2333583,Dactyloptena macracantha,-18.8275,118.6475
2333583,2333583,Dactyloptena macracantha,-19.47166,116.42167
2333583,2333583,Dactyloptena macracantha,-19.8575,115.63167
2333583,2333583,Dactyloptena macracantha,-19.20666,117.63584
2333583,2333583,Dactyloptena macracantha,-19.00583,117.98917
2333583,2333583,Dactyloptena macracantha,-18.87917,118.4375
2333583,2333583,Dactyloptena macracantha,-18.81333,118.74417
2333583,2333583,Dactyloptena macracantha,-19.71333,117.83084
2333583,2333583,Dactyloptena macracantha,-19.95166,118.265
2333583,2333583,Dactyloptena macracantha,-18.90917,118.40084
2333583,2333583,Dactyloptena macracantha,-20.465,114.773333
2333583,2333583,Dactyloptena macracantha,-20.465,114.773333
2333583,2333583,Dactyloptena macracantha,-19.1525,117.6925
2333583,2333583,Dactyloptena macracantha,-18.96333,118.1525
2333583,2333583,Dactyloptena macracantha,-20.56583,115.02834
2333583,2333583,Dactyloptena macracantha,-19.49333,117.37833
2333583,2333583,Dactyloptena macracantha,-19.94833,116.59334
2333583,2333583,Dactyloptena macracantha,-19.53833,117.01167
2333583,2333583,Dactyloptena macracantha,-18.99416,117.80584
2333583,2333583,Dactyloptena macracantha,-18.90417,117.62417
2333583,2333583,Dactyloptena macracantha,-19.56,117.0925
2333583,2333583,Dactyloptena macracantha,-19.12166,117.70334
2333583,2333583,Dactyloptena macracantha,-19.31916,116.77833
2333583,2333583,Dactyloptena macracantha,-20.32333,116.42167
2333583,2333583,Dactyloptena macracantha,-19.1775,117.52167
2333583,2333583,Dactyloptena macracantha,-19.1475,118.11584
2333583,2333583,Dactyloptena macracantha,-18.88666,118.16167
2333583,2333583,Dactyloptena macracantha,-19.17333,118.51
2333583,2333583,Dactyloptena macracantha,-18.53333,118.49083
2333583,2333583,Dactyloptena macracantha,-18.67916,118.72
2333583,2333583,Dactyloptena macracantha,-18.94333,118.70167
2333583,2333583,Dactyloptena macracantha,-18.6325,118.7125
2333583,2333583,Dactyloptena macracantha,-18.98,118.6025
2333583,2333583,Dactyloptena macracantha,-19.28583,118.18
2333583,2333583,Dactyloptena macracantha,-19.39583,116.2425
2333583,2333583,Dactyloptena macracantha,-19.76166,116.965
2333583,2333583,Dactyloptena macracantha,-19.40083,117.205
2333583,2333583,Dactyloptena macracantha,-19.1575,117.54584
2333583,2333583,Dactyloptena macracantha,-19.74416,116.14
2333583,2333583,Dactyloptena macracantha,-19.99,116.82084
2333583,2333583,Dactyloptena macracantha,-18.9775,117.995
2333583,2333583,Dactyloptena macracantha,-19.05833,118.1625
2333583,2333583,Dactyloptena macracantha,-18.70333,118.16417
2333583,2333583,Dactyloptena macracantha,-19.88916,116.97583
2333583,2333583,Dactyloptena macracantha,-20.6525,114.92417
2333583,2333583,Dactyloptena macracantha,-19.935,116.29834
2333583,2333583,Dactyloptena macracantha,-20.785,114.80833
2333583,2333583,Dactyloptena macracantha,-20.6225,114.85333
2333583,2333583,Dactyloptena macracantha,-20.09,115.55334
2333583,2333583,Dactyloptena macracantha,-20.83333,115.18
2333583,2333583,Dactyloptena macracantha,-20.13,116.40167
2333583,2333583,Dactyloptena macracantha,-19.80083,117.8125
2333583,2333583,Dactyloptena macracantha,-20.47,115.09417
2333583,2333583,Dactyloptena macracantha,-18.91916,118.29417
2333583,2333583,Dactyloptena macracantha,-19.25083,117.5575
2333583,2333583,Dactyloptena macracantha,-18.85,118.17334
2333583,2333583,Dactyloptena macracantha,-19.26166,117.77167
2333583,2333583,Dactyloptena macracantha,-19.16083,117.63584
2333583,2333583,Dactyloptena macracantha,-18.92,118.0675
2333583,2333583,Dactyloptena macracantha,-19.35083,117.6425
2333583,2333583,Dactyloptena macracantha,-18.83916,118.61584
2333583,2333583,Dactyloptena macracantha,-19.02166,117.8075
2333583,2333583,Dactyloptena macracantha,-19.25583,118.47167
2333583,2333583,Dactyloptena macracantha,-19.01167,118.155
2333583,2333583,Dactyloptena macracantha,-19.46083,117.44
2333583,2333583,Dactyloptena macracantha,-19.11333,117.1225
2333583,2333583,Dactyloptena macracantha,-19.5275,117.01917
2333583,2333583,Dactyloptena macracantha,-19.325,117.21084
2333583,2333583,Dactyloptena macracantha,-19.385,116.71333
2333583,2333583,Dactyloptena macracantha,-20.58833,115.0225
2333583,2333583,Dactyloptena macracantha,-20.21167,116.72084
2333583,2333583,Dactyloptena macracantha,-19.46166,116.68084
2333583,2333583,Dactyloptena macracantha,-19.5775,116.3375
2333583,2333583,Dactyloptena macracantha,-18.80166,118.71167
2333583,2333583,Dactyloptena macracantha,-19.04417,117.81084
2333583,2333583,Dactyloptena macracantha,-18.49083,118.9675
2333583,2333583,Dactyloptena macracantha,-18.72333,118.12917
2333583,2333583,Dactyloptena macracantha,-19.1025,117.63833
2333583,2333583,Dactyloptena macracantha,-19.32666,117.3275
2333583,2333583,Dactyloptena macracantha,-19.43166,117.2775
2333583,2333583,Dactyloptena macracantha,-20.62417,114.8875
2333583,2333583,Dactyloptena macracantha,-20.66583,115.12417
2333583,2333583,Dactyloptena macracantha,-19.23,118.03
2333583,2333583,Dactyloptena macracantha,-18.77166,118.70334
2333583,2333583,Dactyloptena macracantha,-19.36666,117.71417
2333583,2333583,Dactyloptena macracantha,-18.79583,118.6375
2333583,2333583,Dactyloptena macracantha,-18.82333,118.3225
2333583,2333583,Dactyloptena macracantha,-18.59333,118.39584
2333583,2333583,Dactyloptena macracantha,-19.3275,118.13334
2333583,2333583,Dactyloptena macracantha,-19.04416,118.62584
2333583,2333583,Dactyloptena macracantha,-19.24,117.49917
2333583,2333583,Dactyloptena macracantha,-19.56833,117.89917
2333583,2333583,Dactyloptena macracantha,-18.61083,118.55334
2333583,2333583,Dactyloptena macracantha,-19.23583,117.59667
2333583,2333583,Dactyloptena macracantha,-19.51166,117.76667
2333583,2333583,Dactyloptena macracantha,-20.925,115.1475
2333583,2333583,Dactyloptena macracantha,-20.80333,115.17084
2333583,2333583,Dactyloptena macracantha,-20.4425,114.90417
2333583,2333583,Dactyloptena macracantha,-19.01083,118.81334
2333583,2333583,Dactyloptena macracantha,-19.005,118.75834
2333583,2333583,Dactyloptena macracantha,-18.89583,118.69584
2333583,2333583,Dactyloptena macracantha,-18.98,118.18083
2333583,2333583,Dactyloptena macracantha,-18.69333,118.22167
2333583,2333583,Dactyloptena macracantha,-18.94916,118.10667
2333583,2333583,Dactyloptena macracantha,-19.28,118.67167
2333583,2333583,Dactyloptena macracantha,-18.92166,118.79
2333583,2333583,Dactyloptena macracantha,-18.82666,118.53834
2333583,2333583,Dactyloptena macracantha,-19.11833,117.56667
2333583,2333583,Dactyloptena macracantha,-19.17083,117.56083
2333583,2333583,Dactyloptena macracantha,-19.48583,117.34584
2333583,2333583,Dactyloptena macracantha,-19.9525,115.77584
2333583,2333583,Dactyloptena macracantha,-19.99666,115.12834
2333583,2333583,Dactyloptena macracantha,-18.9225,118.03
2333583,2333583,Dactyloptena macracantha,-19.32916,116.92417
2333583,2333583,Dactyloptena macracantha,-19.43333,117.30833
2333583,2333583,Dactyloptena macracantha,-18.80833,117.94083
2333583,2333583,Dactyloptena macracantha,-18.79166,117.85833
2333583,2333583,Dactyloptena macracantha,-19.33833,118.12334
2333583,2333583,Dactyloptena macracantha,-19.3475,117.29834
2333583,2333583,Dactyloptena macracantha,-19.1,118.03417
2333583,2333583,Dactyloptena macracantha,-19.77583,115.79417
2333583,2333583,Dactyloptena macracantha,-19.31416,118.55334
2333583,2333583,Dactyloptena macracantha,-18.67333,118.3625
2333583,2333583,Dactyloptena macracantha,-18.605,118.305
2333583,2333583,Dactyloptena macracantha,-19.1025,118.19167
2333583,2333583,Dactyloptena macracantha,-19.31,117.42334
2333583,2333583,Dactyloptena macracantha,-19.08167,118.04834
2333583,2333583,Dactyloptena macracantha,-19.89916,115.93834
2333583,2333583,Dactyloptena macracantha,-19.65,115.6275
2333583,2333583,Dactyloptena macracantha,-19.1475,117.64167
2333583,2333583,Dactyloptena macracantha,-19.31916,117.54167
2333583,2333583,Dactyloptena macracantha,-19.2925,116.7
2333583,2333583,Dactyloptena macracantha,-19.07833,117.885
2333583,2333583,Dactyloptena macracantha,-19.6675,116.31167
2333583,2333583,Dactyloptena macracantha,-19.44667,116.8575
2333583,2333583,Dactyloptena macracantha,-19.62583,117.09833
2333583,2333583,Dactyloptena macracantha,-19.17917,118.41084
2333583,2333583,Dactyloptena macracantha,-18.80833,118.8625
2333583,2333583,Dactyloptena macracantha,-19.06833,118.00083
2333583,2333583,Dactyloptena macracantha,-19.325,117.72
2333583,2333583,Dactyloptena macracantha,-18.99916,117.99583
2333583,2333583,Dactyloptena macracantha,-19.30083,118.4625
2333583,2333583,Dactyloptena macracantha,-19.07,118.19667
2333583,2333583,Dactyloptena macracantha,-19.1975,118.29334
2333583,2333583,Dactyloptena macracantha,-19.05167,118.195
2333583,2333583,Dactyloptena macracantha,-18.8225,118.61667
2333583,2333583,Dactyloptena macracantha,-19.07583,118.2625
2333583,2333583,Dactyloptena macracantha,-18.97333,118.04917
2333583,2333583,Dactyloptena macracantha,-19.47416,118.255
2333583,2333583,Dactyloptena macracantha,-18.8675,118.64667
2333583,2333583,Dactyloptena macracantha,-18.90916,118.43083
2333583,2333583,Dactyloptena macracantha,-19.89583,116.25
2333583,2333583,Dactyloptena macracantha,-19.32417,116.55667
2333583,2333583,Dactyloptena macracantha,-19.8775,116.1275
2333583,2333583,Dactyloptena macracantha,-19.925,115.77084
2333583,2333583,Dactyloptena macracantha,-19.88,115.815
2333583,2333583,Dactyloptena macracantha,-19.3575,117.22
2333583,2333583,Dactyloptena macracantha,-20.28166,114.99084
2333583,2333583,Dactyloptena macracantha,-19.335,117.51
2333583,2333583,Dactyloptena macracantha,-20.71083,114.90083
2333583,2333583,Dactyloptena macracantha,-19.50916,116.285
2333583,2333583,Dactyloptena macracantha,-19.41416,116.1475
2333583,2333583,Dactyloptena macracantha,-20.86416,115.14584
2333583,2333583,Dactyloptena macracantha,-20.83166,115.19917
2333583,2333583,Dactyloptena macracantha,-20.095,115.14833
2333583,2333583,Dactyloptena macracantha,-19.95417,115.81834
2333583,2333583,Dactyloptena macracantha,-19.84167,115.86917
2333583,2333583,Dactyloptena macracantha,-20.47916,115.0975
2333583,2333583,Dactyloptena macracantha,-19.88,116.02
2333583,2333583,Dactyloptena macracantha,-20.41583,116.02333
2333583,2333583,Dactyloptena macracantha,-18.98333,117.9975
2333583,2333583,Dactyloptena macracantha,-20.435,114.97083
2333583,2333583,Dactyloptena macracantha,-20.66583,115.145
2333583,2333583,Dactyloptena macracantha,-19.87916,115.355
2333583,2333583,Dactyloptena macracantha,-19.85833,115.83667
2333583,2333583,Dactyloptena macracantha,-19.60916,116.17334
2333583,2333583,Dactyloptena macracantha,-19.54583,116.07917
2333583,2333583,Dactyloptena macracantha,-20.92667,115.09417
2333583,2333583,Dactyloptena macracantha,-19.91,115.795
2333583,2333583,Dactyloptena macracantha,-20.03916,116.10167
2333583,2333583,Dactyloptena macracantha,-20.63083,115.7075
2333583,2333583,Dactyloptena macracantha,-19.83416,117.1725
2333583,2333583,Dactyloptena macracantha,-19.28583,117.325
2333583,2333583,Dactyloptena macracantha,-19.42917,117.10334
2333583,2333583,Dactyloptena macracantha,-19.23666,117.50834
2333583,2333583,Dactyloptena macracantha,-19.18333,117.96584
2333583,2333583,Dactyloptena macracantha,-19.67583,117.16084
2333583,2333583,Dactyloptena macracantha,-19.93583,116.4475
2333583,2333583,Dactyloptena macracantha,-19.02166,118.07334
2333583,2333583,Dactyloptena macracantha,-18.96917,118.145
2333583,2333583,Dactyloptena macracantha,-19.3675,116.32
2333583,2333583,Dactyloptena macracantha,-18.82083,117.86167
2333583,2333583,Dactyloptena macracantha,-18.81667,118.035
2333583,2333583,Dactyloptena macracantha,-18.55666,118.89167
2333583,2333583,Dactyloptena macracantha,-18.88833,118.81
2333583,2333583,Dactyloptena macracantha,-19.51917,116.49833
2333583,2333583,Dactyloptena macracantha,-19.42166,116.54417
2333583,2333583,Dactyloptena macracantha,-18.96333,118.4975
2333583,2333583,Dactyloptena macracantha,-20.115,115.03917
2333583,2333583,Dactyloptena macracantha,-19.84416,115.9625
2333583,2333583,Dactyloptena macracantha,-19.56667,116.19584
2333583,2333583,Dactyloptena macracantha,-19.21916,117.89167
2333583,2333583,Dactyloptena macracantha,-19.27167,116.83917
2333583,2333583,Dactyloptena macracantha,-19.79583,116.45584
2333583,2333583,Dactyloptena macracantha,-20.66333,114.89667
2333583,2333583,Dactyloptena macracantha,-19.18333,117.6025
2333583,2333583,Dactyloptena macracantha,-19.25833,117.56584
2333583,2333583,Dactyloptena macracantha,-20.31833,115.05417
2333583,2333583,Dactyloptena macracantha,-20.14,115.57584
2333583,2333583,Dactyloptena macracantha,-19.55833,116.21333
2333583,2333583,Dactyloptena macracantha,-19.405,116.54417
2333583,2333583,Dactyloptena macracantha,-18.7725,118.3325
2333583,2333583,Dactyloptena macracantha,-19.81,116.65917
2333583,2333583,Dactyloptena macracantha,-18.77416,118.61084
2333583,2333583,Dactyloptena macracantha,-19.4475,116.13917
2333583,2333583,Dactyloptena macracantha,-19.56833,115.86667
2333583,2333583,Dactyloptena macracantha,-19.68083,116.015
2333583,2333583,Dactyloptena macracantha,-18.8825,118.08
2333583,2333583,Dactyloptena macracantha,-19.54583,117.545
2333583,2333583,Dactyloptena macracantha,-19.4975,117.585
2333583,2333583,Dactyloptena macracantha,-19.26666,118.10583
2333583,2333583,Dactyloptena macracantha,-19.033,118.5
2333583,2333583,Dactyloptena macracantha,-33.083332,151.69167
2333583,2333583,Dactyloptena macracantha,-20.36166,116.44667
2333583,2333583,Dactyloptena macracantha,-19.77,116.7425
2333583,2333583,Dactyloptena macracantha,-19.17667,117.71167
2333583,2333583,Dactyloptena macracantha,-19.15666,118.13917
2333583,2333583,Dactyloptena macracantha,-19.84166,116.0975
2333583,2333583,Dactyloptena macracantha,-19.96666,116.77167
2333583,2333583,Dactyloptena macracantha,-19.8625,116.87667
2333583,2333583,Dactyloptena macracantha,-19.53833,117.22
2333583,2333583,Dactyloptena macracantha,-19.43667,118.12667
2333583,2333583,Dactyloptena macracantha,-19.33416,118.1225
2333583,2333583,Dactyloptena macracantha,-18.91417,118.1125
2333583,2333583,Dactyloptena macracantha,-19.12333,118.58667
2333583,2333583,Dactyloptena macracantha,-19.1,118.95583
2333583,2333583,Dactyloptena macracantha,-19.2775,118.86584
2333583,2333583,Dactyloptena macracantha,-19.05833,118.78833
2333583,2333583,Dactyloptena macracantha,-19.09,118.85084
2333583,2333583,Dactyloptena macracantha,-19.07166,118.81167
2333583,2333583,Dactyloptena macracantha,-19.07,118.83334
2333583,2333583,Dactyloptena macracantha,-19.97833,117.05667
2333583,2333583,Dactyloptena macracantha,-18.75333,118.61417
2333583,2333583,Dactyloptena macracantha,-19.06166,119.0025
2333583,2333583,Dactyloptena macracantha,-19.07833,118.955
2333583,2333583,Dactyloptena macracantha,-19.06833,119.05167
2333583,2333583,Dactyloptena macracantha,-19.07833,119.015
2333583,2333583,Dactyloptena macracantha,-18.9725,118.69167
2333583,2333583,Dactyloptena macracantha,-18.41,118.92417
2333583,2333583,Dactyloptena macracantha,-19.05167,119.03667
2333583,2333583,Dactyloptena macracantha,-19.09416,118.8775
2333583,2333583,Dactyloptena macracantha,-19.08416,118.80917
2333583,2333583,Dactyloptena macracantha,-19.08416,118.8725
2333583,2333583,Dactyloptena macracantha,-19.07416,118.785
2333583,2333583,Dactyloptena macracantha,-19.05666,118.8175
2333583,2333583,Dactyloptena macracantha,-19.017,119.417
2333583,2333583,Dactyloptena macracantha,-19.18083,118.17834
2333583,2333583,Dactyloptena macracantha,-19.975,116.07083
2333583,2333583,Dactyloptena macracantha,-19.72917,117.98333
2333583,2333583,Dactyloptena macracantha,-19.69917,116.27167
2333583,2333583,Dactyloptena macracantha,-19.54417,116.4575
2333583,2333583,Dactyloptena macracantha,-18.84333,117.68417
2333583,2333583,Dactyloptena macracantha,-20.2025,116.60834
2333583,2333583,Dactyloptena macracantha,-18.76166,118.47584
2333583,2333583,Dactyloptena macracantha,-19.08333,118.59417
2333583,2333583,Dactyloptena macracantha,-18.92083,118.20417
2333583,2333583,Dactyloptena macracantha,-20.01,116.35334
2333583,2333583,Dactyloptena macracantha,-20.13417,116.81334
2333583,2333583,Dactyloptena macracantha,-19.1275,117.76084
2333583,2333583,Dactyloptena macracantha,-19.80333,116.79917
2333583,2333583,Dactyloptena macracantha,-19.95166,117.68834
2333583,2333583,Dactyloptena macracantha,-18.64583,118.055
2333583,2333583,Dactyloptena macracantha,-20.26417,116.77667
2333583,2333583,Dactyloptena macracantha,-19.57166,117.79584
2333583,2333583,Dactyloptena macracantha,-20.2125,117.24417
2333583,2333583,Dactyloptena macracantha,-19.20083,118.80334
2333583,2333583,Dactyloptena macracantha,-19.18667,117.845
2333583,2333583,Dactyloptena macracantha,-19.08666,118.01917
2333583,2333583,Dactyloptena macracantha,-19.3775,118.22667
2333583,2333583,Dactyloptena macracantha,-20.0375,116.9975
2333583,2333583,Dactyloptena macracantha,-20.0575,116.54834
2333583,2333583,Dactyloptena macracantha,-19.62166,116.47
2333583,2333583,Dactyloptena macracantha,-19.545,116.72083
2333583,2333583,Dactyloptena macracantha,-19.2975,117.0075
2333583,2333583,Dactyloptena macracantha,-19.42666,117.56167
2333583,2333583,Dactyloptena macracantha,-19.21833,116.45834
2333583,2333583,Dactyloptena macracantha,-19.41833,116.72417
2333583,2333583,Dactyloptena macracantha,-19.27416,116.70417
2333583,2333583,Dactyloptena macracantha,-19.26667,117.5575
2333583,2333583,Dactyloptena macracantha,-19.06833,118.965
2333583,2333583,Dactyloptena macracantha,-19.105,118.8975
2333583,2333583,Dactyloptena macracantha,-19.04333,119.01584
2333583,2333583,Dactyloptena macracantha,-19.94833,117.9025
2333583,2333583,Dactyloptena macracantha,-19.07083,118.9
2333583,2333583,Dactyloptena macracantha,-19.0725,118.865
2333583,2333583,Dactyloptena macracantha,-19.0825,119.00333
2333583,2333583,Dactyloptena macracantha,-18.75666,118.84417
2333583,2333583,Dactyloptena macracantha,-18.69416,118.87917
2333583,2333583,Dactyloptena macracantha,-19.11,118.6075
2333583,2333583,Dactyloptena macracantha,-19.965,117.70167
2333583,2333583,Dactyloptena macracantha,-19.35333,118.1525
2333583,2333583,Dactyloptena macracantha,-19.17833,118.14417
2333583,2333583,Dactyloptena macracantha,-18.88666,118.45083
2333583,2333583,Dactyloptena macracantha,-19.37666,117.15084
2333583,2333583,Dactyloptena macracantha,-19.19,117.6625
2333583,2333583,Dactyloptena macracantha,-19.71416,116.385
2333583,2333583,Dactyloptena macracantha,-19.97666,117.87334
2333583,2333583,Dactyloptena macracantha,-19.085,118.795
2333583,2333583,Dactyloptena macracantha,-19.0675,119.0525
2333583,2333583,Dactyloptena macracantha,-20.01666,117.02667
2333583,2333583,Dactyloptena macracantha,-19.99416,116.95834
2333583,2333583,Dactyloptena macracantha,-19.08916,118.99667
2333583,2333583,Dactyloptena macracantha,-19.72167,117.95917
2333583,2333583,Dactyloptena macracantha,-19.466667,116.48333
2333583,2333583,Dactyloptena macracantha,-19.01917,117.77834
2333583,2333583,Dactyloptena macracantha,-19.10583,117.6575
2333583,2333583,Dactyloptena macracantha,-18.84916,117.87167
2333583,2333583,Dactyloptena macracantha,-19.51,116.03667
2333583,2333583,Dactyloptena macracantha,-19.8675,116.20833
2333583,2333583,Dactyloptena macracantha,-19.08416,117.875
2333583,2333583,Dactyloptena macracantha,-20.14833,116.18
2333583,2333583,Dactyloptena macracantha,-19.7575,117.24667
2333583,2333583,Dactyloptena macracantha,-18.94166,118.8175
2333583,2333583,Dactyloptena macracantha,-19.07667,117.49584
2333583,2333583,Dactyloptena macracantha,-19.09416,117.50833
2333583,2333583,Dactyloptena macracantha,-19.36416,116.77
2333583,2333583,Dactyloptena macracantha,-19.275,116.6625
2333583,2333583,Dactyloptena macracantha,-19.47917,117.19167
2333583,2333583,Dactyloptena macracantha,-19.5925,117.285
2333583,2333583,Dactyloptena macracantha,-18.60916,118.94333
2333583,2333583,Dactyloptena macracantha,-18.68917,118.3725
2333583,2333583,Dactyloptena macracantha,-19.24333,117.57167
2333583,2333583,Dactyloptena macracantha,-19.6225,116.3775
2333583,2333583,Dactyloptena macracantha,-18.99416,117.81583
2333583,2333583,Dactyloptena macracantha,-19.525,117.22334
2333583,2333583,Dactyloptena macracantha,-19.92083,116.98333
2333583,2333583,Dactyloptena macracantha,-18.9,118.35834
2333583,2333583,Dactyloptena macracantha,-18.55,118.35
2333583,2333583,Dactyloptena macracantha,-18.4,118.5
2333583,2333583,Dactyloptena macracantha,-18.69166,117.95834
2333583,2333583,Dactyloptena macracantha,-18.65833,117.875
2333583,2333583,Dactyloptena macracantha,-19.99166,117.15
2333583,2333583,Dactyloptena macracantha,-19.20833,117.625
2333583,2333583,Dactyloptena macracantha,-20.30833,116.30834
2333583,2333583,Dactyloptena macracantha,-19.28333,117.45834
2333583,2333583,Dactyloptena macracantha,-18.625,118.66667
2333583,2333583,Dactyloptena macracantha,-18.89166,118.45834
2333583,2333583,Dactyloptena macracantha,-19.09166,117.93333
2333583,2333583,Dactyloptena macracantha,-19.14167,117.825
2333583,2333583,Dactyloptena macracantha,-18.725,118.29167
2333583,2333583,Dactyloptena macracantha,-18.73333,118.71667
2333583,2333583,Dactyloptena macracantha,-19.025,118.59167
2333583,2333583,Dactyloptena macracantha,-19.24166,117.71667
2333583,2333583,Dactyloptena macracantha,-19.15833,118.09167
2333583,2333583,Dactyloptena macracantha,-19.91667,116.18334
2333583,2333583,Dactyloptena macracantha,-18.50833,118.60834
2333583,2333583,Dactyloptena macracantha,-18.8,118.51667
2333583,2333583,Dactyloptena macracantha,-19.25833,118.15
2333583,2333583,Dactyloptena macracantha,-19.3675,117.03584
2333583,2333583,Dactyloptena macracantha,-19.5675,117.13417
2333583,2333583,Dactyloptena macracantha,-19.25833,117.19834
2333583,2333583,Dactyloptena macracantha,-19.11833,117.735
2333583,2333583,Dactyloptena macracantha,-18.64083,118.92667
2333583,2333583,Dactyloptena macracantha,-20.17583,117.79917
2333583,2333583,Dactyloptena macracantha,-19.5125,116.4675
2333583,2333583,Dactyloptena macracantha,-18.71083,118.4975
2333583,2333583,Dactyloptena macracantha,-18.80166,118.28
2333583,2333583,Dactyloptena macracantha,-19.50416,117.435
2333583,2333583,Dactyloptena macracantha,-18.83417,118.09584
2333583,2333583,Dactyloptena macracantha,-19.2825,117.925
2333583,2333583,Dactyloptena macracantha,-19.57667,117.39917
2333583,2333583,Dactyloptena macracantha,-19.44583,117.08584
2333583,2333583,Dactyloptena macracantha,-19.47666,117.24917
2333583,2333583,Dactyloptena macracantha,-18.88,118.79584
2333583,2333583,Dactyloptena macracantha,-19.82166,117.56
2333583,2333583,Dactyloptena macracantha,-19.19917,118.115
2333583,2333583,Dactyloptena macracantha,-19.4225,116.665
2333583,2333583,Dactyloptena macracantha,-19.53667,117.22334
2333583,2333583,Dactyloptena macracantha,-19.14333,118.11917
2333583,2333583,Dactyloptena macracantha,-19.03583,118.25667
2333583,2333583,Dactyloptena macracantha,-18.53833,118.51584
2333583,2333583,Dactyloptena macracantha,-18.9725,118.64834
2333583,2333583,Dactyloptena macracantha,-20.35,114.966667
2333583,2333583,Dactyloptena macracantha,-20.35,114.966667
2333583,2333583,Dactyloptena macracantha,-19.566667,116.15
2333583,2333583,Dactyloptena macracantha,-19.666667,116.2
2333583,2333583,Dactyloptena macracantha,-19.65,116.216667
2333583,2333583,Dactyloptena macracantha,-18.666667,119.433333
2333583,2333583,Dactyloptena macracantha,-19.566667,116.15
2333583,2333583,Dactyloptena macracantha,-19.566667,116.15
2333583,2333583,Dactyloptena macracantha,-19.566667,116.15
2333583,2333583,Dactyloptena macracantha,-19.566667,116.15
2333583,2333583,Dactyloptena macracantha,-19.566667,116.15
2333583,2333583,Dactyloptena macracantha,-18.666667,119.433333
2333583,2333583,Dactyloptena macracantha,-19.666667,116.2
2333583,2333583,Dactyloptena macracantha,-19.65,116.216667
2333583,2333583,Dactyloptena macracantha,-23.2,113.43333
