requested_taxonKey,record_taxonKey,species_name,decimalLatitude,decimalLongitude
2333545,2333545,Notopogon lilliei,-38.878167,148.409167
2333545,2333545,Notopogon lilliei,-38.878167,148.409167
2333545,2333545,Notopogon lilliei,-43.77888,146.37075
2333545,2333545,Notopogon lilliei,-43.75224,146.29997
2333545,2333545,Notopogon lilliei,-43.742,146.29279
2333545,2333545,Notopogon lilliei,-43.75714,146.30063
2333545,2333545,Notopogon lilliei,-43.75714,146.30063
2333545,2333545,Notopogon lilliei,-43.75714,146.30063
2333545,2333545,Notopogon lilliei,-43.75714,146.30063
2333545,2333545,Notopogon lilliei,-43.75714,146.30063
2333545,2333545,Notopogon lilliei,-43.76658,146.47756
2333545,2333545,Notopogon lilliei,-43.76658,146.47756
2333545,2333545,Notopogon lilliei,-43.76658,146.47756
2333545,2333545,Notopogon lilliei,-43.75714,146.30063
2333545,2333545,Notopogon lilliei,-43.75224,146.29997
2333545,2333545,Notopogon lilliei,-43.75027,146.36663
2333545,2333545,Notopogon lilliei,-43.72851,146.16093
2333545,2333545,Notopogon lilliei,-43.71432,146.31721
2333545,2333545,Notopogon lilliei,-43.71432,146.31721
2333545,2333545,Notopogon lilliei,-43.71396,146.21357
2333545,2333545,Notopogon lilliei,-43.74899,146.29656
2333545,2333545,Notopogon lilliei,-43.74899,146.29656
2333545,2333545,Notopogon lilliei,-43.74899,146.29656
2333545,2333545,Notopogon lilliei,-43.74899,146.29656
2333545,2333545,Notopogon lilliei,-43.77888,146.37075
2333545,2333545,Notopogon lilliei,-43.74871,146.29328
2333545,2333545,Notopogon lilliei,-43.74899,146.29656
2333545,2333545,Notopogon lilliei,-43.74899,146.29656
2333545,2333545,Notopogon lilliei,-43.74899,146.29656
2333545,2333545,Notopogon lilliei,-43.74899,146.29656
2333545,2333545,Notopogon lilliei,-43.7114,146.22649
2333545,2333545,Notopogon lilliei,-43.77309,146.3717
2333545,2333545,Notopogon lilliei,-43.75714,146.30063
2333545,2333545,Notopogon lilliei,-43.77549,146.3656
2333545,2333545,Notopogon lilliei,-43.76424,146.37394
2333545,2333545,Notopogon lilliei,-43.71278,146.30214
2333545,2333545,Notopogon lilliei,-43.73532,146.29127
2333545,2333545,Notopogon lilliei,-43.71278,146.30214
2333545,2333545,Notopogon lilliei,-43.71278,146.30214
2333545,2333545,Notopogon lilliei,-43.75132,146.29196
2333545,2333545,Notopogon lilliei,-43.76386,146.47646
2333545,2333545,Notopogon lilliei,-43.76087,146.37031
2333545,2333545,Notopogon lilliei,-43.71459,146.23046
2333545,2333545,Notopogon lilliei,-43.74668,146.29234
2333545,2333545,Notopogon lilliei,-43.74668,146.29234
2333545,2333545,Notopogon lilliei,-43.74668,146.29234
2333545,2333545,Notopogon lilliei,-43.75804,146.29926
2333545,2333545,Notopogon lilliei,-43.75027,146.36663
2333545,2333545,Notopogon lilliei,-43.71652,146.31137
2333545,2333545,Notopogon lilliei,-43.71565,146.22462
2333545,2333545,Notopogon lilliei,-43.71066,146.31826
2333545,2333545,Notopogon lilliei,-43.70447,146.30443
2333545,2333545,Notopogon lilliei,-43.74871,146.29328
2333545,2333545,Notopogon lilliei,-43.74871,146.29328
2333545,2333545,Notopogon lilliei,-43.74871,146.29328
2333545,2333545,Notopogon lilliei,-43.74871,146.29328
2333545,2333545,Notopogon lilliei,-43.74871,146.29328
2333545,2333545,Notopogon lilliei,-43.75132,146.29196
2333545,2333545,Notopogon lilliei,-43.73218,146.16006
2333545,2333545,Notopogon lilliei,-43.75132,146.29196
2333545,2333545,Notopogon lilliei,-43.74871,146.29328
2333545,2333545,Notopogon lilliei,-43.74871,146.29328
2333545,2333545,Notopogon lilliei,-43.74871,146.29328
2333545,2333545,Notopogon lilliei,-43.74871,146.29328
2333545,2333545,Notopogon lilliei,-43.75363,146.29618
2333545,2333545,Notopogon lilliei,-43.75224,146.29997
2333545,2333545,Notopogon lilliei,-43.75224,146.29997
2333545,2333545,Notopogon lilliei,-43.75224,146.29997
2333545,2333545,Notopogon lilliei,-43.71498,146.23453
2333545,2333545,Notopogon lilliei,-43.76818,146.3672
2333545,2333545,Notopogon lilliei,-43.76818,146.3672
2333545,2333545,Notopogon lilliei,-43.72851,146.16093
2333545,2333545,Notopogon lilliei,-43.76818,146.3672
2333545,2333545,Notopogon lilliei,-43.76818,146.3672
2333545,2333545,Notopogon lilliei,-43.76818,146.3672
2333545,2333545,Notopogon lilliei,-43.76818,146.3672
2333545,2333545,Notopogon lilliei,-43.76818,146.3672
2333545,2333545,Notopogon lilliei,-43.76818,146.3672
2333545,2333545,Notopogon lilliei,-43.76818,146.3672
2333545,2333545,Notopogon lilliei,-43.76818,146.3672
2333545,2333545,Notopogon lilliei,-43.75706,146.28196
2333545,2333545,Notopogon lilliei,-43.74666,146.29563
2333545,2333545,Notopogon lilliei,-43.75706,146.28196
2333545,2333545,Notopogon lilliei,-43.73532,146.29127
2333545,2333545,Notopogon lilliei,-43.76818,146.3672
2333545,2333545,Notopogon lilliei,-43.742,146.29279
2333545,2333545,Notopogon lilliei,-43.742,146.29279
2333545,2333545,Notopogon lilliei,-43.71652,146.31137
2333545,2333545,Notopogon lilliei,-43.71652,146.31137
2333545,2333545,Notopogon lilliei,-43.70447,146.30443
2333545,2333545,Notopogon lilliei,-43.76386,146.47646
2333545,2333545,Notopogon lilliei,-43.75845,146.27689
2333545,2333545,Notopogon lilliei,-43.75845,146.27689
2333545,2333545,Notopogon lilliei,-43.71432,146.31721
2333545,2333545,Notopogon lilliei,-43.71432,146.31721
2333545,2333545,Notopogon lilliei,-43.75845,146.27689
2333545,2333545,Notopogon lilliei,-43.75363,146.29618
2333545,2333545,Notopogon lilliei,-43.75363,146.29618
2333545,2333545,Notopogon lilliei,-43.75363,146.29618
2333545,2333545,Notopogon lilliei,-43.75363,146.29618
2333545,2333545,Notopogon lilliei,-43.71652,146.31137
2333545,2333545,Notopogon lilliei,-43.71652,146.31137
2333545,2333545,Notopogon lilliei,-43.71652,146.31137
2333545,2333545,Notopogon lilliei,-43.71652,146.31137
2333545,2333545,Notopogon lilliei,-43.71652,146.31137
2333545,2333545,Notopogon lilliei,-43.71002,146.31271
2333545,2333545,Notopogon lilliei,-43.71002,146.31271
2333545,2333545,Notopogon lilliei,-43.71002,146.31271
2333545,2333545,Notopogon lilliei,-43.71498,146.23453
2333545,2333545,Notopogon lilliei,-43.71498,146.23453
2333545,2333545,Notopogon lilliei,-43.71498,146.23453
2333545,2333545,Notopogon lilliei,-43.71432,146.31721
2333545,2333545,Notopogon lilliei,-43.71002,146.31271
2333545,2333545,Notopogon lilliei,-43.76391,146.36876
2333545,2333545,Notopogon lilliei,-43.74871,146.29328
2333545,2333545,Notopogon lilliei,-43.74871,146.29328
2333545,2333545,Notopogon lilliei,-43.74871,146.29328
2333545,2333545,Notopogon lilliei,-43.74871,146.29328
2333545,2333545,Notopogon lilliei,-43.72851,146.16093
2333545,2333545,Notopogon lilliei,-43.71459,146.23046
2333545,2333545,Notopogon lilliei,-43.74871,146.29328
2333545,2333545,Notopogon lilliei,-43.71278,146.30214
2333545,2333545,Notopogon lilliei,-43.71278,146.30214
2333545,2333545,Notopogon lilliei,-43.76402,146.48199
2333545,2333545,Notopogon lilliei,-43.71432,146.31721
2333545,2333545,Notopogon lilliei,-43.71432,146.31721
2333545,2333545,Notopogon lilliei,-43.71432,146.31721
2333545,2333545,Notopogon lilliei,-43.71432,146.31721
2333545,2333545,Notopogon lilliei,-43.71432,146.31721
2333545,2333545,Notopogon lilliei,-43.71432,146.31721
2333545,2333545,Notopogon lilliei,-43.71432,146.31721
2333545,2333545,Notopogon lilliei,-43.71432,146.31721
2333545,2333545,Notopogon lilliei,-43.71432,146.31721
2333545,2333545,Notopogon lilliei,-43.71278,146.30214
2333545,2333545,Notopogon lilliei,-43.71278,146.30214
2333545,2333545,Notopogon lilliei,-43.71278,146.30214
2333545,2333545,Notopogon lilliei,-43.71952,146.27095
2333545,2333545,Notopogon lilliei,-43.71002,146.31271
2333545,2333545,Notopogon lilliei,-43.71002,146.31271
2333545,2333545,Notopogon lilliei,-43.76391,146.36876
2333545,2333545,Notopogon lilliei,-43.74668,146.29234
2333545,2333545,Notopogon lilliei,-43.74668,146.29234
2333545,2333545,Notopogon lilliei,-43.74668,146.29234
2333545,2333545,Notopogon lilliei,-43.71002,146.31271
2333545,2333545,Notopogon lilliei,-43.71002,146.31271
2333545,2333545,Notopogon lilliei,-43.71002,146.31271
2333545,2333545,Notopogon lilliei,-43.71002,146.31271
2333545,2333545,Notopogon lilliei,-43.76391,146.36876
2333545,2333545,Notopogon lilliei,-43.74666,146.29563
2333545,2333545,Notopogon lilliei,-43.71002,146.31271
2333545,2333545,Notopogon lilliei,-43.77309,146.3717
2333545,2333545,Notopogon lilliei,-43.71225,146.23179
2333545,2333545,Notopogon lilliei,-43.71225,146.23179
2333545,2333545,Notopogon lilliei,-43.71225,146.23179
2333545,2333545,Notopogon lilliei,-43.71111,146.29095
2333545,2333545,Notopogon lilliei,-43.71111,146.29095
2333545,2333545,Notopogon lilliei,-43.75363,146.29618
2333545,2333545,Notopogon lilliei,-43.76087,146.37031
2333545,2333545,Notopogon lilliei,-43.71652,146.31137
2333545,2333545,Notopogon lilliei,-43.71652,146.31137
2333545,2333545,Notopogon lilliei,-43.75363,146.29618
2333545,2333545,Notopogon lilliei,-43.77549,146.3656
2333545,2333545,Notopogon lilliei,-43.71111,146.29095
2333545,2333545,Notopogon lilliei,-43.76658,146.47756
2333545,2333545,Notopogon lilliei,-43.76658,146.47756
2333545,2333545,Notopogon lilliei,-43.76658,146.47756
2333545,2333545,Notopogon lilliei,-43.76658,146.47756
2333545,2333545,Notopogon lilliei,-43.76658,146.47756
2333545,2333545,Notopogon lilliei,-43.71432,146.31721
2333545,2333545,Notopogon lilliei,-43.71432,146.31721
2333545,2333545,Notopogon lilliei,-43.76386,146.47646
2333545,2333545,Notopogon lilliei,-43.76386,146.47646
2333545,2333545,Notopogon lilliei,-43.71432,146.31721
2333545,2333545,Notopogon lilliei,-43.71432,146.31721
2333545,2333545,Notopogon lilliei,-43.75363,146.29618
2333545,2333545,Notopogon lilliei,-43.75363,146.29618
2333545,2333545,Notopogon lilliei,-43.75363,146.29618
2333545,2333545,Notopogon lilliei,-43.75804,146.29926
2333545,2333545,Notopogon lilliei,-43.75804,146.29926
2333545,2333545,Notopogon lilliei,-43.75804,146.29926
2333545,2333545,Notopogon lilliei,-43.71396,146.21357
2333545,2333545,Notopogon lilliei,-43.73218,146.16006
2333545,2333545,Notopogon lilliei,-43.73218,146.16006
2333545,2333545,Notopogon lilliei,-43.73218,146.16006
2333545,2333545,Notopogon lilliei,-43.76402,146.48199
2333545,2333545,Notopogon lilliei,-38.99417,148.5225
2333545,2333545,Notopogon lilliei,-43.312,145.543667
2333545,2333545,Notopogon lilliei,-43.312,145.543667
2333545,2333545,Notopogon lilliei,-38.2583,149.312
2333545,2333545,Notopogon lilliei,-42.22,144.77
2333545,2333545,Notopogon lilliei,-40.52,143.45
2333545,2333545,Notopogon lilliei,-43.52,145.92
2333545,2333545,Notopogon lilliei,-43.75,146.02
2333545,2333545,Notopogon lilliei,-43.77,146.02
2333545,2333545,Notopogon lilliei,-34.075,125.74167
2333545,2333545,Notopogon lilliei,-42,143
2333545,2333545,Notopogon lilliei,-43.25,145.42
2333545,2333545,Notopogon lilliei,-43.3,145.52
2333545,2333545,Notopogon lilliei,-40.95,143.82
2333545,2333545,Notopogon lilliei,-41,148.35
2333545,2333545,Notopogon lilliei,-37.6,150.233333
2333545,2333545,Notopogon lilliei,-37.575,150.24167
2333545,2333545,Notopogon lilliei,-37.575,150.24167
2333545,2333545,Notopogon lilliei,-37.55833,150.24167
2333545,2333545,Notopogon lilliei,-37.6,150.233333
2333545,2333545,Notopogon lilliei,-37.65,150.15
2333545,2333545,Notopogon lilliei,-37.65,150.15
2333545,2333545,Notopogon lilliei,-34.01791,132.40875
2333545,2333545,Notopogon lilliei,-33.33444,130.93403
2333545,2333545,Notopogon lilliei,-24.40861,112.29334
2333545,2333545,Notopogon lilliei,-26.07542,112.37598
2333545,2333545,Notopogon lilliei,-24.31069,112.41764
2333545,2333545,Notopogon lilliei,-40.5918,147.15111
2333545,2333545,Notopogon lilliei,-33.25028,127.83417
2333545,2333545,Notopogon lilliei,-33.97569,125.07542
2333545,2333545,Notopogon lilliei,-33.23514,128.25987
2333545,2333545,Notopogon lilliei,-33.28333,128.64264
2333545,2333545,Notopogon lilliei,-33.33472,128.40959
2333545,2333545,Notopogon lilliei,-33.36028,129.11792
2333545,2333545,Notopogon lilliei,-33.30194,128.56722
2333545,2333545,Notopogon lilliei,-33.225,126.42528
2333545,2333545,Notopogon lilliei,-33.31667,128.0425
2333545,2333545,Notopogon lilliei,-33.26806,128.17681
2333545,2333545,Notopogon lilliei,-33.40069,129.79208
2333545,2333545,Notopogon lilliei,-33.26889,126.8675
2333545,2333545,Notopogon lilliei,-42.9168,145.15945
2333545,2333545,Notopogon lilliei,-41.8425,144.79181
2333545,2333545,Notopogon lilliei,-37,149
2333545,2333545,Notopogon lilliei,-37,150
2333545,2333545,Notopogon lilliei,-37,150
2333545,2333545,Notopogon lilliei,-37,150
2333545,2333545,Notopogon lilliei,-39,144
2333545,2333545,Notopogon lilliei,-39.95,148.33333
2333545,2333545,Notopogon lilliei,-40,148
2333545,2333545,Notopogon lilliei,-40,148
2333545,2333545,Notopogon lilliei,-39.65,148.5
2333545,2333545,Notopogon lilliei,-39.65,148.5
2333545,2333545,Notopogon lilliei,-39.666668,148.03334
2333545,2333545,Notopogon lilliei,-39.666668,148.03334
2333545,2333545,Notopogon lilliei,-40.116665,148.58333
2333545,2333545,Notopogon lilliei,-40.116665,148.58333
2333545,2333545,Notopogon lilliei,-38.8,149.26666
2333545,2333545,Notopogon lilliei,-38.8,149.26666
2333545,2333545,Notopogon lilliei,-38.8,149.26666
2333545,2333545,Notopogon lilliei,-38.8,149.26666
2333545,2333545,Notopogon lilliei,-43,147
2333545,2333545,Notopogon lilliei,-43,147
2333545,2333545,Notopogon lilliei,-43,147
2333545,2333545,Notopogon lilliei,-43,147
2333545,2333545,Notopogon lilliei,-43,147
2333545,2333545,Notopogon lilliei,-43,147
2333545,2333545,Notopogon lilliei,-43,147
2333545,2333545,Notopogon lilliei,-43,147
2333545,2333545,Notopogon lilliei,-43,147
2333545,2333545,Notopogon lilliei,-43,147
2333545,2333545,Notopogon lilliei,-43,147
2333545,2333545,Notopogon lilliei,-40.10861,146.241014
2333545,2333545,Notopogon lilliei,-41.318600000000004,148.241001
2333545,2333545,Notopogon lilliei,-42,143
2333545,2333545,Notopogon lilliei,-39.56667,146.5
2333545,2333545,Notopogon lilliei,-38,149
2333545,2333545,Notopogon lilliei,-40,148.33333
2333545,2333545,Notopogon lilliei,-39.916668,148.33333
2333545,2333545,Notopogon lilliei,-39.916668,148.33333
2333545,2333545,Notopogon lilliei,-39.916668,148.33333
