requested_taxonKey,record_taxonKey,species_name,decimalLatitude,decimalLongitude
2333157,2333157,Vanacampus phillipi,-35.139007,138.301827
2333157,2333157,Vanacampus phillipi,-35.149249,138.464244
2333157,2333157,Vanacampus phillipi,-35.149178,138.464913
2333157,2333157,Vanacampus phillipi,-35.149016,138.465411
2333157,2333157,Vanacampus phillipi,-35.149139,138.465433
2333157,2333157,Vanacampus phillipi,-35.148911,138.465608
2333157,2333157,Vanacampus phillipi,-35.14915,138.465337
2333157,2333157,Vanacampus phillipi,-35.149135,138.466595
2333157,2333157,Vanacampus phillipi,-35.149041,138.46579
2333157,2333157,Vanacampus phillipi,-34.495408,137.480992
2333157,2333157,Vanacampus phillipi,-35.149328,138.464877
2333157,2333157,Vanacampus phillipi,-33.92794,137.617314
2333157,2333157,Vanacampus phillipi,-35.149135,138.464759
2333157,2333157,Vanacampus phillipi,-35.149296,138.464375
2333157,2333157,Vanacampus phillipi,-35.148968000000004,138.467076
2333157,2333157,Vanacampus phillipi,-35.149547,138.464394
2333157,2333157,Vanacampus phillipi,-35.148968000000004,138.467076
2333157,2333157,Vanacampus phillipi,-35.149547,138.464394
2333157,2333157,Vanacampus phillipi,-35.149144,138.464716
2333157,2333157,Vanacampus phillipi,-37.864713,144.873405
2333157,2333157,Vanacampus phillipi,-34.076111,137.546111
2333157,2333157,Vanacampus phillipi,-37.883215,147.812624
2333157,2333157,Vanacampus phillipi,-38.358125,144.77314
2333157,2333157,Vanacampus phillipi,-37.866203,144.882066
2333157,2333157,Vanacampus phillipi,-35.149547,138.46418
2333157,2333157,Vanacampus phillipi,-35.523227,138.182496
2333157,2333157,Vanacampus phillipi,-37.927248,144.792852
2333157,2333157,Vanacampus phillipi,-34.68789,138.45773
2333157,2333157,Vanacampus phillipi,-34.67633,138.4527
2333157,2333157,Vanacampus phillipi,-37.5544,149.757
2333157,2333157,Vanacampus phillipi,-35.4397,138.308
2333157,2333157,Vanacampus phillipi,-35.4397,138.308
2333157,2333157,Vanacampus phillipi,-35.4397,138.308
2333157,2333157,Vanacampus phillipi,-35.4397,138.308
2333157,2333157,Vanacampus phillipi,-35.4397,138.308
2333157,2333157,Vanacampus phillipi,-38.356554,144.773596
2333157,2333157,Vanacampus phillipi,-35.084535,137.748999
2333157,2333157,Vanacampus phillipi,-38.1828,144.719
2333157,2333157,Vanacampus phillipi,-38.3586,144.774
2333157,2333157,Vanacampus phillipi,-38.1828,144.719
2333157,2333157,Vanacampus phillipi,-38.275,144.763
2333157,2333157,Vanacampus phillipi,-38.1828,144.719
2333157,2333157,Vanacampus phillipi,-38.1828,144.719
2333157,2333157,Vanacampus phillipi,-38.275,144.763
2333157,2333157,Vanacampus phillipi,-38.3586,144.774
2333157,2333157,Vanacampus phillipi,-38.3586,144.774
2333157,2333157,Vanacampus phillipi,-38.3586,144.774
2333157,2333157,Vanacampus phillipi,-38.3586,144.774
2333157,2333157,Vanacampus phillipi,-38.3586,144.774
2333157,2333157,Vanacampus phillipi,-38.3586,144.774
2333157,2333157,Vanacampus phillipi,-38.3597,144.777
2333157,2333157,Vanacampus phillipi,-38.1828,144.719
2333157,2333157,Vanacampus phillipi,-38.1828,144.719
2333157,2333157,Vanacampus phillipi,-38.1828,144.719
2333157,2333157,Vanacampus phillipi,-38.275,144.763
2333157,2333157,Vanacampus phillipi,-38.2739,144.759
2333157,2333157,Vanacampus phillipi,-38.275,144.763
2333157,2333157,Vanacampus phillipi,-38.1828,144.719
2333157,2333157,Vanacampus phillipi,-38.1828,144.719
2333157,2333157,Vanacampus phillipi,-38.1828,144.719
2333157,2333157,Vanacampus phillipi,-35.444777,138.307
2333157,2333157,Vanacampus phillipi,-38.275,144.763
2333157,2333157,Vanacampus phillipi,-38.1828,144.719
2333157,2333157,Vanacampus phillipi,-38.1828,144.719
2333157,2333157,Vanacampus phillipi,-38.1828,144.719
2333157,2333157,Vanacampus phillipi,-38.1828,144.719
2333157,2333157,Vanacampus phillipi,-38.3586,144.774
2333157,2333157,Vanacampus phillipi,-38.1828,144.719
2333157,2333157,Vanacampus phillipi,-35.445182,138.307509
2333157,2333157,Vanacampus phillipi,-38.2633,144.663
2333157,2333157,Vanacampus phillipi,-35.444876,138.306962
2333157,2333157,Vanacampus phillipi,-38.1828,144.719
2333157,2333157,Vanacampus phillipi,-38.3586,144.774
2333157,2333157,Vanacampus phillipi,-38.275,144.763
2333157,2333157,Vanacampus phillipi,-38.1828,144.719
2333157,2333157,Vanacampus phillipi,-38.275,144.763
2333157,2333157,Vanacampus phillipi,-35.4445,138.306919
2333157,2333157,Vanacampus phillipi,-38.2633,144.663
2333157,2333157,Vanacampus phillipi,-35.445,138.305
2333157,2333157,Vanacampus phillipi,-38.275,144.763
2333157,2333157,Vanacampus phillipi,-38.3572,144.779
2333157,2333157,Vanacampus phillipi,-38.2753,144.762
2333157,2333157,Vanacampus phillipi,-38.2633,144.663
2333157,2333157,Vanacampus phillipi,-35.445,138.305
2333157,2333157,Vanacampus phillipi,-35.815,137.746
2333157,2333157,Vanacampus phillipi,-35.6418,137.639
2333157,2333157,Vanacampus phillipi,-35.6418,137.639
2333157,2333157,Vanacampus phillipi,-35.789,137.777
2333157,10285142,Vanacampus phillipi,-35.64194,137.63943
2333157,2333157,Vanacampus phillipi,-38.12,144.68
2333157,2333157,Vanacampus phillipi,-34.5997,138.407
2333157,2333157,Vanacampus phillipi,-34.5997,138.407
2333157,2333157,Vanacampus phillipi,-34.5997,138.407
2333157,2333157,Vanacampus phillipi,-34.5997,138.407
2333157,2333157,Vanacampus phillipi,-35.0847,137.749
2333157,2333157,Vanacampus phillipi,-34.5997,138.407
2333157,2333157,Vanacampus phillipi,-34.5997,138.407
2333157,2333157,Vanacampus phillipi,-34.5997,138.407
2333157,2333157,Vanacampus phillipi,-38.8056,146.269
2333157,2333157,Vanacampus phillipi,-38.1389,144.712
2333157,2333157,Vanacampus phillipi,-38.1389,144.712
2333157,2333157,Vanacampus phillipi,-34.6058,137.882
2333157,2333157,Vanacampus phillipi,-38.3406,145.217
2333157,2333157,Vanacampus phillipi,-38.3175,145.224
2333157,2333157,Vanacampus phillipi,-32.13,133.48
2333157,2333157,Vanacampus phillipi,-32.13,133.48
2333157,2333157,Vanacampus phillipi,-35.0894,137.749
2333157,2333157,Vanacampus phillipi,-35.0894,137.749
2333157,2333157,Vanacampus phillipi,-35.0894,137.749
2333157,2333157,Vanacampus phillipi,-34.4667,138.35
2333157,2333157,Vanacampus phillipi,-34.9089,137.805
2333157,2333157,Vanacampus phillipi,-34.4344,137.971
2333157,2333157,Vanacampus phillipi,-36.583332,149.98334
2333157,2333157,Vanacampus phillipi,-33.1756,137.8872
2333157,2333157,Vanacampus phillipi,-38.1203,144.693
2333157,2333157,Vanacampus phillipi,-38.1203,144.693
2333157,2333157,Vanacampus phillipi,-38.1203,144.693
2333157,2333157,Vanacampus phillipi,-38.1167,144.36
2333157,2333157,Vanacampus phillipi,-38.1523,144.563
2333157,2333157,Vanacampus phillipi,-38.12,144.65
2333157,2333157,Vanacampus phillipi,-36.0463,150.137
2333157,2333157,Vanacampus phillipi,-34.4947,137.479
2333157,2333157,Vanacampus phillipi,-35.0847,137.749
2333157,2333157,Vanacampus phillipi,-38.1,144.62
2333157,2333157,Vanacampus phillipi,-38.1644,144.475
2333157,2333157,Vanacampus phillipi,-38.12,144.6
2333157,2333157,Vanacampus phillipi,-38.1089,144.629
2333157,2333157,Vanacampus phillipi,-38.12,144.58
2333157,2333157,Vanacampus phillipi,-36.033333,150.13333
2333157,2333157,Vanacampus phillipi,-38.12,144.6
2333157,2333157,Vanacampus phillipi,-38.12,144.6
2333157,2333157,Vanacampus phillipi,-38.12,144.6
2333157,2333157,Vanacampus phillipi,-38.12,144.6
2333157,2333157,Vanacampus phillipi,-38.12,144.6
2333157,2333157,Vanacampus phillipi,-38.1089,144.629
2333157,2333157,Vanacampus phillipi,-38.1089,144.629
2333157,2333157,Vanacampus phillipi,-38.155,144.557
2333157,2333157,Vanacampus phillipi,-38.12,144.58
2333157,2333157,Vanacampus phillipi,-38.12,144.58
2333157,2333157,Vanacampus phillipi,-38.12,144.6
2333157,2333157,Vanacampus phillipi,-38.12,144.6
2333157,2333157,Vanacampus phillipi,-38.12,144.6
2333157,2333157,Vanacampus phillipi,-38.1089,144.629
2333157,2333157,Vanacampus phillipi,-38.1089,144.629
2333157,2333157,Vanacampus phillipi,-38.12,144.6
2333157,2333157,Vanacampus phillipi,-38.12,144.6
2333157,2333157,Vanacampus phillipi,-38.12,144.6
2333157,2333157,Vanacampus phillipi,-38.12,144.6
2333157,2333157,Vanacampus phillipi,-38.12,144.58
2333157,2333157,Vanacampus phillipi,-38.155,144.557
2333157,2333157,Vanacampus phillipi,-38.1642,144.477
2333157,2333157,Vanacampus phillipi,-38.12,144.58
2333157,2333157,Vanacampus phillipi,-38.155,144.557
2333157,2333157,Vanacampus phillipi,-38.1203,144.693
2333157,2333157,Vanacampus phillipi,-38.12,144.58
2333157,2333157,Vanacampus phillipi,-38.12,144.58
2333157,2333157,Vanacampus phillipi,-38.1642,144.477
2333157,2333157,Vanacampus phillipi,-38.1089,144.629
2333157,2333157,Vanacampus phillipi,-36.1,150.13333
2333157,2333157,Vanacampus phillipi,-38.1517,144.563
2333157,2333157,Vanacampus phillipi,-38.1433,144.362
2333157,2333157,Vanacampus phillipi,-38.1089,144.629
2333157,2333157,Vanacampus phillipi,-38.13,144.37
2333157,2333157,Vanacampus phillipi,-38.1511,144.56
2333157,2333157,Vanacampus phillipi,-37.8667,144.963
2333157,2333157,Vanacampus phillipi,-38.3767,145.223
2333157,2333157,Vanacampus phillipi,-38.3517,145.22
2333157,2333157,Vanacampus phillipi,-38.47,145.17
2333157,2333157,Vanacampus phillipi,-38.1167,144.36
2333157,2333157,Vanacampus phillipi,-38.1167,144.36
2333157,2333157,Vanacampus phillipi,-38.1517,144.563
2333157,2333157,Vanacampus phillipi,-38.1517,144.563
2333157,2333157,Vanacampus phillipi,-38.145,144.385
2333157,2333157,Vanacampus phillipi,-38.1017,144.377
2333157,2333157,Vanacampus phillipi,-38.09,144.387
2333157,2333157,Vanacampus phillipi,-38.15,144.57
2333157,2333157,Vanacampus phillipi,-38.15,144.57
2333157,2333157,Vanacampus phillipi,-38.1203,144.693
2333157,2333157,Vanacampus phillipi,-37.77606,149.32559
2333157,2333157,Vanacampus phillipi,-37.77791,149.32337
2333157,2333157,Vanacampus phillipi,-38.1203,144.693
2333157,2333157,Vanacampus phillipi,-37.5804,149.74975
2333157,2333157,Vanacampus phillipi,-35.0853,137.749
2333157,2333157,Vanacampus phillipi,-34.6653,137.879
2333157,2333157,Vanacampus phillipi,-34.7768,137.861
2333157,2333157,Vanacampus phillipi,-34.705,137.877
2333157,2333157,Vanacampus phillipi,-34.9086,137.806
2333157,2333157,Vanacampus phillipi,-34.705,137.877
2333157,2333157,Vanacampus phillipi,-35.0853,137.749
2333157,2333157,Vanacampus phillipi,-34.9111,137.806
2333157,2333157,Vanacampus phillipi,-35.0466,137.729
2333157,2333157,Vanacampus phillipi,-34.5733,137.881
2333157,2333157,Vanacampus phillipi,-34.5733,137.881
2333157,2333157,Vanacampus phillipi,-35.0853,137.749
2333157,2333157,Vanacampus phillipi,-34.9083,137.789
2333157,2333157,Vanacampus phillipi,-35.0466,137.729
2333157,2333157,Vanacampus phillipi,-34.705,137.877
2333157,2333157,Vanacampus phillipi,-35.0466,137.729
2333157,2333157,Vanacampus phillipi,-34.705,137.877
2333157,10285142,Vanacampus phillipi,-34.76667,137.86667
2333157,2333157,Vanacampus phillipi,-38.5203,145.366
2333157,2333157,Vanacampus phillipi,-38.5203,145.366
2333157,2333157,Vanacampus phillipi,-37.58143,149.74413
2333157,2333157,Vanacampus phillipi,-37.55053,149.75544
2333157,2333157,Vanacampus phillipi,-38.53,145.38
2333157,2333157,Vanacampus phillipi,-38.155,144.557
2333157,2333157,Vanacampus phillipi,-38.155,144.557
2333157,2333157,Vanacampus phillipi,-38.16517,144.74733
2333157,2333157,Vanacampus phillipi,-38.1665,144.7495
2333157,2333157,Vanacampus phillipi,-38.53,145.38
2333157,2333157,Vanacampus phillipi,-38.77,146.32
2333157,2333157,Vanacampus phillipi,-38.45,145.28
2333157,2333157,Vanacampus phillipi,-35.05,150.73334
2333157,2333157,Vanacampus phillipi,-35.0249,150.663
2333157,2333157,Vanacampus phillipi,-35,150.75
2333157,2333157,Vanacampus phillipi,-33.22,134.668
2333157,2333157,Vanacampus phillipi,-33.22,134.668
2333157,2333157,Vanacampus phillipi,-33.23,134.668
2333157,2333157,Vanacampus phillipi,-35.0847,137.7494
2333157,2333157,Vanacampus phillipi,-38.27,144.67
2333157,2333157,Vanacampus phillipi,-38.27,144.67
2333157,2333157,Vanacampus phillipi,-35.0847,137.7494
2333157,2333157,Vanacampus phillipi,-36.37,150.07
2333157,2333157,Vanacampus phillipi,-38.27,144.67
2333157,2333157,Vanacampus phillipi,-38.03,144.57
2333157,2333157,Vanacampus phillipi,-38.77,146.32
2333157,2333157,Vanacampus phillipi,-37.8825,147.935
2333157,2333157,Vanacampus phillipi,-37.9044,147.772
2333157,2333157,Vanacampus phillipi,-37.8789,147.947
2333157,2333157,Vanacampus phillipi,-38.37,144.83
2333157,2333157,Vanacampus phillipi,-37.9236,147.713
2333157,2333157,Vanacampus phillipi,-37.9044,147.772
2333157,2333157,Vanacampus phillipi,-37.9044,147.772
2333157,2333157,Vanacampus phillipi,-37.79847,148.5699
2333157,2333157,Vanacampus phillipi,-37.79638,148.52329
2333157,2333157,Vanacampus phillipi,-37.79847,148.5699
2333157,2333157,Vanacampus phillipi,-37.79638,148.52329
2333157,2333157,Vanacampus phillipi,-37.79638,148.52329
2333157,2333157,Vanacampus phillipi,-37.87,148
2333157,2333157,Vanacampus phillipi,-37.87,148
2333157,2333157,Vanacampus phillipi,-37.8786,147.955
2333157,2333157,Vanacampus phillipi,-38.4025,142.509
2333157,2333157,Vanacampus phillipi,-33.25,137.83333
2333157,2333157,Vanacampus phillipi,-33.25,137.83333
2333157,2333157,Vanacampus phillipi,-36.15,150.11667
2333157,2333157,Vanacampus phillipi,-36.15,150.11667
2333157,2333157,Vanacampus phillipi,-36.15,150.11667
2333157,2333157,Vanacampus phillipi,-36.033333,150.13333
2333157,2333157,Vanacampus phillipi,-36.033333,150.13333
2333157,2333157,Vanacampus phillipi,-36.15,150.11667
2333157,2333157,Vanacampus phillipi,-36.15,150.11667
2333157,2333157,Vanacampus phillipi,-38.6125,146.698
2333157,2333157,Vanacampus phillipi,-38.6125,146.698
2333157,2333157,Vanacampus phillipi,-38.6125,146.698
2333157,2333157,Vanacampus phillipi,-38.6125,146.698
2333157,2333157,Vanacampus phillipi,-38.35,145.22
2333157,2333157,Vanacampus phillipi,-38.47,145.3
2333157,2333157,Vanacampus phillipi,-38.595833,146.925
2333157,2333157,Vanacampus phillipi,-33.25,137.83333
2333157,2333157,Vanacampus phillipi,-40.116665,148.01666
2333157,2333157,Vanacampus phillipi,-36.133335,150.13333
2333157,2333157,Vanacampus phillipi,-36.033333,150.13333
2333157,2333157,Vanacampus phillipi,-36.033333,150.13333
2333157,2333157,Vanacampus phillipi,-36.033333,150.13333
2333157,2333157,Vanacampus phillipi,-36.033333,150.13333
2333157,2333157,Vanacampus phillipi,-36.033333,150.13333
2333157,2333157,Vanacampus phillipi,-35.65,136.96666
2333157,2333157,Vanacampus phillipi,-35.783333,137.76666
2333157,2333157,Vanacampus phillipi,-35.783333,137.76666
2333157,2333157,Vanacampus phillipi,-40.75,144.966667
2333157,2333157,Vanacampus phillipi,-36.033333,150.13333
2333157,2333157,Vanacampus phillipi,-36.033333,150.13333
2333157,2333157,Vanacampus phillipi,-36.033333,150.13333
2333157,2333157,Vanacampus phillipi,-36.033333,150.13333
2333157,2333157,Vanacampus phillipi,-36.15,150.11667
2333157,2333157,Vanacampus phillipi,-36.15,150.11667
2333157,2333157,Vanacampus phillipi,-36.033333,150.13333
2333157,2333157,Vanacampus phillipi,-40.75,144.966667
2333157,2333157,Vanacampus phillipi,-37.9,147.95
2333157,2333157,Vanacampus phillipi,-36.033333,150.13333
2333157,2333157,Vanacampus phillipi,-36.1,150.13333
2333157,2333157,Vanacampus phillipi,-36.01667,150.1
2333157,2333157,Vanacampus phillipi,-36.033333,150.13333
2333157,2333157,Vanacampus phillipi,-36.033333,150.13333
2333157,2333157,Vanacampus phillipi,-36.033333,150.13333
2333157,2333157,Vanacampus phillipi,-36.133335,150.11667
2333157,2333157,Vanacampus phillipi,-36.033333,150.13333
2333157,2333157,Vanacampus phillipi,-36.033333,150.13333
2333157,2333157,Vanacampus phillipi,-36.033333,150.13333
2333157,2333157,Vanacampus phillipi,-36.033333,150.13333
2333157,2333157,Vanacampus phillipi,-36.033333,150.13333
2333157,2333157,Vanacampus phillipi,-36.133335,150.11667
2333157,2333157,Vanacampus phillipi,-36.033333,150.13333
2333157,2333157,Vanacampus phillipi,-36.133335,150.11667
2333157,2333157,Vanacampus phillipi,-36.033333,150.13333
2333157,2333157,Vanacampus phillipi,-32.28,133.58
2333157,2333157,Vanacampus phillipi,-36.883335,149.93333
2333157,2333157,Vanacampus phillipi,-36.983334,149.9
2333157,2333157,Vanacampus phillipi,-38.316666,144.71666
2333157,2333157,Vanacampus phillipi,-38.316666,144.71666
2333157,2333157,Vanacampus phillipi,-36.033333,150.13333
2333157,2333157,Vanacampus phillipi,-36.033333,150.13333
2333157,2333157,Vanacampus phillipi,-36.916668,149.91667
2333157,2333157,Vanacampus phillipi,-36.033333,150.13333
2333157,2333157,Vanacampus phillipi,-36.883335,149.93333
2333157,2333157,Vanacampus phillipi,-36.9,149.88333
2333157,2333157,Vanacampus phillipi,-38.35,145.21666
2333157,2333157,Vanacampus phillipi,-39.5,147.33333
2333157,2333157,Vanacampus phillipi,-36.15,150.13333
2333157,2333157,Vanacampus phillipi,-38.23343,144.65828
2333157,2333157,Vanacampus phillipi,-38.23343,144.65828
2333157,2333157,Vanacampus phillipi,-38.23343,144.65828
2333157,2333157,Vanacampus phillipi,-38.23343,144.65828
2333157,2333157,Vanacampus phillipi,-38.23343,144.65828
2333157,2333157,Vanacampus phillipi,-37.55,149.75
2333157,2333157,Vanacampus phillipi,-38.22,144.65
2333157,2333157,Vanacampus phillipi,-38.38,145.27
2333157,2333157,Vanacampus phillipi,-38.27,145.27
2333157,2333157,Vanacampus phillipi,-34.8017,138.36
2333157,2333157,Vanacampus phillipi,-34.73,135.87
2333157,2333157,Vanacampus phillipi,-34.73,135.87
2333157,2333157,Vanacampus phillipi,-41.08541,146.7444
2333157,2333157,Vanacampus phillipi,-41.1,146.78333
2333157,2333157,Vanacampus phillipi,-41.1,146.78333
2333157,2333157,Vanacampus phillipi,-41.33332,148.23333
2333157,2333157,Vanacampus phillipi,-33.17,134.52
2333157,2333157,Vanacampus phillipi,-35.23,137.03
2333157,2333157,Vanacampus phillipi,-35.23,137.03
2333157,2333157,Vanacampus phillipi,-34.9,137.8
2333157,2333157,Vanacampus phillipi,-35,137.77
2333157,2333157,Vanacampus phillipi,-35.05,137.75
2333157,2333157,Vanacampus phillipi,-38.35,145.22
2333157,2333157,Vanacampus phillipi,-35.82,137.78
2333157,2333157,Vanacampus phillipi,-38.45,145.25
2333157,2333157,Vanacampus phillipi,-35.82,137.78
2333157,2333157,Vanacampus phillipi,-35.82,137.78
2333157,2333157,Vanacampus phillipi,-35.82,137.78
2333157,2333157,Vanacampus phillipi,-35.82,137.78
2333157,2333157,Vanacampus phillipi,-37.88,148
2333157,2333157,Vanacampus phillipi,-37.533333,149.783333
2333157,2333157,Vanacampus phillipi,-37.533333,149.783333
2333157,2333157,Vanacampus phillipi,-37.533333,149.783333
2333157,2333157,Vanacampus phillipi,-37.533333,149.783333
2333157,2333157,Vanacampus phillipi,-37.533333,149.783333
2333157,2333157,Vanacampus phillipi,-37.533333,149.783333
2333157,2333157,Vanacampus phillipi,-37.533333,149.783333
2333157,2333157,Vanacampus phillipi,-37.533333,149.783333
2333157,2333157,Vanacampus phillipi,-37.533333,149.783333
2333157,2333157,Vanacampus phillipi,-37.533333,149.783333
2333157,2333157,Vanacampus phillipi,-35.183333,150.383333
2333157,2333157,Vanacampus phillipi,-35.183333,150.383333
2333157,2333157,Vanacampus phillipi,-35.13,137.8
2333157,2333157,Vanacampus phillipi,-34.78,138.48
2333157,2333157,Vanacampus phillipi,-34.55,135.5
2333157,2333157,Vanacampus phillipi,-37.87,144.85
2333157,2333157,Vanacampus phillipi,-37.87,144.85
2333157,2333157,Vanacampus phillipi,-43.25,146.83333
2333157,2333157,Vanacampus phillipi,-38.1,144.88
2333157,2333157,Vanacampus phillipi,-38.25,144.68333
2333157,2333157,Vanacampus phillipi,-35.1667,137.9167
2333157,2333157,Vanacampus phillipi,-35.1667,137.9167
2333157,2333157,Vanacampus phillipi,-38.27,145.28
2333157,2333157,Vanacampus phillipi,-38.266666,144.66667
2333157,2333157,Vanacampus phillipi,-38.27,145.28
2333157,2333157,Vanacampus phillipi,-38.28,145.23
2333157,2333157,Vanacampus phillipi,-37.95,145
2333157,2333157,Vanacampus phillipi,-41.318600000000004,148.241001
2333157,2333157,Vanacampus phillipi,-39.788595,147.860985
2333157,2333157,Vanacampus phillipi,-41.048598,148.280996
2333157,2333157,Vanacampus phillipi,-35,137.77
2333157,2333157,Vanacampus phillipi,-32.1714,133.4614
2333157,2333157,Vanacampus phillipi,-34.5,136.92
2333157,2333157,Vanacampus phillipi,-33.2,138.02
2333157,2333157,Vanacampus phillipi,-33.2,138.02
2333157,2333157,Vanacampus phillipi,-33.2,138.02
2333157,2333157,Vanacampus phillipi,-33.2,138.02
2333157,2333157,Vanacampus phillipi,-33.2,138.02
2333157,2333157,Vanacampus phillipi,-33.2,138.02
2333157,2333157,Vanacampus phillipi,-33.2,138.02
2333157,2333157,Vanacampus phillipi,-32.3,133.83
2333157,2333157,Vanacampus phillipi,-35.58,138.75
2333157,2333157,Vanacampus phillipi,-34.96667,117.35
2333157,2333157,Vanacampus phillipi,-33.61667,115.3
2333157,2333157,Vanacampus phillipi,-31.995833,115.719167
2333157,2333157,Vanacampus phillipi,-35,117.86667
2333157,2333157,Vanacampus phillipi,-34.96667,117.86667
2333157,2333158,Vanacampus phillipi,-38.36308,145.27044
2333157,2333157,Vanacampus phillipi,-38.1,144.88
2333157,2333157,Vanacampus phillipi,-38.1,144.88
2333157,2333157,Vanacampus phillipi,-38.1,144.88
2333157,2333157,Vanacampus phillipi,-38.1,144.88
2333157,2333157,Vanacampus phillipi,-38.77,146.32
2333157,2333157,Vanacampus phillipi,-37.6,149.75
2333157,2333157,Vanacampus phillipi,-37.9131,144.984
2333157,2333157,Vanacampus phillipi,-38.38,145.13
2333157,2333157,Vanacampus phillipi,-38.27,145.28
2333157,2333157,Vanacampus phillipi,-38.12,144.48
2333157,2333157,Vanacampus phillipi,-35.8333,137.7667
2333157,2333157,Vanacampus phillipi,-35.8333,137.7667
2333157,10285142,Vanacampus phillipi,-35.77,137.78
2333157,2333157,Vanacampus phillipi,-35.77,137.78
2333157,2333157,Vanacampus phillipi,-35.8125,137.8
2333157,2333157,Vanacampus phillipi,-35.82,137.78
