requested_taxonKey,record_taxonKey,species_name,decimalLatitude,decimalLongitude
2333554,2333554,Centriscops humerosus,-39.044339,148.5885
2333554,2333554,Centriscops humerosus,-39.044339,148.5885
2333554,2333554,Centriscops humerosus,-38.295526,149.033157
2333554,2333554,Centriscops humerosus,-39.044339,148.5885
2333554,2333554,Centriscops humerosus,-39.044339,148.5885
2333554,2333554,Centriscops humerosus,-39.044339,148.5885
2333554,2333554,Centriscops humerosus,-38.295526,149.033157
2333554,2333554,Centriscops humerosus,-39.044339,148.5885
2333554,2333554,Centriscops humerosus,-38.300278,149.02167
2333554,2333554,Centriscops humerosus,-39.101112,148.64917
2333554,2333554,Centriscops humerosus,-38.300278,149.02167
2333554,2333554,Centriscops humerosus,-39.101112,148.64917
2333554,2333554,Centriscops humerosus,-36.5,150
2333554,2333554,Centriscops humerosus,-37.592,139.433
2333554,2333554,Centriscops humerosus,-37.592,139.433
2333554,2333554,Centriscops humerosus,-37.63222,139.52417
2333554,2333554,Centriscops humerosus,-37.63222,139.52417
2333554,2333554,Centriscops humerosus,-37.63222,139.52417
2333554,2333554,Centriscops humerosus,-37.63222,139.52417
2333554,2333554,Centriscops humerosus,-37.58833,139.43764
2333554,2333554,Centriscops humerosus,-37.63222,139.52417
2333554,2333554,Centriscops humerosus,-37.63222,139.52417
2333554,2333554,Centriscops humerosus,-37.63222,139.52417
2333554,2333554,Centriscops humerosus,-37.63222,139.52417
2333554,2333554,Centriscops humerosus,-38.2011,149.536
2333554,2333554,Centriscops humerosus,-36.217,150.383
2333554,2333554,Centriscops humerosus,-36.417,150.333
2333554,2333554,Centriscops humerosus,-36.183,150.4
2333554,2333554,Centriscops humerosus,-36.65,150.333
2333554,2333554,Centriscops humerosus,-36.2,150.4
2333554,2333554,Centriscops humerosus,-36.3,150.333
2333554,2333554,Centriscops humerosus,-36.2,150.383
2333554,2333554,Centriscops humerosus,-36.433,150.35
2333554,2333554,Centriscops humerosus,-36.433,150.35
2333554,2333554,Centriscops humerosus,-36.433,150.35
2333554,2333554,Centriscops humerosus,-36.433,150.333
2333554,2333554,Centriscops humerosus,-36.483,150.333
2333554,2333554,Centriscops humerosus,-36.667,150.35
2333554,2333554,Centriscops humerosus,-36.667,150.333
2333554,2333554,Centriscops humerosus,-36.417,150.35
2333554,2333554,Centriscops humerosus,-36.417,150.35
2333554,2333554,Centriscops humerosus,-36.417,150.35
2333554,2333554,Centriscops humerosus,-36.2,150.383
2333554,2333554,Centriscops humerosus,-36.2,150.383
2333554,2333554,Centriscops humerosus,-36.217,150.4
2333554,2333554,Centriscops humerosus,-36.2,150.4
2333554,2333554,Centriscops humerosus,-36.2,150.4
2333554,2333554,Centriscops humerosus,-36.417,150.333
2333554,2333554,Centriscops humerosus,-36.417,150.333
2333554,2333554,Centriscops humerosus,-36.417,150.333
2333554,2333554,Centriscops humerosus,-36.417,150.333
2333554,2333554,Centriscops humerosus,-36.2,150.383
2333554,2333554,Centriscops humerosus,-36.517,150.35
2333554,2333554,Centriscops humerosus,-36.5,150.35
2333554,2333554,Centriscops humerosus,-36.467,150.35
2333554,2333554,Centriscops humerosus,-36.417,150.35
2333554,2333554,Centriscops humerosus,-36.45,150.35
2333554,2333554,Centriscops humerosus,-36.433,150.35
2333554,2333554,Centriscops humerosus,-36.417,150.35
2333554,2333554,Centriscops humerosus,-36.683,150.35
2333554,2333554,Centriscops humerosus,-36.417,150.35
2333554,2333554,Centriscops humerosus,-36.7,150.35
2333554,2333554,Centriscops humerosus,-36.217,150.4
2333554,2333554,Centriscops humerosus,-36.2,150.383
2333554,2333554,Centriscops humerosus,-36.5,150.35
2333554,2333554,Centriscops humerosus,-36.417,150.35
2333554,2333554,Centriscops humerosus,-36.217,150.4
2333554,2333554,Centriscops humerosus,-36.2,150.4
2333554,2333554,Centriscops humerosus,-36.183,150.417
2333554,2333554,Centriscops humerosus,-36.2,150.4
2333554,2333554,Centriscops humerosus,-36.233,150.4
2333554,2333554,Centriscops humerosus,-36.25,150.367
2333554,2333554,Centriscops humerosus,-36.217,150.4
2333554,2333554,Centriscops humerosus,-36.433,150.35
2333554,2333554,Centriscops humerosus,-37.641666,150.29167
2333554,2333554,Centriscops humerosus,-37.667,150.267
2333554,2333554,Centriscops humerosus,-37.7,150.283
2333554,2333554,Centriscops humerosus,-37.683,150.233
2333554,2333554,Centriscops humerosus,-37.717,150.233
2333554,2333554,Centriscops humerosus,-37.633,150.3
2333554,2333554,Centriscops humerosus,-37.667,150.25
2333554,2333554,Centriscops humerosus,-37.733,150.25
2333554,2333554,Centriscops humerosus,-37.233,150.367
2333554,2333554,Centriscops humerosus,-37.667,150.283
2333554,2333554,Centriscops humerosus,-37.683,150.283
2333554,2333554,Centriscops humerosus,-37.65,150.267
2333554,2333554,Centriscops humerosus,-37.683,150.283
2333554,2333554,Centriscops humerosus,-37.667,150.267
2333554,2333554,Centriscops humerosus,-37.633,150.3
2333554,2333554,Centriscops humerosus,-37.65,150.267
2333554,2333554,Centriscops humerosus,-35.533,150.75
2333554,2333554,Centriscops humerosus,-35.617,150.7
2333554,2333554,Centriscops humerosus,-35.583,150.733
2333554,2333554,Centriscops humerosus,-35.583,150.733
2333554,2333554,Centriscops humerosus,-33.733,151.883
2333554,2333554,Centriscops humerosus,-33.683,151.917
2333554,2333554,Centriscops humerosus,-33.667,151.95
2333554,2333554,Centriscops humerosus,-33.767,151.867
2333554,2333554,Centriscops humerosus,-33.783,151.967
2333554,2333554,Centriscops humerosus,-33.633,151.95
2333554,2333554,Centriscops humerosus,-33.55,152.05
2333554,2333554,Centriscops humerosus,-33.567,152.017
2333554,2333554,Centriscops humerosus,-33.517,152.05
2333554,2333554,Centriscops humerosus,-37.683,150.267
2333554,2333554,Centriscops humerosus,-37.65,150.25
2333554,2333554,Centriscops humerosus,-37.667,150.283
2333554,2333554,Centriscops humerosus,-37.683,150.25
2333554,2333554,Centriscops humerosus,-37.683,150.267
2333554,2333554,Centriscops humerosus,-37.633,150.233
2333554,2333554,Centriscops humerosus,-37.65,150.25
2333554,2333554,Centriscops humerosus,-37.667,150.267
2333554,2333554,Centriscops humerosus,-37.633,150.283
2333554,2333554,Centriscops humerosus,-35.583,150.733
2333554,2333554,Centriscops humerosus,-35.517,150.783
2333554,2333554,Centriscops humerosus,-35.517,150.783
2333554,2333554,Centriscops humerosus,-35.617,150.7
2333554,2333554,Centriscops humerosus,-35.517,150.783
2333554,2333554,Centriscops humerosus,-35.583,150.733
2333554,2333554,Centriscops humerosus,-35.55,150.767
2333554,2333554,Centriscops humerosus,-35.7,150.65
2333554,2333554,Centriscops humerosus,-35.617,150.717
2333554,2333554,Centriscops humerosus,-33.633,151.95
2333554,2333554,Centriscops humerosus,-33.65,151.967
2333554,2333554,Centriscops humerosus,-33.8,151.817
2333554,2333554,Centriscops humerosus,-33.717,151.9
2333554,2333554,Centriscops humerosus,-33.483,152.1
2333554,2333554,Centriscops humerosus,-33.483,152.1
2333554,2333554,Centriscops humerosus,-33.683,151.95
2333554,2333554,Centriscops humerosus,-33.667,151.933
2333554,2333554,Centriscops humerosus,-33.567,152.033
2333554,2333554,Centriscops humerosus,-33.55,152.033
2333554,2333554,Centriscops humerosus,-33.533,152.033
2333554,2333554,Centriscops humerosus,-37.65,150.267
2333554,2333554,Centriscops humerosus,-37.65,150.283
2333554,2333554,Centriscops humerosus,-37.733,150.233
2333554,2333554,Centriscops humerosus,-37.667,150.267
2333554,2333554,Centriscops humerosus,-37.667,150.283
2333554,2333554,Centriscops humerosus,-37.7,150.233
2333554,2333554,Centriscops humerosus,-37.65,150.267
2333554,2333554,Centriscops humerosus,-37.65,150.283
2333554,2333554,Centriscops humerosus,-37.65,150.3
2333554,2333554,Centriscops humerosus,-35.633,150.65
2333554,2333554,Centriscops humerosus,-35.55,150.75
2333554,2333554,Centriscops humerosus,-35.5,150.8
2333554,2333554,Centriscops humerosus,-35.6,150.733
2333554,2333554,Centriscops humerosus,-35.6,150.7
2333554,2333554,Centriscops humerosus,-35.617,150.733
2333554,2333554,Centriscops humerosus,-35.517,150.783
2333554,2333554,Centriscops humerosus,-35.65,150.667
2333554,2333554,Centriscops humerosus,-38.19166,149.28917
2333554,2333554,Centriscops humerosus,-35.583,150.667
2333554,2333554,Centriscops humerosus,-35.583,150.667
2333554,2333554,Centriscops humerosus,-35.583,150.667
2333554,2333554,Centriscops humerosus,-35.583,150.75
2333554,2333554,Centriscops humerosus,-35.583,150.75
2333554,2333554,Centriscops humerosus,-35.583,150.75
2333554,2333554,Centriscops humerosus,-35.583,150.75
2333554,2333554,Centriscops humerosus,-35.35,150.48334
2333554,2333554,Centriscops humerosus,-36.421667,150.356667
2333554,2333554,Centriscops humerosus,-36.421667,150.356667
2333554,2333554,Centriscops humerosus,-36.4405,150.33167
2333554,2333554,Centriscops humerosus,-36.43917,150.3575
2333554,2333554,Centriscops humerosus,-36.421667,150.356667
2333554,2333554,Centriscops humerosus,-36.421667,150.356667
2333554,2333554,Centriscops humerosus,-28.28,113.29667
2333554,2333554,Centriscops humerosus,-27.365,112.86417
2333554,2333554,Centriscops humerosus,-29.32583,113.95917
2333554,2333554,Centriscops humerosus,-32.02416,115.155
2333554,2333555,Centriscops humerosus,-42.0333,146.65
2333554,2333554,Centriscops humerosus,-33.083,114.583
2333554,2333554,Centriscops humerosus,-32.683,114.783
2333554,2333554,Centriscops humerosus,-29.236667,113.87
2333554,2333554,Centriscops humerosus,-29.236667,113.87
2333554,2333554,Centriscops humerosus,-31.516667,114.883333
2333554,2333554,Centriscops humerosus,-31.516667,114.883333
2333554,2333554,Centriscops humerosus,-38.217,149.75
2333554,2333554,Centriscops humerosus,-31.516667,114.883333
2333554,2333554,Centriscops humerosus,-31.516667,114.883333
2333554,2333554,Centriscops humerosus,-35.23,134.47
2333554,2333554,Centriscops humerosus,-35.033333,115.033333
2333554,2333554,Centriscops humerosus,-35.033333,115.033333
2333554,2333554,Centriscops humerosus,-35.033333,115.033333
2333554,2333554,Centriscops humerosus,-35.033333,115.033333
2333554,2333554,Centriscops humerosus,-35.033333,115.033333
2333554,2333554,Centriscops humerosus,-35.033333,115.033333
2333554,2333554,Centriscops humerosus,-35.033333,115.033333
2333554,2333554,Centriscops humerosus,-35.033333,115.033333
2333554,2333554,Centriscops humerosus,-35.033333,115.033333
2333554,2333554,Centriscops humerosus,-35.033333,115.033333
2333554,2333554,Centriscops humerosus,-35.033333,115.033333
2333554,2333554,Centriscops humerosus,-35.033333,115.033333
2333554,2333554,Centriscops humerosus,-36.925,137.4
2333554,2333554,Centriscops humerosus,-37.56666,139.09167
2333554,2333554,Centriscops humerosus,-37.19166,138.38334
2333554,2333554,Centriscops humerosus,-37.24166,138.625
2333554,2333554,Centriscops humerosus,-37.20833,138.45
2333554,2333554,Centriscops humerosus,-37.25,138.8
2333554,2333554,Centriscops humerosus,-38.825,141.7
2333554,2333554,Centriscops humerosus,-38.88333,141.9
2333554,2333554,Centriscops humerosus,-35.48,117.77
2333554,2333554,Centriscops humerosus,-33.55,127.108
2333554,2333554,Centriscops humerosus,-34.5767,121.547
2333554,2333554,Centriscops humerosus,-34.5733,121.372
2333554,2333554,Centriscops humerosus,-34.533,151.317
2333554,2333554,Centriscops humerosus,-33.417,152.133
2333554,2333554,Centriscops humerosus,-34.883,151.2
2333554,2333554,Centriscops humerosus,-31.867,153.2
2333554,2333554,Centriscops humerosus,-33.466667,152.225
2333554,2333554,Centriscops humerosus,-35.65,150.683
2333554,2333554,Centriscops humerosus,-41.7183,144.305
2333554,2333554,Centriscops humerosus,-40.9867,143.84
2333554,2333554,Centriscops humerosus,-40.97,143.817
2333554,2333554,Centriscops humerosus,-38.1033,150.068
2333554,2333554,Centriscops humerosus,-33.717,151.517
2333554,2333554,Centriscops humerosus,-34.8,151.2
2333554,2333554,Centriscops humerosus,-33.733,151.867
2333554,2333554,Centriscops humerosus,-33.6,151.95
2333554,2333554,Centriscops humerosus,-34.6,151.3
2333554,2333554,Centriscops humerosus,-34.583,151.283
2333554,2333554,Centriscops humerosus,-41.25833,144.13334
2333554,2333554,Centriscops humerosus,-39.025,148.60834
2333554,2333554,Centriscops humerosus,-39.05833,148.675
2333554,2333554,Centriscops humerosus,-38.26666,149.26667
2333554,2333554,Centriscops humerosus,-38.20833,149.775
2333554,2333554,Centriscops humerosus,-40.94167,143.775
2333554,2333554,Centriscops humerosus,-36.483,150.333
2333554,2333554,Centriscops humerosus,-36.45,150.333
2333554,2333554,Centriscops humerosus,-35.65,150.7
2333554,2333554,Centriscops humerosus,-41.59167,144.4
2333554,2333554,Centriscops humerosus,-41,143.825
2333554,2333554,Centriscops humerosus,-41.71666,144.44167
2333554,2333554,Centriscops humerosus,-40.54166,143.44167
2333554,2333554,Centriscops humerosus,-40.75,143.56667
2333554,2333554,Centriscops humerosus,-40.91666,143.75833
2333554,2333554,Centriscops humerosus,-33.583,152.017
2333554,2333554,Centriscops humerosus,-33.683,151.95
2333554,2333554,Centriscops humerosus,-41.29166,144.175
2333554,2333554,Centriscops humerosus,-41.06666,143.89167
2333554,2333554,Centriscops humerosus,-39.065,148.65
2333554,2333554,Centriscops humerosus,-34.667,151.25
2333554,2333554,Centriscops humerosus,-39.03333,148.63334
2333554,2333554,Centriscops humerosus,-37.63333,150.25
2333554,2333554,Centriscops humerosus,-39.29167,148.75
2333554,2333554,Centriscops humerosus,-38,150.075
2333554,2333554,Centriscops humerosus,-37.64167,150.3
2333554,2333554,Centriscops humerosus,-39.325,148.75
2333554,2333554,Centriscops humerosus,-40.93333,143.75833
2333554,2333554,Centriscops humerosus,-38.18333,149.925
2333554,2333554,Centriscops humerosus,-38.175,149.83334
2333554,2333554,Centriscops humerosus,-41.26666,144.15
2333554,2333554,Centriscops humerosus,-39.15,148.675
2333554,2333554,Centriscops humerosus,-41.25,144.13334
2333554,2333554,Centriscops humerosus,-38.125,150
2333554,2333554,Centriscops humerosus,-39.04167,148.66667
2333554,2333554,Centriscops humerosus,-39.05833,148.675
2333554,2333554,Centriscops humerosus,-39.05,148.625
2333554,2333554,Centriscops humerosus,-38.175,149.84167
2333554,2333554,Centriscops humerosus,-38.16666,149.95833
2333554,2333554,Centriscops humerosus,-39.325,148.75833
2333554,2333554,Centriscops humerosus,-39.175,148.68333
2333554,2333554,Centriscops humerosus,-37.725,150.23334
2333554,2333554,Centriscops humerosus,-39.29166,148.75
2333554,2333554,Centriscops humerosus,-34.817,151.183
2333554,2333554,Centriscops humerosus,-34.733,151.217
2333554,2333554,Centriscops humerosus,-40.86666,143.74167
2333554,2333554,Centriscops humerosus,-34.317,151.433
2333554,2333554,Centriscops humerosus,-33.767,151.85
2333554,2333554,Centriscops humerosus,-42.12,144.7
2333554,2333554,Centriscops humerosus,-42.12,144.7
2333554,2333554,Centriscops humerosus,-42.22,144.72
2333554,2333554,Centriscops humerosus,-40.88,141.12
2333554,2333554,Centriscops humerosus,-41.12,143.95
2333554,2333554,Centriscops humerosus,-40.45,143.32
2333554,2333554,Centriscops humerosus,-40.45,143.32
2333554,2333554,Centriscops humerosus,-40.45,143.32
2333554,2333554,Centriscops humerosus,-42.02,144.72
2333554,2333554,Centriscops humerosus,-40.52,143.45
2333554,2333554,Centriscops humerosus,-41.07,144.42
2333554,2333554,Centriscops humerosus,-41.62,144.42
2333554,2333554,Centriscops humerosus,-33.683,151.9
2333554,2333554,Centriscops humerosus,-37.633333,150.233333
2333554,2333554,Centriscops humerosus,-37.633333,150.233333
2333554,2333554,Centriscops humerosus,-40.62,143.47
2333554,2333554,Centriscops humerosus,-37.633333,150.233333
2333554,2333554,Centriscops humerosus,-37.633333,150.233333
2333554,2333554,Centriscops humerosus,-33.567,151.883
2333554,2333554,Centriscops humerosus,-41.77,144.45
2333554,2333554,Centriscops humerosus,-38.067,150.083
2333554,2333554,Centriscops humerosus,-38.05,150.15
2333554,2333554,Centriscops humerosus,-38.033,150.067
2333554,2333554,Centriscops humerosus,-33.7,151.917
2333554,2333554,Centriscops humerosus,-38.167,149.95
2333554,2333554,Centriscops humerosus,-38.05,150.033
2333554,2333554,Centriscops humerosus,-34.767,151.233
2333554,2333554,Centriscops humerosus,-38.083,150.017
2333554,2333554,Centriscops humerosus,-35.583,150.717
2333554,2333554,Centriscops humerosus,-37.983,150.067
2333554,2333554,Centriscops humerosus,-38.1,150.017
2333554,2333554,Centriscops humerosus,-37.683,150.267
2333554,2333554,Centriscops humerosus,-38.133,149.933
2333554,2333554,Centriscops humerosus,-37.7,150.233
2333554,2333554,Centriscops humerosus,-38.2,149.85
2333554,2333554,Centriscops humerosus,-38.15,149.967
2333554,2333554,Centriscops humerosus,-37.733,150.233
2333554,2333554,Centriscops humerosus,-32.2,153.05833
2333554,2333554,Centriscops humerosus,-32.967,152.617
2333554,2333554,Centriscops humerosus,-30.417,153.417
2333554,2333554,Centriscops humerosus,-32.15,153.05
2333554,2333554,Centriscops humerosus,-32.183,153.067
2333554,2333554,Centriscops humerosus,-35.55,150.75
2333554,2333554,Centriscops humerosus,-37.9,139.8
2333554,2333554,Centriscops humerosus,-37.9,139.8
2333554,2333554,Centriscops humerosus,-39.32,148.77
2333554,2333554,Centriscops humerosus,-41.05,145.83332
2333554,2333554,Centriscops humerosus,-33.817,151.833
2333554,2333554,Centriscops humerosus,-38.57,141.07
2333554,2333554,Centriscops humerosus,-38.83,141.77
2333554,2333554,Centriscops humerosus,-39.37,148.77
2333554,2333554,Centriscops humerosus,-38.217,149.767
2333554,2333554,Centriscops humerosus,-38.133,149.983
2333554,2333554,Centriscops humerosus,-38.033,150
2333554,2333554,Centriscops humerosus,-38.133,149.967
2333554,2333554,Centriscops humerosus,-35.517,150.783
2333554,2333554,Centriscops humerosus,-38.033,150.033
2333554,2333554,Centriscops humerosus,-37.75,150.217
2333554,2333554,Centriscops humerosus,-39.27,148.75
2333554,2333554,Centriscops humerosus,-39.35,148.77
2333554,2333554,Centriscops humerosus,-33.483,152.033
2333554,2333554,Centriscops humerosus,-34.317,151.45
2333554,2333554,Centriscops humerosus,-32.967,152.583
2333554,2333554,Centriscops humerosus,-34.917,151.167
2333554,2333554,Centriscops humerosus,-32.983,152.567
2333554,2333554,Centriscops humerosus,-33.633,151.967
2333554,2333554,Centriscops humerosus,-34.833,151.2
2333554,2333554,Centriscops humerosus,-33.683,151.883
2333554,2333554,Centriscops humerosus,-33.433,152.1
2333554,2333554,Centriscops humerosus,-40.8,143.6
2333554,2333554,Centriscops humerosus,-42.22,144.72
2333554,2333554,Centriscops humerosus,-42.32,144.77
2333554,2333554,Centriscops humerosus,-40.52,143.45
2333554,2333554,Centriscops humerosus,-40.07,143.52
2333554,2333554,Centriscops humerosus,-40.8,143.6
2333554,2333554,Centriscops humerosus,-40.95,143.75
2333554,2333554,Centriscops humerosus,-41.07,143.82
2333554,2333554,Centriscops humerosus,-40.8,143.6
2333554,2333554,Centriscops humerosus,-42.2,144.72
2333554,2333554,Centriscops humerosus,-40.07,143.47
2333554,2333554,Centriscops humerosus,-40.72,143.55
2333554,2333554,Centriscops humerosus,-41.02,143.85
2333554,2333554,Centriscops humerosus,-41.02,144.02
2333554,2333554,Centriscops humerosus,-41.32,144.02
2333554,2333554,Centriscops humerosus,-41.22,144.12
2333554,2333554,Centriscops humerosus,-41.32,144.2
2333554,2333554,Centriscops humerosus,-40.52,143.45
2333554,2333554,Centriscops humerosus,-40.92,143.72
2333554,2333554,Centriscops humerosus,-41,143.82
2333554,2333554,Centriscops humerosus,-41.07,143.9
2333554,2333554,Centriscops humerosus,-40.92,143.92
2333554,2333554,Centriscops humerosus,-38.7,141.43
2333554,2333554,Centriscops humerosus,-38.67,141.5
2333554,2333554,Centriscops humerosus,-35.567,150.75
2333554,2333554,Centriscops humerosus,-35.583,150.767
2333554,2333554,Centriscops humerosus,-34.3,151.433
2333554,2333554,Centriscops humerosus,-37.733,150.2
2333554,2333554,Centriscops humerosus,-37.733,150.267
2333554,2333554,Centriscops humerosus,-37.667,150.25
2333554,2333554,Centriscops humerosus,-35.517,150.783
2333554,2333554,Centriscops humerosus,-33.567,152
2333554,2333554,Centriscops humerosus,-33.433,152.117
2333554,2333554,Centriscops humerosus,-34.35,151.4
2333554,2333554,Centriscops humerosus,-33.667,151.917
2333554,2333554,Centriscops humerosus,-32.917,152.633
2333554,2333554,Centriscops humerosus,-32.967,152.6
2333554,2333554,Centriscops humerosus,-35.55,150.767
2333554,2333554,Centriscops humerosus,-34.683,151.25
2333554,2333554,Centriscops humerosus,-34.867,151.183
2333554,2333554,Centriscops humerosus,-33.533,152.033
2333554,2333554,Centriscops humerosus,-35.583,150.733
2333554,2333554,Centriscops humerosus,-33.617,151.95
2333554,2333554,Centriscops humerosus,-33.75,151.867
2333554,2333554,Centriscops humerosus,-34.35,151.417
2333554,2333554,Centriscops humerosus,-37.7,150.283
2333554,2333554,Centriscops humerosus,-37.7,150.267
2333554,2333554,Centriscops humerosus,-35.567,150.767
2333554,2333554,Centriscops humerosus,-33.55,152.033
2333554,2333554,Centriscops humerosus,-33.7,151.85
2333554,2333554,Centriscops humerosus,-38.01833,149.59208
2333554,2333554,Centriscops humerosus,-33.6,151.95
2333554,2333554,Centriscops humerosus,-33.7,151.85
2333554,2333554,Centriscops humerosus,-32.25,153.033
2333554,2333554,Centriscops humerosus,-34.667,151.25
2333554,2333554,Centriscops humerosus,-32.333,152.983
2333554,2333554,Centriscops humerosus,-29.717,153.75
2333554,2333554,Centriscops humerosus,-32.367,152.983
2333554,2333554,Centriscops humerosus,-29.85,153.683
2333554,2333554,Centriscops humerosus,-32.367,152.983
2333554,2333554,Centriscops humerosus,-34.283,151.433
2333554,2333554,Centriscops humerosus,-34.317,151.433
2333554,2333554,Centriscops humerosus,-32.333,152.983
2333554,2333554,Centriscops humerosus,-33.733,151.867
2333554,2333554,Centriscops humerosus,-32.4,153.017
2333554,2333554,Centriscops humerosus,-32.45,152.967
2333554,2333554,Centriscops humerosus,-37.575,150.24167
2333554,2333554,Centriscops humerosus,-34.65,151.25
2333554,2333554,Centriscops humerosus,-35.533,150.767
2333554,2333554,Centriscops humerosus,-35.5,150.8
2333554,2333554,Centriscops humerosus,-32.833,152.7
2333554,2333554,Centriscops humerosus,-34.9,151.217
2333554,2333554,Centriscops humerosus,-37.617,150.283
2333554,2333554,Centriscops humerosus,-37.683,150.267
2333554,2333554,Centriscops humerosus,-37.667,150.267
2333554,2333554,Centriscops humerosus,-37.617,150.3
2333554,2333554,Centriscops humerosus,-37.667,150.283
2333554,2333554,Centriscops humerosus,-37.65,150.283
2333554,2333554,Centriscops humerosus,-37.667,150.267
2333554,2333554,Centriscops humerosus,-37.617,150.283
2333554,2333554,Centriscops humerosus,-38.233,149.8
2333554,2333554,Centriscops humerosus,-38.217,149.8
2333554,2333554,Centriscops humerosus,-40.29236,146.70973
2333554,2333554,Centriscops humerosus,-40.26833,146.77625
2333554,2333554,Centriscops humerosus,-40.29291,146.71737
2333554,2333554,Centriscops humerosus,-33.75,151.833
2333554,2333554,Centriscops humerosus,-35.55,150.783
2333554,2333554,Centriscops humerosus,-35.517,150.8
2333554,2333554,Centriscops humerosus,-35.533,150.783
2333554,2333554,Centriscops humerosus,-35.55,150.75
2333554,2333554,Centriscops humerosus,-35.55,150.75
2333554,2333554,Centriscops humerosus,-35.583,150.733
2333554,2333554,Centriscops humerosus,-35.517,150.767
2333554,2333554,Centriscops humerosus,-35.583,150.733
2333554,2333554,Centriscops humerosus,-35.55,150.75
2333554,2333554,Centriscops humerosus,-35.55,150.733
2333554,2333554,Centriscops humerosus,-35.717,150.617
2333554,2333554,Centriscops humerosus,-35.52,150.77
2333554,2333554,Centriscops humerosus,-33.65,151.9
2333554,2333554,Centriscops humerosus,-33.733,151.85
2333554,2333554,Centriscops humerosus,-33.75,151.85
2333554,2333554,Centriscops humerosus,-33.7,151.85
2333554,2333554,Centriscops humerosus,-33.633,151.933
2333554,2333554,Centriscops humerosus,-33.667,151.9
2333554,2333554,Centriscops humerosus,-33.617,151.95
2333554,2333554,Centriscops humerosus,-33.55,152
2333554,2333554,Centriscops humerosus,-33.467,152.067
2333554,2333554,Centriscops humerosus,-33.5,152.083
2333554,2333554,Centriscops humerosus,-33.633,151.933
2333554,2333554,Centriscops humerosus,-33.5,152.067
2333554,2333554,Centriscops humerosus,-33.667,151.883
2333554,2333554,Centriscops humerosus,-37.717,150.25
2333554,2333554,Centriscops humerosus,-37.767,150.233
2333554,2333554,Centriscops humerosus,-37.65,150.25
2333554,2333554,Centriscops humerosus,-38.2,149.85
2333554,2333554,Centriscops humerosus,-38.067,150.05
2333554,2333554,Centriscops humerosus,-38.167,149.967
2333554,2333554,Centriscops humerosus,-35.75,150.617
2333554,2333554,Centriscops humerosus,-35.55,150.767
2333554,2333554,Centriscops humerosus,-35.767,150.6
2333554,2333554,Centriscops humerosus,-35.533,150.767
2333554,2333554,Centriscops humerosus,-35.617,150.7
2333554,2333554,Centriscops humerosus,-35.667,150.683
2333554,2333554,Centriscops humerosus,-35.583,150.733
2333554,2333554,Centriscops humerosus,-35.55,150.767
2333554,2333554,Centriscops humerosus,-35.533,150.75
2333554,2333554,Centriscops humerosus,-32.333,153
2333554,2333554,Centriscops humerosus,-33.7,151.867
2333554,2333554,Centriscops humerosus,-33.55,152
2333554,2333554,Centriscops humerosus,-33.6,151.95
2333554,2333554,Centriscops humerosus,-33.7,151.883
2333554,2333554,Centriscops humerosus,-33.667,151.917
2333554,2333554,Centriscops humerosus,-33.517,152.05
2333554,2333554,Centriscops humerosus,-33.583,151.967
2333554,2333554,Centriscops humerosus,-33.55,152.033
2333554,2333554,Centriscops humerosus,-33.633,151.967
2333554,2333554,Centriscops humerosus,-33.633,151.983
2333554,2333554,Centriscops humerosus,-33.517,152.033
2333554,2333554,Centriscops humerosus,-37.7,150.233
2333554,2333554,Centriscops humerosus,-37.65,150.283
2333554,2333554,Centriscops humerosus,-37.7,150.267
2333554,2333554,Centriscops humerosus,-37.683,150.267
2333554,2333554,Centriscops humerosus,-37.783,150.233
2333554,2333554,Centriscops humerosus,-37.783,150.217
2333554,2333554,Centriscops humerosus,-37.683,150.283
2333554,2333554,Centriscops humerosus,-34.717,151.233
2333554,2333554,Centriscops humerosus,-35.55,150.767
2333554,2333554,Centriscops humerosus,-37.733,150.283
2333554,2333554,Centriscops humerosus,-37.683,150.283
2333554,2333554,Centriscops humerosus,-33.717,151.817
2333554,2333554,Centriscops humerosus,-37.683,150.3
2333554,2333554,Centriscops humerosus,-34.967,151.117
2333554,2333554,Centriscops humerosus,-34.917,151.15
2333554,2333554,Centriscops humerosus,-35.55,150.767
2333554,2333554,Centriscops humerosus,-33.017,152.55
2333554,2333554,Centriscops humerosus,-33.483334,127.25
2333554,2333554,Centriscops humerosus,-33.717,151.867
2333554,2333554,Centriscops humerosus,-33.767,151.833
2333554,2333554,Centriscops humerosus,-33.65,151.917
2333554,2333554,Centriscops humerosus,-33.775,151.85834
2333554,2333554,Centriscops humerosus,-33.767,151.8
2333554,2333554,Centriscops humerosus,-33.717,151.85
2333554,2333554,Centriscops humerosus,-33.667,151.883
2333554,2333554,Centriscops humerosus,-33.75,151.85
2333554,2333554,Centriscops humerosus,-33.75,151.8
2333554,2333554,Centriscops humerosus,-33.667,151.9
2333554,2333554,Centriscops humerosus,-33.5,151.967
2333554,2333554,Centriscops humerosus,-33.5,152.067
2333554,2333554,Centriscops humerosus,-33.667,151.883
2333554,2333554,Centriscops humerosus,-33.5,152.05
2333554,2333554,Centriscops humerosus,-33.733,151.867
2333554,2333554,Centriscops humerosus,-35.55,150.75
2333554,2333554,Centriscops humerosus,-34.333,151.417
2333554,2333554,Centriscops humerosus,-35.517,150.767
2333554,2333554,Centriscops humerosus,-35.533,150.767
2333554,2333554,Centriscops humerosus,-33.633,151.917
2333554,2333554,Centriscops humerosus,-35.55,150.767
2333554,2333554,Centriscops humerosus,-33.533,152
2333554,2333554,Centriscops humerosus,-35.533,150.75
2333554,2333554,Centriscops humerosus,-35.533,150.75
2333554,2333554,Centriscops humerosus,-35.5,150.8
2333554,2333554,Centriscops humerosus,-35.533,150.783
2333554,2333554,Centriscops humerosus,-35.5,150.8
2333554,2333554,Centriscops humerosus,-33.45,152.083
2333554,2333554,Centriscops humerosus,-33.583,152
2333554,2333554,Centriscops humerosus,-33.433,152.15
2333554,2333554,Centriscops humerosus,-33.45,152.1
2333554,2333554,Centriscops humerosus,-33.467,152.117
2333554,2333554,Centriscops humerosus,-33.533,152.05
2333554,2333554,Centriscops humerosus,-33.633,151.933
2333554,2333554,Centriscops humerosus,-33.583,151.967
2333554,2333554,Centriscops humerosus,-33.45,152.15
2333554,2333554,Centriscops humerosus,-33.7,151.85
2333554,2333554,Centriscops humerosus,-33.517,152.083
2333554,2333554,Centriscops humerosus,-33.617,152
2333554,2333554,Centriscops humerosus,-33.55,151.983
2333554,2333554,Centriscops humerosus,-35.7,150.65
2333554,2333554,Centriscops humerosus,-35.55,150.733
2333554,2333554,Centriscops humerosus,-35.717,150.65
2333554,2333554,Centriscops humerosus,-35.567,150.733
2333554,2333554,Centriscops humerosus,-35.567,150.75
2333554,2333554,Centriscops humerosus,-35.533,150.767
2333554,2333554,Centriscops humerosus,-33.483,152.05
2333554,2333554,Centriscops humerosus,-35.783,150.6
2333554,2333554,Centriscops humerosus,-35.55,150.733
2333554,2333554,Centriscops humerosus,-35.55,150.75
2333554,2333554,Centriscops humerosus,-33.667,151.883
2333554,2333554,Centriscops humerosus,-35.7,150.65
2333554,2333554,Centriscops humerosus,-35.583,150.733
2333554,2333554,Centriscops humerosus,-33.55,152
2333554,2333554,Centriscops humerosus,-33.066666,152.475
2333554,2333554,Centriscops humerosus,-33.458332,152.08333
2333554,2333554,Centriscops humerosus,-33.458332,152.08333
2333554,2333554,Centriscops humerosus,-33.458332,152.08333
2333554,2333554,Centriscops humerosus,-33.458332,152.08333
2333554,2333554,Centriscops humerosus,-33.458332,152.08333
2333554,2333554,Centriscops humerosus,-33.458332,152.08333
2333554,2333554,Centriscops humerosus,-33.458332,152.08333
2333554,2333554,Centriscops humerosus,-33.458332,152.08333
2333554,2333554,Centriscops humerosus,-33.583332,152.03334
2333554,2333554,Centriscops humerosus,-31.8,153.2
2333554,2333554,Centriscops humerosus,-32.98333,133.70903
2333554,2333554,Centriscops humerosus,-34.08333,132.9257
2333554,2333554,Centriscops humerosus,-33.833332,151.25
2333554,2333554,Centriscops humerosus,-33.7,151.83333
2333554,2333554,Centriscops humerosus,-33.7,151.83333
2333554,2333554,Centriscops humerosus,-33.7,151.83333
2333554,2333554,Centriscops humerosus,-33.766666,151.86667
2333554,2333554,Centriscops humerosus,-33.31028,129.63458
2333554,2333554,Centriscops humerosus,-33.25083,127.61764
2333554,2333554,Centriscops humerosus,-33.28361,130.21848
2333554,2333554,Centriscops humerosus,-33.16694,130.05959
2333554,2333554,Centriscops humerosus,-33.3343,128.48403
2333554,2333554,Centriscops humerosus,-33.31722,128.70153
2333554,2333554,Centriscops humerosus,-33.31736,129.88334
2333554,2333554,Centriscops humerosus,-33.25902,129.85
2333554,2333554,Centriscops humerosus,-33.32597,129.53403
2333554,2333554,Centriscops humerosus,-35.45152,134.95125
2333554,2333554,Centriscops humerosus,-33.73333,130.99167
2333554,2333554,Centriscops humerosus,-33.36667,128.14167
2333554,2333554,Centriscops humerosus,-33.3518,127.99209
2333554,2333554,Centriscops humerosus,-33.43444,131.29306
2333554,2333554,Centriscops humerosus,-33.35125,128.11014
2333554,2333554,Centriscops humerosus,-33.73333,131.975
2333554,2333554,Centriscops humerosus,-33.35097,128.5675
2333554,2333554,Centriscops humerosus,-33.31667,129.25
2333554,2333554,Centriscops humerosus,-33.30902,129.31806
2333554,2333554,Centriscops humerosus,-33.33402,128.16736
2333554,2333554,Centriscops humerosus,-33.33333,127.31806
2333554,2333554,Centriscops humerosus,-33.33458,129.2507
2333554,2333554,Centriscops humerosus,-33.385,129.08459
2333554,2333554,Centriscops humerosus,-36.60833,136.275
2333554,2333554,Centriscops humerosus,-38.81764,148.42653
2333554,2333554,Centriscops humerosus,-33.833332,151.33333
2333554,2333554,Centriscops humerosus,-33.833332,151.33333
2333554,2333555,Centriscops humerosus,-38.166667,149.916667
2333554,2333554,Centriscops humerosus,-37,149
2333554,2333554,Centriscops humerosus,-38,150
2333554,2333554,Centriscops humerosus,-38,150
2333554,2333554,Centriscops humerosus,-38,150
2333554,2333554,Centriscops humerosus,-38,150
2333554,2333554,Centriscops humerosus,-38,150
2333554,2333554,Centriscops humerosus,-38,150
2333554,2333554,Centriscops humerosus,-32,129.46666
2333554,2333554,Centriscops humerosus,-32,129.46666
2333554,2333554,Centriscops humerosus,-32,129.46666
2333554,2333554,Centriscops humerosus,-32,126.75
2333554,2333554,Centriscops humerosus,-32,126.75
2333554,2333554,Centriscops humerosus,-32,126.75
2333554,2333554,Centriscops humerosus,-32,126.75
2333554,2333554,Centriscops humerosus,-32,126.75
2333554,2333554,Centriscops humerosus,-33,128
2333554,2333554,Centriscops humerosus,-32,126.75
2333554,2333554,Centriscops humerosus,-33.5,126.5
2333554,2333554,Centriscops humerosus,-33.5,126.5
2333554,2333554,Centriscops humerosus,-40.998597,148.350994
2333554,2333554,Centriscops humerosus,-41.418631,144.741056
2333554,2333554,Centriscops humerosus,-40.6167,143.5
2333554,2333554,Centriscops humerosus,-41.4264,144.3258
2333554,2333554,Centriscops humerosus,-29.66667,114.21667
2333554,2333554,Centriscops humerosus,-32.25,126.75
2333554,2333554,Centriscops humerosus,-32.5,126.75
2333554,2333554,Centriscops humerosus,-32.5,126.75
2333554,2333554,Centriscops humerosus,-32.5,126.75
2333554,2333554,Centriscops humerosus,-32.5,126.75
2333554,2333554,Centriscops humerosus,-38,149
2333554,2333554,Centriscops humerosus,-38,149
2333554,2333554,Centriscops humerosus,-38,149
2333554,2333554,Centriscops humerosus,-38,149
2333554,2333554,Centriscops humerosus,-38,149
2333554,2333554,Centriscops humerosus,-38,149
2333554,2333554,Centriscops humerosus,-38,149
2333554,2333554,Centriscops humerosus,-37.875,139.783
2333554,2333554,Centriscops humerosus,-37.21667,150.08333
2333554,2333554,Centriscops humerosus,-37.6325,139.52917
2333554,2333554,Centriscops humerosus,-37.6325,139.52917
2333554,2333554,Centriscops humerosus,-37.6325,139.52917
2333554,2333554,Centriscops humerosus,-37.6325,139.52917
2333554,2333554,Centriscops humerosus,-37.6325,139.52917
