requested_taxonKey,record_taxonKey,species_name,decimalLatitude,decimalLongitude
2333592,2333592,Dactyloptena orientalis,-33.593117,151.324508
2333592,2333592,Dactyloptena orientalis,-33.839499000000004,151.253811
2333592,2333592,Dactyloptena orientalis,-33.085892,151.63999
2333592,2333592,Dactyloptena orientalis,-34.344133,150.923095
2333592,2333592,Dactyloptena orientalis,-27.940951,153.421102
2333592,2333592,Dactyloptena orientalis,-33.800208,151.296834
2333592,2333592,Dactyloptena orientalis,-33.839779,151.254171
2333592,2333592,Dactyloptena orientalis,-33.839596,151.253697
2333592,2333592,Dactyloptena orientalis,-33.83986,151.253351
2333592,2333592,Dactyloptena orientalis,-33.839307,151.278377
2333592,2333592,Dactyloptena orientalis,-33.840057,151.253425
2333592,2333592,Dactyloptena orientalis,-33.839807,151.253092
2333592,2333592,Dactyloptena orientalis,-33.839899,151.253381
2333592,2333592,Dactyloptena orientalis,-33.839883,151.253897
2333592,2333592,Dactyloptena orientalis,-33.839857,151.253823
2333592,2333592,Dactyloptena orientalis,-33.839633,151.253854
2333592,2333592,Dactyloptena orientalis,-33.839765,151.253925
2333592,2333592,Dactyloptena orientalis,-32.715867,152.143472
2333592,2333592,Dactyloptena orientalis,-28.187059,153.540465
2333592,2333592,Dactyloptena orientalis,-22.959169,113.636942
2333592,2333592,Dactyloptena orientalis,-21.818147,114.195237
2333592,2333592,Dactyloptena orientalis,-31.622,152.835
2333592,2333592,Dactyloptena orientalis,-32.713139,152.157168
2333592,2333592,Dactyloptena orientalis,-33.839779,151.25351
2333592,2333592,Dactyloptena orientalis,-33.840041,151.253381
2333592,2333592,Dactyloptena orientalis,-32.771616,152.119167
2333592,2333592,Dactyloptena orientalis,-19.866333,116.142
2333592,10298760,Dactyloptena orientalis,-19.8855,116.11783
2333592,10298760,Dactyloptena orientalis,-20.0085,116.60284
2333592,2333592,Dactyloptena orientalis,-19.988,116.620333
2333592,2333592,Dactyloptena orientalis,-19.8582,116.1527
2333592,2333592,Dactyloptena orientalis,-19.988,116.620333
2333592,2333592,Dactyloptena orientalis,-19.866333,116.142
2333592,2333592,Dactyloptena orientalis,-20.337667,116.117833
2333592,2333592,Dactyloptena orientalis,-20.3278,116.1238
2333592,2333592,Dactyloptena orientalis,-20.337667,116.117833
2333592,2333592,Dactyloptena orientalis,-22,114
2333592,2333592,Dactyloptena orientalis,-32.715,152.151111
2333592,2333592,Dactyloptena orientalis,-34,151.5
2333592,2333592,Dactyloptena orientalis,-36.888512,149.919098
2333592,2333592,Dactyloptena orientalis,-27.9707,153.4275
2333592,2333592,Dactyloptena orientalis,-27.9707,153.4275
2333592,2333592,Dactyloptena orientalis,-37,150
2333592,2333592,Dactyloptena orientalis,-27.9707,153.4275
2333592,2333592,Dactyloptena orientalis,-33.839343,151.278541
2333592,2333592,Dactyloptena orientalis,-27.9707,153.4275
2333592,2333592,Dactyloptena orientalis,-27.9707,153.4275
2333592,2333592,Dactyloptena orientalis,-32.715,152.151111
2333592,2333592,Dactyloptena orientalis,-32.5,152
2333592,2333592,Dactyloptena orientalis,-32.754444,152.47166000000001
2333592,2333592,Dactyloptena orientalis,-29.316667,153.4
2333592,2333592,Dactyloptena orientalis,-29.55,153.4
2333592,2333592,Dactyloptena orientalis,-29.633,153.4
2333592,2333592,Dactyloptena orientalis,-29.4,153.583
2333592,2333592,Dactyloptena orientalis,-29.383,153.383
2333592,2333592,Dactyloptena orientalis,-29.35,153.4
2333592,2333592,Dactyloptena orientalis,-29.383,153.383
2333592,2333592,Dactyloptena orientalis,-29.383,153.4
2333592,2333592,Dactyloptena orientalis,-29.317,153.4
2333592,2333592,Dactyloptena orientalis,-29.3,153.4
2333592,10298760,Dactyloptena orientalis,-29.4,153.383
2333592,10298760,Dactyloptena orientalis,-29.633,153.383
2333592,10298760,Dactyloptena orientalis,-29.4,153.383
2333592,2333592,Dactyloptena orientalis,-29.383333,153.383333
2333592,2333592,Dactyloptena orientalis,-29.383333,153.383333
2333592,2333592,Dactyloptena orientalis,-29.383333,153.383333
2333592,2333592,Dactyloptena orientalis,-29.65,153.35
2333592,2333592,Dactyloptena orientalis,-29.65,153.383333
2333592,2333592,Dactyloptena orientalis,-29.383333,153.6
2333592,2333592,Dactyloptena orientalis,-29.383333,153.383333
2333592,2333592,Dactyloptena orientalis,-29.383333,153.383333
2333592,2333592,Dactyloptena orientalis,-29.383333,153.383333
2333592,2333592,Dactyloptena orientalis,-29.65,153.35
2333592,2333592,Dactyloptena orientalis,-29.65,153.383333
2333592,2333592,Dactyloptena orientalis,-29.316667,153.4
2333592,2333592,Dactyloptena orientalis,-29.383333,153.6
2333592,2333592,Dactyloptena orientalis,-29.308332,153.40834
2333592,2333592,Dactyloptena orientalis,-29.558332,153.40834
2333592,2333592,Dactyloptena orientalis,-25.333333,113.5
2333592,2333592,Dactyloptena orientalis,-25.333333,113.5
2333592,2333592,Dactyloptena orientalis,-33.95,151.44333
2333592,2333592,Dactyloptena orientalis,-32.183334,152.51666
2333592,2333592,Dactyloptena orientalis,-33.05,151.983
2333592,2333592,Dactyloptena orientalis,-33.091667,151.91667
2333592,2333592,Dactyloptena orientalis,-32.167,152.6
2333592,2333592,Dactyloptena orientalis,-28.4,153.667
2333592,2333592,Dactyloptena orientalis,-19.94833,116.59334
2333592,2333592,Dactyloptena orientalis,-19.28583,118.18
2333592,2333592,Dactyloptena orientalis,-28.4,153.667
2333592,2333592,Dactyloptena orientalis,-28.4,153.667
2333592,2333592,Dactyloptena orientalis,-32.867,151.85
2333592,2333592,Dactyloptena orientalis,-28.375,153.675
2333592,2333592,Dactyloptena orientalis,-28.4,153.667
2333592,2333592,Dactyloptena orientalis,-20.6225,114.85333
2333592,2333592,Dactyloptena orientalis,-19.79916,116.555
2333592,2333592,Dactyloptena orientalis,-20.60333,115.72917
2333592,2333592,Dactyloptena orientalis,-32.85,151.883
2333592,2333592,Dactyloptena orientalis,-32.85,151.883
2333592,2333592,Dactyloptena orientalis,-19.43666,117.155
2333592,2333592,Dactyloptena orientalis,-19.385,117.11667
2333592,2333592,Dactyloptena orientalis,-19.1775,117.89417
2333592,2333592,Dactyloptena orientalis,-19.68166,117.01583
2333592,2333592,Dactyloptena orientalis,-19.29083,116.80084
2333592,2333592,Dactyloptena orientalis,-19.51166,117.76667
2333592,2333592,Dactyloptena orientalis,-19.75833,117.48167
2333592,2333592,Dactyloptena orientalis,-20.1625,117.10084
2333592,2333592,Dactyloptena orientalis,-20.5575,116.13333
2333592,2333592,Dactyloptena orientalis,-20.24,117.355
2333592,2333592,Dactyloptena orientalis,-19.58583,117.82334
2333592,2333592,Dactyloptena orientalis,-19.50833,117.96417
2333592,2333592,Dactyloptena orientalis,-20.37666,116.43417
2333592,2333592,Dactyloptena orientalis,-19.445,117.49667
2333592,2333592,Dactyloptena orientalis,-19.64417,116.55333
2333592,2333592,Dactyloptena orientalis,-19.9425,115.895
2333592,2333592,Dactyloptena orientalis,-19.31333,118.10917
2333592,2333592,Dactyloptena orientalis,-33.8,151.28334
2333592,2333592,Dactyloptena orientalis,-19.49416,116.71
2333592,2333592,Dactyloptena orientalis,-19.51833,116.65584
2333592,2333592,Dactyloptena orientalis,-19.69333,116.75334
2333592,2333592,Dactyloptena orientalis,-19.68667,116.55417
2333592,2333592,Dactyloptena orientalis,-19.56166,116.85417
2333592,2333592,Dactyloptena orientalis,-19.79333,116.55667
2333592,2333592,Dactyloptena orientalis,-19.95666,117.96917
2333592,2333592,Dactyloptena orientalis,-20.19083,117.365
2333592,2333592,Dactyloptena orientalis,-20.38666,116.3375
2333592,2333592,Dactyloptena orientalis,-18.97333,118.04917
2333592,2333592,Dactyloptena orientalis,-19.06833,118.00083
2333592,2333592,Dactyloptena orientalis,-20.23083,116.79417
2333592,2333592,Dactyloptena orientalis,-18.8675,118.64667
2333592,2333592,Dactyloptena orientalis,-18.61833,118.32834
2333592,2333592,Dactyloptena orientalis,-20.02833,116.38
2333592,2333592,Dactyloptena orientalis,-19.32417,116.55667
2333592,2333592,Dactyloptena orientalis,-19.94833,115.6025
2333592,2333592,Dactyloptena orientalis,-18.7625,117.96833
2333592,2333592,Dactyloptena orientalis,-20.66333,115.7225
2333592,2333592,Dactyloptena orientalis,-29.025,153.6
2333592,2333592,Dactyloptena orientalis,-29.333,153.483
2333592,2333592,Dactyloptena orientalis,-29.017,153.6
2333592,2333592,Dactyloptena orientalis,-29.517,153.467
2333592,2333592,Dactyloptena orientalis,-29.508333,153.45833
2333592,2333592,Dactyloptena orientalis,-20.067,116.617
2333592,2333592,Dactyloptena orientalis,-18.8825,118.08
2333592,2333592,Dactyloptena orientalis,-19.2,118.683
2333592,2333592,Dactyloptena orientalis,-19.91416,117.87
2333592,2333592,Dactyloptena orientalis,-20.34666,117.3525
2333592,2333592,Dactyloptena orientalis,-19.35333,118.1525
2333592,2333592,Dactyloptena orientalis,-19.4,117.93417
2333592,2333592,Dactyloptena orientalis,-20.32666,117.22417
2333592,2333592,Dactyloptena orientalis,-19.83,117.7625
2333592,2333592,Dactyloptena orientalis,-19.11,118.6075
2333592,2333592,Dactyloptena orientalis,-19.3775,118.22667
2333592,2333592,Dactyloptena orientalis,-20.1575,116.80417
2333592,2333592,Dactyloptena orientalis,-20.06917,116.80334
2333592,2333592,Dactyloptena orientalis,-20.325,117.17584
2333592,2333592,Dactyloptena orientalis,-19.82833,116.615
2333592,2333592,Dactyloptena orientalis,-19.925,116.9575
2333592,2333592,Dactyloptena orientalis,-19.88333,118.2675
2333592,2333592,Dactyloptena orientalis,-19.7575,117.24667
2333592,2333592,Dactyloptena orientalis,-19.24333,117.57167
2333592,2333592,Dactyloptena orientalis,-19.92083,116.98333
2333592,2333592,Dactyloptena orientalis,-20.19166,117.97333
2333592,2333592,Dactyloptena orientalis,-20.48,116.1675
2333592,2333592,Dactyloptena orientalis,-19.155,118.091667
2333592,2333592,Dactyloptena orientalis,-20.05,118.266667
2333592,2333592,Dactyloptena orientalis,-19.155,118.091667
2333592,2333592,Dactyloptena orientalis,-20.05,118.266667
2333592,2333592,Dactyloptena orientalis,-19.901667,118.015
2333592,2333592,Dactyloptena orientalis,-19.901667,118.015
2333592,2333592,Dactyloptena orientalis,-29.85,153.633
2333592,2333592,Dactyloptena orientalis,-33.033333,151.61667
2333592,2333592,Dactyloptena orientalis,-34.391666,151.10834
2333592,2333592,Dactyloptena orientalis,-33.81,151.28
2333592,2333592,Dactyloptena orientalis,-28.45,153.80833
2333592,2333592,Dactyloptena orientalis,-28.45,153.8
2333592,2333592,Dactyloptena orientalis,-28.45,153.81
2333592,2333592,Dactyloptena orientalis,-28.217,153.833
2333592,2333592,Dactyloptena orientalis,-27.25,153
2333592,2333592,Dactyloptena orientalis,-33.83889,151.27806
2333592,2333592,Dactyloptena orientalis,-32.4,152.46666
2333592,2333592,Dactyloptena orientalis,-18.53333,119.79167
2333592,2333592,Dactyloptena orientalis,-18.45833,119.85834
2333592,2333592,Dactyloptena orientalis,-18.32653,119.97681
2333592,2333592,Dactyloptena orientalis,-19.94166,116.78334
2333592,2333592,Dactyloptena orientalis,-20.96666,115.05833
2333592,2333592,Dactyloptena orientalis,-20.98361,114.9257
2333592,2333592,Dactyloptena orientalis,-18.25111,119.94403
2333592,2333592,Dactyloptena orientalis,-19.03458,117.50111
2333592,2333592,Dactyloptena orientalis,-26.78361,113.25
2333592,2333592,Dactyloptena orientalis,-24.883333,113.666664
2333592,2333592,Dactyloptena orientalis,-19.90833,116.23403
2333592,2333592,Dactyloptena orientalis,-24.17569,112.65833
2333592,2333592,Dactyloptena orientalis,-19.65903,117.54306
2333592,2333592,Dactyloptena orientalis,-18.26736,118.18348
2333592,2333592,Dactyloptena orientalis,-19.90166,116.61778
2333592,2333592,Dactyloptena orientalis,-20.0918,116.90833
2333592,2333592,Dactyloptena orientalis,-24.2275,112.54237
2333592,2333592,Dactyloptena orientalis,-19.88528,116.79167
2333592,2333592,Dactyloptena orientalis,-19.53514,116.7932
2333592,2333592,Dactyloptena orientalis,-18.56666,118.925
2333592,2333592,Dactyloptena orientalis,-19.84389,116.50097
2333592,2333592,Dactyloptena orientalis,-20.16722,115.9682
2333592,2333592,Dactyloptena orientalis,-19.87597,116.27556
2333592,2333592,Dactyloptena orientalis,-19.89292,115.98417
2333592,2333592,Dactyloptena orientalis,-19.81861,116.04306
2333592,2333592,Dactyloptena orientalis,-19.97583,116.03459
2333592,2333592,Dactyloptena orientalis,-19.81694,116.11848
2333592,2333592,Dactyloptena orientalis,-19.12527,118.635
2333592,2333592,Dactyloptena orientalis,-19.85944,116.54348
2333592,2333592,Dactyloptena orientalis,-19.81041,116.05903
2333592,2333592,Dactyloptena orientalis,-19.89277,116.08431
2333592,2333592,Dactyloptena orientalis,-19.70166,116.70889
2333592,2333592,Dactyloptena orientalis,-19.8675,116.03459
2333592,2333592,Dactyloptena orientalis,-19.82583,116.06764
2333592,2333592,Dactyloptena orientalis,-18.12611,120.67667
2333592,2333592,Dactyloptena orientalis,-19.8175,115.85986
2333592,2333592,Dactyloptena orientalis,-19.75028,116.63403
2333592,2333592,Dactyloptena orientalis,-19.83347,116.05
2333592,2333592,Dactyloptena orientalis,-19.85944,116.11028
2333592,2333592,Dactyloptena orientalis,-19.55875,116.56736
2333592,2333592,Dactyloptena orientalis,-19.58513,116.60889
2333592,2333592,Dactyloptena orientalis,-19.04291,118.63431
2333592,2333592,Dactyloptena orientalis,-19.74263,116.51709
2333592,2333592,Dactyloptena orientalis,-20.05888,116.05069
2333592,2333592,Dactyloptena orientalis,-19.5593,116.60195
2333592,2333592,Dactyloptena orientalis,-19.79278,116.13486
2333592,2333592,Dactyloptena orientalis,-19.80041,116.05931
2333592,2333592,Dactyloptena orientalis,-19.50875,119.00056
2333592,2333592,Dactyloptena orientalis,-19.58458,116.77584
2333592,2333592,Dactyloptena orientalis,-19.84278,116.53459
2333592,2333592,Dactyloptena orientalis,-19.71819,115.99361
2333592,2333592,Dactyloptena orientalis,-19.85986,116.09334
2333592,2333592,Dactyloptena orientalis,-19.85111,116.00056
2333592,2333592,Dactyloptena orientalis,-19.84236,116.07584
2333592,2333592,Dactyloptena orientalis,-19.86764,115.94375
2333592,2333592,Dactyloptena orientalis,-19.80958,116.11736
2333592,2333592,Dactyloptena orientalis,-20.05138,116.18389
2333592,2333592,Dactyloptena orientalis,-19.75097,116.31792
2333592,2333592,Dactyloptena orientalis,-19.84291,116.05973
2333592,2333592,Dactyloptena orientalis,-19.80069,116.08431
2333592,2333592,Dactyloptena orientalis,-19.04333,118.15931
2333592,2333592,Dactyloptena orientalis,-31.83333,130.89236
2333592,2333592,Dactyloptena orientalis,-33.616665,151.2
2333592,2333592,Dactyloptena orientalis,-28,153
2333592,2333592,Dactyloptena orientalis,-20.63,117.2
2333592,2333592,Dactyloptena orientalis,-36.733334,149.98334
2333592,2333592,Dactyloptena orientalis,-32.916668,151.91667
2333592,2333592,Dactyloptena orientalis,-33.816666,151.28334
2333592,2333592,Dactyloptena orientalis,-35.016666,150.81667
2333592,2333592,Dactyloptena orientalis,-34,151
2333592,2333592,Dactyloptena orientalis,-28,153
2333592,2333592,Dactyloptena orientalis,-32,152
2333592,2333592,Dactyloptena orientalis,-34.066666,151.16667
2333592,2333592,Dactyloptena orientalis,-31.65,152.83333
2333592,2333592,Dactyloptena orientalis,-30.883333,153.03334
2333592,2333592,Dactyloptena orientalis,-34.55,150.86667
2333592,2333592,Dactyloptena orientalis,-33.783333,151.28334
2333592,2333592,Dactyloptena orientalis,-33.95,151.26666
2333592,2333592,Dactyloptena orientalis,-30.65,153.01666
2333592,2333592,Dactyloptena orientalis,-31.416666,152.81667
2333592,2333592,Dactyloptena orientalis,-33.85,151.21666
2333592,2333592,Dactyloptena orientalis,-33.82,151.26666
2333592,2333592,Dactyloptena orientalis,-33.85,151.26666
2333592,2333592,Dactyloptena orientalis,-33.566666,151.3
2333592,2333592,Dactyloptena orientalis,-33.833332,151.26666
2333592,2333592,Dactyloptena orientalis,-33.833332,151.26666
2333592,2333592,Dactyloptena orientalis,-25.35,113.73333
2333592,2333592,Dactyloptena orientalis,-25.35,113.73333
2333592,2333592,Dactyloptena orientalis,-28.76667,114.61667
2333592,2333592,Dactyloptena orientalis,-21.78333,114.16667
2333592,2333592,Dactyloptena orientalis,-22.08333,114.25
2333592,2333592,Dactyloptena orientalis,-18.68333,119.65
2333592,2333592,Dactyloptena orientalis,-25.193333,113.646667
2333592,2333592,Dactyloptena orientalis,-24.9825,113.275278
2333592,2333592,Dactyloptena orientalis,-24.61667,113.28333
2333592,2333592,Dactyloptena orientalis,-25.35,113.73333
2333592,2333592,Dactyloptena orientalis,-25.35,113.73333
2333592,2333592,Dactyloptena orientalis,-22.08333,114.25
2333592,2333592,Dactyloptena orientalis,-25.35,113.73333
2333592,2333592,Dactyloptena orientalis,-27.25,153.25
2333592,2333592,Dactyloptena orientalis,-27.983333,153.5
2333592,2333592,Dactyloptena orientalis,-27.333333,153.1
2333592,2333592,Dactyloptena orientalis,-28.35,153.566667
2333592,2333592,Dactyloptena orientalis,-27.25,153.25
2333592,2333592,Dactyloptena orientalis,-27.25,153.25
2333592,2333592,Dactyloptena orientalis,-27.25,153.25
2333592,2333592,Dactyloptena orientalis,-27.25,153.25
2333592,2333592,Dactyloptena orientalis,-27.25,153.25
2333592,2333592,Dactyloptena orientalis,-27.4,153.433333
2333592,2333592,Dactyloptena orientalis,-27.4,153.433333
2333592,2333592,Dactyloptena orientalis,-27.5,153.4
2333592,2333592,Dactyloptena orientalis,-27.25,153.25
2333592,2333592,Dactyloptena orientalis,-27.25,153.25
2333592,2333592,Dactyloptena orientalis,-27.35,153.233333
2333592,2333592,Dactyloptena orientalis,-27.45,153.233333
2333592,2333592,Dactyloptena orientalis,-27.283333,153.05
2333592,2333592,Dactyloptena orientalis,-28.133333,153.483333
2333592,2333592,Dactyloptena orientalis,-27.733333,153.433333
2333592,2333592,Dactyloptena orientalis,-27.25,153.25
2333592,2333592,Dactyloptena orientalis,-31.633333,152.81667
2333592,2333592,Dactyloptena orientalis,-25.952246,113.638599
2333592,2333592,Dactyloptena orientalis,-29.358334,153.39166
