requested_taxonKey,record_taxonKey,species_name,decimalLatitude,decimalLongitude
2333640,2333640,Inimicus didactylus,-27.947461,153.419008
2333640,2333640,Inimicus didactylus,-19.82,116.245667
2333640,2333640,Inimicus didactylus,-20.354667,117.212833
2333640,2333640,Inimicus didactylus,-20.354667,117.212833
2333640,2333640,Inimicus didactylus,-19.8185,116.2567
2333640,2333640,Inimicus didactylus,-20.354667,117.212833
2333640,2333640,Inimicus didactylus,-20.354667,117.212833
2333640,2333640,Inimicus didactylus,-19.82,116.245667
2333640,2333640,Inimicus didactylus,-19.44667,116.8575
2333640,2333640,Inimicus didactylus,-19.04417,118.21584
2333640,2333640,Inimicus didactylus,-24.883333,113.666664
2333640,2333640,Inimicus didactylus,-25.35,113.73333
2333640,2333640,Inimicus didactylus,-25.35,113.73333
2333640,2333640,Inimicus didactylus,-25.35,113.73333
