requested_taxonKey,record_taxonKey,species_name,decimalLatitude,decimalLongitude
2334443,2334446,Pterois antennata,-28.194749,153.577054
2334443,2334446,Pterois antennata,-30.938472,153.102379
2334443,2334446,Pterois antennata,-17.106298,119.660554
2334443,2334446,Pterois antennata,-30.205483,153.26693
2334443,2334446,Pterois antennata,-28.116696,153.488096
2334443,2334446,Pterois antennata,-10.463056,105.643757
2334443,2334446,Pterois antennata,-17.27273,119.372624
2334443,2334446,Pterois antennata,-10.44461,105.633919
2334443,2334443,Pterois antennata,-22.696,113.5315
2334443,2334443,Pterois antennata,-22.696,113.5315
2334443,2334443,Pterois antennata,-22.696,113.5315
2334443,2334446,Pterois antennata,-27.4,153.566667
2334443,2334446,Pterois antennata,-17.122583,119.664443
2334443,2334446,Pterois antennata,-10.405995,105.62247
2334443,2334443,Pterois antennata,-20.29,118.48
2334443,2334443,Pterois antennata,-20.61,116.6
2334443,2334443,Pterois antennata,-10.43,105.67
2334443,2334446,Pterois antennata,-10.440772,105.6441
2334443,2334443,Pterois antennata,-27.416667,153.55
2334443,2334443,Pterois antennata,-17.583,118.983
2334443,2334443,Pterois antennata,-20.4,115.533
2334443,2334443,Pterois antennata,-20.4,115.567
2334443,2334443,Pterois antennata,-17.333,119.333
2334443,2334443,Pterois antennata,-17.333,119.333
2334443,2334443,Pterois antennata,-17.083,119.583
2334443,2334443,Pterois antennata,-10.5,105.666664
2334443,2334443,Pterois antennata,-10.5,105.666664
2334443,2334443,Pterois antennata,-33.833332,151.26666
2334443,2334443,Pterois antennata,-22.666667,113.666667
2334443,2334443,Pterois antennata,-17.96667,122.23333
2334443,2334443,Pterois antennata,-21.63333,115.11667
2334443,2334443,Pterois antennata,-25.16667,113.66667
2334443,2334443,Pterois antennata,-21.63333,115.11667
2334443,2334443,Pterois antennata,-10.48333,105.66667
2334443,2334443,Pterois antennata,-10.48333,105.66667
2334443,2334443,Pterois antennata,-10.48333,105.66667
2334443,2334443,Pterois antennata,-10.48333,105.66667
2334443,2334443,Pterois antennata,-17.3,119.36667
2334443,2334443,Pterois antennata,-17.3,119.35
2334443,2334443,Pterois antennata,-17.3,119.36667
2334443,2334443,Pterois antennata,-17.3,119.36667
2334443,2334443,Pterois antennata,-17.1,119.61667
2334443,2334443,Pterois antennata,-25.33333,113.5
2334443,2334443,Pterois antennata,-12.2,96.83333
2334443,2334443,Pterois antennata,-32,115.5
2334443,2334443,Pterois antennata,-32.15,115.75
2334443,2334443,Pterois antennata,-22.08333,114.25
2334443,2334443,Pterois antennata,-10.5,105.66667
2334443,2334443,Pterois antennata,-10.5,105.66667
2334443,2334443,Pterois antennata,-10.5,105.66667
2334443,2334443,Pterois antennata,-10.5,105.66667
