requested_taxonKey,record_taxonKey,species_name,decimalLatitude,decimalLongitude
2334387,2334387,Scorpaenodes parvipinnis,-21.789961,114.128341
2334387,2334387,Scorpaenodes parvipinnis,-10.5,105.666664
2334387,2334387,Scorpaenodes parvipinnis,-10.48333,105.66667
2334387,2334387,Scorpaenodes parvipinnis,-10.48333,105.66667
2334387,2334387,Scorpaenodes parvipinnis,-10.48333,105.66667
2334387,2334387,Scorpaenodes parvipinnis,-10.48333,105.66667
2334387,2334387,Scorpaenodes parvipinnis,-10.45,105.7
