requested_taxonKey,record_taxonKey,species_name,decimalLatitude,decimalLongitude
2334485,2334485,Parascorpaena aurita,-23.16108,113.75875
2334485,2334485,Parascorpaena aurita,-23.16384,113.76089
2334485,2334485,Parascorpaena aurita,-20.305561,118.614439
2334485,2334485,Parascorpaena aurita,-21.532508,115.128106
2334485,2334485,Parascorpaena aurita,-23.09,113.74
2334485,2334485,Parascorpaena aurita,-27.936667,153.425556
2334485,2334485,Parascorpaena aurita,-27.936667,153.422778
2334485,2334485,Parascorpaena aurita,-27.936667,153.422778
2334485,2334485,Parascorpaena aurita,-27.4,153.55
2334485,2334485,Parascorpaena aurita,-27.4,153.516667
2334485,2334485,Parascorpaena aurita,-24.866667,113.383333
2334485,2334485,Parascorpaena aurita,-27.18,153.12
2334485,2334485,Parascorpaena aurita,-20.75,117
2334485,2334485,Parascorpaena aurita,-20.48333,116.53333
2334485,2334485,Parascorpaena aurita,-26.13333,113.16667
2334485,2334485,Parascorpaena aurita,-24.48333,113.41667
2334485,2334485,Parascorpaena aurita,-20.65,116.716667
2334485,2334485,Parascorpaena aurita,-20.53771,116.54217
