requested_taxonKey,record_taxonKey,species_name,decimalLatitude,decimalLongitude
2334617,2334617,Scorpaena neglecta,-33.8338,151.282
2334617,2334617,Scorpaena neglecta,-33.9161,151.266
2334617,10107260,Scorpaena neglecta,-20.994,114.909
2334617,2334617,Scorpaena neglecta,-30.333334,153.16667
2334617,2334617,Scorpaena neglecta,-35.558334,150.725
2334617,2334617,Scorpaena neglecta,-36.920833,149.965
2334617,2334617,Scorpaena neglecta,-36.920833,149.965
2334617,2334617,Scorpaena neglecta,-35.708332,150.40834
2334617,2334617,Scorpaena neglecta,-36.506667,150.308333
2334617,2334617,Scorpaena neglecta,-37.398333,150.298333
2334617,2334617,Scorpaena neglecta,-36.506667,150.308333
2334617,2334617,Scorpaena neglecta,-37.398333,150.298333
2334617,2334617,Scorpaena neglecta,-37.341667,150.29167
2334617,2334617,Scorpaena neglecta,-37.258335,150.30833
2334617,2334617,Scorpaena neglecta,-19.17,118.98
2334617,2334617,Scorpaena neglecta,-35.15,151
2334617,2334617,Scorpaena neglecta,-18.266666,118.2
2334617,2334617,Scorpaena neglecta,-27.433333,153.766667
2334617,2334617,Scorpaena neglecta,-35.52,150.75
