requested_taxonKey,record_taxonKey,species_name,decimalLatitude,decimalLongitude
2334961,2334961,Peristedion liorhynchus,-31.752777,153.16278
2334961,2334961,Peristedion liorhynchus,-31.752777,153.16278
2334961,2334961,Peristedion liorhynchus,-37.911535,150.049456
2334961,2334961,Peristedion liorhynchus,-37.911535,150.049456
2334961,2334961,Peristedion liorhynchus,-36.365783,150.31969
2334961,2334961,Peristedion liorhynchus,-37.911535,150.049456
2334961,2334961,Peristedion liorhynchus,-36.365783,150.31969
2334961,2334961,Peristedion liorhynchus,-36.365783,150.31969
2334961,2334961,Peristedion liorhynchus,-36.365783,150.31969
2334961,2334961,Peristedion liorhynchus,-37.911535,150.049456
2334961,2334961,Peristedion liorhynchus,-37.911535,150.049456
2334961,2334961,Peristedion liorhynchus,-36.365783,150.31969
2334961,2334961,Peristedion liorhynchus,-37.911535,150.049456
2334961,2334961,Peristedion liorhynchus,-36.365783,150.31969
2334961,2334961,Peristedion liorhynchus,-36.365783,150.31969
2334961,2334961,Peristedion liorhynchus,-36.365783,150.31969
2334961,2334961,Peristedion liorhynchus,-36.371113,150.3186
2334961,2334961,Peristedion liorhynchus,-37.916943,150.04556
2334961,2334961,Peristedion liorhynchus,-36.371113,150.3186
2334961,2334961,Peristedion liorhynchus,-22.786814,113.406914
2334961,2334961,Peristedion liorhynchus,-24.001106,112.537524
2334961,2334961,Peristedion liorhynchus,-22.786814,113.406914
2334961,2334961,Peristedion liorhynchus,-24.001106,112.537524
2334961,2334962,Peristedion liorhynchus,-38.0737,149.92
2334961,2334961,Peristedion liorhynchus,-24.971667,112.178333
2334961,2334961,Peristedion liorhynchus,-24.971667,112.178333
2334961,2334961,Peristedion liorhynchus,-24.971667,112.178333
2334961,2334961,Peristedion liorhynchus,-24.971667,112.178333
2334961,9833622,Peristedion liorhynchus,-19.8,115.2833
2334961,2334961,Peristedion liorhynchus,-17.166667,119.4
2334961,9833622,Peristedion liorhynchus,-17.23333,119.16667
2334961,2334961,Peristedion liorhynchus,-17.23,119.17
2334961,2334961,Peristedion liorhynchus,-17.166667,119.4
2334961,2334961,Peristedion liorhynchus,-21.506,113.936
2334961,2334961,Peristedion liorhynchus,-36.658333,150.325
2334961,2334961,Peristedion liorhynchus,-36.675,150.33333
2334961,2334961,Peristedion liorhynchus,-38.166333,149.638833
2334961,2334961,Peristedion liorhynchus,-36.416668,150.35
2334961,2334961,Peristedion liorhynchus,-38.166333,149.638833
2334961,2334961,Peristedion liorhynchus,-19.205,116.345
2334961,2334961,Peristedion liorhynchus,-19.587333,115.607833
2334961,2334961,Peristedion liorhynchus,-19.205,116.345
2334961,2334961,Peristedion liorhynchus,-19.587333,115.607833
2334961,2334961,Peristedion liorhynchus,-19.20583,116.90833
2334961,2334961,Peristedion liorhynchus,-19.11333,117.015
2334961,2334961,Peristedion liorhynchus,-33.45,152.08333
2334961,2334961,Peristedion liorhynchus,-36.488333,150.302833
2334961,2334961,Peristedion liorhynchus,-36.488333,150.302833
2334961,2334961,Peristedion liorhynchus,-36.488333,150.302833
2334961,2334961,Peristedion liorhynchus,-36.488333,150.302833
2334961,2334961,Peristedion liorhynchus,-36.488333,150.302833
2334961,2334961,Peristedion liorhynchus,-36.488333,150.302833
2334961,2334961,Peristedion liorhynchus,-18.966667,117.2
2334961,2334961,Peristedion liorhynchus,-36.506667,150.308333
2334961,2334961,Peristedion liorhynchus,-36.506667,150.308333
2334961,2334961,Peristedion liorhynchus,-36.441667,150.327833
2334961,2334961,Peristedion liorhynchus,-36.441667,150.327833
2334961,2334961,Peristedion liorhynchus,-24.84333,112.11833
2334961,2334961,Peristedion liorhynchus,-24.87083,112.1225
2334961,2334961,Peristedion liorhynchus,-23.40916,113.07834
2334961,2334961,Peristedion liorhynchus,-23.423333,113.065
2334961,2334961,Peristedion liorhynchus,-24.855,112.118333
2334961,2334961,Peristedion liorhynchus,-23.423333,113.065
2334961,2334961,Peristedion liorhynchus,-24.855,112.118333
2334961,2334961,Peristedion liorhynchus,-19.20583,116.425
2334961,2334961,Peristedion liorhynchus,-19.16333,116.62833
2334961,2334961,Peristedion liorhynchus,-38.133335,149.6
2334961,2334962,Peristedion liorhynchus,-38.13,149.6
2334961,2334961,Peristedion liorhynchus,-17.833333,118.55
2334961,2334961,Peristedion liorhynchus,-17.833333,118.55
2334961,2334961,Peristedion liorhynchus,-36.43,150.08
2334961,2334961,Peristedion liorhynchus,-18.8675,117.57584
2334961,2334961,Peristedion liorhynchus,-19.11917,117.08833
2334961,2334961,Peristedion liorhynchus,-19.105,117.13167
2334961,2334961,Peristedion liorhynchus,-18.89916,117.535
2334961,2334961,Peristedion liorhynchus,-34.258335,151.475
2334961,2334961,Peristedion liorhynchus,-19.1483,116.877
2334961,2334961,Peristedion liorhynchus,-19.148333,116.876667
2334961,2334961,Peristedion liorhynchus,-19.148333,116.876667
2334961,2334961,Peristedion liorhynchus,-17.533,118.8
2334961,2334961,Peristedion liorhynchus,-17.65,118.633
2334961,2334961,Peristedion liorhynchus,-17.867,118.467
2334961,2334962,Peristedion liorhynchus,-18,118.267
2334961,2334961,Peristedion liorhynchus,-17.617,118.667
2334961,2334961,Peristedion liorhynchus,-17.483,118.833
2334961,2334961,Peristedion liorhynchus,-18.91417,118.1125
2334961,2334961,Peristedion liorhynchus,-18.86917,118.04583
2334961,2334961,Peristedion liorhynchus,-18.89333,117.73167
2334961,2334961,Peristedion liorhynchus,-17.678333,119.03
2334961,2334961,Peristedion liorhynchus,-17.678333,119.03
2334961,2334961,Peristedion liorhynchus,-38.28,149.62
2334961,2334961,Peristedion liorhynchus,-34.341667,151.40834
2334961,2334961,Peristedion liorhynchus,-18.533333,118.28333
2334961,2334961,Peristedion liorhynchus,-18.533333,118.28333
2334961,2334961,Peristedion liorhynchus,-18.525,118.14167
2334961,2334961,Peristedion liorhynchus,-18.71667,116.56667
2334961,2334961,Peristedion liorhynchus,-18.16667,118.31667
2334961,2334961,Peristedion liorhynchus,-19.06667,117.075
2334961,2334961,Peristedion liorhynchus,-18.68333,117.88334
2334961,2334961,Peristedion liorhynchus,-18.49166,117.5
2334961,2334961,Peristedion liorhynchus,-18.36666,117.91667
2334961,2334961,Peristedion liorhynchus,-18.8,116.85
2334961,2334961,Peristedion liorhynchus,-19.075,117.3
2334961,2334961,Peristedion liorhynchus,-18.6,117.15
2334961,2334961,Peristedion liorhynchus,-18.63333,116.88334
2334961,2334961,Peristedion liorhynchus,-18.65833,117.875
2334961,2334961,Peristedion liorhynchus,-18.53333,117.33334
2334961,2334961,Peristedion liorhynchus,-18.30833,117.99167
2334961,2334961,Peristedion liorhynchus,-18.90833,117.01667
2334961,2334961,Peristedion liorhynchus,-18.94166,117.33334
2334961,2334961,Peristedion liorhynchus,-18.75,116.5
2334961,2334961,Peristedion liorhynchus,-18.68333,116.95
2334961,2334961,Peristedion liorhynchus,-18.725,117.325
2334961,2334961,Peristedion liorhynchus,-18.575,117.65
2334961,2334961,Peristedion liorhynchus,-18.35,118.43334
2334961,2334961,Peristedion liorhynchus,-17.81666,118.48334
2334961,2334961,Peristedion liorhynchus,-18.675,116.75834
2334961,2334962,Peristedion liorhynchus,-28.116667,153.9
2334961,2334961,Peristedion liorhynchus,-34.383335,151.39166
2334961,2334961,Peristedion liorhynchus,-33.3,130.89167
2334961,2334961,Peristedion liorhynchus,-33.833332,151.25
2334961,2334961,Peristedion liorhynchus,-21.45,114.25
2334961,2334961,Peristedion liorhynchus,-21.45,114.25
2334961,2334961,Peristedion liorhynchus,-21.45,114.25
2334961,2334961,Peristedion liorhynchus,-33.558334,152.01666
2334961,2334961,Peristedion liorhynchus,-29.85,153.69167
2334961,2334961,Peristedion liorhynchus,-32.316666,153
2334961,2334961,Peristedion liorhynchus,-18.4,118.05
2334961,2334961,Peristedion liorhynchus,-18.4,118.05
2334961,2334961,Peristedion liorhynchus,-28.108334,153.93333
2334961,2334961,Peristedion liorhynchus,-29.8,153.725
2334961,2334961,Peristedion liorhynchus,-29.8,153.725
2334961,2334961,Peristedion liorhynchus,-28.025,153.96666
2334961,2334961,Peristedion liorhynchus,-28.025,153.96666
2334961,2334961,Peristedion liorhynchus,-28.008333,153.96666
2334961,2334961,Peristedion liorhynchus,-34.391666,151.43333
2334961,2334961,Peristedion liorhynchus,-33.45,151.45
2334961,2334961,Peristedion liorhynchus,-34.333332,151.43333
2334961,2334961,Peristedion liorhynchus,-33.691666,151.86667
2334961,2334961,Peristedion liorhynchus,-33.458332,152.06667
2334961,2334961,Peristedion liorhynchus,-29.858334,153.71666
2334961,2334961,Peristedion liorhynchus,-33.55,151.98334
2334961,2334961,Peristedion liorhynchus,-35.65,150.65
2334961,2334961,Peristedion liorhynchus,-35.65,150.65
2334961,2334961,Peristedion liorhynchus,-35.55,150.75
2334961,2334961,Peristedion liorhynchus,-35.65,150.75
2334961,2334961,Peristedion liorhynchus,-33.65,151.95
2334961,2334961,Peristedion liorhynchus,-35.55,150.75
2334961,2334961,Peristedion liorhynchus,-35.65,150.75
2334961,2334961,Peristedion liorhynchus,-33.65,151.95
2334961,2334961,Peristedion liorhynchus,-33.625,151.925
2334961,2334961,Peristedion liorhynchus,-33.066666,152.475
2334961,2334961,Peristedion liorhynchus,-33.183334,152.4
2334961,2334961,Peristedion liorhynchus,-29.9,153.66667
2334961,2334961,Peristedion liorhynchus,-34.433334,150.9
2334961,2334961,Peristedion liorhynchus,-34.083332,151.3
2334961,2334961,Peristedion liorhynchus,-39.95,148.33333
2334961,2334961,Peristedion liorhynchus,-28.2,153.9
2334961,2334961,Peristedion liorhynchus,-30,153
