requested_taxonKey,record_taxonKey,species_name,decimalLatitude,decimalLongitude
2334723,2334723,Scorpaenopsis neglecta,-32.713702,152.14927
2334723,2334723,Scorpaenopsis neglecta,-27.938344,153.421872
2334723,2334723,Scorpaenopsis neglecta,-20.497667,116.021667
2334723,2334723,Scorpaenopsis neglecta,-20.348,116.116
2334723,2334723,Scorpaenopsis neglecta,-20.416,115.856
2334723,2334723,Scorpaenopsis neglecta,-20.497667,116.021667
2334723,2334723,Scorpaenopsis neglecta,-20.348,116.116
2334723,2334723,Scorpaenopsis neglecta,-20.416,115.856
2334723,2334723,Scorpaenopsis neglecta,-32.713319,152.151911
2334723,2334723,Scorpaenopsis neglecta,-32.715,152.151111
2334723,2334723,Scorpaenopsis neglecta,-34.628363,150.859245
2334723,2334723,Scorpaenopsis neglecta,-21.8166,114.191
2334723,2334723,Scorpaenopsis neglecta,-21.7863,114.181
2334723,2334723,Scorpaenopsis neglecta,-19.113333,117.765
2334723,2334723,Scorpaenopsis neglecta,-19.8575,115.63167
2334723,2334723,Scorpaenopsis neglecta,-19.113333,117.765
2334723,2334723,Scorpaenopsis neglecta,-20.04667,116.35167
2334723,2334723,Scorpaenopsis neglecta,-19.18833,118.27333
2334723,2334723,Scorpaenopsis neglecta,-17.967,122.233
2334723,2334723,Scorpaenopsis neglecta,-19.69333,116.75334
2334723,2334723,Scorpaenopsis neglecta,-19.06833,118.00083
2334723,2334723,Scorpaenopsis neglecta,-20.02833,116.38
2334723,2334723,Scorpaenopsis neglecta,-20.38666,116.3375
2334723,2334723,Scorpaenopsis neglecta,-20.067,116.617
2334723,2334723,Scorpaenopsis neglecta,-20.35083,117.535
2334723,2334723,Scorpaenopsis neglecta,-19.41166,118.01334
2334723,2334723,Scorpaenopsis neglecta,-19.81,116.65917
2334723,2334723,Scorpaenopsis neglecta,-19.033,118.5
2334723,2334723,Scorpaenopsis neglecta,-20.213333,117.798333
2334723,2334723,Scorpaenopsis neglecta,-19.82,116.096667
2334723,2334723,Scorpaenopsis neglecta,-20.205,117.79417
2334723,2334723,Scorpaenopsis neglecta,-19.84166,116.0975
2334723,2334723,Scorpaenopsis neglecta,-20.23167,117.59834
2334723,2334723,Scorpaenopsis neglecta,-20.213333,117.798333
2334723,2334723,Scorpaenopsis neglecta,-19.82,116.096667
2334723,2334723,Scorpaenopsis neglecta,-19.61,118.90834
2334723,2334723,Scorpaenopsis neglecta,-19.51833,118.67084
2334723,2334723,Scorpaenopsis neglecta,-19.69583,117.94167
2334723,2334723,Scorpaenopsis neglecta,-19.017,119.417
2334723,2334723,Scorpaenopsis neglecta,-19.04417,118.21584
2334723,2334723,Scorpaenopsis neglecta,-20.217,116.3
2334723,2334723,Scorpaenopsis neglecta,-19.70583,116.83
2334723,2334723,Scorpaenopsis neglecta,-19.828333,116.63
2334723,2334723,Scorpaenopsis neglecta,-19.82833,116.615
2334723,2334723,Scorpaenopsis neglecta,-19.745,116.535
2334723,2334723,Scorpaenopsis neglecta,-19.828333,116.63
2334723,2334723,Scorpaenopsis neglecta,-20.48,116.1675
2334723,2334723,Scorpaenopsis neglecta,-19.92083,116.98333
2334723,2334723,Scorpaenopsis neglecta,-18.68917,118.3725
2334723,2334723,Scorpaenopsis neglecta,-19.215,117.86
2334723,2334723,Scorpaenopsis neglecta,-19.483334,118.36667
2334723,2334723,Scorpaenopsis neglecta,-18.65833,117.875
2334723,2334723,Scorpaenopsis neglecta,-19.475,118.4
2334723,2334723,Scorpaenopsis neglecta,-18.525,118.14167
2334723,2334723,Scorpaenopsis neglecta,-19.06667,117.075
2334723,2334723,Scorpaenopsis neglecta,-18.68333,117.88334
2334723,2334723,Scorpaenopsis neglecta,-18.616667,119.35
2334723,2334723,Scorpaenopsis neglecta,-18.616667,119.35
2334723,2334723,Scorpaenopsis neglecta,-19.916667,115.983333
2334723,2334723,Scorpaenopsis neglecta,-19.916667,115.983333
2334723,2334723,Scorpaenopsis neglecta,-20.56666,114.82542
2334723,2334723,Scorpaenopsis neglecta,-26.78361,113.25
2334723,2334723,Scorpaenopsis neglecta,-19.11667,119.41667
2334723,2334723,Scorpaenopsis neglecta,-25.549,113.0501
2334723,2334723,Scorpaenopsis neglecta,-16.85,122.08333
2334723,2334723,Scorpaenopsis neglecta,-17.96667,122.16667
2334723,2334723,Scorpaenopsis neglecta,-20.4,116.83333
2334723,2334723,Scorpaenopsis neglecta,-20.537778,116.569444
2334723,2334723,Scorpaenopsis neglecta,-17.275,119.37576
