requested_taxonKey,record_taxonKey,species_name,decimalLatitude,decimalLongitude
2334593,2334593,Scorpaena papillosa,-36.725244000000004,149.98879
2334593,2334593,Scorpaena papillosa,-34.002834,151.226698
2334593,2334593,Scorpaena papillosa,-36.73858,149.983858
2334593,2334593,Scorpaena papillosa,-34.069032,151.130246
2334593,2334593,Scorpaena papillosa,-37.074275,149.908005
2334593,2334593,Scorpaena papillosa,-34.015135,151.232671
2334593,2334593,Scorpaena papillosa,-38.17019,144.72165
2334593,2334593,Scorpaena papillosa,-36.53591,149.55394
2334593,2334593,Scorpaena papillosa,-36.215695,150.131816
2334593,2334593,Scorpaena papillosa,-37.655003,149.987086
2334593,2334593,Scorpaena papillosa,-37.655003,149.987086
2334593,2334593,Scorpaena papillosa,-37.61722,149.90889
2334593,2334593,Scorpaena papillosa,-37.656666,149.98306
2334593,2334593,Scorpaena papillosa,-37.3275,150.07944
2334593,2334593,Scorpaena papillosa,-37.656666,149.98306
2334593,2334593,Scorpaena papillosa,-37.3275,150.07944
2334593,2334593,Scorpaena papillosa,-37.61722,149.90889
2334593,2334593,Scorpaena papillosa,-37.32111,150.05833
2334593,2334593,Scorpaena papillosa,-37.670834,149.96194
2334593,2334593,Scorpaena papillosa,-35.12522,150.751478
2334593,2334593,Scorpaena papillosa,-41.14525,148.18383
2334593,2334593,Scorpaena papillosa,-41.14525,148.18383
2334593,2334593,Scorpaena papillosa,-37.01,149.93388
2334593,2334593,Scorpaena papillosa,-36.725,149.98805
2334593,2334593,Scorpaena papillosa,-37.046665,149.92
2334593,2334593,Scorpaena papillosa,-37.01,149.93388
2334593,2334593,Scorpaena papillosa,-37.016945,149.94305
2334593,2334593,Scorpaena papillosa,-37.071576,149.90771
2334593,2334593,Scorpaena papillosa,-43.72499,146.18193
2334593,2334593,Scorpaena papillosa,-43.72163,146.24112
2334593,2334593,Scorpaena papillosa,-43.72163,146.24112
2334593,2334593,Scorpaena papillosa,-43.72163,146.24112
2334593,2334593,Scorpaena papillosa,-43.71837,146.27256
2334593,2334593,Scorpaena papillosa,-43.75845,146.27689
2334593,2334593,Scorpaena papillosa,-43.76386,146.47646
2334593,2334593,Scorpaena papillosa,-43.72647,146.26894
2334593,2334593,Scorpaena papillosa,-43.75363,146.29618
2334593,2334593,Scorpaena papillosa,-43.71837,146.27256
2334593,2334593,Scorpaena papillosa,-43.76386,146.47646
2334593,2334593,Scorpaena papillosa,-43.72851,146.16093
2334593,2334593,Scorpaena papillosa,-43.72163,146.24112
2334593,2334593,Scorpaena papillosa,-43.71823,146.29139
2334593,2334593,Scorpaena papillosa,-43.72163,146.24112
2334593,2334593,Scorpaena papillosa,-43.72163,146.24112
2334593,2334593,Scorpaena papillosa,-43.72851,146.16093
2334593,2334593,Scorpaena papillosa,-43.72163,146.24112
2334593,2334593,Scorpaena papillosa,-43.75949,146.30542
2334593,2334593,Scorpaena papillosa,-43.72163,146.24112
2334593,2334593,Scorpaena papillosa,-43.72163,146.24112
2334593,2334593,Scorpaena papillosa,-43.72163,146.24112
2334593,2334593,Scorpaena papillosa,-43.72163,146.24112
2334593,2334593,Scorpaena papillosa,-43.75845,146.27689
2334593,2334593,Scorpaena papillosa,-43.75845,146.27689
2334593,2334593,Scorpaena papillosa,-43.75845,146.27689
2334593,2334593,Scorpaena papillosa,-43.75949,146.30542
2334593,2334593,Scorpaena papillosa,-43.75845,146.27689
2334593,2334593,Scorpaena papillosa,-43.71652,146.31137
2334593,2334593,Scorpaena papillosa,-43.72647,146.26894
2334593,2334593,Scorpaena papillosa,-43.71652,146.31137
2334593,2334593,Scorpaena papillosa,-43.72647,146.26894
2334593,2334593,Scorpaena papillosa,-43.72851,146.16093
2334593,2334593,Scorpaena papillosa,-43.72851,146.16093
2334593,2334593,Scorpaena papillosa,-43.72851,146.16093
2334593,2334593,Scorpaena papillosa,-43.72851,146.16093
2334593,2334593,Scorpaena papillosa,-43.75363,146.29618
2334593,2334593,Scorpaena papillosa,-43.75845,146.27689
2334593,2334593,Scorpaena papillosa,-43.76386,146.47646
2334593,2334593,Scorpaena papillosa,-43.72499,146.18193
2334593,2334593,Scorpaena papillosa,-43.76386,146.47646
2334593,2334593,Scorpaena papillosa,-43.73218,146.16006
2334593,2334593,Scorpaena papillosa,-43.73218,146.16006
2334593,2334593,Scorpaena papillosa,-43.73218,146.16006
2334593,2334593,Scorpaena papillosa,-34.002797,151.227019
2334593,2334593,Scorpaena papillosa,-33.839976,151.253855
2334593,2334593,Scorpaena papillosa,-33.840259,151.253766
2334593,2334593,Scorpaena papillosa,-38.1532,147.806
2334593,2334593,Scorpaena papillosa,-38.1532,147.806
2334593,2334593,Scorpaena papillosa,-38.1532,147.806
2334593,2334593,Scorpaena papillosa,-38.1532,147.806
2334593,2334593,Scorpaena papillosa,-37.9241,148.365
2334593,2334593,Scorpaena papillosa,-38.1532,147.806
2334593,2334593,Scorpaena papillosa,-38.1532,147.806
2334593,2334593,Scorpaena papillosa,-38.547735,143.986215
2334593,2334593,Scorpaena papillosa,-34.002412,151.22533
2334593,2334593,Scorpaena papillosa,-37.796326,148.88796
2334593,2334593,Scorpaena papillosa,-33.416774,151.463109
2334593,2334593,Scorpaena papillosa,-33.416765,151.462919
2334593,2334593,Scorpaena papillosa,-30.205711,153.266036
2334593,2334593,Scorpaena papillosa,-39.02,146.47
2334593,2334593,Scorpaena papillosa,-38.41,144.24
2334593,2334593,Scorpaena papillosa,-38.41,144.23
2334593,2334593,Scorpaena papillosa,-38.35,144.32
2334593,2334593,Scorpaena papillosa,-33.968198,151.255159
2334593,2334593,Scorpaena papillosa,-35.3987,138.3349
2334593,2334593,Scorpaena papillosa,-40.86,145.51
2334593,2334593,Scorpaena papillosa,-40.86,145.52
2334593,2334593,Scorpaena papillosa,-37.8196,148.786
2334593,2334593,Scorpaena papillosa,-37.8214,148.7864
2334593,2334593,Scorpaena papillosa,-37.558,149.908
2334593,2334593,Scorpaena papillosa,-37.558,149.908
2334593,2334593,Scorpaena papillosa,-35.83,150.21
2334593,2334593,Scorpaena papillosa,-37.8181,148.7848
2334593,2334593,Scorpaena papillosa,-35.83,150.23
2334593,2334593,Scorpaena papillosa,-32.39,133.38
2334593,2334593,Scorpaena papillosa,-32.39,133.38
2334593,2334593,Scorpaena papillosa,-43.53,146.21
2334593,2334593,Scorpaena papillosa,-37.8183,148.7838
2334593,2334593,Scorpaena papillosa,-37.8034,148.7496
2334593,2334593,Scorpaena papillosa,-37.819,148.7835
2334593,2334593,Scorpaena papillosa,-36.429537,150.084257
2334593,2334593,Scorpaena papillosa,-35.51,138.21
2334593,2334593,Scorpaena papillosa,-35.51,138.21
2334593,2334593,Scorpaena papillosa,-35.51,138.21
2334593,2334593,Scorpaena papillosa,-35.51,138.21
2334593,2334593,Scorpaena papillosa,-43.32,145.97
2334593,2334593,Scorpaena papillosa,-35.5,150.4
2334593,2334593,Scorpaena papillosa,-37.819,148.7835
2334593,2334593,Scorpaena papillosa,-43.3306,145.995
2334593,2334593,Scorpaena papillosa,-43.3025,145.9028
2334593,2334593,Scorpaena papillosa,-43.3612,145.9578
2334593,2334593,Scorpaena papillosa,-43.337961,145.93689
2334593,2334593,Scorpaena papillosa,-43.29,145.92
2334593,2334593,Scorpaena papillosa,-43.31,145.84
2334593,2334593,Scorpaena papillosa,-43.36,145.92
2334593,2334593,Scorpaena papillosa,-43.32,145.99
2334593,2334593,Scorpaena papillosa,-43.33,145.97
2334593,2334593,Scorpaena papillosa,-43.3,145.93
2334593,2334593,Scorpaena papillosa,-43.3,145.85
2334593,2334593,Scorpaena papillosa,-43.32,145.99
2334593,2334593,Scorpaena papillosa,-43.3,145.85
2334593,2334593,Scorpaena papillosa,-43.31,145.84
2334593,2334593,Scorpaena papillosa,-43.33,145.99
2334593,2334593,Scorpaena papillosa,-43.33,146
2334593,2334593,Scorpaena papillosa,-43.3216,145.9698
2334593,2334593,Scorpaena papillosa,-35.5,150.4
2334593,2334593,Scorpaena papillosa,-35.83,150.23
2334593,2334593,Scorpaena papillosa,-39.46,147.29
2334593,2334593,Scorpaena papillosa,-35.5,150.4
2334593,2334593,Scorpaena papillosa,-35.83,150.23
2334593,2334593,Scorpaena papillosa,-35.83,150.23
2334593,2334593,Scorpaena papillosa,-35.83,150.21
2334593,2334593,Scorpaena papillosa,-35.8,150.23
2334593,2334593,Scorpaena papillosa,-36.01,150.17
2334593,2334593,Scorpaena papillosa,-39.49,147.34
2334593,2334593,Scorpaena papillosa,-43.32,145.97
2334593,2334593,Scorpaena papillosa,-43.32,145.97
2334593,2334593,Scorpaena papillosa,-36.14,150.13
2334593,2334593,Scorpaena papillosa,-36.42,150.08
2334593,2334593,Scorpaena papillosa,-36.42,150.08
2334593,2334593,Scorpaena papillosa,-35.07,150.77
2334593,2334593,Scorpaena papillosa,-37.819,148.7835
2334593,2334593,Scorpaena papillosa,-35.75,150.26
2334593,2334593,Scorpaena papillosa,-35.67,150.31
2334593,2334593,Scorpaena papillosa,-43.3387,146.0102
2334593,2334593,Scorpaena papillosa,-43.3421,146.0868
2334593,2334593,Scorpaena papillosa,-35.83,150.23
2334593,2334593,Scorpaena papillosa,-35.83,150.21
2334593,2334593,Scorpaena papillosa,-35.83,150.21
2334593,2334593,Scorpaena papillosa,-35.5047,150.3961
2334593,2334593,Scorpaena papillosa,-36.01,150.17
2334593,2334593,Scorpaena papillosa,-35.32,150.48
2334593,2334593,Scorpaena papillosa,-35.5,150.4
2334593,2334593,Scorpaena papillosa,-35.5,150.4
2334593,2334593,Scorpaena papillosa,-35.5,150.4
2334593,2334593,Scorpaena papillosa,-37.8181,148.7848
2334593,2334593,Scorpaena papillosa,-37.8196,148.786
2334593,2334593,Scorpaena papillosa,-37.8181,148.7848
2334593,2334593,Scorpaena papillosa,-37.5099,149.9735
2334593,2334593,Scorpaena papillosa,-37.5207,149.9643
2334593,2334593,Scorpaena papillosa,-37.56,149.91
2334593,2334593,Scorpaena papillosa,-32.79,152.09
2334593,2334593,Scorpaena papillosa,-37.56,149.91
2334593,2334593,Scorpaena papillosa,-37.55,149.91
2334593,2334593,Scorpaena papillosa,-37.51,149.98
2334593,2334593,Scorpaena papillosa,-37.819,148.7835
2334593,2334593,Scorpaena papillosa,-35.07,150.77
2334593,2334593,Scorpaena papillosa,-37.8249,148.7906
2334593,2334593,Scorpaena papillosa,-37.8181,148.7848
2334593,2334593,Scorpaena papillosa,-37.8181,148.7848
2334593,2334593,Scorpaena papillosa,-33.8597,151.2592
2334593,2334593,Scorpaena papillosa,-37.8686,144.8881
2334593,2334593,Scorpaena papillosa,-37.86859,144.8881
2334593,2334593,Scorpaena papillosa,-33.85966,151.25916
2334593,2334593,Scorpaena papillosa,-35.0906,150.6941
2334593,2334593,Scorpaena papillosa,-35.1211,150.7642
2334593,2334593,Scorpaena papillosa,-35.0594,150.775
2334593,2334593,Scorpaena papillosa,-35.090584,150.694092
2334593,2334593,Scorpaena papillosa,-35.121132,150.76416
2334593,2334593,Scorpaena papillosa,-35.059418,150.774994
2334593,2334593,Scorpaena papillosa,-35.67,137.05
2334593,2334593,Scorpaena papillosa,-35.07,150.77
2334593,2334593,Scorpaena papillosa,-35.72,136.72
2334593,2334593,Scorpaena papillosa,-35.67,137.05
2334593,2334593,Scorpaena papillosa,-35.02,150.76
2334593,2334593,Scorpaena papillosa,-35.08,150.79
2334593,2334593,Scorpaena papillosa,-35.66,137.07
2334593,2334593,Scorpaena papillosa,-32.71,152.18
2334593,2334593,Scorpaena papillosa,-32.715,152.151111
2334593,2334593,Scorpaena papillosa,-37.819,148.7835
2334593,2334593,Scorpaena papillosa,-37.81905,148.78351
2334593,2334593,Scorpaena papillosa,-37.8223,148.7885
2334593,2334593,Scorpaena papillosa,-37.8223,148.7885
2334593,2334593,Scorpaena papillosa,-35.82,150.23
2334593,2334593,Scorpaena papillosa,-38.31,144.71
2334593,2334593,Scorpaena papillosa,-41.16,148.28
2334593,2334593,Scorpaena papillosa,-41.16,148.28
2334593,2334593,Scorpaena papillosa,-35.12,150.75
2334593,2334593,Scorpaena papillosa,-35.08,150.79
2334593,2334593,Scorpaena papillosa,-35.69,136.88
2334593,2334593,Scorpaena papillosa,-35.69,136.86
2334593,2334593,Scorpaena papillosa,-35.69,136.86
2334593,2334593,Scorpaena papillosa,-35.68,136.94
2334593,2334593,Scorpaena papillosa,-35.75,136.65
2334593,2334593,Scorpaena papillosa,-35.75,136.65
2334593,2334593,Scorpaena papillosa,-37.7954,148.7859
2334593,2334593,Scorpaena papillosa,-37.79535,148.78586
2334593,2334593,Scorpaena papillosa,-37.8183,148.7838
2334593,2334593,Scorpaena papillosa,-36.725581,149.989023
2334593,2334593,Scorpaena papillosa,-36.725581,149.989023
2334593,2334593,Scorpaena papillosa,-37.81905,148.78351
2334593,2334593,Scorpaena papillosa,-41.15,146.32
2334593,2334593,Scorpaena papillosa,-40.02,147.85
2334593,2334593,Scorpaena papillosa,-35.07,150.77
2334593,2334593,Scorpaena papillosa,-35.08,150.79
2334593,2334593,Scorpaena papillosa,-35.08,150.77
2334593,2334593,Scorpaena papillosa,-35.07,150.77
2334593,2334593,Scorpaena papillosa,-35.08,150.77
2334593,2334593,Scorpaena papillosa,-35.08,150.79
2334593,2334593,Scorpaena papillosa,-36.25,150.22
2334593,2334593,Scorpaena papillosa,-36.24,150.22
2334593,2334593,Scorpaena papillosa,-36.748333,149.98306
2334593,2334593,Scorpaena papillosa,-36.748333,149.98306
2334593,2334593,Scorpaena papillosa,-36.7375,149.98306
2334593,2334593,Scorpaena papillosa,-36.09,150.15
2334593,2334593,Scorpaena papillosa,-37.8183,148.7838
2334593,2334593,Scorpaena papillosa,-37.81905,148.78351
2334593,2334593,Scorpaena papillosa,-36.740278000000004,149.983056
2334593,2334593,Scorpaena papillosa,-36.740278000000004,149.983056
2334593,2334593,Scorpaena papillosa,-36.740278000000004,149.983056
2334593,2334593,Scorpaena papillosa,-37.8183,148.7838
2334593,2334593,Scorpaena papillosa,-37.8214,148.7864
2334593,2334593,Scorpaena papillosa,-37.8214,148.7864
2334593,2334593,Scorpaena papillosa,-40.069971,147.759913
2334593,2334593,Scorpaena papillosa,-37.81905,148.78351
2334593,2334593,Scorpaena papillosa,-37.82143,148.78645
2334593,2334593,Scorpaena papillosa,-37.82143,148.78645
2334593,2334593,Scorpaena papillosa,-37.8183,148.7838
2334593,2334593,Scorpaena papillosa,-37.81905,148.78351
2334593,2334593,Scorpaena papillosa,-37.14,150.01
2334593,2334593,Scorpaena papillosa,-37.1,149.93
2334593,2334593,Scorpaena papillosa,-37.1,149.93
2334593,2334593,Scorpaena papillosa,-37.02,149.94
2334593,2334593,Scorpaena papillosa,-37.02,149.94
2334593,2334593,Scorpaena papillosa,-37.02,149.94
2334593,2334593,Scorpaena papillosa,-37.05,149.93
2334593,2334593,Scorpaena papillosa,-34.577783,150.878317
2334593,2334593,Scorpaena papillosa,-41.05602,146.78432
2334593,2334593,Scorpaena papillosa,-41.05602,146.78432
2334593,2334593,Scorpaena papillosa,-41.05602,146.78432
2334593,2334593,Scorpaena papillosa,-41.09892,146.64201
2334593,2334593,Scorpaena papillosa,-41.1327,146.15506
2334593,2334593,Scorpaena papillosa,-40.89011,145.54053
2334593,2334593,Scorpaena papillosa,-40.90182,145.54842
2334593,2334593,Scorpaena papillosa,-43.32266,145.98624
2334593,2334593,Scorpaena papillosa,-43.30063,145.90294
2334593,2334593,Scorpaena papillosa,-43.32266,145.98624
2334593,2334593,Scorpaena papillosa,-39.67613,143.82831
2334593,2334593,Scorpaena papillosa,-43.60698,146.78482
2334593,2334593,Scorpaena papillosa,-43.63051,146.70947
2334593,2334593,Scorpaena papillosa,-39.83151,144.16035
2334593,2334593,Scorpaena papillosa,-39.48049,146.6454
2334593,2334593,Scorpaena papillosa,-39.44677,147.37744
2334593,2334593,Scorpaena papillosa,-39.22592,146.97951
2334593,2334593,Scorpaena papillosa,-39.44677,147.37744
2334593,2334593,Scorpaena papillosa,-39.21515,146.99239
2334593,2334593,Scorpaena papillosa,-39.21515,146.99239
2334593,2334593,Scorpaena papillosa,-39.21515,146.99239
2334593,2334593,Scorpaena papillosa,-39.4653,147.28708
2334593,2334593,Scorpaena papillosa,-39.46937,147.31013
2334593,2334593,Scorpaena papillosa,-39.44478,147.30122
2334593,2334593,Scorpaena papillosa,-43.29901,145.92647
2334593,2334593,Scorpaena papillosa,-43.30951,145.8504
2334593,2334593,Scorpaena papillosa,-43.32192,145.98303
2334593,2334593,Scorpaena papillosa,-43.31814,145.87366
2334593,2334593,Scorpaena papillosa,-43.29901,145.92647
2334593,2334593,Scorpaena papillosa,-43.33358,145.96667
2334593,2334593,Scorpaena papillosa,-42.19641,145.16962
2334593,2334593,Scorpaena papillosa,-42.19532,145.16692
2334593,2334593,Scorpaena papillosa,-42.19641,145.16962
2334593,2334593,Scorpaena papillosa,-40.84431,147.61958
2334593,2334593,Scorpaena papillosa,-39.44478,147.30122
2334593,2334593,Scorpaena papillosa,-40.84848,147.59433
2334593,2334593,Scorpaena papillosa,-40.46449,148.22939
2334593,2334593,Scorpaena papillosa,-40.73547,148.12331
2334593,2334593,Scorpaena papillosa,-36.908659,149.910927
2334593,2334593,Scorpaena papillosa,-34.597402,150.900019
2334593,2334593,Scorpaena papillosa,-38.6803,145.61
2334593,2334593,Scorpaena papillosa,-38.6803,145.61
2334593,2334593,Scorpaena papillosa,-37.5071,149.979
2334593,2334593,Scorpaena papillosa,-36.725478,149.988748
2334593,2334593,Scorpaena papillosa,-38.3042,144.659
2334593,2334593,Scorpaena papillosa,-34.597739,150.9008
2334593,2334593,Scorpaena papillosa,-38.3173,144.717
2334593,2334593,Scorpaena papillosa,-38.3021,144.659
2334593,2334593,Scorpaena papillosa,-38.2941,144.598
2334593,10822122,Scorpaena papillosa,-33.8617,134.05192
2334593,2334593,Scorpaena papillosa,-28.8225,153.60667
2334593,2334593,Scorpaena papillosa,-37.75,150.25
2334593,2334593,Scorpaena papillosa,-28.75,153.75
2334593,2334593,Scorpaena papillosa,-29.25,153.25
2334593,2334593,Scorpaena papillosa,-29.25,153.75
2334593,2334593,Scorpaena papillosa,-30.75,152.75
2334593,2334593,Scorpaena papillosa,-30.25,153.75
2334593,2334593,Scorpaena papillosa,-31.25,153.25
2334593,2334593,Scorpaena papillosa,-32.25,152.25
2334593,2334593,Scorpaena papillosa,-33.75,151.25
2334593,2334593,Scorpaena papillosa,-32.25,152.75
2334593,2334593,Scorpaena papillosa,-34.75,150.75
2334593,2334593,Scorpaena papillosa,-33.25,152.25
2334593,2334593,Scorpaena papillosa,-34.75,151.25
2334593,2334593,Scorpaena papillosa,-34.75,151.75
2334593,2334593,Scorpaena papillosa,-29.75,153.75
2334593,2334593,Scorpaena papillosa,-29.25,154.25
2334593,2334593,Scorpaena papillosa,-32.25,153.25
2334593,2334593,Scorpaena papillosa,-33.25,151.25
2334593,2334593,Scorpaena papillosa,-37.25,149.75
2334593,2334593,Scorpaena papillosa,-35.25,150.75
2334593,2334593,Scorpaena papillosa,-32.75,152.75
2334593,2334593,Scorpaena papillosa,-35.75,150.25
2334593,2334593,Scorpaena papillosa,-35.25,151.25
2334593,2334593,Scorpaena papillosa,-34.25,150.75
2334593,2334593,Scorpaena papillosa,-31.75,152.75
2334593,2334593,Scorpaena papillosa,-32.75,151.75
2334593,2334593,Scorpaena papillosa,-37.75,149.75
2334593,2334593,Scorpaena papillosa,-36.75,149.75
2334593,2334593,Scorpaena papillosa,-31.75,153.25
2334593,2334593,Scorpaena papillosa,-30.25,153.25
2334593,2334593,Scorpaena papillosa,-32.75,152.25
2334593,2334593,Scorpaena papillosa,-31.25,152.75
2334593,2334593,Scorpaena papillosa,-28.25,154.25
2334593,2334593,Scorpaena papillosa,-29.75,153.25
2334593,2334593,Scorpaena papillosa,-35.25,150.25
2334593,2334593,Scorpaena papillosa,-34.25,151.25
2334593,2334593,Scorpaena papillosa,-33.25,151.75
2334593,2334593,Scorpaena papillosa,-32.75,153.25
2334593,2334593,Scorpaena papillosa,-33.75,152.25
2334593,2334593,Scorpaena papillosa,-36.25,150.25
2334593,2334593,Scorpaena papillosa,-35.75,150.75
2334593,2334593,Scorpaena papillosa,-28.25,153.75
2334593,2334593,Scorpaena papillosa,-33.75,151.75
2334593,2334593,Scorpaena papillosa,-37.25,150.25
2334593,2334593,Scorpaena papillosa,-30.75,153.25
2334593,2334593,Scorpaena papillosa,-36.75,150.25
2334593,2334593,Scorpaena papillosa,-33.25,152.75
2334593,2334593,Scorpaena papillosa,-28.75,153.25
2334593,2334593,Scorpaena papillosa,-36.25,150.75
2334593,2334593,Scorpaena papillosa,-28.75,154.25
2334593,2334593,Scorpaena papillosa,-34.25,151.75
2334593,2334593,Scorpaena papillosa,-36.383,150.183
2334593,2334593,Scorpaena papillosa,-36.6,150.133
2334593,2334593,Scorpaena papillosa,-36.367,150.217
2334593,2334593,Scorpaena papillosa,-34.75,150.75
2334593,2334593,Scorpaena papillosa,-34.75,151.25
2334593,2334593,Scorpaena papillosa,-33.25,152.25
2334593,2334593,Scorpaena papillosa,-33.75,151.25
2334593,2334593,Scorpaena papillosa,-34.75,151.75
2334593,2334593,Scorpaena papillosa,-33.25,151.25
2334593,2334593,Scorpaena papillosa,-32.25,153.25
2334593,2334593,Scorpaena papillosa,-32.75,152.75
2334593,2334593,Scorpaena papillosa,-37.25,150.25
2334593,2334593,Scorpaena papillosa,-36.25,150.75
2334593,2334593,Scorpaena papillosa,-35.25,150.75
2334593,2334593,Scorpaena papillosa,-35.75,150.25
2334593,2334593,Scorpaena papillosa,-35.25,151.25
2334593,2334593,Scorpaena papillosa,-29.75,153.75
2334593,2334593,Scorpaena papillosa,-29.25,154.25
2334593,2334593,Scorpaena papillosa,-37.25,149.75
2334593,2334593,Scorpaena papillosa,-30.75,152.75
2334593,2334593,Scorpaena papillosa,-31.25,153.25
2334593,2334593,Scorpaena papillosa,-32.25,152.75
2334593,2334593,Scorpaena papillosa,-32.25,152.25
2334593,2334593,Scorpaena papillosa,-30.25,153.75
2334593,2334593,Scorpaena papillosa,-28.75,153.25
2334593,2334593,Scorpaena papillosa,-29.25,153.25
2334593,2334593,Scorpaena papillosa,-34.25,151.75
2334593,2334593,Scorpaena papillosa,-34.25,150.75
2334593,2334593,Scorpaena papillosa,-35.25,150.25
2334593,2334593,Scorpaena papillosa,-36.25,150.25
2334593,2334593,Scorpaena papillosa,-33.75,151.75
2334593,2334593,Scorpaena papillosa,-33.75,152.25
2334593,2334593,Scorpaena papillosa,-32.75,153.25
2334593,2334593,Scorpaena papillosa,-33.25,151.75
2334593,2334593,Scorpaena papillosa,-28.25,154.25
2334593,2334593,Scorpaena papillosa,-29.75,153.25
2334593,2334593,Scorpaena papillosa,-35.75,150.75
2334593,2334593,Scorpaena papillosa,-36.75,150.25
2334593,2334593,Scorpaena papillosa,-28.25,153.75
2334593,2334593,Scorpaena papillosa,-34.25,151.25
2334593,2334593,Scorpaena papillosa,-31.75,153.25
2334593,2334593,Scorpaena papillosa,-30.25,153.25
2334593,2334593,Scorpaena papillosa,-31.25,152.75
2334593,2334593,Scorpaena papillosa,-32.75,152.25
2334593,2334593,Scorpaena papillosa,-36.75,149.75
2334593,2334593,Scorpaena papillosa,-37.75,149.75
2334593,2334593,Scorpaena papillosa,-32.75,151.75
2334593,2334593,Scorpaena papillosa,-28.75,154.25
2334593,2334593,Scorpaena papillosa,-31.75,152.75
2334593,2334593,Scorpaena papillosa,-37.75,150.25
2334593,2334593,Scorpaena papillosa,-29.25,153.75
2334593,2334593,Scorpaena papillosa,-30.75,153.25
2334593,2334593,Scorpaena papillosa,-33.25,152.75
2334593,2334593,Scorpaena papillosa,-28.75,153.75
2334593,2334593,Scorpaena papillosa,-38.9916,146.255
2334593,2334593,Scorpaena papillosa,-39.0558,146.48
2334593,2334593,Scorpaena papillosa,-39.0521,146.475
2334593,2334593,Scorpaena papillosa,-39.0457,146.478
2334593,2334593,Scorpaena papillosa,-37.25,149.75
2334593,2334593,Scorpaena papillosa,-30.25,153.25
2334593,2334593,Scorpaena papillosa,-32.75,151.75
2334593,2334593,Scorpaena papillosa,-31.75,152.75
2334593,2334593,Scorpaena papillosa,-30.75,153.25
2334593,2334593,Scorpaena papillosa,-30.75,152.75
2334593,2334593,Scorpaena papillosa,-29.75,153.75
2334593,2334593,Scorpaena papillosa,-29.25,154.25
2334593,2334593,Scorpaena papillosa,-28.25,153.75
2334593,2334593,Scorpaena papillosa,-28.75,154.25
2334593,2334593,Scorpaena papillosa,-28.75,153.75
2334593,2334593,Scorpaena papillosa,-29.25,153.25
2334593,2334593,Scorpaena papillosa,-33.75,151.25
2334593,2334593,Scorpaena papillosa,-34.25,151.75
2334593,2334593,Scorpaena papillosa,-34.25,150.75
2334593,2334593,Scorpaena papillosa,-33.25,151.25
2334593,2334593,Scorpaena papillosa,-33.75,151.75
2334593,2334593,Scorpaena papillosa,-33.25,152.75
2334593,2334593,Scorpaena papillosa,-32.75,152.75
2334593,2334593,Scorpaena papillosa,-32.25,153.25
2334593,2334593,Scorpaena papillosa,-35.25,150.75
2334593,2334593,Scorpaena papillosa,-35.75,150.25
2334593,2334593,Scorpaena papillosa,-36.25,150.75
2334593,2334593,Scorpaena papillosa,-35.25,151.25
2334593,2334593,Scorpaena papillosa,-36.75,150.25
2334593,2334593,Scorpaena papillosa,-37.75,150.25
2334593,2334593,Scorpaena papillosa,-34.75,151.25
2334593,2334593,Scorpaena papillosa,-34.75,150.75
2334593,2334593,Scorpaena papillosa,-31.25,153.25
2334593,2334593,Scorpaena papillosa,-29.25,153.75
2334593,2334593,Scorpaena papillosa,-28.25,154.25
2334593,2334593,Scorpaena papillosa,-29.75,153.25
2334593,2334593,Scorpaena papillosa,-28.75,153.25
2334593,2334593,Scorpaena papillosa,-32.75,153.25
2334593,2334593,Scorpaena papillosa,-37.25,150.25
2334593,2334593,Scorpaena papillosa,-36.25,150.25
2334593,2334593,Scorpaena papillosa,-33.75,152.25
2334593,2334593,Scorpaena papillosa,-35.75,150.75
2334593,2334593,Scorpaena papillosa,-35.25,150.25
2334593,2334593,Scorpaena papillosa,-33.25,152.25
2334593,2334593,Scorpaena papillosa,-34.25,151.25
2334593,2334593,Scorpaena papillosa,-33.25,151.75
2334593,2334593,Scorpaena papillosa,-31.75,153.25
2334593,2334593,Scorpaena papillosa,-32.75,152.25
2334593,2334593,Scorpaena papillosa,-31.25,152.75
2334593,2334593,Scorpaena papillosa,-36.75,149.75
2334593,2334593,Scorpaena papillosa,-30.25,153.75
2334593,2334593,Scorpaena papillosa,-37.75,149.75
2334593,2334593,Scorpaena papillosa,-32.25,152.25
2334593,2334593,Scorpaena papillosa,-34.75,151.75
2334593,2334593,Scorpaena papillosa,-32.25,152.75
2334593,2334593,Scorpaena papillosa,-39.0396,146.305
2334593,2334593,Scorpaena papillosa,-39.1241,146.424
2334593,2334593,Scorpaena papillosa,-37.3284,150.2736
2334593,2334593,Scorpaena papillosa,-37.3284,150.2736
2334593,10822122,Scorpaena papillosa,-37.808333,148.02
2334593,2334593,Scorpaena papillosa,-37.92916,148.245
2334593,2334593,Scorpaena papillosa,-37.92916,148.245
2334593,2334593,Scorpaena papillosa,-37.92916,148.245
2334593,2334593,Scorpaena papillosa,-37.92916,148.245
2334593,2334593,Scorpaena papillosa,-37.92916,148.245
2334593,2334593,Scorpaena papillosa,-37.92916,148.245
2334593,2334593,Scorpaena papillosa,-37.92916,148.245
2334593,2334593,Scorpaena papillosa,-37.92916,148.245
2334593,2334593,Scorpaena papillosa,-37.92916,148.245
2334593,2334593,Scorpaena papillosa,-37.92916,148.245
2334593,2334593,Scorpaena papillosa,-37.92916,148.245
2334593,2334593,Scorpaena papillosa,-37.92916,148.245
2334593,2334593,Scorpaena papillosa,-37.92916,148.245
2334593,2334593,Scorpaena papillosa,-37.92916,148.245
2334593,2334593,Scorpaena papillosa,-37.92916,148.245
2334593,2334593,Scorpaena papillosa,-37.28666,149.9975
2334593,2334593,Scorpaena papillosa,-37.31,150.02
2334593,2334593,Scorpaena papillosa,-37.61916,149.89666
2334593,2334593,Scorpaena papillosa,-38.97083,146.54666
2334593,2334593,Scorpaena papillosa,-37.31499,150.08001
2334593,2334593,Scorpaena papillosa,-37.80833,149.00833
2334593,2334593,Scorpaena papillosa,-37.61916,149.89666
2334593,2334593,Scorpaena papillosa,-37.61916,149.89666
2334593,2334593,Scorpaena papillosa,-37.61916,149.89666
2334593,2334593,Scorpaena papillosa,-37.61916,149.89666
2334593,2334593,Scorpaena papillosa,-37.61916,149.89666
2334593,2334593,Scorpaena papillosa,-37.61916,149.89666
2334593,2334593,Scorpaena papillosa,-37.61916,149.89666
2334593,2334593,Scorpaena papillosa,-37.61916,149.89666
2334593,2334593,Scorpaena papillosa,-37.61916,149.89666
2334593,2334593,Scorpaena papillosa,-37.61916,149.89666
2334593,2334593,Scorpaena papillosa,-37.61916,149.89666
2334593,2334593,Scorpaena papillosa,-37.61916,149.89666
2334593,2334593,Scorpaena papillosa,-37.61916,149.89666
2334593,2334593,Scorpaena papillosa,-37.61916,149.89666
2334593,2334593,Scorpaena papillosa,-37.61916,149.89666
2334593,2334593,Scorpaena papillosa,-37.61916,149.89666
2334593,2334593,Scorpaena papillosa,-37.61916,149.89666
2334593,2334593,Scorpaena papillosa,-37.61916,149.89666
2334593,2334593,Scorpaena papillosa,-37.61916,149.89666
2334593,2334593,Scorpaena papillosa,-37.61916,149.89666
2334593,2334593,Scorpaena papillosa,-37.61916,149.89666
2334593,2334593,Scorpaena papillosa,-37.61916,149.89666
2334593,2334593,Scorpaena papillosa,-37.61916,149.89666
2334593,2334593,Scorpaena papillosa,-37.61916,149.89666
2334593,2334593,Scorpaena papillosa,-37.61916,149.89666
2334593,2334593,Scorpaena papillosa,-37.61916,149.89666
2334593,2334593,Scorpaena papillosa,-37.61916,149.89666
2334593,2334593,Scorpaena papillosa,-37.61916,149.89666
2334593,2334593,Scorpaena papillosa,-37.61916,149.89666
2334593,2334593,Scorpaena papillosa,-37.61916,149.89666
2334593,2334593,Scorpaena papillosa,-37.61916,149.89666
2334593,2334593,Scorpaena papillosa,-37.61916,149.89666
2334593,2334593,Scorpaena papillosa,-37.61916,149.89666
2334593,2334593,Scorpaena papillosa,-37.61916,149.89666
2334593,2334593,Scorpaena papillosa,-37.61916,149.89666
2334593,2334593,Scorpaena papillosa,-37.61916,149.89666
2334593,2334593,Scorpaena papillosa,-37.61916,149.89666
2334593,2334593,Scorpaena papillosa,-37.61916,149.89666
2334593,2334593,Scorpaena papillosa,-37.61916,149.89666
2334593,2334593,Scorpaena papillosa,-37.61916,149.89666
2334593,2334593,Scorpaena papillosa,-37.61916,149.89666
2334593,2334593,Scorpaena papillosa,-37.61916,149.89666
2334593,2334593,Scorpaena papillosa,-37.61916,149.89666
2334593,2334593,Scorpaena papillosa,-37.61916,149.89666
2334593,2334593,Scorpaena papillosa,-37.61916,149.89666
2334593,2334593,Scorpaena papillosa,-37.61916,149.89666
2334593,2334593,Scorpaena papillosa,-37.61916,149.89666
2334593,2334593,Scorpaena papillosa,-37.61916,149.89666
2334593,2334593,Scorpaena papillosa,-37.61916,149.89666
2334593,2334593,Scorpaena papillosa,-37.61916,149.89666
2334593,2334593,Scorpaena papillosa,-37.61916,149.89666
2334593,2334593,Scorpaena papillosa,-37.61916,149.89666
2334593,2334593,Scorpaena papillosa,-37.61916,149.89666
2334593,2334593,Scorpaena papillosa,-37.61916,149.89666
2334593,2334593,Scorpaena papillosa,-37.61916,149.89666
2334593,2334593,Scorpaena papillosa,-37.61916,149.89666
2334593,2334593,Scorpaena papillosa,-37.61916,149.89666
2334593,2334593,Scorpaena papillosa,-37.61916,149.89666
2334593,2334593,Scorpaena papillosa,-37.61916,149.89666
2334593,2334593,Scorpaena papillosa,-37.61916,149.89666
2334593,2334593,Scorpaena papillosa,-37.61916,149.89666
2334593,2334593,Scorpaena papillosa,-37.61916,149.89666
2334593,2334593,Scorpaena papillosa,-37.61916,149.89666
2334593,2334593,Scorpaena papillosa,-37.61916,149.89666
2334593,2334593,Scorpaena papillosa,-37.61916,149.89666
2334593,2334593,Scorpaena papillosa,-37.61916,149.89666
2334593,2334593,Scorpaena papillosa,-37.61916,149.89666
2334593,2334593,Scorpaena papillosa,-37.61916,149.89666
2334593,2334593,Scorpaena papillosa,-37.61916,149.89666
2334593,2334593,Scorpaena papillosa,-37.61916,149.89666
2334593,2334593,Scorpaena papillosa,-37.61916,149.89666
2334593,2334593,Scorpaena papillosa,-37.61916,149.89666
2334593,2334593,Scorpaena papillosa,-37.61916,149.89666
2334593,2334593,Scorpaena papillosa,-37.61916,149.89666
2334593,2334593,Scorpaena papillosa,-37.61916,149.89666
2334593,2334593,Scorpaena papillosa,-37.61916,149.89666
2334593,2334593,Scorpaena papillosa,-37.61916,149.89666
2334593,2334593,Scorpaena papillosa,-37.61916,149.89666
2334593,2334593,Scorpaena papillosa,-37.61916,149.89666
2334593,2334593,Scorpaena papillosa,-37.61916,149.89666
2334593,2334593,Scorpaena papillosa,-37.61916,149.89666
2334593,2334593,Scorpaena papillosa,-37.61916,149.89666
2334593,2334593,Scorpaena papillosa,-37.61916,149.89666
2334593,2334593,Scorpaena papillosa,-37.61916,149.89666
2334593,2334593,Scorpaena papillosa,-37.61916,149.89666
2334593,2334593,Scorpaena papillosa,-37.61916,149.89666
2334593,2334593,Scorpaena papillosa,-37.61916,149.89666
2334593,2334593,Scorpaena papillosa,-37.61916,149.89666
2334593,2334593,Scorpaena papillosa,-37.61916,149.89666
2334593,2334593,Scorpaena papillosa,-37.61916,149.89666
2334593,2334593,Scorpaena papillosa,-37.61916,149.89666
2334593,2334593,Scorpaena papillosa,-37.61916,149.89666
2334593,2334593,Scorpaena papillosa,-37.61916,149.89666
2334593,2334593,Scorpaena papillosa,-37.61916,149.89666
2334593,2334593,Scorpaena papillosa,-37.61916,149.89666
2334593,2334593,Scorpaena papillosa,-37.61916,149.89666
2334593,2334593,Scorpaena papillosa,-37.61916,149.89666
2334593,2334593,Scorpaena papillosa,-37.61916,149.89666
2334593,2334593,Scorpaena papillosa,-37.61916,149.89666
2334593,2334593,Scorpaena papillosa,-37.61916,149.89666
2334593,2334593,Scorpaena papillosa,-37.61916,149.89666
2334593,2334593,Scorpaena papillosa,-37.61916,149.89666
2334593,2334593,Scorpaena papillosa,-37.61916,149.89666
2334593,2334593,Scorpaena papillosa,-37.61916,149.89666
2334593,2334593,Scorpaena papillosa,-37.61916,149.89666
2334593,2334593,Scorpaena papillosa,-37.61916,149.89666
2334593,2334593,Scorpaena papillosa,-37.61916,149.89666
2334593,2334593,Scorpaena papillosa,-37.61916,149.89666
2334593,2334593,Scorpaena papillosa,-37.31499,150.08001
2334593,2334593,Scorpaena papillosa,-37.31499,150.08001
2334593,2334593,Scorpaena papillosa,-37.31499,150.08001
2334593,2334593,Scorpaena papillosa,-37.31499,150.08001
2334593,2334593,Scorpaena papillosa,-37.31499,150.08001
2334593,2334593,Scorpaena papillosa,-37.31499,150.08001
2334593,2334593,Scorpaena papillosa,-37.31499,150.08001
2334593,2334593,Scorpaena papillosa,-37.31499,150.08001
2334593,2334593,Scorpaena papillosa,-37.31499,150.08001
2334593,2334593,Scorpaena papillosa,-37.31499,150.08001
2334593,2334593,Scorpaena papillosa,-37.31499,150.08001
2334593,2334593,Scorpaena papillosa,-37.31499,150.08001
2334593,2334593,Scorpaena papillosa,-37.31499,150.08001
2334593,2334593,Scorpaena papillosa,-37.31499,150.08001
2334593,2334593,Scorpaena papillosa,-37.31499,150.08001
2334593,2334593,Scorpaena papillosa,-37.31499,150.08001
2334593,2334593,Scorpaena papillosa,-37.31499,150.08001
2334593,2334593,Scorpaena papillosa,-37.31499,150.08001
2334593,2334593,Scorpaena papillosa,-37.31499,150.08001
2334593,2334593,Scorpaena papillosa,-37.31499,150.08001
2334593,2334593,Scorpaena papillosa,-37.31499,150.08001
2334593,2334593,Scorpaena papillosa,-37.31499,150.08001
2334593,2334593,Scorpaena papillosa,-37.31499,150.08001
2334593,2334593,Scorpaena papillosa,-37.31499,150.08001
2334593,2334593,Scorpaena papillosa,-37.31499,150.08001
2334593,2334593,Scorpaena papillosa,-37.31499,150.08001
2334593,2334593,Scorpaena papillosa,-37.31499,150.08001
2334593,2334593,Scorpaena papillosa,-37.31499,150.08001
2334593,2334593,Scorpaena papillosa,-37.31499,150.08001
2334593,2334593,Scorpaena papillosa,-37.31499,150.08001
2334593,2334593,Scorpaena papillosa,-37.31499,150.08001
2334593,2334593,Scorpaena papillosa,-37.31499,150.08001
2334593,2334593,Scorpaena papillosa,-37.31499,150.08001
2334593,2334593,Scorpaena papillosa,-37.31499,150.08001
2334593,2334593,Scorpaena papillosa,-37.31499,150.08001
2334593,2334593,Scorpaena papillosa,-37.31499,150.08001
2334593,2334593,Scorpaena papillosa,-37.31499,150.08001
2334593,2334593,Scorpaena papillosa,-37.31499,150.08001
2334593,2334593,Scorpaena papillosa,-37.31499,150.08001
2334593,2334593,Scorpaena papillosa,-37.31499,150.08001
2334593,2334593,Scorpaena papillosa,-37.31499,150.08001
2334593,2334593,Scorpaena papillosa,-37.31499,150.08001
2334593,2334593,Scorpaena papillosa,-37.31499,150.08001
2334593,2334593,Scorpaena papillosa,-37.31499,150.08001
2334593,2334593,Scorpaena papillosa,-37.31499,150.08001
2334593,2334593,Scorpaena papillosa,-37.31499,150.08001
2334593,2334593,Scorpaena papillosa,-37.31499,150.08001
2334593,2334593,Scorpaena papillosa,-37.29667,150.03
2334593,2334593,Scorpaena papillosa,-37.29667,150.03
2334593,10822122,Scorpaena papillosa,-37.808333,148.02
2334593,2334593,Scorpaena papillosa,-37.40083,150.07459
2334593,2334593,Scorpaena papillosa,-37.31,150.095
2334593,2334593,Scorpaena papillosa,-37.45667,150.00667
2334593,2334593,Scorpaena papillosa,-37.34999,150.10833
2334593,2334593,Scorpaena papillosa,-37.40358,150.07192
2334593,2334593,Scorpaena papillosa,-37.424,149.997
2334593,2334593,Scorpaena papillosa,-37.60917,149.6325
2334593,2334593,Scorpaena papillosa,-37.45416,150.00833
2334593,2334593,Scorpaena papillosa,-37.37,150.06667
2334593,2334593,Scorpaena papillosa,-37.37,150.06667
2334593,2334593,Scorpaena papillosa,-37.37,150.06667
2334593,2334593,Scorpaena papillosa,-37.37,150.06667
2334593,2334593,Scorpaena papillosa,-37.37,150.06667
2334593,2334593,Scorpaena papillosa,-37.37,150.06667
2334593,2334593,Scorpaena papillosa,-37.37,150.06667
2334593,2334593,Scorpaena papillosa,-37.37,150.06667
2334593,2334593,Scorpaena papillosa,-37.37,150.06667
2334593,2334593,Scorpaena papillosa,-37.37,150.06667
2334593,2334593,Scorpaena papillosa,-37.37,150.06667
2334593,2334593,Scorpaena papillosa,-37.37,150.06667
2334593,2334593,Scorpaena papillosa,-37.37,150.06667
2334593,2334593,Scorpaena papillosa,-37.37,150.06667
2334593,2334593,Scorpaena papillosa,-37.37,150.06667
2334593,2334593,Scorpaena papillosa,-37.37,150.06667
2334593,2334593,Scorpaena papillosa,-37.37,150.06667
2334593,2334593,Scorpaena papillosa,-37.37,150.06667
2334593,2334593,Scorpaena papillosa,-37.37,150.06667
2334593,2334593,Scorpaena papillosa,-37.37,150.06667
2334593,2334593,Scorpaena papillosa,-37.37,150.06667
2334593,2334593,Scorpaena papillosa,-37.37,150.06667
2334593,2334593,Scorpaena papillosa,-37.37,150.06667
2334593,2334593,Scorpaena papillosa,-37.37,150.06667
2334593,2334593,Scorpaena papillosa,-37.37,150.06667
2334593,2334593,Scorpaena papillosa,-37.37,150.06667
2334593,2334593,Scorpaena papillosa,-37.37,150.06667
2334593,2334593,Scorpaena papillosa,-37.37,150.06667
2334593,2334593,Scorpaena papillosa,-37.37,150.06667
2334593,2334593,Scorpaena papillosa,-37.37,150.06667
2334593,2334593,Scorpaena papillosa,-37.37,150.06667
2334593,2334593,Scorpaena papillosa,-37.37,150.06667
2334593,2334593,Scorpaena papillosa,-37.37,150.06667
2334593,2334593,Scorpaena papillosa,-37.37,150.06667
2334593,2334593,Scorpaena papillosa,-37.37,150.06667
2334593,2334593,Scorpaena papillosa,-37.37,150.06667
2334593,2334593,Scorpaena papillosa,-37.37,150.06667
2334593,2334593,Scorpaena papillosa,-37.37,150.06667
2334593,2334593,Scorpaena papillosa,-37.37,150.06667
2334593,2334593,Scorpaena papillosa,-37.37,150.06667
2334593,2334593,Scorpaena papillosa,-37.37,150.06667
2334593,2334593,Scorpaena papillosa,-37.60166,149.85
2334593,2334593,Scorpaena papillosa,-37.38,150.045
2334593,2334593,Scorpaena papillosa,-37.38,150.045
2334593,2334593,Scorpaena papillosa,-37.38,150.045
2334593,2334593,Scorpaena papillosa,-37.38,150.045
2334593,2334593,Scorpaena papillosa,-37.38,150.045
2334593,2334593,Scorpaena papillosa,-37.38,150.045
2334593,2334593,Scorpaena papillosa,-37.38,150.045
2334593,2334593,Scorpaena papillosa,-37.38,150.045
2334593,2334593,Scorpaena papillosa,-37.38,150.045
2334593,2334593,Scorpaena papillosa,-37.38,150.045
2334593,2334593,Scorpaena papillosa,-37.38,150.045
2334593,2334593,Scorpaena papillosa,-37.38,150.045
2334593,2334593,Scorpaena papillosa,-37.38,150.045
2334593,2334593,Scorpaena papillosa,-37.38,150.045
2334593,2334593,Scorpaena papillosa,-37.38,150.045
2334593,2334593,Scorpaena papillosa,-37.38,150.045
2334593,2334593,Scorpaena papillosa,-37.38,150.045
2334593,2334593,Scorpaena papillosa,-37.38,150.045
2334593,2334593,Scorpaena papillosa,-37.38,150.045
2334593,2334593,Scorpaena papillosa,-37.38,150.045
2334593,2334593,Scorpaena papillosa,-37.38,150.045
2334593,2334593,Scorpaena papillosa,-37.38,150.045
2334593,2334593,Scorpaena papillosa,-37.38,150.045
2334593,2334593,Scorpaena papillosa,-37.38,150.045
2334593,2334593,Scorpaena papillosa,-37.38,150.045
2334593,2334593,Scorpaena papillosa,-37.38,150.045
2334593,2334593,Scorpaena papillosa,-37.38,150.045
2334593,2334593,Scorpaena papillosa,-37.38,150.045
2334593,2334593,Scorpaena papillosa,-37.38,150.045
2334593,2334593,Scorpaena papillosa,-37.38,150.045
2334593,2334593,Scorpaena papillosa,-37.38,150.045
2334593,2334593,Scorpaena papillosa,-37.38,150.045
2334593,2334593,Scorpaena papillosa,-37.38,150.045
2334593,2334593,Scorpaena papillosa,-37.38,150.045
2334593,2334593,Scorpaena papillosa,-37.38,150.045
2334593,2334593,Scorpaena papillosa,-37.38,150.045
2334593,2334593,Scorpaena papillosa,-37.38,150.045
2334593,2334593,Scorpaena papillosa,-37.40167,150.04167
2334593,2334593,Scorpaena papillosa,-37.38,150.045
2334593,2334593,Scorpaena papillosa,-37.38,150.045
2334593,2334593,Scorpaena papillosa,-37.38,150.045
2334593,2334593,Scorpaena papillosa,-37.38,150.045
2334593,2334593,Scorpaena papillosa,-37.38,150.045
2334593,2334593,Scorpaena papillosa,-37.38,150.045
2334593,2334593,Scorpaena papillosa,-37.38,150.045
2334593,2334593,Scorpaena papillosa,-37.38,150.045
2334593,2334593,Scorpaena papillosa,-37.38,150.045
2334593,2334593,Scorpaena papillosa,-37.38,150.045
2334593,2334593,Scorpaena papillosa,-37.34666,150.10417
2334593,2334593,Scorpaena papillosa,-37.36667,150.0925
2334593,2334593,Scorpaena papillosa,-37.47167,150.00667
2334593,2334593,Scorpaena papillosa,-37.44758,149.99142
2334593,2334593,Scorpaena papillosa,-37.425,150.005
2334593,2334593,Scorpaena papillosa,-37.424,149.997
2334593,2334593,Scorpaena papillosa,-37.424,149.997
2334593,2334593,Scorpaena papillosa,-37.60166,149.85
2334593,2334593,Scorpaena papillosa,-37.40167,150.04167
2334593,2334593,Scorpaena papillosa,-37.40167,150.04167
2334593,2334593,Scorpaena papillosa,-37.40167,150.04167
2334593,2334593,Scorpaena papillosa,-37.40167,150.04167
2334593,2334593,Scorpaena papillosa,-37.40167,150.04167
2334593,2334593,Scorpaena papillosa,-37.40167,150.04167
2334593,2334593,Scorpaena papillosa,-37.40167,150.04167
2334593,2334593,Scorpaena papillosa,-37.40167,150.04167
2334593,2334593,Scorpaena papillosa,-37.40167,150.04167
2334593,2334593,Scorpaena papillosa,-37.40167,150.04167
2334593,2334593,Scorpaena papillosa,-37.40167,150.04167
2334593,2334593,Scorpaena papillosa,-37.31,150.095
2334593,2334593,Scorpaena papillosa,-37.31,150.095
2334593,2334593,Scorpaena papillosa,-37.31,150.095
2334593,2334593,Scorpaena papillosa,-37.31,150.095
2334593,2334593,Scorpaena papillosa,-37.31,150.095
2334593,2334593,Scorpaena papillosa,-37.31,150.095
2334593,2334593,Scorpaena papillosa,-37.31,150.095
2334593,2334593,Scorpaena papillosa,-37.31,150.095
2334593,2334593,Scorpaena papillosa,-37.31,150.095
2334593,2334593,Scorpaena papillosa,-37.31,150.095
2334593,2334593,Scorpaena papillosa,-37.31,150.095
2334593,2334593,Scorpaena papillosa,-37.31,150.095
2334593,2334593,Scorpaena papillosa,-37.31,150.095
2334593,2334593,Scorpaena papillosa,-37.31,150.095
2334593,2334593,Scorpaena papillosa,-37.425,150.005
2334593,2334593,Scorpaena papillosa,-37.425,150.005
2334593,2334593,Scorpaena papillosa,-37.425,150.005
2334593,2334593,Scorpaena papillosa,-37.425,150.005
2334593,2334593,Scorpaena papillosa,-37.425,150.005
2334593,2334593,Scorpaena papillosa,-37.425,150.005
2334593,2334593,Scorpaena papillosa,-37.425,150.005
2334593,2334593,Scorpaena papillosa,-37.425,150.005
2334593,2334593,Scorpaena papillosa,-37.425,150.005
2334593,2334593,Scorpaena papillosa,-37.425,150.005
2334593,2334593,Scorpaena papillosa,-37.425,150.005
2334593,2334593,Scorpaena papillosa,-37.425,150.005
2334593,2334593,Scorpaena papillosa,-37.425,150.005
2334593,2334593,Scorpaena papillosa,-37.425,150.005
2334593,2334593,Scorpaena papillosa,-37.425,150.005
2334593,2334593,Scorpaena papillosa,-37.425,150.005
2334593,2334593,Scorpaena papillosa,-37.425,150.005
2334593,2334593,Scorpaena papillosa,-37.425,150.005
2334593,2334593,Scorpaena papillosa,-37.425,150.005
2334593,2334593,Scorpaena papillosa,-37.425,150.005
2334593,2334593,Scorpaena papillosa,-37.425,150.005
2334593,2334593,Scorpaena papillosa,-37.425,150.005
2334593,2334593,Scorpaena papillosa,-37.425,150.005
2334593,2334593,Scorpaena papillosa,-37.425,150.005
2334593,2334593,Scorpaena papillosa,-37.425,150.005
2334593,2334593,Scorpaena papillosa,-37.40167,150.04167
2334593,2334593,Scorpaena papillosa,-37.40167,150.04167
2334593,2334593,Scorpaena papillosa,-37.40167,150.04167
2334593,2334593,Scorpaena papillosa,-37.40167,150.04167
2334593,2334593,Scorpaena papillosa,-37.40167,150.04167
2334593,2334593,Scorpaena papillosa,-37.40167,150.04167
2334593,2334593,Scorpaena papillosa,-37.40167,150.04167
2334593,2334593,Scorpaena papillosa,-37.40167,150.04167
2334593,2334593,Scorpaena papillosa,-37.40167,150.04167
2334593,2334593,Scorpaena papillosa,-37.40167,150.04167
2334593,2334593,Scorpaena papillosa,-37.40167,150.04167
2334593,2334593,Scorpaena papillosa,-37.40167,150.04167
2334593,2334593,Scorpaena papillosa,-37.40167,150.04167
2334593,2334593,Scorpaena papillosa,-37.40167,150.04167
2334593,2334593,Scorpaena papillosa,-37.40167,150.04167
2334593,2334593,Scorpaena papillosa,-37.40167,150.04167
2334593,2334593,Scorpaena papillosa,-37.40167,150.04167
2334593,2334593,Scorpaena papillosa,-37.40167,150.04167
2334593,2334593,Scorpaena papillosa,-37.40167,150.04167
2334593,2334593,Scorpaena papillosa,-37.40167,150.04167
2334593,2334593,Scorpaena papillosa,-37.40167,150.04167
2334593,2334593,Scorpaena papillosa,-37.40167,150.04167
2334593,2334593,Scorpaena papillosa,-37.40167,150.04167
2334593,2334593,Scorpaena papillosa,-37.40167,150.04167
2334593,2334593,Scorpaena papillosa,-37.40167,150.04167
2334593,2334593,Scorpaena papillosa,-37.40167,150.04167
2334593,2334593,Scorpaena papillosa,-37.40167,150.04167
2334593,2334593,Scorpaena papillosa,-37.425,150.005
2334593,2334593,Scorpaena papillosa,-37.425,150.005
2334593,2334593,Scorpaena papillosa,-37.425,150.005
2334593,2334593,Scorpaena papillosa,-37.425,150.005
2334593,2334593,Scorpaena papillosa,-37.425,150.005
2334593,2334593,Scorpaena papillosa,-37.425,150.005
2334593,2334593,Scorpaena papillosa,-37.425,150.005
2334593,2334593,Scorpaena papillosa,-37.425,150.005
2334593,2334593,Scorpaena papillosa,-37.425,150.005
2334593,2334593,Scorpaena papillosa,-37.425,150.005
2334593,2334593,Scorpaena papillosa,-37.425,150.005
2334593,2334593,Scorpaena papillosa,-37.425,150.005
2334593,2334593,Scorpaena papillosa,-37.425,150.005
2334593,2334593,Scorpaena papillosa,-37.425,150.005
2334593,2334593,Scorpaena papillosa,-37.425,150.005
2334593,2334593,Scorpaena papillosa,-37.425,150.005
2334593,2334593,Scorpaena papillosa,-37.425,150.005
2334593,2334593,Scorpaena papillosa,-37.425,150.005
2334593,2334593,Scorpaena papillosa,-37.425,150.005
2334593,2334593,Scorpaena papillosa,-37.425,150.005
2334593,2334593,Scorpaena papillosa,-37.425,150.005
2334593,2334593,Scorpaena papillosa,-37.425,150.005
2334593,2334593,Scorpaena papillosa,-37.425,150.005
2334593,2334593,Scorpaena papillosa,-37.335,150.07167
2334593,2334593,Scorpaena papillosa,-37.60917,149.6325
2334593,2334593,Scorpaena papillosa,-37.31,150.095
2334593,2334593,Scorpaena papillosa,-37.31,150.095
2334593,2334593,Scorpaena papillosa,-37.31,150.095
2334593,2334593,Scorpaena papillosa,-37.31,150.095
2334593,2334593,Scorpaena papillosa,-37.31,150.095
2334593,2334593,Scorpaena papillosa,-37.31,150.095
2334593,2334593,Scorpaena papillosa,-37.31,150.095
2334593,2334593,Scorpaena papillosa,-37.31,150.095
2334593,2334593,Scorpaena papillosa,-37.31,150.095
2334593,2334593,Scorpaena papillosa,-37.31,150.095
2334593,2334593,Scorpaena papillosa,-37.31,150.095
2334593,2334593,Scorpaena papillosa,-37.31,150.095
2334593,2334593,Scorpaena papillosa,-37.31,150.095
2334593,2334593,Scorpaena papillosa,-37.31,150.095
2334593,2334593,Scorpaena papillosa,-37.31,150.095
2334593,2334593,Scorpaena papillosa,-37.31,150.095
2334593,2334593,Scorpaena papillosa,-37.31,150.095
2334593,2334593,Scorpaena papillosa,-37.31,150.095
2334593,2334593,Scorpaena papillosa,-37.31,150.095
2334593,2334593,Scorpaena papillosa,-37.31,150.095
2334593,2334593,Scorpaena papillosa,-37.31,150.095
2334593,2334593,Scorpaena papillosa,-37.31,150.095
2334593,2334593,Scorpaena papillosa,-37.31,150.095
2334593,2334593,Scorpaena papillosa,-37.31,150.095
2334593,2334593,Scorpaena papillosa,-37.31,150.095
2334593,2334593,Scorpaena papillosa,-37.31,150.095
2334593,2334593,Scorpaena papillosa,-37.31,150.095
2334593,2334593,Scorpaena papillosa,-37.31,150.095
2334593,2334593,Scorpaena papillosa,-37.31,150.095
2334593,2334593,Scorpaena papillosa,-37.31,150.095
2334593,2334593,Scorpaena papillosa,-37.31,150.095
2334593,2334593,Scorpaena papillosa,-37.31,150.095
2334593,2334593,Scorpaena papillosa,-37.31,150.095
2334593,2334593,Scorpaena papillosa,-37.31,150.095
2334593,2334593,Scorpaena papillosa,-37.31,150.095
2334593,2334593,Scorpaena papillosa,-37.31,150.095
2334593,2334593,Scorpaena papillosa,-37.31,150.095
2334593,2334593,Scorpaena papillosa,-37.44758,149.99142
2334593,2334593,Scorpaena papillosa,-37.40358,150.07192
2334593,2334593,Scorpaena papillosa,-37.424,149.997
2334593,2334593,Scorpaena papillosa,-37.6025,149.84916
2334593,2334593,Scorpaena papillosa,-37.40083,150.07459
2334593,2334593,Scorpaena papillosa,-37.60166,149.85
2334593,2334593,Scorpaena papillosa,-37.60166,149.85
2334593,2334593,Scorpaena papillosa,-37.60166,149.85
2334593,2334593,Scorpaena papillosa,-37.60166,149.85
2334593,2334593,Scorpaena papillosa,-37.60166,149.85
2334593,2334593,Scorpaena papillosa,-37.60166,149.85
2334593,2334593,Scorpaena papillosa,-37.60166,149.85
2334593,2334593,Scorpaena papillosa,-37.60166,149.85
2334593,2334593,Scorpaena papillosa,-37.60166,149.85
2334593,2334593,Scorpaena papillosa,-37.60166,149.85
2334593,2334593,Scorpaena papillosa,-37.60166,149.85
2334593,2334593,Scorpaena papillosa,-37.60166,149.85
2334593,2334593,Scorpaena papillosa,-37.60166,149.85
2334593,2334593,Scorpaena papillosa,-37.60166,149.85
2334593,2334593,Scorpaena papillosa,-37.60166,149.85
2334593,2334593,Scorpaena papillosa,-37.60166,149.85
2334593,2334593,Scorpaena papillosa,-37.60166,149.85
2334593,2334593,Scorpaena papillosa,-37.60166,149.85
2334593,2334593,Scorpaena papillosa,-37.60166,149.85
2334593,2334593,Scorpaena papillosa,-37.60166,149.85
2334593,2334593,Scorpaena papillosa,-37.60166,149.85
2334593,2334593,Scorpaena papillosa,-37.335,150.07167
2334593,2334593,Scorpaena papillosa,-37.36667,150.0925
2334593,2334593,Scorpaena papillosa,-37.36667,150.0925
2334593,2334593,Scorpaena papillosa,-37.36667,150.0925
2334593,2334593,Scorpaena papillosa,-37.36667,150.0925
2334593,2334593,Scorpaena papillosa,-37.36667,150.0925
2334593,2334593,Scorpaena papillosa,-37.36667,150.0925
2334593,2334593,Scorpaena papillosa,-37.36667,150.0925
2334593,2334593,Scorpaena papillosa,-37.36667,150.0925
2334593,2334593,Scorpaena papillosa,-37.36667,150.0925
2334593,2334593,Scorpaena papillosa,-37.36667,150.0925
2334593,2334593,Scorpaena papillosa,-37.36667,150.0925
2334593,2334593,Scorpaena papillosa,-37.36667,150.0925
2334593,2334593,Scorpaena papillosa,-37.36667,150.0925
2334593,2334593,Scorpaena papillosa,-37.36667,150.0925
2334593,2334593,Scorpaena papillosa,-37.41,149.975
2334593,2334593,Scorpaena papillosa,-37.37,150.06667
2334593,2334593,Scorpaena papillosa,-37.60917,149.6325
2334593,2334593,Scorpaena papillosa,-37.38166,149.99001
2334593,2334593,Scorpaena papillosa,-37.38166,149.99001
2334593,2334593,Scorpaena papillosa,-37.38166,149.99001
2334593,2334593,Scorpaena papillosa,-37.38166,149.99001
2334593,2334593,Scorpaena papillosa,-37.38166,149.99001
2334593,2334593,Scorpaena papillosa,-37.38166,149.99001
2334593,2334593,Scorpaena papillosa,-37.38166,149.99001
2334593,2334593,Scorpaena papillosa,-37.38166,149.99001
2334593,2334593,Scorpaena papillosa,-37.38166,149.99001
2334593,2334593,Scorpaena papillosa,-37.38166,149.99001
2334593,2334593,Scorpaena papillosa,-37.38166,149.99001
2334593,2334593,Scorpaena papillosa,-37.38166,149.99001
2334593,2334593,Scorpaena papillosa,-37.38166,149.99001
2334593,2334593,Scorpaena papillosa,-37.38166,149.99001
2334593,2334593,Scorpaena papillosa,-37.38166,149.99001
2334593,2334593,Scorpaena papillosa,-37.38166,149.99001
2334593,2334593,Scorpaena papillosa,-37.38166,149.99001
2334593,2334593,Scorpaena papillosa,-37.38166,149.99001
2334593,2334593,Scorpaena papillosa,-37.38166,149.99001
2334593,2334593,Scorpaena papillosa,-37.38166,149.99001
2334593,2334593,Scorpaena papillosa,-37.38166,149.99001
2334593,2334593,Scorpaena papillosa,-37.38166,149.99001
2334593,2334593,Scorpaena papillosa,-37.38166,149.99001
2334593,2334593,Scorpaena papillosa,-37.38166,149.99001
2334593,2334593,Scorpaena papillosa,-37.41,149.975
2334593,2334593,Scorpaena papillosa,-37.38,150.045
2334593,2334593,Scorpaena papillosa,-37.335,150.07167
2334593,2334593,Scorpaena papillosa,-37.335,150.07167
2334593,2334593,Scorpaena papillosa,-37.335,150.07167
2334593,2334593,Scorpaena papillosa,-37.335,150.07167
2334593,2334593,Scorpaena papillosa,-37.335,150.07167
2334593,2334593,Scorpaena papillosa,-37.335,150.07167
2334593,2334593,Scorpaena papillosa,-37.335,150.07167
2334593,2334593,Scorpaena papillosa,-37.335,150.07167
2334593,2334593,Scorpaena papillosa,-37.335,150.07167
2334593,2334593,Scorpaena papillosa,-37.335,150.07167
2334593,2334593,Scorpaena papillosa,-37.335,150.07167
2334593,2334593,Scorpaena papillosa,-37.335,150.07167
2334593,2334593,Scorpaena papillosa,-37.335,150.07167
2334593,2334593,Scorpaena papillosa,-37.335,150.07167
2334593,2334593,Scorpaena papillosa,-37.335,150.07167
2334593,2334593,Scorpaena papillosa,-37.335,150.07167
2334593,2334593,Scorpaena papillosa,-37.335,150.07167
2334593,2334593,Scorpaena papillosa,-37.335,150.07167
2334593,2334593,Scorpaena papillosa,-37.335,150.07167
2334593,2334593,Scorpaena papillosa,-37.335,150.07167
2334593,2334593,Scorpaena papillosa,-37.335,150.07167
2334593,2334593,Scorpaena papillosa,-37.335,150.07167
2334593,2334593,Scorpaena papillosa,-37.335,150.07167
2334593,2334593,Scorpaena papillosa,-37.335,150.07167
2334593,2334593,Scorpaena papillosa,-37.335,150.07167
2334593,2334593,Scorpaena papillosa,-37.335,150.07167
2334593,2334593,Scorpaena papillosa,-37.335,150.07167
2334593,2334593,Scorpaena papillosa,-37.335,150.07167
2334593,2334593,Scorpaena papillosa,-37.335,150.07167
2334593,2334593,Scorpaena papillosa,-37.335,150.07167
2334593,2334593,Scorpaena papillosa,-37.335,150.07167
2334593,2334593,Scorpaena papillosa,-37.335,150.07167
2334593,2334593,Scorpaena papillosa,-37.335,150.07167
2334593,2334593,Scorpaena papillosa,-37.335,150.07167
2334593,2334593,Scorpaena papillosa,-37.335,150.07167
2334593,2334593,Scorpaena papillosa,-37.335,150.07167
2334593,2334593,Scorpaena papillosa,-37.335,150.07167
2334593,2334593,Scorpaena papillosa,-37.335,150.07167
2334593,2334593,Scorpaena papillosa,-37.335,150.07167
2334593,2334593,Scorpaena papillosa,-37.335,150.07167
2334593,2334593,Scorpaena papillosa,-37.335,150.07167
2334593,2334593,Scorpaena papillosa,-37.335,150.07167
2334593,2334593,Scorpaena papillosa,-37.335,150.07167
2334593,2334593,Scorpaena papillosa,-37.335,150.07167
2334593,2334593,Scorpaena papillosa,-37.335,150.07167
2334593,2334593,Scorpaena papillosa,-37.335,150.07167
2334593,2334593,Scorpaena papillosa,-37.335,150.07167
2334593,2334593,Scorpaena papillosa,-37.335,150.07167
2334593,2334593,Scorpaena papillosa,-37.335,150.07167
2334593,2334593,Scorpaena papillosa,-37.335,150.07167
2334593,2334593,Scorpaena papillosa,-37.335,150.07167
2334593,2334593,Scorpaena papillosa,-37.335,150.07167
2334593,2334593,Scorpaena papillosa,-37.335,150.07167
2334593,2334593,Scorpaena papillosa,-37.335,150.07167
2334593,2334593,Scorpaena papillosa,-37.335,150.07167
2334593,2334593,Scorpaena papillosa,-37.38166,149.99001
2334593,2334593,Scorpaena papillosa,-37.8275,149.07417
2334593,2334593,Scorpaena papillosa,-37.91667,148.26583
2334593,2334593,Scorpaena papillosa,-37.61167,149.905
2334593,2334593,Scorpaena papillosa,-37.87833,148.235
2334593,2334593,Scorpaena papillosa,-37.31167,150.015
2334593,2334593,Scorpaena papillosa,-37.85333,148.2175
2334593,2334593,Scorpaena papillosa,-37.85333,148.2175
2334593,2334593,Scorpaena papillosa,-37.85333,148.2175
2334593,2334593,Scorpaena papillosa,-37.85333,148.2175
2334593,2334593,Scorpaena papillosa,-37.85333,148.2175
2334593,2334593,Scorpaena papillosa,-37.85333,148.2175
2334593,2334593,Scorpaena papillosa,-37.85333,148.2175
2334593,2334593,Scorpaena papillosa,-37.85333,148.2175
2334593,2334593,Scorpaena papillosa,-37.85333,148.2175
2334593,2334593,Scorpaena papillosa,-37.85333,148.2175
2334593,2334593,Scorpaena papillosa,-37.85333,148.2175
2334593,2334593,Scorpaena papillosa,-37.85333,148.2175
2334593,2334593,Scorpaena papillosa,-37.85333,148.2175
2334593,2334593,Scorpaena papillosa,-37.85333,148.2175
2334593,2334593,Scorpaena papillosa,-37.85333,148.2175
2334593,2334593,Scorpaena papillosa,-37.85333,148.2175
2334593,2334593,Scorpaena papillosa,-37.85333,148.2175
2334593,2334593,Scorpaena papillosa,-37.85333,148.2175
2334593,2334593,Scorpaena papillosa,-37.85333,148.2175
2334593,2334593,Scorpaena papillosa,-37.85333,148.2175
2334593,2334593,Scorpaena papillosa,-37.85333,148.2175
2334593,2334593,Scorpaena papillosa,-37.85333,148.2175
2334593,2334593,Scorpaena papillosa,-37.85333,148.2175
2334593,2334593,Scorpaena papillosa,-37.85333,148.2175
2334593,2334593,Scorpaena papillosa,-37.85333,148.2175
2334593,2334593,Scorpaena papillosa,-37.85333,148.2175
2334593,2334593,Scorpaena papillosa,-37.85333,148.2175
2334593,2334593,Scorpaena papillosa,-37.85333,148.2175
2334593,2334593,Scorpaena papillosa,-37.85333,148.2175
2334593,2334593,Scorpaena papillosa,-37.85333,148.2175
2334593,2334593,Scorpaena papillosa,-37.85333,148.2175
2334593,2334593,Scorpaena papillosa,-37.85333,148.2175
2334593,2334593,Scorpaena papillosa,-37.85333,148.2175
2334593,2334593,Scorpaena papillosa,-37.85333,148.2175
2334593,2334593,Scorpaena papillosa,-37.85333,148.2175
2334593,2334593,Scorpaena papillosa,-37.85333,148.2175
2334593,2334593,Scorpaena papillosa,-37.85333,148.2175
2334593,2334593,Scorpaena papillosa,-37.85333,148.2175
2334593,2334593,Scorpaena papillosa,-37.85333,148.2175
2334593,2334593,Scorpaena papillosa,-37.85333,148.2175
2334593,2334593,Scorpaena papillosa,-37.85333,148.2175
2334593,2334593,Scorpaena papillosa,-37.30083,150.07833
2334593,2334593,Scorpaena papillosa,-37.30083,150.07833
2334593,2334593,Scorpaena papillosa,-37.30083,150.07833
2334593,2334593,Scorpaena papillosa,-37.30083,150.07833
2334593,2334593,Scorpaena papillosa,-37.30083,150.07833
2334593,2334593,Scorpaena papillosa,-37.30083,150.07833
2334593,2334593,Scorpaena papillosa,-37.30083,150.07833
2334593,2334593,Scorpaena papillosa,-37.30083,150.07833
2334593,2334593,Scorpaena papillosa,-37.30083,150.07833
2334593,2334593,Scorpaena papillosa,-37.30083,150.07833
2334593,2334593,Scorpaena papillosa,-37.30083,150.07833
2334593,2334593,Scorpaena papillosa,-37.30083,150.07833
2334593,2334593,Scorpaena papillosa,-37.30083,150.07833
2334593,2334593,Scorpaena papillosa,-37.30083,150.07833
2334593,2334593,Scorpaena papillosa,-37.30083,150.07833
2334593,2334593,Scorpaena papillosa,-37.30083,150.07833
2334593,2334593,Scorpaena papillosa,-37.30083,150.07833
2334593,2334593,Scorpaena papillosa,-37.30083,150.07833
2334593,2334593,Scorpaena papillosa,-37.30083,150.07833
2334593,2334593,Scorpaena papillosa,-37.30083,150.07833
2334593,2334593,Scorpaena papillosa,-37.30083,150.07833
2334593,2334593,Scorpaena papillosa,-37.30083,150.07833
2334593,2334593,Scorpaena papillosa,-37.30083,150.07833
2334593,2334593,Scorpaena papillosa,-37.30083,150.07833
2334593,2334593,Scorpaena papillosa,-37.30083,150.07833
2334593,2334593,Scorpaena papillosa,-37.30083,150.07833
2334593,2334593,Scorpaena papillosa,-37.30083,150.07833
2334593,2334593,Scorpaena papillosa,-37.30083,150.07833
2334593,2334593,Scorpaena papillosa,-37.30083,150.07833
2334593,2334593,Scorpaena papillosa,-37.30083,150.07833
2334593,2334593,Scorpaena papillosa,-37.30083,150.07833
2334593,2334593,Scorpaena papillosa,-37.30083,150.07833
2334593,2334593,Scorpaena papillosa,-37.30083,150.07833
2334593,2334593,Scorpaena papillosa,-37.30083,150.07833
2334593,2334593,Scorpaena papillosa,-37.30083,150.07833
2334593,2334593,Scorpaena papillosa,-37.30083,150.07833
2334593,2334593,Scorpaena papillosa,-37.30083,150.07833
2334593,2334593,Scorpaena papillosa,-37.30083,150.07833
2334593,2334593,Scorpaena papillosa,-37.30083,150.07833
2334593,2334593,Scorpaena papillosa,-37.30083,150.07833
2334593,2334593,Scorpaena papillosa,-37.30083,150.07833
2334593,2334593,Scorpaena papillosa,-37.30083,150.07833
2334593,2334593,Scorpaena papillosa,-37.30083,150.07833
2334593,2334593,Scorpaena papillosa,-37.31167,150.015
2334593,2334593,Scorpaena papillosa,-37.30083,150.07833
2334593,2334593,Scorpaena papillosa,-37.88917,150.04251
2334593,2334593,Scorpaena papillosa,-37.91583,148.26667
2334593,2334593,Scorpaena papillosa,-37.91583,148.26667
2334593,2334593,Scorpaena papillosa,-37.91583,148.26667
2334593,2334593,Scorpaena papillosa,-37.91583,148.26667
2334593,2334593,Scorpaena papillosa,-37.91583,148.26667
2334593,2334593,Scorpaena papillosa,-37.91583,148.26667
2334593,2334593,Scorpaena papillosa,-37.91583,148.26667
2334593,2334593,Scorpaena papillosa,-37.91583,148.26667
2334593,2334593,Scorpaena papillosa,-37.91583,148.26667
2334593,2334593,Scorpaena papillosa,-37.91583,148.26667
2334593,2334593,Scorpaena papillosa,-37.91583,148.26667
2334593,2334593,Scorpaena papillosa,-37.91583,148.26667
2334593,2334593,Scorpaena papillosa,-37.91583,148.26667
2334593,2334593,Scorpaena papillosa,-37.91583,148.26667
2334593,2334593,Scorpaena papillosa,-37.91583,148.26667
2334593,2334593,Scorpaena papillosa,-37.91583,148.26667
2334593,2334593,Scorpaena papillosa,-37.91583,148.26667
2334593,2334593,Scorpaena papillosa,-37.91583,148.26667
2334593,2334593,Scorpaena papillosa,-37.91583,148.26667
2334593,2334593,Scorpaena papillosa,-37.91583,148.26667
2334593,2334593,Scorpaena papillosa,-37.91583,148.26667
2334593,2334593,Scorpaena papillosa,-37.91583,148.26667
2334593,2334593,Scorpaena papillosa,-37.91583,148.26667
2334593,2334593,Scorpaena papillosa,-37.91583,148.26667
2334593,2334593,Scorpaena papillosa,-37.91583,148.26667
2334593,2334593,Scorpaena papillosa,-37.91583,148.26667
2334593,2334593,Scorpaena papillosa,-37.91583,148.26667
2334593,2334593,Scorpaena papillosa,-37.91583,148.26667
2334593,2334593,Scorpaena papillosa,-37.91583,148.26667
2334593,2334593,Scorpaena papillosa,-37.91583,148.26667
2334593,2334593,Scorpaena papillosa,-37.91583,148.26667
2334593,2334593,Scorpaena papillosa,-37.91583,148.26667
2334593,2334593,Scorpaena papillosa,-37.91583,148.26667
2334593,2334593,Scorpaena papillosa,-37.91583,148.26667
2334593,2334593,Scorpaena papillosa,-37.91583,148.26667
2334593,2334593,Scorpaena papillosa,-37.91583,148.26667
2334593,2334593,Scorpaena papillosa,-37.91583,148.26667
2334593,2334593,Scorpaena papillosa,-37.91583,148.26667
2334593,2334593,Scorpaena papillosa,-37.91583,148.26667
2334593,2334593,Scorpaena papillosa,-37.91583,148.26667
2334593,2334593,Scorpaena papillosa,-37.91583,148.26667
2334593,2334593,Scorpaena papillosa,-37.91583,148.26667
2334593,2334593,Scorpaena papillosa,-37.91583,148.26667
2334593,2334593,Scorpaena papillosa,-37.91583,148.26667
2334593,2334593,Scorpaena papillosa,-37.91583,148.26667
2334593,2334593,Scorpaena papillosa,-37.91583,148.26667
2334593,2334593,Scorpaena papillosa,-37.91583,148.26667
2334593,2334593,Scorpaena papillosa,-37.91583,148.26667
2334593,2334593,Scorpaena papillosa,-37.91583,148.26667
2334593,2334593,Scorpaena papillosa,-37.91583,148.26667
2334593,2334593,Scorpaena papillosa,-37.91667,148.26583
2334593,2334593,Scorpaena papillosa,-38.99083,146.60834
2334593,2334593,Scorpaena papillosa,-37.91583,148.26667
2334593,2334593,Scorpaena papillosa,-36.3525,150.14251
2334593,2334593,Scorpaena papillosa,-36.985,150.05
2334593,2334593,Scorpaena papillosa,-36.895,149.96333
2334593,2334593,Scorpaena papillosa,-37.97167,149.23584
2334593,2334593,Scorpaena papillosa,-36.8775,150.29417
2334593,2334593,Scorpaena papillosa,-37.305,150.07
2334593,2334593,Scorpaena papillosa,-37.94,149.27334
2334593,2334593,Scorpaena papillosa,-37.30916,150.21167
2334593,2334593,Scorpaena papillosa,-36.94833,150.04834
2334593,2334593,Scorpaena papillosa,-37.31,150.24501
2334593,2334593,Scorpaena papillosa,-36.985,150.05
2334593,2334593,Scorpaena papillosa,-41.09892,146.64201
2334593,2334593,Scorpaena papillosa,-41.04846,146.74284
2334593,2334593,Scorpaena papillosa,-40.77848,147.64133
2334593,2334593,Scorpaena papillosa,-40.77848,147.64133
2334593,2334593,Scorpaena papillosa,-37.323335,150.06833
2334593,2334593,Scorpaena papillosa,-37.316665,150.01417
2334593,2334593,Scorpaena papillosa,-41.20793,148.29163
2334593,2334593,Scorpaena papillosa,-37.31666,150.01417
2334593,2334593,Scorpaena papillosa,-37.32333,150.06833
2334593,2334593,Scorpaena papillosa,-37.32333,150.06833
2334593,2334593,Scorpaena papillosa,-37.32333,150.06833
2334593,2334593,Scorpaena papillosa,-37.32333,150.06833
2334593,2334593,Scorpaena papillosa,-37.32333,150.06833
2334593,2334593,Scorpaena papillosa,-37.32333,150.06833
2334593,2334593,Scorpaena papillosa,-37.32333,150.06833
2334593,2334593,Scorpaena papillosa,-37.32333,150.06833
2334593,2334593,Scorpaena papillosa,-37.32333,150.06833
2334593,2334593,Scorpaena papillosa,-37.32333,150.06833
2334593,2334593,Scorpaena papillosa,-37.32333,150.06833
2334593,2334593,Scorpaena papillosa,-37.32333,150.06833
2334593,2334593,Scorpaena papillosa,-37.32333,150.06833
2334593,2334593,Scorpaena papillosa,-37.32333,150.06833
2334593,2334593,Scorpaena papillosa,-37.32333,150.06833
2334593,2334593,Scorpaena papillosa,-37.32333,150.06833
2334593,2334593,Scorpaena papillosa,-37.32333,150.06833
2334593,2334593,Scorpaena papillosa,-37.32333,150.06833
2334593,2334593,Scorpaena papillosa,-37.32333,150.06833
2334593,2334593,Scorpaena papillosa,-37.32333,150.06833
2334593,2334593,Scorpaena papillosa,-37.32333,150.06833
2334593,2334593,Scorpaena papillosa,-37.32333,150.06833
2334593,2334593,Scorpaena papillosa,-37.32333,150.06833
2334593,2334593,Scorpaena papillosa,-37.32333,150.06833
2334593,2334593,Scorpaena papillosa,-37.32333,150.06833
2334593,2334593,Scorpaena papillosa,-37.32333,150.06833
2334593,2334593,Scorpaena papillosa,-37.32333,150.06833
2334593,2334593,Scorpaena papillosa,-37.32333,150.06833
2334593,2334593,Scorpaena papillosa,-37.32333,150.06833
2334593,2334593,Scorpaena papillosa,-37.32333,150.06833
2334593,2334593,Scorpaena papillosa,-37.32333,150.06833
2334593,2334593,Scorpaena papillosa,-37.32333,150.06833
2334593,2334593,Scorpaena papillosa,-37.32333,150.06833
2334593,2334593,Scorpaena papillosa,-37.32333,150.06833
2334593,2334593,Scorpaena papillosa,-36.617,150.067
2334593,2334593,Scorpaena papillosa,-40.99447,148.34607
2334593,10822122,Scorpaena papillosa,-43.33,145.88
2334593,2334593,Scorpaena papillosa,-40.7405,145.29836
2334593,2334593,Scorpaena papillosa,-37.82,149.88
2334593,2334593,Scorpaena papillosa,-37.92667,148.24084
2334593,2334593,Scorpaena papillosa,-38.19258,149.27575
2334593,2334593,Scorpaena papillosa,-37.82,149.88
2334593,2334593,Scorpaena papillosa,-37.82,149.88
2334593,2334593,Scorpaena papillosa,-37.82,149.88
2334593,2334593,Scorpaena papillosa,-37.82,149.88
2334593,2334593,Scorpaena papillosa,-37.82,149.88
2334593,2334593,Scorpaena papillosa,-37.82,149.88
2334593,2334593,Scorpaena papillosa,-37.82,149.88
2334593,2334593,Scorpaena papillosa,-37.82,149.88
2334593,2334593,Scorpaena papillosa,-37.82,149.88
2334593,2334593,Scorpaena papillosa,-37.82,149.88
2334593,2334593,Scorpaena papillosa,-37.82,149.88
2334593,2334593,Scorpaena papillosa,-37.82,149.88
2334593,2334593,Scorpaena papillosa,-37.82,149.88
2334593,2334593,Scorpaena papillosa,-37.82,149.88
2334593,2334593,Scorpaena papillosa,-37.82,149.88
2334593,2334593,Scorpaena papillosa,-37.82,149.88
2334593,2334593,Scorpaena papillosa,-37.82,149.88
2334593,2334593,Scorpaena papillosa,-37.65166,149.8075
2334593,2334593,Scorpaena papillosa,-37.88833,149.07917
2334593,2334593,Scorpaena papillosa,-38.998,146.58983
2334593,2334593,Scorpaena papillosa,-38.72333,148.27584
2334593,2334593,Scorpaena papillosa,-37.86583,148.17334
2334593,2334593,Scorpaena papillosa,-37.92583,148.23417
2334593,2334593,Scorpaena papillosa,-37.92583,148.23417
2334593,2334593,Scorpaena papillosa,-37.92583,148.23417
2334593,2334593,Scorpaena papillosa,-37.92583,148.23417
2334593,2334593,Scorpaena papillosa,-37.92583,148.23417
2334593,2334593,Scorpaena papillosa,-37.92583,148.23417
2334593,2334593,Scorpaena papillosa,-37.92583,148.23417
2334593,2334593,Scorpaena papillosa,-37.92583,148.23417
2334593,2334593,Scorpaena papillosa,-37.92583,148.23417
2334593,2334593,Scorpaena papillosa,-37.92583,148.23417
2334593,2334593,Scorpaena papillosa,-37.92583,148.23417
2334593,2334593,Scorpaena papillosa,-37.92583,148.23417
2334593,2334593,Scorpaena papillosa,-37.92583,148.23417
2334593,2334593,Scorpaena papillosa,-37.92583,148.23417
2334593,2334593,Scorpaena papillosa,-37.92583,148.23417
2334593,2334593,Scorpaena papillosa,-37.59508,149.85708
2334593,2334593,Scorpaena papillosa,-37.65166,149.8075
2334593,2334593,Scorpaena papillosa,-37.92583,148.23417
2334593,2334593,Scorpaena papillosa,-38.92667,148.46167
2334593,2334593,Scorpaena papillosa,-38.72333,148.27584
2334593,2334593,Scorpaena papillosa,-38.998,146.58983
2334593,2334593,Scorpaena papillosa,-37.92816,150.027
2334593,2334593,Scorpaena papillosa,-37.61833,149.9025
2334593,2334593,Scorpaena papillosa,-37.61833,149.9025
2334593,2334593,Scorpaena papillosa,-37.61833,149.9025
2334593,2334593,Scorpaena papillosa,-37.61833,149.9025
2334593,2334593,Scorpaena papillosa,-37.61833,149.9025
2334593,2334593,Scorpaena papillosa,-37.61833,149.9025
2334593,2334593,Scorpaena papillosa,-37.61833,149.9025
2334593,2334593,Scorpaena papillosa,-37.61833,149.9025
2334593,2334593,Scorpaena papillosa,-37.61833,149.9025
2334593,2334593,Scorpaena papillosa,-37.61833,149.9025
2334593,2334593,Scorpaena papillosa,-37.61833,149.9025
2334593,2334593,Scorpaena papillosa,-37.61833,149.9025
2334593,2334593,Scorpaena papillosa,-37.61833,149.9025
2334593,2334593,Scorpaena papillosa,-37.61833,149.9025
2334593,2334593,Scorpaena papillosa,-37.61833,149.9025
2334593,2334593,Scorpaena papillosa,-37.61833,149.9025
2334593,2334593,Scorpaena papillosa,-37.61833,149.9025
2334593,2334593,Scorpaena papillosa,-37.61833,149.9025
2334593,2334593,Scorpaena papillosa,-37.61833,149.9025
2334593,2334593,Scorpaena papillosa,-37.61833,149.9025
2334593,2334593,Scorpaena papillosa,-37.61833,149.9025
2334593,2334593,Scorpaena papillosa,-37.61833,149.9025
2334593,2334593,Scorpaena papillosa,-37.61833,149.9025
2334593,2334593,Scorpaena papillosa,-38.92667,148.46167
2334593,2334593,Scorpaena papillosa,-37.61833,149.9025
2334593,2334593,Scorpaena papillosa,-37.61833,149.9025
2334593,2334593,Scorpaena papillosa,-37.61833,149.9025
2334593,2334593,Scorpaena papillosa,-37.61833,149.9025
2334593,2334593,Scorpaena papillosa,-37.61833,149.9025
2334593,2334593,Scorpaena papillosa,-37.61833,149.9025
2334593,2334593,Scorpaena papillosa,-37.61833,149.9025
2334593,2334593,Scorpaena papillosa,-37.61833,149.9025
2334593,2334593,Scorpaena papillosa,-37.61833,149.9025
2334593,2334593,Scorpaena papillosa,-37.61833,149.9025
2334593,2334593,Scorpaena papillosa,-37.61833,149.9025
2334593,2334593,Scorpaena papillosa,-37.61833,149.9025
2334593,2334593,Scorpaena papillosa,-37.61833,149.9025
2334593,2334593,Scorpaena papillosa,-37.61833,149.9025
2334593,2334593,Scorpaena papillosa,-37.61833,149.9025
2334593,2334593,Scorpaena papillosa,-37.61833,149.9025
2334593,2334593,Scorpaena papillosa,-37.61833,149.9025
2334593,2334593,Scorpaena papillosa,-37.61833,149.9025
2334593,2334593,Scorpaena papillosa,-37.92667,148.24084
2334593,2334593,Scorpaena papillosa,-37.82733,149.10725
2334593,2334593,Scorpaena papillosa,-38.96167,146.58083
2334593,2334593,Scorpaena papillosa,-37.61833,149.9025
2334593,2334593,Scorpaena papillosa,-37.59408,149.81159
2334593,2334593,Scorpaena papillosa,-37.58333,149.865
2334593,2334593,Scorpaena papillosa,-37.88166,149.085
2334593,2334593,Scorpaena papillosa,-37.81283,148.54175
2334593,2334593,Scorpaena papillosa,-37.92667,148.24084
2334593,2334593,Scorpaena papillosa,-38.93167,148.32
2334593,2334593,Scorpaena papillosa,-37.28,150.08
2334593,2334593,Scorpaena papillosa,-37.72,149.93934
2334593,2334593,Scorpaena papillosa,-36.97333,150.04134
2334593,2334593,Scorpaena papillosa,-37.32583,150.18434
2334593,2334593,Scorpaena papillosa,-36.9475,150.19917
2334593,2334593,Scorpaena papillosa,-37.70666,149.93333
2334593,2334593,Scorpaena papillosa,-36.93333,150.3025
2334593,2334593,Scorpaena papillosa,-37.70333,149.93584
2334593,2334593,Scorpaena papillosa,-37.52,150.19
2334593,2334593,Scorpaena papillosa,-36.38167,150.28583
2334593,2334593,Scorpaena papillosa,-37.29433,150.07192
2334593,2334593,Scorpaena papillosa,-37.29433,150.07192
2334593,2334593,Scorpaena papillosa,-37.29433,150.07192
2334593,2334593,Scorpaena papillosa,-37.29433,150.07192
2334593,2334593,Scorpaena papillosa,-37.29433,150.07192
2334593,2334593,Scorpaena papillosa,-37.29433,150.07192
2334593,2334593,Scorpaena papillosa,-37.29433,150.07192
2334593,2334593,Scorpaena papillosa,-37.29433,150.07192
2334593,2334593,Scorpaena papillosa,-37.29433,150.07192
2334593,2334593,Scorpaena papillosa,-37.29433,150.07192
2334593,2334593,Scorpaena papillosa,-37.29433,150.07192
2334593,2334593,Scorpaena papillosa,-37.70333,149.93584
2334593,2334593,Scorpaena papillosa,-37.70333,149.93584
2334593,2334593,Scorpaena papillosa,-37.70333,149.93584
2334593,2334593,Scorpaena papillosa,-37.70333,149.93584
2334593,2334593,Scorpaena papillosa,-37.70333,149.93584
2334593,2334593,Scorpaena papillosa,-37.70333,149.93584
2334593,2334593,Scorpaena papillosa,-37.70333,149.93584
2334593,2334593,Scorpaena papillosa,-37.70333,149.93584
2334593,2334593,Scorpaena papillosa,-37.30167,150.02
2334593,2334593,Scorpaena papillosa,-37.28,150.08
2334593,2334593,Scorpaena papillosa,-36.9475,150.19917
2334593,2334593,Scorpaena papillosa,-36.43916,150.30583
2334593,2334593,Scorpaena papillosa,-37.52,150.19
2334593,2334593,Scorpaena papillosa,-37.71916,149.97917
2334593,2334593,Scorpaena papillosa,-37.3,150.06834
2334593,2334593,Scorpaena papillosa,-37.29433,150.07192
2334593,2334593,Scorpaena papillosa,-36.92083,149.96917
2334593,2334593,Scorpaena papillosa,-42.30987,145.19464
2334593,2334593,Scorpaena papillosa,-42.30987,145.19464
2334593,2334593,Scorpaena papillosa,-36.617,150.067
2334593,2334593,Scorpaena papillosa,-37.341667,150.29167
2334593,2334593,Scorpaena papillosa,-36.6,150.175
2334593,2334593,Scorpaena papillosa,-43.33951,146.00841
2334593,2334593,Scorpaena papillosa,-43.33056,145.99501
2334593,2334593,Scorpaena papillosa,-43.33951,146.00841
2334593,2334593,Scorpaena papillosa,-43.30351,145.89841
2334593,2334593,Scorpaena papillosa,-43.33951,146.00841
2334593,2334593,Scorpaena papillosa,-43.36338,145.91698
2334593,2334593,Scorpaena papillosa,-35.24861,150.54417
2334593,2334593,Scorpaena papillosa,-37.92166,148.22917
2334593,2334593,Scorpaena papillosa,-37.92166,148.22917
2334593,2334593,Scorpaena papillosa,-37.92166,148.22917
2334593,2334593,Scorpaena papillosa,-37.92166,148.22917
2334593,2334593,Scorpaena papillosa,-37.92166,148.22917
2334593,2334593,Scorpaena papillosa,-37.92166,148.22917
2334593,2334593,Scorpaena papillosa,-37.92166,148.22917
2334593,2334593,Scorpaena papillosa,-37.92166,148.22917
2334593,2334593,Scorpaena papillosa,-37.92166,148.22917
2334593,2334593,Scorpaena papillosa,-37.92166,148.22917
2334593,2334593,Scorpaena papillosa,-37.92166,148.22917
2334593,2334593,Scorpaena papillosa,-37.92166,148.22917
2334593,2334593,Scorpaena papillosa,-37.92166,148.22917
2334593,2334593,Scorpaena papillosa,-37.92166,148.22917
2334593,2334593,Scorpaena papillosa,-37.92166,148.22917
2334593,2334593,Scorpaena papillosa,-37.92166,148.22917
2334593,2334593,Scorpaena papillosa,-37.92166,148.22917
2334593,2334593,Scorpaena papillosa,-37.92166,148.22917
2334593,2334593,Scorpaena papillosa,-37.92166,148.22917
2334593,2334593,Scorpaena papillosa,-37.92166,148.22917
2334593,2334593,Scorpaena papillosa,-37.92166,148.22917
2334593,2334593,Scorpaena papillosa,-37.92166,148.22917
2334593,2334593,Scorpaena papillosa,-37.92166,148.22917
2334593,2334593,Scorpaena papillosa,-37.92166,148.22917
2334593,2334593,Scorpaena papillosa,-37.92166,148.22917
2334593,2334593,Scorpaena papillosa,-37.92166,148.22917
2334593,2334593,Scorpaena papillosa,-37.92166,148.22917
2334593,2334593,Scorpaena papillosa,-37.92166,148.22917
2334593,2334593,Scorpaena papillosa,-37.92166,148.22917
2334593,2334593,Scorpaena papillosa,-37.92166,148.22917
2334593,2334593,Scorpaena papillosa,-37.92166,148.22917
2334593,2334593,Scorpaena papillosa,-37.92166,148.22917
2334593,2334593,Scorpaena papillosa,-37.92166,148.22917
2334593,2334593,Scorpaena papillosa,-37.8325,149.0725
2334593,2334593,Scorpaena papillosa,-39.005,146.58667
2334593,2334593,Scorpaena papillosa,-39.005,146.58667
2334593,2334593,Scorpaena papillosa,-39.00833,146.58333
2334593,2334593,Scorpaena papillosa,-36.9417,150.197
2334593,10822122,Scorpaena papillosa,-37.403333,149.973333
2334593,2334593,Scorpaena papillosa,-36.92167,150.1975
2334593,2334593,Scorpaena papillosa,-37.59666,149.83583
2334593,2334593,Scorpaena papillosa,-37.31833,150.05833
2334593,2334593,Scorpaena papillosa,-37.31833,150.05833
2334593,2334593,Scorpaena papillosa,-37.31833,150.05833
2334593,2334593,Scorpaena papillosa,-37.31833,150.05833
2334593,2334593,Scorpaena papillosa,-37.31833,150.05833
2334593,2334593,Scorpaena papillosa,-37.31833,150.05833
2334593,2334593,Scorpaena papillosa,-37.31833,150.05833
2334593,2334593,Scorpaena papillosa,-37.31833,150.05833
2334593,2334593,Scorpaena papillosa,-37.31833,150.05833
2334593,2334593,Scorpaena papillosa,-37.31833,150.05833
2334593,2334593,Scorpaena papillosa,-37.31833,150.05833
2334593,2334593,Scorpaena papillosa,-37.31833,150.05833
2334593,2334593,Scorpaena papillosa,-37.31833,150.05833
2334593,2334593,Scorpaena papillosa,-37.31833,150.05833
2334593,2334593,Scorpaena papillosa,-37.31833,150.05833
2334593,2334593,Scorpaena papillosa,-37.31833,150.05833
2334593,2334593,Scorpaena papillosa,-37.31833,150.05833
2334593,2334593,Scorpaena papillosa,-37.31833,150.05833
2334593,2334593,Scorpaena papillosa,-37.31833,150.05833
2334593,2334593,Scorpaena papillosa,-37.31833,150.05833
2334593,2334593,Scorpaena papillosa,-37.31833,150.05833
2334593,2334593,Scorpaena papillosa,-37.31833,150.05833
2334593,2334593,Scorpaena papillosa,-37.31833,150.05833
2334593,2334593,Scorpaena papillosa,-37.31833,150.05833
2334593,2334593,Scorpaena papillosa,-37.31833,150.05833
2334593,2334593,Scorpaena papillosa,-37.31833,150.05833
2334593,2334593,Scorpaena papillosa,-37.31833,150.05833
2334593,2334593,Scorpaena papillosa,-37.31833,150.05833
2334593,2334593,Scorpaena papillosa,-37.31833,150.05833
2334593,2334593,Scorpaena papillosa,-37.31833,150.05833
2334593,2334593,Scorpaena papillosa,-37.31833,150.05833
2334593,2334593,Scorpaena papillosa,-37.31833,150.05833
2334593,2334593,Scorpaena papillosa,-37.31833,150.05833
2334593,2334593,Scorpaena papillosa,-37.295,150.02
2334593,2334593,Scorpaena papillosa,-37.27667,149.98584
2334593,2334593,Scorpaena papillosa,-37.31833,150.05833
2334593,2334593,Scorpaena papillosa,-37.3075,150.21584
2334593,2334593,Scorpaena papillosa,-37.63083,149.845
2334593,2334593,Scorpaena papillosa,-37.63083,149.845
2334593,2334593,Scorpaena papillosa,-37.63083,149.845
2334593,2334593,Scorpaena papillosa,-37.63083,149.845
2334593,2334593,Scorpaena papillosa,-37.63083,149.845
2334593,2334593,Scorpaena papillosa,-37.63083,149.845
2334593,2334593,Scorpaena papillosa,-37.63083,149.845
2334593,2334593,Scorpaena papillosa,-37.63083,149.845
2334593,2334593,Scorpaena papillosa,-37.63083,149.845
2334593,2334593,Scorpaena papillosa,-37.63083,149.845
2334593,2334593,Scorpaena papillosa,-37.63083,149.845
2334593,2334593,Scorpaena papillosa,-36.38,150.1875
2334593,2334593,Scorpaena papillosa,-37.39583,149.9825
2334593,2334593,Scorpaena papillosa,-37.63083,149.845
2334593,2334593,Scorpaena papillosa,-37.395,150.29467
2334593,10822122,Scorpaena papillosa,-37.403333,149.973333
2334593,2334593,Scorpaena papillosa,-35.504305,150.396842
2334593,2334593,Scorpaena papillosa,-40.76247,147.93832
2334593,2334593,Scorpaena papillosa,-40.82248,147.62833
2334593,2334593,Scorpaena papillosa,-39.83551,144.13336
2334593,2334593,Scorpaena papillosa,-40.9435,145.72037
2334593,2334593,Scorpaena papillosa,-35.504305,150.396842
2334593,2334593,Scorpaena papillosa,-36.216667,150.1
2334593,2334593,Scorpaena papillosa,-35.0125,150.77
2334593,2334593,Scorpaena papillosa,-35.0125,150.77
2334593,2334593,Scorpaena papillosa,-35.0125,150.77
2334593,2334593,Scorpaena papillosa,-35.0316,150.779
2334593,2334593,Scorpaena papillosa,-35.0125,150.77
2334593,2334593,Scorpaena papillosa,-35.0316,150.779
2334593,2334593,Scorpaena papillosa,-35.1389,150.733
2334593,2334593,Scorpaena papillosa,-37.8,149.28
2334593,2334593,Scorpaena papillosa,-37.57,149.92
2334593,2334593,Scorpaena papillosa,-37.57,149.92
2334593,2334593,Scorpaena papillosa,-37.57,149.77
2334593,2334593,Scorpaena papillosa,-37.57,149.77
2334593,2334593,Scorpaena papillosa,-37.216667,150.01445
2334593,2334593,Scorpaena papillosa,-35.1389,150.733
2334593,2334593,Scorpaena papillosa,-35.0125,150.77
2334593,2334593,Scorpaena papillosa,-35.0316,150.779
2334593,2334593,Scorpaena papillosa,-36.2159,150.098
2334593,2334593,Scorpaena papillosa,-35.1389,150.733
2334593,2334593,Scorpaena papillosa,-35.0125,150.77
2334593,2334593,Scorpaena papillosa,-35.504305,150.396842
2334593,2334593,Scorpaena papillosa,-36.925,137.4
2334593,2334593,Scorpaena papillosa,-38.06666,140.05
2334593,10822122,Scorpaena papillosa,-35.05,150.73334
2334593,2334593,Scorpaena papillosa,-35.0316,150.779
2334593,2334593,Scorpaena papillosa,-35.0125,150.77
2334593,2334593,Scorpaena papillosa,-35.0125,150.77
2334593,2334593,Scorpaena papillosa,-35.0316,150.779
2334593,2334593,Scorpaena papillosa,-35.0125,150.77
2334593,2334593,Scorpaena papillosa,-35.1389,150.733
2334593,2334593,Scorpaena papillosa,-34.0708,151.119
2334593,2334593,Scorpaena papillosa,-35.05,150.75
2334593,2334593,Scorpaena papillosa,-36.9567,150.313
2334593,10822122,Scorpaena papillosa,-40.677167,145.5715
2334593,10822122,Scorpaena papillosa,-40.677167,145.5715
2334593,2334593,Scorpaena papillosa,-35,150.75
2334593,2334593,Scorpaena papillosa,-38.28,145.23
2334593,2334593,Scorpaena papillosa,-40.736667,143.643333
2334593,2334593,Scorpaena papillosa,-40.736667,143.643333
2334593,10822122,Scorpaena papillosa,-39.93,149.08
2334593,10822122,Scorpaena papillosa,-39.93,149.08
2334593,10822122,Scorpaena papillosa,-39.95,149.083333
2334593,10822122,Scorpaena papillosa,-39.95,149.083333
2334593,10822122,Scorpaena papillosa,-39.02,148.67
2334593,2334593,Scorpaena papillosa,-37.083332,149.9
2334593,2334593,Scorpaena papillosa,-39.98,148.4
2334593,2334593,Scorpaena papillosa,-37.7567,150.173
2334593,2334593,Scorpaena papillosa,-39.0017,148.403
2334593,2334593,Scorpaena papillosa,-38.1033,149.758
2334593,2334593,Scorpaena papillosa,-37.383,150
2334593,2334593,Scorpaena papillosa,-36.667,150.15
2334593,2334593,Scorpaena papillosa,-37.467,150.017
2334593,2334593,Scorpaena papillosa,-37.083,149.917
2334593,2334593,Scorpaena papillosa,-37.333332,150.06667
2334593,2334593,Scorpaena papillosa,-38.03613,141.00252
2334593,2334593,Scorpaena papillosa,-37.98,148.45
2334593,2334593,Scorpaena papillosa,-37.98,148.45
2334593,2334593,Scorpaena papillosa,-37.8417,148.267
2334593,2334593,Scorpaena papillosa,-38.3083,147.625
2334593,2334593,Scorpaena papillosa,-42.12,144.7
2334593,2334593,Scorpaena papillosa,-42.12,144.7
2334593,2334593,Scorpaena papillosa,-42.22,144.72
2334593,2334593,Scorpaena papillosa,-37.9417,148.228
2334593,2334593,Scorpaena papillosa,-40.9,143.77
2334593,2334593,Scorpaena papillosa,-40.92,143.77
2334593,2334593,Scorpaena papillosa,-41.12,143.95
2334593,2334593,Scorpaena papillosa,-41.1,143.92
2334593,2334593,Scorpaena papillosa,-41.12,143.97
2334593,2334593,Scorpaena papillosa,-38.05,147.83
2334593,2334593,Scorpaena papillosa,-38.2,148.1
2334593,2334593,Scorpaena papillosa,-40.45,143.32
2334593,2334593,Scorpaena papillosa,-42.02,144.72
2334593,2334593,Scorpaena papillosa,-42.22,144.77
2334593,2334593,Scorpaena papillosa,-40.52,143.45
2334593,2334593,Scorpaena papillosa,-43.52,145.92
2334593,2334593,Scorpaena papillosa,-41.07,144.42
2334593,2334593,Scorpaena papillosa,-41.62,144.42
2334593,2334593,Scorpaena papillosa,-43.4,145.77
2334593,2334593,Scorpaena papillosa,-40.62,143.47
2334593,2334593,Scorpaena papillosa,-39.0883,146.242
2334593,2334593,Scorpaena papillosa,-39.0767,146.322
2334593,2334593,Scorpaena papillosa,-39.025,146.292
2334593,2334593,Scorpaena papillosa,-39.045,146.472
2334593,2334593,Scorpaena papillosa,-39.04,146.465
2334593,2334593,Scorpaena papillosa,-39.0267,146.47
2334593,2334593,Scorpaena papillosa,-39.72,148.62
2334593,2334593,Scorpaena papillosa,-41.77,144.45
2334593,2334593,Scorpaena papillosa,-41.27,144.1
2334593,10822122,Scorpaena papillosa,-32.4247,133.5356
2334593,2334593,Scorpaena papillosa,-41.6,144.4
2334593,10822122,Scorpaena papillosa,-33.2322,134.6722
2334593,2334593,Scorpaena papillosa,-40.5512,145.745
2334593,2334593,Scorpaena papillosa,-40.7298,148.545
2334593,10822122,Scorpaena papillosa,-35.15,138.48
2334593,10822122,Scorpaena papillosa,-37.1631,139.2086
2334593,10822122,Scorpaena papillosa,-38.57153,141.16778
2334593,2334593,Scorpaena papillosa,-43.3,145.55
2334593,2334593,Scorpaena papillosa,-33,151
2334593,2334593,Scorpaena papillosa,-33,151
2334593,2334595,Scorpaena papillosa,-33.77,151.82
2334593,2334595,Scorpaena papillosa,-33.82,151.55
2334593,2334593,Scorpaena papillosa,-33.81667,151.55
2334593,2334595,Scorpaena papillosa,-33.85,151.21
2334593,2334593,Scorpaena papillosa,-38.3486,141.623
2334593,2334593,Scorpaena papillosa,-38.35,141.6
2334593,2334593,Scorpaena papillosa,-39.1117,143.123
2334593,2334593,Scorpaena papillosa,-39.0533,146.658
2334593,2334593,Scorpaena papillosa,-38.895,147.108
2334593,2334593,Scorpaena papillosa,-40.1033,148.417
2334593,2334593,Scorpaena papillosa,-38.6633,144.303
2334593,2334593,Scorpaena papillosa,-40.6783,148.615
2334593,2334593,Scorpaena papillosa,-39.6367,143.12
2334593,2334593,Scorpaena papillosa,-39.4383,147.812
2334593,2334593,Scorpaena papillosa,-39.8,148.4
2334593,2334593,Scorpaena papillosa,-39.92,148.75
2334593,2334593,Scorpaena papillosa,-39.37,148.77
2334593,2334593,Scorpaena papillosa,-40.97,146.32
2334593,2334593,Scorpaena papillosa,-39.27,148.75
2334593,2334593,Scorpaena papillosa,-39.87,148.75
2334593,2334593,Scorpaena papillosa,-39.9,148.77
2334593,2334593,Scorpaena papillosa,-40.55,144.97
2334593,2334593,Scorpaena papillosa,-40.55,144.97
2334593,2334593,Scorpaena papillosa,-40.62,145.02
2334593,2334593,Scorpaena papillosa,-40.62,145.02
2334593,2334593,Scorpaena papillosa,-40.05,145.07
2334593,2334593,Scorpaena papillosa,-40.05,145.07
2334593,2334593,Scorpaena papillosa,-40.72,145.22
2334593,2334593,Scorpaena papillosa,-40.72,145.22
2334593,2334593,Scorpaena papillosa,-40.72,145.3
2334593,2334593,Scorpaena papillosa,-40.72,145.3
2334593,2334593,Scorpaena papillosa,-40.72,145.3
2334593,2334593,Scorpaena papillosa,-40.72,145.3
2334593,2334593,Scorpaena papillosa,-40.72,145.3
2334593,2334593,Scorpaena papillosa,-40.72,145.3
2334593,2334593,Scorpaena papillosa,-40.72,145.3
2334593,2334593,Scorpaena papillosa,-40.72,145.3
2334593,2334593,Scorpaena papillosa,-40.72,145.3
2334593,2334593,Scorpaena papillosa,-40.72,145.3
2334593,2334593,Scorpaena papillosa,-40.72,145.3
2334593,2334593,Scorpaena papillosa,-40.72,145.3
2334593,2334593,Scorpaena papillosa,-40.7,145.32
2334593,2334593,Scorpaena papillosa,-40.72,145.32
2334593,2334593,Scorpaena papillosa,-40.72,145.32
2334593,2334593,Scorpaena papillosa,-40.72,145.32
2334593,2334593,Scorpaena papillosa,-40.77,145.32
2334593,2334593,Scorpaena papillosa,-40.72,145.32
2334593,2334593,Scorpaena papillosa,-40.72,145.32
2334593,2334593,Scorpaena papillosa,-40.7,145.32
2334593,2334593,Scorpaena papillosa,-40.72,145.32
2334593,2334593,Scorpaena papillosa,-40.72,145.32
2334593,2334593,Scorpaena papillosa,-40.77,145.32
2334593,2334593,Scorpaena papillosa,-40.72,145.32
2334593,2334593,Scorpaena papillosa,-40.77,145.35
2334593,2334593,Scorpaena papillosa,-40.77,145.35
2334593,2334593,Scorpaena papillosa,-40.82,145.35
2334593,2334593,Scorpaena papillosa,-40.72,145.37
2334593,2334593,Scorpaena papillosa,-40.82,145.35
2334593,2334593,Scorpaena papillosa,-40.72,145.37
2334593,2334593,Scorpaena papillosa,-40.72,145.37
2334593,2334593,Scorpaena papillosa,-40.8,145.37
2334593,2334593,Scorpaena papillosa,-40.72,145.37
2334593,2334593,Scorpaena papillosa,-40.8,145.37
2334593,2334593,Scorpaena papillosa,-40.75,145.37
2334593,2334593,Scorpaena papillosa,-40.82,145.37
2334593,2334593,Scorpaena papillosa,-40.75,145.37
2334593,2334593,Scorpaena papillosa,-40.75,145.37
2334593,2334593,Scorpaena papillosa,-40.82,145.37
2334593,2334593,Scorpaena papillosa,-40.82,145.37
2334593,2334593,Scorpaena papillosa,-40.82,145.37
2334593,2334593,Scorpaena papillosa,-40.75,145.37
2334593,2334593,Scorpaena papillosa,-40.82,145.42
2334593,2334593,Scorpaena papillosa,-40.82,145.42
2334593,2334593,Scorpaena papillosa,-40.77,146.32
2334593,2334593,Scorpaena papillosa,-40.77,146.32
2334593,2334593,Scorpaena papillosa,-40.72,145.3
2334593,2334593,Scorpaena papillosa,-40.72,145.3
2334593,2334593,Scorpaena papillosa,-40.7,145.32
2334593,2334593,Scorpaena papillosa,-40.72,145.32
2334593,2334593,Scorpaena papillosa,-40.7,145.32
2334593,2334593,Scorpaena papillosa,-40.77,145.32
2334593,2334593,Scorpaena papillosa,-40.72,145.32
2334593,2334593,Scorpaena papillosa,-40.77,145.32
2334593,2334593,Scorpaena papillosa,-40.8,145.32
2334593,2334593,Scorpaena papillosa,-40.72,145.35
2334593,2334593,Scorpaena papillosa,-40.8,145.32
2334593,2334593,Scorpaena papillosa,-40.72,145.35
2334593,2334593,Scorpaena papillosa,-40.72,145.35
2334593,2334593,Scorpaena papillosa,-40.72,145.35
2334593,2334593,Scorpaena papillosa,-40.8,145.37
2334593,2334593,Scorpaena papillosa,-40.8,145.37
2334593,2334593,Scorpaena papillosa,-43.27,145.57
2334593,2334593,Scorpaena papillosa,-38.425,148.425
2334593,2334593,Scorpaena papillosa,-42.22,144.72
2334593,2334593,Scorpaena papillosa,-42.32,144.77
2334593,2334593,Scorpaena papillosa,-43.22,145.42
2334593,2334593,Scorpaena papillosa,-43.25,145.42
2334593,2334593,Scorpaena papillosa,-40.52,143.45
2334593,2334593,Scorpaena papillosa,-43.3,145.52
2334593,2334593,Scorpaena papillosa,-43.3,145.55
2334593,2334593,Scorpaena papillosa,-40.07,143.52
2334593,2334593,Scorpaena papillosa,-40.8,143.6
2334593,2334593,Scorpaena papillosa,-40.95,143.75
2334593,2334593,Scorpaena papillosa,-41.07,143.82
2334593,2334593,Scorpaena papillosa,-41.1,143.95
2334593,2334593,Scorpaena papillosa,-42.1,144.72
2334593,2334593,Scorpaena papillosa,-42.2,144.72
2334593,2334593,Scorpaena papillosa,-42.35,144.75
2334593,2334593,Scorpaena papillosa,-40.07,143.47
2334593,2334593,Scorpaena papillosa,-40.72,143.55
2334593,2334593,Scorpaena papillosa,-40.77,143.7
2334593,2334593,Scorpaena papillosa,-40.95,143.82
2334593,2334593,Scorpaena papillosa,-41.02,143.85
2334593,2334593,Scorpaena papillosa,-41.32,144.02
2334593,2334593,Scorpaena papillosa,-41.02,144.02
2334593,2334593,Scorpaena papillosa,-41.22,144.12
2334593,2334593,Scorpaena papillosa,-41.32,144.2
2334593,2334593,Scorpaena papillosa,-40.52,143.45
2334593,2334593,Scorpaena papillosa,-40.92,143.72
2334593,2334593,Scorpaena papillosa,-41,143.82
2334593,2334593,Scorpaena papillosa,-41.07,143.9
2334593,2334593,Scorpaena papillosa,-40.92,143.92
2334593,2334593,Scorpaena papillosa,-41,148.35
2334593,2334593,Scorpaena papillosa,-41,148.35
2334593,2334593,Scorpaena papillosa,-41,148.35
2334593,2334593,Scorpaena papillosa,-41.25,148.3
2334593,2334593,Scorpaena papillosa,-41.13333,146.86666
2334593,10822122,Scorpaena papillosa,-40.283333,148.666667
2334593,2334593,Scorpaena papillosa,-40.3,148.675
2334593,10822122,Scorpaena papillosa,-40.283333,148.666667
2334593,10822122,Scorpaena papillosa,-34,151.183333
2334593,10822122,Scorpaena papillosa,-34,151.183333
2334593,2334593,Scorpaena papillosa,-40.93332,148.33332
2334593,2334593,Scorpaena papillosa,-40.93332,148.33332
2334593,2334593,Scorpaena papillosa,-40.93332,148.33332
2334593,2334593,Scorpaena papillosa,-40.93332,148.33332
2334593,2334593,Scorpaena papillosa,-35.783333,150.21666
2334593,2334593,Scorpaena papillosa,-35.783333,150.21666
2334593,2334593,Scorpaena papillosa,-38.316666,144.71666
2334593,10822122,Scorpaena papillosa,-34,151.23334
2334593,2334593,Scorpaena papillosa,-38.03502,140.9903
2334593,10822122,Scorpaena papillosa,-40.816667,147.183333
2334593,10822122,Scorpaena papillosa,-40.816667,147.183333
2334593,2334593,Scorpaena papillosa,-39.45,147.3
2334593,2334593,Scorpaena papillosa,-39.45,147.3
2334593,2334593,Scorpaena papillosa,-33.75,151.3
2334593,2334593,Scorpaena papillosa,-35,150.75
2334593,2334593,Scorpaena papillosa,-33.816666,151.28334
2334593,10822122,Scorpaena papillosa,-34.97,138.53
2334593,2334593,Scorpaena papillosa,-38.6,147.77
2334593,2334593,Scorpaena papillosa,-35.116665,150.76666
2334593,10822122,Scorpaena papillosa,-35.116665,150.76666
2334593,2334593,Scorpaena papillosa,-41.216667,148.216667
2334593,2334593,Scorpaena papillosa,-35.05,150.73334
2334593,10822122,Scorpaena papillosa,-35.133335,150.75
2334593,2334593,Scorpaena papillosa,-38.08,148.08
2334593,2334593,Scorpaena papillosa,-34.7403,135.884
2334593,2334593,Scorpaena papillosa,-38.06026,140.662427
2334593,2334593,Scorpaena papillosa,-34,151.25
2334593,2334595,Scorpaena papillosa,-36.427208,150.072535
2334593,2334593,Scorpaena papillosa,-37.97,144.9
2334593,2334593,Scorpaena papillosa,-33.883335,151.21666
2334593,2334593,Scorpaena papillosa,-33.856945,151.24306
2334593,2334593,Scorpaena papillosa,-37.87,147.98
2334593,2334593,Scorpaena papillosa,-33.3,151.66667
2334593,10822122,Scorpaena papillosa,-37.083333,149.916667
2334593,10822122,Scorpaena papillosa,-37.083333,149.916667
2334593,2334593,Scorpaena papillosa,-38.1172,147.863
2334593,2334593,Scorpaena papillosa,-38.1172,147.863
2334593,2334593,Scorpaena papillosa,-35.1,150.8
2334593,2334593,Scorpaena papillosa,-33.833332,151.26666
2334593,2334593,Scorpaena papillosa,-34.583332,150.86667
2334593,2334593,Scorpaena papillosa,-34.583332,150.86667
2334593,2334593,Scorpaena papillosa,-34.583332,150.86667
2334593,2334593,Scorpaena papillosa,-36.216667,150.15
2334593,4286392,Scorpaena papillosa,-37.083333,150.083333
2334593,2334595,Scorpaena papillosa,-37.083333,150.083333
2334593,4286392,Scorpaena papillosa,-37.083333,150.083333
2334593,2334595,Scorpaena papillosa,-38.166667,149.916667
2334593,2334595,Scorpaena papillosa,-38.416667,148.333333
2334593,2334595,Scorpaena papillosa,-38.416667,148.333333
2334593,2334593,Scorpaena papillosa,-40,148.5
2334593,2334593,Scorpaena papillosa,-39.85,147.9
2334593,2334593,Scorpaena papillosa,-40.016666,148.7
2334593,2334593,Scorpaena papillosa,-33.566666,151.3
2334593,2334593,Scorpaena papillosa,-33.82,151.26666
2334593,2334593,Scorpaena papillosa,-33.82,151.26666
2334593,2334593,Scorpaena papillosa,-33.853333,151.24861
2334593,2334593,Scorpaena papillosa,-33.853333,151.24861
2334593,2334593,Scorpaena papillosa,-33.833332,151.26666
2334593,2334593,Scorpaena papillosa,-40.10861,146.241014
2334593,2334593,Scorpaena papillosa,-41.318600000000004,148.241001
2334593,2334593,Scorpaena papillosa,-40.4667,148.2167
2334593,2334593,Scorpaena papillosa,-40.4667,148.2167
2334593,2334593,Scorpaena papillosa,-42.738618,147.221039
2334593,2334593,Scorpaena papillosa,-43.528629,146.511063
2334593,2334593,Scorpaena papillosa,-40.278594,148.300985
2334593,10822122,Scorpaena papillosa,-34.5,136.92
2334593,10822122,Scorpaena papillosa,-34.73,135.87
2334593,10822122,Scorpaena papillosa,-34.73,135.87
2334593,10822122,Scorpaena papillosa,-34.9,137.27
2334593,10822122,Scorpaena papillosa,-38.05,140.7
2334593,10822122,Scorpaena papillosa,-35.12,137.77
2334593,10822122,Scorpaena papillosa,-35.57,138.88
2334593,2334593,Scorpaena papillosa,-37.767,144.967
2334593,2334593,Scorpaena papillosa,-32.13333,115.73333
2334593,2334593,Scorpaena papillosa,-37.56667,149.91667
2334593,2334593,Scorpaena papillosa,-34.73333,135.86667
2334593,2334593,Scorpaena papillosa,-43.33333,146
2334593,2334593,Scorpaena papillosa,-41,147.38333
2334593,2334593,Scorpaena papillosa,-40,148.33333
2334593,2334593,Scorpaena papillosa,-40,148.33333
2334593,2334593,Scorpaena papillosa,-40,148.33333
2334593,10822122,Scorpaena papillosa,-37.9,140.37
2334593,2334593,Scorpaena papillosa,-32.908333,151.975
2334593,2334598,Scorpaena papillosa,-37.05,149.9
2334593,2334598,Scorpaena papillosa,-37.05,149.9
2334593,2334598,Scorpaena papillosa,-37.05,149.9
