requested_taxonKey,record_taxonKey,species_name,decimalLatitude,decimalLongitude
2334545,2334547,Dendrochirus biocellatus,-10.43946,105.620379
2334545,2334547,Dendrochirus biocellatus,-10.428872,105.668114
2334545,2334547,Dendrochirus biocellatus,-10.44461,105.633919
2334545,2334545,Dendrochirus biocellatus,-10.5,105.666664
2334545,2334545,Dendrochirus biocellatus,-10.48333,105.66667
2334545,2334545,Dendrochirus biocellatus,-10.48333,105.66667
2334545,2334545,Dendrochirus biocellatus,-10.48333,105.66667
2334545,2334545,Dendrochirus biocellatus,-10.48333,105.66667
2334545,2334545,Dendrochirus biocellatus,-10.41667,105.66667
2334545,2334545,Dendrochirus biocellatus,-10.41667,105.66667
