requested_taxonKey,record_taxonKey,species_name,decimalLatitude,decimalLongitude
2334730,2334730,Scorpaenopsis venosa,-30.204159,153.264988
2334730,2334730,Scorpaenopsis venosa,-29.926762,153.388372
2334730,2334730,Scorpaenopsis venosa,-33.839962,151.253693
2334730,2334730,Scorpaenopsis venosa,-27.4,153.566667
2334730,2334730,Scorpaenopsis venosa,-27.4,153.566667
2334730,2334730,Scorpaenopsis venosa,-33.84001,151.253262
2334730,2334730,Scorpaenopsis venosa,-33.839727,151.253469
2334730,2334730,Scorpaenopsis venosa,-21.818329,114.202675
2334730,2334730,Scorpaenopsis venosa,-27.938409,153.422494
2334730,2334730,Scorpaenopsis venosa,-21.82935,114.180834
2334730,10549365,Scorpaenopsis venosa,-19.94283,116.60883
2334730,2334730,Scorpaenopsis venosa,-19.9405,116.611667
2334730,2334730,Scorpaenopsis venosa,-19.9405,116.611667
2334730,2334730,Scorpaenopsis venosa,-21.816762,114.19518
2334730,2334730,Scorpaenopsis venosa,-28.195027,153.577532
2334730,2334730,Scorpaenopsis venosa,-28.8089,113.93844
2334730,2334730,Scorpaenopsis venosa,-27.936667,153.425556
2334730,2334730,Scorpaenopsis venosa,-27.936667,153.422778
2334730,2334730,Scorpaenopsis venosa,-27.4,153.55
2334730,2334730,Scorpaenopsis venosa,-18.823333,118.713333
2334730,2334730,Scorpaenopsis venosa,-20.428333,115.848333
2334730,2334730,Scorpaenopsis venosa,-18.823333,118.713333
2334730,2334730,Scorpaenopsis venosa,-20.428333,115.848333
2334730,2334730,Scorpaenopsis venosa,-21.578333,114.855
2334730,2334730,Scorpaenopsis venosa,-21.272778,115.021667
2334730,2334730,Scorpaenopsis venosa,-21.592778,114.510556
2334730,2334730,Scorpaenopsis venosa,-21.685,114.311667
2334730,2334730,Scorpaenopsis venosa,-24.48556,113.40861
2334730,2334730,Scorpaenopsis venosa,-21.6325,115.11139
2334730,2334730,Scorpaenopsis venosa,-20.105,116.461667
2334730,2334730,Scorpaenopsis venosa,-20.105,116.461667
2334730,2334730,Scorpaenopsis venosa,-19.7,117.95
2334730,2334730,Scorpaenopsis venosa,-19.7,117.95
2334730,2334730,Scorpaenopsis venosa,-19.017,119.417
2334730,2334730,Scorpaenopsis venosa,-20.217,116.3
2334730,2334730,Scorpaenopsis venosa,-19.828333,116.63
2334730,2334730,Scorpaenopsis venosa,-19.828333,116.63
2334730,2334730,Scorpaenopsis venosa,-20.25,116.033333
2334730,4286378,Scorpaenopsis venosa,-33.583,151.333
2334730,2334730,Scorpaenopsis venosa,-27.25,153.25
2334730,2334730,Scorpaenopsis venosa,-27.4,153.433333
2334730,2334730,Scorpaenopsis venosa,-15.588611,121.944722
2334730,2334730,Scorpaenopsis venosa,-15.791667,121.964722
2334730,2334730,Scorpaenopsis venosa,-15.62,122.1175
2334730,2334730,Scorpaenopsis venosa,-25.952246,113.638599
