requested_taxonKey,record_taxonKey,species_name,decimalLatitude,decimalLongitude
2334440,2334442,Pterois radiata,-10.43577,105.657473
2334440,2334442,Pterois radiata,-10.428507,105.667271
2334440,2334442,Pterois radiata,-10.442316,105.655942
2334440,2334442,Pterois radiata,-10.463056,105.643757
2334440,2334442,Pterois radiata,-10.463056,105.643757
2334440,2334442,Pterois radiata,-12.082224,96.855358
2334440,2334442,Pterois radiata,-10.419101,105.668717
2334440,2334442,Pterois radiata,-10.428703,105.667705
2334440,2334442,Pterois radiata,-10.428729,105.667812
2334440,2334440,Pterois radiata,-12.183333,96.86667
2334440,2334440,Pterois radiata,-11.816667,96.816666
2334440,2334440,Pterois radiata,-10.478054,105.626557
2334440,2334440,Pterois radiata,-10.48333,105.66667
2334440,2334440,Pterois radiata,-10.48333,105.66667
2334440,2334440,Pterois radiata,-10.48333,105.66667
2334440,2334440,Pterois radiata,-10.48333,105.66667
2334440,2334440,Pterois radiata,-17.3,119.38333
2334440,2334440,Pterois radiata,-17.1,119.61667
2334440,2334440,Pterois radiata,-12.08333,96.88333
2334440,2334440,Pterois radiata,-12.18333,96.86667
2334440,2334440,Pterois radiata,-10.5,105.66667
2334440,2334440,Pterois radiata,-10.5,105.66667
2334440,2334440,Pterois radiata,-10.5,105.66667
2334440,2334440,Pterois radiata,-10.5,105.66667
2334440,2334440,Pterois radiata,-10.5,105.66667
2334440,2334440,Pterois radiata,-10.5,105.66667
2334440,2334440,Pterois radiata,-17.50915,118.96316
