requested_taxonKey,record_taxonKey,species_name,decimalLatitude,decimalLongitude
2334899,2334906,Psychrolutes marcidus,-30.099,153.596
2334899,2334906,Psychrolutes marcidus,-30.099,153.596
2334899,2334906,Psychrolutes marcidus,-30.099,153.596
2334899,2334906,Psychrolutes marcidus,-34.737833,131.841
2334899,2334906,Psychrolutes marcidus,-34.407833,130.023667
2334899,2334906,Psychrolutes marcidus,-34.7234,131.8525
2334899,2334906,Psychrolutes marcidus,-34.41425,130.031
2334899,2334906,Psychrolutes marcidus,-34.407833,130.023667
2334899,2334906,Psychrolutes marcidus,-34.737833,131.841
2334899,2334909,Psychrolutes occidentalis,-20.9525,114.013
2334899,2334899,"Psychrolutes Günther, 1861",-19.7258,115.343
2334899,2334909,Psychrolutes occidentalis,-20.9525,114.013
2334899,10187683,BOLD:ADP3443,-22.0672,113.721
2334899,10187683,BOLD:ADP3443,-21.9502,113.719
2334899,2334906,Psychrolutes marcidus,-36.433,150.35
2334899,2334906,Psychrolutes marcidus,-36.417,150.333
2334899,2334906,Psychrolutes marcidus,-36.417,150.35
2334899,2334906,Psychrolutes marcidus,-36.5,150.35
2334899,2334906,Psychrolutes marcidus,-36.417,150.35
2334899,2334906,Psychrolutes marcidus,-37.683,150.267
2334899,2334906,Psychrolutes marcidus,-35.517,150.783
2334899,2334906,Psychrolutes marcidus,-35.517,150.783
2334899,2334906,Psychrolutes marcidus,-35.7,150.65
2334899,2334906,Psychrolutes marcidus,-35.55,150.767
2334899,2334906,Psychrolutes marcidus,-37.65,150.283
2334899,2334906,Psychrolutes marcidus,-37.667,150.283
2334899,2334906,Psychrolutes marcidus,-37.65,150.3
2334899,2334906,Psychrolutes marcidus,-35.583,150.75
2334899,2334906,Psychrolutes marcidus,-23.72916,112.595
2334899,2334906,Psychrolutes marcidus,-26.2275,112.04667
2334899,2334899,"Psychrolutes Günther, 1861",-30.2783,114.503
2334899,2334906,Psychrolutes marcidus,-33.28083,114.1975
2334899,2334906,Psychrolutes marcidus,-27.98333,112.6925
2334899,2334906,Psychrolutes marcidus,-30.26583,114.49917
2334899,2334906,Psychrolutes marcidus,-38.502167,140.750833
2334899,2334906,Psychrolutes marcidus,-38.502167,140.750833
2334899,2334906,Psychrolutes marcidus,-38.502167,140.750833
2334899,2334906,Psychrolutes marcidus,-38.502167,140.750833
2334899,2334906,Psychrolutes marcidus,-37.60833,139.09167
2334899,2334906,Psychrolutes marcidus,-38.40833,140.51667
2334899,2334899,"Psychrolutes Günther, 1861",-38.48333,140.73334
2334899,2334906,Psychrolutes marcidus,-38.09166,140.05834
2334899,2334906,Psychrolutes marcidus,-38.502167,140.750833
2334899,2334906,Psychrolutes marcidus,-38.502167,140.750833
2334899,2334906,Psychrolutes marcidus,-38.502167,140.750833
2334899,2334906,Psychrolutes marcidus,-38.502167,140.750833
2334899,2334906,Psychrolutes marcidus,-39.01666,142.33334
2334899,2334906,Psychrolutes marcidus,-32.933,152.767
2334899,2334906,Psychrolutes marcidus,-35.067,151.117
2334899,2334906,Psychrolutes marcidus,-35.45,150.85
2334899,2334906,Psychrolutes marcidus,-39.23333,148.79167
2334899,2334906,Psychrolutes marcidus,-33.7,151.983
2334899,2334906,Psychrolutes marcidus,-33.05,152.6
2334899,2334906,Psychrolutes marcidus,-33.45,152.217
2334899,2334906,Psychrolutes marcidus,-35.433,150.85
2334899,2334906,Psychrolutes marcidus,-32.85,152.817
2334899,2334906,Psychrolutes marcidus,-32.1,153.15834
2334899,2334906,Psychrolutes marcidus,-34.883,151.25
2334899,2334906,Psychrolutes marcidus,-34.783,151.283
2334899,2334906,Psychrolutes marcidus,-32.5,153
2334899,2334906,Psychrolutes marcidus,-31.867,153.267
2334899,2334906,Psychrolutes marcidus,-32.1,153.15
2334899,2334906,Psychrolutes marcidus,-34.883,151.217
2334899,2334906,Psychrolutes marcidus,-35.483,150.917
2334899,2334906,Psychrolutes marcidus,-35.483,150.883
2334899,2334906,Psychrolutes marcidus,-34.891666,151.25
2334899,2334906,Psychrolutes marcidus,-37.7967,139.443
2334899,2334906,Psychrolutes marcidus,-38.5857,140.97
2334899,2334906,Psychrolutes marcidus,-38.2855,140.351
2334899,2334906,Psychrolutes marcidus,-35.467,150.9
2334899,2334906,Psychrolutes marcidus,-38.575,140.94167
2334899,2334906,Psychrolutes marcidus,-35.467,150.883
2334899,2334906,Psychrolutes marcidus,-34.867,151.25
2334899,2334906,Psychrolutes marcidus,-34.917,151.25
2334899,2334906,Psychrolutes marcidus,-35.5,150.883
2334899,2334906,Psychrolutes marcidus,-33.55,152.133
2334899,2334906,Psychrolutes marcidus,-34.633,151.317
2334899,2334906,Psychrolutes marcidus,-41.63333,144.375
2334899,2334906,Psychrolutes marcidus,-42.84166,144.75834
2334899,2334906,Psychrolutes marcidus,-40.90833,143.675
2334899,2334906,Psychrolutes marcidus,-35.4505,150.865
2334899,2334906,Psychrolutes marcidus,-32.067,153.133
2334899,2334906,Psychrolutes marcidus,-32.117,153.15
2334899,2334906,Psychrolutes marcidus,-34.917,151.233
2334899,2334906,Psychrolutes marcidus,-34.883,151.25
2334899,2334906,Psychrolutes marcidus,-35.45,150.917
2334899,2334906,Psychrolutes marcidus,-33.8,151.967
2334899,2334906,Psychrolutes marcidus,-35.43333,150.88334
2334899,2334906,Psychrolutes marcidus,-35.48333,150.85833
2334899,2334899,"Psychrolutes Günther, 1861",-35.45833,150.86667
2334899,2334906,Psychrolutes marcidus,-32.066666,153.14166
2334899,2334906,Psychrolutes marcidus,-32.05,153.15
2334899,2334906,Psychrolutes marcidus,-34.667,151.283
2334899,2334906,Psychrolutes marcidus,-35.483,150.9
2334899,2334906,Psychrolutes marcidus,-32.917,152.75
2334899,2334906,Psychrolutes marcidus,-33.5,152.183
2334899,2334906,Psychrolutes marcidus,-35.5,150.883
2334899,2334906,Psychrolutes marcidus,-34.933,151.217
2334899,2334906,Psychrolutes marcidus,-34.917,151.217
2334899,2334906,Psychrolutes marcidus,-32.833,152.8
2334899,2334906,Psychrolutes marcidus,-35.5,150.867
2334899,2334906,Psychrolutes marcidus,-35.317,150.95
2334899,2334906,Psychrolutes marcidus,-32.366665,153.01666
2334899,2334906,Psychrolutes marcidus,-32.367,153.017
2334899,2334906,Psychrolutes marcidus,-33.733,152.017
2334899,2334906,Psychrolutes marcidus,-35.367,150.95
2334899,2334906,Psychrolutes marcidus,-34.933,151.2
2334899,2334906,Psychrolutes marcidus,-34.666668,151.28334
2334899,2334906,Psychrolutes marcidus,-34.667,151.283
2334899,2334906,Psychrolutes marcidus,-34.583,151.35
2334899,2334906,Psychrolutes marcidus,-34.817,151.25
2334899,2334906,Psychrolutes marcidus,-34.67,151.28
2334899,2334906,Psychrolutes marcidus,-41.326667,144.121667
2334899,2334906,Psychrolutes marcidus,-41.8,144.433333
2334899,2334906,Psychrolutes marcidus,-41.326667,144.121667
2334899,2334906,Psychrolutes marcidus,-41.8,144.433333
2334899,2334906,Psychrolutes marcidus,-41.855,144.38
2334899,2334906,Psychrolutes marcidus,-41.855,144.38
2334899,2334906,Psychrolutes marcidus,-34.9733,151.387
2334899,2334906,Psychrolutes marcidus,-41.7017,144.455
2334899,2334906,Psychrolutes marcidus,-38.2567,149.703
2334899,2334899,"Psychrolutes Günther, 1861",-17.367,118.633
2334899,2334899,"Psychrolutes Günther, 1861",-17.25,119.05
2334899,2334906,Psychrolutes marcidus,-33.72333,151.89
2334899,2334906,Psychrolutes marcidus,-33.666668,152.1
2334899,2334906,Psychrolutes marcidus,-33.567,152.15
2334899,2334906,Psychrolutes marcidus,-37.667,150.333
2334899,2334906,Psychrolutes marcidus,-41.25,144.066667
2334899,2334906,Psychrolutes marcidus,-35.633,150.733
2334899,2334906,Psychrolutes marcidus,-34.583,151.283
2334899,2334906,Psychrolutes marcidus,-41.25,144.066667
2334899,2334906,Psychrolutes marcidus,-32.117,153.15
2334899,2334906,Psychrolutes marcidus,-35.45,150.867
2334899,2334906,Psychrolutes marcidus,-33.75,152.025
2334899,2334906,Psychrolutes marcidus,-34.617,151.317
2334899,2334906,Psychrolutes marcidus,-33.717,152.017
2334899,2334906,Psychrolutes marcidus,-33.442,128.567
2334899,2334906,Psychrolutes marcidus,-39.29166,148.75
2334899,2334906,Psychrolutes marcidus,-34.817,151.183
2334899,2334906,Psychrolutes marcidus,-33.75,151.933
2334899,2334906,Psychrolutes marcidus,-34.6,151.317
2334899,2334906,Psychrolutes marcidus,-34.85,151.233
2334899,2334906,Psychrolutes marcidus,-34.883,151.233
2334899,2334906,Psychrolutes marcidus,-35.6,150.75
2334899,2334906,Psychrolutes marcidus,-37.633,150.333
2334899,2334906,Psychrolutes marcidus,-33.716667,152.85
2334899,2334906,Psychrolutes marcidus,-32.917,152.75
2334899,2334906,Psychrolutes marcidus,-34.883,151.25
2334899,2334906,Psychrolutes marcidus,-33.483,152.217
2334899,2334906,Psychrolutes marcidus,-34.917,151.267
2334899,2334909,Psychrolutes occidentalis,-18.666666,116.7
2334899,2334909,Psychrolutes occidentalis,-18.483334,116.6
2334899,2334906,Psychrolutes marcidus,-38.05,150.15
2334899,2334906,Psychrolutes marcidus,-38.033,150.067
2334899,2334906,Psychrolutes marcidus,-38.7814,141.924
2334899,2334906,Psychrolutes marcidus,-38.7814,141.924
2334899,2334906,Psychrolutes marcidus,-38.45,148.296
2334899,2334906,Psychrolutes marcidus,-37.9,139.8
2334899,2334906,Psychrolutes marcidus,-33.616665,152.05
2334899,2334906,Psychrolutes marcidus,-33.633,152.033
2334899,2334906,Psychrolutes marcidus,-42.22,144.72
2334899,2334906,Psychrolutes marcidus,-40.07,143.47
2334899,2334906,Psychrolutes marcidus,-34.35,151.417
2334899,2334906,Psychrolutes marcidus,-33.633335,152.10834
2334899,2334906,Psychrolutes marcidus,-33.617,152.1
2334899,2334906,Psychrolutes marcidus,-28.05,154.067
2334899,2334906,Psychrolutes marcidus,-28.03,154.07
2334899,2334906,Psychrolutes marcidus,-34.9,151.225
2334899,2334906,Psychrolutes marcidus,-34.917,151.217
2334899,2334906,Psychrolutes marcidus,-38.233,149.8
2334899,2334906,Psychrolutes marcidus,-33.683,151.917
2334899,2334906,Psychrolutes marcidus,-37.716667,150.28334
2334899,2334906,Psychrolutes marcidus,-37.683,150.283
2334899,2334906,Psychrolutes marcidus,-35.55,150.767
2334899,2334906,Psychrolutes marcidus,-38.55,141.05
2334899,2334906,Psychrolutes marcidus,-35.5,150.8
2334899,2334906,Psychrolutes marcidus,-38.55,141.05
2334899,2334906,Psychrolutes marcidus,-33.441666,152.15
2334899,2334906,Psychrolutes marcidus,-33.617,152
2334899,2334906,Psychrolutes marcidus,-33.45,152.15
2334899,2334906,Psychrolutes marcidus,-34.391666,151.41667
2334899,2334906,Psychrolutes marcidus,-34.391666,151.41667
2334899,2334906,Psychrolutes marcidus,-35.716667,150.63333
2334899,2334906,Psychrolutes marcidus,-35.583,150.733
2334899,2334906,Psychrolutes marcidus,-35.7,150.65
2334899,2334906,Psychrolutes marcidus,-34.4,151.417
2334899,2334906,Psychrolutes marcidus,-34.39,151.42
2334899,2334906,Psychrolutes marcidus,-33.625,151.925
2334899,2334906,Psychrolutes marcidus,-34.833332,151.21666
2334899,2334906,Psychrolutes marcidus,-34.9,151.18333
2334899,2334906,Psychrolutes marcidus,-33.458332,152.08333
2334899,2334906,Psychrolutes marcidus,-33.7,151.94167
2334899,2334909,Psychrolutes occidentalis,-18.483333,116.6
2334899,2334909,Psychrolutes occidentalis,-18.666667,116.7
2334899,2334909,Psychrolutes occidentalis,-17.28333,119.95
2334899,2334909,Psychrolutes occidentalis,-17.7,118.63333
2334899,2334909,Psychrolutes occidentalis,-16.01667,120.55
2334899,2334899,"Psychrolutes Günther, 1861",-25.65,112.15
2334899,2334909,Psychrolutes occidentalis,-17.28333,119.95
2334899,2334906,Psychrolutes marcidus,-37.875,139.783
2334899,2334909,Psychrolutes occidentalis,-19.26667,115.63333
