requested_taxonKey,record_taxonKey,species_name,decimalLatitude,decimalLongitude
2334743,2334743,Scorpaenopsis diabolus,-33.979565,151.25393
2334743,2334743,Scorpaenopsis diabolus,-30.205483,153.26693
2334743,2334743,Scorpaenopsis diabolus,-33.925686,151.25939
2334743,2334743,Scorpaenopsis diabolus,-29.923343,153.387916
2334743,2334743,Scorpaenopsis diabolus,-29.923371,153.38769
2334743,2334743,Scorpaenopsis diabolus,-28.089269,153.456485
2334743,2334743,Scorpaenopsis diabolus,-21.816863,114.191886
2334743,2334743,Scorpaenopsis diabolus,-30.205444,153.265252
2334743,2334743,Scorpaenopsis diabolus,-28.089528,153.456384
2334743,2334743,Scorpaenopsis diabolus,-28.611992,153.628261
2334743,2334743,Scorpaenopsis diabolus,-33.840245,151.253308
2334743,2334743,Scorpaenopsis diabolus,-10.428652,105.668951
2334743,2334743,Scorpaenopsis diabolus,-33.924575,151.327125
2334743,2334743,Scorpaenopsis diabolus,-33.839554,151.253908
2334743,2334743,Scorpaenopsis diabolus,-10.428074,105.668535
2334743,2334743,Scorpaenopsis diabolus,-27.935573,153.430119
2334743,2334743,Scorpaenopsis diabolus,-21.816829,114.191704
2334743,2334743,Scorpaenopsis diabolus,-23.16925,113.75708
2334743,2334743,Scorpaenopsis diabolus,-21.81687,114.191486
2334743,2334743,Scorpaenopsis diabolus,-33.839552,151.253667
2334743,2334743,Scorpaenopsis diabolus,-22.132477,113.876896
2334743,2334743,Scorpaenopsis diabolus,-27.41472,153.526409
2334743,2334743,Scorpaenopsis diabolus,-27.41472,153.526409
2334743,2334743,Scorpaenopsis diabolus,-22.230316,113.840343
2334743,2334743,Scorpaenopsis diabolus,-27.935897,153.425331
2334743,2334743,Scorpaenopsis diabolus,-21.828531,114.180745
2334743,2334743,Scorpaenopsis diabolus,-27.397866,153.439061
2334743,2334743,Scorpaenopsis diabolus,-30.948974,153.081605
2334743,2334743,Scorpaenopsis diabolus,-30.203741,153.264944
2334743,2334743,Scorpaenopsis diabolus,-27.9707,153.4275
2334743,2334743,Scorpaenopsis diabolus,-29.924329,153.387407
2334743,2334743,Scorpaenopsis diabolus,-23.09,113.74
2334743,2334743,Scorpaenopsis diabolus,-30.0176,153.2692
2334743,2334743,Scorpaenopsis diabolus,-30.0176,153.2692
2334743,2334743,Scorpaenopsis diabolus,-30.017747,153.270792
2334743,2334743,Scorpaenopsis diabolus,-30.01765,153.2692
2334743,2334743,Scorpaenopsis diabolus,-30.01765,153.2692
2334743,2334743,Scorpaenopsis diabolus,-30.2,153.26
2334743,2334743,Scorpaenopsis diabolus,-30.2,153.26
2334743,2334743,Scorpaenopsis diabolus,-21.559,114.199
2334743,2334743,Scorpaenopsis diabolus,-27.933333,153.433333
2334743,2334743,Scorpaenopsis diabolus,-27.466667,153.416667
2334743,2334743,Scorpaenopsis diabolus,-21.818,114.189
2334743,2334743,Scorpaenopsis diabolus,-22.333333,113.85
2334743,2334743,Scorpaenopsis diabolus,-22.094192,114.335083
2334743,2334743,Scorpaenopsis diabolus,-21.91667,113.95
2334743,2334743,Scorpaenopsis diabolus,-10.48333,105.66667
2334743,2334743,Scorpaenopsis diabolus,-10.48333,105.66667
2334743,2334743,Scorpaenopsis diabolus,-21.95,113.91667
2334743,2334743,Scorpaenopsis diabolus,-25.549,113.0501
2334743,2334743,Scorpaenopsis diabolus,-28.63333,153.61667
2334743,2334743,Scorpaenopsis diabolus,-28.63333,153.61667
2334743,2334743,Scorpaenopsis diabolus,-10.41667,105.66667
2334743,2334743,Scorpaenopsis diabolus,-20.45,115.5
2334743,2334743,Scorpaenopsis diabolus,-33.84571,151.26248
2334743,2334743,Scorpaenopsis diabolus,-33.84571,151.26248
