requested_taxonKey,record_taxonKey,species_name,decimalLatitude,decimalLongitude
2334841,2334841,Neomerinthe procurva,-20.9811,114.724
2334841,2334841,Neomerinthe procurva,-20.9811,114.724
2334841,2334841,Neomerinthe procurva,-20.9811,114.724
2334841,2334841,Neomerinthe procurva,-17.4872,120.461
2334841,2334841,Neomerinthe procurva,-20.2042,115.139
2334841,2334841,Neomerinthe procurva,-17.4344,120.435
2334841,2334841,Neomerinthe procurva,-18.55,118.35
2334841,2334841,Neomerinthe procurva,-18.4,118.5
2334841,2334841,Neomerinthe procurva,-18.69166,117.95834
2334841,2334841,Neomerinthe procurva,-18.975,117.50834
2334841,2334841,Neomerinthe procurva,-18.94166,117.33334
2334841,2334841,Neomerinthe procurva,-19.075,117.3
