requested_taxonKey,record_taxonKey,species_name,decimalLatitude,decimalLongitude
2334499,2334499,Taenianotus triacanthus,-21.78923,114.124134
2334499,2334499,Taenianotus triacanthus,-28.194749,153.577054
2334499,2334499,Taenianotus triacanthus,-28.195458,153.57743
2334499,2334499,Taenianotus triacanthus,-10.43946,105.620379
2334499,2334499,Taenianotus triacanthus,-10.421696,105.671618
2334499,2334499,Taenianotus triacanthus,-28.195563,153.576787
2334499,2334499,Taenianotus triacanthus,-10.414818,105.672143
2334499,2334499,Taenianotus triacanthus,-30.205483,153.26693
2334499,2334499,Taenianotus triacanthus,-27.935573,153.430119
2334499,2334499,Taenianotus triacanthus,-27.412899,153.526489
2334499,2334499,Taenianotus triacanthus,-29.930173,153.390007
2334499,2334499,Taenianotus triacanthus,-27.416667,153.55
2334499,2334499,Taenianotus triacanthus,-28.193333,153.58
2334499,2334499,Taenianotus triacanthus,-28.193333,153.58
2334499,2334499,Taenianotus triacanthus,-33.839052,151.244864
2334499,2334499,Taenianotus triacanthus,-33.839847,151.253452
2334499,2334499,Taenianotus triacanthus,-33.839783,151.253424
2334499,2334499,Taenianotus triacanthus,-33.839921,151.253681
2334499,2334499,Taenianotus triacanthus,-27.416667,153.55
2334499,2334499,Taenianotus triacanthus,-27.947461,153.419008
2334499,2334499,Taenianotus triacanthus,-28.1697,153.548029
2334499,2334499,Taenianotus triacanthus,-28.1697,153.548029
2334499,2334499,Taenianotus triacanthus,-27.956432,153.433158
2334499,2334499,Taenianotus triacanthus,-28.195087,153.576888
2334499,2334499,Taenianotus triacanthus,-27.416667,153.55
2334499,2334499,Taenianotus triacanthus,-27.963618,153.435617
2334499,2334499,Taenianotus triacanthus,-10.420181,105.725811
2334499,2334499,Taenianotus triacanthus,-10.437059,105.592601
2334499,2334499,Taenianotus triacanthus,-10.3931,105.660447
2334499,2334499,Taenianotus triacanthus,-28.196187,153.577795
2334499,2334499,Taenianotus triacanthus,-28.195506,153.578568
2334499,2334499,Taenianotus triacanthus,-33.839943,151.253459
2334499,2334499,Taenianotus triacanthus,-33.839865,151.25357
2334499,2334499,Taenianotus triacanthus,-30.206058,153.265943
2334499,2334499,Taenianotus triacanthus,-28.611388,153.629028
2334499,2334499,Taenianotus triacanthus,-34.001805,151.224167
2334499,2334499,Taenianotus triacanthus,-29.923815,153.387895
2334499,2334499,Taenianotus triacanthus,-28,153.5
2334499,2334499,Taenianotus triacanthus,-28.0167,153.4
2334499,2334499,Taenianotus triacanthus,-30.948358,153.076329
2334499,2334499,Taenianotus triacanthus,-27.936667,153.422778
2334499,2334499,Taenianotus triacanthus,-12.092668,96.841776
2334499,2334499,Taenianotus triacanthus,-12.092668,96.841776
2334499,2334499,Taenianotus triacanthus,-27.4,153.55
2334499,2334499,Taenianotus triacanthus,-27.416667,153.55
2334499,2334499,Taenianotus triacanthus,-28.822779,153.60611
2334499,2334499,Taenianotus triacanthus,-27.4,153.433333
2334499,2334499,Taenianotus triacanthus,-28.2,153.583333
2334499,2334499,Taenianotus triacanthus,-33.833332,151.26666
2334499,2334499,Taenianotus triacanthus,-33.833332,151.26666
2334499,2334499,Taenianotus triacanthus,-27.583334,153.45
2334499,2334499,Taenianotus triacanthus,-28.616667,153.63333
2334499,2334499,Taenianotus triacanthus,-10.41667,105.66667
2334499,2334499,Taenianotus triacanthus,-10.41667,105.66667
2334499,2334499,Taenianotus triacanthus,-17.27991,119.37663
