requested_taxonKey,record_taxonKey,species_name,decimalLatitude,decimalLongitude
2334717,2334743,Scorpaenopsis diabolus,-33.979565,151.25393
2334717,2334743,Scorpaenopsis diabolus,-30.205483,153.26693
2334717,2334743,Scorpaenopsis diabolus,-33.925686,151.25939
2334717,2334730,Scorpaenopsis venosa,-30.204159,153.264988
2334717,2334730,Scorpaenopsis venosa,-29.926762,153.388372
2334717,2334743,Scorpaenopsis diabolus,-29.923343,153.387916
2334717,2334743,Scorpaenopsis diabolus,-29.923371,153.38769
2334717,2334772,Scorpaenopsis macrochir,-33.840122,151.252804
2334717,2334743,Scorpaenopsis diabolus,-28.089269,153.456485
2334717,2334743,Scorpaenopsis diabolus,-21.816863,114.191886
2334717,2334743,Scorpaenopsis diabolus,-30.205444,153.265252
2334717,2334743,Scorpaenopsis diabolus,-28.089528,153.456384
2334717,2334743,Scorpaenopsis diabolus,-28.611992,153.628261
2334717,2334748,Scorpaenopsis eschmeyeri,-29.912744,153.383549
2334717,2334743,Scorpaenopsis diabolus,-33.840245,151.253308
2334717,2334743,Scorpaenopsis diabolus,-10.428652,105.668951
2334717,2334743,Scorpaenopsis diabolus,-33.924575,151.327125
2334717,2334743,Scorpaenopsis diabolus,-33.839554,151.253908
2334717,2334743,Scorpaenopsis diabolus,-10.428074,105.668535
2334717,2334739,Scorpaenopsis oxycephala,-10.428872,105.668114
2334717,2334730,Scorpaenopsis venosa,-33.839962,151.253693
2334717,2334743,Scorpaenopsis diabolus,-27.935573,153.430119
2334717,2334743,Scorpaenopsis diabolus,-21.816829,114.191704
2334717,2334743,Scorpaenopsis diabolus,-23.16925,113.75708
2334717,2334743,Scorpaenopsis diabolus,-21.81687,114.191486
2334717,2334730,Scorpaenopsis venosa,-27.4,153.566667
2334717,2334730,Scorpaenopsis venosa,-27.4,153.566667
2334717,2334743,Scorpaenopsis diabolus,-33.839552,151.253667
2334717,2334743,Scorpaenopsis diabolus,-22.132477,113.876896
2334717,2334743,Scorpaenopsis diabolus,-27.41472,153.526409
2334717,2334743,Scorpaenopsis diabolus,-27.41472,153.526409
2334717,2334730,Scorpaenopsis venosa,-33.84001,151.253262
2334717,2334730,Scorpaenopsis venosa,-33.839727,151.253469
2334717,2334730,Scorpaenopsis venosa,-21.818329,114.202675
2334717,2334739,Scorpaenopsis oxycephala,-21.816829,114.191704
2334717,2334743,Scorpaenopsis diabolus,-22.230316,113.840343
2334717,2334723,Scorpaenopsis neglecta,-32.713702,152.14927
2334717,2334743,Scorpaenopsis diabolus,-27.935897,153.425331
2334717,2334730,Scorpaenopsis venosa,-27.938409,153.422494
2334717,2334730,Scorpaenopsis venosa,-21.82935,114.180834
2334717,2334743,Scorpaenopsis diabolus,-21.828531,114.180745
2334717,2334726,Scorpaenopsis insperatus,-33.9161,151.266
2334717,2334739,Scorpaenopsis oxycephala,-32.714777,152.154442
2334717,2334748,Scorpaenopsis eschmeyeri,-30,153.5
2334717,2334769,Scorpaenopsis papuensis,-23.32,113.78
2334717,2334743,Scorpaenopsis diabolus,-27.397866,153.439061
2334717,10549365,Scorpaenopsis venosa,-19.94283,116.60883
2334717,2334723,Scorpaenopsis neglecta,-27.938344,153.421872
2334717,2334730,Scorpaenopsis venosa,-19.9405,116.611667
2334717,2334730,Scorpaenopsis venosa,-19.9405,116.611667
2334717,2334730,Scorpaenopsis venosa,-21.816762,114.19518
2334717,10219255,BOLD:AAJ1950,-20.513,115.9915
2334717,10219255,BOLD:AAJ1950,-20.2087,116.0674
2334717,2334723,Scorpaenopsis neglecta,-20.497667,116.021667
2334717,2334723,Scorpaenopsis neglecta,-20.348,116.116
2334717,2334723,Scorpaenopsis neglecta,-20.416,115.856
2334717,2334717,"Scorpaenopsis Heckel, 1837",-20.4942,116.0287
2334717,2334723,Scorpaenopsis neglecta,-20.497667,116.021667
2334717,2334723,Scorpaenopsis neglecta,-20.348,116.116
2334717,2334723,Scorpaenopsis neglecta,-20.416,115.856
2334717,2334717,"Scorpaenopsis Heckel, 1837",-29.6981,153.3976
2334717,2334743,Scorpaenopsis diabolus,-30.948974,153.081605
2334717,2334717,"Scorpaenopsis Heckel, 1837",-21.64,114.39
2334717,2334717,"Scorpaenopsis Heckel, 1837",-21.67,114.35
2334717,2334717,"Scorpaenopsis Heckel, 1837",-23.2,113.76
2334717,2334717,"Scorpaenopsis Heckel, 1837",-23.13,113.74
2334717,2334717,"Scorpaenopsis Heckel, 1837",-23.21,113.76
2334717,2334717,"Scorpaenopsis Heckel, 1837",-23.18,113.76
2334717,2334717,"Scorpaenopsis Heckel, 1837",-23.21,113.76
2334717,2334723,Scorpaenopsis neglecta,-32.713319,152.151911
2334717,2334723,Scorpaenopsis neglecta,-32.715,152.151111
2334717,2334743,Scorpaenopsis diabolus,-30.203741,153.264944
2334717,2334743,Scorpaenopsis diabolus,-27.9707,153.4275
2334717,2334717,"Scorpaenopsis Heckel, 1837",-23.22,113.75
2334717,2334717,"Scorpaenopsis Heckel, 1837",-21.5311,114.7623
2334717,2334743,Scorpaenopsis diabolus,-29.924329,153.387407
2334717,2334717,"Scorpaenopsis Heckel, 1837",-34.001553,151.225314
2334717,2334730,Scorpaenopsis venosa,-28.195027,153.577532
2334717,2334772,Scorpaenopsis macrochir,-27.936667,153.425556
2334717,2334769,Scorpaenopsis papuensis,-23.11,113.75
2334717,2334743,Scorpaenopsis diabolus,-23.09,113.74
2334717,2334769,Scorpaenopsis papuensis,-21.85,114.17
2334717,2334743,Scorpaenopsis diabolus,-30.0176,153.2692
2334717,2334743,Scorpaenopsis diabolus,-30.0176,153.2692
2334717,2334743,Scorpaenopsis diabolus,-30.017747,153.270792
2334717,2334743,Scorpaenopsis diabolus,-30.01765,153.2692
2334717,2334743,Scorpaenopsis diabolus,-30.01765,153.2692
2334717,2334730,Scorpaenopsis venosa,-28.8089,113.93844
2334717,2334772,Scorpaenopsis macrochir,-27.936667,153.425556
2334717,2334730,Scorpaenopsis venosa,-27.936667,153.425556
2334717,2334730,Scorpaenopsis venosa,-27.936667,153.422778
2334717,2334723,Scorpaenopsis neglecta,-34.628363,150.859245
2334717,2334739,Scorpaenopsis oxycephala,-10.43,105.67
2334717,2334743,Scorpaenopsis diabolus,-30.2,153.26
2334717,2334743,Scorpaenopsis diabolus,-30.2,153.26
2334717,2334730,Scorpaenopsis venosa,-27.4,153.55
2334717,2334772,Scorpaenopsis macrochir,-27.416667,153.55
2334717,2334748,Scorpaenopsis eschmeyeri,-27.416667,153.55
2334717,2334739,Scorpaenopsis oxycephala,-21.803994,114.115036
2334717,2334719,Scorpaenopsis cotticeps,-27.4,153.516667
2334717,2334723,Scorpaenopsis neglecta,-21.8166,114.191
2334717,2334723,Scorpaenopsis neglecta,-21.7863,114.181
2334717,2334772,Scorpaenopsis macrochir,-28.258055,153.5825
2334717,2334743,Scorpaenopsis diabolus,-21.559,114.199
2334717,2334726,Scorpaenopsis insperatus,-33.84139,151.25583
2334717,2334726,Scorpaenopsis insperatus,-33.84139,151.25583
2334717,2334743,Scorpaenopsis diabolus,-27.933333,153.433333
2334717,2334730,Scorpaenopsis venosa,-18.823333,118.713333
2334717,2334730,Scorpaenopsis venosa,-20.428333,115.848333
2334717,2334723,Scorpaenopsis neglecta,-19.113333,117.765
2334717,2334723,Scorpaenopsis neglecta,-19.8575,115.63167
2334717,2334730,Scorpaenopsis venosa,-18.823333,118.713333
2334717,2334730,Scorpaenopsis venosa,-20.428333,115.848333
2334717,2334723,Scorpaenopsis neglecta,-19.113333,117.765
2334717,2334772,Scorpaenopsis macrochir,-27.466667,153.416667
2334717,2334730,Scorpaenopsis venosa,-21.578333,114.855
2334717,2334730,Scorpaenopsis venosa,-21.272778,115.021667
2334717,2334730,Scorpaenopsis venosa,-21.592778,114.510556
2334717,2334730,Scorpaenopsis venosa,-21.685,114.311667
2334717,2334743,Scorpaenopsis diabolus,-27.466667,153.416667
2334717,2334717,"Scorpaenopsis Heckel, 1837",-17.333,119.333
2334717,2334730,Scorpaenopsis venosa,-24.48556,113.40861
2334717,2334730,Scorpaenopsis venosa,-21.6325,115.11139
2334717,2334723,Scorpaenopsis neglecta,-20.04667,116.35167
2334717,2334723,Scorpaenopsis neglecta,-19.18833,118.27333
2334717,2334743,Scorpaenopsis diabolus,-21.818,114.189
2334717,2334723,Scorpaenopsis neglecta,-17.967,122.233
2334717,2334723,Scorpaenopsis neglecta,-19.69333,116.75334
2334717,2334723,Scorpaenopsis neglecta,-19.06833,118.00083
2334717,2334723,Scorpaenopsis neglecta,-20.02833,116.38
2334717,2334723,Scorpaenopsis neglecta,-20.38666,116.3375
2334717,2334723,Scorpaenopsis neglecta,-20.067,116.617
2334717,2334723,Scorpaenopsis neglecta,-20.35083,117.535
2334717,2334723,Scorpaenopsis neglecta,-19.41166,118.01334
2334717,2334723,Scorpaenopsis neglecta,-19.81,116.65917
2334717,2334723,Scorpaenopsis neglecta,-19.033,118.5
2334717,2334723,Scorpaenopsis neglecta,-20.213333,117.798333
2334717,2334723,Scorpaenopsis neglecta,-19.82,116.096667
2334717,2334730,Scorpaenopsis venosa,-20.105,116.461667
2334717,2334723,Scorpaenopsis neglecta,-20.205,117.79417
2334717,2334723,Scorpaenopsis neglecta,-19.84166,116.0975
2334717,2334723,Scorpaenopsis neglecta,-20.23167,117.59834
2334717,2334730,Scorpaenopsis venosa,-20.105,116.461667
2334717,2334723,Scorpaenopsis neglecta,-20.213333,117.798333
2334717,2334723,Scorpaenopsis neglecta,-19.82,116.096667
2334717,2334734,Scorpaenopsis furneauxi,-19.503333,118.85
2334717,2334730,Scorpaenopsis venosa,-19.7,117.95
2334717,2334723,Scorpaenopsis neglecta,-19.61,118.90834
2334717,2334723,Scorpaenopsis neglecta,-19.51833,118.67084
2334717,2334723,Scorpaenopsis neglecta,-19.69583,117.94167
2334717,2334730,Scorpaenopsis venosa,-19.7,117.95
2334717,2334734,Scorpaenopsis furneauxi,-19.503333,118.85
2334717,2334734,Scorpaenopsis furneauxi,-19.058333,119.051667
2334717,2334723,Scorpaenopsis neglecta,-19.017,119.417
2334717,2334730,Scorpaenopsis venosa,-19.017,119.417
2334717,2334723,Scorpaenopsis neglecta,-19.04417,118.21584
2334717,2334734,Scorpaenopsis furneauxi,-19.058333,119.051667
2334717,2334723,Scorpaenopsis neglecta,-20.217,116.3
2334717,2334730,Scorpaenopsis venosa,-20.217,116.3
2334717,2334772,Scorpaenopsis macrochir,-19.2,118.667
2334717,2334772,Scorpaenopsis macrochir,-20.167,116.95
2334717,2334717,"Scorpaenopsis Heckel, 1837",-19.067,119.45
2334717,2334769,Scorpaenopsis papuensis,-19.918333,117.92
2334717,2334723,Scorpaenopsis neglecta,-19.70583,116.83
2334717,2334769,Scorpaenopsis papuensis,-19.918333,117.92
2334717,2334723,Scorpaenopsis neglecta,-19.828333,116.63
2334717,2334730,Scorpaenopsis venosa,-19.828333,116.63
2334717,2334723,Scorpaenopsis neglecta,-19.82833,116.615
2334717,2334723,Scorpaenopsis neglecta,-19.745,116.535
2334717,2334730,Scorpaenopsis venosa,-19.828333,116.63
2334717,2334723,Scorpaenopsis neglecta,-19.828333,116.63
2334717,2334734,Scorpaenopsis furneauxi,-19.493333,118.87
2334717,2334723,Scorpaenopsis neglecta,-20.48,116.1675
2334717,2334723,Scorpaenopsis neglecta,-19.92083,116.98333
2334717,2334723,Scorpaenopsis neglecta,-18.68917,118.3725
2334717,2334723,Scorpaenopsis neglecta,-19.215,117.86
2334717,2334734,Scorpaenopsis furneauxi,-19.493333,118.87
2334717,2334723,Scorpaenopsis neglecta,-19.483334,118.36667
2334717,2334723,Scorpaenopsis neglecta,-18.65833,117.875
2334717,2334723,Scorpaenopsis neglecta,-19.475,118.4
2334717,2334723,Scorpaenopsis neglecta,-18.525,118.14167
2334717,2334723,Scorpaenopsis neglecta,-19.06667,117.075
2334717,2334723,Scorpaenopsis neglecta,-18.68333,117.88334
2334717,2334723,Scorpaenopsis neglecta,-18.616667,119.35
2334717,2334723,Scorpaenopsis neglecta,-18.616667,119.35
2334717,2334723,Scorpaenopsis neglecta,-19.916667,115.983333
2334717,2334723,Scorpaenopsis neglecta,-19.916667,115.983333
2334717,2334730,Scorpaenopsis venosa,-20.25,116.033333
2334717,2334723,Scorpaenopsis neglecta,-20.56666,114.82542
2334717,2334723,Scorpaenopsis neglecta,-26.78361,113.25
2334717,2334743,Scorpaenopsis diabolus,-22.333333,113.85
2334717,4286378,Scorpaenopsis venosa,-33.583,151.333
2334717,2334743,Scorpaenopsis diabolus,-22.094192,114.335083
2334717,2334718,Scorpaenopsis possi,-10.58333,105.66667
2334717,2334718,Scorpaenopsis possi,-10.58333,105.66667
2334717,2334772,Scorpaenopsis macrochir,-20.46667,116.53333
2334717,2334769,Scorpaenopsis papuensis,-21.91667,113.95
2334717,2334769,Scorpaenopsis papuensis,-21.91667,113.95
2334717,2334743,Scorpaenopsis diabolus,-21.91667,113.95
2334717,2334769,Scorpaenopsis papuensis,-21.91667,113.95
2334717,2334769,Scorpaenopsis papuensis,-21.66667,114.33333
2334717,2334769,Scorpaenopsis papuensis,-21.7,114.28333
2334717,2334718,Scorpaenopsis possi,-10.48333,105.66667
2334717,2334743,Scorpaenopsis diabolus,-10.48333,105.66667
2334717,2334743,Scorpaenopsis diabolus,-10.48333,105.66667
2334717,2334718,Scorpaenopsis possi,-10.48333,105.66667
2334717,2334769,Scorpaenopsis papuensis,-10.48333,105.66667
2334717,2334723,Scorpaenopsis neglecta,-19.11667,119.41667
2334717,2334743,Scorpaenopsis diabolus,-21.95,113.91667
2334717,2334769,Scorpaenopsis papuensis,-26.13333,113.13333
2334717,2334723,Scorpaenopsis neglecta,-25.549,113.0501
2334717,2334743,Scorpaenopsis diabolus,-25.549,113.0501
2334717,2334743,Scorpaenopsis diabolus,-28.63333,153.61667
2334717,2334743,Scorpaenopsis diabolus,-28.63333,153.61667
2334717,2334769,Scorpaenopsis papuensis,-28.48333,113.76667
2334717,2334723,Scorpaenopsis neglecta,-16.85,122.08333
2334717,2334718,Scorpaenopsis possi,-24.48333,113.41667
2334717,2334769,Scorpaenopsis papuensis,-24.48333,113.41667
2334717,2334772,Scorpaenopsis macrochir,-17.3,119.36667
2334717,2334732,Scorpaenopsis vittapinna,-17.3,119.36667
2334717,2334758,Scorpaenopsis obtusa,-17.26667,119.36667
2334717,2334723,Scorpaenopsis neglecta,-17.96667,122.16667
2334717,2334743,Scorpaenopsis diabolus,-10.41667,105.66667
2334717,2334718,Scorpaenopsis possi,-10.41667,105.66667
2334717,2334732,Scorpaenopsis vittapinna,-10.41667,105.66667
2334717,2334743,Scorpaenopsis diabolus,-20.45,115.5
2334717,2334718,Scorpaenopsis possi,-20.526111,115.563056
2334717,2334723,Scorpaenopsis neglecta,-20.4,116.83333
2334717,2334723,Scorpaenopsis neglecta,-20.537778,116.569444
2334717,2334769,Scorpaenopsis papuensis,-21.78333,114.16667
2334717,2334730,Scorpaenopsis venosa,-27.25,153.25
2334717,2334772,Scorpaenopsis macrochir,-27.25,153.25
2334717,2334730,Scorpaenopsis venosa,-27.4,153.433333
2334717,2334726,Scorpaenopsis insperatus,-33.84667,151.25972
2334717,2334743,Scorpaenopsis diabolus,-33.84571,151.26248
2334717,2334743,Scorpaenopsis diabolus,-33.84571,151.26248
2334717,2334730,Scorpaenopsis venosa,-15.588611,121.944722
2334717,2334730,Scorpaenopsis venosa,-15.791667,121.964722
2334717,2334723,Scorpaenopsis neglecta,-17.275,119.37576
2334717,2334730,Scorpaenopsis venosa,-15.62,122.1175
2334717,2334730,Scorpaenopsis venosa,-25.952246,113.638599
