requested_taxonKey,record_taxonKey,species_name,decimalLatitude,decimalLongitude
2334506,10455791,Phenacoscorpius adenensis,-34.28667,132.698
2334506,2334506,Phenacoscorpius adenensis,-34.277833,132.693
2334506,2334506,Phenacoscorpius adenensis,-34.28225,132.6955
2334506,2334506,Phenacoscorpius adenensis,-34.277833,132.693
2334506,10455791,Phenacoscorpius adenensis,-35.356,118.296
2334506,10455791,Phenacoscorpius adenensis,-31.623,114.966
2334506,10455791,Phenacoscorpius adenensis,-35.356,118.296
2334506,10455791,Phenacoscorpius adenensis,-31.628,115.003
2334506,2334506,Phenacoscorpius adenensis,-31.624167,115.004
2334506,2334506,Phenacoscorpius adenensis,-31.618,114.972
2334506,2334506,Phenacoscorpius adenensis,-35.354667,118.299
2334506,2334506,Phenacoscorpius adenensis,-35.354667,118.299
2334506,2334506,Phenacoscorpius adenensis,-31.624167,115.004
2334506,2334506,Phenacoscorpius adenensis,-31.618,114.972
2334506,2334506,Phenacoscorpius adenensis,-35.354667,118.299
2334506,2334506,Phenacoscorpius adenensis,-35.354667,118.299
2334506,2334506,Phenacoscorpius adenensis,-38.1505,149.695167
2334506,2334506,Phenacoscorpius adenensis,-38.1505,149.695167
2334506,2334506,Phenacoscorpius adenensis,-37.898333,150.041667
2334506,2334506,Phenacoscorpius adenensis,-37.898333,150.041667
2334506,2334506,Phenacoscorpius adenensis,-37.898333,150.041667
2334506,2334506,Phenacoscorpius adenensis,-37.898333,150.041667
2334506,2334506,Phenacoscorpius adenensis,-36.486667,150.295
2334506,2334506,Phenacoscorpius adenensis,-37.755,150.003333
2334506,2334506,Phenacoscorpius adenensis,-36.486667,150.295
2334506,2334506,Phenacoscorpius adenensis,-37.755,150.003333
