requested_taxonKey,record_taxonKey,species_name,decimalLatitude,decimalLongitude
2334490,2334490,Parascorpaena mossambica,-33.83976,151.254023
2334490,2334490,Parascorpaena mossambica,-20.66077,115.70519
2334490,2334490,Parascorpaena mossambica,-20.76769,115.77638
2334490,2334490,Parascorpaena mossambica,-20.36309,115.37201
2334490,2334490,Parascorpaena mossambica,-27.936667,153.425556
2334490,2334490,Parascorpaena mossambica,-27.936667,153.422778
2334490,2334490,Parascorpaena mossambica,-27.939722,153.421667
2334490,2334490,Parascorpaena mossambica,-27.416667,153.55
2334490,2334490,Parascorpaena mossambica,-27.4,153.516667
2334490,2334490,Parascorpaena mossambica,-17.083,119.583
2334490,2334490,Parascorpaena mossambica,-29.933332,153.38333
2334490,2334490,Parascorpaena mossambica,-29.833334,153.3
2334490,2334490,Parascorpaena mossambica,-24.48333,113.41667
2334490,2334490,Parascorpaena mossambica,-20.7677,115.7764
2334490,2334490,Parascorpaena mossambica,-20.6608,115.7052
