requested_taxonKey,record_taxonKey,species_name,decimalLatitude,decimalLongitude
2334535,2334538,Dendrochirus zebra,-30.894224,153.040134
2334535,2334538,Dendrochirus zebra,-28.108518,153.476713
2334535,2334538,Dendrochirus zebra,-34.00312,151.227422
2334535,2334538,Dendrochirus zebra,-31.057219,153.057145
2334535,2334538,Dendrochirus zebra,-34.00311,151.227229
2334535,2334538,Dendrochirus zebra,-30.176145000000002,153.191346
2334535,2334538,Dendrochirus zebra,-28.089615,153.45711
2334535,2334538,Dendrochirus zebra,-30.107871,153.205694
2334535,2334538,Dendrochirus zebra,-27.946131,153.421749
2334535,2334538,Dendrochirus zebra,-22.237665,113.838288
2334535,2334538,Dendrochirus zebra,-22.037749,113.908993
2334535,2334538,Dendrochirus zebra,-29.924858,153.387035
2334535,2334538,Dendrochirus zebra,-27.493788,153.398025
2334535,2334538,Dendrochirus zebra,-30.909907,153.090556
2334535,2334538,Dendrochirus zebra,-34.064558,151.155691
2334535,2334538,Dendrochirus zebra,-34.0694,151.129769
2334535,2334538,Dendrochirus zebra,-33.800069,151.295513
2334535,2334538,Dendrochirus zebra,-33.800076,151.295613
2334535,2334538,Dendrochirus zebra,-30.205483,153.26693
2334535,2334538,Dendrochirus zebra,-30.205483,153.26693
2334535,2334538,Dendrochirus zebra,-28.194917,153.576719
2334535,2334538,Dendrochirus zebra,-27.532258,153.462608
2334535,2334538,Dendrochirus zebra,-32.713064,152.156244
2334535,2334538,Dendrochirus zebra,-32.713091,152.156847
2334535,2334538,Dendrochirus zebra,-33.800251,151.29469
2334535,2334538,Dendrochirus zebra,-33.800096,151.295346
2334535,2334538,Dendrochirus zebra,-34.069551,151.129927
2334535,2334538,Dendrochirus zebra,-34.069204,151.129906
2334535,2334538,Dendrochirus zebra,-32.713194,152.156706
2334535,2334538,Dendrochirus zebra,-34.069098,151.12997
2334535,2334538,Dendrochirus zebra,-32.71299,152.156299
2334535,2334536,Dendrochirus brachypterus,-31.848888,152.82973
2334535,2334536,Dendrochirus brachypterus,-31.848888,152.82973
2334535,2334538,Dendrochirus zebra,-28.089615,153.45711
2334535,2334538,Dendrochirus zebra,-29.927329,153.389192
2334535,2334538,Dendrochirus zebra,-29.927375,153.389145
2334535,2334538,Dendrochirus zebra,-28.195458,153.57743
2334535,2334538,Dendrochirus zebra,-21.868621,114.15806
2334535,2334538,Dendrochirus zebra,-30.202215,153.267537
2334535,2334538,Dendrochirus zebra,-34.002511,151.226161
2334535,2334538,Dendrochirus zebra,-33.800182,151.295738
2334535,2334538,Dendrochirus zebra,-33.799677,151.294745
2334535,2334538,Dendrochirus zebra,-33.800382,151.297572
2334535,2334538,Dendrochirus zebra,-28.194497,153.576633
2334535,2334538,Dendrochirus zebra,-30.202183,153.267529
2334535,2334538,Dendrochirus zebra,-20.291038,118.634044
2334535,2334538,Dendrochirus zebra,-22.564612,113.658924
2334535,2334538,Dendrochirus zebra,-34.002834,151.226698
2334535,2334538,Dendrochirus zebra,-34.002702,151.226734
2334535,2334538,Dendrochirus zebra,-30.205483,153.26693
2334535,2334538,Dendrochirus zebra,-30.205483,153.26693
2334535,2334538,Dendrochirus zebra,-33.916392,151.264265
2334535,2334538,Dendrochirus zebra,-29.816461,153.291826
2334535,2334538,Dendrochirus zebra,-33.916194,151.263889
2334535,2334538,Dendrochirus zebra,-21.785425,114.165305
2334535,2334538,Dendrochirus zebra,-27.412126,153.515785
2334535,2334538,Dendrochirus zebra,-30.01784,153.27135
2334535,2334538,Dendrochirus zebra,-29.568854,153.338651
2334535,2334538,Dendrochirus zebra,-30.017346,153.270299
2334535,2334538,Dendrochirus zebra,-28.098232,153.457384
2334535,2334538,Dendrochirus zebra,-34.002948,151.227617
2334535,2334538,Dendrochirus zebra,-28.098385,153.457125
2334535,2334547,Dendrochirus biocellatus,-10.43946,105.620379
2334535,2334538,Dendrochirus zebra,-22.237532,113.83774
2334535,2334538,Dendrochirus zebra,-10.428507,105.667271
2334535,2334538,Dendrochirus zebra,-34.064266,151.155654
2334535,2334538,Dendrochirus zebra,-29.684296,153.41627
2334535,2334535,"Dendrochirus Swainson, 1839",-22.2,113.8
2334535,2334538,Dendrochirus zebra,-34.0643,151.156193
2334535,2334538,Dendrochirus zebra,-33.800109,151.295452
2334535,2334538,Dendrochirus zebra,-30.205483,153.26693
2334535,2334538,Dendrochirus zebra,-33.80023,151.295474
2334535,2334538,Dendrochirus zebra,-34.069577,151.129744
2334535,2334538,Dendrochirus zebra,-29.928686,153.39038
2334535,2334538,Dendrochirus zebra,-33.800505,151.296856
2334535,2334538,Dendrochirus zebra,-27.4,153.566667
2334535,2334538,Dendrochirus zebra,-33.800078,151.294734
2334535,2334538,Dendrochirus zebra,-33.796899,151.294702
2334535,2334538,Dendrochirus zebra,-33.799397,151.2963
2334535,2334547,Dendrochirus biocellatus,-10.428872,105.668114
2334535,2334538,Dendrochirus zebra,-33.800215,151.293916
2334535,2334538,Dendrochirus zebra,-33.80035,151.293939
2334535,2334538,Dendrochirus zebra,-27.38993,153.551265
2334535,2334538,Dendrochirus zebra,-27.390758,153.551412
2334535,2334538,Dendrochirus zebra,-27.38968,153.551126
2334535,2334538,Dendrochirus zebra,-27.465857,153.505134
2334535,2334538,Dendrochirus zebra,-30.205483,153.26693
2334535,2334538,Dendrochirus zebra,-30.205483,153.26693
2334535,2334538,Dendrochirus zebra,-30.205483,153.26693
2334535,2334538,Dendrochirus zebra,-28.194749,153.577054
2334535,2334538,Dendrochirus zebra,-30.879934,153.099615
2334535,2334538,Dendrochirus zebra,-28.151423,153.515619
2334535,2334538,Dendrochirus zebra,-27.390584,153.554126
2334535,2334538,Dendrochirus zebra,-27.412899,153.526489
2334535,2334536,Dendrochirus brachypterus,-33.84011,151.27749
2334535,2334536,Dendrochirus brachypterus,-33.84011,151.27749
2334535,2334538,Dendrochirus zebra,-10.463056,105.643757
2334535,2334538,Dendrochirus zebra,-10.463056,105.643757
2334535,2334538,Dendrochirus zebra,-30.205483,153.26693
2334535,2334547,Dendrochirus biocellatus,-10.44461,105.633919
2334535,2334538,Dendrochirus zebra,-30.205483,153.26693
2334535,2334538,Dendrochirus zebra,-33.916392,151.264265
2334535,2334536,Dendrochirus brachypterus,-23.385429,113.422778
2334535,2334536,Dendrochirus brachypterus,-23.385429,113.422778
2334535,2334538,Dendrochirus zebra,-30.939207,153.101038
2334535,2334538,Dendrochirus zebra,-33.800374,151.295332
2334535,2334538,Dendrochirus zebra,-27.947376,153.418939
2334535,2334538,Dendrochirus zebra,-27.947376,153.418939
2334535,2334538,Dendrochirus zebra,-30.205409,153.266866
2334535,2334538,Dendrochirus zebra,-28.1925,153.57777
2334535,2334538,Dendrochirus zebra,-28.1925,153.57777
2334535,2334538,Dendrochirus zebra,-28.193333,153.58
2334535,2334538,Dendrochirus zebra,-28.193333,153.58
2334535,2334538,Dendrochirus zebra,-21.463477,115.019948
2334535,2334538,Dendrochirus zebra,-30.205483,153.26693
2334535,2334538,Dendrochirus zebra,-30.205483,153.26693
2334535,2334538,Dendrochirus zebra,-10.42761,105.668233
2334535,2334538,Dendrochirus zebra,-21.463617,115.020428
2334535,2334538,Dendrochirus zebra,-30.205483,153.26693
2334535,2334538,Dendrochirus zebra,-30.9384,153.100684
2334535,2334538,Dendrochirus zebra,-30.9384,153.100684
2334535,2334538,Dendrochirus zebra,-28.098497,153.456257
2334535,2334538,Dendrochirus zebra,-28.61082,153.630058
2334535,2334538,Dendrochirus zebra,-34.000742,151.226488
2334535,2334538,Dendrochirus zebra,-30.205409,153.266866
2334535,2334538,Dendrochirus zebra,-28.197859,153.57746
2334535,2334538,Dendrochirus zebra,-33.80055,151.297921
2334535,2334538,Dendrochirus zebra,-33.798999,151.295682
2334535,2334538,Dendrochirus zebra,-28.194749,153.577054
2334535,2334538,Dendrochirus zebra,-28.169986,153.549436
2334535,2334538,Dendrochirus zebra,-28.195144,153.576721
2334535,2334538,Dendrochirus zebra,-30.938768,153.100899
2334535,2334538,Dendrochirus zebra,-28.195139,153.576762
2334535,2334538,Dendrochirus zebra,-30.204129,153.266458
2334535,2334538,Dendrochirus zebra,-28.196472,153.576721
2334535,2334538,Dendrochirus zebra,-29.924329,153.387407
2334535,2334538,Dendrochirus zebra,-27.946358,153.418659
2334535,2334538,Dendrochirus zebra,-28.097381,153.475237
2334535,2334538,Dendrochirus zebra,-27.416667,153.55
2334535,2334538,Dendrochirus zebra,-30.204955000000002,153.264355
2334535,2334538,Dendrochirus zebra,-28.194178,153.578806
2334535,2334538,Dendrochirus zebra,-30.938986,153.100179
2334535,2334538,Dendrochirus zebra,-10.437059,105.592601
2334535,2334538,Dendrochirus zebra,-33.799061,151.269948
2334535,2334538,Dendrochirus zebra,-34.002478,151.225383
2334535,2334538,Dendrochirus zebra,-27.413122,153.520881
2334535,2334538,Dendrochirus zebra,-34.002922,151.22581
2334535,2334538,Dendrochirus zebra,-33.987375,151.291671
2334535,2334538,Dendrochirus zebra,-33.800339,151.295394
2334535,2334538,Dendrochirus zebra,-28.195808,153.578053
2334535,2334538,Dendrochirus zebra,-34.00248,151.22532
2334535,2334538,Dendrochirus zebra,-27.94238,153.42103
2334535,2334538,Dendrochirus zebra,-28.196202,153.576696
2334535,2334538,Dendrochirus zebra,-27.402435,153.43699
2334535,2334538,Dendrochirus zebra,-30.645969,153.010059
2334535,2334538,Dendrochirus zebra,-33.800061,151.294579
2334535,2334538,Dendrochirus zebra,-30.016939,153.26961
2334535,2334538,Dendrochirus zebra,-29.93,153.39
2334535,2334538,Dendrochirus zebra,-23.32,113.78
2334535,2334536,Dendrochirus brachypterus,-20.583334,116.71667
2334535,2334536,Dendrochirus brachypterus,-20.583334,116.71667
2334535,2334536,Dendrochirus brachypterus,-20.583334,116.71667
2334535,2334536,Dendrochirus brachypterus,-20.583334,116.71667
2334535,2334538,Dendrochirus zebra,-34.002587,151.225163
2334535,2334536,Dendrochirus brachypterus,-19.7445,116.650333
2334535,10290668,Dendrochirus brachypterus,-19.76583,116.63183
2334535,10290668,Dendrochirus brachypterus,-19.94517,116.6045
2334535,10290668,Dendrochirus brachypterus,-19.78017,116.034
2334535,10392557,Dendrochirus zebra,-19.9585,116.641
2334535,2334538,Dendrochirus zebra,-19.590833,117.317
2334535,2334536,Dendrochirus brachypterus,-19.9255,116.624667
2334535,2334536,Dendrochirus brachypterus,-19.779,116.038167
2334535,2334536,Dendrochirus brachypterus,-19.8195,116.2435
2334535,2334536,Dendrochirus brachypterus,-19.459,116.773333
2334535,2334536,Dendrochirus brachypterus,-19.7445,116.650333
2334535,2334538,Dendrochirus zebra,-19.939667,116.661
2334535,2334538,Dendrochirus zebra,-19.5835,117.3302
2334535,2334536,Dendrochirus brachypterus,-19.9113,116.6393
2334535,2334538,Dendrochirus zebra,-19.307,118.2302
2334535,2334536,Dendrochirus brachypterus,-19.9268,116.6752
2334535,2334538,Dendrochirus zebra,-19.5835,117.3302
2334535,2334538,Dendrochirus zebra,-19.307,118.2302
2334535,2334536,Dendrochirus brachypterus,-19.738,116.6558
2334535,2334536,Dendrochirus brachypterus,-19.738,116.6558
2334535,2334536,Dendrochirus brachypterus,-19.738,116.6558
2334535,2334536,Dendrochirus brachypterus,-19.738,116.6558
2334535,2334536,Dendrochirus brachypterus,-19.738,116.6558
2334535,2334536,Dendrochirus brachypterus,-19.738,116.6558
2334535,2334536,Dendrochirus brachypterus,-19.738,116.6558
2334535,2334536,Dendrochirus brachypterus,-19.738,116.6558
2334535,2334538,Dendrochirus zebra,-19.590833,117.317
2334535,2334536,Dendrochirus brachypterus,-19.9255,116.624667
2334535,2334536,Dendrochirus brachypterus,-19.779,116.038167
2334535,2334536,Dendrochirus brachypterus,-19.8195,116.2435
2334535,2334536,Dendrochirus brachypterus,-19.459,116.773333
2334535,2334536,Dendrochirus brachypterus,-19.7445,116.650333
2334535,2334536,Dendrochirus brachypterus,-19.7445,116.650333
2334535,2334538,Dendrochirus zebra,-19.939667,116.661
2334535,2334538,Dendrochirus zebra,-22.009273,114.126315
2334535,2334538,Dendrochirus zebra,-29.927869,153.389716
2334535,2334538,Dendrochirus zebra,-29.93,153.39
2334535,2334538,Dendrochirus zebra,-30.878587,153.059444
2334535,2334538,Dendrochirus zebra,-23.18,113.76
2334535,2334538,Dendrochirus zebra,-28.259099,153.583152
2334535,2334538,Dendrochirus zebra,-33.800177,151.296898
2334535,2334538,Dendrochirus zebra,-32.716011,152.141155
2334535,2334538,Dendrochirus zebra,-33.80055,151.297921
2334535,2334538,Dendrochirus zebra,-27.9707,153.4275
2334535,2334538,Dendrochirus zebra,-27.9707,153.4275
2334535,2334538,Dendrochirus zebra,-21.85,114.17
2334535,2334536,Dendrochirus brachypterus,-33.8398,151.254
2334535,2334538,Dendrochirus zebra,-32.7133,152.1571
2334535,2334538,Dendrochirus zebra,-27.9707,153.4275
2334535,2334538,Dendrochirus zebra,-27.9707,153.4275
2334535,2334538,Dendrochirus zebra,-32.715,152.151111
2334535,2334536,Dendrochirus brachypterus,-33.8005,151.2953
2334535,2334538,Dendrochirus zebra,-30.304143,153.149442
2334535,2334538,Dendrochirus zebra,-27.9707,153.4275
2334535,2334538,Dendrochirus zebra,-33.800423,151.294514
2334535,2334538,Dendrochirus zebra,-27.9707,153.4275
2334535,2334538,Dendrochirus zebra,-30.936685,153.106327
2334535,2334538,Dendrochirus zebra,-30.64581,153.008183
2334535,2334538,Dendrochirus zebra,-32.025,115.5451
2334535,2334538,Dendrochirus zebra,-27.9707,153.4275
2334535,2334538,Dendrochirus zebra,-27.9707,153.4275
2334535,2334538,Dendrochirus zebra,-21.824903,114.182225
2334535,2334538,Dendrochirus zebra,-22.0195,114.1274
2334535,2334538,Dendrochirus zebra,-33.80055,151.297921
2334535,2334536,Dendrochirus brachypterus,-34.001553,151.225314
2334535,2334538,Dendrochirus zebra,-33.82,151.29
2334535,2334538,Dendrochirus zebra,-30.2,153.27
2334535,2334538,Dendrochirus zebra,-33.800177,151.296898
2334535,2334538,Dendrochirus zebra,-33.800177,151.296898
2334535,2334538,Dendrochirus zebra,-23.21,113.76
2334535,2334538,Dendrochirus zebra,-32.714003,152.151555
2334535,2334538,Dendrochirus zebra,-32.714704,152.151271
2334535,2334538,Dendrochirus zebra,-32.717121,152.140249
2334535,2334538,Dendrochirus zebra,-32.715,152.151111
2334535,2334538,Dendrochirus zebra,-29.9231,153.3881
2334535,2334538,Dendrochirus zebra,-21.909685,113.942284
2334535,2334538,Dendrochirus zebra,-20.6195,116.5185
2334535,2334538,Dendrochirus zebra,-20.6195,116.51852
2334535,2334538,Dendrochirus zebra,-32.72,152.14
2334535,2334538,Dendrochirus zebra,-35.101154,150.782414
2334535,2334536,Dendrochirus brachypterus,-27.939722,153.421667
2334535,2334538,Dendrochirus zebra,-27.4135,153.5252
2334535,2334538,Dendrochirus zebra,-27.4135,153.5252
2334535,2334538,Dendrochirus zebra,-27.4003,153.4375
2334535,2334538,Dendrochirus zebra,-27.4142,153.5268
2334535,2334538,Dendrochirus zebra,-27.396,153.4379
2334535,2334538,Dendrochirus zebra,-27.396,153.4379
2334535,2334538,Dendrochirus zebra,-27.939722,153.421667
2334535,2334538,Dendrochirus zebra,-27.41351,153.52519
2334535,2334538,Dendrochirus zebra,-27.41351,153.52519
2334535,2334538,Dendrochirus zebra,-27.40021,153.43759
2334535,2334538,Dendrochirus zebra,-27.41422,153.52683
2334535,2334538,Dendrochirus zebra,-27.39602,153.4379
2334535,2334538,Dendrochirus zebra,-27.39602,153.4379
2334535,2334538,Dendrochirus zebra,-27.4,153.44
2334535,2334538,Dendrochirus zebra,-27.41,153.53
2334535,2334538,Dendrochirus zebra,-27.4,153.44
2334535,2334538,Dendrochirus zebra,-28.61,153.63
2334535,2334538,Dendrochirus zebra,-27.9364,153.4276
2334535,2334538,Dendrochirus zebra,-27.936383,153.4276
2334535,2334538,Dendrochirus zebra,-32.72,152.14
2334535,2334538,Dendrochirus zebra,-28.195027,153.577532
2334535,2334538,Dendrochirus zebra,-29.9331,153.3926
2334535,2334538,Dendrochirus zebra,-29.933083,153.392562
2334535,2334538,Dendrochirus zebra,-29.93,153.39
2334535,2334538,Dendrochirus zebra,-33.80055,151.297921
2334535,2334538,Dendrochirus zebra,-28.611559,153.628959
2334535,2334538,Dendrochirus zebra,-21.832534,114.196938
2334535,2334538,Dendrochirus zebra,-27.416667,153.55
2334535,2334538,Dendrochirus zebra,-22.058662000000002,114.169461
2334535,2334538,Dendrochirus zebra,-30.93938,153.100388
2334535,2334538,Dendrochirus zebra,-27.4,153.516667
2334535,2334536,Dendrochirus brachypterus,-33.83972,151.25667
2334535,2334538,Dendrochirus zebra,-28.822779,153.60611
2334535,2334538,Dendrochirus zebra,-28.822779,153.60611
2334535,2334538,Dendrochirus zebra,-28.258055,153.58278
2334535,2334538,Dendrochirus zebra,-28.258055,153.58278
2334535,2334538,Dendrochirus zebra,-33.80055,151.297921
2334535,2334538,Dendrochirus zebra,-33.839343,151.278541
2334535,2334536,Dendrochirus brachypterus,-33.84139,151.25583
2334535,2334536,Dendrochirus brachypterus,-33.84139,151.25583
2334535,2334536,Dendrochirus brachypterus,-27.95,153.55
2334535,2334536,Dendrochirus brachypterus,-33.845554,151.28139
2334535,2334536,Dendrochirus brachypterus,-29.733334,153.43333
2334535,2334536,Dendrochirus brachypterus,-34.083332,151.11667
2334535,2334536,Dendrochirus brachypterus,-18.838333,118.626667
2334535,2334538,Dendrochirus zebra,-20.01833,116.06083
2334535,2334538,Dendrochirus zebra,-19.6825,117.62
2334535,2334538,Dendrochirus zebra,-19.83833,117.72334
2334535,2334538,Dendrochirus zebra,-19.62667,117.8275
2334535,2334536,Dendrochirus brachypterus,-18.8275,118.6475
2334535,2334536,Dendrochirus brachypterus,-18.838333,118.626667
2334535,2334538,Dendrochirus zebra,-27.466667,153.416667
2334535,2334538,Dendrochirus zebra,-27.4,153.433333
2334535,2334538,Dendrochirus zebra,-32.733,152.25
2334535,2334538,Dendrochirus zebra,-32.783,152.217
2334535,2334536,Dendrochirus brachypterus,-32.933,151.95
2334535,2334538,Dendrochirus zebra,-29.8,153.45
2334535,2334538,Dendrochirus zebra,-27.4,153.433333
2334535,2334538,Dendrochirus zebra,-33.067,151.767
2334535,2334538,Dendrochirus zebra,-32.75,151.233
2334535,2334538,Dendrochirus zebra,-32.75,151.233
2334535,2334538,Dendrochirus zebra,-32.867,151.967
2334535,2334536,Dendrochirus brachypterus,-29.567,153.467
2334535,2334536,Dendrochirus brachypterus,-29.533,153.483
2334535,2334536,Dendrochirus brachypterus,-29.533,153.483
2334535,2334536,Dendrochirus brachypterus,-29.517,153.533
2334535,2334538,Dendrochirus zebra,-19.695,118.108333
2334535,2334538,Dendrochirus zebra,-19.695,118.108333
2334535,2334536,Dendrochirus brachypterus,-33.05,151.767
2334535,2334536,Dendrochirus brachypterus,-33.033,151.767
2334535,2334536,Dendrochirus brachypterus,-29.433,153.567
2334535,2334538,Dendrochirus zebra,-27.4,153.533333
2334535,2334536,Dendrochirus brachypterus,-28.4,153.667
2334535,2334536,Dendrochirus brachypterus,-28.4,153.667
2334535,2334536,Dendrochirus brachypterus,-28.4,153.667
2334535,2334536,Dendrochirus brachypterus,-28.4,153.667
2334535,2334536,Dendrochirus brachypterus,-28.4,153.667
2334535,2334536,Dendrochirus brachypterus,-29.417,153.583
2334535,2334538,Dendrochirus zebra,-29.383,153.383
2334535,2334536,Dendrochirus brachypterus,-28.4,153.667
2334535,2334536,Dendrochirus brachypterus,-28.4,153.667
2334535,2334536,Dendrochirus brachypterus,-28.4,153.667
2334535,2334536,Dendrochirus brachypterus,-28.4,153.667
2334535,2334536,Dendrochirus brachypterus,-28.4,153.667
2334535,2334536,Dendrochirus brachypterus,-28.4,153.667
2334535,2334536,Dendrochirus brachypterus,-28.4,153.667
2334535,2334536,Dendrochirus brachypterus,-28.4,153.667
2334535,2334538,Dendrochirus zebra,-29.417,153.583
2334535,2334538,Dendrochirus zebra,-29.417,153.583
2334535,2334538,Dendrochirus zebra,-29.417,153.583
2334535,2334538,Dendrochirus zebra,-29.417,153.583
2334535,2334538,Dendrochirus zebra,-28.4,153.667
2334535,2334538,Dendrochirus zebra,-28.4,153.667
2334535,2334536,Dendrochirus brachypterus,-32.917,151.983
2334535,2334536,Dendrochirus brachypterus,-32.917,151.983
2334535,2334536,Dendrochirus brachypterus,-32.133,152.517
2334535,2334536,Dendrochirus brachypterus,-29.417,153.583
2334535,2334536,Dendrochirus brachypterus,-29.417,153.583
2334535,2334536,Dendrochirus brachypterus,-29.417,153.583
2334535,2334536,Dendrochirus brachypterus,-29.417,153.583
2334535,2334536,Dendrochirus brachypterus,-29.417,153.583
2334535,2334536,Dendrochirus brachypterus,-20.2225,115.50584
2334535,2334538,Dendrochirus zebra,-19.81666,117.82834
2334535,2334536,Dendrochirus brachypterus,-28.4,153.667
2334535,2334536,Dendrochirus brachypterus,-28.4,153.667
2334535,2334536,Dendrochirus brachypterus,-28.4,153.667
2334535,2334536,Dendrochirus brachypterus,-28.4,153.667
2334535,2334536,Dendrochirus brachypterus,-28.4,153.667
2334535,2334536,Dendrochirus brachypterus,-28.4,153.667
2334535,2334536,Dendrochirus brachypterus,-28.4,153.667
2334535,2334536,Dendrochirus brachypterus,-28.4,153.667
2334535,2334538,Dendrochirus zebra,-32.917,151.95
2334535,2334538,Dendrochirus zebra,-28.4,153.667
2334535,2334538,Dendrochirus zebra,-29.417,153.583
2334535,2334536,Dendrochirus brachypterus,-28.4,153.667
2334535,2334536,Dendrochirus brachypterus,-28.4,153.667
2334535,2334538,Dendrochirus zebra,-29.417,153.583
2334535,2334538,Dendrochirus zebra,-28.4,153.667
2334535,2334538,Dendrochirus zebra,-28.4,153.667
2334535,2334538,Dendrochirus zebra,-28.4,153.667
2334535,2334538,Dendrochirus zebra,-28.4,153.667
2334535,2334538,Dendrochirus zebra,-28.4,153.667
2334535,2334536,Dendrochirus brachypterus,-36.2214,150.121
2334535,2334536,Dendrochirus brachypterus,-36.2159,150.098
2334535,2334538,Dendrochirus zebra,-19.5825,117.9025
2334535,2334536,Dendrochirus brachypterus,-30.467,153.133
2334535,2334536,Dendrochirus brachypterus,-30.467,153.133
2334535,2334536,Dendrochirus brachypterus,-19.473333,117.868333
2334535,2334538,Dendrochirus zebra,-19.5,118.56334
2334535,2334538,Dendrochirus zebra,-19.94667,116.5975
2334535,2334538,Dendrochirus zebra,-19.50833,117.96417
2334535,2334538,Dendrochirus zebra,-20.4925,115.71417
2334535,2334538,Dendrochirus zebra,-19.65833,118.79333
2334535,2334538,Dendrochirus zebra,-20.17583,116.79167
2334535,2334538,Dendrochirus zebra,-19.75333,117.82083
2334535,2334538,Dendrochirus zebra,-19.93083,117.0125
2334535,2334536,Dendrochirus brachypterus,-19.473333,117.868333
2334535,2334536,Dendrochirus brachypterus,-36.2214,150.121
2334535,2334538,Dendrochirus zebra,-19.1975,118.29334
2334535,2334538,Dendrochirus zebra,-18.80833,118.8625
2334535,2334538,Dendrochirus zebra,-19.73833,117.67333000000001
2334535,2334536,Dendrochirus brachypterus,-20.2225,116.23583000000001
2334535,2334536,Dendrochirus brachypterus,-19.41416,116.1475
2334535,2334536,Dendrochirus brachypterus,-29.508333,153.45833
2334535,2334538,Dendrochirus zebra,-29.508333,153.45833
2334535,2334536,Dendrochirus brachypterus,-29.367,153.517
2334535,2334536,Dendrochirus brachypterus,-29.017,153.6
2334535,2334538,Dendrochirus zebra,-29.517,153.467
2334535,2334536,Dendrochirus brachypterus,-29.517,153.467
2334535,2334538,Dendrochirus zebra,-20.175,117.82
2334535,2334538,Dendrochirus zebra,-19.91,115.795
2334535,2334538,Dendrochirus zebra,-19.02666,118.855
2334535,2334536,Dendrochirus brachypterus,-29.825,153.39166
2334535,2334536,Dendrochirus brachypterus,-29.817,153.4
2334535,2334536,Dendrochirus brachypterus,-30.417,153.167
2334535,2334538,Dendrochirus zebra,-19.05,118.483
2334535,2334538,Dendrochirus zebra,-28.2,153.583333
2334535,2334536,Dendrochirus brachypterus,-29.85,153.36
2334535,2334536,Dendrochirus brachypterus,-29.833,153.4
2334535,2334538,Dendrochirus zebra,-19.69583,117.94167
2334535,2334536,Dendrochirus brachypterus,-20.0325,116.9425
2334535,2334538,Dendrochirus zebra,-19.97583,117.09167
2334535,2334538,Dendrochirus zebra,-19.017,119.417
2334535,2334538,Dendrochirus zebra,-19.5375,118.18584
2334535,2334538,Dendrochirus zebra,-19.64,118.3275
2334535,2334536,Dendrochirus brachypterus,-20.167,116.95
2334535,2334538,Dendrochirus zebra,-20.167,116.95
2334535,2334536,Dendrochirus brachypterus,-19.63667,116.75
2334535,2334538,Dendrochirus zebra,-19.62417,118.8975
2334535,2334536,Dendrochirus brachypterus,-19.265,118.68084
2334535,2334536,Dendrochirus brachypterus,-19.72333,117.69084
2334535,2334538,Dendrochirus zebra,-19.82833,116.615
2334535,2334536,Dendrochirus brachypterus,-20.06917,116.80334
2334535,2334536,Dendrochirus brachypterus,-19.77166,117.05667
2334535,2334536,Dendrochirus brachypterus,-19.71416,116.78167
2334535,2334536,Dendrochirus brachypterus,-20.25416,116.0175
2334535,2334538,Dendrochirus zebra,-19.91916,117.95
2334535,2334538,Dendrochirus zebra,-19.72167,117.95917
2334535,2334536,Dendrochirus brachypterus,-20.01666,117.02667
2334535,2334536,Dendrochirus brachypterus,-20.12,116.17167
2334535,2334536,Dendrochirus brachypterus,-19.92083,116.98333
2334535,2334538,Dendrochirus zebra,-19.215,117.86
2334535,2334538,Dendrochirus zebra,-20,117.26667
2334535,2334538,Dendrochirus zebra,-19,117
2334535,2334538,Dendrochirus zebra,-19.98333,117.38334
2334535,2334536,Dendrochirus brachypterus,-19.025,118.59167
2334535,2334536,Dendrochirus brachypterus,-19.8,117.61667
2334535,2334538,Dendrochirus zebra,-19.41666,118.53333
2334535,2334538,Dendrochirus zebra,-33.816666,151.31667
2334535,2334536,Dendrochirus brachypterus,-19.96,117.975
2334535,2334538,Dendrochirus zebra,-20.31916,117.48084
2334535,2334536,Dendrochirus brachypterus,-19.82166,117.56
2334535,2334538,Dendrochirus zebra,-19.655,117.02917
2334535,2334536,Dendrochirus brachypterus,-19.815,116.7325
2334535,2334536,Dendrochirus brachypterus,-20.12,116.2
2334535,2334536,Dendrochirus brachypterus,-35.075,150.73334
2334535,2334536,Dendrochirus brachypterus,-35.083,150.733
2334535,2334538,Dendrochirus zebra,-33,151
2334535,2334536,Dendrochirus brachypterus,-33.833332,151.26666
2334535,2334536,Dendrochirus brachypterus,-20.28333,116.03334
2334535,2334538,Dendrochirus zebra,-19.35,118.75
2334535,2334538,Dendrochirus zebra,-19.8667,118.2
2334535,2334536,Dendrochirus brachypterus,-19.34166,118.76667
2334535,2334536,Dendrochirus brachypterus,-19.63333,118.46667
2334535,2334536,Dendrochirus brachypterus,-19.21666,118.78334
2334535,2334538,Dendrochirus zebra,-19.35,118.75
2334535,2334536,Dendrochirus brachypterus,-20.15,116.116667
2334535,2334536,Dendrochirus brachypterus,-20.15,116.116667
2334535,2334536,Dendrochirus brachypterus,-20.15,116.116667
2334535,2334536,Dendrochirus brachypterus,-20.15,116.116667
2334535,2334536,Dendrochirus brachypterus,-18.80833,120.96667
2334535,2334536,Dendrochirus brachypterus,-20.43333,115.01667
2334535,2334536,Dendrochirus brachypterus,-19.5,118.475
2334535,2334536,Dendrochirus brachypterus,-18.95,119.11667
2334535,2334536,Dendrochirus brachypterus,-33.833332,151.26666
2334535,2334536,Dendrochirus brachypterus,-20.38333,116.26667
2334535,2334536,Dendrochirus brachypterus,-19.90833,115.96667
2334535,2334536,Dendrochirus brachypterus,-20.23333,115.9
2334535,2334536,Dendrochirus brachypterus,-20.38333,116.26667
2334535,2334536,Dendrochirus brachypterus,-19.90833,115.96667
2334535,2334536,Dendrochirus brachypterus,-20.38333,116.26667
2334535,2334536,Dendrochirus brachypterus,-20.23333,115.79167
2334535,2334536,Dendrochirus brachypterus,-20.1,116.125
2334535,2334536,Dendrochirus brachypterus,-19.90833,115.96667
2334535,2334536,Dendrochirus brachypterus,-19.90833,115.96667
2334535,2334536,Dendrochirus brachypterus,-19.90833,115.96667
2334535,2334536,Dendrochirus brachypterus,-19.90833,115.96667
2334535,2334536,Dendrochirus brachypterus,-20.1,116.125
2334535,2334536,Dendrochirus brachypterus,-20.38333,116.26667
2334535,2334536,Dendrochirus brachypterus,-19.73333,116.45834
2334535,2334536,Dendrochirus brachypterus,-20.38333,116.26667
2334535,2334536,Dendrochirus brachypterus,-20.38333,116.28333
2334535,2334538,Dendrochirus zebra,-19.783333,116.55
2334535,2334536,Dendrochirus brachypterus,-20.05,115.95
2334535,2334536,Dendrochirus brachypterus,-20.266667,116.033333
2334535,2334536,Dendrochirus brachypterus,-20.05,115.95
2334535,2334538,Dendrochirus zebra,-19.783333,116.55
2334535,2334536,Dendrochirus brachypterus,-20.266667,116.033333
2334535,2334536,Dendrochirus brachypterus,-18.96667,119.03334
2334535,2334536,Dendrochirus brachypterus,-19.625,117.15834
2334535,2334536,Dendrochirus brachypterus,-19.11667,119.41667
2334535,2334536,Dendrochirus brachypterus,-20.09166,117.09167
2334535,2334545,Dendrochirus biocellatus,-10.5,105.666664
2334535,2334536,Dendrochirus brachypterus,-19.05,120.375
2334535,2334536,Dendrochirus brachypterus,-18.16667,121.28333
2334535,2334536,Dendrochirus brachypterus,-17.61666,121.39167
2334535,2334536,Dendrochirus brachypterus,-18.90833,120.76667
2334535,2334538,Dendrochirus zebra,-33.85,151.26666
2334535,2334538,Dendrochirus zebra,-33.833332,151.26666
2334535,2334538,Dendrochirus zebra,-35.183334,150.63333
2334535,2334536,Dendrochirus brachypterus,-33.816666,151.28334
2334535,2334538,Dendrochirus zebra,-33.833332,151.26666
2334535,2334536,Dendrochirus brachypterus,-33.843056,151.27611
2334535,2334536,Dendrochirus brachypterus,-33.833332,151.25
2334535,2334536,Dendrochirus brachypterus,-33.833332,151.25
2334535,2334536,Dendrochirus brachypterus,-32.433334,152.53334
2334535,2334538,Dendrochirus zebra,-28.166666,153.5
2334535,2334538,Dendrochirus zebra,-34.066666,151.13333
2334535,2334538,Dendrochirus zebra,-34.066666,151.13333
2334535,2334536,Dendrochirus brachypterus,-34.033333,151.25
2334535,2334536,Dendrochirus brachypterus,-34.033333,151.25
2334535,2334538,Dendrochirus zebra,-33.856945,151.24306
2334535,2334536,Dendrochirus brachypterus,-29.433332,153.36667
2334535,2334538,Dendrochirus zebra,-28.35,153.566667
2334535,2334538,Dendrochirus zebra,-29.366667,153.36667
2334535,2334538,Dendrochirus zebra,-33.85,151.26666
2334535,2334536,Dendrochirus brachypterus,-22.25,114.383333
2334535,2334536,Dendrochirus brachypterus,-22.25,114.383333
2334535,2334538,Dendrochirus zebra,-33.82,151.26666
2334535,2334536,Dendrochirus brachypterus,-33.82,151.26666
2334535,2334536,Dendrochirus brachypterus,-28.88333,114.03333
2334535,2334536,Dendrochirus brachypterus,-25.35,113.73333
2334535,2334536,Dendrochirus brachypterus,-25.35,113.73333
2334535,2334536,Dendrochirus brachypterus,-25.35,113.73333
2334535,2334536,Dendrochirus brachypterus,-25.35,113.73333
2334535,2334536,Dendrochirus brachypterus,-25.35,113.73333
2334535,2334536,Dendrochirus brachypterus,-25.35,113.73333
2334535,2334538,Dendrochirus zebra,-25.35,113.73333
2334535,2334538,Dendrochirus zebra,-20.48333,116.53333
2334535,2334538,Dendrochirus zebra,-21.66667,114.33333
2334535,2334545,Dendrochirus biocellatus,-10.48333,105.66667
2334535,2334545,Dendrochirus biocellatus,-10.48333,105.66667
2334535,2334545,Dendrochirus biocellatus,-10.48333,105.66667
2334535,2334538,Dendrochirus zebra,-10.48333,105.66667
2334535,2334545,Dendrochirus biocellatus,-10.48333,105.66667
2334535,2334536,Dendrochirus brachypterus,-19.95,115.216667
2334535,2334536,Dendrochirus brachypterus,-20.35,115.883333
2334535,2334538,Dendrochirus zebra,-18.96667,119.03333
2334535,2334536,Dendrochirus brachypterus,-19.1,118.01667
2334535,2334536,Dendrochirus brachypterus,-18.08333,119.75
2334535,2334538,Dendrochirus zebra,-26.13333,113.13333
2334535,2334536,Dendrochirus brachypterus,-20.01667,116.96667
2334535,2334536,Dendrochirus brachypterus,-19.98333,117.86667
2334535,2334536,Dendrochirus brachypterus,-19.51667,118.81667
2334535,2334536,Dendrochirus brachypterus,-19.48333,118.86667
2334535,2334536,Dendrochirus brachypterus,-19.08333,118.96667
2334535,2334536,Dendrochirus brachypterus,-20,117
2334535,2334536,Dendrochirus brachypterus,-19.08333,118.85
2334535,2334536,Dendrochirus brachypterus,-19.5,118.86667
2334535,2334545,Dendrochirus biocellatus,-10.41667,105.66667
2334535,2334545,Dendrochirus biocellatus,-10.41667,105.66667
2334535,2334538,Dendrochirus zebra,-10.43333,105.66667
2334535,2334536,Dendrochirus brachypterus,-28.83333,113.96667
2334535,2334536,Dendrochirus brachypterus,-21.659167,114.116389
2334535,2334536,Dendrochirus brachypterus,-24.960833,113.496944
2334535,2334536,Dendrochirus brachypterus,-24.791111,113.501111
2334535,2334536,Dendrochirus brachypterus,-25.35,113.73333
2334535,2334536,Dendrochirus brachypterus,-22.08333,114.25
2334535,2334538,Dendrochirus zebra,-21.78333,114.16667
2334535,2334536,Dendrochirus brachypterus,-25.35,113.73333
2334535,2334536,Dendrochirus brachypterus,-25.35,113.73333
2334535,2334538,Dendrochirus zebra,-27.966667,153.416667
2334535,2334536,Dendrochirus brachypterus,-28.083333,153.5
2334535,2334536,Dendrochirus brachypterus,-32.166668,152.5
2334535,2334536,Dendrochirus brachypterus,-15.493611,121.636111
2334535,2334538,Dendrochirus zebra,-25.952246,113.638599
2334535,2334536,Dendrochirus brachypterus,-25.952246,113.638599
