requested_taxonKey,record_taxonKey,species_name,decimalLatitude,decimalLongitude
2334382,2334382,Scorpaenodes guamensis,-30.110751,153.210871
2334382,2334382,Scorpaenodes guamensis,-21.868621,114.15806
2334382,2334382,Scorpaenodes guamensis,-27.403222,153.433319
2334382,2334382,Scorpaenodes guamensis,-27.403222,153.433319
2334382,2334382,Scorpaenodes guamensis,-27.9707,153.4275
2334382,2334382,Scorpaenodes guamensis,-27.416667,153.55
2334382,2334382,Scorpaenodes guamensis,-28.801945,153.59723
2334382,2334382,Scorpaenodes guamensis,-28.016667,153.55
2334382,2334382,Scorpaenodes guamensis,-28.166667,153.55
2334382,2334382,Scorpaenodes guamensis,-27.933333,153.433333
2334382,2334382,Scorpaenodes guamensis,-27.466667,153.416667
2334382,2334382,Scorpaenodes guamensis,-27.4,153.433333
2334382,2334382,Scorpaenodes guamensis,-21.473333,114.980833
2334382,2334382,Scorpaenodes guamensis,-21.445278,114.992222
2334382,2334382,Scorpaenodes guamensis,-21.601111,114.660556
2334382,2334382,Scorpaenodes guamensis,-21.6,114.510556
2334382,2334382,Scorpaenodes guamensis,-27.4,153.433333
2334382,2334382,Scorpaenodes guamensis,-17.333,119.333
2334382,2334382,Scorpaenodes guamensis,-17.083,119.583
2334382,2334382,Scorpaenodes guamensis,-17.266666,119.36667
2334382,2334382,Scorpaenodes guamensis,-24.483333,113.416667
2334382,2334382,Scorpaenodes guamensis,-19.75944,116.89361
2334382,2334382,Scorpaenodes guamensis,-20.25861,115.97625
2334382,2334382,Scorpaenodes guamensis,-19.86055,116.76681
2334382,2334382,Scorpaenodes guamensis,-29.833334,153.3
2334382,2334382,Scorpaenodes guamensis,-28.75,113.7833
2334382,2334382,Scorpaenodes guamensis,-10.58333,105.66667
2334382,2334382,Scorpaenodes guamensis,-20.46667,116.61667
2334382,2334382,Scorpaenodes guamensis,-22.25,114.08333
2334382,2334382,Scorpaenodes guamensis,-21.91667,113.95
2334382,2334382,Scorpaenodes guamensis,-21.65,114.33333
2334382,2334382,Scorpaenodes guamensis,-21.68333,114.33333
2334382,2334382,Scorpaenodes guamensis,-28.48333,113.78333
2334382,2334382,Scorpaenodes guamensis,-10.48333,105.66667
2334382,2334382,Scorpaenodes guamensis,-17.3,119.35
2334382,2334382,Scorpaenodes guamensis,-17.36667,119.35
2334382,2334382,Scorpaenodes guamensis,-17.3,119.36667
2334382,2334382,Scorpaenodes guamensis,-17.1,119.61667
2334382,2334382,Scorpaenodes guamensis,-17.3,119.38333
2334382,2334382,Scorpaenodes guamensis,-24.48333,113.41667
2334382,2334382,Scorpaenodes guamensis,-24.48333,113.41667
2334382,2334382,Scorpaenodes guamensis,-20.43333,115.58333
2334382,2334382,Scorpaenodes guamensis,-17.3,119.36667
2334382,2334382,Scorpaenodes guamensis,-17.3,119.36667
2334382,2334382,Scorpaenodes guamensis,-17.3,119.36667
2334382,2334382,Scorpaenodes guamensis,-17.3,119.36667
2334382,2334382,Scorpaenodes guamensis,-17.3,119.33333
2334382,2334382,Scorpaenodes guamensis,-17.3,119.36667
2334382,2334382,Scorpaenodes guamensis,-10.43333,105.66667
2334382,2334382,Scorpaenodes guamensis,-10.46667,105.7
2334382,2334382,Scorpaenodes guamensis,-10.43333,105.66667
2334382,2334382,Scorpaenodes guamensis,-28.91667,114.03333
2334382,2334382,Scorpaenodes guamensis,-22.55,113.65
2334382,2334382,Scorpaenodes guamensis,-20.45,115.5
2334382,2334382,Scorpaenodes guamensis,-20.4,115.566667
2334382,2334382,Scorpaenodes guamensis,-21.655556,114.370833
2334382,2334382,Scorpaenodes guamensis,-21.634722,114.396667
2334382,2334382,Scorpaenodes guamensis,-21.91667,113.95
2334382,2334382,Scorpaenodes guamensis,-24.48333,113.41667
2334382,2334382,Scorpaenodes guamensis,-17.50573,118.96272
