requested_taxonKey,record_taxonKey,species_name,decimalLatitude,decimalLongitude
2334361,5962231,Scorpaenodes evides,-34.003065,151.226153
2334361,5962231,Scorpaenodes evides,-34.069529,151.1295
2334361,5962231,Scorpaenodes evides,-34.069503,151.129627
2334361,5962231,Scorpaenodes evides,-33.991298,151.23028
2334361,5962231,Scorpaenodes evides,-32.714163,152.151399
2334361,5962231,Scorpaenodes evides,-34.06934,151.129859
2334361,5962231,Scorpaenodes evides,-32.714318,152.150858
2334361,5962231,Scorpaenodes evides,-33.086295,151.640492
2334361,5962231,Scorpaenodes evides,-34.069262,151.130207
2334361,5962231,Scorpaenodes evides,-34.069081,151.130244
2334361,5962231,Scorpaenodes evides,-32.713307,152.156582
2334361,2334397,Scorpaenodes steenei,-32.180147,115.616902
2334361,5962231,Scorpaenodes evides,-34.069404,151.129937
2334361,5962231,Scorpaenodes evides,-34.069502,151.129501
2334361,5962231,Scorpaenodes evides,-34.003065,151.226153
2334361,5962231,Scorpaenodes evides,-33.991659,151.229163
2334361,5962231,Scorpaenodes evides,-34.068307,151.130276
2334361,5962231,Scorpaenodes evides,-34.068378,151.13018
2334361,5962231,Scorpaenodes evides,-34.069161,151.130266
2334361,5962231,Scorpaenodes evides,-34.002547,151.226233
2334361,5962231,Scorpaenodes evides,-32.714216,152.15121
2334361,5962231,Scorpaenodes evides,-32.714704,152.151271
2334361,5962231,Scorpaenodes evides,-32.713862,152.151545
2334361,5962231,Scorpaenodes evides,-34.069607,151.129568
2334361,5962231,Scorpaenodes evides,-34.069105,151.129764
2334361,5962231,Scorpaenodes evides,-32.713809,152.150627
2334361,5962231,Scorpaenodes evides,-34.068991,151.130056
2334361,5962231,Scorpaenodes evides,-36.429537,150.083921
2334361,5962231,Scorpaenodes evides,-32.717667,152.141176
2334361,5962231,Scorpaenodes evides,-32.709513,152.159835
2334361,5962231,Scorpaenodes evides,-33.086665000000004,151.640595
2334361,5962231,Scorpaenodes evides,-34.068876,151.130353
2334361,5962231,Scorpaenodes evides,-34.068965,151.130358
2334361,5962231,Scorpaenodes evides,-32.712983,152.156834
2334361,5962231,Scorpaenodes evides,-27.414018,153.526953
2334361,5962231,Scorpaenodes evides,-32.714318,152.150858
2334361,5962231,Scorpaenodes evides,-32.714338,152.151497
2334361,5962231,Scorpaenodes evides,-34.002901,151.22792
2334361,5962231,Scorpaenodes evides,-33.08579,151.639828
2334361,5962231,Scorpaenodes evides,-34.00261,151.225629
2334361,5962231,Scorpaenodes evides,-34.069582,151.129449
2334361,5962231,Scorpaenodes evides,-34.002834,151.226698
2334361,5962231,Scorpaenodes evides,-33.992116,151.231191
2334361,5962231,Scorpaenodes evides,-32.71429,152.150315
2334361,5962231,Scorpaenodes evides,-34.069428,151.129698
2334361,5962231,Scorpaenodes evides,-34.069527,151.129671
2334361,5962231,Scorpaenodes evides,-30.205483,153.26693
2334361,5962231,Scorpaenodes evides,-34.003023,151.22639
2334361,5962231,Scorpaenodes evides,-33.086228,151.640728
2334361,5962231,Scorpaenodes evides,-33.086228,151.640728
2334361,5962231,Scorpaenodes evides,-34.06938,151.129759
2334361,5962231,Scorpaenodes evides,-34.069341,151.129823
2334361,5962231,Scorpaenodes evides,-34.069057,151.129948
2334361,5962231,Scorpaenodes evides,-33.798056,151.296261
2334361,5962231,Scorpaenodes evides,-34.06895,151.129973
2334361,5962231,Scorpaenodes evides,-34.068577,151.130032
2334361,5962231,Scorpaenodes evides,-33.086228,151.640728
2334361,5962231,Scorpaenodes evides,-30.205483,153.26693
2334361,5962231,Scorpaenodes evides,-34.06935,151.129783
2334361,5962231,Scorpaenodes evides,-34.59734,150.9007
2334361,5962231,Scorpaenodes evides,-32.71367,152.152982
2334361,5962231,Scorpaenodes evides,-34.069215,151.130032
2334361,5962231,Scorpaenodes evides,-32.712839,152.156196
2334361,5962231,Scorpaenodes evides,-32.714027,152.151527
2334361,5962231,Scorpaenodes evides,-34.002618,151.22752
2334361,5962231,Scorpaenodes evides,-34.002614,151.227113
2334361,5962231,Scorpaenodes evides,-34.002759,151.227746
2334361,5962231,Scorpaenodes evides,-33.991333,151.230221
2334361,5962231,Scorpaenodes evides,-33.992116,151.231191
2334361,5962231,Scorpaenodes evides,-32.714118,152.150943
2334361,5962231,Scorpaenodes evides,-33.991504,151.229422
2334361,5962231,Scorpaenodes evides,-34.003065,151.226153
2334361,5962231,Scorpaenodes evides,-34.003081,151.226879
2334361,5962231,Scorpaenodes evides,-34.069018,151.13008
2334361,5962231,Scorpaenodes evides,-34.003065,151.226153
2334361,5962231,Scorpaenodes evides,-34.068485,151.130056
2334361,5962231,Scorpaenodes evides,-33.992959,151.228895
2334361,5962231,Scorpaenodes evides,-33.086223,151.640537
2334361,5962231,Scorpaenodes evides,-30.205483,153.26693
2334361,2334366,Scorpaenodes scaber,-36.725,149.98805
2334361,2334366,Scorpaenodes scaber,-36.725,149.98805
2334361,2334387,Scorpaenodes parvipinnis,-21.789961,114.128341
2334361,5962231,Scorpaenodes evides,-32.714318,152.150858
2334361,5962231,Scorpaenodes evides,-33.839697,151.253312
2334361,5962231,Scorpaenodes evides,-30.205483,153.26693
2334361,5962231,Scorpaenodes evides,-34.069608,151.129563
2334361,5962231,Scorpaenodes evides,-32.712873,152.15657
2334361,5962231,Scorpaenodes evides,-34.002351,151.22598
2334361,5962231,Scorpaenodes evides,-30.205483,153.26693
2334361,5962231,Scorpaenodes evides,-33.991809,151.229717
2334361,5962231,Scorpaenodes evides,-32.714318,152.150858
2334361,2334382,Scorpaenodes guamensis,-30.110751,153.210871
2334361,5962231,Scorpaenodes evides,-33.991182,151.229615
2334361,5962231,Scorpaenodes evides,-33.086014,151.639633
2334361,5962231,Scorpaenodes evides,-32.712552,152.152441
2334361,5962231,Scorpaenodes evides,-33.839316,151.278057
2334361,5962231,Scorpaenodes evides,-34.069225,151.129961
2334361,5962231,Scorpaenodes evides,-33.83974,151.253267
2334361,5962231,Scorpaenodes evides,-34.069474,151.129826
2334361,5962231,Scorpaenodes evides,-34.069492,151.129598
2334361,5962231,Scorpaenodes evides,-34.069101,151.130109
2334361,5962231,Scorpaenodes evides,-34.068772,151.130174
2334361,2334374,Scorpaenodes smithi,-23.385429,113.422778
2334361,2334374,Scorpaenodes smithi,-23.9105,113.09739
2334361,2334374,Scorpaenodes smithi,-23.855298,113.35933
2334361,2334374,Scorpaenodes smithi,-23.969361,113.361148
2334361,2334374,Scorpaenodes smithi,-23.385429,113.422778
2334361,2334374,Scorpaenodes smithi,-23.385429,113.422778
2334361,2334374,Scorpaenodes smithi,-23.9105,113.09739
2334361,2334374,Scorpaenodes smithi,-23.855298,113.35933
2334361,2334374,Scorpaenodes smithi,-23.969361,113.361148
2334361,2334374,Scorpaenodes smithi,-23.385429,113.422778
2334361,2334366,Scorpaenodes scaber,-23.95859,113.36102
2334361,2334366,Scorpaenodes scaber,-23.97368,112.54945
2334361,2334366,Scorpaenodes scaber,-23.95859,113.36102
2334361,5962231,Scorpaenodes evides,-33.991572,151.229702
2334361,5962231,Scorpaenodes evides,-33.085643,151.640353
2334361,5962231,Scorpaenodes evides,-33.089398,151.675871
2334361,5962231,Scorpaenodes evides,-34.069424,151.129673
2334361,5962231,Scorpaenodes evides,-30.205483,153.26693
2334361,5962231,Scorpaenodes evides,-33.992257,151.229841
2334361,5962231,Scorpaenodes evides,-32.714318,152.150858
2334361,5962231,Scorpaenodes evides,-30.205483,153.26693
2334361,5962231,Scorpaenodes evides,-32.712839,152.156196
2334361,5962231,Scorpaenodes evides,-36.209761,150.129364
2334361,5962231,Scorpaenodes evides,-28.193333,153.58
2334361,5962231,Scorpaenodes evides,-28.193333,153.58
2334361,5962231,Scorpaenodes evides,-28.1925,153.57777
2334361,5962231,Scorpaenodes evides,-28.1925,153.57777
2334361,5962231,Scorpaenodes evides,-28.193333,153.58
2334361,5962231,Scorpaenodes evides,-33.914484,151.27171
2334361,5962231,Scorpaenodes evides,-34.002064,151.227908
2334361,2334382,Scorpaenodes guamensis,-21.868621,114.15806
2334361,5962231,Scorpaenodes evides,-33.991301,151.230282
2334361,5962231,Scorpaenodes evides,-30.9384,153.100684
2334361,5962231,Scorpaenodes evides,-30.9384,153.100684
2334361,5962231,Scorpaenodes evides,-33.086827,151.64136
2334361,5962231,Scorpaenodes evides,-33.993113,151.22955
2334361,5962231,Scorpaenodes evides,-33.798872,151.296035
2334361,5962231,Scorpaenodes evides,-33.99244,151.229595
2334361,5962231,Scorpaenodes evides,-33.993415,151.229807
2334361,5962231,Scorpaenodes evides,-34.000758,151.222321
2334361,5962231,Scorpaenodes evides,-34.001341,151.220474
2334361,5962231,Scorpaenodes evides,-32.709024,152.160016
2334361,5962231,Scorpaenodes evides,-32.714056,152.15118
2334361,5962231,Scorpaenodes evides,-33.086366,151.640879
2334361,5962231,Scorpaenodes evides,-32.712839,152.156196
2334361,5962231,Scorpaenodes evides,-33.99229,151.232713
2334361,5962231,Scorpaenodes evides,-33.99229,151.232713
2334361,5962231,Scorpaenodes evides,-34.06953,151.129406
2334361,5962231,Scorpaenodes evides,-33.085855,151.640325
2334361,5962231,Scorpaenodes evides,-34.000831,151.221632
2334361,5962231,Scorpaenodes evides,-33.085378,151.63977
2334361,5962231,Scorpaenodes evides,-34.068559,151.130432
2334361,5962231,Scorpaenodes evides,-33.137206,151.643427
2334361,2334397,Scorpaenodes steenei,-32.008818,115.47162
2334361,5962231,Scorpaenodes evides,-33.086477,151.640437
2334361,5962231,Scorpaenodes evides,-33.085807,151.639696
2334361,5962231,Scorpaenodes evides,-32.714448,152.151632
2334361,5962231,Scorpaenodes evides,-32.717701,152.141143
2334361,5962231,Scorpaenodes evides,-33.992116,151.231191
2334361,5962231,Scorpaenodes evides,-34.00076,151.222508
2334361,5962231,Scorpaenodes evides,-33.086326,151.640224
2334361,5962231,Scorpaenodes evides,-33.79899,151.29812
2334361,5962231,Scorpaenodes evides,-33.086658,151.640862
2334361,5962231,Scorpaenodes evides,-30.20432,153.26482
2334361,5962231,Scorpaenodes evides,-32.717701,152.141143
2334361,5962231,Scorpaenodes evides,-32.712906,152.156475
2334361,5962231,Scorpaenodes evides,-33.086079,151.640279
2334361,5962231,Scorpaenodes evides,-34.003362,151.227772
2334361,5962231,Scorpaenodes evides,-33.992223,151.23
2334361,5962231,Scorpaenodes evides,-33.839325,151.278045
2334361,5962231,Scorpaenodes evides,-33.086115,151.640371
2334361,5962231,Scorpaenodes evides,-33.839828,151.253557
2334361,5962231,Scorpaenodes evides,-32.714001,152.150999
2334361,5962231,Scorpaenodes evides,-32.710358,152.158628
2334361,5962231,Scorpaenodes evides,-32.709656,152.157892
2334361,5962231,Scorpaenodes evides,-32.709656,152.157892
2334361,5962231,Scorpaenodes evides,-33.99183,151.229972
2334361,5962231,Scorpaenodes evides,-30.203962,153.266694
2334361,5962231,Scorpaenodes evides,-34.069239,151.13005
2334361,5962231,Scorpaenodes evides,-34.597754,150.902033
2334361,5962231,Scorpaenodes evides,-30.205368,153.265961
2334361,5962231,Scorpaenodes evides,-36.214571,150.133281
2334361,5962231,Scorpaenodes evides,-32.71,152.16
2334361,5962231,Scorpaenodes evides,-32.71,152.15
2334361,5962231,Scorpaenodes evides,-32.74,152.19
2334361,5962231,Scorpaenodes evides,-32.71,152.15
2334361,5962231,Scorpaenodes evides,-29.93,153.39
2334361,5962231,Scorpaenodes evides,-29.93,153.39
2334361,5962231,Scorpaenodes evides,-29.93,153.39
2334361,5962231,Scorpaenodes evides,-29.93,153.39
2334361,5962231,Scorpaenodes evides,-29.93,153.39
2334361,5962231,Scorpaenodes evides,-30.2,153.26
2334361,5962231,Scorpaenodes evides,-33.085736,151.639948
2334361,2334393,Scorpaenodes albaiensis,-33.8005,151.297
2334361,5962231,Scorpaenodes evides,-33.085993,151.640011
2334361,2334374,Scorpaenodes smithi,-19.793833,116.721833
2334361,2334374,Scorpaenodes smithi,-20.043667,117.451167
2334361,2334374,Scorpaenodes smithi,-19.428667,117.562333
2334361,5962231,Scorpaenodes evides,-19.428667,117.562333
2334361,10033006,Scorpaenodes smithi,-19.441,117.53967
2334361,10033006,Scorpaenodes smithi,-19.81167,116.69933
2334361,10033006,Scorpaenodes smithi,-20.05717,117.42667
2334361,10033006,Scorpaenodes smithi,-18.436,121.0041
2334361,2334374,Scorpaenodes smithi,-19.798,116.646333
2334361,2334374,Scorpaenodes smithi,-19.7445,116.650333
2334361,2334374,Scorpaenodes smithi,-19.6705,116.547
2334361,2334374,Scorpaenodes smithi,-19.999833,117.051
2334361,2334374,Scorpaenodes smithi,-19.544167,116.743
2334361,2334374,Scorpaenodes smithi,-19.971333,116.788667
2334361,2334374,Scorpaenodes smithi,-20.027,116.3985
2334361,2334374,Scorpaenodes smithi,-18.702667,121.039167
2334361,2334374,Scorpaenodes smithi,-19.949333,116.553
2334361,2334374,Scorpaenodes smithi,-19.598167,117.301333
2334361,2334374,Scorpaenodes smithi,-19.468889,116.007222
2334361,2334374,Scorpaenodes smithi,-19.486944,116.419444
2334361,2334374,Scorpaenodes smithi,-20.042222,116.199167
2334361,2334374,Scorpaenodes smithi,-19.7823,116.57470000000001
2334361,2334374,Scorpaenodes smithi,-19.7837,116.735
2334361,2334361,"Scorpaenodes Bleeker, 1857",-20.0205,116.401
2334361,2334361,"Scorpaenodes Bleeker, 1857",-20.0205,116.401
2334361,2334361,"Scorpaenodes Bleeker, 1857",-19.9303,116.5588
2334361,2334361,"Scorpaenodes Bleeker, 1857",-20.0533,116.268
2334361,2334361,"Scorpaenodes Bleeker, 1857",-20.0533,116.268
2334361,2334374,Scorpaenodes smithi,-20.0478,116.381
2334361,2334374,Scorpaenodes smithi,-19.8185,116.2567
2334361,2334374,Scorpaenodes smithi,-19.8185,116.2567
2334361,2334374,Scorpaenodes smithi,-19.8185,116.2567
2334361,2334361,"Scorpaenodes Bleeker, 1857",-19.9573,116.8025
2334361,5962231,Scorpaenodes evides,-20,117.0318
2334361,2334361,"Scorpaenodes Bleeker, 1857",-19.9573,116.8025
2334361,2334361,"Scorpaenodes Bleeker, 1857",-20.1473,117.9433
2334361,2334374,Scorpaenodes smithi,-19.7837,116.735
2334361,2334374,Scorpaenodes smithi,-19.7837,116.735
2334361,2334361,"Scorpaenodes Bleeker, 1857",-19.7972,116.6488
2334361,2334361,"Scorpaenodes Bleeker, 1857",-19.7972,116.6488
2334361,5962231,Scorpaenodes evides,-20,117.0318
2334361,5962231,Scorpaenodes evides,-20,117.0318
2334361,2334374,Scorpaenodes smithi,-19.7823,116.57470000000001
2334361,2334374,Scorpaenodes smithi,-19.7823,116.57470000000001
2334361,2334374,Scorpaenodes smithi,-19.6565,116.5625
2334361,2334374,Scorpaenodes smithi,-19.6565,116.5625
2334361,2334361,"Scorpaenodes Bleeker, 1857",-19.7723,116.056
2334361,2334374,Scorpaenodes smithi,-19.5255,116.7577
2334361,2334361,"Scorpaenodes Bleeker, 1857",-20.1473,117.9433
2334361,5962231,Scorpaenodes evides,-19.4205,117.5772
2334361,5962231,Scorpaenodes evides,-19.4205,117.5772
2334361,5962231,Scorpaenodes evides,-19.4205,117.5772
2334361,2334374,Scorpaenodes smithi,-19.738,116.6558
2334361,2334374,Scorpaenodes smithi,-19.738,116.6558
2334361,2334374,Scorpaenodes smithi,-19.738,116.6558
2334361,2334374,Scorpaenodes smithi,-19.738,116.6558
2334361,2334374,Scorpaenodes smithi,-19.798,116.646333
2334361,2334374,Scorpaenodes smithi,-19.7445,116.650333
2334361,2334374,Scorpaenodes smithi,-19.6705,116.547
2334361,2334374,Scorpaenodes smithi,-19.999833,117.051
2334361,2334374,Scorpaenodes smithi,-19.793833,116.721833
2334361,2334374,Scorpaenodes smithi,-19.544167,116.743
2334361,2334374,Scorpaenodes smithi,-19.971333,116.788667
2334361,5962231,Scorpaenodes evides,-19.428667,117.562333
2334361,2334374,Scorpaenodes smithi,-20.027,116.3985
2334361,2334374,Scorpaenodes smithi,-18.702667,121.039167
2334361,2334374,Scorpaenodes smithi,-19.949333,116.553
2334361,2334374,Scorpaenodes smithi,-19.428667,117.562333
2334361,2334374,Scorpaenodes smithi,-20.043667,117.451167
2334361,2334374,Scorpaenodes smithi,-19.598167,117.301333
2334361,2334374,Scorpaenodes smithi,-20.195167,115.957333
2334361,2334374,Scorpaenodes smithi,-20.2115,116.022667
2334361,2334374,Scorpaenodes smithi,-20.2115,116.022667
2334361,2334374,Scorpaenodes smithi,-20.337667,116.117833
2334361,2334374,Scorpaenodes smithi,-20.497667,116.021667
2334361,2334374,Scorpaenodes smithi,-20.199333,115.785833
2334361,2334374,Scorpaenodes smithi,-20.560333,116.128167
2334361,2334374,Scorpaenodes smithi,-20.346,115.752667
2334361,2334374,Scorpaenodes smithi,-20.4955,116.029
2334361,2334374,Scorpaenodes smithi,-20.156667,115.586389
2334361,2334374,Scorpaenodes smithi,-20.156667,115.586389
2334361,2334374,Scorpaenodes smithi,-20.1925,115.9672
2334361,2334374,Scorpaenodes smithi,-20.1925,115.9672
2334361,2334361,"Scorpaenodes Bleeker, 1857",-20.228,116.0133
2334361,2334361,"Scorpaenodes Bleeker, 1857",-20.228,116.0133
2334361,2334361,"Scorpaenodes Bleeker, 1857",-20.3447,115.7708
2334361,2334361,"Scorpaenodes Bleeker, 1857",-20.5603,116.108
2334361,2334361,"Scorpaenodes Bleeker, 1857",-20.504,115.7612
2334361,2334374,Scorpaenodes smithi,-20.13,116.077
2334361,2334361,"Scorpaenodes Bleeker, 1857",-20.5713,116.0143
2334361,2334361,"Scorpaenodes Bleeker, 1857",-20.4942,116.0287
2334361,2334361,"Scorpaenodes Bleeker, 1857",-20.2032,116.0387
2334361,2334361,"Scorpaenodes Bleeker, 1857",-20.2032,116.0387
2334361,2334361,"Scorpaenodes Bleeker, 1857",-20.3278,116.1238
2334361,2334361,"Scorpaenodes Bleeker, 1857",-20.3278,116.1238
2334361,2334361,"Scorpaenodes Bleeker, 1857",-20.4893,116.041
2334361,2334374,Scorpaenodes smithi,-20.1952,115.815
2334361,2334374,Scorpaenodes smithi,-20.1952,115.815
2334361,2334374,Scorpaenodes smithi,-20.1952,115.815
2334361,2334374,Scorpaenodes smithi,-20.1952,115.815
2334361,2334374,Scorpaenodes smithi,-20.195167,115.957333
2334361,2334374,Scorpaenodes smithi,-20.2115,116.022667
2334361,2334374,Scorpaenodes smithi,-20.2115,116.022667
2334361,2334374,Scorpaenodes smithi,-20.337667,116.117833
2334361,2334374,Scorpaenodes smithi,-20.497667,116.021667
2334361,2334374,Scorpaenodes smithi,-20.199333,115.785833
2334361,2334374,Scorpaenodes smithi,-20.560333,116.128167
2334361,2334374,Scorpaenodes smithi,-20.346,115.752667
2334361,2334374,Scorpaenodes smithi,-20.4955,116.029
2334361,5962231,Scorpaenodes evides,-33.086306,151.640343
2334361,2334366,Scorpaenodes scaber,-32.71,152.16
2334361,2334366,Scorpaenodes scaber,-32.71,152.16
2334361,2334366,Scorpaenodes scaber,-32.71,152.16
2334361,2334366,Scorpaenodes scaber,-32.7892,152.1125
2334361,2334366,Scorpaenodes scaber,-32.7892,152.1125
2334361,2334366,Scorpaenodes scaber,-32.74,152.19
2334361,2334366,Scorpaenodes scaber,-32.71,152.15
2334361,2334366,Scorpaenodes scaber,-32.72,152.15
2334361,2334366,Scorpaenodes scaber,-32.71,152.15
2334361,2334366,Scorpaenodes scaber,-32.71,152.15
2334361,2334382,Scorpaenodes guamensis,-27.403222,153.433319
2334361,2334366,Scorpaenodes scaber,-29.93,153.39
2334361,5962231,Scorpaenodes evides,-30.02,153.27
2334361,2334366,Scorpaenodes scaber,-30.21,153.27
2334361,2334366,Scorpaenodes scaber,-32.74,152.19
2334361,2334366,Scorpaenodes scaber,-32.71,152.18
2334361,2334366,Scorpaenodes scaber,-32.71,152.15
2334361,2334366,Scorpaenodes scaber,-32.71,152.16
2334361,2334366,Scorpaenodes scaber,-32.71,152.16
2334361,5962231,Scorpaenodes evides,-32.74,152.19
2334361,2334366,Scorpaenodes scaber,-32.74,152.19
2334361,2334366,Scorpaenodes scaber,-32.71,152.16
2334361,2334366,Scorpaenodes scaber,-32.71,152.16
2334361,2334366,Scorpaenodes scaber,-32.71,152.16
2334361,5962231,Scorpaenodes evides,-29.927799,153.385539
2334361,5962231,Scorpaenodes evides,-29.930395999999998,153.390136
2334361,2334382,Scorpaenodes guamensis,-27.403222,153.433319
2334361,5962231,Scorpaenodes evides,-32.712942,152.152098
2334361,5962231,Scorpaenodes evides,-29.930322,153.390522
2334361,5962231,Scorpaenodes evides,-32.708789,152.158492
2334361,5962231,Scorpaenodes evides,-32.7098,152.1592
2334361,5962231,Scorpaenodes evides,-32.7098,152.1592
2334361,5962231,Scorpaenodes evides,-32.71,152.16
2334361,5962231,Scorpaenodes evides,-32.71,152.16
2334361,5962231,Scorpaenodes evides,-32.71,152.15
2334361,5962231,Scorpaenodes evides,-32.71,152.18
2334361,2334366,Scorpaenodes scaber,-32.7098,152.1592
2334361,2334374,Scorpaenodes smithi,-21.37277,114.91925
2334361,2334382,Scorpaenodes guamensis,-27.9707,153.4275
2334361,2334366,Scorpaenodes scaber,-32.69,152.23
2334361,5962231,Scorpaenodes evides,-32.7098,152.1592
2334361,5962231,Scorpaenodes evides,-32.74,152.19
2334361,5962231,Scorpaenodes evides,-32.7098,152.1592
2334361,5962231,Scorpaenodes evides,-32.71,152.16
2334361,5962231,Scorpaenodes evides,-32.71,152.22
2334361,5962231,Scorpaenodes evides,-32.71,152.16
2334361,5962231,Scorpaenodes evides,-32.71,152.16
2334361,5962231,Scorpaenodes evides,-32.6,152.32
2334361,5962231,Scorpaenodes evides,-32.71,152.23
2334361,5962231,Scorpaenodes evides,-32.71,152.16
2334361,5962231,Scorpaenodes evides,-32.71,152.15
2334361,5962231,Scorpaenodes evides,-32.712255999999996,152.140125
2334361,5962231,Scorpaenodes evides,-32.71,152.18
2334361,5962231,Scorpaenodes evides,-32.7098,152.1592
2334361,5962231,Scorpaenodes evides,-32.7098,152.1592
2334361,5962231,Scorpaenodes evides,-32.71,152.16
2334361,5962231,Scorpaenodes evides,-32.7098,152.1592
2334361,5962231,Scorpaenodes evides,-32.714003,152.151555
2334361,5962231,Scorpaenodes evides,-32.71,152.16
2334361,5962231,Scorpaenodes evides,-33.97,151.26
2334361,5962231,Scorpaenodes evides,-32.71,152.18
2334361,5962231,Scorpaenodes evides,-35.1349,150.7425
2334361,5962231,Scorpaenodes evides,-32.7095,152.1613
2334361,5962231,Scorpaenodes evides,-32.71,152.16
2334361,5962231,Scorpaenodes evides,-32.71,152.15
2334361,5962231,Scorpaenodes evides,-32.74,152.19
2334361,5962231,Scorpaenodes evides,-32.71,152.15
2334361,5962231,Scorpaenodes evides,-32.71,152.16
2334361,2334369,Scorpaenodes evides,-29.9304,153.3898
2334361,2334369,Scorpaenodes evides,-29.9304,153.3898
2334361,5962231,Scorpaenodes evides,-32.7098,152.1592
2334361,5962231,Scorpaenodes evides,-32.71,152.16
2334361,5962231,Scorpaenodes evides,-32.71,152.16
2334361,5962231,Scorpaenodes evides,-32.71,152.16
2334361,5962231,Scorpaenodes evides,-32.7098,152.1592
2334361,5962231,Scorpaenodes evides,-32.718,152.1413
2334361,5962231,Scorpaenodes evides,-32.71,152.18
2334361,5962231,Scorpaenodes evides,-32.7098,152.1592
2334361,5962231,Scorpaenodes evides,-32.7098,152.1592
2334361,5962231,Scorpaenodes evides,-32.71,152.16
2334361,5962231,Scorpaenodes evides,-32.69,152.22
2334361,5962231,Scorpaenodes evides,-32.71,152.16
2334361,5962231,Scorpaenodes evides,-32.71,152.15
2334361,5962231,Scorpaenodes evides,-32.7152,152.1504
2334361,5962231,Scorpaenodes evides,-32.71,152.16
2334361,5962231,Scorpaenodes evides,-32.7145,152.1518
2334361,5962231,Scorpaenodes evides,-32.7145,152.1518
2334361,5962231,Scorpaenodes evides,-32.7098,152.1592
2334361,5962231,Scorpaenodes evides,-32.7152,152.1504
2334361,2334366,Scorpaenodes scaber,-32.71515,152.15036
2334361,2334366,Scorpaenodes scaber,-32.71467,152.1518
2334361,2334366,Scorpaenodes scaber,-32.71467,152.1518
2334361,2334366,Scorpaenodes scaber,-32.71014,152.1595
2334361,5962231,Scorpaenodes evides,-32.71,152.16
2334361,5962231,Scorpaenodes evides,-32.72,152.15
2334361,5962231,Scorpaenodes evides,-32.71,152.16
2334361,5962231,Scorpaenodes evides,-32.715,152.151111
2334361,5962231,Scorpaenodes evides,-32.7133,152.1571
2334361,2334366,Scorpaenodes scaber,-32.71373,152.15745
2334361,5962231,Scorpaenodes evides,-32.71,152.15
2334361,5962231,Scorpaenodes evides,-32.71,152.15
2334361,5962231,Scorpaenodes evides,-35.13,150.74
2334361,5962231,Scorpaenodes evides,-35.09,150.8
2334361,5962231,Scorpaenodes evides,-35.09,150.8
2334361,5962231,Scorpaenodes evides,-32.71,152.16
2334361,5962231,Scorpaenodes evides,-35.09,150.8
2334361,5962231,Scorpaenodes evides,-32.7098,152.1592
2334361,5962231,Scorpaenodes evides,-32.7098,152.1592
2334361,5962231,Scorpaenodes evides,-32.718,152.1413
2334361,2334366,Scorpaenodes scaber,-32.71809,152.1422
2334361,2334366,Scorpaenodes scaber,-32.71014,152.1595
2334361,2334366,Scorpaenodes scaber,-32.71014,152.1595
2334361,5962231,Scorpaenodes evides,-32.71,152.15
2334361,5962231,Scorpaenodes evides,-32.71,152.18
2334361,5962231,Scorpaenodes evides,-32.71,152.16
2334361,5962231,Scorpaenodes evides,-32.72,152.14
2334361,5962231,Scorpaenodes evides,-32.71,152.15
2334361,5962231,Scorpaenodes evides,-32.71,152.15
2334361,5962231,Scorpaenodes evides,-32.7098,152.1592
2334361,2334366,Scorpaenodes scaber,-32.71014,152.1595
2334361,5962231,Scorpaenodes evides,-32.71,152.16
2334361,5962231,Scorpaenodes evides,-32.71,152.16
2334361,5962231,Scorpaenodes evides,-32.71,152.16
2334361,5962231,Scorpaenodes evides,-32.71,152.16
2334361,5962231,Scorpaenodes evides,-32.71,152.16
2334361,5962231,Scorpaenodes evides,-32.71,152.18
2334361,5962231,Scorpaenodes evides,-32.71,152.16
2334361,5962231,Scorpaenodes evides,-32.71,152.16
2334361,5962231,Scorpaenodes evides,-32.6892,152.2272
2334361,5962231,Scorpaenodes evides,-35.13,150.75
2334361,5962231,Scorpaenodes evides,-29.923352,153.388002
2334361,5962231,Scorpaenodes evides,-32.7133,152.1571
2334361,2334366,Scorpaenodes scaber,-32.71373,152.15745
2334361,5962231,Scorpaenodes evides,-32.69,152.22
2334361,5962231,Scorpaenodes evides,-32.71,152.16
2334361,5962231,Scorpaenodes evides,-32.72,152.14
2334361,5962231,Scorpaenodes evides,-32.71,152.16
2334361,5962231,Scorpaenodes evides,-32.71,152.16
2334361,5962231,Scorpaenodes evides,-32.71,152.16
2334361,5962231,Scorpaenodes evides,-32.71,152.16
2334361,5962231,Scorpaenodes evides,-32.71,152.15
2334361,5962231,Scorpaenodes evides,-32.71,152.16
2334361,5962231,Scorpaenodes evides,-32.71,152.16
2334361,5962231,Scorpaenodes evides,-29.9127,153.3834
2334361,5962231,Scorpaenodes evides,-29.9304,153.3898
2334361,5962231,Scorpaenodes evides,-29.9304,153.3898
2334361,2334366,Scorpaenodes scaber,-29.91274,153.38342
2334361,2334366,Scorpaenodes scaber,-29.93044,153.38984
2334361,2334366,Scorpaenodes scaber,-29.93044,153.38984
2334361,5962231,Scorpaenodes evides,-29.93,153.39
2334361,5962231,Scorpaenodes evides,-30.21,153.27
2334361,5962231,Scorpaenodes evides,-29.91,153.38
2334361,5962231,Scorpaenodes evides,-32.71,152.16
2334361,5962231,Scorpaenodes evides,-33.99,151.23
2334361,5962231,Scorpaenodes evides,-32.71,152.16
2334361,5962231,Scorpaenodes evides,-33.82,151.29
2334361,5962231,Scorpaenodes evides,-32.71,152.16
2334361,2334361,"Scorpaenodes Bleeker, 1857",-36.66722,149.98666
2334361,5962231,Scorpaenodes evides,-33.33673,151.493424
2334361,5962231,Scorpaenodes evides,-30.2052,153.267045
2334361,10033006,Scorpaenodes smithi,-20,130
2334361,5962231,Scorpaenodes evides,-29.92,153.39
2334361,5962231,Scorpaenodes evides,-33.085923,151.639932
2334361,5962231,Scorpaenodes evides,-34.068948,151.129802
2334361,5962231,Scorpaenodes evides,-32.714008,152.152219
2334361,5962231,Scorpaenodes evides,-32.43217,152.535383
2334361,2334361,"Scorpaenodes Bleeker, 1857",-33.531944,151.4161
2334361,2334361,"Scorpaenodes Bleeker, 1857",-18.4603,120.145
2334361,2334361,"Scorpaenodes Bleeker, 1857",-18.4253,120.099
2334361,2334361,"Scorpaenodes Bleeker, 1857",-18.4253,120.099
2334361,5962231,Scorpaenodes evides,-32.71294,152.154508
2334361,5962231,Scorpaenodes evides,-27.416667,153.55
2334361,5962231,Scorpaenodes evides,-27.4,153.516667
2334361,5962231,Scorpaenodes evides,-27.416667,153.55
2334361,2334382,Scorpaenodes guamensis,-27.416667,153.55
2334361,10033006,Scorpaenodes smithi,-21.967833,113.837
2334361,10033006,Scorpaenodes smithi,-22.858,113.514
2334361,2334374,Scorpaenodes smithi,-21.9615,113.845
2334361,2334374,Scorpaenodes smithi,-22.848667,113.511
2334361,2334374,Scorpaenodes smithi,-21.9615,113.845
2334361,2334374,Scorpaenodes smithi,-22.848667,113.511
2334361,2334382,Scorpaenodes guamensis,-28.801945,153.59723
2334361,2334361,"Scorpaenodes Bleeker, 1857",-28.822779,153.60611
2334361,5962231,Scorpaenodes evides,-28.875834,153.58556
2334361,5962231,Scorpaenodes evides,-28.875834,153.58556
2334361,5962231,Scorpaenodes evides,-29.430277,153.30945
2334361,5962231,Scorpaenodes evides,-28.8225,153.60667
2334361,5962231,Scorpaenodes evides,-28.8225,153.60667
2334361,5962231,Scorpaenodes evides,-28.169167,153.54973
2334361,5962231,Scorpaenodes evides,-33.861946,151.24055
2334361,2334382,Scorpaenodes guamensis,-28.016667,153.55
2334361,2334382,Scorpaenodes guamensis,-28.166667,153.55
2334361,5962231,Scorpaenodes evides,-33.836388,151.27583
2334361,5962231,Scorpaenodes evides,-33.836388,151.27583
2334361,5962231,Scorpaenodes evides,-27.933333,153.433333
2334361,2334382,Scorpaenodes guamensis,-27.933333,153.433333
2334361,5962231,Scorpaenodes evides,-20.108333,117.7
2334361,5962231,Scorpaenodes evides,-20.108333,117.7
2334361,2334382,Scorpaenodes guamensis,-27.466667,153.416667
2334361,5962231,Scorpaenodes evides,-27.466667,153.416667
2334361,2334382,Scorpaenodes guamensis,-27.4,153.433333
2334361,2334366,Scorpaenodes scaber,-21.2775,115.010278
2334361,2334382,Scorpaenodes guamensis,-21.473333,114.980833
2334361,2334388,Scorpaenodes varipinnis,-21.534722,114.753056
2334361,2334366,Scorpaenodes scaber,-21.517222,114.753611
2334361,2334366,Scorpaenodes scaber,-21.572778,114.662778
2334361,2334374,Scorpaenodes smithi,-21.628611,114.374722
2334361,2334366,Scorpaenodes scaber,-21.628611,114.374722
2334361,2334382,Scorpaenodes guamensis,-21.445278,114.992222
2334361,2334361,"Scorpaenodes Bleeker, 1857",-21.534722,114.753056
2334361,2334382,Scorpaenodes guamensis,-21.601111,114.660556
2334361,2334379,Scorpaenodes hirsutus,-21.572778,114.662778
2334361,2334382,Scorpaenodes guamensis,-21.6,114.510556
2334361,2334366,Scorpaenodes scaber,-21.473333,114.980833
2334361,5962231,Scorpaenodes evides,-27.4,153.433333
2334361,2334382,Scorpaenodes guamensis,-27.4,153.433333
2334361,5962231,Scorpaenodes evides,-20.021667,116.065
2334361,5962231,Scorpaenodes evides,-20.021667,116.065
2334361,5962231,Scorpaenodes evides,-28.616667,153.633333
2334361,5962231,Scorpaenodes evides,-27.4,153.533333
2334361,2334361,"Scorpaenodes Bleeker, 1857",-31.72,152.79834
2334361,2334361,"Scorpaenodes Bleeker, 1857",-31.72,152.79834
2334361,2334361,"Scorpaenodes Bleeker, 1857",-31.72,152.79834
2334361,2334361,"Scorpaenodes Bleeker, 1857",-36.913334,149.93
2334361,2334361,"Scorpaenodes Bleeker, 1857",-17.2833,119.358
2334361,5962231,Scorpaenodes evides,-28.2,153.583333
2334361,2334374,Scorpaenodes smithi,-20.067,116.617
2334361,2334366,Scorpaenodes scaber,-36.25,150.23
2334361,2334361,"Scorpaenodes Bleeker, 1857",-19.867,117.533
2334361,2334374,Scorpaenodes smithi,-19.8,116.583
2334361,2334382,Scorpaenodes guamensis,-17.333,119.333
2334361,2334361,"Scorpaenodes Bleeker, 1857",-17.083,119.583
2334361,2334361,"Scorpaenodes Bleeker, 1857",-17.083,119.583
2334361,2334362,Scorpaenodes kelloggi,-17.083,119.583
2334361,2334382,Scorpaenodes guamensis,-17.083,119.583
2334361,5962231,Scorpaenodes evides,-29.933332,153.4
2334361,2334382,Scorpaenodes guamensis,-17.266666,119.36667
2334361,2334366,Scorpaenodes scaber,-33,151
2334361,5962231,Scorpaenodes evides,-20.216667,115.983333
2334361,5962231,Scorpaenodes evides,-20.216667,115.983333
2334361,5962231,Scorpaenodes evides,-33.983334,151.2
2334361,2334397,Scorpaenodes steenei,-32,115.46667
2334361,2334387,Scorpaenodes parvipinnis,-10.5,105.666664
2334361,5962231,Scorpaenodes evides,-29.933332,153.38333
2334361,5962231,Scorpaenodes evides,-35.783333,150.21666
2334361,2334366,Scorpaenodes scaber,-33.85,151.26666
2334361,5962231,Scorpaenodes evides,-30.2,153.26666
2334361,5962231,Scorpaenodes evides,-29.933332,153.4
2334361,5962231,Scorpaenodes evides,-30.2,153.26666
2334361,2334397,Scorpaenodes steenei,-32,115.5
2334361,2334366,Scorpaenodes scaber,-33.816666,151.28334
2334361,2334382,Scorpaenodes guamensis,-24.483333,113.416667
2334361,5962231,Scorpaenodes evides,-33.85,151.27695
2334361,2334382,Scorpaenodes guamensis,-19.75944,116.89361
2334361,2334382,Scorpaenodes guamensis,-20.25861,115.97625
2334361,2334382,Scorpaenodes guamensis,-19.86055,116.76681
2334361,5962231,Scorpaenodes evides,-33.883335,151.21666
2334361,2334382,Scorpaenodes guamensis,-29.833334,153.3
2334361,5962231,Scorpaenodes evides,-29.366667,153.36667
2334361,5962231,Scorpaenodes evides,-33.083332,151.63333
2334361,2334410,Scorpaenodes xyris,-38.47,145.31
2334361,2334361,"Scorpaenodes Bleeker, 1857",-28.639901,113.794876
2334361,5962231,Scorpaenodes evides,-35,150
2334361,5962231,Scorpaenodes evides,-33.9,151.28334
2334361,5962231,Scorpaenodes evides,-33.9,151.28334
2334361,5962231,Scorpaenodes evides,-33.9,151.28334
2334361,5962231,Scorpaenodes evides,-33.9,151.28334
2334361,5962231,Scorpaenodes evides,-33.9,151.28334
2334361,5962231,Scorpaenodes evides,-33.9,151.28334
2334361,5962231,Scorpaenodes evides,-33.9,151.28334
2334361,5962231,Scorpaenodes evides,-32.933334,151.76666
2334361,2334366,Scorpaenodes scaber,-33.82,151.26666
2334361,2334366,Scorpaenodes scaber,-33.82,151.26666
2334361,2334382,Scorpaenodes guamensis,-28.75,113.7833
2334361,2334382,Scorpaenodes guamensis,-10.58333,105.66667
2334361,2334382,Scorpaenodes guamensis,-20.46667,116.61667
2334361,2334382,Scorpaenodes guamensis,-22.25,114.08333
2334361,2334361,"Scorpaenodes Bleeker, 1857",-20.46667,116.53333
2334361,2334361,"Scorpaenodes Bleeker, 1857",-21.08333,114.91667
2334361,2334361,"Scorpaenodes Bleeker, 1857",-21.91667,113.95
2334361,2334361,"Scorpaenodes Bleeker, 1857",-21.91667,113.95
2334361,2334388,Scorpaenodes varipinnis,-21.91667,113.95
2334361,2334361,"Scorpaenodes Bleeker, 1857",-21.91667,113.95
2334361,2334382,Scorpaenodes guamensis,-21.91667,113.95
2334361,2334361,"Scorpaenodes Bleeker, 1857",-21.91667,113.95
2334361,2334382,Scorpaenodes guamensis,-21.65,114.33333
2334361,2334382,Scorpaenodes guamensis,-21.68333,114.33333
2334361,5962231,Scorpaenodes evides,-21.7,114.28333
2334361,2334397,Scorpaenodes steenei,-32,115.45
2334361,2334382,Scorpaenodes guamensis,-28.48333,113.78333
2334361,2334397,Scorpaenodes steenei,-28.48333,113.78333
2334361,2334397,Scorpaenodes steenei,-28.48333,113.78333
2334361,2334387,Scorpaenodes parvipinnis,-10.48333,105.66667
2334361,2334382,Scorpaenodes guamensis,-10.48333,105.66667
2334361,2334387,Scorpaenodes parvipinnis,-10.48333,105.66667
2334361,2334361,"Scorpaenodes Bleeker, 1857",-10.48333,105.66667
2334361,2334388,Scorpaenodes varipinnis,-10.48333,105.66667
2334361,2334393,Scorpaenodes albaiensis,-10.48333,105.66667
2334361,2334387,Scorpaenodes parvipinnis,-10.48333,105.66667
2334361,2334365,Scorpaenodes corallinus,-10.48333,105.66667
2334361,2334387,Scorpaenodes parvipinnis,-10.48333,105.66667
2334361,5962231,Scorpaenodes evides,-20.35,115.883333
2334361,5962231,Scorpaenodes evides,-20.15,116.51667
2334361,2334397,Scorpaenodes steenei,-35.13333,117.63333
2334361,2334397,Scorpaenodes steenei,-32,115.5
2334361,5962231,Scorpaenodes evides,-26.13333,113.13333
2334361,5962231,Scorpaenodes evides,-26.13333,113.15
2334361,5962231,Scorpaenodes evides,-26.13333,113.13333
2334361,5962231,Scorpaenodes evides,-26.13333,113.15
2334361,2334361,"Scorpaenodes Bleeker, 1857",-28.63333,153.61667
2334361,2334361,"Scorpaenodes Bleeker, 1857",-28.63333,153.61667
2334361,2334361,"Scorpaenodes Bleeker, 1857",-28.63333,153.61667
2334361,2334361,"Scorpaenodes Bleeker, 1857",-30.01667,153.26667
2334361,2334361,"Scorpaenodes Bleeker, 1857",-31.45,152.91667
2334361,2334361,"Scorpaenodes Bleeker, 1857",-33.45,151.45
2334361,2334361,"Scorpaenodes Bleeker, 1857",-34.06667,151.1
2334361,2334361,"Scorpaenodes Bleeker, 1857",-34.6,150.9
2334361,2334361,"Scorpaenodes Bleeker, 1857",-35.11667,150.76667
2334361,2334361,"Scorpaenodes Bleeker, 1857",-35.11667,150.76667
2334361,5962231,Scorpaenodes evides,-28.8,114.05
2334361,5962231,Scorpaenodes evides,-20.03333,116.1
2334361,5962231,Scorpaenodes evides,-20.11667,116.16667
2334361,5962231,Scorpaenodes evides,-28.5,113.76667
2334361,5962231,Scorpaenodes evides,-28.48333,113.76667
2334361,5962231,Scorpaenodes evides,-28.48333,113.76667
2334361,2334397,Scorpaenodes steenei,-32,115.5
2334361,2334361,"Scorpaenodes Bleeker, 1857",-17.3,119.36667
2334361,2334382,Scorpaenodes guamensis,-17.3,119.35
2334361,2334382,Scorpaenodes guamensis,-17.36667,119.35
2334361,2334393,Scorpaenodes albaiensis,-17.25,119.33333
2334361,2334382,Scorpaenodes guamensis,-17.3,119.36667
2334361,2334382,Scorpaenodes guamensis,-17.1,119.61667
2334361,2334382,Scorpaenodes guamensis,-17.3,119.38333
2334361,2334397,Scorpaenodes steenei,-30.3,115
2334361,2334397,Scorpaenodes steenei,-30.3,115
2334361,2334397,Scorpaenodes steenei,-30.3,115
2334361,2334397,Scorpaenodes steenei,-29.26667,114.91667
2334361,2334397,Scorpaenodes steenei,-29.26667,114.91667
2334361,2334397,Scorpaenodes steenei,-29.26667,114.91667
2334361,2334397,Scorpaenodes steenei,-27.5,114.41667
2334361,2334397,Scorpaenodes steenei,-27.5,114.43333
2334361,2334382,Scorpaenodes guamensis,-24.48333,113.41667
2334361,2334382,Scorpaenodes guamensis,-24.48333,113.41667
2334361,2334397,Scorpaenodes steenei,-24.48333,113.41667
2334361,2334382,Scorpaenodes guamensis,-20.43333,115.58333
2334361,2334382,Scorpaenodes guamensis,-17.3,119.36667
2334361,2334382,Scorpaenodes guamensis,-17.3,119.36667
2334361,2334382,Scorpaenodes guamensis,-17.3,119.36667
2334361,2334382,Scorpaenodes guamensis,-17.3,119.36667
2334361,2334382,Scorpaenodes guamensis,-17.3,119.33333
2334361,2334382,Scorpaenodes guamensis,-17.3,119.36667
2334361,2334393,Scorpaenodes albaiensis,-17.1,119.61667
2334361,2334397,Scorpaenodes steenei,-28.2,114.25
2334361,2334397,Scorpaenodes steenei,-34.31667,115.16667
2334361,2334374,Scorpaenodes smithi,-19.91667,117.93333
2334361,2334374,Scorpaenodes smithi,-19.06667,118.76667
2334361,2334374,Scorpaenodes smithi,-19.51667,118.81667
2334361,2334374,Scorpaenodes smithi,-19.98333,117.86667
2334361,2334374,Scorpaenodes smithi,-19.91667,117.93333
2334361,2334374,Scorpaenodes smithi,-19.48333,118.86667
2334361,2334374,Scorpaenodes smithi,-19.05,119.06667
2334361,2334374,Scorpaenodes smithi,-20,117
2334361,2334374,Scorpaenodes smithi,-19.5,118.86667
2334361,2334374,Scorpaenodes smithi,-19.5,118.86667
2334361,2334374,Scorpaenodes smithi,-19.5,118.86667
2334361,2334374,Scorpaenodes smithi,-19.98333,117.85
2334361,2334374,Scorpaenodes smithi,-19.45,118.96667
2334361,2334382,Scorpaenodes guamensis,-10.43333,105.66667
2334361,2334382,Scorpaenodes guamensis,-10.46667,105.7
2334361,2334388,Scorpaenodes varipinnis,-10.45,105.65
2334361,2334361,"Scorpaenodes Bleeker, 1857",-10.41667,105.66667
2334361,2334382,Scorpaenodes guamensis,-10.43333,105.66667
2334361,2334379,Scorpaenodes hirsutus,-10.43333,105.66667
2334361,2334361,"Scorpaenodes Bleeker, 1857",-10.43333,105.66667
2334361,2334379,Scorpaenodes hirsutus,-10.45,105.65
2334361,2334361,"Scorpaenodes Bleeker, 1857",-24.91667,113.63333
2334361,2334387,Scorpaenodes parvipinnis,-10.45,105.7
2334361,2334397,Scorpaenodes steenei,-28.9,113.91667
2334361,2334397,Scorpaenodes steenei,-28.91667,114.03333
2334361,2334382,Scorpaenodes guamensis,-28.91667,114.03333
2334361,5962231,Scorpaenodes evides,-28.91667,114.03333
2334361,2334379,Scorpaenodes hirsutus,-12.08333,96.88333
2334361,2334379,Scorpaenodes hirsutus,-11.81667,96.81667
2334361,2334397,Scorpaenodes steenei,-31.98333,115.53333
2334361,2334361,"Scorpaenodes Bleeker, 1857",-19.333333,115.666667
2334361,2334382,Scorpaenodes guamensis,-22.55,113.65
2334361,2334382,Scorpaenodes guamensis,-20.45,115.5
2334361,2334382,Scorpaenodes guamensis,-20.4,115.566667
2334361,2334397,Scorpaenodes steenei,-28.916667,113.916667
2334361,2334382,Scorpaenodes guamensis,-21.655556,114.370833
2334361,2334382,Scorpaenodes guamensis,-21.634722,114.396667
2334361,2334361,"Scorpaenodes Bleeker, 1857",-23.41667,113.23333
2334361,2334361,"Scorpaenodes Bleeker, 1857",-21.78333,114.16667
2334361,2334382,Scorpaenodes guamensis,-21.91667,113.95
2334361,2334382,Scorpaenodes guamensis,-24.48333,113.41667
2334361,5962231,Scorpaenodes evides,-27.983333,153.5
2334361,2334361,"Scorpaenodes Bleeker, 1857",-34.6025,150.8989
2334361,2334361,"Scorpaenodes Bleeker, 1857",-24.4886,113.4103
2334361,2334374,Scorpaenodes smithi,-15.493611,121.636111
2334361,2334374,Scorpaenodes smithi,-21.3728,114.9193
2334361,5962231,Scorpaenodes evides,-21.82597,114.20927
2334361,2334382,Scorpaenodes guamensis,-17.50573,118.96272
2334361,2334362,Scorpaenodes kelloggi,-17.50915,118.96316
2334361,2334362,Scorpaenodes kelloggi,-17.30587,119.38068
2334361,2334366,Scorpaenodes scaber,-25.952246,113.638599
