requested_taxonKey,record_taxonKey,species_name,decimalLatitude,decimalLongitude
2334538,2334538,Dendrochirus zebra,-30.894224,153.040134
2334538,2334538,Dendrochirus zebra,-28.108518,153.476713
2334538,2334538,Dendrochirus zebra,-34.00312,151.227422
2334538,2334538,Dendrochirus zebra,-31.057219,153.057145
2334538,2334538,Dendrochirus zebra,-34.00311,151.227229
2334538,2334538,Dendrochirus zebra,-30.176145000000002,153.191346
2334538,2334538,Dendrochirus zebra,-28.089615,153.45711
2334538,2334538,Dendrochirus zebra,-30.107871,153.205694
2334538,2334538,Dendrochirus zebra,-27.946131,153.421749
2334538,2334538,Dendrochirus zebra,-22.237665,113.838288
2334538,2334538,Dendrochirus zebra,-22.037749,113.908993
2334538,2334538,Dendrochirus zebra,-29.924858,153.387035
2334538,2334538,Dendrochirus zebra,-27.493788,153.398025
2334538,2334538,Dendrochirus zebra,-30.909907,153.090556
2334538,2334538,Dendrochirus zebra,-34.064558,151.155691
2334538,2334538,Dendrochirus zebra,-34.0694,151.129769
2334538,2334538,Dendrochirus zebra,-33.800069,151.295513
2334538,2334538,Dendrochirus zebra,-33.800076,151.295613
2334538,2334538,Dendrochirus zebra,-30.205483,153.26693
2334538,2334538,Dendrochirus zebra,-30.205483,153.26693
2334538,2334538,Dendrochirus zebra,-28.194917,153.576719
2334538,2334538,Dendrochirus zebra,-27.532258,153.462608
2334538,2334538,Dendrochirus zebra,-32.713064,152.156244
2334538,2334538,Dendrochirus zebra,-32.713091,152.156847
2334538,2334538,Dendrochirus zebra,-33.800251,151.29469
2334538,2334538,Dendrochirus zebra,-33.800096,151.295346
2334538,2334538,Dendrochirus zebra,-34.069551,151.129927
2334538,2334538,Dendrochirus zebra,-34.069204,151.129906
2334538,2334538,Dendrochirus zebra,-32.713194,152.156706
2334538,2334538,Dendrochirus zebra,-34.069098,151.12997
2334538,2334538,Dendrochirus zebra,-32.71299,152.156299
2334538,2334538,Dendrochirus zebra,-28.089615,153.45711
2334538,2334538,Dendrochirus zebra,-29.927329,153.389192
2334538,2334538,Dendrochirus zebra,-29.927375,153.389145
2334538,2334538,Dendrochirus zebra,-28.195458,153.57743
2334538,2334538,Dendrochirus zebra,-21.868621,114.15806
2334538,2334538,Dendrochirus zebra,-30.202215,153.267537
2334538,2334538,Dendrochirus zebra,-34.002511,151.226161
2334538,2334538,Dendrochirus zebra,-33.800182,151.295738
2334538,2334538,Dendrochirus zebra,-33.799677,151.294745
2334538,2334538,Dendrochirus zebra,-33.800382,151.297572
2334538,2334538,Dendrochirus zebra,-28.194497,153.576633
2334538,2334538,Dendrochirus zebra,-30.202183,153.267529
2334538,2334538,Dendrochirus zebra,-20.291038,118.634044
2334538,2334538,Dendrochirus zebra,-22.564612,113.658924
2334538,2334538,Dendrochirus zebra,-34.002834,151.226698
2334538,2334538,Dendrochirus zebra,-34.002702,151.226734
2334538,2334538,Dendrochirus zebra,-30.205483,153.26693
2334538,2334538,Dendrochirus zebra,-30.205483,153.26693
2334538,2334538,Dendrochirus zebra,-33.916392,151.264265
2334538,2334538,Dendrochirus zebra,-29.816461,153.291826
2334538,2334538,Dendrochirus zebra,-33.916194,151.263889
2334538,2334538,Dendrochirus zebra,-21.785425,114.165305
2334538,2334538,Dendrochirus zebra,-27.412126,153.515785
2334538,2334538,Dendrochirus zebra,-30.01784,153.27135
2334538,2334538,Dendrochirus zebra,-29.568854,153.338651
2334538,2334538,Dendrochirus zebra,-30.017346,153.270299
2334538,2334538,Dendrochirus zebra,-28.098232,153.457384
2334538,2334538,Dendrochirus zebra,-34.002948,151.227617
2334538,2334538,Dendrochirus zebra,-28.098385,153.457125
2334538,2334538,Dendrochirus zebra,-22.237532,113.83774
2334538,2334538,Dendrochirus zebra,-10.428507,105.667271
2334538,2334538,Dendrochirus zebra,-34.064266,151.155654
2334538,2334538,Dendrochirus zebra,-29.684296,153.41627
2334538,2334538,Dendrochirus zebra,-34.0643,151.156193
2334538,2334538,Dendrochirus zebra,-33.800109,151.295452
2334538,2334538,Dendrochirus zebra,-30.205483,153.26693
2334538,2334538,Dendrochirus zebra,-33.80023,151.295474
2334538,2334538,Dendrochirus zebra,-34.069577,151.129744
2334538,2334538,Dendrochirus zebra,-29.928686,153.39038
2334538,2334538,Dendrochirus zebra,-33.800505,151.296856
2334538,2334538,Dendrochirus zebra,-27.4,153.566667
2334538,2334538,Dendrochirus zebra,-33.800078,151.294734
2334538,2334538,Dendrochirus zebra,-33.796899,151.294702
2334538,2334538,Dendrochirus zebra,-33.799397,151.2963
2334538,2334538,Dendrochirus zebra,-33.800215,151.293916
2334538,2334538,Dendrochirus zebra,-33.80035,151.293939
2334538,2334538,Dendrochirus zebra,-27.38993,153.551265
2334538,2334538,Dendrochirus zebra,-27.390758,153.551412
2334538,2334538,Dendrochirus zebra,-27.38968,153.551126
2334538,2334538,Dendrochirus zebra,-27.465857,153.505134
2334538,2334538,Dendrochirus zebra,-30.205483,153.26693
2334538,2334538,Dendrochirus zebra,-30.205483,153.26693
2334538,2334538,Dendrochirus zebra,-30.205483,153.26693
2334538,2334538,Dendrochirus zebra,-28.194749,153.577054
2334538,2334538,Dendrochirus zebra,-30.879934,153.099615
2334538,2334538,Dendrochirus zebra,-28.151423,153.515619
2334538,2334538,Dendrochirus zebra,-27.390584,153.554126
2334538,2334538,Dendrochirus zebra,-27.412899,153.526489
2334538,2334538,Dendrochirus zebra,-10.463056,105.643757
2334538,2334538,Dendrochirus zebra,-10.463056,105.643757
2334538,2334538,Dendrochirus zebra,-30.205483,153.26693
2334538,2334538,Dendrochirus zebra,-30.205483,153.26693
2334538,2334538,Dendrochirus zebra,-33.916392,151.264265
2334538,2334538,Dendrochirus zebra,-30.939207,153.101038
2334538,2334538,Dendrochirus zebra,-33.800374,151.295332
2334538,2334538,Dendrochirus zebra,-27.947376,153.418939
2334538,2334538,Dendrochirus zebra,-27.947376,153.418939
2334538,2334538,Dendrochirus zebra,-30.205409,153.266866
2334538,2334538,Dendrochirus zebra,-28.1925,153.57777
2334538,2334538,Dendrochirus zebra,-28.1925,153.57777
2334538,2334538,Dendrochirus zebra,-28.193333,153.58
2334538,2334538,Dendrochirus zebra,-28.193333,153.58
2334538,2334538,Dendrochirus zebra,-21.463477,115.019948
2334538,2334538,Dendrochirus zebra,-30.205483,153.26693
2334538,2334538,Dendrochirus zebra,-30.205483,153.26693
2334538,2334538,Dendrochirus zebra,-10.42761,105.668233
2334538,2334538,Dendrochirus zebra,-21.463617,115.020428
2334538,2334538,Dendrochirus zebra,-30.205483,153.26693
2334538,2334538,Dendrochirus zebra,-30.9384,153.100684
2334538,2334538,Dendrochirus zebra,-30.9384,153.100684
2334538,2334538,Dendrochirus zebra,-28.098497,153.456257
2334538,2334538,Dendrochirus zebra,-28.61082,153.630058
2334538,2334538,Dendrochirus zebra,-34.000742,151.226488
2334538,2334538,Dendrochirus zebra,-30.205409,153.266866
2334538,2334538,Dendrochirus zebra,-28.197859,153.57746
2334538,2334538,Dendrochirus zebra,-33.80055,151.297921
2334538,2334538,Dendrochirus zebra,-33.798999,151.295682
2334538,2334538,Dendrochirus zebra,-28.194749,153.577054
2334538,2334538,Dendrochirus zebra,-28.169986,153.549436
2334538,2334538,Dendrochirus zebra,-28.195144,153.576721
2334538,2334538,Dendrochirus zebra,-30.938768,153.100899
2334538,2334538,Dendrochirus zebra,-28.195139,153.576762
2334538,2334538,Dendrochirus zebra,-30.204129,153.266458
2334538,2334538,Dendrochirus zebra,-28.196472,153.576721
2334538,2334538,Dendrochirus zebra,-29.924329,153.387407
2334538,2334538,Dendrochirus zebra,-27.946358,153.418659
2334538,2334538,Dendrochirus zebra,-28.097381,153.475237
2334538,2334538,Dendrochirus zebra,-27.416667,153.55
2334538,2334538,Dendrochirus zebra,-30.204955000000002,153.264355
2334538,2334538,Dendrochirus zebra,-28.194178,153.578806
2334538,2334538,Dendrochirus zebra,-30.938986,153.100179
2334538,2334538,Dendrochirus zebra,-10.437059,105.592601
2334538,2334538,Dendrochirus zebra,-33.799061,151.269948
2334538,2334538,Dendrochirus zebra,-34.002478,151.225383
2334538,2334538,Dendrochirus zebra,-27.413122,153.520881
2334538,2334538,Dendrochirus zebra,-34.002922,151.22581
2334538,2334538,Dendrochirus zebra,-33.987375,151.291671
2334538,2334538,Dendrochirus zebra,-33.800339,151.295394
2334538,2334538,Dendrochirus zebra,-28.195808,153.578053
2334538,2334538,Dendrochirus zebra,-34.00248,151.22532
2334538,2334538,Dendrochirus zebra,-27.94238,153.42103
2334538,2334538,Dendrochirus zebra,-28.196202,153.576696
2334538,2334538,Dendrochirus zebra,-27.402435,153.43699
2334538,2334538,Dendrochirus zebra,-30.645969,153.010059
2334538,2334538,Dendrochirus zebra,-33.800061,151.294579
2334538,2334538,Dendrochirus zebra,-30.016939,153.26961
2334538,2334538,Dendrochirus zebra,-29.93,153.39
2334538,2334538,Dendrochirus zebra,-23.32,113.78
2334538,2334538,Dendrochirus zebra,-34.002587,151.225163
2334538,10392557,Dendrochirus zebra,-19.9585,116.641
2334538,2334538,Dendrochirus zebra,-19.590833,117.317
2334538,2334538,Dendrochirus zebra,-19.939667,116.661
2334538,2334538,Dendrochirus zebra,-19.5835,117.3302
2334538,2334538,Dendrochirus zebra,-19.307,118.2302
2334538,2334538,Dendrochirus zebra,-19.5835,117.3302
2334538,2334538,Dendrochirus zebra,-19.307,118.2302
2334538,2334538,Dendrochirus zebra,-19.590833,117.317
2334538,2334538,Dendrochirus zebra,-19.939667,116.661
2334538,2334538,Dendrochirus zebra,-22.009273,114.126315
2334538,2334538,Dendrochirus zebra,-29.927869,153.389716
2334538,2334538,Dendrochirus zebra,-29.93,153.39
2334538,2334538,Dendrochirus zebra,-30.878587,153.059444
2334538,2334538,Dendrochirus zebra,-23.18,113.76
2334538,2334538,Dendrochirus zebra,-28.259099,153.583152
2334538,2334538,Dendrochirus zebra,-33.800177,151.296898
2334538,2334538,Dendrochirus zebra,-32.716011,152.141155
2334538,2334538,Dendrochirus zebra,-33.80055,151.297921
2334538,2334538,Dendrochirus zebra,-27.9707,153.4275
2334538,2334538,Dendrochirus zebra,-27.9707,153.4275
2334538,2334538,Dendrochirus zebra,-21.85,114.17
2334538,2334538,Dendrochirus zebra,-32.7133,152.1571
2334538,2334538,Dendrochirus zebra,-27.9707,153.4275
2334538,2334538,Dendrochirus zebra,-27.9707,153.4275
2334538,2334538,Dendrochirus zebra,-32.715,152.151111
2334538,2334538,Dendrochirus zebra,-30.304143,153.149442
2334538,2334538,Dendrochirus zebra,-27.9707,153.4275
2334538,2334538,Dendrochirus zebra,-33.800423,151.294514
2334538,2334538,Dendrochirus zebra,-27.9707,153.4275
2334538,2334538,Dendrochirus zebra,-30.936685,153.106327
2334538,2334538,Dendrochirus zebra,-30.64581,153.008183
2334538,2334538,Dendrochirus zebra,-32.025,115.5451
2334538,2334538,Dendrochirus zebra,-27.9707,153.4275
2334538,2334538,Dendrochirus zebra,-27.9707,153.4275
2334538,2334538,Dendrochirus zebra,-21.824903,114.182225
2334538,2334538,Dendrochirus zebra,-22.0195,114.1274
2334538,2334538,Dendrochirus zebra,-33.80055,151.297921
2334538,2334538,Dendrochirus zebra,-33.82,151.29
2334538,2334538,Dendrochirus zebra,-30.2,153.27
2334538,2334538,Dendrochirus zebra,-33.800177,151.296898
2334538,2334538,Dendrochirus zebra,-33.800177,151.296898
2334538,2334538,Dendrochirus zebra,-23.21,113.76
2334538,2334538,Dendrochirus zebra,-32.714003,152.151555
2334538,2334538,Dendrochirus zebra,-32.714704,152.151271
2334538,2334538,Dendrochirus zebra,-32.717121,152.140249
2334538,2334538,Dendrochirus zebra,-32.715,152.151111
2334538,2334538,Dendrochirus zebra,-29.9231,153.3881
2334538,2334538,Dendrochirus zebra,-21.909685,113.942284
2334538,2334538,Dendrochirus zebra,-20.6195,116.5185
2334538,2334538,Dendrochirus zebra,-20.6195,116.51852
2334538,2334538,Dendrochirus zebra,-32.72,152.14
2334538,2334538,Dendrochirus zebra,-35.101154,150.782414
2334538,2334538,Dendrochirus zebra,-27.4135,153.5252
2334538,2334538,Dendrochirus zebra,-27.4135,153.5252
2334538,2334538,Dendrochirus zebra,-27.4003,153.4375
2334538,2334538,Dendrochirus zebra,-27.4142,153.5268
2334538,2334538,Dendrochirus zebra,-27.396,153.4379
2334538,2334538,Dendrochirus zebra,-27.396,153.4379
2334538,2334538,Dendrochirus zebra,-27.939722,153.421667
2334538,2334538,Dendrochirus zebra,-27.41351,153.52519
2334538,2334538,Dendrochirus zebra,-27.41351,153.52519
2334538,2334538,Dendrochirus zebra,-27.40021,153.43759
2334538,2334538,Dendrochirus zebra,-27.41422,153.52683
2334538,2334538,Dendrochirus zebra,-27.39602,153.4379
2334538,2334538,Dendrochirus zebra,-27.39602,153.4379
2334538,2334538,Dendrochirus zebra,-27.4,153.44
2334538,2334538,Dendrochirus zebra,-27.41,153.53
2334538,2334538,Dendrochirus zebra,-27.4,153.44
2334538,2334538,Dendrochirus zebra,-28.61,153.63
2334538,2334538,Dendrochirus zebra,-27.9364,153.4276
2334538,2334538,Dendrochirus zebra,-27.936383,153.4276
2334538,2334538,Dendrochirus zebra,-32.72,152.14
2334538,2334538,Dendrochirus zebra,-28.195027,153.577532
2334538,2334538,Dendrochirus zebra,-29.9331,153.3926
2334538,2334538,Dendrochirus zebra,-29.933083,153.392562
2334538,2334538,Dendrochirus zebra,-29.93,153.39
2334538,2334538,Dendrochirus zebra,-33.80055,151.297921
2334538,2334538,Dendrochirus zebra,-28.611559,153.628959
2334538,2334538,Dendrochirus zebra,-21.832534,114.196938
2334538,2334538,Dendrochirus zebra,-27.416667,153.55
2334538,2334538,Dendrochirus zebra,-22.058662000000002,114.169461
2334538,2334538,Dendrochirus zebra,-30.93938,153.100388
2334538,2334538,Dendrochirus zebra,-27.4,153.516667
2334538,2334538,Dendrochirus zebra,-28.822779,153.60611
2334538,2334538,Dendrochirus zebra,-28.822779,153.60611
2334538,2334538,Dendrochirus zebra,-28.258055,153.58278
2334538,2334538,Dendrochirus zebra,-28.258055,153.58278
2334538,2334538,Dendrochirus zebra,-33.80055,151.297921
2334538,2334538,Dendrochirus zebra,-33.839343,151.278541
2334538,2334538,Dendrochirus zebra,-20.01833,116.06083
2334538,2334538,Dendrochirus zebra,-19.6825,117.62
2334538,2334538,Dendrochirus zebra,-19.83833,117.72334
2334538,2334538,Dendrochirus zebra,-19.62667,117.8275
2334538,2334538,Dendrochirus zebra,-27.466667,153.416667
2334538,2334538,Dendrochirus zebra,-27.4,153.433333
2334538,2334538,Dendrochirus zebra,-32.733,152.25
2334538,2334538,Dendrochirus zebra,-32.783,152.217
2334538,2334538,Dendrochirus zebra,-29.8,153.45
2334538,2334538,Dendrochirus zebra,-27.4,153.433333
2334538,2334538,Dendrochirus zebra,-33.067,151.767
2334538,2334538,Dendrochirus zebra,-32.75,151.233
2334538,2334538,Dendrochirus zebra,-32.75,151.233
2334538,2334538,Dendrochirus zebra,-32.867,151.967
2334538,2334538,Dendrochirus zebra,-19.695,118.108333
2334538,2334538,Dendrochirus zebra,-19.695,118.108333
2334538,2334538,Dendrochirus zebra,-27.4,153.533333
2334538,2334538,Dendrochirus zebra,-29.383,153.383
2334538,2334538,Dendrochirus zebra,-29.417,153.583
2334538,2334538,Dendrochirus zebra,-29.417,153.583
2334538,2334538,Dendrochirus zebra,-29.417,153.583
2334538,2334538,Dendrochirus zebra,-29.417,153.583
2334538,2334538,Dendrochirus zebra,-28.4,153.667
2334538,2334538,Dendrochirus zebra,-28.4,153.667
2334538,2334538,Dendrochirus zebra,-19.81666,117.82834
2334538,2334538,Dendrochirus zebra,-32.917,151.95
2334538,2334538,Dendrochirus zebra,-28.4,153.667
2334538,2334538,Dendrochirus zebra,-29.417,153.583
2334538,2334538,Dendrochirus zebra,-29.417,153.583
2334538,2334538,Dendrochirus zebra,-28.4,153.667
2334538,2334538,Dendrochirus zebra,-28.4,153.667
2334538,2334538,Dendrochirus zebra,-28.4,153.667
2334538,2334538,Dendrochirus zebra,-28.4,153.667
2334538,2334538,Dendrochirus zebra,-28.4,153.667
2334538,2334538,Dendrochirus zebra,-19.5825,117.9025
2334538,2334538,Dendrochirus zebra,-19.5,118.56334
2334538,2334538,Dendrochirus zebra,-19.94667,116.5975
2334538,2334538,Dendrochirus zebra,-19.50833,117.96417
2334538,2334538,Dendrochirus zebra,-20.4925,115.71417
2334538,2334538,Dendrochirus zebra,-19.65833,118.79333
2334538,2334538,Dendrochirus zebra,-20.17583,116.79167
2334538,2334538,Dendrochirus zebra,-19.75333,117.82083
2334538,2334538,Dendrochirus zebra,-19.93083,117.0125
2334538,2334538,Dendrochirus zebra,-19.1975,118.29334
2334538,2334538,Dendrochirus zebra,-18.80833,118.8625
2334538,2334538,Dendrochirus zebra,-19.73833,117.67333000000001
2334538,2334538,Dendrochirus zebra,-29.508333,153.45833
2334538,2334538,Dendrochirus zebra,-29.517,153.467
2334538,2334538,Dendrochirus zebra,-20.175,117.82
2334538,2334538,Dendrochirus zebra,-19.91,115.795
2334538,2334538,Dendrochirus zebra,-19.02666,118.855
2334538,2334538,Dendrochirus zebra,-19.05,118.483
2334538,2334538,Dendrochirus zebra,-28.2,153.583333
2334538,2334538,Dendrochirus zebra,-19.69583,117.94167
2334538,2334538,Dendrochirus zebra,-19.97583,117.09167
2334538,2334538,Dendrochirus zebra,-19.017,119.417
2334538,2334538,Dendrochirus zebra,-19.5375,118.18584
2334538,2334538,Dendrochirus zebra,-19.64,118.3275
2334538,2334538,Dendrochirus zebra,-20.167,116.95
2334538,2334538,Dendrochirus zebra,-19.62417,118.8975
2334538,2334538,Dendrochirus zebra,-19.82833,116.615
2334538,2334538,Dendrochirus zebra,-19.91916,117.95
2334538,2334538,Dendrochirus zebra,-19.72167,117.95917
2334538,2334538,Dendrochirus zebra,-19.215,117.86
2334538,2334538,Dendrochirus zebra,-20,117.26667
2334538,2334538,Dendrochirus zebra,-19,117
2334538,2334538,Dendrochirus zebra,-19.98333,117.38334
2334538,2334538,Dendrochirus zebra,-19.41666,118.53333
2334538,2334538,Dendrochirus zebra,-33.816666,151.31667
2334538,2334538,Dendrochirus zebra,-20.31916,117.48084
2334538,2334538,Dendrochirus zebra,-19.655,117.02917
2334538,2334538,Dendrochirus zebra,-33,151
2334538,2334538,Dendrochirus zebra,-19.35,118.75
2334538,2334538,Dendrochirus zebra,-19.8667,118.2
2334538,2334538,Dendrochirus zebra,-19.35,118.75
2334538,2334538,Dendrochirus zebra,-19.783333,116.55
2334538,2334538,Dendrochirus zebra,-19.783333,116.55
2334538,2334538,Dendrochirus zebra,-33.85,151.26666
2334538,2334538,Dendrochirus zebra,-33.833332,151.26666
2334538,2334538,Dendrochirus zebra,-35.183334,150.63333
2334538,2334538,Dendrochirus zebra,-33.833332,151.26666
2334538,2334538,Dendrochirus zebra,-28.166666,153.5
2334538,2334538,Dendrochirus zebra,-34.066666,151.13333
2334538,2334538,Dendrochirus zebra,-34.066666,151.13333
2334538,2334538,Dendrochirus zebra,-33.856945,151.24306
2334538,2334538,Dendrochirus zebra,-28.35,153.566667
2334538,2334538,Dendrochirus zebra,-29.366667,153.36667
2334538,2334538,Dendrochirus zebra,-33.85,151.26666
2334538,2334538,Dendrochirus zebra,-33.82,151.26666
2334538,2334538,Dendrochirus zebra,-25.35,113.73333
2334538,2334538,Dendrochirus zebra,-20.48333,116.53333
2334538,2334538,Dendrochirus zebra,-21.66667,114.33333
2334538,2334538,Dendrochirus zebra,-10.48333,105.66667
2334538,2334538,Dendrochirus zebra,-18.96667,119.03333
2334538,2334538,Dendrochirus zebra,-26.13333,113.13333
2334538,2334538,Dendrochirus zebra,-10.43333,105.66667
2334538,2334538,Dendrochirus zebra,-21.78333,114.16667
2334538,2334538,Dendrochirus zebra,-27.966667,153.416667
2334538,2334538,Dendrochirus zebra,-25.952246,113.638599
