requested_taxonKey,record_taxonKey,species_name,decimalLatitude,decimalLongitude
2334366,2334366,Scorpaenodes scaber,-36.725,149.98805
2334366,2334366,Scorpaenodes scaber,-36.725,149.98805
2334366,2334366,Scorpaenodes scaber,-23.95859,113.36102
2334366,2334366,Scorpaenodes scaber,-23.97368,112.54945
2334366,2334366,Scorpaenodes scaber,-23.95859,113.36102
2334366,2334366,Scorpaenodes scaber,-32.71,152.16
2334366,2334366,Scorpaenodes scaber,-32.71,152.16
2334366,2334366,Scorpaenodes scaber,-32.71,152.16
2334366,2334366,Scorpaenodes scaber,-32.7892,152.1125
2334366,2334366,Scorpaenodes scaber,-32.7892,152.1125
2334366,2334366,Scorpaenodes scaber,-32.74,152.19
2334366,2334366,Scorpaenodes scaber,-32.71,152.15
2334366,2334366,Scorpaenodes scaber,-32.72,152.15
2334366,2334366,Scorpaenodes scaber,-32.71,152.15
2334366,2334366,Scorpaenodes scaber,-32.71,152.15
2334366,2334366,Scorpaenodes scaber,-29.93,153.39
2334366,2334366,Scorpaenodes scaber,-30.21,153.27
2334366,2334366,Scorpaenodes scaber,-32.74,152.19
2334366,2334366,Scorpaenodes scaber,-32.71,152.18
2334366,2334366,Scorpaenodes scaber,-32.71,152.15
2334366,2334366,Scorpaenodes scaber,-32.71,152.16
2334366,2334366,Scorpaenodes scaber,-32.71,152.16
2334366,2334366,Scorpaenodes scaber,-32.74,152.19
2334366,2334366,Scorpaenodes scaber,-32.71,152.16
2334366,2334366,Scorpaenodes scaber,-32.71,152.16
2334366,2334366,Scorpaenodes scaber,-32.71,152.16
2334366,2334366,Scorpaenodes scaber,-32.7098,152.1592
2334366,2334366,Scorpaenodes scaber,-32.69,152.23
2334366,2334366,Scorpaenodes scaber,-32.71515,152.15036
2334366,2334366,Scorpaenodes scaber,-32.71467,152.1518
2334366,2334366,Scorpaenodes scaber,-32.71467,152.1518
2334366,2334366,Scorpaenodes scaber,-32.71014,152.1595
2334366,2334366,Scorpaenodes scaber,-32.71373,152.15745
2334366,2334366,Scorpaenodes scaber,-32.71809,152.1422
2334366,2334366,Scorpaenodes scaber,-32.71014,152.1595
2334366,2334366,Scorpaenodes scaber,-32.71014,152.1595
2334366,2334366,Scorpaenodes scaber,-32.71014,152.1595
2334366,2334366,Scorpaenodes scaber,-32.71373,152.15745
2334366,2334366,Scorpaenodes scaber,-29.91274,153.38342
2334366,2334366,Scorpaenodes scaber,-29.93044,153.38984
2334366,2334366,Scorpaenodes scaber,-29.93044,153.38984
2334366,2334366,Scorpaenodes scaber,-21.2775,115.010278
2334366,2334366,Scorpaenodes scaber,-21.517222,114.753611
2334366,2334366,Scorpaenodes scaber,-21.572778,114.662778
2334366,2334366,Scorpaenodes scaber,-21.628611,114.374722
2334366,2334366,Scorpaenodes scaber,-21.473333,114.980833
2334366,2334366,Scorpaenodes scaber,-36.25,150.23
2334366,2334366,Scorpaenodes scaber,-33,151
2334366,2334366,Scorpaenodes scaber,-33.85,151.26666
2334366,2334366,Scorpaenodes scaber,-33.816666,151.28334
2334366,2334366,Scorpaenodes scaber,-33.82,151.26666
2334366,2334366,Scorpaenodes scaber,-33.82,151.26666
2334366,2334366,Scorpaenodes scaber,-25.952246,113.638599
