requested_taxonKey,record_taxonKey,species_name,decimalLatitude,decimalLongitude
2334638,2334638,Scorpaena onaria,-19.11333,117.015
2334638,2334638,Scorpaena onaria,-28.533333,153.66667
2334638,2334638,Scorpaena onaria,-19.16333,116.62833
2334638,2334638,Scorpaena onaria,-19.14416,116.88917
2334638,2334638,Scorpaena onaria,-19.79917,116.63334
2334638,2334638,Scorpaena onaria,-19.148333,116.876667
2334638,2334638,Scorpaena onaria,-19.148333,116.876667
2334638,2334638,Scorpaena onaria,-19.148333,116.876667
2334638,2334638,Scorpaena onaria,-19.148333,116.876667
2334638,2334638,Scorpaena onaria,-18.533333,118.28333
2334638,2334638,Scorpaena onaria,-18.94166,117.33334
2334638,2334638,Scorpaena onaria,-19.075,117.3
