requested_taxonKey,record_taxonKey,species_name,decimalLatitude,decimalLongitude
2335604,2335604,Thysanophrys chiltonae,-19.7935,116.7225
2335604,2335604,Thysanophrys chiltonae,-19.7935,116.7225
2335604,2335604,Thysanophrys chiltonae,-20.119167,116.186167
2335604,2335604,Thysanophrys chiltonae,-20.119167,116.186167
2335604,2335604,Thysanophrys chiltonae,-27.4,153.516667
2335604,2335604,Thysanophrys chiltonae,-27.052,113.081
2335604,2335604,Thysanophrys chiltonae,-27.052,113.081
2335604,2335604,Thysanophrys chiltonae,-19.11333,117.015
2335604,2335604,Thysanophrys chiltonae,-19.20583,116.90833
2335604,2335604,Thysanophrys chiltonae,-19.18667,116.60917
2335604,2335604,Thysanophrys chiltonae,-17.333,119.333
2335604,2335604,Thysanophrys chiltonae,-19.11917,117.08833
2335604,2335604,Thysanophrys chiltonae,-19.12666,117.06333
2335604,2335604,Thysanophrys chiltonae,-19.058333,117.995
2335604,2335604,Thysanophrys chiltonae,-19.058333,117.995
2335604,2335604,Thysanophrys chiltonae,-18.886667,118.825
2335604,2335604,Thysanophrys chiltonae,-18.886667,118.825
2335604,2335604,Thysanophrys chiltonae,-19.2,118.683
2335604,2335604,Thysanophrys chiltonae,-18.64583,118.055
2335604,2335604,Thysanophrys chiltonae,-18.84333,117.68417
2335604,2335604,Thysanophrys chiltonae,-18.84916,117.87167
2335604,2335604,Thysanophrys chiltonae,-18.4,118.5
2335604,2335604,Thysanophrys chiltonae,-19.31083,116.75917
2335604,2335604,Thysanophrys chiltonae,-19.16333,116.93083
2335604,2335604,Thysanophrys chiltonae,-18.74667,118.095
2335604,2335604,Thysanophrys chiltonae,-19.63,116.49
2335604,2335604,Thysanophrys chiltonae,-19.33,116.62
2335604,2335604,Thysanophrys chiltonae,-17.26667,119.36667
2335604,2335604,Thysanophrys chiltonae,-17.3,119.36667
2335604,2335604,Thysanophrys chiltonae,-17.3,119.36667
2335604,2335604,Thysanophrys chiltonae,-28.48333,113.76667
2335604,2335604,Thysanophrys chiltonae,-17.3,119.36667
