requested_taxonKey,record_taxonKey,species_name,decimalLatitude,decimalLongitude
2335758,2335758,Onigocia pedimacula,-27.38889,153.58028
2335758,2335758,Onigocia pedimacula,-27.38889,153.58028
2335758,2335758,Onigocia pedimacula,-27.38889,153.58028
2335758,2335758,Onigocia pedimacula,-19.267,118.833
2335758,2335758,Onigocia pedimacula,-20.25,116.033
2335758,2335758,Onigocia pedimacula,-19.975,116.308
2335758,2335758,Onigocia pedimacula,-32.05,115.73333
2335758,2335758,Onigocia pedimacula,-15.839167,121.522222
