requested_taxonKey,record_taxonKey,species_name,decimalLatitude,decimalLongitude
2335676,10141653,Rogadius pristiger,-20.1176,116.2711
2335676,2335676,Rogadius pristiger,-20.193667,116.454167
2335676,2335676,Rogadius pristiger,-20.193667,116.454167
2335676,10141653,Rogadius pristiger,-20.0653,115.5369
2335676,2335676,Rogadius pristiger,-20.109167,115.899333
2335676,2335676,Rogadius pristiger,-20.109167,115.899333
2335676,2335676,Rogadius pristiger,-19.473333,117.868333
2335676,2335676,Rogadius pristiger,-19.473333,117.868333
2335676,2335676,Rogadius pristiger,-19.916667,117.013333
2335676,2335676,Rogadius pristiger,-19.916667,117.013333
2335676,2335676,Rogadius pristiger,-19.2,118.683
2335676,2335676,Rogadius pristiger,-19.033,118.5
2335676,2335676,Rogadius pristiger,-19.086667,118.96
2335676,2335676,Rogadius pristiger,-19.086667,118.96
2335676,2335676,Rogadius pristiger,-19.883333,117.016667
2335676,2335676,Rogadius pristiger,-19.017,119.417
2335676,2335676,Rogadius pristiger,-19.883333,117.016667
2335676,2335676,Rogadius pristiger,-20.016667,116.95
2335676,2335676,Rogadius pristiger,-19.97,117.07
2335676,2335676,Rogadius pristiger,-20.016667,116.95
2335676,2335676,Rogadius pristiger,-20.133333,116.16
2335676,2335676,Rogadius pristiger,-20.133333,116.16
2335676,2335676,Rogadius pristiger,-19.95,117.7
2335676,2335676,Rogadius pristiger,-18.988333,118.646667
2335676,2335676,Rogadius pristiger,-18.988333,118.646667
2335676,2335676,Rogadius pristiger,-20.033333,116.116667
2335676,2335676,Rogadius pristiger,-20.033333,116.116667
2335676,2335676,Rogadius pristiger,-20.033333,116.116667
2335676,2335676,Rogadius pristiger,-20.033333,116.116667
2335676,2335676,Rogadius pristiger,-20.8,116
2335676,2335676,Rogadius pristiger,-20.8,116
2335676,2335676,Rogadius pristiger,-20.8,116
2335676,2335676,Rogadius pristiger,-20.8,116
2335676,2335676,Rogadius pristiger,-20.374722,116.598889
2335676,2335676,Rogadius pristiger,-22.141944,113.934722
