requested_taxonKey,record_taxonKey,species_name,decimalLatitude,decimalLongitude
2335262,2335262,Neocentropogon aeglefinus,-22.074333,113.814
2335262,2335262,Neocentropogon aeglefinus,-21.986167,113.82
2335262,2335262,Neocentropogon aeglefinus,-21.978167,113.837
2335262,2335262,Neocentropogon aeglefinus,-21.978333,113.82
2335262,2335262,Neocentropogon aeglefinus,-22.074333,113.814
2335262,2335262,Neocentropogon aeglefinus,-21.986167,113.82
2335262,2335262,Neocentropogon aeglefinus,-21.978167,113.837
2335262,2335262,Neocentropogon aeglefinus,-21.978333,113.82
2335262,2335262,Neocentropogon aeglefinus,-18.87166,117.95667
2335262,2335262,Neocentropogon aeglefinus,-18.87417,118.0575
2335262,2335262,Neocentropogon aeglefinus,-19.2625,117.36084
2335262,2335262,Neocentropogon aeglefinus,-19.09083,117.74084
2335262,2335262,Neocentropogon aeglefinus,-18.605,118.5
2335262,2335262,Neocentropogon aeglefinus,-19.20583,116.90833
2335262,2335262,Neocentropogon aeglefinus,-33.125,151.75
2335262,2335262,Neocentropogon aeglefinus,-19.055,117.36
2335262,2335262,Neocentropogon aeglefinus,-19.05,117.366667
2335262,2335262,Neocentropogon aeglefinus,-19.0575,117.37167
2335262,2335262,Neocentropogon aeglefinus,-19.07416,117.42667
2335262,2335262,Neocentropogon aeglefinus,-19.055,117.36
2335262,2335262,Neocentropogon aeglefinus,-18.85,117.965
2335262,2335262,Neocentropogon aeglefinus,-32.9,152
2335262,2335262,Neocentropogon aeglefinus,-19.1775,117.52167
2335262,2335262,Neocentropogon aeglefinus,-18.53333,118.49083
2335262,2335262,Neocentropogon aeglefinus,-19.20916,117.26
2335262,2335262,Neocentropogon aeglefinus,-18.72333,118.12917
2335262,2335262,Neocentropogon aeglefinus,-18.80833,117.94083
2335262,2335262,Neocentropogon aeglefinus,-18.79166,117.85833
2335262,2335262,Neocentropogon aeglefinus,-18.67333,118.3625
2335262,2335262,Neocentropogon aeglefinus,-18.61833,118.32834
2335262,2335262,Neocentropogon aeglefinus,-18.4375,118.76083
2335262,2335262,Neocentropogon aeglefinus,-19.67083,115.59
2335262,2335262,Neocentropogon aeglefinus,-20.095,115.14833
2335262,2335262,Neocentropogon aeglefinus,-19.60916,116.17334
2335262,2335262,Neocentropogon aeglefinus,-18.82083,117.86167
2335262,2335262,Neocentropogon aeglefinus,-19.18333,117.6025
2335262,2335262,Neocentropogon aeglefinus,-19.173333,117.605
2335262,2335262,Neocentropogon aeglefinus,-19.173333,117.605
2335262,2335262,Neocentropogon aeglefinus,-19.02083,117.54334
2335262,2335262,Neocentropogon aeglefinus,-19.375,116.4175
2335262,2335262,Neocentropogon aeglefinus,-19.45667,117.085
2335262,2335262,Neocentropogon aeglefinus,-18.8375,117.94583
2335262,2335262,Neocentropogon aeglefinus,-18.78,118.2025
2335262,2335262,Neocentropogon aeglefinus,-19.27416,116.70417
2335262,2335262,Neocentropogon aeglefinus,-19.01917,117.77834
2335262,2335262,Neocentropogon aeglefinus,-19.10583,117.6575
2335262,2335262,Neocentropogon aeglefinus,-18.75166,118.23833
2335262,2335262,Neocentropogon aeglefinus,-19.07667,117.49584
2335262,2335262,Neocentropogon aeglefinus,-19.09416,117.50833
2335262,2335262,Neocentropogon aeglefinus,-19.275,116.6625
2335262,2335262,Neocentropogon aeglefinus,-18.99416,117.81583
2335262,2335262,Neocentropogon aeglefinus,-18.501667,118.603333
2335262,2335262,Neocentropogon aeglefinus,-18.50833,118.60834
2335262,2335262,Neocentropogon aeglefinus,-18.501667,118.603333
2335262,2335262,Neocentropogon aeglefinus,-18.5975,118.25167
2335262,2335262,Neocentropogon aeglefinus,-18.53833,118.51584
2335262,2335262,Neocentropogon aeglefinus,-19.566667,116.15
2335262,2335262,Neocentropogon aeglefinus,-19.566667,116.15
2335262,2335262,Neocentropogon aeglefinus,-32.9,151.975
2335262,2335262,Neocentropogon aeglefinus,-32.883335,151.99167
2335262,2335262,Neocentropogon aeglefinus,-32.9,151.99167
