requested_taxonKey,record_taxonKey,species_name,decimalLatitude,decimalLongitude
2335153,2335153,Liocranium praepositum,-20.4065,115.865
2335153,2335153,Liocranium praepositum,-20.3447,115.7708
2335153,2335153,Liocranium praepositum,-20.41007,116.52891
2335153,2335153,Liocranium praepositum,-27.4,153.433333
2335153,2335153,Liocranium praepositum,-27.4,153.433333
2335153,2335153,Liocranium praepositum,-20.068333,118.251667
2335153,2335153,Liocranium praepositum,-20.068333,118.251667
2335153,2335153,Liocranium praepositum,-19.458334,118.01667
2335153,2335153,Liocranium praepositum,-27.583334,153.45
2335153,2335153,Liocranium praepositum,-27.25,153.35
2335153,2335157,Liocranium praepositum,-27.25,153
2335153,2335153,Liocranium praepositum,-27.216667,153.25
2335153,2335153,Liocranium praepositum,-22,114
2335153,2335159,Liocranium praepositum,-27.389026,153.301373
2335153,2335153,Liocranium praepositum,-17.983334,122.183334
2335153,2335153,Liocranium praepositum,-17.48333,121.86667
2335153,2335153,Liocranium praepositum,-21.95,114.2
2335153,2335153,Liocranium praepositum,-16.58333,121.51667
2335153,2335153,Liocranium praepositum,-19.5,118.86667
2335153,2335153,Liocranium praepositum,-19.51667,118.81667
2335153,2335153,Liocranium praepositum,-19.48333,118.86667
2335153,2335153,Liocranium praepositum,-19.48333,118.86667
2335153,2335153,Liocranium praepositum,-19.46667,118.91667
2335153,2335153,Liocranium praepositum,-20.583333,116.583333
2335153,2335153,Liocranium praepositum,-20.369167,116.877778
2335153,2335153,Liocranium praepositum,-20.410278,117.089444
2335153,2335153,Liocranium praepositum,-20.615,116.593889
2335153,2335153,Liocranium praepositum,-20.600833,116.468611
2335153,2335153,Liocranium praepositum,-20.619444,116.360833
2335153,2335153,Liocranium praepositum,-20.6925,116.555833
2335153,2335153,Liocranium praepositum,-20.537778,116.569444
2335153,2335153,Liocranium praepositum,-18.93333,120.95
2335153,2335153,Liocranium praepositum,-22.08333,114.25
2335153,2335153,Liocranium praepositum,-22.08333,114.25
2335153,2335153,Liocranium praepositum,-20.03333,118.81667
2335153,2335153,Liocranium praepositum,-16.13333,123.6
2335153,2335153,Liocranium praepositum,-27.166667,153.083333
2335153,2335153,Liocranium praepositum,-27.25,153.25
2335153,2335153,Liocranium praepositum,-27.333333,153.233333
2335153,2335153,Liocranium praepositum,-27.333333,153.233333
2335153,2335153,Liocranium praepositum,-26.81667,131.38333
2335153,2335153,Liocranium praepositum,-27.312395,153.344665
