requested_taxonKey,record_taxonKey,species_name,decimalLatitude,decimalLongitude
2335648,2335648,Sunagocia otaitensis,-22.102929,113.8797
2335648,2335648,Sunagocia otaitensis,-22.131722,113.877153
2335648,2335648,Sunagocia otaitensis,-32.7141,152.149
2335648,2335658,Sunagocia otaitensis,-21.534722,114.753056
2335648,2335658,Sunagocia otaitensis,-21.6,114.510556
2335648,2335658,Sunagocia otaitensis,-21.2775,115.010278
2335648,2335648,Sunagocia otaitensis,-17.333,119.333
2335648,2335648,Sunagocia otaitensis,-10.48333,105.66667
2335648,2335648,Sunagocia otaitensis,-10.48333,105.66667
2335648,2335648,Sunagocia otaitensis,-10.48333,105.66667
2335648,2335648,Sunagocia otaitensis,-21.95,113.91667
2335648,2335648,Sunagocia otaitensis,-17.3,119.36667
2335648,2335648,Sunagocia otaitensis,-17.3,119.36667
2335648,2335648,Sunagocia otaitensis,-10.43333,105.66667
2335648,2335648,Sunagocia otaitensis,-10.45,105.65
2335648,2335648,Sunagocia otaitensis,-22.33333,113.85
2335648,2335648,Sunagocia otaitensis,-12.11667,96.83333
2335648,2335648,Sunagocia otaitensis,-11.83333,96.81667
