requested_taxonKey,record_taxonKey,species_name,decimalLatitude,decimalLongitude
2335667,2335667,Rogadius patriciae,-20.059167,116.356167
2335667,10146042,Rogadius patriciae,-20.07067,116.332
2335667,2335667,Rogadius patriciae,-20.059167,116.356167
2335667,2335667,Rogadius patriciae,-20.0478,116.381
2335667,2335667,Rogadius patriciae,-20.0478,116.381
2335667,2335667,Rogadius patriciae,-20.059167,116.356167
2335667,2335667,Rogadius patriciae,-20.059167,116.356167
2335667,2335667,Rogadius patriciae,-19.995,117.05417
2335667,2335667,Rogadius patriciae,-19.38833,118.16417
2335667,2335667,Rogadius patriciae,-20.09,115.55334
2335667,2335667,Rogadius patriciae,-19.2425,118.67417
2335667,2335667,Rogadius patriciae,-19.19583,118.54667
2335667,2335667,Rogadius patriciae,-20.033,117.058
2335667,2335667,Rogadius patriciae,-20.375,116.433
2335667,2335667,Rogadius patriciae,-19.75833,117.48167
2335667,2335667,Rogadius patriciae,-20.37666,116.43417
2335667,2335667,Rogadius patriciae,-19.753333,117.47
2335667,2335667,Rogadius patriciae,-19.916667,117.013333
2335667,2335667,Rogadius patriciae,-19.753333,117.47
2335667,2335667,Rogadius patriciae,-19.916667,117.013333
2335667,2335667,Rogadius patriciae,-19.765,116.51334
2335667,2335667,Rogadius patriciae,-20.19083,117.365
2335667,2335667,Rogadius patriciae,-20.11083,115.7075
2335667,2335667,Rogadius patriciae,-20.27416,115.85
2335667,2335667,Rogadius patriciae,-20.23166,116.4475
2335667,2335667,Rogadius patriciae,-20.25167,116.81833
2335667,2335667,Rogadius patriciae,-19.79583,116.45584
2335667,2335667,Rogadius patriciae,-19.033,118.5
2335667,2335667,Rogadius patriciae,-19.2,118.683
2335667,2335667,Rogadius patriciae,-19.2,118.683
2335667,2335667,Rogadius patriciae,-19.333,118.567
2335667,2335667,Rogadius patriciae,-20.36166,116.44667
2335667,2335667,Rogadius patriciae,-20.023333,116.955
2335667,2335667,Rogadius patriciae,-20.023333,116.955
2335667,2335667,Rogadius patriciae,-19.017,119.417
2335667,2335667,Rogadius patriciae,-19.05,119.05
2335667,2335667,Rogadius patriciae,-20.00083,117.5975
2335667,2335667,Rogadius patriciae,-20.26417,116.425
2335667,2335667,Rogadius patriciae,-19.78416,117.00583
2335667,2335667,Rogadius patriciae,-19.05,119.05
2335667,2335667,Rogadius patriciae,-20.167,116.95
2335667,2335667,Rogadius patriciae,-19.2,118.667
2335667,2335667,Rogadius patriciae,-20.01,116.35334
2335667,2335667,Rogadius patriciae,-20.13417,116.81334
2335667,2335667,Rogadius patriciae,-19.72333,117.69084
2335667,2335667,Rogadius patriciae,-20.01916,116.2175
2335667,2335667,Rogadius patriciae,-20.1125,117.34584
2335667,2335667,Rogadius patriciae,-19.83167,117.565
2335667,2335667,Rogadius patriciae,-19.70583,116.83
2335667,2335667,Rogadius patriciae,-19.4,117.93417
2335667,2335667,Rogadius patriciae,-19.70833,116.76083
2335667,2335667,Rogadius patriciae,-19.745,116.535
2335667,2335667,Rogadius patriciae,-20,117.05
2335667,2335667,Rogadius patriciae,-19.98,117.07
2335667,2335667,Rogadius patriciae,-20,116.95
2335667,2335667,Rogadius patriciae,-20,117.05
2335667,2335667,Rogadius patriciae,-20.00166,117.06417
2335667,2335667,Rogadius patriciae,-20.01083,117.035
2335667,2335667,Rogadius patriciae,-19.99416,116.95834
2335667,2335667,Rogadius patriciae,-20.133333,116.16
2335667,2335667,Rogadius patriciae,-20.14833,116.18
2335667,2335667,Rogadius patriciae,-20.133333,116.16
2335667,2335667,Rogadius patriciae,-19.95,117.7
2335667,2335667,Rogadius patriciae,-20.05,115.8
2335667,2335667,Rogadius patriciae,-19.53667,117.22334
2335667,2335667,Rogadius patriciae,-19.655,117.02917
2335667,2335667,Rogadius patriciae,-20.21333,116.42583
2335667,2335667,Rogadius patriciae,-19.9,116.525
2335667,2335667,Rogadius patriciae,-20.15,116.13333
2335667,2335667,Rogadius patriciae,-20.38333,116.26667
2335667,2335667,Rogadius patriciae,-20.38333,116.26667
2335667,2335667,Rogadius patriciae,-19.90833,115.96667
2335667,2335667,Rogadius patriciae,-20.38333,116.28333
2335667,2335667,Rogadius patriciae,-20.38333,116.26667
2335667,2335667,Rogadius patriciae,-20.23333,115.79167
2335667,2335667,Rogadius patriciae,-20.23333,115.9
2335667,2335667,Rogadius patriciae,-19.90833,115.96667
2335667,2335667,Rogadius patriciae,-20.38333,116.26667
2335667,2335667,Rogadius patriciae,-20.38333,116.26667
2335667,2335667,Rogadius patriciae,-19.63,116.49
2335667,2335667,Rogadius patriciae,-40.42,147.58
2335667,2335667,Rogadius patriciae,-20.058332,116.15833
2335667,2335667,Rogadius patriciae,-19.85,116.467
2335667,2335667,Rogadius patriciae,-19.7461,116.033
2335667,2335667,Rogadius patriciae,-20.0511,116.153
2335667,2335667,Rogadius patriciae,-19.966667,116.316667
2335667,2335667,Rogadius patriciae,-19.966667,116.316667
2335667,2335667,Rogadius patriciae,-19.966667,116.316667
2335667,2335667,Rogadius patriciae,-19.95,116.283333
2335667,2335667,Rogadius patriciae,-19.85,116.45
2335667,2335667,Rogadius patriciae,-20.05,116.133333
2335667,2335667,Rogadius patriciae,-19.966667,116.316667
2335667,2335667,Rogadius patriciae,-19.833333,116.466667
2335667,2335667,Rogadius patriciae,-20.05,116.133333
2335667,2335667,Rogadius patriciae,-20.083333,116.016667
2335667,2335667,Rogadius patriciae,-20.083333,116.016667
2335667,2335667,Rogadius patriciae,-19.966667,116.316667
2335667,2335667,Rogadius patriciae,-20.05,115.95
2335667,2335667,Rogadius patriciae,-19.966667,116.316667
2335667,2335667,Rogadius patriciae,-19.966667,116.316667
2335667,2335667,Rogadius patriciae,-19.966667,116.316667
2335667,2335667,Rogadius patriciae,-19.95,116.283333
2335667,2335667,Rogadius patriciae,-19.85,116.45
2335667,2335667,Rogadius patriciae,-20.05,116.133333
2335667,2335667,Rogadius patriciae,-19.966667,116.316667
2335667,2335667,Rogadius patriciae,-19.833333,116.466667
2335667,2335667,Rogadius patriciae,-20.05,116.133333
2335667,2335667,Rogadius patriciae,-20.083333,116.016667
2335667,2335667,Rogadius patriciae,-20.083333,116.016667
2335667,2335667,Rogadius patriciae,-19.966667,116.316667
2335667,2335667,Rogadius patriciae,-20.05,115.95
2335667,2335667,Rogadius patriciae,-18.69166,117.675
2335667,2335667,Rogadius patriciae,-18.89166,117.79167
2335667,2335667,Rogadius patriciae,-19.11667,119.41667
2335667,2335667,Rogadius patriciae,-20.09166,117.09167
2335667,2335667,Rogadius patriciae,-19.625,117.15834
2335667,2335667,Rogadius patriciae,-16.5,122.14167
2335667,2335667,Rogadius patriciae,-17.925,119.56667
2335667,2335667,Rogadius patriciae,-17.68333,121.7
2335667,2335667,Rogadius patriciae,-17.83333,121.86667
2335667,2335667,Rogadius patriciae,-19.05,120.375
2335667,2335667,Rogadius patriciae,-19.23333,118.36667
2335667,2335667,Rogadius patriciae,-20.06667,116.15
