requested_taxonKey,record_taxonKey,species_name,decimalLatitude,decimalLongitude
2335087,2335087,Hoplichthys citrinus,-33.583,151.967
2335087,2335087,Hoplichthys citrinus,-19.05,117.366667
2335087,2335087,Hoplichthys citrinus,-18.233333,118.183333
2335087,2335087,Hoplichthys citrinus,-23.72916,112.595
2335087,2335087,Hoplichthys citrinus,-23.40833,113.075
2335087,2335087,Hoplichthys citrinus,-37.15,150.35
2335087,2335087,Hoplichthys citrinus,-36.017,150.45
2335087,2335087,Hoplichthys citrinus,-36.083,150.417
2335087,2335087,Hoplichthys citrinus,-18.79166,117.85833
2335087,2335087,Hoplichthys citrinus,-19.17,118.98
2335087,2335087,Hoplichthys citrinus,-34.3,151.45
2335087,2335087,Hoplichthys citrinus,-18.466667,118.25
2335087,2335087,Hoplichthys citrinus,-18.4,118.5
2335087,2335087,Hoplichthys citrinus,-17.983334,118.28333
2335087,2335087,Hoplichthys citrinus,-18.68333,117.88334
2335087,2335087,Hoplichthys citrinus,-18.36666,117.91667
2335087,2335087,Hoplichthys citrinus,-19.075,117.3
2335087,2335087,Hoplichthys citrinus,-18.16667,118.31667
2335087,2335087,Hoplichthys citrinus,-18.66667,117.2
2335087,2335087,Hoplichthys citrinus,-19.06667,117.075
2335087,2335087,Hoplichthys citrinus,-18.975,117.50834
2335087,2335087,Hoplichthys citrinus,-18.35,118.43334
2335087,2335087,Hoplichthys citrinus,-18.36667,117.76667
2335087,2335087,Hoplichthys citrinus,-18.575,117.65
2335087,2335087,Hoplichthys citrinus,-18.30833,117.99167
2335087,2335087,Hoplichthys citrinus,-18.90833,117.01667
2335087,2335087,Hoplichthys citrinus,-18.94166,117.33334
2335087,2335087,Hoplichthys citrinus,-41.6,144.4
2335087,2335087,Hoplichthys citrinus,-32.283,153.017
2335087,2335087,Hoplichthys citrinus,-19.95833,115.21667
2335087,2335087,Hoplichthys citrinus,-28.067,153.967
2335087,2335087,Hoplichthys citrinus,-35.45,150.783
2335087,2335087,Hoplichthys citrinus,-30.35,153.4
2335087,2335087,Hoplichthys citrinus,-17.28333,119.95
2335087,2335087,Hoplichthys citrinus,-19.16667,116.76667
2335087,2335087,Hoplichthys citrinus,-18.36667,118.05
2335087,2335087,Hoplichthys citrinus,-18.3,118.13333
2335087,2335087,Hoplichthys citrinus,-15.5,120.96667
2335087,2335087,Hoplichthys citrinus,-21.81667,113.93333
2335087,2335087,Hoplichthys citrinus,-19.1,115.68333
