requested_taxonKey,record_taxonKey,species_name,decimalLatitude,decimalLongitude
2335614,2335614,Thysanophrys cirronasa,-32.686869,152.222447
2335614,2335614,Thysanophrys cirronasa,-32.005206,115.748513
2335614,2335614,Thysanophrys cirronasa,-35.04808,150.744677
2335614,2335614,Thysanophrys cirronasa,-33.831976,151.280843
2335614,2335614,Thysanophrys cirronasa,-33.844093,151.279327
2335614,2335614,Thysanophrys cirronasa,-35.19183,138.469055
2335614,2335614,Thysanophrys cirronasa,-35.16782,138.46553
2335614,2335614,Thysanophrys cirronasa,-35.169716,138.465676
2335614,2335614,Thysanophrys cirronasa,-35.178567,138.466387
2335614,2335614,Thysanophrys cirronasa,-35.193403000000004,138.469375
2335614,2335614,Thysanophrys cirronasa,-35.169151,138.465753
2335614,2335614,Thysanophrys cirronasa,-35.176788,138.466112
2335614,2335614,Thysanophrys cirronasa,-33.799527,151.293683
2335614,2335614,Thysanophrys cirronasa,-32.038661,115.740057
2335614,2335614,Thysanophrys cirronasa,-34.002834,151.226698
2335614,2335614,Thysanophrys cirronasa,-33.800428,151.296627
2335614,2335614,Thysanophrys cirronasa,-33.80038,151.296534
2335614,2335614,Thysanophrys cirronasa,-32.233601,115.65472
2335614,2335614,Thysanophrys cirronasa,-33.800382,151.297572
2335614,2335614,Thysanophrys cirronasa,-33.798356,151.297362
2335614,2335614,Thysanophrys cirronasa,-33.79976,151.295485
2335614,2335614,Thysanophrys cirronasa,-32.00626,115.749627
2335614,2335614,Thysanophrys cirronasa,-31.850405,115.748464
2335614,2335614,Thysanophrys cirronasa,-34.591466,150.900215
2335614,2335614,Thysanophrys cirronasa,-33.798066,151.296909
2335614,2335614,Thysanophrys cirronasa,-33.800845,151.294449
2335614,2335614,Thysanophrys cirronasa,-33.798156,151.297307
2335614,2335614,Thysanophrys cirronasa,-33.993594,122.223614
2335614,2335614,Thysanophrys cirronasa,-31.851614,115.749443
2335614,2335614,Thysanophrys cirronasa,-34.592985,150.885701
2335614,2335614,Thysanophrys cirronasa,-34.002679,151.22609
2335614,2335614,Thysanophrys cirronasa,-34.002582,151.226914
2335614,2335614,Thysanophrys cirronasa,-33.80489,151.303561
2335614,2335614,Thysanophrys cirronasa,-33.839343,151.278541
2335614,2335614,Thysanophrys cirronasa,-31.979368,115.533205
2335614,2335614,Thysanophrys cirronasa,-33.798163,151.295824
2335614,2335614,Thysanophrys cirronasa,-34.96938,138.48053
2335614,2335614,Thysanophrys cirronasa,-33.800101,151.293728
2335614,2335614,Thysanophrys cirronasa,-31.826113,115.73254
2335614,2335614,Thysanophrys cirronasa,-31.825923,115.732681
2335614,2335614,Thysanophrys cirronasa,-33.797433,151.300202
2335614,2335614,Thysanophrys cirronasa,-33.800249,151.294508
2335614,2335614,Thysanophrys cirronasa,-32.007077,115.74919
2335614,2335614,Thysanophrys cirronasa,-33.83036,151.26378
2335614,2335614,Thysanophrys cirronasa,-33.799897,151.293802
2335614,2335614,Thysanophrys cirronasa,-33.979504,151.254226
2335614,2335614,Thysanophrys cirronasa,-34.000517,151.225333
2335614,2335614,Thysanophrys cirronasa,-33.80029,151.294641
2335614,2335614,Thysanophrys cirronasa,-33.799942,151.297189
2335614,2335614,Thysanophrys cirronasa,-35.156361,137.570486
2335614,2335614,Thysanophrys cirronasa,-34.592287,150.899522
2335614,2335614,Thysanophrys cirronasa,-34.002585,151.225848
2335614,2335614,Thysanophrys cirronasa,-34.072346,151.286345
2335614,2335614,Thysanophrys cirronasa,-31.850233,115.749855
2335614,2335614,Thysanophrys cirronasa,-31.849953,115.749324
2335614,2335614,Thysanophrys cirronasa,-34.003098,151.227793
2335614,2335614,Thysanophrys cirronasa,-34.0033,151.228566
2335614,2335614,Thysanophrys cirronasa,-33.800679,151.296822
2335614,2335614,Thysanophrys cirronasa,-33.800625,151.296639
2335614,2335614,Thysanophrys cirronasa,-33.799104,151.296003
2335614,2335614,Thysanophrys cirronasa,-33.800339,151.294853
2335614,2335614,Thysanophrys cirronasa,-33.992166,151.232161
2335614,2335614,Thysanophrys cirronasa,-33.800441,151.295366
2335614,2335614,Thysanophrys cirronasa,-34.000742,151.226488
2335614,2335614,Thysanophrys cirronasa,-33.840685,151.253235
2335614,2335614,Thysanophrys cirronasa,-33.992166,151.232161
2335614,2335614,Thysanophrys cirronasa,-34.592503,150.899109
2335614,2335614,Thysanophrys cirronasa,-32.714448,152.151632
2335614,2335614,Thysanophrys cirronasa,-34.594287,150.901767
2335614,2335614,Thysanophrys cirronasa,-33.916234,151.264402
2335614,2335614,Thysanophrys cirronasa,-33.806008,151.305955
2335614,2335614,Thysanophrys cirronasa,-33.80055,151.297921
2335614,2335614,Thysanophrys cirronasa,-33.839432,151.277648
2335614,2335614,Thysanophrys cirronasa,-33.80055,151.297921
2335614,2335614,Thysanophrys cirronasa,-33.991165,151.231266
2335614,2335614,Thysanophrys cirronasa,-35.585385,137.470678
2335614,2335614,Thysanophrys cirronasa,-35.558048,137.592635
2335614,2335614,Thysanophrys cirronasa,-33.916933,151.235947
2335614,2335614,Thysanophrys cirronasa,-32.714054,152.151785
2335614,2335614,Thysanophrys cirronasa,-33.992128,151.254108
2335614,2335614,Thysanophrys cirronasa,-33.839343,151.278541
2335614,2335614,Thysanophrys cirronasa,-33.992116,151.231191
2335614,2335614,Thysanophrys cirronasa,-33.839432,151.277648
2335614,2335614,Thysanophrys cirronasa,-34.0024,151.225538
2335614,2335614,Thysanophrys cirronasa,-33.839343,151.278541
2335614,2335614,Thysanophrys cirronasa,-32.600475,152.323918
2335614,2335614,Thysanophrys cirronasa,-32.713955,152.150817
2335614,2335614,Thysanophrys cirronasa,-34.002587,151.225163
2335614,2335614,Thysanophrys cirronasa,-34.002401,151.225639
2335614,2335614,Thysanophrys cirronasa,-32.710792,152.158327
2335614,2335614,Thysanophrys cirronasa,-33.799735,151.294294
2335614,2335614,Thysanophrys cirronasa,-34.0024,151.22533
2335614,2335614,Thysanophrys cirronasa,-34.001062,151.22318
2335614,2335614,Thysanophrys cirronasa,-32.714448,152.151632
2335614,2335614,Thysanophrys cirronasa,-34.002724,151.223459
2335614,2335614,Thysanophrys cirronasa,-36.248188,150.225559
2335614,2335614,Thysanophrys cirronasa,-33.800374,151.295332
2335614,2335614,Thysanophrys cirronasa,-35,117.5
2335614,2335614,Thysanophrys cirronasa,-33.08889,151.672469
2335614,2335614,Thysanophrys cirronasa,-34.923992,150.787139
2335614,2335614,Thysanophrys cirronasa,-28.195175,153.576674
2335614,2335614,Thysanophrys cirronasa,-28.195079,153.576591
2335614,2335614,Thysanophrys cirronasa,-34.01159,151.20686
2335614,2335614,Thysanophrys cirronasa,-33.994306,151.270752
2335614,2335614,Thysanophrys cirronasa,-33.799003,151.292768
2335614,2335614,Thysanophrys cirronasa,-32.717605,152.141159
2335614,2335614,Thysanophrys cirronasa,-35.09,150.8
2335614,2335614,Thysanophrys cirronasa,-32.71,152.16
2335614,2335614,Thysanophrys cirronasa,-35.08,150.79
2335614,2335614,Thysanophrys cirronasa,-35.07,150.77
2335614,2335614,Thysanophrys cirronasa,-35.07,150.77
2335614,2335614,Thysanophrys cirronasa,-33.799013,151.292884
2335614,2335614,Thysanophrys cirronasa,-32.713936,152.150959
2335614,2335614,Thysanophrys cirronasa,-32.713918,152.151925
2335614,2335614,Thysanophrys cirronasa,-32.7133,152.1571
2335614,2335614,Thysanophrys cirronasa,-33.800177,151.296898
2335614,2335614,Thysanophrys cirronasa,-32.711678,152.153686
2335614,2335614,Thysanophrys cirronasa,-35.14,138.46
2335614,2335614,Thysanophrys cirronasa,-33.915419,151.272141
2335614,2335614,Thysanophrys cirronasa,-33.085707,151.640113
2335614,2335614,Thysanophrys cirronasa,-32.715,152.151111
2335614,2335614,Thysanophrys cirronasa,-32.714567,152.150424
2335614,2335614,Thysanophrys cirronasa,-33.800177,151.296898
2335614,2335614,Thysanophrys cirronasa,-35.04808,150.744677
2335614,2335614,Thysanophrys cirronasa,-36.24,150.22
2335614,2335614,Thysanophrys cirronasa,-35.12,150.76
2335614,2335614,Thysanophrys cirronasa,-32.71,152.18
2335614,2335614,Thysanophrys cirronasa,-35.07,150.77
2335614,2335614,Thysanophrys cirronasa,-35.424907,138.321102
2335614,2335614,Thysanophrys cirronasa,-32.715,152.151111
2335614,2335614,Thysanophrys cirronasa,-33.804672,151.304923
2335614,2335614,Thysanophrys cirronasa,-33.80055,151.297921
2335614,2335614,Thysanophrys cirronasa,-33.82,151.27
2335614,2335614,Thysanophrys cirronasa,-33.800015,151.29607
2335614,2335614,Thysanophrys cirronasa,-32.1783,152.507
2335614,2335614,Thysanophrys cirronasa,-32.7406,152.1949
2335614,2335614,Thysanophrys cirronasa,-35.449941,137.390023
2335614,2335614,Thysanophrys cirronasa,-33.915667,151.271417
2335614,2335614,Thysanophrys cirronasa,-33.800177,151.296898
2335614,2335614,Thysanophrys cirronasa,-33.83917,151.27905
2335614,2335614,Thysanophrys cirronasa,-35.244167,150.53583
2335614,2335614,Thysanophrys cirronasa,-35.244167,150.53583
2335614,2335614,Thysanophrys cirronasa,-33.8283,151.2657
2335614,2335614,Thysanophrys cirronasa,-33.81,151.31
2335614,2335614,Thysanophrys cirronasa,-33.84,151.29
2335614,2335614,Thysanophrys cirronasa,-32.71,152.18
2335614,2335614,Thysanophrys cirronasa,-32.715,152.151111
2335614,2335614,Thysanophrys cirronasa,-35.0714,150.7724
2335614,2335614,Thysanophrys cirronasa,-35.113,150.7657
2335614,2335614,Thysanophrys cirronasa,-35.12,150.76
2335614,2335614,Thysanophrys cirronasa,-35.07,150.77
2335614,2335614,Thysanophrys cirronasa,-35.07,150.77
2335614,2335614,Thysanophrys cirronasa,-32.71,152.16
2335614,2335614,Thysanophrys cirronasa,-35.11,150.77
2335614,2335614,Thysanophrys cirronasa,-35.09,150.8
2335614,2335614,Thysanophrys cirronasa,-32.7098,152.1592
2335614,2335614,Thysanophrys cirronasa,-32.71,152.16
2335614,2335614,Thysanophrys cirronasa,-35.75,150.26
2335614,2335614,Thysanophrys cirronasa,-30.017431,153.270771
2335614,2335614,Thysanophrys cirronasa,-32.79,152.11
2335614,2335614,Thysanophrys cirronasa,-35.82,150.23
2335614,2335614,Thysanophrys cirronasa,-35.13,150.75
2335614,2335614,Thysanophrys cirronasa,-33.85,151.26
2335614,2335614,Thysanophrys cirronasa,-35.12,150.75
2335614,2335614,Thysanophrys cirronasa,-35.06,150.77
2335614,2335614,Thysanophrys cirronasa,-32.7098,152.1592
2335614,2335614,Thysanophrys cirronasa,-32.71014,152.1595
2335614,2335614,Thysanophrys cirronasa,-33.800177,151.296898
2335614,2335614,Thysanophrys cirronasa,-32.69,152.22
2335614,2335614,Thysanophrys cirronasa,-33.086666,151.67111
2335614,2335614,Thysanophrys cirronasa,-33.09,151.67
2335614,2335614,Thysanophrys cirronasa,-35.7839,150.2346
2335614,2335614,Thysanophrys cirronasa,-35.78389,150.23465
2335614,2335614,Thysanophrys cirronasa,-35.06,150.78
2335614,2335614,Thysanophrys cirronasa,-33.84,151.28
2335614,2335614,Thysanophrys cirronasa,-35.06,150.78
2335614,2335614,Thysanophrys cirronasa,-34.583332,150.86667
2335614,2335614,Thysanophrys cirronasa,-34.583332,150.86667
2335614,2335614,Thysanophrys cirronasa,-34.583332,150.86667
2335614,2335614,Thysanophrys cirronasa,-35.424741,138.318452
2335614,2335614,Thysanophrys cirronasa,-35.12,150.76
2335614,2335614,Thysanophrys cirronasa,-35.08,150.77
2335614,2335614,Thysanophrys cirronasa,-36.24,150.22
2335614,2335614,Thysanophrys cirronasa,-35.366665,150.73334
2335614,2335614,Thysanophrys cirronasa,-35.366665,150.73334
2335614,2335614,Thysanophrys cirronasa,-35.11,150.77
2335614,2335614,Thysanophrys cirronasa,-33.80055,151.297921
2335614,2335614,Thysanophrys cirronasa,-34.86644,137.11565
2335614,2335614,Thysanophrys cirronasa,-35.82,150.23
2335614,2335614,Thysanophrys cirronasa,-33.635,137.61
2335614,2335614,Thysanophrys cirronasa,-33.28333,137.725
2335614,2335614,Thysanophrys cirronasa,-33.15575,137.69382
2335614,2335614,Thysanophrys cirronasa,-33.15575,137.69382
2335614,2335614,Thysanophrys cirronasa,-33.16622,137.64677
2335614,2335614,Thysanophrys cirronasa,-33.635,137.61
2335614,2335614,Thysanophrys cirronasa,-33.28333,137.725
2335614,2335614,Thysanophrys cirronasa,-33.15575,137.69382
2335614,2335614,Thysanophrys cirronasa,-33.16622,137.64677
2335614,2335614,Thysanophrys cirronasa,-33.15575,137.69382
2335614,2335614,Thysanophrys cirronasa,-33.541668,151.37
2335614,2335614,Thysanophrys cirronasa,-33.541668,151.37
2335614,2335614,Thysanophrys cirronasa,-34.002828,151.22615
2335614,2335614,Thysanophrys cirronasa,-33.6228,137.4989
2335614,2335614,Thysanophrys cirronasa,-33.6228,137.4989
2335614,2335614,Thysanophrys cirronasa,-33.6228,137.4989
2335614,2335614,Thysanophrys cirronasa,-33.6228,137.4989
2335614,2335614,Thysanophrys cirronasa,-32.70922,152.159233
2335614,2335614,Thysanophrys cirronasa,-33.991369,151.230955
2335614,2335614,Thysanophrys cirronasa,-33.8308,137.537
2335614,2335614,Thysanophrys cirronasa,-33.8308,137.537
2335614,2335614,Thysanophrys cirronasa,-33.8308,137.537
2335614,2335614,Thysanophrys cirronasa,-33.8308,137.537
2335614,10199266,Thysanophrys cirronasa,-33.831,137.537
2335614,2335614,Thysanophrys cirronasa,-33.83,137.54
2335614,2335614,Thysanophrys cirronasa,-32.598746,152.301707
2335614,2335614,Thysanophrys cirronasa,-33.845554,151.28139
2335614,2335614,Thysanophrys cirronasa,-33.845554,151.28139
2335614,10199266,Thysanophrys cirronasa,-33.84556,151.28139
2335614,2335614,Thysanophrys cirronasa,-33.75,137.5
2335614,2335614,Thysanophrys cirronasa,-33.836388,151.27583
2335614,2335614,Thysanophrys cirronasa,-33.914736,151.26822
2335614,2335614,Thysanophrys cirronasa,-35.103053,134.241604
2335614,2335614,Thysanophrys cirronasa,-34.583332,150.86667
2335614,2335614,Thysanophrys cirronasa,-35.5103,138.2167
2335614,2335614,Thysanophrys cirronasa,-32.4247,133.5356
2335614,2335614,Thysanophrys cirronasa,-32.7417,152.192
2335614,2335614,Thysanophrys cirronasa,-34.5,136.92
2335614,2335614,Thysanophrys cirronasa,-32.501667,126.751667
2335614,2335614,Thysanophrys cirronasa,-32.501667,126.751667
2335614,2335614,Thysanophrys cirronasa,-33.55,115.066666
2335614,2335614,Thysanophrys cirronasa,-32.6,152.31667
2335614,2335614,Thysanophrys cirronasa,-35.116665,150.76666
2335614,2335614,Thysanophrys cirronasa,-36.216667,150.25
2335614,2335614,Thysanophrys cirronasa,-35.016666,150.81667
2335614,2335614,Thysanophrys cirronasa,-33.82,151.26666
2335614,2335614,Thysanophrys cirronasa,-33.733334,151.31667
2335614,2335614,Thysanophrys cirronasa,-33.616665,151.3
2335614,2335614,Thysanophrys cirronasa,-35.35,150.483333
2335614,2335614,Thysanophrys cirronasa,-35.35,150.483333
2335614,2335614,Thysanophrys cirronasa,-34.483334,150.98334
2335614,2335614,Thysanophrys cirronasa,-33.3,151.5
2335614,2335614,Thysanophrys cirronasa,-34,151
2335614,2335614,Thysanophrys cirronasa,-33.766666,151.3
2335614,2335614,Thysanophrys cirronasa,-33.233334,151.6
2335614,2335614,Thysanophrys cirronasa,-34,151.2
2335614,2335614,Thysanophrys cirronasa,-33.8,151.28334
2335614,2335614,Thysanophrys cirronasa,-35.033333,117.88333
2335614,2335614,Thysanophrys cirronasa,-32.216667,152.56667
2335614,2335614,Thysanophrys cirronasa,-33.816666,151.31667
2335614,2335614,Thysanophrys cirronasa,-33.583332,151.33333
2335614,2335614,Thysanophrys cirronasa,-34.97,138.5
2335614,2335614,Thysanophrys cirronasa,-32.116665,115.666664
2335614,2335614,Thysanophrys cirronasa,-32.616665,152.31667
2335614,2335614,Thysanophrys cirronasa,-33.316666,151.41667
2335614,2335614,Thysanophrys cirronasa,-34.333332,150.91667
2335614,2335614,Thysanophrys cirronasa,-33.84611,151.2775
2335614,2335614,Thysanophrys cirronasa,-33.833332,151.28334
2335614,2335614,Thysanophrys cirronasa,-33.933334,151.26666
2335614,2335614,Thysanophrys cirronasa,-33.82,151.26666
2335614,2335614,Thysanophrys cirronasa,-33.853333,151.24861
2335614,2335614,Thysanophrys cirronasa,-33.853333,151.24861
2335614,2335614,Thysanophrys cirronasa,-33.833332,151.26666
2335614,2335614,Thysanophrys cirronasa,-33.85,151.27
2335614,2335614,Thysanophrys cirronasa,-34.05,137.4
2335614,2335614,Thysanophrys cirronasa,-34.97,138.5
2335614,2335614,Thysanophrys cirronasa,-38.8039,137.46190000000001
2335614,5201302,Thysanophrys cirronasa,-33.85365,151.21099
2335614,2335614,Thysanophrys cirronasa,-32.18333,115.71667
2335614,2335614,Thysanophrys cirronasa,-32.3,115.71667
2335614,2335614,Thysanophrys cirronasa,-31.83333,115.75
2335614,2335614,Thysanophrys cirronasa,-31.95,115.85
2335614,2335614,Thysanophrys cirronasa,-31.91667,115.7
2335614,2335614,Thysanophrys cirronasa,-21.65,114.33333
2335614,2335614,Thysanophrys cirronasa,-31.9,115.75
2335614,2335614,Thysanophrys cirronasa,-35.13333,117.63333
2335614,2335614,Thysanophrys cirronasa,-31.78333,115.73333
2335614,2335614,Thysanophrys cirronasa,-32,115.5
2335614,2335614,Thysanophrys cirronasa,-35.05,118.03333
2335614,2335614,Thysanophrys cirronasa,-32,115.33333
2335614,2335614,Thysanophrys cirronasa,-31.8,115.73333
2335614,2335614,Thysanophrys cirronasa,-29.26667,114.91667
2335614,2335614,Thysanophrys cirronasa,-34,122.23333
2335614,2335614,Thysanophrys cirronasa,-34.08333,122.25
2335614,2335614,Thysanophrys cirronasa,-34.31667,115.16667
2335614,2335614,Thysanophrys cirronasa,-31.91667,115.73333
2335614,2335614,Thysanophrys cirronasa,-32.16667,115.63333
2335614,2335614,Thysanophrys cirronasa,-32.05,115.73333
2335614,2335614,Thysanophrys cirronasa,-25.521667,113.449167
2335614,2335614,Thysanophrys cirronasa,-25.428333,113.452222
2335614,2335614,Thysanophrys cirronasa,-32,115.5
2335614,2335614,Thysanophrys cirronasa,-32.05,115.73333
2335614,2335614,Thysanophrys cirronasa,-33.85,151.233333
2335614,2335614,Thysanophrys cirronasa,-34.6,150.9
2335614,2335614,Thysanophrys cirronasa,-25.952246,113.638599
