requested_taxonKey,record_taxonKey,species_name,decimalLatitude,decimalLongitude
2335740,2335740,Ratabulus diversidens,-28.930834,153.72778
2335740,2335740,Ratabulus diversidens,-28.930834,153.72778
2335740,2335740,Ratabulus diversidens,-27.38889,153.58028
2335740,2335740,Ratabulus diversidens,-27.38889,153.58028
2335740,2335740,Ratabulus diversidens,-34.11639,151.22305
2335740,10031000,Ratabulus diversidens,-33.5833,151.383
2335740,2335740,Ratabulus diversidens,-33.58,151.38
2335740,2335740,Ratabulus diversidens,-33.486667,151.536667
2335740,2335740,Ratabulus diversidens,-33.58,151.476667
2335740,2335740,Ratabulus diversidens,-33.55,151.5
2335740,10031000,Ratabulus diversidens,-33.5233,151.512
2335740,2335740,Ratabulus diversidens,-33.52,151.51
2335740,2335740,Ratabulus diversidens,-33.58,151.476667
2335740,2335740,Ratabulus diversidens,-33.486667,151.536667
2335740,2335740,Ratabulus diversidens,-33.367,151.617
2335740,2335740,Ratabulus diversidens,-33.35,151.633
2335740,2335740,Ratabulus diversidens,-33.633,151.467
2335740,2335740,Ratabulus diversidens,-33.333,151.633
2335740,2335740,Ratabulus diversidens,-33.65,151.467
2335740,2335740,Ratabulus diversidens,-33.65,151.467
2335740,2335740,Ratabulus diversidens,-33.317,151.65
2335740,2335740,Ratabulus diversidens,-36.667,150.1
2335740,2335740,Ratabulus diversidens,-36.767,150.133
2335740,2335740,Ratabulus diversidens,-36.567,150.133
2335740,2335740,Ratabulus diversidens,-36.517,150.133
2335740,2335740,Ratabulus diversidens,-36.583,150.15
2335740,2335740,Ratabulus diversidens,-36.567,150.15
2335740,2335740,Ratabulus diversidens,-36.6,150.15
2335740,2335740,Ratabulus diversidens,-36.6,150.15
2335740,2335740,Ratabulus diversidens,-36.617,150.133
2335740,2335740,Ratabulus diversidens,-36.617,150.117
2335740,2335740,Ratabulus diversidens,-36.6,150.133
2335740,2335740,Ratabulus diversidens,-36.6,150.133
2335740,2335740,Ratabulus diversidens,-36.617,150.25
2335740,2335740,Ratabulus diversidens,-36.283,150.3
2335740,2335740,Ratabulus diversidens,-36.3,150.3
2335740,2335740,Ratabulus diversidens,-36.7,150.1
2335740,2335740,Ratabulus diversidens,-36.533,150.167
2335740,2335740,Ratabulus diversidens,-36.733,150.067
2335740,2335740,Ratabulus diversidens,-31.85,152.75
2335740,2335740,Ratabulus diversidens,-33.466667,151.45
2335740,2335740,Ratabulus diversidens,-33.283333,151.58333
2335740,2335740,Ratabulus diversidens,-33.283333,151.58333
2335740,2335740,Ratabulus diversidens,-33.283333,151.58333
2335740,2335740,Ratabulus diversidens,-33.283333,151.58333
2335740,2335740,Ratabulus diversidens,-18.605,118.5
2335740,2335740,Ratabulus diversidens,-38.2978,148.56
2335740,2335740,Ratabulus diversidens,-33.15,151.75
2335740,2335740,Ratabulus diversidens,-33.1,151.767
2335740,2335740,Ratabulus diversidens,-32.883,152
2335740,2335740,Ratabulus diversidens,-32.9,152
2335740,2335740,Ratabulus diversidens,-32.883,152.017
2335740,2335740,Ratabulus diversidens,-32.783,152.217
2335740,2335740,Ratabulus diversidens,-32.75,152.25
2335740,2335740,Ratabulus diversidens,-36.904333,149.967167
2335740,2335740,Ratabulus diversidens,-29.833,153.433
2335740,2335740,Ratabulus diversidens,-29.8,153.45
2335740,2335740,Ratabulus diversidens,-29.833,153.45
2335740,2335740,Ratabulus diversidens,-29.8,153.467
2335740,2335740,Ratabulus diversidens,-29.433,153.567
2335740,2335740,Ratabulus diversidens,-29.4,153.583
2335740,2335740,Ratabulus diversidens,-29.383,153.6
2335740,2335740,Ratabulus diversidens,-29.367,153.583
2335740,2335740,Ratabulus diversidens,-29.25,153.6
2335740,2335740,Ratabulus diversidens,-29.217,153.617
2335740,2335740,Ratabulus diversidens,-29.2,153.633
2335740,2335740,Ratabulus diversidens,-29.25,153.617
2335740,2335740,Ratabulus diversidens,-29.267,153.6
2335740,2335740,Ratabulus diversidens,-29.417,153.567
2335740,2335740,Ratabulus diversidens,-29.417,153.583
2335740,2335740,Ratabulus diversidens,-29.383,153.583
2335740,2335740,Ratabulus diversidens,-29.367,153.583
2335740,2335740,Ratabulus diversidens,-29.45,153.55
2335740,2335740,Ratabulus diversidens,-29.433,153.567
2335740,2335740,Ratabulus diversidens,-29.417,153.617
2335740,2335740,Ratabulus diversidens,-29.467,153.55
2335740,2335740,Ratabulus diversidens,-29.5,153.533
2335740,10031000,Ratabulus diversidens,-29.35,153.6
2335740,2335740,Ratabulus diversidens,-29.383333,153.6
2335740,2335740,Ratabulus diversidens,-29.383333,153.6
2335740,2335740,Ratabulus diversidens,-36.916668,149.95
2335740,2335740,Ratabulus diversidens,-36.904333,149.967167
2335740,2335740,Ratabulus diversidens,-29.383333,153.6
2335740,2335740,Ratabulus diversidens,-29.383333,153.6
2335740,2335740,Ratabulus diversidens,-38.12,147.75
2335740,2335740,Ratabulus diversidens,-38.12,147.75
2335740,2335740,Ratabulus diversidens,-38.116665,147.75
2335740,2335740,Ratabulus diversidens,-27.516667,153.666667
2335740,2335740,Ratabulus diversidens,-32.883,152
2335740,2335740,Ratabulus diversidens,-32.883,151.983
2335740,2335740,Ratabulus diversidens,-32.883,151.983
2335740,2335740,Ratabulus diversidens,-32.883,152.017
2335740,2335740,Ratabulus diversidens,-33.2,151.683
2335740,2335740,Ratabulus diversidens,-33.2,151.683
2335740,2335740,Ratabulus diversidens,-33.2,151.683
2335740,2335740,Ratabulus diversidens,-33.2,151.683
2335740,2335740,Ratabulus diversidens,-32.9,151.983
2335740,2335740,Ratabulus diversidens,-32.933,151.95
2335740,2335740,Ratabulus diversidens,-32.883,151.983
2335740,2335740,Ratabulus diversidens,-33.067,151.767
2335740,2335740,Ratabulus diversidens,-32.9,151.983
2335740,2335740,Ratabulus diversidens,-32.917,151.933
2335740,2335740,Ratabulus diversidens,-32.883,152
2335740,2335740,Ratabulus diversidens,-32.867,152
2335740,2335740,Ratabulus diversidens,-32.75,151.233
2335740,2335740,Ratabulus diversidens,-32.75,151.233
2335740,2335740,Ratabulus diversidens,-29.8,153.45
2335740,2335740,Ratabulus diversidens,-29.8,153.467
2335740,2335740,Ratabulus diversidens,-29.8,153.45
2335740,2335740,Ratabulus diversidens,-29.817,153.433
2335740,2335740,Ratabulus diversidens,-29.367,153.583
2335740,2335740,Ratabulus diversidens,-29.383,153.583
2335740,2335740,Ratabulus diversidens,-29.35,153.567
2335740,2335740,Ratabulus diversidens,-29.4,153.583
2335740,2335740,Ratabulus diversidens,-29.383,153.583
2335740,2335740,Ratabulus diversidens,-29.4,153.55
2335740,2335740,Ratabulus diversidens,-29.4,153.583
2335740,2335740,Ratabulus diversidens,-29.467,153.55
2335740,2335740,Ratabulus diversidens,-29.45,153.55
2335740,2335740,Ratabulus diversidens,-29.383,153.583
2335740,2335740,Ratabulus diversidens,-29.417,153.567
2335740,2335740,Ratabulus diversidens,-29.217,153.533
2335740,2335740,Ratabulus diversidens,-29.567,153.467
2335740,2335740,Ratabulus diversidens,-29.533,153.483
2335740,2335740,Ratabulus diversidens,-29.533,153.483
2335740,2335740,Ratabulus diversidens,-29.517,153.55
2335740,2335740,Ratabulus diversidens,-32.883,152
2335740,2335740,Ratabulus diversidens,-32.9,151.967
2335740,2335740,Ratabulus diversidens,-32.917,151.933
2335740,2335740,Ratabulus diversidens,-32.883,152
2335740,2335740,Ratabulus diversidens,-32.767,152.2
2335740,2335740,Ratabulus diversidens,-32.767,152.217
2335740,2335740,Ratabulus diversidens,-29.8,153.45
2335740,2335740,Ratabulus diversidens,-29.8,153.45
2335740,2335740,Ratabulus diversidens,-29.833,153.433
2335740,2335740,Ratabulus diversidens,-29.25,153.5
2335740,2335740,Ratabulus diversidens,-29.3,153.483
2335740,2335740,Ratabulus diversidens,-29.317,153.483
2335740,2335740,Ratabulus diversidens,-29.417,153.6
2335740,2335740,Ratabulus diversidens,-18.965,117.2225
2335740,2335740,Ratabulus diversidens,-18.88667,117.47584
2335740,2335740,Ratabulus diversidens,-29.383,153.467
2335740,2335740,Ratabulus diversidens,-29.467,153.55
2335740,2335740,Ratabulus diversidens,-29.383,153.5
2335740,2335740,Ratabulus diversidens,-29.383,153.467
2335740,2335740,Ratabulus diversidens,-29.467,153.55
2335740,2335740,Ratabulus diversidens,-29.45,153.6
2335740,2335740,Ratabulus diversidens,-29.45,153.583
2335740,2335740,Ratabulus diversidens,-29.45,153.583
2335740,2335740,Ratabulus diversidens,-29.483,153.55
2335740,2335740,Ratabulus diversidens,-29.167,153.65
2335740,2335740,Ratabulus diversidens,-29.25,153.617
2335740,2335740,Ratabulus diversidens,-29.2,153.633
2335740,2335740,Ratabulus diversidens,-18.65,118.13
2335740,2335740,Ratabulus diversidens,-33.15,151.75
2335740,2335740,Ratabulus diversidens,-33.117,151.767
2335740,2335740,Ratabulus diversidens,-33.117,151.75
2335740,2335740,Ratabulus diversidens,-33.1,151.733
2335740,2335740,Ratabulus diversidens,-32.9,151.967
2335740,2335740,Ratabulus diversidens,-32.917,151.967
2335740,2335740,Ratabulus diversidens,-32.867,152.033
2335740,2335740,Ratabulus diversidens,-32.917,151.95
2335740,2335740,Ratabulus diversidens,-32.9,152
2335740,2335740,Ratabulus diversidens,-32.767,152.233
2335740,2335740,Ratabulus diversidens,-32.733,152.25
2335740,2335740,Ratabulus diversidens,-32.783,152.2
2335740,2335740,Ratabulus diversidens,-32.767,152.233
2335740,2335740,Ratabulus diversidens,-32.867,152.017
2335740,2335740,Ratabulus diversidens,-32.883,152
2335740,2335740,Ratabulus diversidens,-32.883,152.033
2335740,2335740,Ratabulus diversidens,-29.5,153.45
2335740,2335740,Ratabulus diversidens,-29.467,153.55
2335740,2335740,Ratabulus diversidens,-29.433,153.567
2335740,2335740,Ratabulus diversidens,-29.417,153.583
2335740,2335740,Ratabulus diversidens,-29.417,153.567
2335740,2335740,Ratabulus diversidens,-29.8,153.433
2335740,2335740,Ratabulus diversidens,-29.8,153.45
2335740,2335740,Ratabulus diversidens,-29.817,153.45
2335740,2335740,Ratabulus diversidens,-29.817,153.45
2335740,2335740,Ratabulus diversidens,-29.217,153.633
2335740,2335740,Ratabulus diversidens,-29.233,153.617
2335740,2335740,Ratabulus diversidens,-29.217,153.633
2335740,2335740,Ratabulus diversidens,-29.25,153.617
2335740,2335740,Ratabulus diversidens,-29.283,153.583
2335740,2335740,Ratabulus diversidens,-29.433,153.583
2335740,2335740,Ratabulus diversidens,-29.4,153.6
2335740,2335740,Ratabulus diversidens,-29.433,153.567
2335740,2335740,Ratabulus diversidens,-29.433,153.55
2335740,2335740,Ratabulus diversidens,-29.483,153.55
2335740,2335740,Ratabulus diversidens,-29.433,153.567
2335740,2335740,Ratabulus diversidens,-35.217,150.717
2335740,2335740,Ratabulus diversidens,-35.217,150.683
2335740,2335740,Ratabulus diversidens,-36.617,150.067
2335740,2335740,Ratabulus diversidens,-33.05,151.983
2335740,2335740,Ratabulus diversidens,-33.117,151.933
2335740,2335740,Ratabulus diversidens,-33.067,152
2335740,2335740,Ratabulus diversidens,-32.983,152.217
2335740,2335740,Ratabulus diversidens,-32.917,152.283
2335740,2335740,Ratabulus diversidens,-33.017,152.217
2335740,2335740,Ratabulus diversidens,-32.933,152.283
2335740,2335740,Ratabulus diversidens,-35.217,150.683
2335740,2335740,Ratabulus diversidens,-35.2,150.717
2335740,2335740,Ratabulus diversidens,-36.617,150.067
2335740,2335740,Ratabulus diversidens,-33.1,151.933
2335740,2335740,Ratabulus diversidens,-33.017,152
2335740,2335740,Ratabulus diversidens,-33.067,152.017
2335740,2335740,Ratabulus diversidens,-33.067,151.95
2335740,2335740,Ratabulus diversidens,-35.733,150.383
2335740,2335740,Ratabulus diversidens,-35.65,150.433
2335740,2335740,Ratabulus diversidens,-34.3,151.2
2335740,2335740,Ratabulus diversidens,-34.383,151.183
2335740,2335740,Ratabulus diversidens,-34.333,151.2
2335740,2335740,Ratabulus diversidens,-32.983,152.2
2335740,2335740,Ratabulus diversidens,-32.917,152.267
2335740,2335740,Ratabulus diversidens,-32.933,152.283
2335740,2335740,Ratabulus diversidens,-32.983,152.233
2335740,2335740,Ratabulus diversidens,-34.383,151.183
2335740,2335740,Ratabulus diversidens,-34.367,151.183
2335740,2335740,Ratabulus diversidens,-34.267,151.2
2335740,2335740,Ratabulus diversidens,-33.117,151.917
2335740,2335740,Ratabulus diversidens,-33.067,151.967
2335740,2335740,Ratabulus diversidens,-33.05,152
2335740,2335740,Ratabulus diversidens,-33.133,151.917
2335740,2335740,Ratabulus diversidens,-32.95,152.283
2335740,2335740,Ratabulus diversidens,-32.983,152.217
2335740,2335740,Ratabulus diversidens,-32.933,152.283
2335740,2335740,Ratabulus diversidens,-33.017,152.217
2335740,2335740,Ratabulus diversidens,-34.283,151.2
2335740,2335740,Ratabulus diversidens,-34.367,151.183
2335740,2335740,Ratabulus diversidens,-34.267,151.217
2335740,2335740,Ratabulus diversidens,-34.367,151.183
2335740,2335740,Ratabulus diversidens,-35.2,150.7
2335740,2335740,Ratabulus diversidens,-35.683,150.417
2335740,2335740,Ratabulus diversidens,-32.983,152.25
2335740,2335740,Ratabulus diversidens,-32.933,152.283
2335740,2335740,Ratabulus diversidens,-32.917,152.283
2335740,2335740,Ratabulus diversidens,-32.983,152.217
2335740,2335740,Ratabulus diversidens,-34.3,151.2
2335740,2335740,Ratabulus diversidens,-34.367,151.183
2335740,2335740,Ratabulus diversidens,-34.35,151.183
2335740,2335740,Ratabulus diversidens,-34.267,151.217
2335740,2335740,Ratabulus diversidens,-35.633,150.483
2335740,2335740,Ratabulus diversidens,-35.7,150.4
2335740,2335740,Ratabulus diversidens,-35.733,150.4
2335740,2335740,Ratabulus diversidens,-35.633,150.45
2335740,2335740,Ratabulus diversidens,-33.033,151.983
2335740,2335740,Ratabulus diversidens,-33.083,151.917
2335740,2335740,Ratabulus diversidens,-33.1,151.95
2335740,2335740,Ratabulus diversidens,-33.033,152
2335740,2335740,Ratabulus diversidens,-32.967,152.25
2335740,2335740,Ratabulus diversidens,-32.9,152.3
2335740,2335740,Ratabulus diversidens,-32.933,152.3
2335740,2335740,Ratabulus diversidens,-32.983,152.25
2335740,2335740,Ratabulus diversidens,-33.083,151.933
2335740,2335740,Ratabulus diversidens,-33.033,151.983
2335740,2335740,Ratabulus diversidens,-33.033,152
2335740,2335740,Ratabulus diversidens,-33.1,151.933
2335740,2335740,Ratabulus diversidens,-36.667,150.15
2335740,2335740,Ratabulus diversidens,-34.367,151.2
2335740,2335740,Ratabulus diversidens,-33.033,152
2335740,2335740,Ratabulus diversidens,-33.1,151.933
2335740,2335740,Ratabulus diversidens,-35.65,150.433
2335740,2335740,Ratabulus diversidens,-34.367,151.183
2335740,2335740,Ratabulus diversidens,-34.3,151.2
2335740,2335740,Ratabulus diversidens,-32.983,152.233
2335740,2335740,Ratabulus diversidens,-32.95,152.267
2335740,2335740,Ratabulus diversidens,-32.933,152.267
2335740,2335740,Ratabulus diversidens,-33,152.217
2335740,2335740,Ratabulus diversidens,-33.05,151.983
2335740,2335740,Ratabulus diversidens,-33.033,152
2335740,2335740,Ratabulus diversidens,-34.35,151.2
2335740,2335740,Ratabulus diversidens,-34.283,151.217
2335740,2335740,Ratabulus diversidens,-33.1,151.95
2335740,2335740,Ratabulus diversidens,-33.033,152.017
2335740,2335740,Ratabulus diversidens,-32.967,152.233
2335740,2335740,Ratabulus diversidens,-32.917,152.3
2335740,2335740,Ratabulus diversidens,-32.9,152.3
2335740,2335740,Ratabulus diversidens,-32.967,152.25
2335740,2335740,Ratabulus diversidens,-35.217,150.7
2335740,2335740,Ratabulus diversidens,-34.717,151.1
2335740,2335740,Ratabulus diversidens,-35.2,150.683
2335740,2335740,Ratabulus diversidens,-35.217,150.617
2335740,2335740,Ratabulus diversidens,-36.667,150.033
2335740,2335740,Ratabulus diversidens,-36.617,150.067
2335740,2335740,Ratabulus diversidens,-33.083,151.95
2335740,2335740,Ratabulus diversidens,-33.033,151.967
2335740,2335740,Ratabulus diversidens,-33.05,151.95
2335740,2335740,Ratabulus diversidens,-33.05,151.95
2335740,2335740,Ratabulus diversidens,-36.65,150.05
2335740,2335740,Ratabulus diversidens,-36.65,150.15
2335740,2335740,Ratabulus diversidens,-34.3,151.2
2335740,2335740,Ratabulus diversidens,-34.367,151.183
2335740,2335740,Ratabulus diversidens,-34.333,151.2
2335740,2335740,Ratabulus diversidens,-33.083,151.933
2335740,2335740,Ratabulus diversidens,-33.017,152
2335740,2335740,Ratabulus diversidens,-34.35,151.183
2335740,2335740,Ratabulus diversidens,-33.033,152
2335740,2335740,Ratabulus diversidens,-33.05,152.167
2335740,2335740,Ratabulus diversidens,-33.1,151.917
2335740,2335740,Ratabulus diversidens,-32.983,152.233
2335740,2335740,Ratabulus diversidens,-33.05,152.183
2335740,2335740,Ratabulus diversidens,-32.983,152.233
2335740,2335740,Ratabulus diversidens,-32.967,152.233
2335740,2335740,Ratabulus diversidens,-32.917,152.3
2335740,2335740,Ratabulus diversidens,-32.95,152.283
2335740,2335740,Ratabulus diversidens,-33,152.233
2335740,2335740,Ratabulus diversidens,-34.333,151.2
2335740,2335740,Ratabulus diversidens,-34.333,151.2
2335740,2335740,Ratabulus diversidens,-34.333,151.2
2335740,2335740,Ratabulus diversidens,-34.3,151.217
2335740,2335740,Ratabulus diversidens,-35.633,150.45
2335740,2335740,Ratabulus diversidens,-33.1,151.933
2335740,2335740,Ratabulus diversidens,-33.05,151.983
2335740,2335740,Ratabulus diversidens,-33.083,151.933
2335740,2335740,Ratabulus diversidens,-33.017,151.983
2335740,2335740,Ratabulus diversidens,-32.983,152.25
2335740,2335740,Ratabulus diversidens,-32.917,152.3
2335740,2335740,Ratabulus diversidens,-32.933,152.317
2335740,2335740,Ratabulus diversidens,-35.217,150.667
2335740,2335740,Ratabulus diversidens,-32.983,152.25
2335740,2335740,Ratabulus diversidens,-35.2,150.733
2335740,2335740,Ratabulus diversidens,-36.6,150.067
2335740,2335740,Ratabulus diversidens,-36.617,150.067
2335740,2335740,Ratabulus diversidens,-34.333,151.2
2335740,2335740,Ratabulus diversidens,-34.267,151.217
2335740,2335740,Ratabulus diversidens,-34.383,151.183
2335740,2335740,Ratabulus diversidens,-34.3,151.2
2335740,2335740,Ratabulus diversidens,-33.067,151.967
2335740,2335740,Ratabulus diversidens,-33.05,151.983
2335740,2335740,Ratabulus diversidens,-33.017,152.017
2335740,2335740,Ratabulus diversidens,-33.083,151.933
2335740,2335740,Ratabulus diversidens,-35.633,150.45
2335740,2335740,Ratabulus diversidens,-35.667,150.417
2335740,2335740,Ratabulus diversidens,-32.983,152.233
2335740,2335740,Ratabulus diversidens,-32.9,152.3
2335740,2335740,Ratabulus diversidens,-32.917,152.3
2335740,2335740,Ratabulus diversidens,-32.933,152.3
2335740,2335740,Ratabulus diversidens,-34.3,151.2
2335740,2335740,Ratabulus diversidens,-34.383,151.2
2335740,2335740,Ratabulus diversidens,-34.283,151.217
2335740,2335740,Ratabulus diversidens,-34.35,151.183
2335740,2335740,Ratabulus diversidens,-36.633,150.167
2335740,2335740,Ratabulus diversidens,-36.617,150.067
2335740,2335740,Ratabulus diversidens,-33.033,151.967
2335740,2335740,Ratabulus diversidens,-33.1,151.917
2335740,2335740,Ratabulus diversidens,-33.083,151.95
2335740,2335740,Ratabulus diversidens,-33.033,152.017
2335740,2335740,Ratabulus diversidens,-32.917,152.317
2335740,2335740,Ratabulus diversidens,-32.983,152.233
2335740,2335740,Ratabulus diversidens,-32.933,152.283
2335740,2335740,Ratabulus diversidens,-32.983,152.233
2335740,2335740,Ratabulus diversidens,-35.683,150.417
2335740,2335740,Ratabulus diversidens,-36.941667,150.196667
2335740,2335740,Ratabulus diversidens,-36.617,150.05
2335740,2335740,Ratabulus diversidens,-33.033,152
2335740,2335740,Ratabulus diversidens,-33.083,151.95
2335740,2335740,Ratabulus diversidens,-33.017,152.017
2335740,2335740,Ratabulus diversidens,-33.067,151.933
2335740,2335740,Ratabulus diversidens,-32.967,152.233
2335740,2335740,Ratabulus diversidens,-32.933,152.3
2335740,2335740,Ratabulus diversidens,-32.917,152.3
2335740,2335740,Ratabulus diversidens,-32.983,152.25
2335740,2335740,Ratabulus diversidens,-36.617,150.067
2335740,2335740,Ratabulus diversidens,-34.3,151.2
2335740,2335740,Ratabulus diversidens,-34.383,151.183
2335740,2335740,Ratabulus diversidens,-34.367,151.2
2335740,2335740,Ratabulus diversidens,-34.3,151.2
2335740,2335740,Ratabulus diversidens,-36.941667,150.196667
2335740,2335740,Ratabulus diversidens,-34.383,151.2
2335740,2335740,Ratabulus diversidens,-34.367,151.183
2335740,2335740,Ratabulus diversidens,-34.3,151.2
2335740,2335740,Ratabulus diversidens,-32.933,152.3
2335740,2335740,Ratabulus diversidens,-32.983,152.217
2335740,2335740,Ratabulus diversidens,-32.95,152.3
2335740,2335740,Ratabulus diversidens,-33,152.233
2335740,2335740,Ratabulus diversidens,-34.367,151.2
2335740,2335740,Ratabulus diversidens,-34.383,151.183
2335740,2335740,Ratabulus diversidens,-33.1,151.933
2335740,2335740,Ratabulus diversidens,-34.283,151.217
2335740,2335740,Ratabulus diversidens,-33.033,152.017
2335740,2335740,Ratabulus diversidens,-33.083,151.917
2335740,2335740,Ratabulus diversidens,-33.033,151.983
2335740,2335740,Ratabulus diversidens,-35.633,150.45
2335740,2335740,Ratabulus diversidens,-34.383,151.183
2335740,2335740,Ratabulus diversidens,-34.367,151.2
2335740,2335740,Ratabulus diversidens,-34.317,151.2
2335740,2335740,Ratabulus diversidens,-33,152.217
2335740,2335740,Ratabulus diversidens,-32.933,152.283
2335740,2335740,Ratabulus diversidens,-32.917,152.283
2335740,2335740,Ratabulus diversidens,-32.983,152.217
2335740,2335740,Ratabulus diversidens,-33.017,151.983
2335740,2335740,Ratabulus diversidens,-33.1,151.933
2335740,2335740,Ratabulus diversidens,-33.05,152
2335740,2335740,Ratabulus diversidens,-36.7,150.017
2335740,2335740,Ratabulus diversidens,-36.6,150.167
2335740,2335740,Ratabulus diversidens,-30.35,153.4
2335740,2335740,Ratabulus diversidens,-29.417,153.583
2335740,2335740,Ratabulus diversidens,-29.417,153.583
2335740,2335740,Ratabulus diversidens,-29.417,153.583
2335740,2335740,Ratabulus diversidens,-29.417,153.583
2335740,2335740,Ratabulus diversidens,-28.4,153.667
2335740,2335740,Ratabulus diversidens,-28.4,153.667
2335740,2335740,Ratabulus diversidens,-29.417,153.583
2335740,2335740,Ratabulus diversidens,-29.417,153.583
2335740,2335740,Ratabulus diversidens,-29.417,153.583
2335740,2335740,Ratabulus diversidens,-29.417,153.583
2335740,2335740,Ratabulus diversidens,-29.417,153.583
2335740,2335740,Ratabulus diversidens,-29.417,153.583
2335740,2335740,Ratabulus diversidens,-29.417,153.583
2335740,2335740,Ratabulus diversidens,-29.417,153.583
2335740,2335740,Ratabulus diversidens,-29.417,153.583
2335740,2335740,Ratabulus diversidens,-29.417,153.583
2335740,2335740,Ratabulus diversidens,-32.917,151.983
2335740,2335740,Ratabulus diversidens,-32.917,151.983
2335740,2335740,Ratabulus diversidens,-32.917,151.983
2335740,2335740,Ratabulus diversidens,-32.917,151.983
2335740,2335740,Ratabulus diversidens,-32.917,151.983
2335740,2335740,Ratabulus diversidens,-32.917,151.983
2335740,2335740,Ratabulus diversidens,-32.917,151.983
2335740,2335740,Ratabulus diversidens,-32.917,151.983
2335740,2335740,Ratabulus diversidens,-32.917,151.983
2335740,2335740,Ratabulus diversidens,-32.917,151.983
2335740,2335740,Ratabulus diversidens,-32.917,151.983
2335740,2335740,Ratabulus diversidens,-32.917,151.983
2335740,2335740,Ratabulus diversidens,-31.917,152.85
2335740,2335740,Ratabulus diversidens,-31.917,152.85
2335740,2335740,Ratabulus diversidens,-31.917,152.85
2335740,2335740,Ratabulus diversidens,-31.917,152.85
2335740,2335740,Ratabulus diversidens,-31.917,152.85
2335740,2335740,Ratabulus diversidens,-31.917,152.85
2335740,2335740,Ratabulus diversidens,-31.917,152.85
2335740,2335740,Ratabulus diversidens,-31.917,152.85
2335740,2335740,Ratabulus diversidens,-31.917,152.85
2335740,2335740,Ratabulus diversidens,-31.917,152.85
2335740,2335740,Ratabulus diversidens,-31.917,152.85
2335740,2335740,Ratabulus diversidens,-31.917,152.85
2335740,2335740,Ratabulus diversidens,-32.3,152.783
2335740,2335740,Ratabulus diversidens,-32.3,152.783
2335740,2335740,Ratabulus diversidens,-32.3,152.783
2335740,2335740,Ratabulus diversidens,-32.3,152.783
2335740,2335740,Ratabulus diversidens,-33.05,151.983
2335740,2335740,Ratabulus diversidens,-33.05,151.983
2335740,2335740,Ratabulus diversidens,-33.05,151.983
2335740,2335740,Ratabulus diversidens,-33.05,151.983
2335740,2335740,Ratabulus diversidens,-32.3,152.783
2335740,2335740,Ratabulus diversidens,-32.3,152.783
2335740,2335740,Ratabulus diversidens,-32.3,152.783
2335740,2335740,Ratabulus diversidens,-32.3,152.783
2335740,2335740,Ratabulus diversidens,-32.3,152.783
2335740,2335740,Ratabulus diversidens,-21.64333,113.97917
2335740,2335740,Ratabulus diversidens,-30.55,153.317
2335740,2335740,Ratabulus diversidens,-29.417,153.583
2335740,2335740,Ratabulus diversidens,-29.417,153.583
2335740,2335740,Ratabulus diversidens,-29.417,153.583
2335740,2335740,Ratabulus diversidens,-29.417,153.583
2335740,2335740,Ratabulus diversidens,-29.417,153.583
2335740,2335740,Ratabulus diversidens,-29.417,153.583
2335740,2335740,Ratabulus diversidens,-29.417,153.583
2335740,2335740,Ratabulus diversidens,-29.417,153.583
2335740,2335740,Ratabulus diversidens,-29.417,153.583
2335740,2335740,Ratabulus diversidens,-29.417,153.583
2335740,2335740,Ratabulus diversidens,-29.417,153.583
2335740,2335740,Ratabulus diversidens,-28.45,153.833
2335740,2335740,Ratabulus diversidens,-28.4,153.667
2335740,2335740,Ratabulus diversidens,-28.4,153.667
2335740,2335740,Ratabulus diversidens,-28.4,153.667
2335740,2335740,Ratabulus diversidens,-28.4,153.667
2335740,2335740,Ratabulus diversidens,-28.4,153.667
2335740,2335740,Ratabulus diversidens,-28.4,153.667
2335740,2335740,Ratabulus diversidens,-28.4,153.667
2335740,2335740,Ratabulus diversidens,-28.4,153.667
2335740,2335740,Ratabulus diversidens,-28.4,153.667
2335740,2335740,Ratabulus diversidens,-28.4,153.667
2335740,2335740,Ratabulus diversidens,-34.416668,152
2335740,2335740,Ratabulus diversidens,-32.917,151.983
2335740,2335740,Ratabulus diversidens,-32.917,151.983
2335740,2335740,Ratabulus diversidens,-32.917,151.983
2335740,2335740,Ratabulus diversidens,-32.917,151.983
2335740,2335740,Ratabulus diversidens,-32.917,151.983
2335740,2335740,Ratabulus diversidens,-32.917,151.983
2335740,2335740,Ratabulus diversidens,-32.917,151.983
2335740,2335740,Ratabulus diversidens,-32.917,151.983
2335740,2335740,Ratabulus diversidens,-32.917,151.983
2335740,2335740,Ratabulus diversidens,-32.917,151.983
2335740,2335740,Ratabulus diversidens,-32.917,151.983
2335740,2335740,Ratabulus diversidens,-31.917,152.85
2335740,2335740,Ratabulus diversidens,-32.267,152.667
2335740,2335740,Ratabulus diversidens,-31.917,152.85
2335740,2335740,Ratabulus diversidens,-31.917,152.85
2335740,2335740,Ratabulus diversidens,-31.917,152.85
2335740,2335740,Ratabulus diversidens,-31.917,152.85
2335740,2335740,Ratabulus diversidens,-31.917,152.85
2335740,2335740,Ratabulus diversidens,-31.917,152.85
2335740,2335740,Ratabulus diversidens,-31.917,152.85
2335740,2335740,Ratabulus diversidens,-31.917,152.85
2335740,2335740,Ratabulus diversidens,-31.917,152.85
2335740,2335740,Ratabulus diversidens,-31.917,152.85
2335740,2335740,Ratabulus diversidens,-31.917,152.85
2335740,2335740,Ratabulus diversidens,-32.933,151.95
2335740,2335740,Ratabulus diversidens,-32.9,151.983
2335740,2335740,Ratabulus diversidens,-32.867,152
2335740,2335740,Ratabulus diversidens,-32.9,151.983
2335740,2335740,Ratabulus diversidens,-32.917,151.967
2335740,2335740,Ratabulus diversidens,-32.917,151.967
2335740,2335740,Ratabulus diversidens,-32.917,151.95
2335740,2335740,Ratabulus diversidens,-32.917,151.95
2335740,2335740,Ratabulus diversidens,-32.95,151.917
2335740,2335740,Ratabulus diversidens,-29.417,153.583
2335740,2335740,Ratabulus diversidens,-29.417,153.583
2335740,2335740,Ratabulus diversidens,-29.417,153.583
2335740,2335740,Ratabulus diversidens,-29.4,153.767
2335740,2335740,Ratabulus diversidens,-29.417,153.583
2335740,2335740,Ratabulus diversidens,-28.4,153.667
2335740,2335740,Ratabulus diversidens,-28.4,153.667
2335740,2335740,Ratabulus diversidens,-28.4,153.667
2335740,2335740,Ratabulus diversidens,-28.4,153.667
2335740,2335740,Ratabulus diversidens,-28.4,153.667
2335740,2335740,Ratabulus diversidens,-28.4,153.667
2335740,2335740,Ratabulus diversidens,-31.917,152.85
2335740,2335740,Ratabulus diversidens,-31.917,152.85
2335740,2335740,Ratabulus diversidens,-31.917,152.85
2335740,2335740,Ratabulus diversidens,-31.917,152.85
2335740,2335740,Ratabulus diversidens,-32.917,151.983
2335740,2335740,Ratabulus diversidens,-32.917,151.983
2335740,2335740,Ratabulus diversidens,-32.917,151.983
2335740,2335740,Ratabulus diversidens,-31.917,152.85
2335740,2335740,Ratabulus diversidens,-31.917,152.85
2335740,2335740,Ratabulus diversidens,-31.917,152.85
2335740,2335740,Ratabulus diversidens,-31.917,152.85
2335740,2335740,Ratabulus diversidens,-31.917,152.85
2335740,2335740,Ratabulus diversidens,-31.917,152.85
2335740,2335740,Ratabulus diversidens,-31.917,152.85
2335740,2335740,Ratabulus diversidens,-31.917,152.85
2335740,2335740,Ratabulus diversidens,-32.917,151.983
2335740,2335740,Ratabulus diversidens,-32.917,151.983
2335740,2335740,Ratabulus diversidens,-32.917,151.983
2335740,2335740,Ratabulus diversidens,-32.917,151.983
2335740,2335740,Ratabulus diversidens,-32.917,151.983
2335740,2335740,Ratabulus diversidens,-32.917,151.983
2335740,2335740,Ratabulus diversidens,-32.917,151.983
2335740,2335740,Ratabulus diversidens,-32.917,151.983
2335740,2335740,Ratabulus diversidens,-28.4,153.667
2335740,2335740,Ratabulus diversidens,-28.383,153.833
2335740,2335740,Ratabulus diversidens,-29.417,153.583
2335740,2335740,Ratabulus diversidens,-29.417,153.583
2335740,2335740,Ratabulus diversidens,-29.417,153.583
2335740,2335740,Ratabulus diversidens,-29.417,153.583
2335740,2335740,Ratabulus diversidens,-29.417,153.583
2335740,2335740,Ratabulus diversidens,-29.417,153.583
2335740,2335740,Ratabulus diversidens,-29.417,153.583
2335740,2335740,Ratabulus diversidens,-29.417,153.583
2335740,2335740,Ratabulus diversidens,-29.417,153.583
2335740,2335740,Ratabulus diversidens,-29.417,153.583
2335740,2335740,Ratabulus diversidens,-31.917,152.85
2335740,2335740,Ratabulus diversidens,-31.917,152.85
2335740,2335740,Ratabulus diversidens,-31.917,152.85
2335740,2335740,Ratabulus diversidens,-31.917,152.85
2335740,2335740,Ratabulus diversidens,-31.917,152.85
2335740,2335740,Ratabulus diversidens,-31.917,152.85
2335740,2335740,Ratabulus diversidens,-31.917,152.85
2335740,2335740,Ratabulus diversidens,-31.917,152.85
2335740,2335740,Ratabulus diversidens,-32.917,151.983
2335740,2335740,Ratabulus diversidens,-32.917,151.983
2335740,2335740,Ratabulus diversidens,-32.917,151.983
2335740,2335740,Ratabulus diversidens,-32.917,151.983
2335740,2335740,Ratabulus diversidens,-32.917,151.983
2335740,2335740,Ratabulus diversidens,-32.917,151.983
2335740,2335740,Ratabulus diversidens,-31.917,152.85
2335740,2335740,Ratabulus diversidens,-31.917,152.85
2335740,2335740,Ratabulus diversidens,-31.917,152.85
2335740,2335740,Ratabulus diversidens,-32.917,151.983
2335740,2335740,Ratabulus diversidens,-32.917,151.983
2335740,2335740,Ratabulus diversidens,-32.917,151.983
2335740,2335740,Ratabulus diversidens,-29.417,153.583
2335740,2335740,Ratabulus diversidens,-29.417,153.583
2335740,2335740,Ratabulus diversidens,-29.417,153.583
2335740,2335740,Ratabulus diversidens,-29.417,153.583
2335740,2335740,Ratabulus diversidens,-28.4,153.667
2335740,2335740,Ratabulus diversidens,-28.4,153.667
2335740,2335740,Ratabulus diversidens,-28.4,153.667
2335740,2335740,Ratabulus diversidens,-28.4,153.667
2335740,2335740,Ratabulus diversidens,-28.4,153.667
2335740,2335740,Ratabulus diversidens,-29.417,153.583
2335740,2335740,Ratabulus diversidens,-29.417,153.583
2335740,2335740,Ratabulus diversidens,-29.417,153.583
2335740,2335740,Ratabulus diversidens,-29.417,153.583
2335740,2335740,Ratabulus diversidens,-29.417,153.583
2335740,2335740,Ratabulus diversidens,-29.417,153.583
2335740,2335740,Ratabulus diversidens,-32.917,151.983
2335740,2335740,Ratabulus diversidens,-32.917,151.983
2335740,2335740,Ratabulus diversidens,-32.917,151.983
2335740,2335740,Ratabulus diversidens,-32.917,151.983
2335740,2335740,Ratabulus diversidens,-32.917,151.983
2335740,2335740,Ratabulus diversidens,-32.917,151.983
2335740,2335740,Ratabulus diversidens,-32.917,151.983
2335740,2335740,Ratabulus diversidens,-32.917,151.983
2335740,2335740,Ratabulus diversidens,-32.917,151.983
2335740,2335740,Ratabulus diversidens,-32.917,151.983
2335740,2335740,Ratabulus diversidens,-32.917,151.983
2335740,2335740,Ratabulus diversidens,-31.917,152.85
2335740,2335740,Ratabulus diversidens,-31.917,152.85
2335740,2335740,Ratabulus diversidens,-31.917,152.85
2335740,2335740,Ratabulus diversidens,-31.917,152.85
2335740,2335740,Ratabulus diversidens,-32.917,151.983
2335740,2335740,Ratabulus diversidens,-31.917,152.85
2335740,2335740,Ratabulus diversidens,-32.917,151.983
2335740,2335740,Ratabulus diversidens,-31.917,152.85
2335740,2335740,Ratabulus diversidens,-31.917,152.85
2335740,2335740,Ratabulus diversidens,-31.917,152.85
2335740,2335740,Ratabulus diversidens,-31.917,152.85
2335740,2335740,Ratabulus diversidens,-31.917,152.85
2335740,2335740,Ratabulus diversidens,-31.917,152.85
2335740,2335740,Ratabulus diversidens,-34.416668,150
2335740,2335740,Ratabulus diversidens,-31.066668,153.11667
2335740,2335740,Ratabulus diversidens,-33.7,151.767
2335740,2335740,Ratabulus diversidens,-33.667,151.8
2335740,2335740,Ratabulus diversidens,-33.567,151.883
2335740,2335740,Ratabulus diversidens,-33.617,151.85
2335740,2335740,Ratabulus diversidens,-33.617,151.85
2335740,2335740,Ratabulus diversidens,-33.5,151.933
2335740,2335740,Ratabulus diversidens,-33.55,151.9
2335740,2335740,Ratabulus diversidens,-33.6,151.867
2335740,2335740,Ratabulus diversidens,-33.55,151.9
2335740,2335740,Ratabulus diversidens,-33.633,151.833
2335740,2335740,Ratabulus diversidens,-33.583,151.867
2335740,2335740,Ratabulus diversidens,-33.6,151.85
2335740,2335740,Ratabulus diversidens,-33.6,151.867
2335740,2335740,Ratabulus diversidens,-33.533,151.917
2335740,2335740,Ratabulus diversidens,-33.533,151.917
2335740,2335740,Ratabulus diversidens,-33.55,151.883
2335740,2335740,Ratabulus diversidens,-33.6,151.85
2335740,2335740,Ratabulus diversidens,-33.6,151.867
2335740,2335740,Ratabulus diversidens,-33.65,151.817
2335740,2335740,Ratabulus diversidens,-33.667,151.783
2335740,2335740,Ratabulus diversidens,-33.6,151.867
2335740,2335740,Ratabulus diversidens,-33.55,151.9
2335740,2335740,Ratabulus diversidens,-33.55,151.883
2335740,2335740,Ratabulus diversidens,-32.883,152.05
2335740,2335740,Ratabulus diversidens,-32.9,151.917
2335740,2335740,Ratabulus diversidens,-32.917,152.217
2335740,2335740,Ratabulus diversidens,-32.95,152.167
2335740,2335740,Ratabulus diversidens,-33.017,152.167
2335740,2335740,Ratabulus diversidens,-33.017,152.217
2335740,2335740,Ratabulus diversidens,-33.05,152.25
2335740,2335740,Ratabulus diversidens,-32.983,152.183
2335740,2335740,Ratabulus diversidens,-32.883,151.95
2335740,2335740,Ratabulus diversidens,-33.017,152.233
2335740,2335740,Ratabulus diversidens,-33.033,152.217
2335740,2335740,Ratabulus diversidens,-29.417,153.583
2335740,2335740,Ratabulus diversidens,-29.417,153.583
2335740,2335740,Ratabulus diversidens,-29.417,153.583
2335740,2335740,Ratabulus diversidens,-28.4,153.667
2335740,2335740,Ratabulus diversidens,-28.4,153.667
2335740,2335740,Ratabulus diversidens,-29.417,153.583
2335740,2335740,Ratabulus diversidens,-28.4,153.667
2335740,2335740,Ratabulus diversidens,-28.4,153.667
2335740,2335740,Ratabulus diversidens,-28.4,153.667
2335740,2335740,Ratabulus diversidens,-28.4,153.667
2335740,2335740,Ratabulus diversidens,-28.4,153.667
2335740,2335740,Ratabulus diversidens,-29.05,153.817
2335740,2335740,Ratabulus diversidens,-29.417,153.583
2335740,2335740,Ratabulus diversidens,-29.417,153.583
2335740,2335740,Ratabulus diversidens,-29.417,153.583
2335740,2335740,Ratabulus diversidens,-29.417,153.583
2335740,2335740,Ratabulus diversidens,-29.417,153.583
2335740,2335740,Ratabulus diversidens,-29.417,153.583
2335740,2335740,Ratabulus diversidens,-29.417,153.583
2335740,2335740,Ratabulus diversidens,-29.417,153.583
2335740,2335740,Ratabulus diversidens,-29.417,153.583
2335740,2335740,Ratabulus diversidens,-30.483,153.35
2335740,2335740,Ratabulus diversidens,-31.917,152.85
2335740,2335740,Ratabulus diversidens,-31.917,152.85
2335740,2335740,Ratabulus diversidens,-31.917,152.85
2335740,2335740,Ratabulus diversidens,-31.917,152.85
2335740,2335740,Ratabulus diversidens,-32.383,152.7
2335740,2335740,Ratabulus diversidens,-31.917,152.85
2335740,2335740,Ratabulus diversidens,-31.917,152.85
2335740,2335740,Ratabulus diversidens,-31.917,152.85
2335740,2335740,Ratabulus diversidens,-31.917,152.85
2335740,2335740,Ratabulus diversidens,-31.917,152.85
2335740,2335740,Ratabulus diversidens,-31.917,152.85
2335740,2335740,Ratabulus diversidens,-31.917,152.85
2335740,2335740,Ratabulus diversidens,-31.917,152.85
2335740,2335740,Ratabulus diversidens,-32.917,151.983
2335740,2335740,Ratabulus diversidens,-32.917,151.983
2335740,2335740,Ratabulus diversidens,-29.417,153.583
2335740,2335740,Ratabulus diversidens,-29.417,153.583
2335740,2335740,Ratabulus diversidens,-29.417,153.583
2335740,2335740,Ratabulus diversidens,-29.417,153.583
2335740,2335740,Ratabulus diversidens,-28.417,153.833
2335740,2335740,Ratabulus diversidens,-28.4,153.667
2335740,2335740,Ratabulus diversidens,-28.4,153.667
2335740,2335740,Ratabulus diversidens,-28.4,153.667
2335740,2335740,Ratabulus diversidens,-28.45,153.85
2335740,2335740,Ratabulus diversidens,-30.367,153.4
2335740,2335740,Ratabulus diversidens,-32.917,151.983
2335740,2335740,Ratabulus diversidens,-32.917,151.983
2335740,2335740,Ratabulus diversidens,-32.917,151.983
2335740,2335740,Ratabulus diversidens,-31.917,152.85
2335740,2335740,Ratabulus diversidens,-31.917,152.85
2335740,2335740,Ratabulus diversidens,-31.917,152.85
2335740,2335740,Ratabulus diversidens,-32.917,151.983
2335740,2335740,Ratabulus diversidens,-32.917,151.983
2335740,2335740,Ratabulus diversidens,-32.917,151.983
2335740,2335740,Ratabulus diversidens,-32.917,151.983
2335740,2335740,Ratabulus diversidens,-31.917,152.85
2335740,2335740,Ratabulus diversidens,-31.917,152.85
2335740,2335740,Ratabulus diversidens,-31.917,152.85
2335740,2335740,Ratabulus diversidens,-31.917,152.85
2335740,2335740,Ratabulus diversidens,-31.917,152.85
2335740,2335740,Ratabulus diversidens,-31.917,152.85
2335740,2335740,Ratabulus diversidens,-20.02916,115.14084
2335740,2335740,Ratabulus diversidens,-33.617,151.483
2335740,2335740,Ratabulus diversidens,-33.567,151.5
2335740,2335740,Ratabulus diversidens,-33.533,151.483
2335740,2335740,Ratabulus diversidens,-33.633,151.467
2335740,2335740,Ratabulus diversidens,-18.835,117.69
2335740,2335740,Ratabulus diversidens,-19.11333,117.1225
2335740,2335740,Ratabulus diversidens,-29.417,153.583
2335740,2335740,Ratabulus diversidens,-29.417,153.583
2335740,2335740,Ratabulus diversidens,-29.417,153.583
2335740,2335740,Ratabulus diversidens,-29.417,153.583
2335740,2335740,Ratabulus diversidens,-32.917,151.983
2335740,2335740,Ratabulus diversidens,-32.917,151.983
2335740,2335740,Ratabulus diversidens,-32.917,151.983
2335740,2335740,Ratabulus diversidens,-32.917,151.983
2335740,2335740,Ratabulus diversidens,-31.917,152.85
2335740,2335740,Ratabulus diversidens,-31.917,152.85
2335740,2335740,Ratabulus diversidens,-31.917,152.85
2335740,2335740,Ratabulus diversidens,-31.917,152.85
2335740,2335740,Ratabulus diversidens,-31.917,152.85
2335740,2335740,Ratabulus diversidens,-31.917,152.85
2335740,2335740,Ratabulus diversidens,-31.917,152.85
2335740,2335740,Ratabulus diversidens,-31.917,152.85
2335740,2335740,Ratabulus diversidens,-31.917,152.85
2335740,2335740,Ratabulus diversidens,-31.917,152.85
2335740,2335740,Ratabulus diversidens,-31.917,152.85
2335740,2335740,Ratabulus diversidens,-31.917,152.85
2335740,2335740,Ratabulus diversidens,-32.917,151.983
2335740,2335740,Ratabulus diversidens,-32.917,151.983
2335740,2335740,Ratabulus diversidens,-32.917,151.983
2335740,2335740,Ratabulus diversidens,-32.917,151.983
2335740,2335740,Ratabulus diversidens,-32.917,151.983
2335740,2335740,Ratabulus diversidens,-32.917,151.983
2335740,2335740,Ratabulus diversidens,-32.917,151.983
2335740,2335740,Ratabulus diversidens,-35.75,150.583
2335740,2335740,Ratabulus diversidens,-18.8675,117.57584
2335740,2335740,Ratabulus diversidens,-19.65,115.6275
2335740,2335740,Ratabulus diversidens,-19.21583,116.8825
2335740,2335740,Ratabulus diversidens,-18.89916,117.535
2335740,2335740,Ratabulus diversidens,-18.7625,117.96833
2335740,2335740,Ratabulus diversidens,-19.105,117.13167
2335740,2335740,Ratabulus diversidens,-33.6,151.5
2335740,2335740,Ratabulus diversidens,-34.85,150.85
2335740,2335740,Ratabulus diversidens,-34.817,150.9
2335740,2335740,Ratabulus diversidens,-34.867,151
2335740,2335740,Ratabulus diversidens,-33.8,151.483
2335740,2335740,Ratabulus diversidens,-32.717,152.383
2335740,2335740,Ratabulus diversidens,-33.183,152.283
2335740,2335740,Ratabulus diversidens,-32.717,152.517
2335740,2335740,Ratabulus diversidens,-32.733,152.317
2335740,2335740,Ratabulus diversidens,-33.3,151.85
2335740,2335740,Ratabulus diversidens,-29.3,153.5
2335740,2335740,Ratabulus diversidens,-29.35,153.6
2335740,2335740,Ratabulus diversidens,-29.517,153.467
2335740,2335740,Ratabulus diversidens,-33.75,151.5
2335740,2335740,Ratabulus diversidens,-32.117,152.733
2335740,2335740,Ratabulus diversidens,-31.867,152.867
2335740,2335740,Ratabulus diversidens,-31.817,152.867
2335740,2335740,Ratabulus diversidens,-32.183,152.717
2335740,2335740,Ratabulus diversidens,-32.4,152.667
2335740,2335740,Ratabulus diversidens,-32.417,152.7
2335740,2335740,Ratabulus diversidens,-32.4,152.7
2335740,2335740,Ratabulus diversidens,-18.83333,117.69834
2335740,2335740,Ratabulus diversidens,-19.14416,116.88917
2335740,2335740,Ratabulus diversidens,-29.817,153.4
2335740,2335740,Ratabulus diversidens,-33.317,152.15
2335740,2335740,Ratabulus diversidens,-33.667,151.417
2335740,2335740,Ratabulus diversidens,-32.733,152.383
2335740,2335740,Ratabulus diversidens,-32.667,152.433
2335740,2335740,Ratabulus diversidens,-32.733,152.317
2335740,2335740,Ratabulus diversidens,-33.8,151.55
2335740,2335740,Ratabulus diversidens,-19.2525,116.66417
2335740,2335740,Ratabulus diversidens,-19.14666,116.98917
2335740,2335740,Ratabulus diversidens,-18.89333,117.73167
2335740,2335740,Ratabulus diversidens,-34.067,151.317
2335740,2335740,Ratabulus diversidens,-29.1,153.583
2335740,2335740,Ratabulus diversidens,-29.9,153.617
2335740,2335740,Ratabulus diversidens,-19.19416,116.7325
2335740,2335740,Ratabulus diversidens,-18.75,117.81
2335740,2335740,Ratabulus diversidens,-18.84916,117.87167
2335740,2335740,Ratabulus diversidens,-19.20666,116.9475
2335740,2335740,Ratabulus diversidens,-32.45,152.9
2335740,2335740,Ratabulus diversidens,-32.45,152.9
2335740,2335740,Ratabulus diversidens,-32.45,152.9
2335740,2335740,Ratabulus diversidens,-32.45,152.9
2335740,2335740,Ratabulus diversidens,-32.45,152.9
2335740,2335740,Ratabulus diversidens,-32.45,152.9
2335740,2335740,Ratabulus diversidens,-32.45,152.9
2335740,2335740,Ratabulus diversidens,-32.45,152.9
2335740,2335740,Ratabulus diversidens,-32.45,152.9
2335740,2335740,Ratabulus diversidens,-32.45,152.9
2335740,2335740,Ratabulus diversidens,-32.45,152.9
2335740,2335740,Ratabulus diversidens,-32.45,152.9
2335740,2335740,Ratabulus diversidens,-32.75,152.367
2335740,2335740,Ratabulus diversidens,-27.733333,153.45
2335740,2335740,Ratabulus diversidens,-33.567,151.883
2335740,2335740,Ratabulus diversidens,-32.683,152.467
2335740,2335740,Ratabulus diversidens,-34.2,151.233
2335740,2335740,Ratabulus diversidens,-33.617,151.65
2335740,2335740,Ratabulus diversidens,-28.2,153.9
2335740,2335740,Ratabulus diversidens,-28.2,154.9
2335740,2335740,Ratabulus diversidens,-28.2,154.9
2335740,2335740,Ratabulus diversidens,-28.2,154.9
2335740,2335740,Ratabulus diversidens,-29.9,153.65
2335740,2335740,Ratabulus diversidens,-29.933,153.6
2335740,2335740,Ratabulus diversidens,-28.2,154.9
2335740,2335740,Ratabulus diversidens,-28.2,154.9
2335740,2335740,Ratabulus diversidens,-34.217,151.217
2335740,2335740,Ratabulus diversidens,-33.567,151.717
2335740,2335740,Ratabulus diversidens,-34.083,151.333
2335740,2335740,Ratabulus diversidens,-32.967,152.25
2335740,2335740,Ratabulus diversidens,-33.067,152
2335740,2335740,Ratabulus diversidens,-34.067,151.367
2335740,2335740,Ratabulus diversidens,-30.433,153.367
2335740,2335740,Ratabulus diversidens,-30.417,153.417
2335740,2335740,Ratabulus diversidens,-30.383,153.4
2335740,2335740,Ratabulus diversidens,-29.85,153.633
2335740,2335740,Ratabulus diversidens,-33.533,151.717
2335740,2335740,Ratabulus diversidens,-33.783,151.617
2335740,2335740,Ratabulus diversidens,-33.6,151.8
2335740,2335740,Ratabulus diversidens,-32.283,152.683
2335740,2335740,Ratabulus diversidens,-33.3,152
2335740,2335740,Ratabulus diversidens,-34.083,151.4
2335740,2335740,Ratabulus diversidens,-34.06,151.41
2335740,2335740,Ratabulus diversidens,-33.85,151.667
2335740,2335740,Ratabulus diversidens,-32.733,152.35
2335740,2335740,Ratabulus diversidens,-32.683,152.767
2335740,2335740,Ratabulus diversidens,-32.691666,152.75833
2335740,2335740,Ratabulus diversidens,-29.8,153.683
2335740,2335740,Ratabulus diversidens,-29.6,153.75
2335740,2335740,Ratabulus diversidens,-31.95,152.95
2335740,2335740,Ratabulus diversidens,-29.533,153.75
2335740,2335740,Ratabulus diversidens,-18.69166,117.675
2335740,2335740,Ratabulus diversidens,-28.3,153.84166
2335740,2335740,Ratabulus diversidens,-28.267,153.833
2335740,2335740,Ratabulus diversidens,-27.933,153.883
2335740,2335740,Ratabulus diversidens,-28.083,153.8
2335740,2335740,Ratabulus diversidens,-28.383,153.85
2335740,2335740,Ratabulus diversidens,-34.033,151.383
2335740,2335740,Ratabulus diversidens,-30.333,153.433
2335740,2335740,Ratabulus diversidens,-32.733,152.333
2335740,2335740,Ratabulus diversidens,-33.3,151.8
2335740,2335740,Ratabulus diversidens,-32.767,152.283
2335740,2335740,Ratabulus diversidens,-32.8,152.267
2335740,2335740,Ratabulus diversidens,-32.717,152.333
2335740,2335740,Ratabulus diversidens,-28.4,153.85
2335740,2335740,Ratabulus diversidens,-33,152.133
2335740,2335740,Ratabulus diversidens,-33.133,151.9
2335740,2335740,Ratabulus diversidens,-32.333,152.983
2335740,2335740,Ratabulus diversidens,-33.15,151.88
2335740,2335740,Ratabulus diversidens,-28.25,153.875
2335740,2335740,Ratabulus diversidens,-29.783,153.65
2335740,2335740,Ratabulus diversidens,-29.833,153.633
2335740,2335740,Ratabulus diversidens,-28.017,153.833
2335740,2335740,Ratabulus diversidens,-28.033,153.833
2335740,2335740,Ratabulus diversidens,-28.133,153.85
2335740,2335740,Ratabulus diversidens,-28.233,153.833
2335740,2335740,Ratabulus diversidens,-28.25,153.883
2335740,2335740,Ratabulus diversidens,-28.683,153.833
2335740,2335740,Ratabulus diversidens,-28.7,153.833
2335740,2335740,Ratabulus diversidens,-28.617,153.833
2335740,2335740,Ratabulus diversidens,-28.567,153.833
2335740,2335740,Ratabulus diversidens,-28.216667,153.86667
2335740,2335740,Ratabulus diversidens,-33.183,152.033
2335740,2335740,Ratabulus diversidens,-33.183,152.033
2335740,2335740,Ratabulus diversidens,-32.3,152.717
2335740,2335740,Ratabulus diversidens,-32.733,152.617
2335740,2335740,Ratabulus diversidens,-32.817,152.383
2335740,2335740,Ratabulus diversidens,-33.033,152
2335740,2335740,Ratabulus diversidens,-30.717,153.267
2335740,2335740,Ratabulus diversidens,-29.733,153.683
2335740,2335740,Ratabulus diversidens,-28.967,153.817
2335740,2335740,Ratabulus diversidens,-28.717,153.85
2335740,2335740,Ratabulus diversidens,-29.283,153.817
2335740,2335740,Ratabulus diversidens,-28.217,153.833
2335740,2335740,Ratabulus diversidens,-27.25,153
2335740,2335740,Ratabulus diversidens,-33.75,151.65
2335740,2335740,Ratabulus diversidens,-32.867,152.567
2335740,2335740,Ratabulus diversidens,-30.333334,153.43333
2335740,2335740,Ratabulus diversidens,-30.35,153.4
2335740,2335740,Ratabulus diversidens,-30.617,153.3
2335740,2335740,Ratabulus diversidens,-30.467,153.35
2335740,2335740,Ratabulus diversidens,-31.05,153.217
2335740,2335740,Ratabulus diversidens,-32.916668,151.78334
2335740,2335740,Ratabulus diversidens,-33.65,151.88333
2335740,2335740,Ratabulus diversidens,-34.1,151.29167
2335740,2335740,Ratabulus diversidens,-29.458334,153.79167
2335740,2335740,Ratabulus diversidens,-29.5,153.8
2335740,2335740,Ratabulus diversidens,-29.5,153.8
2335740,2335740,Ratabulus diversidens,-32.666668,152.25
2335740,2335740,Ratabulus diversidens,-32.666668,152.25
2335740,2335740,Ratabulus diversidens,-32.666668,152.25
2335740,2335740,Ratabulus diversidens,-21.81667,113.93333
