requested_taxonKey,record_taxonKey,species_name,decimalLatitude,decimalLongitude
2335344,2335344,Helicolenus barathri,-39.044339,148.5885
2335344,2335344,Helicolenus barathri,-39.044339,148.5885
2335344,2335344,Helicolenus barathri,-39.315,148.62833
2335344,2335344,Helicolenus barathri,-36.37361,150.335
2335344,2335344,Helicolenus barathri,-39.293888,148.65639
2335344,2335344,Helicolenus barathri,-39.315,148.62833
2335344,2335344,Helicolenus barathri,-36.37361,150.335
2335344,2335344,Helicolenus barathri,-39.07028,148.66
2335344,2335344,Helicolenus barathri,-38.300278,149.02167
2335344,2335344,Helicolenus barathri,-38.300278,149.02167
2335344,2335344,Helicolenus barathri,-39.293888,148.65639
2335344,2335344,Helicolenus barathri,-37.916943,150.04556
2335344,2335344,Helicolenus barathri,-38.20972,149.29834
2335344,2335344,Helicolenus barathri,-38.20972,149.29834
2335344,2335344,Helicolenus barathri,-39.07028,148.66
2335344,2335344,Helicolenus barathri,-34.11639,151.22305
2335344,2335344,Helicolenus barathri,-35.334733,150.747528
2335344,2335344,Helicolenus barathri,-38.0512,140.703108
2335344,2335344,Helicolenus barathri,-33.42485,130.7275
2335344,2335344,Helicolenus barathri,-33.42485,130.7275
2335344,2335344,Helicolenus barathri,-35.0403,134.0725
2335344,2335344,Helicolenus barathri,-35.0403,134.0725
2335344,2335344,Helicolenus barathri,-35.0403,134.0725
2335344,2335344,Helicolenus barathri,-35.044,134.09
2335344,2335344,Helicolenus barathri,-35.044,134.09
2335344,2335344,Helicolenus barathri,-35.044,134.09
2335344,2335344,Helicolenus barathri,-35.044,134.09
2335344,2335344,Helicolenus barathri,-35.044,134.09
2335344,2335344,Helicolenus barathri,-28.65,155.55
2335344,2335344,Helicolenus barathri,-28.65,155.55
2335344,2335344,Helicolenus barathri,-37.431,150.331
2335344,2335344,Helicolenus barathri,-37.431,150.331
2335344,2335344,Helicolenus barathri,-37.431,150.331
2335344,2335344,Helicolenus barathri,-28.24,153.9
2335344,2335344,Helicolenus barathri,-28.24,153.9
2335344,2335344,Helicolenus barathri,-37.41,150.33
2335344,2335344,Helicolenus barathri,-37.41,150.33
2335344,2335344,Helicolenus barathri,-37.431,150.331
2335344,2335344,Helicolenus barathri,-37.431,150.331
2335344,2335344,Helicolenus barathri,-37.431,150.331
2335344,2335344,Helicolenus barathri,-37.6325,139.52917
2335344,2335344,Helicolenus barathri,-37.63222,139.52417
2335344,2335344,Helicolenus barathri,-37.63222,139.52417
2335344,2335344,Helicolenus barathri,-37.63222,139.52417
2335344,2335344,Helicolenus barathri,-37.63222,139.52417
2335344,2335344,Helicolenus barathri,-37.592,139.433
2335344,2335344,Helicolenus barathri,-37.63222,139.52417
2335344,2335344,Helicolenus barathri,-37.63222,139.52417
2335344,2335344,Helicolenus barathri,-37.63222,139.52417
2335344,2335344,Helicolenus barathri,-37.63222,139.52417
2335344,2335344,Helicolenus barathri,-31.7081,115.2961
2335344,2335344,Helicolenus barathri,-31.0125,114.825
2335344,2335344,Helicolenus barathri,-31.0125,114.825
2335344,2335344,Helicolenus barathri,-31.0125,114.825
2335344,2335344,Helicolenus barathri,-31.0125,114.825
2335344,2335344,Helicolenus barathri,-38.1444,149.343
2335344,2335344,Helicolenus barathri,-36.217,150.383
2335344,2335344,Helicolenus barathri,-36.217,150.383
2335344,2335344,Helicolenus barathri,-36.417,150.333
2335344,2335344,Helicolenus barathri,-36.217,150.383
2335344,2335344,Helicolenus barathri,-36.217,150.383
2335344,2335344,Helicolenus barathri,-36.2,150.4
2335344,2335344,Helicolenus barathri,-36.2,150.383
2335344,2335344,Helicolenus barathri,-36.217,150.383
2335344,2335344,Helicolenus barathri,-36.183,150.4
2335344,2335344,Helicolenus barathri,-36.183,150.4
2335344,2335344,Helicolenus barathri,-36.65,150.333
2335344,2335344,Helicolenus barathri,-36.217,150.383
2335344,2335344,Helicolenus barathri,-36.217,150.383
2335344,2335344,Helicolenus barathri,-36.183,150.383
2335344,2335344,Helicolenus barathri,-36.2,150.4
2335344,2335344,Helicolenus barathri,-36.2,150.383
2335344,2335344,Helicolenus barathri,-36.3,150.333
2335344,2335344,Helicolenus barathri,-36.433,150.35
2335344,2335344,Helicolenus barathri,-36.433,150.35
2335344,2335344,Helicolenus barathri,-36.667,150.333
2335344,2335344,Helicolenus barathri,-36.433,150.35
2335344,2335344,Helicolenus barathri,-36.433,150.333
2335344,2335344,Helicolenus barathri,-36.633,150.333
2335344,2335344,Helicolenus barathri,-36.65,150.333
2335344,2335344,Helicolenus barathri,-36.483,150.333
2335344,2335344,Helicolenus barathri,-36.667,150.333
2335344,2335344,Helicolenus barathri,-36.667,150.333
2335344,2335344,Helicolenus barathri,-36.667,150.333
2335344,2335344,Helicolenus barathri,-36.667,150.333
2335344,2335344,Helicolenus barathri,-36.55,150.3
2335344,2335344,Helicolenus barathri,-36.667,150.35
2335344,2335344,Helicolenus barathri,-36.667,150.333
2335344,2335344,Helicolenus barathri,-36.417,150.35
2335344,2335344,Helicolenus barathri,-36.417,150.35
2335344,2335344,Helicolenus barathri,-36.417,150.35
2335344,2335344,Helicolenus barathri,-36.217,150.4
2335344,2335344,Helicolenus barathri,-36.2,150.383
2335344,2335344,Helicolenus barathri,-36.2,150.383
2335344,2335344,Helicolenus barathri,-36.2,150.4
2335344,2335344,Helicolenus barathri,-36.2,150.4
2335344,2335344,Helicolenus barathri,-36.417,150.333
2335344,2335344,Helicolenus barathri,-36.417,150.333
2335344,2335344,Helicolenus barathri,-36.417,150.333
2335344,2335344,Helicolenus barathri,-36.417,150.333
2335344,2335344,Helicolenus barathri,-36.2,150.383
2335344,2335344,Helicolenus barathri,-36.2,150.383
2335344,2335344,Helicolenus barathri,-36.2,150.383
2335344,2335344,Helicolenus barathri,-36.2,150.383
2335344,2335344,Helicolenus barathri,-36.517,150.35
2335344,2335344,Helicolenus barathri,-36.65,150.333
2335344,2335344,Helicolenus barathri,-36.467,150.35
2335344,2335344,Helicolenus barathri,-36.5,150.35
2335344,2335344,Helicolenus barathri,-36.417,150.35
2335344,2335344,Helicolenus barathri,-36.45,150.35
2335344,2335344,Helicolenus barathri,-36.433,150.35
2335344,2335344,Helicolenus barathri,-36.417,150.35
2335344,2335344,Helicolenus barathri,-36.667,150.333
2335344,2335344,Helicolenus barathri,-36.667,150.333
2335344,2335344,Helicolenus barathri,-36.683,150.35
2335344,2335344,Helicolenus barathri,-36.417,150.35
2335344,2335344,Helicolenus barathri,-36.417,150.333
2335344,2335344,Helicolenus barathri,-36.2,150.383
2335344,2335344,Helicolenus barathri,-36.2,150.4
2335344,2335344,Helicolenus barathri,-36.217,150.4
2335344,2335344,Helicolenus barathri,-36.2,150.383
2335344,2335344,Helicolenus barathri,-36.4,150.317
2335344,2335344,Helicolenus barathri,-36.4,150.333
2335344,2335344,Helicolenus barathri,-36.5,150.35
2335344,2335344,Helicolenus barathri,-36.417,150.35
2335344,2335344,Helicolenus barathri,-36.4,150.317
2335344,2335344,Helicolenus barathri,-36.433334,150.33333
2335344,2335344,Helicolenus barathri,-36.217,150.4
2335344,2335344,Helicolenus barathri,-36.167,150.417
2335344,2335344,Helicolenus barathri,-36.2,150.4
2335344,2335344,Helicolenus barathri,-36.233,150.4
2335344,2335344,Helicolenus barathri,-36.183,150.417
2335344,2335344,Helicolenus barathri,-36.233,150.383
2335344,2335344,Helicolenus barathri,-36.2,150.4
2335344,2335344,Helicolenus barathri,-36.25,150.367
2335344,2335344,Helicolenus barathri,-36.433,150.333
2335344,2335344,Helicolenus barathri,-36.433,150.333
2335344,2335344,Helicolenus barathri,-36.433,150.333
2335344,2335344,Helicolenus barathri,-36.433,150.333
2335344,2335344,Helicolenus barathri,-36.217,150.4
2335344,2335344,Helicolenus barathri,-36.217,150.383
2335344,2335344,Helicolenus barathri,-36.417,150.333
2335344,2335344,Helicolenus barathri,-36.433,150.333
2335344,2335344,Helicolenus barathri,-36.467,150.35
2335344,2335344,Helicolenus barathri,-36.433,150.333
2335344,2335344,Helicolenus barathri,-36.433,150.35
2335344,2335344,Helicolenus barathri,-37.667,150.267
2335344,2335344,Helicolenus barathri,-37.7,150.283
2335344,2335344,Helicolenus barathri,-37.717,150.167
2335344,2335344,Helicolenus barathri,-37.667,150.183
2335344,2335344,Helicolenus barathri,-37.683,150.233
2335344,2335344,Helicolenus barathri,-37.667,150.233
2335344,2335344,Helicolenus barathri,-37.717,150.233
2335344,2335344,Helicolenus barathri,-37.133,150.333
2335344,2335344,Helicolenus barathri,-37.633,150.3
2335344,2335344,Helicolenus barathri,-37.533,150.25
2335344,2335344,Helicolenus barathri,-37.667,150.25
2335344,2335344,Helicolenus barathri,-37.2,150.367
2335344,2335344,Helicolenus barathri,-37.733,150.25
2335344,2335344,Helicolenus barathri,-37.667,150.283
2335344,2335344,Helicolenus barathri,-37.183,150.35
2335344,2335344,Helicolenus barathri,-37.233,150.367
2335344,2335344,Helicolenus barathri,-37.683,150.283
2335344,2335344,Helicolenus barathri,-37.65,150.267
2335344,2335344,Helicolenus barathri,-37.533,150.267
2335344,2335344,Helicolenus barathri,-37.667,150.267
2335344,2335344,Helicolenus barathri,-37.733,150.15
2335344,2335344,Helicolenus barathri,-37.683,150.283
2335344,2335344,Helicolenus barathri,-37.633,150.3
2335344,2335344,Helicolenus barathri,-37.65,150.267
2335344,2335344,Helicolenus barathri,-35.533,150.75
2335344,2335344,Helicolenus barathri,-35.617,150.7
2335344,2335344,Helicolenus barathri,-35.583,150.717
2335344,2335344,Helicolenus barathri,-35.583,150.7
2335344,2335344,Helicolenus barathri,-35.583,150.733
2335344,2335344,Helicolenus barathri,-35.583,150.733
2335344,2335344,Helicolenus barathri,-37.948333,150.031667
2335344,2335344,Helicolenus barathri,-38.54666,148.42084
2335344,2335344,Helicolenus barathri,-37.93333,150.0325
2335344,2335344,Helicolenus barathri,-36.83583,150.31583
2335344,2335344,Helicolenus barathri,-36.83583,150.31583
2335344,2335344,Helicolenus barathri,-36.83583,150.31583
2335344,2335344,Helicolenus barathri,-36.83583,150.31583
2335344,2335344,Helicolenus barathri,-36.83583,150.31583
2335344,2335344,Helicolenus barathri,-36.83583,150.31583
2335344,2335344,Helicolenus barathri,-36.83583,150.31583
2335344,2335344,Helicolenus barathri,-36.83583,150.31583
2335344,2335344,Helicolenus barathri,-36.83583,150.31583
2335344,2335344,Helicolenus barathri,-36.83583,150.31583
2335344,2335344,Helicolenus barathri,-36.83583,150.31583
2335344,2335344,Helicolenus barathri,-36.83583,150.31583
2335344,2335344,Helicolenus barathri,-36.83583,150.31583
2335344,2335344,Helicolenus barathri,-36.83583,150.31583
2335344,2335344,Helicolenus barathri,-36.83583,150.31583
2335344,2335344,Helicolenus barathri,-36.83583,150.31583
2335344,2335344,Helicolenus barathri,-36.83583,150.31583
2335344,2335344,Helicolenus barathri,-36.83583,150.31583
2335344,2335344,Helicolenus barathri,-36.83583,150.31583
2335344,2335344,Helicolenus barathri,-36.83583,150.31583
2335344,2335344,Helicolenus barathri,-36.83583,150.31583
2335344,2335344,Helicolenus barathri,-36.83583,150.31583
2335344,2335344,Helicolenus barathri,-36.83583,150.31583
2335344,2335344,Helicolenus barathri,-36.83583,150.31583
2335344,2335344,Helicolenus barathri,-36.83583,150.31583
2335344,2335344,Helicolenus barathri,-36.83583,150.31583
2335344,2335344,Helicolenus barathri,-36.83583,150.31583
2335344,2335344,Helicolenus barathri,-36.83583,150.31583
2335344,2335344,Helicolenus barathri,-36.83583,150.31583
2335344,2335344,Helicolenus barathri,-36.83583,150.31583
2335344,2335344,Helicolenus barathri,-36.83583,150.31583
2335344,2335344,Helicolenus barathri,-36.83583,150.31583
2335344,2335344,Helicolenus barathri,-36.83583,150.31583
2335344,2335344,Helicolenus barathri,-36.83583,150.31583
2335344,2335344,Helicolenus barathri,-36.52,150.29418
2335344,2335344,Helicolenus barathri,-37.40166,150.29333
2335344,2335344,Helicolenus barathri,-37.40166,150.29333
2335344,2335344,Helicolenus barathri,-37.40166,150.29333
2335344,2335344,Helicolenus barathri,-37.40166,150.29333
2335344,2335344,Helicolenus barathri,-37.40166,150.29333
2335344,2335344,Helicolenus barathri,-37.40166,150.29333
2335344,2335344,Helicolenus barathri,-37.40166,150.29333
2335344,2335344,Helicolenus barathri,-37.40166,150.29333
2335344,2335344,Helicolenus barathri,-37.40166,150.29333
2335344,2335344,Helicolenus barathri,-37.40166,150.29333
2335344,2335344,Helicolenus barathri,-37.40166,150.29333
2335344,2335344,Helicolenus barathri,-36.83583,150.31583
2335344,2335344,Helicolenus barathri,-36.83583,150.31583
2335344,2335344,Helicolenus barathri,-36.83583,150.31583
2335344,2335344,Helicolenus barathri,-37.93333,150.0325
2335344,2335344,Helicolenus barathri,-37.93333,150.0325
2335344,2335344,Helicolenus barathri,-37.93333,150.0325
2335344,2335344,Helicolenus barathri,-37.93333,150.0325
2335344,2335344,Helicolenus barathri,-37.93333,150.0325
2335344,2335344,Helicolenus barathri,-37.93333,150.0325
2335344,2335344,Helicolenus barathri,-37.93333,150.0325
2335344,2335344,Helicolenus barathri,-37.93333,150.0325
2335344,2335344,Helicolenus barathri,-37.93333,150.0325
2335344,2335344,Helicolenus barathri,-37.93333,150.0325
2335344,2335344,Helicolenus barathri,-36.83583,150.31583
2335344,2335344,Helicolenus barathri,-36.83583,150.31583
2335344,2335344,Helicolenus barathri,-36.83583,150.31583
2335344,2335344,Helicolenus barathri,-36.83583,150.31583
2335344,2335344,Helicolenus barathri,-36.83583,150.31583
2335344,2335344,Helicolenus barathri,-36.83583,150.31583
2335344,2335344,Helicolenus barathri,-36.83583,150.31583
2335344,2335344,Helicolenus barathri,-36.83583,150.31583
2335344,2335344,Helicolenus barathri,-36.83583,150.31583
2335344,2335344,Helicolenus barathri,-37.93333,150.0325
2335344,2335344,Helicolenus barathri,-37.93333,150.0325
2335344,2335344,Helicolenus barathri,-37.40166,150.29333
2335344,2335344,Helicolenus barathri,-37.40166,150.29333
2335344,2335344,Helicolenus barathri,-37.40166,150.29333
2335344,2335344,Helicolenus barathri,-37.40166,150.29333
2335344,2335344,Helicolenus barathri,-37.40166,150.29333
2335344,2335344,Helicolenus barathri,-37.40166,150.29333
2335344,2335344,Helicolenus barathri,-37.40166,150.29333
2335344,2335344,Helicolenus barathri,-37.40166,150.29333
2335344,2335344,Helicolenus barathri,-37.40166,150.29333
2335344,2335344,Helicolenus barathri,-37.40166,150.29333
2335344,2335344,Helicolenus barathri,-37.40166,150.29333
2335344,2335344,Helicolenus barathri,-37.40166,150.29333
2335344,2335344,Helicolenus barathri,-37.40166,150.29333
2335344,2335344,Helicolenus barathri,-37.40166,150.29333
2335344,2335344,Helicolenus barathri,-37.40166,150.29333
2335344,2335344,Helicolenus barathri,-37.40166,150.29333
2335344,2335344,Helicolenus barathri,-37.40166,150.29333
2335344,2335344,Helicolenus barathri,-37.40166,150.29333
2335344,2335344,Helicolenus barathri,-37.40166,150.29333
2335344,2335344,Helicolenus barathri,-37.40166,150.29333
2335344,2335344,Helicolenus barathri,-37.40166,150.29333
2335344,2335344,Helicolenus barathri,-37.93333,150.0325
2335344,2335344,Helicolenus barathri,-37.93333,150.0325
2335344,2335344,Helicolenus barathri,-37.93333,150.0325
2335344,2335344,Helicolenus barathri,-37.93333,150.0325
2335344,2335344,Helicolenus barathri,-37.93333,150.0325
2335344,2335344,Helicolenus barathri,-37.93333,150.0325
2335344,2335344,Helicolenus barathri,-37.93333,150.0325
2335344,2335344,Helicolenus barathri,-37.93333,150.0325
2335344,2335344,Helicolenus barathri,-37.93333,150.0325
2335344,2335344,Helicolenus barathri,-37.93333,150.0325
2335344,2335344,Helicolenus barathri,-37.93333,150.0325
2335344,2335344,Helicolenus barathri,-37.93333,150.0325
2335344,2335344,Helicolenus barathri,-37.93333,150.0325
2335344,2335344,Helicolenus barathri,-37.93333,150.0325
2335344,2335344,Helicolenus barathri,-37.93333,150.0325
2335344,2335344,Helicolenus barathri,-37.93333,150.0325
2335344,2335344,Helicolenus barathri,-37.93333,150.0325
2335344,2335344,Helicolenus barathri,-37.93333,150.0325
2335344,2335344,Helicolenus barathri,-37.93333,150.0325
2335344,2335344,Helicolenus barathri,-37.93333,150.0325
2335344,2335344,Helicolenus barathri,-37.93333,150.0325
2335344,2335344,Helicolenus barathri,-37.93333,150.0325
2335344,2335344,Helicolenus barathri,-37.93333,150.0325
2335344,2335344,Helicolenus barathri,-37.93333,150.0325
2335344,2335344,Helicolenus barathri,-37.93333,150.0325
2335344,2335344,Helicolenus barathri,-37.93333,150.0325
2335344,2335344,Helicolenus barathri,-37.93333,150.0325
2335344,2335344,Helicolenus barathri,-37.93333,150.0325
2335344,2335344,Helicolenus barathri,-37.93333,150.0325
2335344,2335344,Helicolenus barathri,-37.93333,150.0325
2335344,2335344,Helicolenus barathri,-37.93333,150.0325
2335344,2335344,Helicolenus barathri,-37.93333,150.0325
2335344,2335344,Helicolenus barathri,-37.93333,150.0325
2335344,2335344,Helicolenus barathri,-37.93333,150.0325
2335344,2335344,Helicolenus barathri,-37.93333,150.0325
2335344,2335344,Helicolenus barathri,-37.93333,150.0325
2335344,2335344,Helicolenus barathri,-37.93333,150.0325
2335344,2335344,Helicolenus barathri,-37.93333,150.0325
2335344,2335344,Helicolenus barathri,-36.85833,150.30833
2335344,2335344,Helicolenus barathri,-36.85833,150.30833
2335344,2335344,Helicolenus barathri,-36.85833,150.30833
2335344,2335344,Helicolenus barathri,-36.85833,150.30833
2335344,2335344,Helicolenus barathri,-37.94833,150.03166
2335344,2335344,Helicolenus barathri,-36.85833,150.30833
2335344,2335344,Helicolenus barathri,-36.85833,150.30833
2335344,2335344,Helicolenus barathri,-37.39166,150.29833
2335344,2335344,Helicolenus barathri,-36.85833,150.30833
2335344,2335344,Helicolenus barathri,-37.39166,150.29833
2335344,2335344,Helicolenus barathri,-36.85833,150.30833
2335344,2335344,Helicolenus barathri,-36.85833,150.30833
2335344,2335344,Helicolenus barathri,-37.39166,150.29833
2335344,2335344,Helicolenus barathri,-37.94833,150.03166
2335344,2335344,Helicolenus barathri,-37.94833,150.03166
2335344,2335344,Helicolenus barathri,-36.37,150.15166
2335344,2335344,Helicolenus barathri,-36.85833,150.30833
2335344,2335344,Helicolenus barathri,-37.39166,150.29833
2335344,2335344,Helicolenus barathri,-37.94833,150.03166
2335344,2335344,Helicolenus barathri,-37.39166,150.29833
2335344,2335344,Helicolenus barathri,-37.39166,150.29833
2335344,2335344,Helicolenus barathri,-37.94833,150.03166
2335344,2335344,Helicolenus barathri,-37.94833,150.03166
2335344,2335344,Helicolenus barathri,-36.85833,150.30833
2335344,2335344,Helicolenus barathri,-37.94833,150.03166
2335344,2335344,Helicolenus barathri,-37.39166,150.29833
2335344,2335344,Helicolenus barathri,-37.94833,150.03166
2335344,2335344,Helicolenus barathri,-37.94833,150.03166
2335344,2335344,Helicolenus barathri,-36.85833,150.30833
2335344,2335344,Helicolenus barathri,-37.39166,150.29833
2335344,2335344,Helicolenus barathri,-36.85833,150.30833
2335344,2335344,Helicolenus barathri,-37.94833,150.03166
2335344,2335344,Helicolenus barathri,-36.85833,150.30833
2335344,2335344,Helicolenus barathri,-37.94833,150.03166
2335344,2335344,Helicolenus barathri,-37.39166,150.29833
2335344,2335344,Helicolenus barathri,-36.85833,150.30833
2335344,2335344,Helicolenus barathri,-36.85833,150.30833
2335344,2335344,Helicolenus barathri,-36.85833,150.30833
2335344,2335344,Helicolenus barathri,-37.39166,150.29833
2335344,2335344,Helicolenus barathri,-37.94833,150.03166
2335344,2335344,Helicolenus barathri,-36.85833,150.30833
2335344,2335344,Helicolenus barathri,-37.94833,150.03166
2335344,2335344,Helicolenus barathri,-36.85833,150.30833
2335344,2335344,Helicolenus barathri,-37.948333,150.031667
2335344,2335344,Helicolenus barathri,-33.767,151.817
2335344,2335344,Helicolenus barathri,-33.733,151.883
2335344,2335344,Helicolenus barathri,-33.683,151.917
2335344,2335344,Helicolenus barathri,-33.667,151.95
2335344,2335344,Helicolenus barathri,-33.767,151.867
2335344,2335344,Helicolenus barathri,-33.783,151.967
2335344,2335344,Helicolenus barathri,-33.683,151.883
2335344,2335344,Helicolenus barathri,-35.533,150.733
2335344,2335344,Helicolenus barathri,-37.38867,150.161
2335344,2335344,Helicolenus barathri,-37.38867,150.161
2335344,2335344,Helicolenus barathri,-37.38867,150.161
2335344,2335344,Helicolenus barathri,-37.38867,150.161
2335344,2335344,Helicolenus barathri,-33.633,151.95
2335344,2335344,Helicolenus barathri,-33.567,152.017
2335344,2335344,Helicolenus barathri,-33.55,152.05
2335344,2335344,Helicolenus barathri,-33.517,152.05
2335344,2335344,Helicolenus barathri,-33.783,151.783
2335344,2335344,Helicolenus barathri,-33.733,151.933
2335344,2335344,Helicolenus barathri,-37.083,150.333
2335344,2335344,Helicolenus barathri,-37.65,150.25
2335344,2335344,Helicolenus barathri,-37.667,150.283
2335344,2335344,Helicolenus barathri,-37.1,150.333
2335344,2335344,Helicolenus barathri,-37.683,150.267
2335344,2335344,Helicolenus barathri,-37.683,150.267
2335344,2335344,Helicolenus barathri,-37.683,150.25
2335344,2335344,Helicolenus barathri,-37.167,150.367
2335344,2335344,Helicolenus barathri,-37.633,150.233
2335344,2335344,Helicolenus barathri,-37.65,150.217
2335344,2335344,Helicolenus barathri,-37.65,150.25
2335344,2335344,Helicolenus barathri,-37.217,150.367
2335344,2335344,Helicolenus barathri,-37.55,150.25
2335344,2335344,Helicolenus barathri,-37.633,150.283
2335344,2335344,Helicolenus barathri,-37.667,150.267
2335344,2335344,Helicolenus barathri,-37.2,150.367
2335344,2335344,Helicolenus barathri,-37.15,150.35
2335344,2335344,Helicolenus barathri,-35.483,150.767
2335344,2335344,Helicolenus barathri,-35.55,150.733
2335344,2335344,Helicolenus barathri,-35.583,150.733
2335344,2335344,Helicolenus barathri,-35.583,150.733
2335344,2335344,Helicolenus barathri,-35.517,150.783
2335344,2335344,Helicolenus barathri,-35.533,150.75
2335344,2335344,Helicolenus barathri,-35.583,150.667
2335344,2335344,Helicolenus barathri,-35.517,150.783
2335344,2335344,Helicolenus barathri,-35.45,150.783
2335344,2335344,Helicolenus barathri,-35.667,150.667
2335344,2335344,Helicolenus barathri,-35.583,150.733
2335344,2335344,Helicolenus barathri,-35.517,150.783
2335344,2335344,Helicolenus barathri,-35.617,150.7
2335344,2335344,Helicolenus barathri,-35.55,150.767
2335344,2335344,Helicolenus barathri,-35.633,150.667
2335344,2335344,Helicolenus barathri,-35.7,150.65
2335344,2335344,Helicolenus barathri,-35.567,150.733
2335344,2335344,Helicolenus barathri,-35.6,150.717
2335344,2335344,Helicolenus barathri,-35.6,150.683
2335344,2335344,Helicolenus barathri,-35.517,150.767
2335344,2335344,Helicolenus barathri,-35.617,150.717
2335344,2335344,Helicolenus barathri,-35.617,150.683
2335344,2335344,Helicolenus barathri,-33.7,151.867
2335344,2335344,Helicolenus barathri,-33.633,151.95
2335344,2335344,Helicolenus barathri,-33.7,151.85
2335344,2335344,Helicolenus barathri,-33.65,151.967
2335344,2335344,Helicolenus barathri,-33.8,151.817
2335344,2335344,Helicolenus barathri,-33.717,151.9
2335344,2335344,Helicolenus barathri,-33.567,151.983
2335344,2335344,Helicolenus barathri,-33.483,152.1
2335344,2335344,Helicolenus barathri,-33.483,152.1
2335344,2335344,Helicolenus barathri,-33.567,152
2335344,2335344,Helicolenus barathri,-33.683,151.95
2335344,2335344,Helicolenus barathri,-33.667,151.933
2335344,2335344,Helicolenus barathri,-33.483,152.067
2335344,2335344,Helicolenus barathri,-33.567,152.033
2335344,2335344,Helicolenus barathri,-33.817,151.783
2335344,2335344,Helicolenus barathri,-33.55,152.033
2335344,2335344,Helicolenus barathri,-37.65,150.267
2335344,2335344,Helicolenus barathri,-37.683,150.183
2335344,2335344,Helicolenus barathri,-37.65,150.283
2335344,2335344,Helicolenus barathri,-37.733,150.233
2335344,2335344,Helicolenus barathri,-37.683,150.183
2335344,2335344,Helicolenus barathri,-37.533,150.25
2335344,2335344,Helicolenus barathri,-37.65,150.25
2335344,2335344,Helicolenus barathri,-37.667,150.267
2335344,2335344,Helicolenus barathri,-37.667,150.283
2335344,2335344,Helicolenus barathri,-37.7,150.167
2335344,2335344,Helicolenus barathri,-37.7,150.233
2335344,2335344,Helicolenus barathri,-37.567,150.267
2335344,2335344,Helicolenus barathri,-37.117,150.35
2335344,2335344,Helicolenus barathri,-37.183,150.367
2335344,2335344,Helicolenus barathri,-37.2,150.367
2335344,2335344,Helicolenus barathri,-37.25,150.333
2335344,2335344,Helicolenus barathri,-37.533,150.25
2335344,2335344,Helicolenus barathri,-37.65,150.283
2335344,2335344,Helicolenus barathri,-37.65,150.267
2335344,2335344,Helicolenus barathri,-37.65,150.3
2335344,2335344,Helicolenus barathri,-37.2,150.367
2335344,2335344,Helicolenus barathri,-35.8,150.567
2335344,2335344,Helicolenus barathri,-35.633,150.65
2335344,2335344,Helicolenus barathri,-35.55,150.717
2335344,2335344,Helicolenus barathri,-35.55,150.75
2335344,2335344,Helicolenus barathri,-35.5,150.8
2335344,2335344,Helicolenus barathri,-35.6,150.733
2335344,2335344,Helicolenus barathri,-35.6,150.7
2335344,2335344,Helicolenus barathri,-35.55,150.733
2335344,2335344,Helicolenus barathri,-35.517,150.783
2335344,2335344,Helicolenus barathri,-35.617,150.733
2335344,2335344,Helicolenus barathri,-35.65,150.667
2335344,2335344,Helicolenus barathri,-35.7,150.667
2335344,2335344,Helicolenus barathri,-38.03667,149.08334
2335344,2335344,Helicolenus barathri,-38.19166,149.28917
2335344,2335344,Helicolenus barathri,-38.19166,149.28917
2335344,2335344,Helicolenus barathri,-38.19166,149.28917
2335344,2335344,Helicolenus barathri,-38.19166,149.28917
2335344,2335344,Helicolenus barathri,-38.19166,149.28917
2335344,2335344,Helicolenus barathri,-38.19166,149.28917
2335344,2335344,Helicolenus barathri,-38.19166,149.28917
2335344,2335344,Helicolenus barathri,-38.19166,149.28917
2335344,2335344,Helicolenus barathri,-38.19166,149.28917
2335344,2335344,Helicolenus barathri,-38.19166,149.28917
2335344,2335344,Helicolenus barathri,-38.19166,149.28917
2335344,2335344,Helicolenus barathri,-38.19166,149.28917
2335344,2335344,Helicolenus barathri,-38.19166,149.28917
2335344,2335344,Helicolenus barathri,-38.19166,149.28917
2335344,2335344,Helicolenus barathri,-38.19166,149.28917
2335344,2335344,Helicolenus barathri,-38.19166,149.28917
2335344,2335344,Helicolenus barathri,-38.19166,149.28917
2335344,2335344,Helicolenus barathri,-38.19166,149.28917
2335344,2335344,Helicolenus barathri,-38.19166,149.28917
2335344,2335344,Helicolenus barathri,-38.19166,149.28917
2335344,2335344,Helicolenus barathri,-38.19166,149.28917
2335344,2335344,Helicolenus barathri,-38.19166,149.28917
2335344,2335344,Helicolenus barathri,-38.19166,149.28917
2335344,2335344,Helicolenus barathri,-38.19166,149.28917
2335344,2335344,Helicolenus barathri,-38.19166,149.28917
2335344,2335344,Helicolenus barathri,-38.19166,149.28917
2335344,2335344,Helicolenus barathri,-38.52833,148.42333
2335344,2335344,Helicolenus barathri,-38.03667,149.08334
2335344,2335344,Helicolenus barathri,-38.03667,149.08334
2335344,2335344,Helicolenus barathri,-38.03667,149.08334
2335344,2335344,Helicolenus barathri,-38.03667,149.08334
2335344,2335344,Helicolenus barathri,-38.03667,149.08334
2335344,2335344,Helicolenus barathri,-38.03667,149.08334
2335344,2335344,Helicolenus barathri,-38.03667,149.08334
2335344,2335344,Helicolenus barathri,-38.03667,149.08334
2335344,2335344,Helicolenus barathri,-38.03667,149.08334
2335344,2335344,Helicolenus barathri,-38.03667,149.08334
2335344,2335344,Helicolenus barathri,-38.03667,149.08334
2335344,2335344,Helicolenus barathri,-38.03667,149.08334
2335344,2335344,Helicolenus barathri,-38.03667,149.08334
2335344,2335344,Helicolenus barathri,-38.03667,149.08334
2335344,2335344,Helicolenus barathri,-38.03667,149.08334
2335344,2335344,Helicolenus barathri,-38.03667,149.08334
2335344,2335344,Helicolenus barathri,-38.03667,149.08334
2335344,2335344,Helicolenus barathri,-38.03667,149.08334
2335344,2335344,Helicolenus barathri,-38.03667,149.08334
2335344,2335344,Helicolenus barathri,-38.1775,149.27417
2335344,2335344,Helicolenus barathri,-37.93666,150.03168
2335344,2335344,Helicolenus barathri,-38.19166,149.28917
2335344,2335344,Helicolenus barathri,-37.88917,150.04251
2335344,2335344,Helicolenus barathri,-38.98333,148.4875
2335344,2335344,Helicolenus barathri,-38.03667,149.08334
2335344,2335344,Helicolenus barathri,-38.03667,149.08334
2335344,2335344,Helicolenus barathri,-38.03667,149.08334
2335344,2335344,Helicolenus barathri,-38.03667,149.08334
2335344,2335344,Helicolenus barathri,-38.03667,149.08334
2335344,2335344,Helicolenus barathri,-38.03667,149.08334
2335344,2335344,Helicolenus barathri,-38.03667,149.08334
2335344,2335344,Helicolenus barathri,-38.03667,149.08334
2335344,2335344,Helicolenus barathri,-38.03667,149.08334
2335344,2335344,Helicolenus barathri,-37.93666,150.03168
2335344,2335344,Helicolenus barathri,-37.93666,150.03168
2335344,2335344,Helicolenus barathri,-37.93666,150.03168
2335344,2335344,Helicolenus barathri,-37.93666,150.03168
2335344,2335344,Helicolenus barathri,-37.93666,150.03168
2335344,2335344,Helicolenus barathri,-37.93666,150.03168
2335344,2335344,Helicolenus barathri,-37.93666,150.03168
2335344,2335344,Helicolenus barathri,-37.93666,150.03168
2335344,2335344,Helicolenus barathri,-37.93666,150.03168
2335344,2335344,Helicolenus barathri,-37.93666,150.03168
2335344,2335344,Helicolenus barathri,-37.93666,150.03168
2335344,2335344,Helicolenus barathri,-37.93666,150.03168
2335344,2335344,Helicolenus barathri,-37.93666,150.03168
2335344,2335344,Helicolenus barathri,-37.93666,150.03168
2335344,2335344,Helicolenus barathri,-37.93666,150.03168
2335344,2335344,Helicolenus barathri,-37.93666,150.03168
2335344,2335344,Helicolenus barathri,-37.93666,150.03168
2335344,2335344,Helicolenus barathri,-37.93666,150.03168
2335344,2335344,Helicolenus barathri,-37.93666,150.03168
2335344,2335344,Helicolenus barathri,-37.93666,150.03168
2335344,2335344,Helicolenus barathri,-37.93666,150.03168
2335344,2335344,Helicolenus barathri,-37.93666,150.03168
2335344,2335344,Helicolenus barathri,-37.93666,150.03168
2335344,2335344,Helicolenus barathri,-37.93666,150.03168
2335344,2335344,Helicolenus barathri,-37.93666,150.03168
2335344,2335344,Helicolenus barathri,-37.93666,150.03168
2335344,2335344,Helicolenus barathri,-37.93666,150.03168
2335344,2335344,Helicolenus barathri,-37.93666,150.03168
2335344,2335344,Helicolenus barathri,-37.93666,150.03168
2335344,2335344,Helicolenus barathri,-37.93666,150.03168
2335344,2335344,Helicolenus barathri,-37.93666,150.03168
2335344,2335344,Helicolenus barathri,-37.93666,150.03168
2335344,2335344,Helicolenus barathri,-37.93666,150.03168
2335344,2335344,Helicolenus barathri,-37.93666,150.03168
2335344,2335344,Helicolenus barathri,-37.93666,150.03168
2335344,2335344,Helicolenus barathri,-37.93666,150.03168
2335344,2335344,Helicolenus barathri,-37.93666,150.03168
2335344,2335344,Helicolenus barathri,-37.93666,150.03168
2335344,2335344,Helicolenus barathri,-38.03667,149.10667
2335344,2335344,Helicolenus barathri,-38.03667,149.10667
2335344,2335344,Helicolenus barathri,-38.03667,149.10667
2335344,2335344,Helicolenus barathri,-38.03667,149.10667
2335344,2335344,Helicolenus barathri,-38.03667,149.10667
2335344,2335344,Helicolenus barathri,-38.03667,149.10667
2335344,2335344,Helicolenus barathri,-38.03667,149.10667
2335344,2335344,Helicolenus barathri,-38.03667,149.10667
2335344,2335344,Helicolenus barathri,-38.03667,149.10667
2335344,2335344,Helicolenus barathri,-38.03667,149.10667
2335344,2335344,Helicolenus barathri,-38.03667,149.10667
2335344,2335344,Helicolenus barathri,-38.03667,149.10667
2335344,2335344,Helicolenus barathri,-38.03667,149.10667
2335344,2335344,Helicolenus barathri,-38.03667,149.10667
2335344,2335344,Helicolenus barathri,-38.03667,149.10667
2335344,2335344,Helicolenus barathri,-38.03667,149.10667
2335344,2335344,Helicolenus barathri,-38.03667,149.10667
2335344,2335344,Helicolenus barathri,-38.03667,149.10667
2335344,2335344,Helicolenus barathri,-38.03667,149.10667
2335344,2335344,Helicolenus barathri,-38.03667,149.10667
2335344,2335344,Helicolenus barathri,-38.03667,149.10667
2335344,2335344,Helicolenus barathri,-38.03667,149.10667
2335344,2335344,Helicolenus barathri,-38.03667,149.10667
2335344,2335344,Helicolenus barathri,-38.03667,149.10667
2335344,2335344,Helicolenus barathri,-38.03667,149.10667
2335344,2335344,Helicolenus barathri,-38.03667,149.10667
2335344,2335344,Helicolenus barathri,-38.03667,149.10667
2335344,2335344,Helicolenus barathri,-38.03667,149.10667
2335344,2335344,Helicolenus barathri,-38.03667,149.10667
2335344,2335344,Helicolenus barathri,-38.03667,149.10667
2335344,2335344,Helicolenus barathri,-38.03667,149.10667
2335344,2335344,Helicolenus barathri,-38.03667,149.10667
2335344,2335344,Helicolenus barathri,-38.03667,149.10667
2335344,2335344,Helicolenus barathri,-38.03667,149.10667
2335344,2335344,Helicolenus barathri,-38.03667,149.10667
2335344,2335344,Helicolenus barathri,-38.03667,149.10667
2335344,2335344,Helicolenus barathri,-38.03667,149.10667
2335344,2335344,Helicolenus barathri,-38.03667,149.10667
2335344,2335344,Helicolenus barathri,-38.03667,149.10667
2335344,2335344,Helicolenus barathri,-38.03667,149.10667
2335344,2335344,Helicolenus barathri,-35.417,150.817
2335344,2335344,Helicolenus barathri,-35.583,150.717
2335344,2335344,Helicolenus barathri,-35.583,150.667
2335344,2335344,Helicolenus barathri,-35.583,150.833
2335344,2335344,Helicolenus barathri,-35.583,150.667
2335344,2335344,Helicolenus barathri,-35.583,150.75
2335344,2335344,Helicolenus barathri,-35.583,150.667
2335344,2335344,Helicolenus barathri,-35.583,150.75
2335344,2335344,Helicolenus barathri,-35.583,150.75
2335344,2335344,Helicolenus barathri,-35.583,150.717
2335344,2335344,Helicolenus barathri,-35.583,150.7
2335344,2335344,Helicolenus barathri,-35.583,150.75
2335344,2335344,Helicolenus barathri,-36.48667,150.305
2335344,2335344,Helicolenus barathri,-36.495,150.26083
2335344,2335344,Helicolenus barathri,-37.43416,150.27001
2335344,2335344,Helicolenus barathri,-36.48667,150.305
2335344,2335344,Helicolenus barathri,-37.43416,150.27001
2335344,2335344,Helicolenus barathri,-37.43416,150.27001
2335344,2335344,Helicolenus barathri,-37.43416,150.27001
2335344,2335344,Helicolenus barathri,-37.43416,150.27001
2335344,2335344,Helicolenus barathri,-37.43416,150.27001
2335344,2335344,Helicolenus barathri,-37.43416,150.27001
2335344,2335344,Helicolenus barathri,-37.43416,150.27001
2335344,2335344,Helicolenus barathri,-37.43416,150.27001
2335344,2335344,Helicolenus barathri,-37.43416,150.27001
2335344,2335344,Helicolenus barathri,-37.43416,150.27001
2335344,2335344,Helicolenus barathri,-37.43416,150.27001
2335344,2335344,Helicolenus barathri,-37.43416,150.27001
2335344,2335344,Helicolenus barathri,-37.43416,150.27001
2335344,2335344,Helicolenus barathri,-37.43416,150.27001
2335344,2335344,Helicolenus barathri,-37.43416,150.27001
2335344,2335344,Helicolenus barathri,-37.43416,150.27001
2335344,2335344,Helicolenus barathri,-37.43416,150.27001
2335344,2335344,Helicolenus barathri,-37.43416,150.27001
2335344,2335344,Helicolenus barathri,-37.43416,150.27001
2335344,2335344,Helicolenus barathri,-37.43416,150.27001
2335344,2335344,Helicolenus barathri,-37.43416,150.27001
2335344,2335344,Helicolenus barathri,-37.43416,150.27001
2335344,2335344,Helicolenus barathri,-37.43416,150.27001
2335344,2335344,Helicolenus barathri,-37.43416,150.27001
2335344,2335344,Helicolenus barathri,-37.43416,150.27001
2335344,2335344,Helicolenus barathri,-37.43416,150.27001
2335344,2335344,Helicolenus barathri,-37.43416,150.27001
2335344,2335344,Helicolenus barathri,-37.43416,150.27001
2335344,2335344,Helicolenus barathri,-37.43416,150.27001
2335344,2335344,Helicolenus barathri,-38.13083,149.51251
2335344,2335344,Helicolenus barathri,-36.495,150.26083
2335344,2335344,Helicolenus barathri,-36.495,150.26083
2335344,2335344,Helicolenus barathri,-36.495,150.26083
2335344,2335344,Helicolenus barathri,-36.495,150.26083
2335344,2335344,Helicolenus barathri,-36.495,150.26083
2335344,2335344,Helicolenus barathri,-36.495,150.26083
2335344,2335344,Helicolenus barathri,-36.495,150.26083
2335344,2335344,Helicolenus barathri,-36.495,150.26083
2335344,2335344,Helicolenus barathri,-36.495,150.26083
2335344,2335344,Helicolenus barathri,-36.495,150.26083
2335344,2335344,Helicolenus barathri,-36.495,150.26083
2335344,2335344,Helicolenus barathri,-36.495,150.26083
2335344,2335344,Helicolenus barathri,-36.495,150.26083
2335344,2335344,Helicolenus barathri,-36.495,150.26083
2335344,2335344,Helicolenus barathri,-36.495,150.26083
2335344,2335344,Helicolenus barathri,-36.495,150.26083
2335344,2335344,Helicolenus barathri,-36.495,150.26083
2335344,2335344,Helicolenus barathri,-36.495,150.26083
2335344,2335344,Helicolenus barathri,-36.495,150.26083
2335344,2335344,Helicolenus barathri,-36.495,150.26083
2335344,2335344,Helicolenus barathri,-36.495,150.26083
2335344,2335344,Helicolenus barathri,-36.495,150.26083
2335344,2335344,Helicolenus barathri,-36.495,150.26083
2335344,2335344,Helicolenus barathri,-36.495,150.26083
2335344,2335344,Helicolenus barathri,-36.495,150.26083
2335344,2335344,Helicolenus barathri,-36.495,150.26083
2335344,2335344,Helicolenus barathri,-36.495,150.26083
2335344,2335344,Helicolenus barathri,-36.495,150.26083
2335344,2335344,Helicolenus barathri,-36.495,150.26083
2335344,2335344,Helicolenus barathri,-36.495,150.26083
2335344,2335344,Helicolenus barathri,-36.495,150.26083
2335344,2335344,Helicolenus barathri,-36.495,150.26083
2335344,2335344,Helicolenus barathri,-36.495,150.26083
2335344,2335344,Helicolenus barathri,-36.495,150.26083
2335344,2335344,Helicolenus barathri,-36.495,150.26083
2335344,2335344,Helicolenus barathri,-36.495,150.26083
2335344,2335344,Helicolenus barathri,-36.495,150.26083
2335344,2335344,Helicolenus barathri,-36.495,150.26083
2335344,2335344,Helicolenus barathri,-36.495,150.26083
2335344,2335344,Helicolenus barathri,-36.495,150.26083
2335344,2335344,Helicolenus barathri,-36.495,150.26083
2335344,2335344,Helicolenus barathri,-36.495,150.26083
2335344,2335344,Helicolenus barathri,-36.495,150.26083
2335344,2335344,Helicolenus barathri,-36.495,150.26083
2335344,2335344,Helicolenus barathri,-36.495,150.26083
2335344,2335344,Helicolenus barathri,-36.495,150.26083
2335344,2335344,Helicolenus barathri,-36.495,150.26083
2335344,2335344,Helicolenus barathri,-36.495,150.26083
2335344,2335344,Helicolenus barathri,-36.495,150.26083
2335344,2335344,Helicolenus barathri,-36.495,150.26083
2335344,2335344,Helicolenus barathri,-36.495,150.26083
2335344,2335344,Helicolenus barathri,-36.495,150.26083
2335344,2335344,Helicolenus barathri,-36.495,150.26083
2335344,2335344,Helicolenus barathri,-36.495,150.26083
2335344,2335344,Helicolenus barathri,-36.495,150.26083
2335344,2335344,Helicolenus barathri,-36.495,150.26083
2335344,2335344,Helicolenus barathri,-36.495,150.26083
2335344,2335344,Helicolenus barathri,-36.495,150.26083
2335344,2335344,Helicolenus barathri,-36.495,150.26083
2335344,2335344,Helicolenus barathri,-36.495,150.26083
2335344,2335344,Helicolenus barathri,-36.495,150.26083
2335344,2335344,Helicolenus barathri,-36.495,150.26083
2335344,2335344,Helicolenus barathri,-36.495,150.26083
2335344,2335344,Helicolenus barathri,-36.495,150.26083
2335344,2335344,Helicolenus barathri,-36.495,150.26083
2335344,2335344,Helicolenus barathri,-36.495,150.26083
2335344,2335344,Helicolenus barathri,-36.495,150.26083
2335344,2335344,Helicolenus barathri,-36.495,150.26083
2335344,2335344,Helicolenus barathri,-36.495,150.26083
2335344,2335344,Helicolenus barathri,-36.495,150.26083
2335344,2335344,Helicolenus barathri,-36.495,150.26083
2335344,2335344,Helicolenus barathri,-36.495,150.26083
2335344,2335344,Helicolenus barathri,-36.495,150.26083
2335344,2335344,Helicolenus barathri,-36.495,150.26083
2335344,2335344,Helicolenus barathri,-36.495,150.26083
2335344,2335344,Helicolenus barathri,-36.495,150.26083
2335344,2335344,Helicolenus barathri,-36.495,150.26083
2335344,2335344,Helicolenus barathri,-36.495,150.26083
2335344,2335344,Helicolenus barathri,-36.495,150.26083
2335344,2335344,Helicolenus barathri,-36.495,150.26083
2335344,2335344,Helicolenus barathri,-36.495,150.26083
2335344,2335344,Helicolenus barathri,-36.495,150.26083
2335344,2335344,Helicolenus barathri,-37.76,150.10001
2335344,2335344,Helicolenus barathri,-37.29,150.27834
2335344,2335344,Helicolenus barathri,-38.193335,149.31333
2335344,2335344,Helicolenus barathri,-38.19333,149.31333
2335344,2335344,Helicolenus barathri,-38.19333,149.31333
2335344,2335344,Helicolenus barathri,-38.19333,149.31333
2335344,2335344,Helicolenus barathri,-38.19333,149.31333
2335344,2335344,Helicolenus barathri,-38.19333,149.31333
2335344,2335344,Helicolenus barathri,-38.19333,149.31333
2335344,2335344,Helicolenus barathri,-38.19333,149.31333
2335344,2335344,Helicolenus barathri,-38.19333,149.31333
2335344,2335344,Helicolenus barathri,-38.19333,149.31333
2335344,2335344,Helicolenus barathri,-38.19333,149.31333
2335344,2335344,Helicolenus barathri,-38.19333,149.31333
2335344,2335344,Helicolenus barathri,-38.19333,149.31333
2335344,2335344,Helicolenus barathri,-38.19333,149.31333
2335344,2335344,Helicolenus barathri,-38.19333,149.31333
2335344,2335344,Helicolenus barathri,-38.19333,149.31333
2335344,2335344,Helicolenus barathri,-38.19333,149.31333
2335344,2335344,Helicolenus barathri,-38.19333,149.31333
2335344,2335344,Helicolenus barathri,-38.19333,149.31333
2335344,2335344,Helicolenus barathri,-38.19333,149.31333
2335344,2335344,Helicolenus barathri,-38.19333,149.31333
2335344,2335344,Helicolenus barathri,-38.19333,149.31333
2335344,2335344,Helicolenus barathri,-38.19333,149.31333
2335344,2335344,Helicolenus barathri,-38.19333,149.31333
2335344,2335344,Helicolenus barathri,-38.19333,149.31333
2335344,2335344,Helicolenus barathri,-38.19333,149.31333
2335344,2335344,Helicolenus barathri,-38.19333,149.31333
2335344,2335344,Helicolenus barathri,-38.19333,149.31333
2335344,2335344,Helicolenus barathri,-38.19333,149.31333
2335344,2335344,Helicolenus barathri,-38.19333,149.31333
2335344,2335344,Helicolenus barathri,-38.19333,149.31333
2335344,2335344,Helicolenus barathri,-38.19333,149.31333
2335344,2335344,Helicolenus barathri,-38.19333,149.31333
2335344,2335344,Helicolenus barathri,-38.19333,149.31333
2335344,2335344,Helicolenus barathri,-38.19333,149.31333
2335344,2335344,Helicolenus barathri,-38.19333,149.31333
2335344,2335344,Helicolenus barathri,-38.19333,149.31333
2335344,2335344,Helicolenus barathri,-38.19333,149.31333
2335344,2335344,Helicolenus barathri,-38.19333,149.31333
2335344,2335344,Helicolenus barathri,-38.19333,149.31333
2335344,2335344,Helicolenus barathri,-38.19333,149.31333
2335344,2335344,Helicolenus barathri,-38.19667,149.29833
2335344,2335344,Helicolenus barathri,-38.19667,149.29833
2335344,2335344,Helicolenus barathri,-38.19667,149.29833
2335344,2335344,Helicolenus barathri,-38.19667,149.29833
2335344,2335344,Helicolenus barathri,-38.19667,149.29833
2335344,2335344,Helicolenus barathri,-38.19667,149.29833
2335344,2335344,Helicolenus barathri,-38.19667,149.29833
2335344,2335344,Helicolenus barathri,-38.19667,149.29833
2335344,2335344,Helicolenus barathri,-38.19667,149.29833
2335344,2335344,Helicolenus barathri,-38.19667,149.29833
2335344,2335344,Helicolenus barathri,-38.19667,149.29833
2335344,2335344,Helicolenus barathri,-38.19667,149.29833
2335344,2335344,Helicolenus barathri,-41.75,144.5
2335344,2335344,Helicolenus barathri,-44,146.38333
2335344,2335344,Helicolenus barathri,-42.866665,144.75
2335344,2335344,Helicolenus barathri,-42.866665,144.75
2335344,2335344,Helicolenus barathri,-42.866665,144.75
2335344,2335344,Helicolenus barathri,-42.866665,144.75
2335344,2335344,Helicolenus barathri,-38.17,149.61584
2335344,2335344,Helicolenus barathri,-38.17,149.61584
2335344,2335344,Helicolenus barathri,-38.17,149.61584
2335344,2335344,Helicolenus barathri,-38.17,149.61584
2335344,2335344,Helicolenus barathri,-38.17,149.61584
2335344,2335344,Helicolenus barathri,-38.17,149.61584
2335344,2335344,Helicolenus barathri,-38.17,149.61584
2335344,2335344,Helicolenus barathri,-38.17,149.61584
2335344,2335344,Helicolenus barathri,-38.17,149.61584
2335344,2335344,Helicolenus barathri,-38.17125,149.64109
2335344,2335344,Helicolenus barathri,-38.17,149.61584
2335344,2335344,Helicolenus barathri,-38.17,149.61584
2335344,2335344,Helicolenus barathri,-38.17,149.61584
2335344,2335344,Helicolenus barathri,-38.17,149.61584
2335344,2335344,Helicolenus barathri,-38.16667,149.59667
2335344,2335344,Helicolenus barathri,-38.16667,149.59667
2335344,2335344,Helicolenus barathri,-38.16667,149.59667
2335344,2335344,Helicolenus barathri,-38.16667,149.59667
2335344,2335344,Helicolenus barathri,-38.16667,149.59667
2335344,2335344,Helicolenus barathri,-38.16667,149.59667
2335344,2335344,Helicolenus barathri,-38.16667,149.59667
2335344,2335344,Helicolenus barathri,-38.16667,149.59667
2335344,2335344,Helicolenus barathri,-38.16667,149.59667
2335344,2335344,Helicolenus barathri,-38.16667,149.59667
2335344,2335344,Helicolenus barathri,-38.16667,149.59667
2335344,2335344,Helicolenus barathri,-38.16667,149.59667
2335344,2335344,Helicolenus barathri,-38.16667,149.59667
2335344,2335344,Helicolenus barathri,-38.16667,149.59667
2335344,2335344,Helicolenus barathri,-38.16667,149.59667
2335344,2335344,Helicolenus barathri,-38.16667,149.59667
2335344,2335344,Helicolenus barathri,-38.16667,149.59667
2335344,2335344,Helicolenus barathri,-38.16667,149.59667
2335344,2335344,Helicolenus barathri,-38.16667,149.59667
2335344,2335344,Helicolenus barathri,-38.16667,149.59667
2335344,2335344,Helicolenus barathri,-38.16667,149.59667
2335344,2335344,Helicolenus barathri,-38.16667,149.59667
2335344,2335344,Helicolenus barathri,-38.16667,149.59667
2335344,2335344,Helicolenus barathri,-38.16667,149.59667
2335344,2335344,Helicolenus barathri,-38.16667,149.59667
2335344,2335344,Helicolenus barathri,-38.16667,149.59667
2335344,2335344,Helicolenus barathri,-38.16667,149.59667
2335344,2335344,Helicolenus barathri,-38.16667,149.59667
2335344,2335344,Helicolenus barathri,-38.16667,149.59667
2335344,2335344,Helicolenus barathri,-38.16667,149.59667
2335344,2335344,Helicolenus barathri,-38.16667,149.59667
2335344,2335344,Helicolenus barathri,-38.16667,149.59667
2335344,2335344,Helicolenus barathri,-38.16667,149.59667
2335344,2335344,Helicolenus barathri,-38.015835,150.05972
2335344,2335344,Helicolenus barathri,-38.015835,150.05972
2335344,2335344,Helicolenus barathri,-38.015835,150.05972
2335344,2335344,Helicolenus barathri,-38.015835,150.05972
2335344,2335344,Helicolenus barathri,-38.015835,150.05972
2335344,2335344,Helicolenus barathri,-38.015835,150.05972
2335344,2335344,Helicolenus barathri,-38.015835,150.05972
2335344,2335344,Helicolenus barathri,-38.015835,150.05972
2335344,2335344,Helicolenus barathri,-38.015835,150.05972
2335344,2335344,Helicolenus barathri,-38.015835,150.05972
2335344,2335344,Helicolenus barathri,-38.015835,150.05972
2335344,2335344,Helicolenus barathri,-38.015835,150.05972
2335344,2335344,Helicolenus barathri,-38.015835,150.05972
2335344,2335344,Helicolenus barathri,-38.015835,150.05972
2335344,2335344,Helicolenus barathri,-38.015835,150.05972
2335344,2335344,Helicolenus barathri,-38.015835,150.05972
2335344,2335344,Helicolenus barathri,-38.015835,150.05972
2335344,2335344,Helicolenus barathri,-38.015835,150.05972
2335344,2335344,Helicolenus barathri,-38.015835,150.05972
2335344,2335344,Helicolenus barathri,-38.015835,150.05972
2335344,2335344,Helicolenus barathri,-38.015835,150.05972
2335344,2335344,Helicolenus barathri,-38.015835,150.05972
2335344,2335344,Helicolenus barathri,-38.015835,150.05972
2335344,2335344,Helicolenus barathri,-38.015835,150.05972
2335344,2335344,Helicolenus barathri,-38.015835,150.05972
2335344,2335344,Helicolenus barathri,-27.083334,112.37666
2335344,2335344,Helicolenus barathri,-33.38833,114.52667
2335344,2335344,Helicolenus barathri,-35.05,151.067
2335344,2335344,Helicolenus barathri,-34.967,151.083
2335344,2335344,Helicolenus barathri,-35.1,151.05
2335344,2335344,Helicolenus barathri,-35.05,151.083
2335344,2335344,Helicolenus barathri,-34.933,151.117
2335344,2335344,Helicolenus barathri,-37.783,150.15
2335344,2335344,Helicolenus barathri,-35.683,150.65
2335344,2335344,Helicolenus barathri,-35.5,150.767
2335344,2335344,Helicolenus barathri,-37.15,150.35
2335344,2335344,Helicolenus barathri,-36.45,150.3
2335344,2335344,Helicolenus barathri,-36.4,150.333
2335344,2335344,Helicolenus barathri,-37.733,150.2
2335344,2335344,Helicolenus barathri,-37.867,150.083
2335344,2335344,Helicolenus barathri,-37.433,150.317
2335344,2335344,Helicolenus barathri,-38.1,149.85
2335344,2335344,Helicolenus barathri,-38.15,149.8
2335344,2335344,Helicolenus barathri,-38.217,149.75
2335344,2335344,Helicolenus barathri,-36.7,150.333
2335344,2335344,Helicolenus barathri,-36.967,150.317
2335344,2335344,Helicolenus barathri,-36.083,150.417
2335344,2335344,Helicolenus barathri,-36.017,150.45
2335344,2335344,Helicolenus barathri,-33.183,152.45
2335344,2335344,Helicolenus barathri,-35.067,151.117
2335344,2335344,Helicolenus barathri,-33.7,151.983
2335344,2335344,Helicolenus barathri,-32.983,152.667
2335344,2335344,Helicolenus barathri,-33.5,152.117
2335344,2335344,Helicolenus barathri,-35.433,150.85
2335344,2335344,Helicolenus barathri,-33.433,152.167
2335344,2335344,Helicolenus barathri,-32.717,152.817
2335344,2335344,Helicolenus barathri,-32.717,152.817
2335344,2335344,Helicolenus barathri,-35.05,151.067
2335344,2335344,Helicolenus barathri,-34.767,151.233
2335344,2335344,Helicolenus barathri,-33.65,151.983
2335344,2335344,Helicolenus barathri,-32.667,152.833
2335344,2335344,Helicolenus barathri,-33,152.633
2335344,2335344,Helicolenus barathri,-33.75,151.883
2335344,2335344,Helicolenus barathri,-33.6,152.017
2335344,2335344,Helicolenus barathri,-34.907776,150.78833
2335344,2335344,Helicolenus barathri,-34.907776,150.78833
2335344,2335344,Helicolenus barathri,-34.907776,150.78833
2335344,2335344,Helicolenus barathri,-34.907776,150.78833
2335344,2335344,Helicolenus barathri,-34.907776,150.78833
2335344,2335344,Helicolenus barathri,-34.907776,150.78833
2335344,2335344,Helicolenus barathri,-34.907776,150.78833
2335344,2335344,Helicolenus barathri,-34.907776,150.78833
2335344,2335344,Helicolenus barathri,-34.907776,150.78833
2335344,2335344,Helicolenus barathri,-34.907776,150.78833
2335344,2335344,Helicolenus barathri,-32.667,152.833
2335344,2335344,Helicolenus barathri,-29.883,153.733
2335344,2335344,Helicolenus barathri,-34.533,151.317
2335344,2335344,Helicolenus barathri,-34.65,151.3
2335344,2335344,Helicolenus barathri,-34.267,151.45
2335344,2335344,Helicolenus barathri,-34.3,151.5
2335344,2335344,Helicolenus barathri,-35.65,150.717
2335344,2335344,Helicolenus barathri,-33.417,152.133
2335344,2335344,Helicolenus barathri,-35.6,150.733
2335344,2335344,Helicolenus barathri,-34.25,151.5
2335344,2335344,Helicolenus barathri,-34.25,151.483
2335344,2335344,Helicolenus barathri,-34.883,151.2
2335344,2335344,Helicolenus barathri,-34.3,151.45
2335344,2335344,Helicolenus barathri,-31.867,153.2
2335344,2335344,Helicolenus barathri,-34.233,151.5
2335344,2335344,Helicolenus barathri,-33.5,152.083
2335344,2335344,Helicolenus barathri,-33.583,152.017
2335344,2335344,Helicolenus barathri,-34.767,151.217
2335344,2335344,Helicolenus barathri,-34.317,151.417
2335344,2335344,Helicolenus barathri,-34.633,151.267
2335344,2335344,Helicolenus barathri,-34.933,151.15
2335344,2335344,Helicolenus barathri,-33.017,152.55
2335344,2335344,Helicolenus barathri,-34.617,151.217
2335344,2335344,Helicolenus barathri,-32.233,153.033
2335344,2335344,Helicolenus barathri,-32.433,152.933
2335344,2335344,Helicolenus barathri,-34.6,151.267
2335344,2335344,Helicolenus barathri,-34.933,151.167
2335344,2335344,Helicolenus barathri,-35.5,150.767
2335344,2335344,Helicolenus barathri,-35.05,151.05
2335344,2335344,Helicolenus barathri,-35.3,150.9
2335344,2335344,Helicolenus barathri,-35.15,151
2335344,2335344,Helicolenus barathri,-35.217,150.967
2335344,2335344,Helicolenus barathri,-34.333,151.4
2335344,2335344,Helicolenus barathri,-35.65,150.683
2335344,2335344,Helicolenus barathri,-36.167,150.383
2335344,2335344,Helicolenus barathri,-34.8,151.2
2335344,2335344,Helicolenus barathri,-34.808334,151.2
2335344,2335344,Helicolenus barathri,-34.81,151.23
2335344,2335344,Helicolenus barathri,-33.483,152.05
2335344,2335344,Helicolenus barathri,-33.733,151.867
2335344,2335344,Helicolenus barathri,-33.6,151.95
2335344,2335344,Helicolenus barathri,-34.417,151.3
2335344,2335344,Helicolenus barathri,-35.433,150.817
2335344,2335344,Helicolenus barathri,-33.717,151.883
2335344,2335344,Helicolenus barathri,-33.733,151.883
2335344,2335344,Helicolenus barathri,-33.683,151.917
2335344,2335344,Helicolenus barathri,-33.583,152.05
2335344,2335344,Helicolenus barathri,-33.817,151.85
2335344,2335344,Helicolenus barathri,-33.483,152.133
2335344,2335344,Helicolenus barathri,-34.583,151.283
2335344,2335344,Helicolenus barathri,-34.6,151.3
2335344,2335344,Helicolenus barathri,-33.733,151.917
2335344,2335344,Helicolenus barathri,-33.583,152.033
2335344,2335344,Helicolenus barathri,-36.633,150.35
2335344,2335344,Helicolenus barathri,-36.45,150.333
2335344,2335344,Helicolenus barathri,-36.483,150.333
2335344,2335344,Helicolenus barathri,-35.65,150.7
2335344,2335344,Helicolenus barathri,-33.583,152.017
2335344,2335344,Helicolenus barathri,-34.283,151.433
2335344,2335344,Helicolenus barathri,-33.567,152.05
2335344,2335344,Helicolenus barathri,-33.6,151.983
2335344,2335344,Helicolenus barathri,-33.8,151.783
2335344,2335344,Helicolenus barathri,-33.733,151.817
2335344,2335344,Helicolenus barathri,-33.783,151.8
2335344,2335344,Helicolenus barathri,-33.683,151.95
2335344,2335344,Helicolenus barathri,-34.25,151.5
2335344,2335344,Helicolenus barathri,-34.617,151.317
2335344,2335344,Helicolenus barathri,-34.667,151.25
2335344,2335344,Helicolenus barathri,-34.8,151.217
2335344,2335344,Helicolenus barathri,-34.733,151.217
2335344,2335344,Helicolenus barathri,-35.45,150.817
2335344,2335344,Helicolenus barathri,-34.817,151.183
2335344,2335344,Helicolenus barathri,-34.3,151.43333
2335344,2335344,Helicolenus barathri,-33.767,151.85
2335344,2335344,Helicolenus barathri,-34.317,151.433
2335344,2335344,Helicolenus barathri,-34.417,151.35
2335344,2335344,Helicolenus barathri,-34.95,151.117
2335344,2335344,Helicolenus barathri,-29.567,153.783
2335344,2335344,Helicolenus barathri,-33.683,151.9
2335344,2335344,Helicolenus barathri,-34.283,151.45
2335344,2335344,Helicolenus barathri,-34.467,151.3
2335344,2335344,Helicolenus barathri,-34.383,151.367
2335344,2335344,Helicolenus barathri,-32.55,152.833
2335344,2335344,Helicolenus barathri,-33.567,151.95
2335344,2335344,Helicolenus barathri,-35.1,151.05
2335344,2335344,Helicolenus barathri,-32.717,152.8
2335344,2335344,Helicolenus barathri,-34.65,151.25
2335344,2335344,Helicolenus barathri,-28.2,153.9
2335344,2335344,Helicolenus barathri,-29.817,153.717
2335344,2335344,Helicolenus barathri,-29.833,153.683
2335344,2335344,Helicolenus barathri,-38.05,150.15
2335344,2335344,Helicolenus barathri,-38.067,150.083
2335344,2335344,Helicolenus barathri,-38.15,149.8
2335344,2335344,Helicolenus barathri,-33.733,151.867
2335344,2335344,Helicolenus barathri,-33.783,151.85
2335344,2335344,Helicolenus barathri,-33.683,151.883
2335344,2335344,Helicolenus barathri,-38.033,150.067
2335344,2335344,Helicolenus barathri,-33.767,151.833
2335344,2335344,Helicolenus barathri,-35.033,151.117
2335344,2335344,Helicolenus barathri,-33.7,151.917
2335344,2335344,Helicolenus barathri,-27.916667,153.983333
2335344,2335344,Helicolenus barathri,-33.8,151.8
2335344,2335344,Helicolenus barathri,-35.767,150.6
2335344,2335344,Helicolenus barathri,-34.317,151.417
2335344,2335344,Helicolenus barathri,-34.483,151.283
2335344,2335344,Helicolenus barathri,-34.983,151.1
2335344,2335344,Helicolenus barathri,-35.05,151.083
2335344,2335344,Helicolenus barathri,-34.225,151.43333
2335344,2335344,Helicolenus barathri,-37.75,150.217
2335344,2335344,Helicolenus barathri,-34.55,151.283
2335344,2335344,Helicolenus barathri,-33.75,151.817
2335344,2335344,Helicolenus barathri,-38.083,150.017
2335344,2335344,Helicolenus barathri,-38.05,150.033
2335344,2335344,Helicolenus barathri,-36.433,150.333
2335344,2335344,Helicolenus barathri,-34.767,151.233
2335344,2335344,Helicolenus barathri,-38.083,149.967
2335344,2335344,Helicolenus barathri,-34.7,151.233
2335344,2335344,Helicolenus barathri,-37.667,150.217
2335344,2335344,Helicolenus barathri,-37.083,150.333
2335344,2335344,Helicolenus barathri,-35.55,150.75
2335344,2335344,Helicolenus barathri,-38.167,149.95
2335344,2335344,Helicolenus barathri,-35.583,150.717
2335344,2335344,Helicolenus barathri,-35.683,150.65
2335344,2335344,Helicolenus barathri,-37.983,150.067
2335344,2335344,Helicolenus barathri,-37.183,150.367
2335344,2335344,Helicolenus barathri,-35.85,150.533
2335344,2335344,Helicolenus barathri,-35.767,150.6
2335344,2335344,Helicolenus barathri,-38.1,150.017
2335344,2335344,Helicolenus barathri,-37.633,150.233
2335344,2335344,Helicolenus barathri,-38.2,149.85
2335344,2335344,Helicolenus barathri,-38.1,149.983
2335344,2335344,Helicolenus barathri,-38.133,149.933
2335344,2335344,Helicolenus barathri,-38.133,149.85
2335344,2335344,Helicolenus barathri,-38.15,149.967
2335344,2335344,Helicolenus barathri,-37.2,150.35
2335344,2335344,Helicolenus barathri,-36.417,150.417
2335344,2335344,Helicolenus barathri,-37.7,150.233
2335344,2335344,Helicolenus barathri,-37.733,150.233
2335344,2335344,Helicolenus barathri,-37.667,150.2
2335344,2335344,Helicolenus barathri,-36.5,150.317
2335344,2335344,Helicolenus barathri,-37.683,150.267
2335344,2335344,Helicolenus barathri,-37.183,150.367
2335344,2335344,Helicolenus barathri,-37.633,150.233
2335344,2335344,Helicolenus barathri,-37.7,150.233
2335344,2335344,Helicolenus barathri,-38.083,149.983
2335344,2335344,Helicolenus barathri,-38.083,149.95
2335344,2335344,Helicolenus barathri,-37.7,150.217
2335344,2335344,Helicolenus barathri,-35.967,150.483
2335344,2335344,Helicolenus barathri,-33.583,152
2335344,2335344,Helicolenus barathri,-33.467,152.067
2335344,2335344,Helicolenus barathri,-34.35,151.383
2335344,2335344,Helicolenus barathri,-36,150.483
2335344,2335344,Helicolenus barathri,-32.967,152.617
2335344,2335344,Helicolenus barathri,-34.5,151.3
2335344,2335344,Helicolenus barathri,-36.033,150.467
2335344,2335344,Helicolenus barathri,-33.067,152.45
2335344,2335344,Helicolenus barathri,-30.417,153.417
2335344,2335344,Helicolenus barathri,-34.65,151.25
2335344,2335344,Helicolenus barathri,-33.017,152.567
2335344,2335344,Helicolenus barathri,-29.9,153.7
2335344,2335344,Helicolenus barathri,-32.183,153.067
2335344,2335344,Helicolenus barathri,-33.2,152.35
2335344,2335344,Helicolenus barathri,-32.15,153.05
2335344,2335344,Helicolenus barathri,-32.117,153.083
2335344,2335344,Helicolenus barathri,-33.3833,130.85
2335344,2335344,Helicolenus barathri,-33.767,151.817
2335344,2335344,Helicolenus barathri,-34.367,151.35
2335344,2335344,Helicolenus barathri,-35.633,150.683
2335344,2335344,Helicolenus barathri,-37.333,150.35
2335344,2335344,Helicolenus barathri,-37.267,150.35
2335344,2335344,Helicolenus barathri,-34.517,151.3
2335344,2335344,Helicolenus barathri,-34.667,151.25
2335344,2335344,Helicolenus barathri,-35.55,150.75
2335344,2335344,Helicolenus barathri,-33.75,151.825
2335344,2335344,Helicolenus barathri,-33.583,151.933
2335344,2335344,Helicolenus barathri,-34.483,151.3
2335344,2335344,Helicolenus barathri,-37.8,150.167
2335344,2335344,Helicolenus barathri,-38.217,149.767
2335344,2335344,Helicolenus barathri,-37.7,150.2
2335344,2335344,Helicolenus barathri,-38.033,150
2335344,2335344,Helicolenus barathri,-35.533,150.767
2335344,2335344,Helicolenus barathri,-35.517,150.783
2335344,2335344,Helicolenus barathri,-37.95,150.083
2335344,2335344,Helicolenus barathri,-37.667,150.25
2335344,2335344,Helicolenus barathri,-38.133,149.967
2335344,2335344,Helicolenus barathri,-38.167,149.767
2335344,2335344,Helicolenus barathri,-38.133,149.983
2335344,2335344,Helicolenus barathri,-35.567,150.733
2335344,2335344,Helicolenus barathri,-38.033,150.033
2335344,2335344,Helicolenus barathri,-35.533,150.767
2335344,2335344,Helicolenus barathri,-37.75,150.217
2335344,2335344,Helicolenus barathri,-35.633,150.667
2335344,2335344,Helicolenus barathri,-35.5,150.767
2335344,2335344,Helicolenus barathri,-35.533,150.75
2335344,2335344,Helicolenus barathri,-34.717,151.217
2335344,2335344,Helicolenus barathri,-34.617,151.217
2335344,2335344,Helicolenus barathri,-33.483,152.033
2335344,2335344,Helicolenus barathri,-33.467,152.067
2335344,2335344,Helicolenus barathri,-33.55,152
2335344,2335344,Helicolenus barathri,-33.567,151.967
2335344,2335344,Helicolenus barathri,-33.433,152.1
2335344,2335344,Helicolenus barathri,-33.067,152.467
2335344,2335344,Helicolenus barathri,-33.417,152.117
2335344,2335344,Helicolenus barathri,-33,152.55
2335344,2335344,Helicolenus barathri,-33.133,152.417
2335344,2335344,Helicolenus barathri,-32.983,152.567
2335344,2335344,Helicolenus barathri,-32.967,152.583
2335344,2335344,Helicolenus barathri,-35.083,151.067
2335344,2335344,Helicolenus barathri,-33.633,151.967
2335344,2335344,Helicolenus barathri,-33.533,152.033
2335344,2335344,Helicolenus barathri,-33.683,151.883
2335344,2335344,Helicolenus barathri,-34.317,151.45
2335344,2335344,Helicolenus barathri,-34.917,151.167
2335344,2335344,Helicolenus barathri,-34.833,151.2
2335344,2335344,Helicolenus barathri,-33.767,151.817
2335344,2335344,Helicolenus barathri,-34.967,151.133
2335344,2335344,Helicolenus barathri,-33.433,152.1
2335344,2335344,Helicolenus barathri,-35.567,150.75
2335344,2335344,Helicolenus barathri,-35.583,150.733
2335344,2335344,Helicolenus barathri,-34.583,151.283
2335344,2335344,Helicolenus barathri,-35,151.117
2335344,2335344,Helicolenus barathri,-35.583,150.767
2335344,2335344,Helicolenus barathri,-34.3,151.433
2335344,2335344,Helicolenus barathri,-33.7,151.867
2335344,2335344,Helicolenus barathri,-33.417,152.1
2335344,2335344,Helicolenus barathri,-33.567,151.967
2335344,2335344,Helicolenus barathri,-33.583,151.967
2335344,2335344,Helicolenus barathri,-33.667,151.9
2335344,2335344,Helicolenus barathri,-33.75,151.85
2335344,2335344,Helicolenus barathri,-33.583,151.967
2335344,2335344,Helicolenus barathri,-36.983,150.333
2335344,2335344,Helicolenus barathri,-37.7,150.233
2335344,2335344,Helicolenus barathri,-37.7,150.217
2335344,2335344,Helicolenus barathri,-37.667,150.2
2335344,2335344,Helicolenus barathri,-35.95,150.5
2335344,2335344,Helicolenus barathri,-37.75,150.233
2335344,2335344,Helicolenus barathri,-37.617,150.25
2335344,2335344,Helicolenus barathri,-37.567,150.267
2335344,2335344,Helicolenus barathri,-37.733,150.2
2335344,2335344,Helicolenus barathri,-35.833,150.583
2335344,2335344,Helicolenus barathri,-37.667,150.25
2335344,2335344,Helicolenus barathri,-37.733,150.267
2335344,2335344,Helicolenus barathri,-33.417,152.1
2335344,2335344,Helicolenus barathri,-33.7,151.833
2335344,2335344,Helicolenus barathri,-37.7,150.233
2335344,2335344,Helicolenus barathri,-35.517,150.783
2335344,2335344,Helicolenus barathri,-37.7,150.25
2335344,2335344,Helicolenus barathri,-33.567,152
2335344,2335344,Helicolenus barathri,-33.45,152.067
2335344,2335344,Helicolenus barathri,-33.417,152.1
2335344,2335344,Helicolenus barathri,-34.633,151.267
2335344,2335344,Helicolenus barathri,-34.317,151.45
2335344,2335344,Helicolenus barathri,-33.55,152
2335344,2335344,Helicolenus barathri,-33.383,152.133
2335344,2335344,Helicolenus barathri,-33.433,152.1
2335344,2335344,Helicolenus barathri,-34.35,151.4
2335344,2335344,Helicolenus barathri,-33.767,151.817
2335344,2335344,Helicolenus barathri,-33.783,151.817
2335344,2335344,Helicolenus barathri,-33.1,152.433
2335344,2335344,Helicolenus barathri,-33.433,152.117
2335344,2335344,Helicolenus barathri,-33.633,151.917
2335344,2335344,Helicolenus barathri,-33.667,151.917
2335344,2335344,Helicolenus barathri,-33.583,152
2335344,2335344,Helicolenus barathri,-32.917,152.633
2335344,2335344,Helicolenus barathri,-32.833,152.7
2335344,2335344,Helicolenus barathri,-32.967,152.6
2335344,2335344,Helicolenus barathri,-32.933,152.633
2335344,2335344,Helicolenus barathri,-35.483,150.767
2335344,2335344,Helicolenus barathri,-35.5,150.783
2335344,2335344,Helicolenus barathri,-35.483,150.8
2335344,2335344,Helicolenus barathri,-35.55,150.767
2335344,2335344,Helicolenus barathri,-35.833,150.567
2335344,2335344,Helicolenus barathri,-35.033,151.1
2335344,2335344,Helicolenus barathri,-34.683,151.25
2335344,2335344,Helicolenus barathri,-34.867,151.183
2335344,2335344,Helicolenus barathri,-33.45,152.083
2335344,2335344,Helicolenus barathri,-33.533,152.033
2335344,2335344,Helicolenus barathri,-34.267,151.467
2335344,2335344,Helicolenus barathri,-35.583,150.733
2335344,2335344,Helicolenus barathri,-35.55,150.75
2335344,2335344,Helicolenus barathri,-35.033,151.1
2335344,2335344,Helicolenus barathri,-35.533,150.783
2335344,2335344,Helicolenus barathri,-33.617,151.95
2335344,2335344,Helicolenus barathri,-36.033,150.45
2335344,2335344,Helicolenus barathri,-33.75,151.867
2335344,2335344,Helicolenus barathri,-34.35,151.417
2335344,2335344,Helicolenus barathri,-35.983,150.483
2335344,2335344,Helicolenus barathri,-33.517,152.033
2335344,2335344,Helicolenus barathri,-33.383,152.133
2335344,2335344,Helicolenus barathri,-37.017,150.35
2335344,2335344,Helicolenus barathri,-35.8,150.583
2335344,2335344,Helicolenus barathri,-33.8,151.817
2335344,2335344,Helicolenus barathri,-35.417,150.833
2335344,2335344,Helicolenus barathri,-37.2,150.35
2335344,2335344,Helicolenus barathri,-36.1,150.417
2335344,2335344,Helicolenus barathri,-37.7,150.267
2335344,2335344,Helicolenus barathri,-37.633,150.283
2335344,2335344,Helicolenus barathri,-37.417,150.333
2335344,2335344,Helicolenus barathri,-37.233,150.367
2335344,2335344,Helicolenus barathri,-37.967,150.05
2335344,2335344,Helicolenus barathri,-37.7,150.283
2335344,2335344,Helicolenus barathri,-36.933,150.333
2335344,2335344,Helicolenus barathri,-37.317,150.35
2335344,2335344,Helicolenus barathri,-37.217,150.367
2335344,2335344,Helicolenus barathri,-36.05,150.45
2335344,2335344,Helicolenus barathri,-37.85,150.133
2335344,2335344,Helicolenus barathri,-37.117,150.35
2335344,2335344,Helicolenus barathri,-37.7,150.267
2335344,2335344,Helicolenus barathri,-37.75,150.25
2335344,2335344,Helicolenus barathri,-36.1,150.417
2335344,2335344,Helicolenus barathri,-35.9,150.517
2335344,2335344,Helicolenus barathri,-35.567,150.767
2335344,2335344,Helicolenus barathri,-36,150.467
2335344,2335344,Helicolenus barathri,-36.05,150.467
2335344,2335344,Helicolenus barathri,-35.967,150.517
2335344,2335344,Helicolenus barathri,-33.633,151.917
2335344,2335344,Helicolenus barathri,-33.567,152.067
2335344,2335344,Helicolenus barathri,-33.55,152.033
2335344,2335344,Helicolenus barathri,-33.7,151.85
2335344,2335344,Helicolenus barathri,-33.7,151.85
2335344,2335344,Helicolenus barathri,-33.583,151.967
2335344,2335344,Helicolenus barathri,-33.6,151.95
2335344,2335344,Helicolenus barathri,-32.617,152.817
2335344,2335344,Helicolenus barathri,-32.283,153.017
2335344,2335344,Helicolenus barathri,-32.25,153.033
2335344,2335344,Helicolenus barathri,-32.333,152.983
2335344,2335344,Helicolenus barathri,-34.6,151.25
2335344,2335344,Helicolenus barathri,-34.667,151.25
2335344,2335344,Helicolenus barathri,-32.35,153.017
2335344,2335344,Helicolenus barathri,-34.3,151.417
2335344,2335344,Helicolenus barathri,-29.717,153.75
2335344,2335344,Helicolenus barathri,-32.367,152.983
2335344,2335344,Helicolenus barathri,-29.85,153.683
2335344,2335344,Helicolenus barathri,-32.367,152.983
2335344,2335344,Helicolenus barathri,-29.817,153.717
2335344,2335344,Helicolenus barathri,-29.9,153.683
2335344,2335344,Helicolenus barathri,-29.733,153.717
2335344,2335344,Helicolenus barathri,-29.883,153.7
2335344,2335344,Helicolenus barathri,-29.883,153.7
2335344,2335344,Helicolenus barathri,-34.317,151.433
2335344,2335344,Helicolenus barathri,-34.283,151.433
2335344,2335344,Helicolenus barathri,-33.75,151.75
2335344,2335344,Helicolenus barathri,-30.45,153.383
2335344,2335344,Helicolenus barathri,-28.067,153.967
2335344,2335344,Helicolenus barathri,-28.1,153.933
2335344,2335344,Helicolenus barathri,-28,153.983
2335344,2335344,Helicolenus barathri,-28.033,153.95
2335344,2335344,Helicolenus barathri,-32.333,152.983
2335344,2335344,Helicolenus barathri,-32.333,152.983
2335344,2335344,Helicolenus barathri,-30.967,153.3
2335344,2335344,Helicolenus barathri,-31.083,153.25
2335344,2335344,Helicolenus barathri,-32.383,152.983
2335344,2335344,Helicolenus barathri,-32.333,152.983
2335344,2335344,Helicolenus barathri,-29.533,153.8
2335344,2335344,Helicolenus barathri,-29.65,153.75
2335344,2335344,Helicolenus barathri,-29.8,153.717
2335344,2335344,Helicolenus barathri,-29.783,153.733
2335344,2335344,Helicolenus barathri,-29.783,153.717
2335344,2335344,Helicolenus barathri,-28.1,153.933
2335344,2335344,Helicolenus barathri,-28.017,154
2335344,2335344,Helicolenus barathri,-28.05,153.967
2335344,2335344,Helicolenus barathri,-29.583,153.8
2335344,2335344,Helicolenus barathri,-33.733,151.867
2335344,2335344,Helicolenus barathri,-32.867,152.65
2335344,2335344,Helicolenus barathri,-32.667,152.817
2335344,2335344,Helicolenus barathri,-32.933,152.583
2335344,2335344,Helicolenus barathri,-32.767,152.75
2335344,2335344,Helicolenus barathri,-32.567,152.883
2335344,2335344,Helicolenus barathri,-32.45,152.967
2335344,2335344,Helicolenus barathri,-32.4,153.017
2335344,2335344,Helicolenus barathri,-27.933,154.05
2335344,2335344,Helicolenus barathri,-28.05,154.067
2335344,2335344,Helicolenus barathri,-29.5,153.783
2335344,2335344,Helicolenus barathri,-29.617,153.783
2335344,2335344,Helicolenus barathri,-29.367,153.817
2335344,2335344,Helicolenus barathri,-35.767,150.6
2335344,2335344,Helicolenus barathri,-28.083,153.95
2335344,2335344,Helicolenus barathri,-35.533,150.767
2335344,2335344,Helicolenus barathri,-34.65,151.25
2335344,2335344,Helicolenus barathri,-37.117,150.367
2335344,2335344,Helicolenus barathri,-35.5,150.8
2335344,2335344,Helicolenus barathri,-33.767,151.783
2335344,2335344,Helicolenus barathri,-32.833,152.7
2335344,2335344,Helicolenus barathri,-32.833,152.683
2335344,2335344,Helicolenus barathri,-34.35,151.417
2335344,2335344,Helicolenus barathri,-34.9,151.217
2335344,2335344,Helicolenus barathri,-34.35,151.35
2335344,2335344,Helicolenus barathri,-34.367,151.417
2335344,2335344,Helicolenus barathri,-37.233,150.367
2335344,2335344,Helicolenus barathri,-37.5,150.283
2335344,2335344,Helicolenus barathri,-37.517,150.3
2335344,2335344,Helicolenus barathri,-37.617,150.3
2335344,2335344,Helicolenus barathri,-37.667,150.283
2335344,2335344,Helicolenus barathri,-37.667,150.267
2335344,2335344,Helicolenus barathri,-37.617,150.283
2335344,2335344,Helicolenus barathri,-37.667,150.267
2335344,2335344,Helicolenus barathri,-37.667,150.267
2335344,2335344,Helicolenus barathri,-37.617,150.283
2335344,2335344,Helicolenus barathri,-37.683,150.267
2335344,2335344,Helicolenus barathri,-37.65,150.283
2335344,2335344,Helicolenus barathri,-37.65,150.267
2335344,2335344,Helicolenus barathri,-38.233,149.8
2335344,2335344,Helicolenus barathri,-38.217,149.8
2335344,2335344,Helicolenus barathri,-38.067,149.967
2335344,2335344,Helicolenus barathri,-37.667,150.25
2335344,2335344,Helicolenus barathri,-38.1,149.883
2335344,2335344,Helicolenus barathri,-33.75,151.833
2335344,2335344,Helicolenus barathri,-35.533,150.783
2335344,2335344,Helicolenus barathri,-35.55,150.75
2335344,2335344,Helicolenus barathri,-35.517,150.8
2335344,2335344,Helicolenus barathri,-35.55,150.783
2335344,2335344,Helicolenus barathri,-35.55,150.75
2335344,2335344,Helicolenus barathri,-35.517,150.767
2335344,2335344,Helicolenus barathri,-35.583,150.717
2335344,2335344,Helicolenus barathri,-35.683,150.65
2335344,2335344,Helicolenus barathri,-35.55,150.75
2335344,2335344,Helicolenus barathri,-35.767,150.6
2335344,2335344,Helicolenus barathri,-35.583,150.733
2335344,2335344,Helicolenus barathri,-35.567,150.75
2335344,2335344,Helicolenus barathri,-35.533,150.75
2335344,2335344,Helicolenus barathri,-33.683,151.917
2335344,2335344,Helicolenus barathri,-35.717,150.617
2335344,2335344,Helicolenus barathri,-35.583,150.733
2335344,2335344,Helicolenus barathri,-35.55,150.733
2335344,2335344,Helicolenus barathri,-33.583,151.95
2335344,2335344,Helicolenus barathri,-33.683,151.85
2335344,2335344,Helicolenus barathri,-33.667,151.867
2335344,2335344,Helicolenus barathri,-33.65,151.9
2335344,2335344,Helicolenus barathri,-33.633,151.933
2335344,2335344,Helicolenus barathri,-33.733,151.85
2335344,2335344,Helicolenus barathri,-33.7,151.85
2335344,2335344,Helicolenus barathri,-33.617,151.95
2335344,2335344,Helicolenus barathri,-33.667,151.9
2335344,2335344,Helicolenus barathri,-33.75,151.85
2335344,2335344,Helicolenus barathri,-33.633,151.933
2335344,2335344,Helicolenus barathri,-33.55,152
2335344,2335344,Helicolenus barathri,-33.467,152.067
2335344,2335344,Helicolenus barathri,-33.5,152.083
2335344,2335344,Helicolenus barathri,-33.5,152.067
2335344,2335344,Helicolenus barathri,-33.667,151.883
2335344,2335344,Helicolenus barathri,-37.117,150.333
2335344,2335344,Helicolenus barathri,-37.183,150.367
2335344,2335344,Helicolenus barathri,-33.583,151.95
2335344,2335344,Helicolenus barathri,-37.3,150.35
2335344,2335344,Helicolenus barathri,-37.2,150.35
2335344,2335344,Helicolenus barathri,-37.7,150.25
2335344,2335344,Helicolenus barathri,-38.067,150.05
2335344,2335344,Helicolenus barathri,-37.717,150.25
2335344,2335344,Helicolenus barathri,-38.083,149.983
2335344,2335344,Helicolenus barathri,-37.7,150.267
2335344,2335344,Helicolenus barathri,-37.767,150.233
2335344,2335344,Helicolenus barathri,-37.65,150.25
2335344,2335344,Helicolenus barathri,-38.2,149.85
2335344,2335344,Helicolenus barathri,-38.167,149.967
2335344,2335344,Helicolenus barathri,-29.858334,153.71666
2335344,2335344,Helicolenus barathri,-35.683,150.65
2335344,2335344,Helicolenus barathri,-35.583,150.717
2335344,2335344,Helicolenus barathri,-35.633,150.683
2335344,2335344,Helicolenus barathri,-35.75,150.6
2335344,2335344,Helicolenus barathri,-35.767,150.6
2335344,2335344,Helicolenus barathri,-35.533,150.733
2335344,2335344,Helicolenus barathri,-35.75,150.617
2335344,2335344,Helicolenus barathri,-35.55,150.767
2335344,2335344,Helicolenus barathri,-35.667,150.667
2335344,2335344,Helicolenus barathri,-35.617,150.7
2335344,2335344,Helicolenus barathri,-33.55,151.95
2335344,2335344,Helicolenus barathri,-35.55,150.767
2335344,2335344,Helicolenus barathri,-33.7,151.883
2335344,2335344,Helicolenus barathri,-35.533,150.75
2335344,2335344,Helicolenus barathri,-35.533,150.767
2335344,2335344,Helicolenus barathri,-35.583,150.733
2335344,2335344,Helicolenus barathri,-35.55,150.75
2335344,2335344,Helicolenus barathri,-30.45,153.4
2335344,2335344,Helicolenus barathri,-35.55,150.75
2335344,2335344,Helicolenus barathri,-35.667,150.683
2335344,2335344,Helicolenus barathri,-32.067,153.067
2335344,2335344,Helicolenus barathri,-29.867,153.717
2335344,2335344,Helicolenus barathri,-32.283,153
2335344,2335344,Helicolenus barathri,-29.883,153.7
2335344,2335344,Helicolenus barathri,-32.333,153
2335344,2335344,Helicolenus barathri,-33.667,151.85
2335344,2335344,Helicolenus barathri,-33.6,151.933
2335344,2335344,Helicolenus barathri,-33.75,151.867
2335344,2335344,Helicolenus barathri,-33.517,152.033
2335344,2335344,Helicolenus barathri,-33.433,152.083
2335344,2335344,Helicolenus barathri,-33.65,151.917
2335344,2335344,Helicolenus barathri,-33.55,152
2335344,2335344,Helicolenus barathri,-33.517,152.05
2335344,2335344,Helicolenus barathri,-33.7,151.867
2335344,2335344,Helicolenus barathri,-33.7,151.883
2335344,2335344,Helicolenus barathri,-33.633,151.983
2335344,2335344,Helicolenus barathri,-33.667,151.917
2335344,2335344,Helicolenus barathri,-33.633,151.967
2335344,2335344,Helicolenus barathri,-33.6,151.95
2335344,2335344,Helicolenus barathri,-33.583,151.967
2335344,2335344,Helicolenus barathri,-33.55,152.033
2335344,2335344,Helicolenus barathri,-33.517,152.033
2335344,2335344,Helicolenus barathri,-37.183,150.35
2335344,2335344,Helicolenus barathri,-37.2,150.35
2335344,2335344,Helicolenus barathri,-37.183,150.333
2335344,2335344,Helicolenus barathri,-37.2,150.367
2335344,2335344,Helicolenus barathri,-37.7,150.233
2335344,2335344,Helicolenus barathri,-37.217,150.367
2335344,2335344,Helicolenus barathri,-37.233,150.35
2335344,2335344,Helicolenus barathri,-37.083,150.333
2335344,2335344,Helicolenus barathri,-37.733,150.217
2335344,2335344,Helicolenus barathri,-37.683,150.267
2335344,2335344,Helicolenus barathri,-37.783,150.217
2335344,2335344,Helicolenus barathri,-37.217,150.383
2335344,2335344,Helicolenus barathri,-37.783,150.233
2335344,2335344,Helicolenus barathri,-37.65,150.283
2335344,2335344,Helicolenus barathri,-37.717,150.233
2335344,2335344,Helicolenus barathri,-37.7,150.267
2335344,2335344,Helicolenus barathri,-37.683,150.283
2335344,2335344,Helicolenus barathri,-34.533,151.333
2335344,2335344,Helicolenus barathri,-33.717,151.817
2335344,2335344,Helicolenus barathri,-37.683,150.283
2335344,2335344,Helicolenus barathri,-33.75,151.85
2335344,2335344,Helicolenus barathri,-34.717,151.233
2335344,2335344,Helicolenus barathri,-37.733,150.233
2335344,2335344,Helicolenus barathri,-35.5,150.767
2335344,2335344,Helicolenus barathri,-35.55,150.767
2335344,2335344,Helicolenus barathri,-37.75,150.2
2335344,2335344,Helicolenus barathri,-37.733,150.283
2335344,2335344,Helicolenus barathri,-35.55,150.767
2335344,2335344,Helicolenus barathri,-33.633,151.933
2335344,2335344,Helicolenus barathri,-34.917,151.15
2335344,2335344,Helicolenus barathri,-34.967,151.117
2335344,2335344,Helicolenus barathri,-33.15,152.417
2335344,2335344,Helicolenus barathri,-33.017,152.55
2335344,2335344,Helicolenus barathri,-33.767,151.833
2335344,2335344,Helicolenus barathri,-33.717,151.867
2335344,2335344,Helicolenus barathri,-33.65,151.917
2335344,2335344,Helicolenus barathri,-33.717,151.85
2335344,2335344,Helicolenus barathri,-33.767,151.8
2335344,2335344,Helicolenus barathri,-33.75,151.85
2335344,2335344,Helicolenus barathri,-33.667,151.9
2335344,2335344,Helicolenus barathri,-33.667,151.883
2335344,2335344,Helicolenus barathri,-33.667,151.883
2335344,2335344,Helicolenus barathri,-33.75,151.8
2335344,2335344,Helicolenus barathri,-33.633,151.933
2335344,2335344,Helicolenus barathri,-33.5,151.967
2335344,2335344,Helicolenus barathri,-33.5,152.05
2335344,2335344,Helicolenus barathri,-33.733,151.867
2335344,2335344,Helicolenus barathri,-33.5,152.067
2335344,2335344,Helicolenus barathri,-34.333,151.417
2335344,2335344,Helicolenus barathri,-35.55,150.75
2335344,2335344,Helicolenus barathri,-35.717,150.617
2335344,2335344,Helicolenus barathri,-35.5,150.783
2335344,2335344,Helicolenus barathri,-35.533,150.75
2335344,2335344,Helicolenus barathri,-35.517,150.767
2335344,2335344,Helicolenus barathri,-35.533,150.767
2335344,2335344,Helicolenus barathri,-33.633,151.917
2335344,2335344,Helicolenus barathri,-33.533,152
2335344,2335344,Helicolenus barathri,-35.55,150.767
2335344,2335344,Helicolenus barathri,-35.617,150.683
2335344,2335344,Helicolenus barathri,-35.533,150.75
2335344,2335344,Helicolenus barathri,-35.533,150.75
2335344,2335344,Helicolenus barathri,-35.667,150.65
2335344,2335344,Helicolenus barathri,-35.5,150.767
2335344,2335344,Helicolenus barathri,-35.5,150.8
2335344,2335344,Helicolenus barathri,-35.617,150.7
2335344,2335344,Helicolenus barathri,-35.55,150.717
2335344,2335344,Helicolenus barathri,-35.75,150.6
2335344,2335344,Helicolenus barathri,-35.5,150.8
2335344,2335344,Helicolenus barathri,-35.533,150.783
2335344,2335344,Helicolenus barathri,-37.367,150.333
2335344,2335344,Helicolenus barathri,-33.7,151.85
2335344,2335344,Helicolenus barathri,-33.433,152.15
2335344,2335344,Helicolenus barathri,-33.633,151.933
2335344,2335344,Helicolenus barathri,-33.467,152.117
2335344,2335344,Helicolenus barathri,-33.45,152.083
2335344,2335344,Helicolenus barathri,-33.533,152.05
2335344,2335344,Helicolenus barathri,-33.567,151.983
2335344,2335344,Helicolenus barathri,-33.583,152
2335344,2335344,Helicolenus barathri,-33.45,152.1
2335344,2335344,Helicolenus barathri,-33.583,151.967
2335344,2335344,Helicolenus barathri,-33.717,151.833
2335344,2335344,Helicolenus barathri,-33.45,152.15
2335344,2335344,Helicolenus barathri,-33.517,152.083
2335344,2335344,Helicolenus barathri,-33.7,151.85
2335344,2335344,Helicolenus barathri,-33.617,152
2335344,2335344,Helicolenus barathri,-35.517,150.75
2335344,2335344,Helicolenus barathri,-35.717,150.65
2335344,2335344,Helicolenus barathri,-35.6,150.7
2335344,2335344,Helicolenus barathri,-35.667,150.65
2335344,2335344,Helicolenus barathri,-33.483,152.05
2335344,2335344,Helicolenus barathri,-33.55,151.983
2335344,2335344,Helicolenus barathri,-35.7,150.65
2335344,2335344,Helicolenus barathri,-35.567,150.75
2335344,2335344,Helicolenus barathri,-35.55,150.733
2335344,2335344,Helicolenus barathri,-35.567,150.733
2335344,2335344,Helicolenus barathri,-35.55,150.733
2335344,2335344,Helicolenus barathri,-35.55,150.75
2335344,2335344,Helicolenus barathri,-35.533,150.767
2335344,2335344,Helicolenus barathri,-35.55,150.717
2335344,2335344,Helicolenus barathri,-35.783,150.6
2335344,2335344,Helicolenus barathri,-35.567,150.733
2335344,2335344,Helicolenus barathri,-35.667,150.667
2335344,2335344,Helicolenus barathri,-35.633,150.683
2335344,2335344,Helicolenus barathri,-35.55,150.733
2335344,2335344,Helicolenus barathri,-33.61,151.91
2335344,2335344,Helicolenus barathri,-35.7,150.65
2335344,2335344,Helicolenus barathri,-35.583,150.733
2335344,2335344,Helicolenus barathri,-33.667,151.883
2335344,2335344,Helicolenus barathri,-33.633,151.95
2335344,2335344,Helicolenus barathri,-33.567,151.967
2335344,2335344,Helicolenus barathri,-33.55,152
2335344,2335344,Helicolenus barathri,-34.291668,151.43333
2335344,2335344,Helicolenus barathri,-33.066666,152.475
2335344,2335344,Helicolenus barathri,-33.458332,152.08333
2335344,2335344,Helicolenus barathri,-31.8,153.2
2335344,2335344,Helicolenus barathri,-33.183334,152.4
2335344,2335344,Helicolenus barathri,-33.183334,152.4
2335344,2335344,Helicolenus barathri,-33.025,152.525
2335344,2335344,Helicolenus barathri,-33.766666,151.86667
2335344,2335344,Helicolenus barathri,-33.7,151.83333
2335344,2335344,Helicolenus barathri,-32.866665,152.65
2335344,2335344,Helicolenus barathri,-35.566666,150.725
2335344,2335344,Helicolenus barathri,-37.7,150.25
2335344,2335344,Helicolenus barathri,-33.866665,151.8
2335344,2335344,Helicolenus barathri,-37.875,139.783
2335344,2335344,Helicolenus barathri,-35.016666,134.26666
2335344,2335344,Helicolenus barathri,-40.914444,143.74667
2335344,2335344,Helicolenus barathri,-33.3822,130.2535
2335344,2335344,Helicolenus barathri,-33.3822,130.2535
2335344,2335344,Helicolenus barathri,-33.3822,130.2535
2335344,2335344,Helicolenus barathri,-34.2483,132.622
