requested_taxonKey,record_taxonKey,species_name,decimalLatitude,decimalLongitude
2335074,2335084,Hoplichthys haswelli,-33.266666,152.21527
2335074,2335086,Hoplichthys ogilbyi,-31.695278,153.15083
2335074,2335084,Hoplichthys haswelli,-33.266666,152.21527
2335074,2335086,Hoplichthys ogilbyi,-31.695278,153.15083
2335074,2335084,Hoplichthys haswelli,-39.062167,148.658
2335074,2335084,Hoplichthys haswelli,-39.105333,148.6515
2335074,2335084,Hoplichthys haswelli,-39.062167,148.658
2335074,2335084,Hoplichthys haswelli,-39.105333,148.6515
2335074,2335084,Hoplichthys haswelli,-39.062167,148.658
2335074,2335084,Hoplichthys haswelli,-39.105333,148.6515
2335074,2335084,Hoplichthys haswelli,-39.062167,148.658
2335074,2335084,Hoplichthys haswelli,-39.105333,148.6515
2335074,2335084,Hoplichthys haswelli,-39.29805,148.65133
2335074,2335084,Hoplichthys haswelli,-36.381071,150.332662
2335074,2335084,Hoplichthys haswelli,-39.29805,148.65133
2335074,2335084,Hoplichthys haswelli,-36.381071,150.332662
2335074,2335084,Hoplichthys haswelli,-37.916943,150.04556
2335074,2335084,Hoplichthys haswelli,-36.371113,150.3186
2335074,2335084,Hoplichthys haswelli,-37.9525,150.07527
2335074,2335084,Hoplichthys haswelli,-36.37361,150.335
2335074,2335084,Hoplichthys haswelli,-36.37361,150.335
2335074,2335084,Hoplichthys haswelli,-39.293888,148.65639
2335074,2335084,Hoplichthys haswelli,-37.9525,150.07527
2335074,2335084,Hoplichthys haswelli,-39.293888,148.65639
2335074,2335084,Hoplichthys haswelli,-36.371113,150.3186
2335074,2335081,Hoplichthys filamentosus,-22.374698,113.627279
2335074,2335081,Hoplichthys filamentosus,-22.369735,113.631536
2335074,2335081,Hoplichthys filamentosus,-22.374698,113.627279
2335074,2335081,Hoplichthys filamentosus,-22.369735,113.631536
2335074,2335081,Hoplichthys filamentosus,-22.786814,113.406914
2335074,2335081,Hoplichthys filamentosus,-21.721115,113.858302
2335074,2335081,Hoplichthys filamentosus,-22.786814,113.406914
2335074,2335081,Hoplichthys filamentosus,-22.786814,113.406914
2335074,2335081,Hoplichthys filamentosus,-21.721115,113.858302
2335074,2335081,Hoplichthys filamentosus,-22.786814,113.406914
2335074,2335074,"Hoplichthys Cuvier, 1829",-34.11639,151.22305
2335074,2335074,"Hoplichthys Cuvier, 1829",-27.345,153.562
2335074,2335074,"Hoplichthys Cuvier, 1829",-27.38889,153.58028
2335074,2335084,Hoplichthys haswelli,-33.488167,131.074
2335074,2335084,Hoplichthys haswelli,-33.381167,130.256
2335074,2335084,Hoplichthys haswelli,-34.253667,132.623
2335074,2335084,Hoplichthys haswelli,-33.488167,131.074
2335074,2335084,Hoplichthys haswelli,-33.423333,130.735
2335074,2335084,Hoplichthys haswelli,-33.488167,131.074
2335074,10250979,Hoplichthys haswelli,-33.38333,130.251
2335074,10250979,Hoplichthys haswelli,-33.49233,131.062
2335074,2335084,Hoplichthys haswelli,-33.381100000000004,130.256
2335074,2335084,Hoplichthys haswelli,-33.381100000000004,130.256
2335074,2335084,Hoplichthys haswelli,-33.381100000000004,130.256
2335074,2335084,Hoplichthys haswelli,-33.381100000000004,130.256
2335074,2335084,Hoplichthys haswelli,-33.42485,130.7275
2335074,2335084,Hoplichthys haswelli,-33.42485,130.7275
2335074,2335084,Hoplichthys haswelli,-33.42485,130.7275
2335074,2335084,Hoplichthys haswelli,-33.42485,130.7275
2335074,2335084,Hoplichthys haswelli,-33.42485,130.7275
2335074,2335084,Hoplichthys haswelli,-33.42485,130.7275
2335074,2335084,Hoplichthys haswelli,-33.42485,130.7275
2335074,2335084,Hoplichthys haswelli,-33.42485,130.7275
2335074,2335084,Hoplichthys haswelli,-33.42485,130.7275
2335074,2335084,Hoplichthys haswelli,-33.42485,130.7275
2335074,2335084,Hoplichthys haswelli,-33.381167,130.256
2335074,2335084,Hoplichthys haswelli,-33.423333,130.735
2335074,2335084,Hoplichthys haswelli,-34.253667,132.623
2335074,2335084,Hoplichthys haswelli,-33.488167,131.074
2335074,2335084,Hoplichthys haswelli,-33.488167,131.074
2335074,2335084,Hoplichthys haswelli,-33.488167,131.074
2335074,2335084,Hoplichthys haswelli,-35.044,134.09
2335074,10250979,Hoplichthys haswelli,-35.044,134.09
2335074,10250979,Hoplichthys haswelli,-35.044,134.09
2335074,10250979,Hoplichthys haswelli,-35.044,134.09
2335074,10250979,Hoplichthys haswelli,-35.044,134.09
2335074,10250979,Hoplichthys haswelli,-35.044,134.09
2335074,2335084,Hoplichthys haswelli,-35.044,134.09
2335074,2335084,Hoplichthys haswelli,-35.044,134.09
2335074,2335084,Hoplichthys haswelli,-33.4516,130.6865
2335074,2335074,"Hoplichthys Cuvier, 1829",-32.8413,152.2525
2335074,2335074,"Hoplichthys Cuvier, 1829",-32.8542,152.2531
2335074,2335074,"Hoplichthys Cuvier, 1829",-32.842,152.25
2335074,2335084,Hoplichthys haswelli,-35.2,150.983333
2335074,10250979,Hoplichthys haswelli,-35.2,150.983
2335074,2335084,Hoplichthys haswelli,-35.2,150.983333
2335074,2335084,Hoplichthys haswelli,-37.592,139.433
2335074,2335084,Hoplichthys haswelli,-37.592,139.433
2335074,2335084,Hoplichthys haswelli,-36.45375,136.44542
2335074,2335081,Hoplichthys filamentosus,-17.5289,118.844
2335074,2335081,Hoplichthys filamentosus,-24.702333,112.230833
2335074,2335081,Hoplichthys filamentosus,-24.702333,112.230833
2335074,2335074,"Hoplichthys Cuvier, 1829",-31.8333,115.017
2335074,2335074,"Hoplichthys Cuvier, 1829",-31.8333,115.017
2335074,2335074,"Hoplichthys Cuvier, 1829",-24.5833,112.25
2335074,2335074,"Hoplichthys Cuvier, 1829",-31.8333,115.017
2335074,2335074,"Hoplichthys Cuvier, 1829",-24.5833,112.25
2335074,2335074,"Hoplichthys Cuvier, 1829",-31.8333,115.017
2335074,2335081,Hoplichthys filamentosus,-24.702333,112.230833
2335074,2335081,Hoplichthys filamentosus,-24.702333,112.230833
2335074,2335081,Hoplichthys filamentosus,-18.512167,117.691833
2335074,2335081,Hoplichthys filamentosus,-18.512167,117.691833
2335074,2335081,Hoplichthys filamentosus,-18.512167,117.691833
2335074,10402184,BOLD:AAC8684,-19.8,115.28333
2335074,10402184,BOLD:AAC8684,-19.8,115.28333
2335074,10402184,BOLD:AAC8684,-19.8,115.28333
2335074,2335074,"Hoplichthys Cuvier, 1829",-18.4167,117.767
2335074,2335074,"Hoplichthys Cuvier, 1829",-18.4167,117.7667
2335074,2335081,Hoplichthys filamentosus,-18.512167,117.691833
2335074,2335081,Hoplichthys filamentosus,-18.512167,117.691833
2335074,2335081,Hoplichthys filamentosus,-18.512167,117.691833
2335074,7490829,Hoplichthys mcgroutheri,-35.381667,117.207
2335074,7490829,Hoplichthys mcgroutheri,-35.233667,118.664
2335074,7490829,Hoplichthys mcgroutheri,-35.369,118.335
2335074,10250979,Hoplichthys haswelli,-35.21667,118.66667
2335074,7490829,Hoplichthys mcgroutheri,-35.233667,118.664
2335074,7490829,Hoplichthys mcgroutheri,-35.381667,117.207
2335074,7490829,Hoplichthys mcgroutheri,-35.369,118.335
2335074,2335081,Hoplichthys filamentosus,-27.1335,112.751
2335074,2335081,Hoplichthys filamentosus,-27.1335,112.751
2335074,2335081,Hoplichthys filamentosus,-31.0125,114.825
2335074,2335081,Hoplichthys filamentosus,-25.927667,112.243
2335074,10007108,BOLD:AAC8683,-24.6167,112.667
2335074,10157658,BOLD:AAC2925,-27.1333,112.75
2335074,10647497,BOLD:AAC8685,-24.5667,112.25
2335074,10157658,BOLD:AAC2925,-25.9333,112.233
2335074,10157658,BOLD:AAC2925,-25.9333,112.233
2335074,2335074,"Hoplichthys Cuvier, 1829",-24.6167,112.667
2335074,2335074,"Hoplichthys Cuvier, 1829",-24.5667,112.25
2335074,2335074,"Hoplichthys Cuvier, 1829",-24.5667,112.25
2335074,2335081,Hoplichthys filamentosus,-27.1335,112.751
2335074,2335081,Hoplichthys filamentosus,-25.927667,112.243
2335074,2335081,Hoplichthys filamentosus,-27.1335,112.751
2335074,2335081,Hoplichthys filamentosus,-31.0125,114.825
2335074,2335074,"Hoplichthys Cuvier, 1829",-28.999,153.7477
2335074,2335074,"Hoplichthys Cuvier, 1829",-29.666666,153.54167
2335074,2335084,Hoplichthys haswelli,-29.75,153.25
2335074,2335084,Hoplichthys haswelli,-29.25,154.25
2335074,2335084,Hoplichthys haswelli,-31.25,152.75
2335074,2335084,Hoplichthys haswelli,-30.25,153.25
2335074,2335084,Hoplichthys haswelli,-29.25,153.25
2335074,2335084,Hoplichthys haswelli,-31.25,153.25
2335074,2335084,Hoplichthys haswelli,-30.75,153.25
2335074,2335084,Hoplichthys haswelli,-29.75,153.75
2335074,2335084,Hoplichthys haswelli,-31.75,152.75
2335074,2335084,Hoplichthys haswelli,-30.25,153.75
2335074,2335084,Hoplichthys haswelli,-31.75,153.25
2335074,2335084,Hoplichthys haswelli,-29.25,153.75
2335074,2335084,Hoplichthys haswelli,-30.75,152.75
2335074,2335084,Hoplichthys haswelli,-36.217,150.383
2335074,2335084,Hoplichthys haswelli,-36.217,150.383
2335074,2335084,Hoplichthys haswelli,-36.217,150.383
2335074,2335084,Hoplichthys haswelli,-36.217,150.383
2335074,2335084,Hoplichthys haswelli,-36.2,150.383
2335074,2335084,Hoplichthys haswelli,-36.417,150.333
2335074,2335084,Hoplichthys haswelli,-36.217,150.383
2335074,2335084,Hoplichthys haswelli,-36.183,150.4
2335074,2335084,Hoplichthys haswelli,-36.2,150.4
2335074,2335084,Hoplichthys haswelli,-36.183,150.4
2335074,2335084,Hoplichthys haswelli,-36.65,150.333
2335074,2335084,Hoplichthys haswelli,-36.217,150.383
2335074,2335084,Hoplichthys haswelli,-36.217,150.383
2335074,2335084,Hoplichthys haswelli,-36.183,150.383
2335074,2335084,Hoplichthys haswelli,-36.2,150.4
2335074,2335084,Hoplichthys haswelli,-36.2,150.383
2335074,2335084,Hoplichthys haswelli,-36.3,150.333
2335074,2335084,Hoplichthys haswelli,-36.433,150.35
2335074,2335084,Hoplichthys haswelli,-36.433,150.333
2335074,2335084,Hoplichthys haswelli,-36.667,150.333
2335074,2335084,Hoplichthys haswelli,-36.483,150.333
2335074,2335084,Hoplichthys haswelli,-36.65,150.333
2335074,2335084,Hoplichthys haswelli,-36.667,150.333
2335074,2335081,Hoplichthys filamentosus,-37.191666,150.38333
2335074,2335084,Hoplichthys haswelli,-36.667,150.333
2335074,2335084,Hoplichthys haswelli,-36.667,150.35
2335074,2335084,Hoplichthys haswelli,-36.667,150.333
2335074,2335084,Hoplichthys haswelli,-36.667,150.333
2335074,2335084,Hoplichthys haswelli,-36.417,150.35
2335074,2335084,Hoplichthys haswelli,-36.417,150.35
2335074,2335084,Hoplichthys haswelli,-36.417,150.35
2335074,2335084,Hoplichthys haswelli,-36.2,150.383
2335074,2335084,Hoplichthys haswelli,-36.217,150.4
2335074,2335084,Hoplichthys haswelli,-36.2,150.383
2335074,2335084,Hoplichthys haswelli,-36.2,150.4
2335074,2335084,Hoplichthys haswelli,-36.2,150.4
2335074,2335081,Hoplichthys filamentosus,-36.2,150.383
2335074,2335084,Hoplichthys haswelli,-30.75,153.25
2335074,2335084,Hoplichthys haswelli,-29.25,154.25
2335074,2335084,Hoplichthys haswelli,-29.25,153.75
2335074,2335084,Hoplichthys haswelli,-31.25,152.75
2335074,2335084,Hoplichthys haswelli,-29.75,153.25
2335074,2335084,Hoplichthys haswelli,-30.25,153.25
2335074,2335084,Hoplichthys haswelli,-31.25,153.25
2335074,2335084,Hoplichthys haswelli,-31.75,152.75
2335074,2335084,Hoplichthys haswelli,-30.25,153.75
2335074,2335084,Hoplichthys haswelli,-30.75,152.75
2335074,2335084,Hoplichthys haswelli,-29.75,153.75
2335074,2335084,Hoplichthys haswelli,-29.25,153.25
2335074,2335084,Hoplichthys haswelli,-31.75,153.25
2335074,2335084,Hoplichthys haswelli,-36.417,150.333
2335074,2335084,Hoplichthys haswelli,-36.417,150.333
2335074,2335084,Hoplichthys haswelli,-36.417,150.333
2335074,2335084,Hoplichthys haswelli,-36.2,150.383
2335074,2335084,Hoplichthys haswelli,-38.208833,149.679333
2335074,2335084,Hoplichthys haswelli,-36.65,150.333
2335074,2335084,Hoplichthys haswelli,-36.517,150.35
2335074,2335084,Hoplichthys haswelli,-36.467,150.35
2335074,2335084,Hoplichthys haswelli,-36.5,150.35
2335074,2335084,Hoplichthys haswelli,-36.417,150.35
2335074,2335084,Hoplichthys haswelli,-38.208833,149.679333
2335074,2335084,Hoplichthys haswelli,-36.45,150.35
2335074,2335084,Hoplichthys haswelli,-36.433,150.35
2335074,2335084,Hoplichthys haswelli,-36.417,150.35
2335074,2335084,Hoplichthys haswelli,-36.667,150.333
2335074,2335084,Hoplichthys haswelli,-36.667,150.333
2335074,2335084,Hoplichthys haswelli,-36.517,150.283
2335074,2335084,Hoplichthys haswelli,-36.7,150.35
2335074,2335084,Hoplichthys haswelli,-36.417,150.333
2335074,2335084,Hoplichthys haswelli,-36.417,150.35
2335074,2335084,Hoplichthys haswelli,-36.2,150.383
2335074,2335084,Hoplichthys haswelli,-36.217,150.4
2335074,2335084,Hoplichthys haswelli,-36.2,150.4
2335074,2335084,Hoplichthys haswelli,-36.2,150.383
2335074,2335084,Hoplichthys haswelli,-36.4,150.317
2335074,2335084,Hoplichthys haswelli,-36.4,150.333
2335074,2335084,Hoplichthys haswelli,-36.5,150.35
2335074,2335084,Hoplichthys haswelli,-36.417,150.35
2335074,2335084,Hoplichthys haswelli,-36.4,150.317
2335074,2335084,Hoplichthys haswelli,-28.25,154.25
2335074,2335084,Hoplichthys haswelli,-29.75,153.25
2335074,2335084,Hoplichthys haswelli,-30.25,153.25
2335074,2335084,Hoplichthys haswelli,-28.75,153.25
2335074,2335084,Hoplichthys haswelli,-30.75,153.25
2335074,2335084,Hoplichthys haswelli,-28.75,154.25
2335074,2335084,Hoplichthys haswelli,-30.75,152.75
2335074,2335084,Hoplichthys haswelli,-29.75,153.75
2335074,2335084,Hoplichthys haswelli,-29.25,153.75
2335074,2335084,Hoplichthys haswelli,-28.75,153.75
2335074,2335084,Hoplichthys haswelli,-28.25,153.75
2335074,2335084,Hoplichthys haswelli,-30.25,153.75
2335074,2335084,Hoplichthys haswelli,-29.25,154.25
2335074,2335084,Hoplichthys haswelli,-29.25,153.25
2335074,2335084,Hoplichthys haswelli,-36.217,150.4
2335074,2335084,Hoplichthys haswelli,-36.233,150.4
2335074,2335084,Hoplichthys haswelli,-36.2,150.4
2335074,2335084,Hoplichthys haswelli,-36.183,150.417
2335074,2335084,Hoplichthys haswelli,-36.433,150.333
2335074,2335084,Hoplichthys haswelli,-36.433,150.333
2335074,2335084,Hoplichthys haswelli,-36.433,150.333
2335074,2335084,Hoplichthys haswelli,-36.433,150.333
2335074,2335084,Hoplichthys haswelli,-36.217,150.383
2335074,2335084,Hoplichthys haswelli,-36.217,150.4
2335074,2335084,Hoplichthys haswelli,-36.417,150.333
2335074,2335084,Hoplichthys haswelli,-36.433,150.333
2335074,2335084,Hoplichthys haswelli,-36.467,150.35
2335074,2335084,Hoplichthys haswelli,-36.433,150.333
2335074,2335084,Hoplichthys haswelli,-36.433,150.35
2335074,2335084,Hoplichthys haswelli,-38.12585,149.50655
2335074,2335084,Hoplichthys haswelli,-38.12585,149.50655
2335074,2335084,Hoplichthys haswelli,-38.12585,149.50655
2335074,2335084,Hoplichthys haswelli,-37.667,150.267
2335074,2335084,Hoplichthys haswelli,-37.667,150.183
2335074,2335084,Hoplichthys haswelli,-37.717,150.167
2335074,2335084,Hoplichthys haswelli,-37.683,150.233
2335074,2335084,Hoplichthys haswelli,-37.667,150.233
2335074,2335084,Hoplichthys haswelli,-37.717,150.233
2335074,2335084,Hoplichthys haswelli,-37.133,150.333
2335074,2335084,Hoplichthys haswelli,-37.2,150.367
2335074,2335084,Hoplichthys haswelli,-37.667,150.25
2335074,2335084,Hoplichthys haswelli,-37.533,150.25
2335074,2335084,Hoplichthys haswelli,-37.533,150.267
2335074,2335084,Hoplichthys haswelli,-37.733,150.25
2335074,2335084,Hoplichthys haswelli,-37.233,150.367
2335074,2335084,Hoplichthys haswelli,-37.183,150.35
2335074,2335084,Hoplichthys haswelli,-37.65,150.267
2335074,2335084,Hoplichthys haswelli,-37.667,150.267
2335074,2335084,Hoplichthys haswelli,-37.683,150.283
2335074,2335084,Hoplichthys haswelli,-37.683,150.283
2335074,2335084,Hoplichthys haswelli,-37.733,150.15
2335074,2335084,Hoplichthys haswelli,-37.65,150.267
2335074,2335084,Hoplichthys haswelli,-35.533,150.75
2335074,2335084,Hoplichthys haswelli,-35.617,150.7
2335074,2335084,Hoplichthys haswelli,-35.583,150.7
2335074,2335084,Hoplichthys haswelli,-35.583,150.717
2335074,2335084,Hoplichthys haswelli,-35.583,150.733
2335074,2335084,Hoplichthys haswelli,-35.583,150.733
2335074,2335074,"Hoplichthys Cuvier, 1829",-38.2724,140.274
2335074,2335084,Hoplichthys haswelli,-36.83583,150.31583
2335074,2335084,Hoplichthys haswelli,-37.93333,150.0325
2335074,2335084,Hoplichthys haswelli,-37.93333,150.0325
2335074,2335084,Hoplichthys haswelli,-37.93333,150.0325
2335074,2335084,Hoplichthys haswelli,-37.93333,150.0325
2335074,2335084,Hoplichthys haswelli,-37.93333,150.0325
2335074,2335084,Hoplichthys haswelli,-37.93333,150.0325
2335074,2335084,Hoplichthys haswelli,-37.93333,150.0325
2335074,2335084,Hoplichthys haswelli,-37.93333,150.0325
2335074,2335084,Hoplichthys haswelli,-37.93333,150.0325
2335074,2335084,Hoplichthys haswelli,-37.93333,150.0325
2335074,2335084,Hoplichthys haswelli,-37.93333,150.0325
2335074,2335084,Hoplichthys haswelli,-37.93333,150.0325
2335074,2335084,Hoplichthys haswelli,-38.03833,149.11334
2335074,2335084,Hoplichthys haswelli,-38.54666,148.42084
2335074,2335084,Hoplichthys haswelli,-38.54666,148.42084
2335074,2335084,Hoplichthys haswelli,-38.54666,148.42084
2335074,2335084,Hoplichthys haswelli,-38.54666,148.42084
2335074,2335084,Hoplichthys haswelli,-38.54666,148.42084
2335074,2335084,Hoplichthys haswelli,-38.54666,148.42084
2335074,2335084,Hoplichthys haswelli,-38.54666,148.42084
2335074,2335084,Hoplichthys haswelli,-38.54666,148.42084
2335074,2335084,Hoplichthys haswelli,-38.54666,148.42084
2335074,2335084,Hoplichthys haswelli,-38.61666,148.35334
2335074,2335084,Hoplichthys haswelli,-38.54666,148.42084
2335074,2335084,Hoplichthys haswelli,-38.54666,148.42084
2335074,2335084,Hoplichthys haswelli,-38.54666,148.42084
2335074,2335084,Hoplichthys haswelli,-38.54666,148.42084
2335074,2335084,Hoplichthys haswelli,-38.54666,148.42084
2335074,2335084,Hoplichthys haswelli,-38.54666,148.42084
2335074,2335084,Hoplichthys haswelli,-38.17083,149.28584
2335074,2335084,Hoplichthys haswelli,-37.93333,150.0325
2335074,2335084,Hoplichthys haswelli,-36.83583,150.31583
2335074,2335084,Hoplichthys haswelli,-36.83583,150.31583
2335074,2335084,Hoplichthys haswelli,-36.83583,150.31583
2335074,2335084,Hoplichthys haswelli,-36.83583,150.31583
2335074,2335084,Hoplichthys haswelli,-36.83583,150.31583
2335074,2335084,Hoplichthys haswelli,-36.83583,150.31583
2335074,2335084,Hoplichthys haswelli,-36.83583,150.31583
2335074,2335084,Hoplichthys haswelli,-36.83583,150.31583
2335074,2335084,Hoplichthys haswelli,-36.83583,150.31583
2335074,2335084,Hoplichthys haswelli,-36.83583,150.31583
2335074,2335084,Hoplichthys haswelli,-37.93333,150.0325
2335074,2335084,Hoplichthys haswelli,-37.93333,150.0325
2335074,2335084,Hoplichthys haswelli,-37.93333,150.0325
2335074,2335084,Hoplichthys haswelli,-37.93333,150.0325
2335074,2335084,Hoplichthys haswelli,-37.93333,150.0325
2335074,2335084,Hoplichthys haswelli,-37.93333,150.0325
2335074,2335084,Hoplichthys haswelli,-37.93333,150.0325
2335074,2335084,Hoplichthys haswelli,-37.93333,150.0325
2335074,2335084,Hoplichthys haswelli,-37.93333,150.0325
2335074,2335084,Hoplichthys haswelli,-37.93333,150.0325
2335074,2335084,Hoplichthys haswelli,-37.93333,150.0325
2335074,2335084,Hoplichthys haswelli,-37.93333,150.0325
2335074,2335084,Hoplichthys haswelli,-36.83583,150.31583
2335074,2335084,Hoplichthys haswelli,-36.83583,150.31583
2335074,2335084,Hoplichthys haswelli,-36.83583,150.31583
2335074,2335084,Hoplichthys haswelli,-36.83583,150.31583
2335074,2335084,Hoplichthys haswelli,-36.83583,150.31583
2335074,2335084,Hoplichthys haswelli,-36.83583,150.31583
2335074,2335084,Hoplichthys haswelli,-36.83583,150.31583
2335074,2335084,Hoplichthys haswelli,-36.83583,150.31583
2335074,2335084,Hoplichthys haswelli,-36.83583,150.31583
2335074,2335084,Hoplichthys haswelli,-36.83583,150.31583
2335074,2335084,Hoplichthys haswelli,-36.85833,150.30833
2335074,2335084,Hoplichthys haswelli,-36.85833,150.30833
2335074,2335084,Hoplichthys haswelli,-37.94833,150.03166
2335074,2335084,Hoplichthys haswelli,-36.85833,150.30833
2335074,2335084,Hoplichthys haswelli,-36.85833,150.30833
2335074,2335084,Hoplichthys haswelli,-36.85833,150.30833
2335074,2335084,Hoplichthys haswelli,-36.85833,150.30833
2335074,2335084,Hoplichthys haswelli,-36.85833,150.30833
2335074,2335084,Hoplichthys haswelli,-37.94833,150.03166
2335074,2335084,Hoplichthys haswelli,-33.733,151.883
2335074,2335084,Hoplichthys haswelli,-33.767,151.817
2335074,2335084,Hoplichthys haswelli,-33.667,151.95
2335074,2335084,Hoplichthys haswelli,-33.683,151.917
2335074,2335084,Hoplichthys haswelli,-33.767,151.867
2335074,2335084,Hoplichthys haswelli,-33.633,151.917
2335074,2335084,Hoplichthys haswelli,-33.533,152.017
2335074,2335084,Hoplichthys haswelli,-33.533,152
2335074,2335084,Hoplichthys haswelli,-33.75,151.9
2335074,2335084,Hoplichthys haswelli,-33.683,151.883
2335074,2335084,Hoplichthys haswelli,-33.633,151.95
2335074,2335084,Hoplichthys haswelli,-33.55,152.05
2335074,2335084,Hoplichthys haswelli,-33.567,152.017
2335074,2335084,Hoplichthys haswelli,-33.5,152.033
2335074,2335084,Hoplichthys haswelli,-33.517,152.05
2335074,2335084,Hoplichthys haswelli,-33.783,151.783
2335074,2335084,Hoplichthys haswelli,-33.733,151.933
2335074,2335084,Hoplichthys haswelli,-37.083,150.333
2335074,2335084,Hoplichthys haswelli,-37.65,150.25
2335074,2335084,Hoplichthys haswelli,-37.667,150.283
2335074,2335084,Hoplichthys haswelli,-37.167,150.367
2335074,2335084,Hoplichthys haswelli,-37.683,150.267
2335074,2335084,Hoplichthys haswelli,-37.683,150.25
2335074,2335084,Hoplichthys haswelli,-37.683,150.267
2335074,2335084,Hoplichthys haswelli,-37.633,150.233
2335074,2335084,Hoplichthys haswelli,-37.1,150.333
2335074,2335084,Hoplichthys haswelli,-37.65,150.217
2335074,2335084,Hoplichthys haswelli,-37.55,150.25
2335074,2335084,Hoplichthys haswelli,-37.65,150.25
2335074,2335084,Hoplichthys haswelli,-37.217,150.367
2335074,2335084,Hoplichthys haswelli,-37.633,150.283
2335074,2335084,Hoplichthys haswelli,-37.667,150.267
2335074,2335084,Hoplichthys haswelli,-37.233,150.35
2335074,2335084,Hoplichthys haswelli,-37.15,150.35
2335074,2335084,Hoplichthys haswelli,-37.2,150.367
2335074,2335084,Hoplichthys haswelli,-35.583,150.733
2335074,2335084,Hoplichthys haswelli,-35.55,150.733
2335074,2335084,Hoplichthys haswelli,-35.483,150.767
2335074,2335084,Hoplichthys haswelli,-35.517,150.733
2335074,2335084,Hoplichthys haswelli,-35.583,150.733
2335074,2335084,Hoplichthys haswelli,-35.533,150.75
2335074,2335084,Hoplichthys haswelli,-35.583,150.667
2335074,2335084,Hoplichthys haswelli,-35.617,150.7
2335074,2335084,Hoplichthys haswelli,-35.567,150.733
2335074,2335084,Hoplichthys haswelli,-35.45,150.783
2335074,2335084,Hoplichthys haswelli,-35.667,150.667
2335074,2335084,Hoplichthys haswelli,-35.583,150.733
2335074,2335084,Hoplichthys haswelli,-35.633,150.667
2335074,2335084,Hoplichthys haswelli,-35.6,150.717
2335074,2335084,Hoplichthys haswelli,-35.567,150.733
2335074,2335084,Hoplichthys haswelli,-35.6,150.683
2335074,2335074,"Hoplichthys Cuvier, 1829",-33.558334,151.98334
2335074,2335084,Hoplichthys haswelli,-35.617,150.683
2335074,2335084,Hoplichthys haswelli,-35.517,150.767
2335074,2335084,Hoplichthys haswelli,-33.767,151.783
2335074,2335084,Hoplichthys haswelli,-33.7,151.867
2335074,2335084,Hoplichthys haswelli,-33.633,151.95
2335074,2335084,Hoplichthys haswelli,-33.7,151.85
2335074,2335084,Hoplichthys haswelli,-33.8,151.817
2335074,2335084,Hoplichthys haswelli,-33.717,151.9
2335074,2335084,Hoplichthys haswelli,-33.667,151.883
2335074,2335084,Hoplichthys haswelli,-33.567,151.983
2335074,2335084,Hoplichthys haswelli,-33.483,152.1
2335074,2335084,Hoplichthys haswelli,-33.583,151.967
2335074,2335084,Hoplichthys haswelli,-33.533,151.983
2335074,2335087,Hoplichthys citrinus,-33.583,151.967
2335074,2335084,Hoplichthys haswelli,-33.567,152
2335074,2335088,Hoplichthys gilberti,-33.56,151.998
2335074,2335084,Hoplichthys haswelli,-33.667,151.933
2335074,2335084,Hoplichthys haswelli,-33.483,152.067
2335074,2335084,Hoplichthys haswelli,-33.817,151.783
2335074,2335084,Hoplichthys haswelli,-37.65,150.267
2335074,2335084,Hoplichthys haswelli,-37.683,150.183
2335074,2335084,Hoplichthys haswelli,-37.65,150.283
2335074,2335084,Hoplichthys haswelli,-37.683,150.183
2335074,2335084,Hoplichthys haswelli,-37.733,150.233
2335074,2335084,Hoplichthys haswelli,-37.533,150.25
2335074,2335084,Hoplichthys haswelli,-37.65,150.25
2335074,2335084,Hoplichthys haswelli,-37.667,150.267
2335074,2335084,Hoplichthys haswelli,-37.7,150.233
2335074,2335084,Hoplichthys haswelli,-37.567,150.267
2335074,2335084,Hoplichthys haswelli,-37.7,150.167
2335074,2335084,Hoplichthys haswelli,-37.2,150.367
2335074,2335084,Hoplichthys haswelli,-37.25,150.333
2335074,2335084,Hoplichthys haswelli,-37.117,150.35
2335074,2335084,Hoplichthys haswelli,-37.183,150.367
2335074,2335084,Hoplichthys haswelli,-37.533,150.25
2335074,2335084,Hoplichthys haswelli,-37.65,150.267
2335074,2335084,Hoplichthys haswelli,-35.8,150.567
2335074,2335084,Hoplichthys haswelli,-35.633,150.65
2335074,2335084,Hoplichthys haswelli,-37.2,150.367
2335074,2335084,Hoplichthys haswelli,-35.55,150.717
2335074,2335084,Hoplichthys haswelli,-35.55,150.75
2335074,2335084,Hoplichthys haswelli,-35.5,150.8
2335074,2335084,Hoplichthys haswelli,-35.6,150.733
2335074,2335084,Hoplichthys haswelli,-35.55,150.733
2335074,2335084,Hoplichthys haswelli,-35.517,150.783
2335074,2335084,Hoplichthys haswelli,-35.6,150.7
2335074,2335084,Hoplichthys haswelli,-35.7,150.667
2335074,2335084,Hoplichthys haswelli,-35.65,150.667
2335074,2335084,Hoplichthys haswelli,-38.52833,148.42333
2335074,2335084,Hoplichthys haswelli,-36.48,150.21833
2335074,2335084,Hoplichthys haswelli,-38.52833,148.42333
2335074,2335084,Hoplichthys haswelli,-38.52833,148.42333
2335074,2335084,Hoplichthys haswelli,-38.52833,148.42333
2335074,2335084,Hoplichthys haswelli,-38.52833,148.42333
2335074,2335084,Hoplichthys haswelli,-38.52833,148.42333
2335074,2335084,Hoplichthys haswelli,-38.52833,148.42333
2335074,2335084,Hoplichthys haswelli,-38.52833,148.42333
2335074,2335084,Hoplichthys haswelli,-38.52833,148.42333
2335074,2335084,Hoplichthys haswelli,-38.52833,148.42333
2335074,2335084,Hoplichthys haswelli,-38.52833,148.42333
2335074,2335084,Hoplichthys haswelli,-38.52833,148.42333
2335074,2335084,Hoplichthys haswelli,-38.52833,148.42333
2335074,2335084,Hoplichthys haswelli,-38.52833,148.42333
2335074,2335084,Hoplichthys haswelli,-38.52833,148.42333
2335074,2335084,Hoplichthys haswelli,-38.52833,148.42333
2335074,2335084,Hoplichthys haswelli,-38.52833,148.42333
2335074,2335084,Hoplichthys haswelli,-38.52833,148.42333
2335074,2335084,Hoplichthys haswelli,-38.52833,148.42333
2335074,2335084,Hoplichthys haswelli,-38.52833,148.42333
2335074,2335084,Hoplichthys haswelli,-38.52833,148.42333
2335074,2335084,Hoplichthys haswelli,-38.52833,148.42333
2335074,2335084,Hoplichthys haswelli,-38.52833,148.42333
2335074,2335084,Hoplichthys haswelli,-38.52833,148.42333
2335074,2335084,Hoplichthys haswelli,-38.19166,149.28917
2335074,2335084,Hoplichthys haswelli,-37.93666,150.03168
2335074,2335084,Hoplichthys haswelli,-37.93666,150.03168
2335074,2335084,Hoplichthys haswelli,-37.93666,150.03168
2335074,2335084,Hoplichthys haswelli,-37.93666,150.03168
2335074,2335084,Hoplichthys haswelli,-37.93666,150.03168
2335074,2335084,Hoplichthys haswelli,-37.93666,150.03168
2335074,2335084,Hoplichthys haswelli,-37.93666,150.03168
2335074,2335084,Hoplichthys haswelli,-37.93666,150.03168
2335074,2335084,Hoplichthys haswelli,-37.93666,150.03168
2335074,2335084,Hoplichthys haswelli,-37.93666,150.03168
2335074,2335084,Hoplichthys haswelli,-37.93666,150.03168
2335074,2335084,Hoplichthys haswelli,-37.93666,150.03168
2335074,2335084,Hoplichthys haswelli,-37.93666,150.03168
2335074,2335084,Hoplichthys haswelli,-37.93666,150.03168
2335074,2335084,Hoplichthys haswelli,-35.417,150.817
2335074,2335084,Hoplichthys haswelli,-35.583,150.717
2335074,2335084,Hoplichthys haswelli,-35.583,150.667
2335074,2335084,Hoplichthys haswelli,-35.583,150.667
2335074,2335084,Hoplichthys haswelli,-35.583,150.833
2335074,2335084,Hoplichthys haswelli,-35.583,150.75
2335074,2335084,Hoplichthys haswelli,-35.583,150.75
2335074,2335084,Hoplichthys haswelli,-35.583,150.667
2335074,2335084,Hoplichthys haswelli,-35.583,150.717
2335074,2335084,Hoplichthys haswelli,-35.583,150.7
2335074,2335084,Hoplichthys haswelli,-35.583,150.75
2335074,2335084,Hoplichthys haswelli,-38.11333,149.29083
2335074,2335084,Hoplichthys haswelli,-37.33833,150.20999
2335074,2335084,Hoplichthys haswelli,-36.495,150.26083
2335074,2335084,Hoplichthys haswelli,-38.12083,149.29583
2335074,2335084,Hoplichthys haswelli,-38.11333,149.34251
2335074,2335084,Hoplichthys haswelli,-38.12999,149.58167
2335074,2335084,Hoplichthys haswelli,-38.10583,149.33333
2335074,2335084,Hoplichthys haswelli,-36.48667,150.305
2335074,2335086,Hoplichthys ogilbyi,-32.883,152
2335074,2335087,Hoplichthys citrinus,-19.05,117.366667
2335074,2335074,"Hoplichthys Cuvier, 1829",-19.0575,117.37167
2335074,2335074,"Hoplichthys Cuvier, 1829",-18.965,117.2225
2335074,2335087,Hoplichthys citrinus,-18.233333,118.183333
2335074,2335084,Hoplichthys haswelli,-38.193335,149.31333
2335074,2335086,Hoplichthys ogilbyi,-33.05,151.983
2335074,2335086,Hoplichthys ogilbyi,-33.083,151.917
2335074,2335086,Hoplichthys ogilbyi,-33.067,152
2335074,2335084,Hoplichthys haswelli,-38.19333,149.31333
2335074,2335084,Hoplichthys haswelli,-38.19333,149.31333
2335074,2335084,Hoplichthys haswelli,-38.19333,149.31333
2335074,2335084,Hoplichthys haswelli,-38.19333,149.31333
2335074,2335084,Hoplichthys haswelli,-38.19333,149.31333
2335074,2335084,Hoplichthys haswelli,-38.19333,149.31333
2335074,2335084,Hoplichthys haswelli,-38.19333,149.31333
2335074,2335084,Hoplichthys haswelli,-38.19333,149.31333
2335074,2335084,Hoplichthys haswelli,-38.19333,149.31333
2335074,2335084,Hoplichthys haswelli,-38.19333,149.31333
2335074,2335084,Hoplichthys haswelli,-38.19333,149.31333
2335074,2335084,Hoplichthys haswelli,-38.19333,149.31333
2335074,2335084,Hoplichthys haswelli,-38.19333,149.31333
2335074,2335084,Hoplichthys haswelli,-38.19333,149.31333
2335074,2335084,Hoplichthys haswelli,-38.19333,149.31333
2335074,2335084,Hoplichthys haswelli,-38.19333,149.31333
2335074,2335084,Hoplichthys haswelli,-38.19333,149.31333
2335074,2335084,Hoplichthys haswelli,-38.19333,149.31333
2335074,2335084,Hoplichthys haswelli,-38.19333,149.31333
2335074,2335084,Hoplichthys haswelli,-38.19333,149.31333
2335074,2335084,Hoplichthys haswelli,-38.19333,149.31333
2335074,2335086,Hoplichthys ogilbyi,-33.1,151.933
2335074,2335086,Hoplichthys ogilbyi,-33.017,152
2335074,2335086,Hoplichthys ogilbyi,-33.117,151.917
2335074,2335074,"Hoplichthys Cuvier, 1829",-33.95,151.4433
2335074,2335074,"Hoplichthys Cuvier, 1829",-33.95,151.44333
2335074,2335086,Hoplichthys ogilbyi,-33.033,151.983
2335074,2335086,Hoplichthys ogilbyi,-33.1,151.95
2335074,2335086,Hoplichthys ogilbyi,-33.083,151.917
2335074,2335086,Hoplichthys ogilbyi,-33.033,152
2335074,2335086,Hoplichthys ogilbyi,-33.083,151.933
2335074,2335084,Hoplichthys haswelli,-38.92667,148.46167
2335074,2335084,Hoplichthys haswelli,-38.18816,149.29134
2335074,2335084,Hoplichthys haswelli,-37.90975,150.04742
2335074,2335086,Hoplichthys ogilbyi,-33.033,151.967
2335074,2335086,Hoplichthys ogilbyi,-33.083,151.917
2335074,2335086,Hoplichthys ogilbyi,-33.033,152
2335074,2335086,Hoplichthys ogilbyi,-33.1,151.933
2335074,2335084,Hoplichthys haswelli,-36.43916,150.30583
2335074,2335084,Hoplichthys haswelli,-36.49333,150.30583
2335074,2335084,Hoplichthys haswelli,-36.43916,150.30583
2335074,2335084,Hoplichthys haswelli,-36.49333,150.30583
2335074,2335084,Hoplichthys haswelli,-36.49333,150.30583
2335074,2335084,Hoplichthys haswelli,-36.49333,150.30583
2335074,2335084,Hoplichthys haswelli,-36.49333,150.30583
2335074,2335084,Hoplichthys haswelli,-36.49333,150.30583
2335074,2335084,Hoplichthys haswelli,-36.49333,150.30583
2335074,2335084,Hoplichthys haswelli,-36.49333,150.30583
2335074,2335084,Hoplichthys haswelli,-36.49333,150.30583
2335074,2335084,Hoplichthys haswelli,-36.49333,150.30583
2335074,2335084,Hoplichthys haswelli,-36.49333,150.30583
2335074,2335084,Hoplichthys haswelli,-36.49333,150.30583
2335074,2335084,Hoplichthys haswelli,-36.49333,150.30583
2335074,2335084,Hoplichthys haswelli,-36.49333,150.30583
2335074,2335086,Hoplichthys ogilbyi,-33.083,151.933
2335074,2335086,Hoplichthys ogilbyi,-33.05,151.983
2335074,2335086,Hoplichthys ogilbyi,-33.083,151.933
2335074,2335084,Hoplichthys haswelli,-35.35,150.35
2335074,2335086,Hoplichthys ogilbyi,-33.083,151.95
2335074,2335086,Hoplichthys ogilbyi,-33.033,151.967
2335074,2335086,Hoplichthys ogilbyi,-33.05,151.95
2335074,2335086,Hoplichthys ogilbyi,-33.05,151.95
2335074,2335086,Hoplichthys ogilbyi,-33.083,151.933
2335074,2335086,Hoplichthys ogilbyi,-33.017,152
2335074,2335086,Hoplichthys ogilbyi,-33.1,151.917
2335074,2335086,Hoplichthys ogilbyi,-33.033,152
2335074,2335086,Hoplichthys ogilbyi,-33.05,152.167
2335074,2335086,Hoplichthys ogilbyi,-33.083,151.933
2335074,2335086,Hoplichthys ogilbyi,-33.017,152.017
2335074,2335086,Hoplichthys ogilbyi,-33.083,151.933
2335074,2335086,Hoplichthys ogilbyi,-35.633,150.45
2335074,2335084,Hoplichthys haswelli,-38.555,148.428333
2335074,2335086,Hoplichthys ogilbyi,-33.033,151.967
2335074,2335086,Hoplichthys ogilbyi,-33.1,151.917
2335074,2335086,Hoplichthys ogilbyi,-33.083,151.95
2335074,2335086,Hoplichthys ogilbyi,-33.033,152.017
2335074,2335084,Hoplichthys haswelli,-38.54416,148.43083
2335074,2335084,Hoplichthys haswelli,-38.19842,148.78167
2335074,2335084,Hoplichthys haswelli,-38.555,148.428333
2335074,2335084,Hoplichthys haswelli,-38.198333,149.275
2335074,2335084,Hoplichthys haswelli,-36.4633,150.303
2335074,2335084,Hoplichthys haswelli,-38.1933,149.263
2335074,2335086,Hoplichthys ogilbyi,-33.033,152
2335074,2335086,Hoplichthys ogilbyi,-33.067,151.933
2335074,2335084,Hoplichthys haswelli,-37.93666,150.0375
2335074,2335084,Hoplichthys haswelli,-38.19083,149.29
2335074,2335084,Hoplichthys haswelli,-38.20667,149.29334
2335074,2335084,Hoplichthys haswelli,-38.19167,149.305
2335074,2335084,Hoplichthys haswelli,-36.4405,150.33167
2335074,2335084,Hoplichthys haswelli,-36.4575,150.30458
2335074,2335084,Hoplichthys haswelli,-38.195,149.28667
2335074,2335084,Hoplichthys haswelli,-36.42667,150.33808
2335074,2335084,Hoplichthys haswelli,-38.27833,148.84584
2335074,2335084,Hoplichthys haswelli,-38.19833,149.28834
2335074,2335084,Hoplichthys haswelli,-38.19833,149.42417
2335074,2335084,Hoplichthys haswelli,-38.19333,149.28834
2335074,2335084,Hoplichthys haswelli,-38.27666,148.82917
2335074,2335084,Hoplichthys haswelli,-38.27666,148.82917
2335074,2335084,Hoplichthys haswelli,-38.195,149.29417
2335074,2335084,Hoplichthys haswelli,-36.42308,150.31275
2335074,2335084,Hoplichthys haswelli,-36.42308,150.31275
2335074,2335084,Hoplichthys haswelli,-36.42308,150.31275
2335074,2335084,Hoplichthys haswelli,-36.42308,150.31275
2335074,2335084,Hoplichthys haswelli,-36.42308,150.31275
2335074,2335084,Hoplichthys haswelli,-36.42308,150.31275
2335074,2335084,Hoplichthys haswelli,-36.42308,150.31275
2335074,2335084,Hoplichthys haswelli,-36.42308,150.31275
2335074,2335084,Hoplichthys haswelli,-36.42308,150.31275
2335074,2335084,Hoplichthys haswelli,-36.42308,150.31275
2335074,2335084,Hoplichthys haswelli,-36.42308,150.31275
2335074,2335084,Hoplichthys haswelli,-38.198333,149.275
2335074,2335086,Hoplichthys ogilbyi,-33.083,151.917
2335074,2335086,Hoplichthys ogilbyi,-33.1,151.917
2335074,2335086,Hoplichthys ogilbyi,-33.017,151.983
2335074,2335081,Hoplichthys filamentosus,-18.116667,118.133333
2335074,2335081,Hoplichthys filamentosus,-18.116667,118.133333
2335074,2335081,Hoplichthys filamentosus,-18.116667,118.133333
2335074,2335081,Hoplichthys filamentosus,-18.116667,118.133333
2335074,2335081,Hoplichthys filamentosus,-18.116667,118.133333
2335074,2335081,Hoplichthys filamentosus,-18.116667,118.133333
2335074,2335081,Hoplichthys filamentosus,-18.116667,118.133333
2335074,2335081,Hoplichthys filamentosus,-18.116667,118.133333
2335074,2335084,Hoplichthys haswelli,-29.425,153.56667
2335074,2335081,Hoplichthys filamentosus,-18.116667,118.133333
2335074,2335081,Hoplichthys filamentosus,-18.116667,118.133333
2335074,2335081,Hoplichthys filamentosus,-18.116667,118.133333
2335074,2335081,Hoplichthys filamentosus,-18.116667,118.133333
2335074,2335081,Hoplichthys filamentosus,-18.116667,118.133333
2335074,2335081,Hoplichthys filamentosus,-18.116667,118.133333
2335074,2335081,Hoplichthys filamentosus,-18.116667,118.133333
2335074,2335081,Hoplichthys filamentosus,-18.116667,118.133333
2335074,2335074,"Hoplichthys Cuvier, 1829",-33.9,151.417
2335074,2335074,"Hoplichthys Cuvier, 1829",-33.9,151.417
2335074,2335074,"Hoplichthys Cuvier, 1829",-33.9,151.417
2335074,2335074,"Hoplichthys Cuvier, 1829",-33.9,151.417
2335074,2335074,"Hoplichthys Cuvier, 1829",-33.9,151.417
2335074,2335074,"Hoplichthys Cuvier, 1829",-33.9,151.417
2335074,2335074,"Hoplichthys Cuvier, 1829",-33.967,151.367
2335074,2335074,"Hoplichthys Cuvier, 1829",-33.967,151.367
2335074,2335074,"Hoplichthys Cuvier, 1829",-33.967,151.367
2335074,2335074,"Hoplichthys Cuvier, 1829",-33.967,151.367
2335074,2335074,"Hoplichthys Cuvier, 1829",-33.967,151.367
2335074,2335074,"Hoplichthys Cuvier, 1829",-33.967,151.367
2335074,2335074,"Hoplichthys Cuvier, 1829",-34.1,151.25
2335074,2335086,Hoplichthys ogilbyi,-33.091667,151.91667
2335074,2335086,Hoplichthys ogilbyi,-33.05,151.983
2335074,2335086,Hoplichthys ogilbyi,-33.05,151.983
2335074,2335086,Hoplichthys ogilbyi,-33.05,151.983
2335074,2335086,Hoplichthys ogilbyi,-33.05,151.983
2335074,2335086,Hoplichthys ogilbyi,-33.05,151.983
2335074,2335084,Hoplichthys haswelli,-30.3,153.45
2335074,2335074,"Hoplichthys Cuvier, 1829",-34.1,151.25
2335074,2335074,"Hoplichthys Cuvier, 1829",-34.133335,151.18333
2335074,2335084,Hoplichthys haswelli,-34.133335,151.18333
2335074,7848407,Hoplichthys imamurai,-23.408333,113.075
2335074,2335087,Hoplichthys citrinus,-23.72916,112.595
2335074,2335087,Hoplichthys citrinus,-23.40833,113.075
2335074,7490829,Hoplichthys mcgroutheri,-32.0383,115.148
2335074,7490829,Hoplichthys mcgroutheri,-30.651667,114.461667
2335074,2335084,Hoplichthys haswelli,-30.65083,114.46084
2335074,2335084,Hoplichthys haswelli,-29.32583,113.95917
2335074,2335084,Hoplichthys haswelli,-33.30833,114.51167
2335074,2335084,Hoplichthys haswelli,-33.36917,114.50167
2335074,2335084,Hoplichthys haswelli,-32.02416,115.155
2335074,2335084,Hoplichthys haswelli,-31.73083,114.98667
2335074,2335084,Hoplichthys haswelli,-31.26583,114.87417
2335074,7490829,Hoplichthys mcgroutheri,-30.651667,114.461667
2335074,2335074,"Hoplichthys Cuvier, 1829",-33.967,151.3
2335074,2335074,"Hoplichthys Cuvier, 1829",-33.967,151.3
2335074,2335074,"Hoplichthys Cuvier, 1829",-33.883,151.317
2335074,2335084,Hoplichthys haswelli,-33.883335,151.31667
2335074,2335081,Hoplichthys filamentosus,-17.995,118.286667
2335074,2335081,Hoplichthys filamentosus,-17.995,118.286667
2335074,2335086,Hoplichthys ogilbyi,-32.908333,151.95833
2335074,2335086,Hoplichthys ogilbyi,-32.875,152.00833
2335074,2335086,Hoplichthys ogilbyi,-32.917,151.983
2335074,2335081,Hoplichthys filamentosus,-18.017,118.383
2335074,2335081,Hoplichthys filamentosus,-17.867,118.467
2335074,2335086,Hoplichthys ogilbyi,-28.375,153.675
2335074,2335074,"Hoplichthys Cuvier, 1829",-33.8333,151.43
2335074,2335074,"Hoplichthys Cuvier, 1829",-33.7667,151.45
2335074,2335074,"Hoplichthys Cuvier, 1829",-33.7667,151.45
2335074,2335074,"Hoplichthys Cuvier, 1829",-33.966667,151.3
2335074,2335084,Hoplichthys haswelli,-33.966667,151.36667
2335074,2335086,Hoplichthys ogilbyi,-30.367,153.4
2335074,2335074,"Hoplichthys Cuvier, 1829",-34.1,151.25
2335074,2335074,"Hoplichthys Cuvier, 1829",-33.967,151.3
2335074,2335074,"Hoplichthys Cuvier, 1829",-33.967,151.3
2335074,2335074,"Hoplichthys Cuvier, 1829",-33.967,151.367
2335074,2335074,"Hoplichthys Cuvier, 1829",-34.133,151.15
2335074,2335074,"Hoplichthys Cuvier, 1829",-33.967,151.367
2335074,2335086,Hoplichthys ogilbyi,-34.075,151.29167
2335074,2335086,Hoplichthys ogilbyi,-33.758335,151.475
2335074,2335086,Hoplichthys ogilbyi,-33.75,151.483
2335074,2335086,Hoplichthys ogilbyi,-34.083,151.267
2335074,2335086,Hoplichthys ogilbyi,-34.117,151.217
2335074,2335074,"Hoplichthys Cuvier, 1829",-33.967,151.367
2335074,2335074,"Hoplichthys Cuvier, 1829",-34.133,151.183
2335074,2335086,Hoplichthys ogilbyi,-31.917,152.85
2335074,7490829,Hoplichthys mcgroutheri,-29.236667,113.87
2335074,7490829,Hoplichthys mcgroutheri,-29.236667,113.87
2335074,2335081,Hoplichthys filamentosus,-17.833333,118.55
2335074,2335081,Hoplichthys filamentosus,-17.833333,118.55
2335074,2335081,Hoplichthys filamentosus,-35.05,151.08333
2335074,2335074,"Hoplichthys Cuvier, 1829",-37.158333,150.35
2335074,7490829,Hoplichthys mcgroutheri,-33.053333,114.42
2335074,2335084,Hoplichthys haswelli,-34.933,151.117
2335074,2335084,Hoplichthys haswelli,-34.967,151.083
2335074,2335084,Hoplichthys haswelli,-35.1,151.05
2335074,2335084,Hoplichthys haswelli,-35.05,151.083
2335074,2335084,Hoplichthys haswelli,-35.05,151.067
2335074,2335081,Hoplichthys filamentosus,-35.05,151.083
2335074,2335084,Hoplichthys haswelli,-35.683,150.65
2335074,2335084,Hoplichthys haswelli,-37.733,150.2
2335074,2335087,Hoplichthys citrinus,-37.15,150.35
2335074,2335084,Hoplichthys haswelli,-37.783,150.15
2335074,2335084,Hoplichthys haswelli,-37.433,150.317
2335074,2335084,Hoplichthys haswelli,-37.15,150.35
2335074,2335084,Hoplichthys haswelli,-38.1,149.85
2335074,2335084,Hoplichthys haswelli,-38.15,149.8
2335074,2335084,Hoplichthys haswelli,-37.63333,139.39167
2335074,7490829,Hoplichthys mcgroutheri,-33.053333,114.42
2335074,2335081,Hoplichthys filamentosus,-17.833333,118.55
2335074,2335081,Hoplichthys filamentosus,-17.833333,118.55
2335074,2335074,"Hoplichthys Cuvier, 1829",-36.083332,150.41667
2335074,2335084,Hoplichthys haswelli,-36.7,150.333
2335074,2335084,Hoplichthys haswelli,-34.217,151.45
2335074,2335087,Hoplichthys citrinus,-36.017,150.45
2335074,2335084,Hoplichthys haswelli,-36.017,150.45
2335074,2335087,Hoplichthys citrinus,-36.083,150.417
2335074,2335084,Hoplichthys haswelli,-36.083,150.417
2335074,2335081,Hoplichthys filamentosus,-16.983333,120.166667
2335074,2335081,Hoplichthys filamentosus,-16.983333,120.166667
2335074,2335081,Hoplichthys filamentosus,-16.983333,120.166667
2335074,2335081,Hoplichthys filamentosus,-16.983333,120.166667
2335074,2335081,Hoplichthys filamentosus,-16.983333,120.166667
2335074,2335081,Hoplichthys filamentosus,-16.983333,120.166667
2335074,2335084,Hoplichthys haswelli,-35.05,151.067
2335074,2335084,Hoplichthys haswelli,-37.25,138.8
2335074,2335074,"Hoplichthys Cuvier, 1829",-25.033333,112.15
2335074,2335074,"Hoplichthys Cuvier, 1829",-25.333334,112.15
2335074,2335084,Hoplichthys haswelli,-38.375,140.55
2335074,2335084,Hoplichthys haswelli,-33.525,129.375
2335074,2335084,Hoplichthys haswelli,-34.75,119.54
2335074,2335084,Hoplichthys haswelli,-34.7258,151.219
2335074,2335084,Hoplichthys haswelli,-34.7258,151.219
2335074,2335087,Hoplichthys citrinus,-18.79166,117.85833
2335074,2335084,Hoplichthys haswelli,-29.883,153.733
2335074,2335084,Hoplichthys haswelli,-34.533,151.317
2335074,2335087,Hoplichthys citrinus,-19.17,118.98
2335074,2335084,Hoplichthys haswelli,-28.265,113.325
2335074,2335084,Hoplichthys haswelli,-34.267,151.45
2335074,2335081,Hoplichthys filamentosus,-34.308334,151.44167
2335074,2335084,Hoplichthys haswelli,-34.25,151.483
2335074,2335084,Hoplichthys haswelli,-34.883,151.2
2335074,2335084,Hoplichthys haswelli,-31.867,153.2
2335074,2335084,Hoplichthys haswelli,-34.233,151.5
2335074,2335087,Hoplichthys citrinus,-34.3,151.45
2335074,2335084,Hoplichthys haswelli,-34.3,151.45
2335074,2335084,Hoplichthys haswelli,-33.583,152.017
2335074,2335084,Hoplichthys haswelli,-33.5,152.083
2335074,2335084,Hoplichthys haswelli,-34.317,151.417
2335074,2335084,Hoplichthys haswelli,-34.767,151.217
2335074,2335084,Hoplichthys haswelli,-34.933,151.15
2335074,2335084,Hoplichthys haswelli,-34.633,151.267
2335074,2335084,Hoplichthys haswelli,-33.033,152.5
2335074,2335084,Hoplichthys haswelli,-33.017,152.55
2335074,2335084,Hoplichthys haswelli,-34.617,151.217
2335074,2335084,Hoplichthys haswelli,-32.233,153.033
2335074,2335086,Hoplichthys ogilbyi,-32.867,152.267
2335074,2335084,Hoplichthys haswelli,-32.433,152.933
2335074,2335074,"Hoplichthys Cuvier, 1829",-32.783333,152.28334
2335074,2335074,"Hoplichthys Cuvier, 1829",-32.566666,152.45
2335074,2335074,"Hoplichthys Cuvier, 1829",-34.15,151.43333
2335074,2335074,"Hoplichthys Cuvier, 1829",-35.566666,150.73334
2335074,2335084,Hoplichthys haswelli,-34.933,151.167
2335074,2335084,Hoplichthys haswelli,-34.6,151.267
2335074,2335084,Hoplichthys haswelli,-35.5,150.767
2335074,2335084,Hoplichthys haswelli,-35.05,151.05
2335074,2335081,Hoplichthys filamentosus,-35.217,150.967
2335074,2335084,Hoplichthys haswelli,-35.217,150.967
2335074,2335084,Hoplichthys haswelli,-34.333,151.4
2335074,2335084,Hoplichthys haswelli,-35.65,150.683
2335074,2335084,Hoplichthys haswelli,-41.7183,144.305
2335074,2335084,Hoplichthys haswelli,-36.167,150.383
2335074,2335084,Hoplichthys haswelli,-34.8,151.2
2335074,2335074,"Hoplichthys Cuvier, 1829",-34.533333,151.18333
2335074,2335074,"Hoplichthys Cuvier, 1829",-34.533333,151.18333
2335074,2335074,"Hoplichthys Cuvier, 1829",-34.383335,151.3
2335074,2335074,"Hoplichthys Cuvier, 1829",-34.05,151.5
2335074,2335074,"Hoplichthys Cuvier, 1829",-34.516666,151.26666
2335074,2335081,Hoplichthys filamentosus,-17.467,118.883
2335074,2335081,Hoplichthys filamentosus,-17.367,118.633
2335074,2335081,Hoplichthys filamentosus,-17.85,118.483
2335074,2335081,Hoplichthys filamentosus,-17.4,118.9
2335074,2335081,Hoplichthys filamentosus,-17.383,118.95
2335074,2335074,"Hoplichthys Cuvier, 1829",-17.583,118.717
2335074,2335081,Hoplichthys filamentosus,-17.65,118.633
2335074,2335084,Hoplichthys haswelli,-33.6,151.95
2335074,2335084,Hoplichthys haswelli,-33.483,152.05
2335074,2335084,Hoplichthys haswelli,-33.733,151.867
2335074,2335084,Hoplichthys haswelli,-35.433,150.817
2335074,2335084,Hoplichthys haswelli,-33.717,151.883
2335074,2335084,Hoplichthys haswelli,-33.733,151.883
2335074,2335084,Hoplichthys haswelli,-33.683,151.917
2335074,2335084,Hoplichthys haswelli,-33.817,151.75
2335074,2335081,Hoplichthys filamentosus,-18.883333,116.166664
2335074,2335084,Hoplichthys haswelli,-37.71666,150.225
2335074,2335084,Hoplichthys haswelli,-38.20833,149.775
2335074,2335084,Hoplichthys haswelli,-38.26666,149.26667
2335074,2335084,Hoplichthys haswelli,-40.94167,143.775
2335074,2335084,Hoplichthys haswelli,-41.25833,144.13334
2335074,2335084,Hoplichthys haswelli,-38.19166,149.79167
2335074,2335084,Hoplichthys haswelli,-37.133,150.35
2335074,2335084,Hoplichthys haswelli,-36.633,150.35
2335074,2335084,Hoplichthys haswelli,-36.45,150.333
2335074,2335084,Hoplichthys haswelli,-40.75,143.56667
2335074,2335084,Hoplichthys haswelli,-40.91666,143.75833
2335074,2335084,Hoplichthys haswelli,-41.59167,144.4
2335074,2335084,Hoplichthys haswelli,-41,143.825
2335074,2335084,Hoplichthys haswelli,-41.71666,144.44167
2335074,2335084,Hoplichthys haswelli,-40.54166,143.44167
2335074,2335084,Hoplichthys haswelli,-33.791668,151.79167
2335074,2335084,Hoplichthys haswelli,-33.783333,151.8
2335074,2335081,Hoplichthys filamentosus,-33.791668,151.79167
2335074,2335084,Hoplichthys haswelli,-34.283,151.433
2335074,2335084,Hoplichthys haswelli,-33.733,151.817
2335074,2335084,Hoplichthys haswelli,-33.6,151.983
2335074,2335084,Hoplichthys haswelli,-33.8,151.783
2335074,2335084,Hoplichthys haswelli,-33.583,152.017
2335074,2335081,Hoplichthys filamentosus,-33.8,151.783
2335074,2335084,Hoplichthys haswelli,-33.783,151.8
2335074,2335084,Hoplichthys haswelli,-41.29166,144.175
2335074,2335084,Hoplichthys haswelli,-39.18,148.7
2335074,2335084,Hoplichthys haswelli,-38.175,149.83334
2335074,2335084,Hoplichthys haswelli,-40.93333,143.75833
2335074,2335084,Hoplichthys haswelli,-41.25,144.13334
2335074,2335084,Hoplichthys haswelli,-38.26666,149.275
2335074,2335084,Hoplichthys haswelli,-41.26666,144.15
2335074,2335084,Hoplichthys haswelli,-39.15,148.675
2335074,2335084,Hoplichthys haswelli,-39.03333,148.63334
2335074,2335084,Hoplichthys haswelli,-37.63333,150.25
2335074,2335084,Hoplichthys haswelli,-38,150.075
2335074,2335084,Hoplichthys haswelli,-39.325,148.75
2335074,2335084,Hoplichthys haswelli,-38.175,149.84167
2335074,2335084,Hoplichthys haswelli,-39.325,148.75833
2335074,2335084,Hoplichthys haswelli,-39.175,148.68333
2335074,2335084,Hoplichthys haswelli,-37.725,150.23334
2335074,2335084,Hoplichthys haswelli,-39.05,148.625
2335074,2335084,Hoplichthys haswelli,-34.817,151.183
2335074,2335084,Hoplichthys haswelli,-34.733,151.217
2335074,2335084,Hoplichthys haswelli,-40.86666,143.74167
2335074,2335081,Hoplichthys filamentosus,-18.058333,118.216667
2335074,2335081,Hoplichthys filamentosus,-18.183333,118.066667
2335074,2335081,Hoplichthys filamentosus,-18.183333,118.066667
2335074,2335081,Hoplichthys filamentosus,-18.183333,118.066667
2335074,2335081,Hoplichthys filamentosus,-18.183333,118.066667
2335074,2335081,Hoplichthys filamentosus,-18.183333,118.066667
2335074,2335081,Hoplichthys filamentosus,-18.183333,118.066667
2335074,2335081,Hoplichthys filamentosus,-18.183333,118.066667
2335074,2335081,Hoplichthys filamentosus,-18.058333,118.216667
2335074,2335081,Hoplichthys filamentosus,-18.183333,118.066667
2335074,2335081,Hoplichthys filamentosus,-18.183333,118.066667
2335074,2335081,Hoplichthys filamentosus,-18.183333,118.066667
2335074,2335074,"Hoplichthys Cuvier, 1829",-18.7,117.3
2335074,2335074,"Hoplichthys Cuvier, 1829",-31.9833,153.0917
2335074,2335074,"Hoplichthys Cuvier, 1829",-31.983334,153.1
2335074,2335084,Hoplichthys haswelli,-34.417,151.35
2335074,2335084,Hoplichthys haswelli,-34.317,151.433
2335074,2335084,Hoplichthys haswelli,-33.767,151.85
2335074,2335081,Hoplichthys filamentosus,-18,118
2335074,2335081,Hoplichthys filamentosus,-27.683333,153.966667
2335074,2335084,Hoplichthys haswelli,-41.87,144.47
2335074,2335084,Hoplichthys haswelli,-34.95,151.117
2335074,2335084,Hoplichthys haswelli,-42.12,144.7
2335074,2335084,Hoplichthys haswelli,-42.12,144.7
2335074,2335084,Hoplichthys haswelli,-42.22,144.72
2335074,2335084,Hoplichthys haswelli,-29.567,153.783
2335074,2335084,Hoplichthys haswelli,-41.12,143.95
2335074,2335084,Hoplichthys haswelli,-42.02,144.72
2335074,2335084,Hoplichthys haswelli,-40.52,143.45
2335074,2335084,Hoplichthys haswelli,-40.45,143.32
2335074,2335084,Hoplichthys haswelli,-40.45,143.32
2335074,2335084,Hoplichthys haswelli,-41.07,144.42
2335074,2335084,Hoplichthys haswelli,-41.62,144.42
2335074,2335084,Hoplichthys haswelli,-33.683,151.9
2335074,2335084,Hoplichthys haswelli,-34.283,151.45
2335074,2335084,Hoplichthys haswelli,-34.333,151.417
2335074,2335084,Hoplichthys haswelli,-33.6,152
2335074,2335084,Hoplichthys haswelli,-33.716667,151.866667
2335074,2335084,Hoplichthys haswelli,-33.716667,151.866667
2335074,2335084,Hoplichthys haswelli,-33.716667,151.866667
2335074,2335084,Hoplichthys haswelli,-40.62,143.47
2335074,2335084,Hoplichthys haswelli,-33.716667,151.866667
2335074,2335084,Hoplichthys haswelli,-33.716667,151.866667
2335074,2335084,Hoplichthys haswelli,-33.716667,151.866667
2335074,2335084,Hoplichthys haswelli,-33.6,152
2335074,2335084,Hoplichthys haswelli,-34.467,151.3
2335074,2335086,Hoplichthys ogilbyi,-18.466667,118.25
2335074,2335087,Hoplichthys citrinus,-18.466667,118.25
2335074,2335086,Hoplichthys ogilbyi,-18.466667,118.25
2335074,2335084,Hoplichthys haswelli,-33.567,151.95
2335074,2335084,Hoplichthys haswelli,-34.383,151.367
2335074,2335084,Hoplichthys haswelli,-32.55,152.833
2335074,2335087,Hoplichthys citrinus,-18.4,118.5
2335074,2335081,Hoplichthys filamentosus,-17.983334,118.28333
2335074,2335087,Hoplichthys citrinus,-17.983334,118.28333
2335074,2335074,"Hoplichthys Cuvier, 1829",-18.266666,118.2
2335074,2335081,Hoplichthys filamentosus,-18.266666,118.2
2335074,2335074,"Hoplichthys Cuvier, 1829",-18.983334,117.166664
2335074,2335086,Hoplichthys ogilbyi,-19.1,117.23333
2335074,2335086,Hoplichthys ogilbyi,-19.1,117.23333
2335074,7848407,Hoplichthys imamurai,-18.533333,118.28333
2335074,2335081,Hoplichthys filamentosus,-18.983334,117.166664
2335074,2335084,Hoplichthys haswelli,-18.266666,118.2
2335074,7848407,Hoplichthys imamurai,-18.533333,118.28333
2335074,7848407,Hoplichthys imamurai,-18.533333,118.28333
2335074,2335084,Hoplichthys haswelli,-18.266666,118.2
2335074,7772355,Hoplichthys mimaseanus,-18.533333,118.28333
2335074,2335087,Hoplichthys citrinus,-18.68333,117.88334
2335074,2335074,"Hoplichthys Cuvier, 1829",-18.30833,117.99167
2335074,2335087,Hoplichthys citrinus,-18.36666,117.91667
2335074,2335074,"Hoplichthys Cuvier, 1829",-18.90833,117.01667
2335074,2335087,Hoplichthys citrinus,-19.075,117.3
2335074,2335087,Hoplichthys citrinus,-18.16667,118.31667
2335074,2335074,"Hoplichthys Cuvier, 1829",-18.36667,117.76667
2335074,2335087,Hoplichthys citrinus,-18.66667,117.2
2335074,2335087,Hoplichthys citrinus,-19.06667,117.075
2335074,7848407,Hoplichthys imamurai,-18.13333,118.08334
2335074,2335074,"Hoplichthys Cuvier, 1829",-18.575,117.65
2335074,7848407,Hoplichthys imamurai,-18.68333,117.88334
2335074,2335074,"Hoplichthys Cuvier, 1829",-18.725,117.325
2335074,2335074,"Hoplichthys Cuvier, 1829",-18.90833,117.01667
2335074,2335087,Hoplichthys citrinus,-18.975,117.50834
2335074,2335074,"Hoplichthys Cuvier, 1829",-18.975,117.50834
2335074,2335087,Hoplichthys citrinus,-18.35,118.43334
2335074,2335074,"Hoplichthys Cuvier, 1829",-18.36666,117.91667
2335074,2335087,Hoplichthys citrinus,-18.36667,117.76667
2335074,7848407,Hoplichthys imamurai,-17.81666,118.48334
2335074,2335087,Hoplichthys citrinus,-18.575,117.65
2335074,7848407,Hoplichthys imamurai,-18.65833,117.875
2335074,2335074,"Hoplichthys Cuvier, 1829",-18.41666,117.575
2335074,2335074,"Hoplichthys Cuvier, 1829",-18.66667,117.2
2335074,2335074,"Hoplichthys Cuvier, 1829",-18.16667,118.31667
2335074,2335087,Hoplichthys citrinus,-18.30833,117.99167
2335074,2335074,"Hoplichthys Cuvier, 1829",-18.66667,117.2
2335074,2335087,Hoplichthys citrinus,-18.90833,117.01667
2335074,2335087,Hoplichthys citrinus,-18.94166,117.33334
2335074,2335084,Hoplichthys haswelli,-32.717,152.8
2335074,2335084,Hoplichthys haswelli,-35.1,151.05
2335074,2335084,Hoplichthys haswelli,-41.77,144.45
2335074,2335084,Hoplichthys haswelli,-34.65,151.25
2335074,2335087,Hoplichthys citrinus,-41.6,144.4
2335074,2335084,Hoplichthys haswelli,-29.9,153.65
2335074,2335081,Hoplichthys filamentosus,-18.016666,118.38333
2335074,7772355,Hoplichthys mimaseanus,-18.016666,118.38333
2335074,2335081,Hoplichthys filamentosus,-18.716667,117.2
2335074,2335081,Hoplichthys filamentosus,-18.766666,117
2335074,2335084,Hoplichthys haswelli,-38.067,150.083
2335074,2335084,Hoplichthys haswelli,-38.15,149.8
2335074,2335084,Hoplichthys haswelli,-37.967,150.083
2335074,2335084,Hoplichthys haswelli,-38.5,141.17
2335074,2335084,Hoplichthys haswelli,-34.216667,151.48334
2335074,2335084,Hoplichthys haswelli,-33.733,151.867
2335074,2335084,Hoplichthys haswelli,-33.683,151.883
2335074,2335084,Hoplichthys haswelli,-33.533,151.983
2335074,2335084,Hoplichthys haswelli,-33.783,151.85
2335074,2335084,Hoplichthys haswelli,-38.033,150.067
2335074,2335084,Hoplichthys haswelli,-33.767,151.833
2335074,2335084,Hoplichthys haswelli,-33.7,151.917
2335074,2335084,Hoplichthys haswelli,-35.033,151.117
2335074,2335084,Hoplichthys haswelli,-33.8,151.8
2335074,2335084,Hoplichthys haswelli,-35.767,150.6
2335074,2335084,Hoplichthys haswelli,-34.225,151.43333
2335074,2335084,Hoplichthys haswelli,-33.167,152.383
2335074,2335084,Hoplichthys haswelli,-34.317,151.417
2335074,2335084,Hoplichthys haswelli,-35.05,151.083
2335074,2335084,Hoplichthys haswelli,-34.483,151.283
2335074,2335084,Hoplichthys haswelli,-38.083,150.017
2335074,2335084,Hoplichthys haswelli,-34.767,151.233
2335074,2335084,Hoplichthys haswelli,-33.75,151.817
2335074,2335084,Hoplichthys haswelli,-34.7,151.233
2335074,2335084,Hoplichthys haswelli,-37.75,150.217
2335074,2335084,Hoplichthys haswelli,-38.05,150.033
2335074,2335084,Hoplichthys haswelli,-36.433,150.333
2335074,2335084,Hoplichthys haswelli,-34.55,151.283
2335074,2335084,Hoplichthys haswelli,-37.983,150.067
2335074,2335084,Hoplichthys haswelli,-37.667,150.217
2335074,2335084,Hoplichthys haswelli,-35.767,150.6
2335074,2335084,Hoplichthys haswelli,-35.85,150.533
2335074,2335084,Hoplichthys haswelli,-35.55,150.75
2335074,2335084,Hoplichthys haswelli,-38.083,149.967
2335074,2335084,Hoplichthys haswelli,-35.583,150.717
2335074,2335084,Hoplichthys haswelli,-35.683,150.65
2335074,2335084,Hoplichthys haswelli,-38.55653,140.97778
2335074,2335084,Hoplichthys haswelli,-38.57153,141.16778
2335074,2335084,Hoplichthys haswelli,-38.133,149.85
2335074,2335084,Hoplichthys haswelli,-37.183,150.367
2335074,2335084,Hoplichthys haswelli,-38.1,149.983
2335074,2335084,Hoplichthys haswelli,-38.083,149.95
2335074,2335084,Hoplichthys haswelli,-37.633,150.233
2335074,2335084,Hoplichthys haswelli,-38.133,149.933
2335074,2335084,Hoplichthys haswelli,-38.1,150.017
2335074,2335084,Hoplichthys haswelli,-37.7,150.217
2335074,2335084,Hoplichthys haswelli,-38.15,149.967
2335074,2335084,Hoplichthys haswelli,-36.5,150.317
2335074,2335084,Hoplichthys haswelli,-36.417,150.417
2335074,2335084,Hoplichthys haswelli,-37.2,150.35
2335074,2335084,Hoplichthys haswelli,-38.083,149.983
2335074,2335084,Hoplichthys haswelli,-37.7,150.233
2335074,2335084,Hoplichthys haswelli,-38.2,149.85
2335074,2335084,Hoplichthys haswelli,-37.7,150.233
2335074,2335084,Hoplichthys haswelli,-36,150.483
2335074,2335084,Hoplichthys haswelli,-33.467,152.067
2335074,2335084,Hoplichthys haswelli,-36.033,150.467
2335074,2335084,Hoplichthys haswelli,-33.067,152.45
2335074,2335084,Hoplichthys haswelli,-33.017,152.567
2335074,2335084,Hoplichthys haswelli,-33.2,152.35
2335074,2335084,Hoplichthys haswelli,-35.967,150.483
2335074,2335084,Hoplichthys haswelli,-30.417,153.417
2335074,2335084,Hoplichthys haswelli,-32.967,152.617
2335074,2335084,Hoplichthys haswelli,-30.383,153.4
2335074,2335084,Hoplichthys haswelli,-34.35,151.383
2335074,2335084,Hoplichthys haswelli,-32.117,153.083
2335074,2335084,Hoplichthys haswelli,-32.183,153.067
2335074,2335084,Hoplichthys haswelli,-33.25,127.25
2335074,2335084,Hoplichthys haswelli,-32.57,129.53
2335074,2335084,Hoplichthys haswelli,-33,151
2335074,2335074,"Hoplichthys Cuvier, 1829",-33.77,151.82
2335074,2335074,"Hoplichthys Cuvier, 1829",-33.77,151.82
2335074,2335084,Hoplichthys haswelli,-33.73333,151.83333
2335074,2335084,Hoplichthys haswelli,-33.77,151.82
2335074,2335084,Hoplichthys haswelli,-34.517,151.3
2335074,2335084,Hoplichthys haswelli,-37.267,150.35
2335074,2335084,Hoplichthys haswelli,-37.333,150.35
2335074,2335084,Hoplichthys haswelli,-35.633,150.683
2335074,2335084,Hoplichthys haswelli,-34.367,151.35
2335074,2335074,"Hoplichthys Cuvier, 1829",-33.766667,151.816667
2335074,2335084,Hoplichthys haswelli,-33.73333,151.83333
2335074,2335084,Hoplichthys haswelli,-38.42,140.68
2335074,2335084,Hoplichthys haswelli,-39.32,148.77
2335074,2335084,Hoplichthys haswelli,-33.583,151.933
2335074,2335084,Hoplichthys haswelli,-34.483,151.3
2335074,2335084,Hoplichthys haswelli,-34.075,125.74167
2335074,2335084,Hoplichthys haswelli,-37.7,150.2
2335074,2335084,Hoplichthys haswelli,-38.57,141.07
2335074,2335084,Hoplichthys haswelli,-38.83,141.77
2335074,2335084,Hoplichthys haswelli,-39.37,148.77
2335074,2335084,Hoplichthys haswelli,-35.116665,151.03334
2335074,2335084,Hoplichthys haswelli,-37.7,150.2
2335074,2335084,Hoplichthys haswelli,-38.133,149.967
2335074,2335084,Hoplichthys haswelli,-38.033,150.033
2335074,2335084,Hoplichthys haswelli,-38.033,150
2335074,2335084,Hoplichthys haswelli,-37.8,150.167
2335074,2335084,Hoplichthys haswelli,-37.95,150.083
2335074,2335084,Hoplichthys haswelli,-35.533,150.767
2335074,2335084,Hoplichthys haswelli,-35.517,150.783
2335074,2335084,Hoplichthys haswelli,-37.75,150.217
2335074,2335084,Hoplichthys haswelli,-38.217,149.767
2335074,2335084,Hoplichthys haswelli,-35.533,150.767
2335074,2335084,Hoplichthys haswelli,-38.167,149.767
2335074,2335084,Hoplichthys haswelli,-37.667,150.25
2335074,2335084,Hoplichthys haswelli,-37.65,150.25
2335074,2335084,Hoplichthys haswelli,-35.633,150.667
2335074,2335084,Hoplichthys haswelli,-38.133,149.983
2335074,2335084,Hoplichthys haswelli,-35.483,150.783
2335074,2335084,Hoplichthys haswelli,-37.967,150.05
2335074,2335084,Hoplichthys haswelli,-39.27,148.75
2335074,2335084,Hoplichthys haswelli,-33.433,152.1
2335074,2335084,Hoplichthys haswelli,-33.567,151.967
2335074,2335084,Hoplichthys haswelli,-33.467,152.067
2335074,2335084,Hoplichthys haswelli,-33.417,152.117
2335074,2335084,Hoplichthys haswelli,-33.483,152.033
2335074,2335084,Hoplichthys haswelli,-33.133,152.417
2335074,2335084,Hoplichthys haswelli,-32.967,152.583
2335074,2335084,Hoplichthys haswelli,-34.717,151.217
2335074,2335084,Hoplichthys haswelli,-33,152.55
2335074,2335084,Hoplichthys haswelli,-34.317,151.45
2335074,2335084,Hoplichthys haswelli,-33.067,152.467
2335074,2335084,Hoplichthys haswelli,-33.467,152.05
2335074,2335084,Hoplichthys haswelli,-35.083,151.067
2335074,2335084,Hoplichthys haswelli,-32.983,152.567
2335074,2335084,Hoplichthys haswelli,-33.433,152.1
2335074,2335084,Hoplichthys haswelli,-33.767,151.817
2335074,2335084,Hoplichthys haswelli,-38.42,141.72
2335074,2335084,Hoplichthys haswelli,-38.42,141.72
2335074,2335084,Hoplichthys haswelli,-42.22,144.72
2335074,2335084,Hoplichthys haswelli,-42.32,144.77
2335074,2335084,Hoplichthys haswelli,-40.8,143.6
2335074,2335084,Hoplichthys haswelli,-42.2,144.72
2335074,2335084,Hoplichthys haswelli,-42.1,144.72
2335074,2335084,Hoplichthys haswelli,-42.35,144.75
2335074,2335084,Hoplichthys haswelli,-40.07,143.47
2335074,2335084,Hoplichthys haswelli,-40.72,143.55
2335074,2335084,Hoplichthys haswelli,-41.02,143.85
2335074,2335084,Hoplichthys haswelli,-41.02,144.02
2335074,2335084,Hoplichthys haswelli,-41.32,144.02
2335074,2335084,Hoplichthys haswelli,-41.22,144.12
2335074,2335084,Hoplichthys haswelli,-41.32,144.2
2335074,2335084,Hoplichthys haswelli,-33.5,131.08334
2335074,2335084,Hoplichthys haswelli,-33.36667,129.95
2335074,2335084,Hoplichthys haswelli,-40.52,143.45
2335074,2335084,Hoplichthys haswelli,-41,143.82
2335074,2335084,Hoplichthys haswelli,-41.07,143.9
2335074,2335084,Hoplichthys haswelli,-40.92,143.92
2335074,2335084,Hoplichthys haswelli,-34.25833,124.45
2335074,2335084,Hoplichthys haswelli,-33.38333,127.95833
2335074,2335084,Hoplichthys haswelli,-33.88333,125.4
2335074,2335084,Hoplichthys haswelli,-33.38333,127.075
2335074,2335084,Hoplichthys haswelli,-33.38333,127.075
2335074,2335084,Hoplichthys haswelli,-33.38333,127.075
2335074,2335084,Hoplichthys haswelli,-33.38333,127.075
2335074,2335084,Hoplichthys haswelli,-33.38333,127.075
2335074,2335084,Hoplichthys haswelli,-33.38333,127.075
2335074,2335084,Hoplichthys haswelli,-33.38333,127.075
2335074,2335084,Hoplichthys haswelli,-33.38333,127.075
2335074,2335084,Hoplichthys haswelli,-33.425,128.99167
2335074,2335084,Hoplichthys haswelli,-34.25833,124.425
2335074,2335084,Hoplichthys haswelli,-34.25833,124.43334
2335074,2335084,Hoplichthys haswelli,-33.38333,127.975
2335074,2335084,Hoplichthys haswelli,-33.38333,127.975
2335074,2335084,Hoplichthys haswelli,-33.38333,127.975
2335074,2335084,Hoplichthys haswelli,-33.38333,127.975
2335074,2335084,Hoplichthys haswelli,-33.38333,127.975
2335074,2335084,Hoplichthys haswelli,-33.38333,127.975
2335074,2335084,Hoplichthys haswelli,-33.38333,127.075
2335074,2335084,Hoplichthys haswelli,-33.38333,127.075
2335074,2335084,Hoplichthys haswelli,-33.38333,127.075
2335074,2335084,Hoplichthys haswelli,-33.38333,127.075
2335074,2335084,Hoplichthys haswelli,-33.38333,127.075
2335074,2335084,Hoplichthys haswelli,-33.38333,127.075
2335074,2335084,Hoplichthys haswelli,-33.38333,127.075
2335074,2335084,Hoplichthys haswelli,-33.38333,127.075
2335074,2335084,Hoplichthys haswelli,-33.38333,127.075
2335074,2335084,Hoplichthys haswelli,-33.38333,127.05833
2335074,2335084,Hoplichthys haswelli,-33.38333,127.95833
2335074,2335084,Hoplichthys haswelli,-33.38333,127.95833
2335074,2335084,Hoplichthys haswelli,-33.38333,127.95833
2335074,2335084,Hoplichthys haswelli,-33.38333,127.95833
2335074,2335084,Hoplichthys haswelli,-33.38333,127.95833
2335074,2335084,Hoplichthys haswelli,-33.38333,127.95833
2335074,2335084,Hoplichthys haswelli,-33.38333,127.95833
2335074,2335084,Hoplichthys haswelli,-33.38333,127.075
2335074,2335084,Hoplichthys haswelli,-33.38333,127.08334
2335074,2335084,Hoplichthys haswelli,-33.38333,127.08334
2335074,2335084,Hoplichthys haswelli,-33.38333,127.08334
2335074,2335084,Hoplichthys haswelli,-33.38333,127.08334
2335074,2335084,Hoplichthys haswelli,-33.38333,127.08334
2335074,2335084,Hoplichthys haswelli,-33.38333,127.08334
2335074,2335084,Hoplichthys haswelli,-33.38333,127.08334
2335074,2335084,Hoplichthys haswelli,-33.38333,127.08334
2335074,2335084,Hoplichthys haswelli,-33.38333,127.08334
2335074,2335084,Hoplichthys haswelli,-33.38333,127.08334
2335074,2335084,Hoplichthys haswelli,-33.38333,127.08334
2335074,2335084,Hoplichthys haswelli,-33.38333,127.08334
2335074,2335084,Hoplichthys haswelli,-33.38333,127.08334
2335074,2335084,Hoplichthys haswelli,-33.38333,127.08334
2335074,2335084,Hoplichthys haswelli,-33.425,129.00833
2335074,2335084,Hoplichthys haswelli,-33.38333,127.08334
2335074,2335084,Hoplichthys haswelli,-33.38333,127.95833
2335074,2335084,Hoplichthys haswelli,-33.38333,127.95833
2335074,2335084,Hoplichthys haswelli,-33.38333,127.95833
2335074,2335084,Hoplichthys haswelli,-33.38333,127.95833
2335074,2335084,Hoplichthys haswelli,-33.38333,127.95833
2335074,2335084,Hoplichthys haswelli,-33.38333,127.95833
2335074,2335084,Hoplichthys haswelli,-33.38333,127.95833
2335074,2335084,Hoplichthys haswelli,-33.38333,127.95833
2335074,2335084,Hoplichthys haswelli,-33.38333,127.95833
2335074,2335084,Hoplichthys haswelli,-33.38333,127.08334
2335074,2335084,Hoplichthys haswelli,-33.38333,127.08334
2335074,2335084,Hoplichthys haswelli,-33.38333,127.08334
2335074,2335084,Hoplichthys haswelli,-33.38333,127.08334
2335074,2335084,Hoplichthys haswelli,-33.38333,127.08334
2335074,2335084,Hoplichthys haswelli,-33.38333,127.08334
2335074,2335084,Hoplichthys haswelli,-33.38333,127.08334
2335074,2335084,Hoplichthys haswelli,-33.38333,127.08334
2335074,2335084,Hoplichthys haswelli,-33.38333,127.08334
2335074,2335084,Hoplichthys haswelli,-33.38333,127.95833
2335074,2335084,Hoplichthys haswelli,-33.38333,127.05833
2335074,2335084,Hoplichthys haswelli,-33.38333,127.05833
2335074,2335084,Hoplichthys haswelli,-33.38333,127.05833
2335074,2335084,Hoplichthys haswelli,-33.38333,127.05833
2335074,2335084,Hoplichthys haswelli,-33.38333,127.05833
2335074,2335084,Hoplichthys haswelli,-33.38333,127.05833
2335074,2335084,Hoplichthys haswelli,-33.38333,127.05833
2335074,2335084,Hoplichthys haswelli,-33.38333,127.05833
2335074,2335084,Hoplichthys haswelli,-33.38333,127.975
2335074,2335084,Hoplichthys haswelli,-38.5939,141.26
2335074,2335084,Hoplichthys haswelli,-38.5939,141.26
2335074,2335084,Hoplichthys haswelli,-38.7,141.43
2335074,2335084,Hoplichthys haswelli,-38.5939,141.26
2335074,2335084,Hoplichthys haswelli,-38.67,141.5
2335074,2335084,Hoplichthys haswelli,-35.583,150.733
2335074,2335084,Hoplichthys haswelli,-35,151.117
2335074,2335084,Hoplichthys haswelli,-35.567,150.75
2335074,2335084,Hoplichthys haswelli,-33.4,152.083
2335074,2335084,Hoplichthys haswelli,-34.3,151.433
2335074,2335084,Hoplichthys haswelli,-33.833333,151.5
2335074,2335084,Hoplichthys haswelli,-33.417,152.1
2335074,2335084,Hoplichthys haswelli,-33.583,151.967
2335074,2335084,Hoplichthys haswelli,-33.567,151.967
2335074,2335084,Hoplichthys haswelli,-33.7,151.867
2335074,2335084,Hoplichthys haswelli,-33.75,151.85
2335074,2335084,Hoplichthys haswelli,-33.583,151.967
2335074,2335084,Hoplichthys haswelli,-37.7,150.233
2335074,2335084,Hoplichthys haswelli,-37.25,150.35
2335074,2335084,Hoplichthys haswelli,-37.667,150.25
2335074,2335084,Hoplichthys haswelli,-37.733,150.267
2335074,2335084,Hoplichthys haswelli,-37.7,150.217
2335074,2335084,Hoplichthys haswelli,-37.75,150.233
2335074,2335084,Hoplichthys haswelli,-37.733,150.2
2335074,2335084,Hoplichthys haswelli,-37.2,150.367
2335074,2335084,Hoplichthys haswelli,-35.95,150.5
2335074,2335084,Hoplichthys haswelli,-37.35,150.35
2335074,2335084,Hoplichthys haswelli,-33.783,151.767
2335074,2335084,Hoplichthys haswelli,-33.7,151.833
2335074,2335084,Hoplichthys haswelli,-33.417,152.1
2335074,2335084,Hoplichthys haswelli,-33.417,152.1
2335074,2335084,Hoplichthys haswelli,-35.517,150.783
2335074,2335084,Hoplichthys haswelli,-37.567,150.267
2335074,2335084,Hoplichthys haswelli,-34.5,151.317
2335074,2335084,Hoplichthys haswelli,-34.35,151.4
2335074,2335084,Hoplichthys haswelli,-33.45,152.067
2335074,2335084,Hoplichthys haswelli,-34.633,151.267
2335074,2335084,Hoplichthys haswelli,-33.567,152
2335074,2335084,Hoplichthys haswelli,-33.7,151.833
2335074,2335084,Hoplichthys haswelli,-33.6,152
2335074,2335084,Hoplichthys haswelli,-33.383,152.133
2335074,2335084,Hoplichthys haswelli,-33.783,151.817
2335074,2335084,Hoplichthys haswelli,-33.55,152
2335074,2335084,Hoplichthys haswelli,-33.767,151.817
2335074,2335084,Hoplichthys haswelli,-33.633,151.917
2335074,2335084,Hoplichthys haswelli,-33.433,152.1
2335074,2335084,Hoplichthys haswelli,-33.583,152
2335074,2335084,Hoplichthys haswelli,-33.667,151.917
2335074,2335084,Hoplichthys haswelli,-33.1,152.433
2335074,2335084,Hoplichthys haswelli,-33.475,152.06667
2335074,2335081,Hoplichthys filamentosus,-33.475,152.06667
2335074,2335084,Hoplichthys haswelli,-35.833,150.567
2335074,2335084,Hoplichthys haswelli,-32.933,152.633
2335074,2335084,Hoplichthys haswelli,-32.917,152.633
2335074,2335084,Hoplichthys haswelli,-35.483,150.8
2335074,2335084,Hoplichthys haswelli,-35.95,150.5
2335074,2335084,Hoplichthys haswelli,-32.833,152.7
2335074,2335084,Hoplichthys haswelli,-35.5,150.783
2335074,2335084,Hoplichthys haswelli,-34.867,151.183
2335074,2335084,Hoplichthys haswelli,-33.45,152.083
2335074,2335084,Hoplichthys haswelli,-33.533,152.033
2335074,2335081,Hoplichthys filamentosus,-33.45,152.083
2335074,2335084,Hoplichthys haswelli,-35.033,151.1
2335074,2335084,Hoplichthys haswelli,-35.55,150.75
2335074,2335084,Hoplichthys haswelli,-33.8,151.817
2335074,2335084,Hoplichthys haswelli,-33.383,152.133
2335074,2335084,Hoplichthys haswelli,-33.517,152.033
2335074,2335084,Hoplichthys haswelli,-37.017,150.35
2335074,2335084,Hoplichthys haswelli,-35.8,150.583
2335074,2335084,Hoplichthys haswelli,-33.75,151.867
2335074,2335084,Hoplichthys haswelli,-36.1,150.417
2335074,2335084,Hoplichthys haswelli,-35.983,150.483
2335074,2335084,Hoplichthys haswelli,-33.617,151.95
2335074,2335084,Hoplichthys haswelli,-37.633,150.283
2335074,2335084,Hoplichthys haswelli,-36.033,150.45
2335074,2335084,Hoplichthys haswelli,-37.2,150.35
2335074,2335084,Hoplichthys haswelli,-37.85,150.133
2335074,2335084,Hoplichthys haswelli,-37.217,150.367
2335074,2335084,Hoplichthys haswelli,-36.933,150.333
2335074,2335084,Hoplichthys haswelli,-37.317,150.35
2335074,2335084,Hoplichthys haswelli,-37.7,150.267
2335074,2335084,Hoplichthys haswelli,-37.117,150.35
2335074,2335084,Hoplichthys haswelli,-37.75,150.25
2335074,2335084,Hoplichthys haswelli,-37.7,150.283
2335074,2335084,Hoplichthys haswelli,-37.233,150.367
2335074,2335084,Hoplichthys haswelli,-37.417,150.333
2335074,2335084,Hoplichthys haswelli,-37.967,150.05
2335074,2335084,Hoplichthys haswelli,-37.7,150.267
2335074,2335084,Hoplichthys haswelli,-36.05,150.467
2335074,2335084,Hoplichthys haswelli,-35.967,150.517
2335074,2335084,Hoplichthys haswelli,-36.1,150.417
2335074,2335084,Hoplichthys haswelli,-36,150.467
2335074,2335084,Hoplichthys haswelli,-35.9,150.517
2335074,2335084,Hoplichthys haswelli,-33.7,151.85
2335074,2335084,Hoplichthys haswelli,-33.55,152.033
2335074,2335084,Hoplichthys haswelli,-33.7,151.85834
2335074,2335084,Hoplichthys haswelli,-33.6,151.95
2335074,2335084,Hoplichthys haswelli,-33.583,151.967
2335074,2335084,Hoplichthys haswelli,-33.7,151.85
2335074,2335084,Hoplichthys haswelli,-32.617,152.817
2335074,2335084,Hoplichthys haswelli,-33.79166,125.51667
2335074,2335074,"Hoplichthys Cuvier, 1829",-32.316666,153
2335074,2335084,Hoplichthys haswelli,-32.283,153.017
2335074,2335087,Hoplichthys citrinus,-32.283,153.017
2335074,2335084,Hoplichthys haswelli,-34.3,151.417
2335074,2335084,Hoplichthys haswelli,-34.6,151.25
2335074,2335084,Hoplichthys haswelli,-32.25,153.033
2335074,2335084,Hoplichthys haswelli,-34.667,151.25
2335074,2335084,Hoplichthys haswelli,-32.333,152.983
2335074,2335084,Hoplichthys haswelli,-32.35,153.017
2335074,2335084,Hoplichthys haswelli,-32.367,152.983
2335074,2335084,Hoplichthys haswelli,-29.85,153.683
2335074,2335084,Hoplichthys haswelli,-32.367,152.983
2335074,2335084,Hoplichthys haswelli,-29.717,153.75
2335074,2335084,Hoplichthys haswelli,-29.9,153.683
2335074,2335084,Hoplichthys haswelli,-29.817,153.717
2335074,2335084,Hoplichthys haswelli,-29.733,153.717
2335074,2335084,Hoplichthys haswelli,-29.883,153.7
2335074,2335084,Hoplichthys haswelli,-34.283,151.433
2335074,2335084,Hoplichthys haswelli,-33.75,151.75
2335074,2335084,Hoplichthys haswelli,-30.45,153.383
2335074,2335084,Hoplichthys haswelli,-34.317,151.433
2335074,2335087,Hoplichthys citrinus,-19.95833,115.21667
2335074,2335074,"Hoplichthys Cuvier, 1829",-28.075,153.96666
2335074,2335084,Hoplichthys haswelli,-28.033,153.95
2335074,2335084,Hoplichthys haswelli,-28.1,153.933
2335074,2335084,Hoplichthys haswelli,-28.067,153.967
2335074,2335087,Hoplichthys citrinus,-28.067,153.967
2335074,2335086,Hoplichthys ogilbyi,-33.15,151.875
2335074,2335086,Hoplichthys ogilbyi,-33.15,151.875
2335074,2335086,Hoplichthys ogilbyi,-33.133,151.9
2335074,2335084,Hoplichthys haswelli,-32.333,152.983
2335074,2335084,Hoplichthys haswelli,-32.333,152.983
2335074,2335084,Hoplichthys haswelli,-32.333,152.983
2335074,2335084,Hoplichthys haswelli,-31.083,153.25
2335074,2335084,Hoplichthys haswelli,-32.383,152.983
2335074,2335081,Hoplichthys filamentosus,-29.8,153.725
2335074,2335084,Hoplichthys haswelli,-27.991667,154
2335074,2335081,Hoplichthys filamentosus,-29.616667,153.79167
2335074,2335081,Hoplichthys filamentosus,-28.025,153.96666
2335074,2335084,Hoplichthys haswelli,-29.533,153.8
2335074,2335084,Hoplichthys haswelli,-29.65,153.75
2335074,2335084,Hoplichthys haswelli,-29.783,153.717
2335074,2335084,Hoplichthys haswelli,-29.8,153.717
2335074,2335081,Hoplichthys filamentosus,-29.783,153.733
2335074,2335084,Hoplichthys haswelli,-29.783,153.733
2335074,2335084,Hoplichthys haswelli,-28.017,154
2335074,2335081,Hoplichthys filamentosus,-29.583,153.8
2335074,2335081,Hoplichthys filamentosus,-28.05,153.967
2335074,2335084,Hoplichthys haswelli,-29.583,153.8
2335074,2335081,Hoplichthys filamentosus,-28.03,153.97
2335074,2335084,Hoplichthys haswelli,-33.733,151.867
2335074,2335086,Hoplichthys ogilbyi,-33.066666,151.975
2335074,2335086,Hoplichthys ogilbyi,-32.866665,152.225
2335074,2335086,Hoplichthys ogilbyi,-32.85,152.25
2335074,2335086,Hoplichthys ogilbyi,-32.917,152.067
2335074,2335086,Hoplichthys ogilbyi,-33.033,152
2335074,2335086,Hoplichthys ogilbyi,-32.783,152.5
2335074,2335084,Hoplichthys haswelli,-32.767,152.75
2335074,2335084,Hoplichthys haswelli,-32.867,152.65
2335074,2335084,Hoplichthys haswelli,-32.45,152.967
2335074,2335084,Hoplichthys haswelli,-32.567,152.883
2335074,2335084,Hoplichthys haswelli,-32.4,153.017
2335074,2335084,Hoplichthys haswelli,-32.933,152.583
2335074,2335084,Hoplichthys haswelli,-32.667,152.817
2335074,2335084,Hoplichthys haswelli,-36.44167,150.30834
2335074,2335084,Hoplichthys haswelli,-37.575,150.24167
2335074,2335084,Hoplichthys haswelli,-36.43333,150.30834
2335074,2335081,Hoplichthys filamentosus,-29.641666,153.78334
2335074,2335084,Hoplichthys haswelli,-29.5,153.783
2335074,2335081,Hoplichthys filamentosus,-29.617,153.783
2335074,2335084,Hoplichthys haswelli,-29.617,153.783
2335074,2335084,Hoplichthys haswelli,-37.117,150.367
2335074,2335084,Hoplichthys haswelli,-35.767,150.6
2335074,2335084,Hoplichthys haswelli,-32.833,152.683
2335074,2335084,Hoplichthys haswelli,-33.767,151.783
2335074,2335084,Hoplichthys haswelli,-34.35,151.35
2335074,2335084,Hoplichthys haswelli,-32.833,152.7
2335074,2335084,Hoplichthys haswelli,-34.9,151.217
2335074,2335084,Hoplichthys haswelli,-34.35,151.417
2335074,2335084,Hoplichthys haswelli,-34.367,151.417
2335074,2335084,Hoplichthys haswelli,-37.233,150.367
2335074,2335084,Hoplichthys haswelli,-37.667,150.267
2335074,2335084,Hoplichthys haswelli,-37.4,150.317
2335074,2335084,Hoplichthys haswelli,-37.617,150.3
2335074,2335084,Hoplichthys haswelli,-37.683,150.267
2335074,2335084,Hoplichthys haswelli,-37.517,150.3
2335074,2335084,Hoplichthys haswelli,-37.617,150.283
2335074,2335084,Hoplichthys haswelli,-37.5,150.283
2335074,2335084,Hoplichthys haswelli,-37.667,150.267
2335074,2335084,Hoplichthys haswelli,-37.65,150.283
2335074,2335084,Hoplichthys haswelli,-37.667,150.283
2335074,2335084,Hoplichthys haswelli,-37.667,150.267
2335074,2335084,Hoplichthys haswelli,-37.617,150.283
2335074,2335084,Hoplichthys haswelli,-37.65,150.267
2335074,2335084,Hoplichthys haswelli,-37.667,150.25
2335074,2335084,Hoplichthys haswelli,-38.067,149.967
2335074,2335084,Hoplichthys haswelli,-38.1,149.883
2335074,2335084,Hoplichthys haswelli,-33.75,151.833
2335074,2335084,Hoplichthys haswelli,-35.7,150.617
2335074,2335087,Hoplichthys citrinus,-35.45,150.783
2335074,2335084,Hoplichthys haswelli,-35.55,150.75
2335074,2335084,Hoplichthys haswelli,-35.55,150.75
2335074,2335084,Hoplichthys haswelli,-35.517,150.767
2335074,2335084,Hoplichthys haswelli,-35.583,150.717
2335074,2335084,Hoplichthys haswelli,-35.717,150.617
2335074,2335084,Hoplichthys haswelli,-35.55,150.75
2335074,2335084,Hoplichthys haswelli,-35.567,150.75
2335074,2335084,Hoplichthys haswelli,-35.533,150.75
2335074,2335084,Hoplichthys haswelli,-35.55,150.733
2335074,2335084,Hoplichthys haswelli,-33.683,151.85
2335074,2335084,Hoplichthys haswelli,-33.633,151.9
2335074,2335084,Hoplichthys haswelli,-33.583,151.95
2335074,2335084,Hoplichthys haswelli,-33.667,151.867
2335074,2335084,Hoplichthys haswelli,-33.517,152
2335074,2335084,Hoplichthys haswelli,-33.4,152.083
2335074,2335084,Hoplichthys haswelli,-33.633,151.933
2335074,2335084,Hoplichthys haswelli,-33.75,151.85
2335074,2335084,Hoplichthys haswelli,-33.467,152.067
2335074,2335084,Hoplichthys haswelli,-33.7,151.85
2335074,2335084,Hoplichthys haswelli,-33.733,151.85
2335074,2335084,Hoplichthys haswelli,-33.65,151.9
2335074,2335084,Hoplichthys haswelli,-33.667,151.9
2335074,2335084,Hoplichthys haswelli,-33.55,152
2335074,2335084,Hoplichthys haswelli,-33.633,151.933
2335074,2335084,Hoplichthys haswelli,-33.617,151.95
2335074,2335084,Hoplichthys haswelli,-33.5,152.067
2335074,2335084,Hoplichthys haswelli,-33.5,152.083
2335074,2335084,Hoplichthys haswelli,-33.667,151.883
2335074,2335084,Hoplichthys haswelli,-33.583,151.95
2335074,2335084,Hoplichthys haswelli,-37.3,150.35
2335074,2335084,Hoplichthys haswelli,-37.2,150.35
2335074,2335084,Hoplichthys haswelli,-37.117,150.333
2335074,2335084,Hoplichthys haswelli,-37.7,150.25
2335074,2335084,Hoplichthys haswelli,-37.767,150.233
2335074,2335084,Hoplichthys haswelli,-37.2,150.367
2335074,2335084,Hoplichthys haswelli,-37.7,150.267
2335074,2335084,Hoplichthys haswelli,-37.8,150.25
2335074,2335084,Hoplichthys haswelli,-37.717,150.25
2335074,2335084,Hoplichthys haswelli,-37.65,150.25
2335074,2335084,Hoplichthys haswelli,-38.2,149.85
2335074,2335084,Hoplichthys haswelli,-38.083,149.983
2335074,2335084,Hoplichthys haswelli,-37.79,150.19
2335074,2335084,Hoplichthys haswelli,-33.558334,151.95833
2335074,2335074,"Hoplichthys Cuvier, 1829",-30.358334,153.425
2335074,2335086,Hoplichthys ogilbyi,-30.625,153.30833
2335074,2335084,Hoplichthys haswelli,-29.858334,153.71666
2335074,2335084,Hoplichthys haswelli,-35.617,150.683
2335074,2335084,Hoplichthys haswelli,-35.5,150.75
2335074,2335084,Hoplichthys haswelli,-35.683,150.65
2335074,2335084,Hoplichthys haswelli,-35.517,150.75
2335074,2335084,Hoplichthys haswelli,-35.7,150.617
2335074,2335084,Hoplichthys haswelli,-35.583,150.717
2335074,2335084,Hoplichthys haswelli,-35.75,150.6
2335074,2335084,Hoplichthys haswelli,-35.533,150.733
2335074,2335084,Hoplichthys haswelli,-35.633,150.683
2335074,2335084,Hoplichthys haswelli,-35.767,150.6
2335074,2335084,Hoplichthys haswelli,-35.667,150.667
2335074,2335084,Hoplichthys haswelli,-33.7,151.883
2335074,2335084,Hoplichthys haswelli,-33.55,151.95
2335074,2335084,Hoplichthys haswelli,-35.583,150.733
2335074,2335084,Hoplichthys haswelli,-35.55,150.75
2335074,2335084,Hoplichthys haswelli,-35.55,150.767
2335074,2335084,Hoplichthys haswelli,-35.533,150.767
2335074,2335087,Hoplichthys citrinus,-30.35,153.4
2335074,2335084,Hoplichthys haswelli,-32.067,153.067
2335074,2335086,Hoplichthys ogilbyi,-30.617,153.3
2335074,2335084,Hoplichthys haswelli,-30.35,153.433
2335074,2335084,Hoplichthys haswelli,-32.333,153
2335074,2335084,Hoplichthys haswelli,-29.883,153.7
2335074,2335084,Hoplichthys haswelli,-29.867,153.717
2335074,2335084,Hoplichthys haswelli,-32.283,153
2335074,2335088,Hoplichthys gilberti,-30.36,153.43
2335074,2335084,Hoplichthys haswelli,-33.667,151.85
2335074,2335084,Hoplichthys haswelli,-33.75,151.867
2335074,2335084,Hoplichthys haswelli,-33.6,151.933
2335074,2335084,Hoplichthys haswelli,-33.433,152.083
2335074,2335084,Hoplichthys haswelli,-33.683,151.85
2335074,2335084,Hoplichthys haswelli,-33.517,152.033
2335074,2335084,Hoplichthys haswelli,-33.65,151.917
2335074,2335084,Hoplichthys haswelli,-33.7,151.883
2335074,2335084,Hoplichthys haswelli,-33.7,151.867
2335074,2335084,Hoplichthys haswelli,-33.517,152.05
2335074,2335084,Hoplichthys haswelli,-33.667,151.917
2335074,2335084,Hoplichthys haswelli,-33.6,151.95
2335074,2335084,Hoplichthys haswelli,-33.433,152.067
2335074,2335084,Hoplichthys haswelli,-33.55,152
2335074,2335084,Hoplichthys haswelli,-33.583,151.967
2335074,2335084,Hoplichthys haswelli,-33.633,151.967
2335074,2335084,Hoplichthys haswelli,-33.633,151.983
2335074,2335084,Hoplichthys haswelli,-33.5,152.017
2335074,2335084,Hoplichthys haswelli,-33.517,152.033
2335074,2335084,Hoplichthys haswelli,-33.517,152
2335074,2335084,Hoplichthys haswelli,-37.083,150.333
2335074,2335084,Hoplichthys haswelli,-37.65,150.2
2335074,2335084,Hoplichthys haswelli,-37.2,150.35
2335074,2335084,Hoplichthys haswelli,-37.183,150.35
2335074,2335084,Hoplichthys haswelli,-37.233,150.35
2335074,2335084,Hoplichthys haswelli,-37.217,150.367
2335074,2335084,Hoplichthys haswelli,-37.183,150.333
2335074,2335084,Hoplichthys haswelli,-37.733,150.217
2335074,2335084,Hoplichthys haswelli,-37.683,150.267
2335074,2335084,Hoplichthys haswelli,-37.2,150.367
2335074,2335084,Hoplichthys haswelli,-37.7,150.233
2335074,2335084,Hoplichthys haswelli,-37.083,150.35
2335074,2335084,Hoplichthys haswelli,-37.717,150.233
2335074,2335084,Hoplichthys haswelli,-37.733,150.15
2335074,2335084,Hoplichthys haswelli,-37.783,150.217
2335074,2335084,Hoplichthys haswelli,-37.217,150.383
2335074,2335084,Hoplichthys haswelli,-36.45,150.29167
2335074,2335084,Hoplichthys haswelli,-34.717,151.233
2335074,2335084,Hoplichthys haswelli,-35.55,150.767
2335074,2335084,Hoplichthys haswelli,-35.5,150.767
2335074,2335084,Hoplichthys haswelli,-33.75,151.85
2335074,2335084,Hoplichthys haswelli,-37.733,150.283
2335074,2335084,Hoplichthys haswelli,-33.717,151.817
2335074,2335084,Hoplichthys haswelli,-37.733,150.233
2335074,2335084,Hoplichthys haswelli,-37.75,150.2
2335074,2335084,Hoplichthys haswelli,-35.55,150.767
2335074,2335084,Hoplichthys haswelli,-33.017,152.55
2335074,2335084,Hoplichthys haswelli,-34.917,151.15
2335074,2335084,Hoplichthys haswelli,-33.15,152.417
2335074,2335084,Hoplichthys haswelli,-33.483334,127.25
2335074,2335084,Hoplichthys haswelli,-33.65,151.917
2335074,2335084,Hoplichthys haswelli,-33.717,151.867
2335074,2335084,Hoplichthys haswelli,-33.717,151.817
2335074,2335084,Hoplichthys haswelli,-33.767,151.833
2335074,2335084,Hoplichthys haswelli,-33.717,151.85
2335074,2335084,Hoplichthys haswelli,-33.667,151.883
2335074,2335084,Hoplichthys haswelli,-33.767,151.8
2335074,2335084,Hoplichthys haswelli,-33.667,151.9
2335074,2335084,Hoplichthys haswelli,-33.75,151.8
2335074,2335084,Hoplichthys haswelli,-33.5,151.967
2335074,2335084,Hoplichthys haswelli,-33.667,151.883
2335074,2335084,Hoplichthys haswelli,-33.633,151.933
2335074,2335084,Hoplichthys haswelli,-33.083,152.45
2335074,2335084,Hoplichthys haswelli,-33.5,152.05
2335074,2335084,Hoplichthys haswelli,-33.667,151.883
2335074,2335084,Hoplichthys haswelli,-33.083,152.45
2335074,2335084,Hoplichthys haswelli,-33.5,152.067
2335074,2335084,Hoplichthys haswelli,-34.333,151.417
2335074,2335084,Hoplichthys haswelli,-35.5,150.783
2335074,2335084,Hoplichthys haswelli,-35.617,150.683
2335074,2335084,Hoplichthys haswelli,-35.517,150.767
2335074,2335084,Hoplichthys haswelli,-35.717,150.617
2335074,2335084,Hoplichthys haswelli,-35.533,150.75
2335074,2335084,Hoplichthys haswelli,-35.55,150.75
2335074,2335084,Hoplichthys haswelli,-33.533,152
2335074,2335084,Hoplichthys haswelli,-33.633,151.917
2335074,2335084,Hoplichthys haswelli,-35.55,150.767
2335074,2335084,Hoplichthys haswelli,-35.617,150.683
2335074,2335084,Hoplichthys haswelli,-37.383,150.317
2335074,2335084,Hoplichthys haswelli,-35.533,150.75
2335074,2335084,Hoplichthys haswelli,-35.533,150.733
2335074,2335084,Hoplichthys haswelli,-35.75,150.6
2335074,2335084,Hoplichthys haswelli,-35.617,150.7
2335074,2335084,Hoplichthys haswelli,-35.667,150.65
2335074,2335084,Hoplichthys haswelli,-35.5,150.767
2335074,2335084,Hoplichthys haswelli,-35.55,150.717
2335074,2335084,Hoplichthys haswelli,-37.367,150.35
2335074,2335084,Hoplichthys haswelli,-33.567,151.983
2335074,2335084,Hoplichthys haswelli,-33.45,152.083
2335074,2335084,Hoplichthys haswelli,-33.7,151.85
2335074,2335084,Hoplichthys haswelli,-33.45,152.1
2335074,2335084,Hoplichthys haswelli,-33.533,152.05
2335074,2335084,Hoplichthys haswelli,-33.633,151.933
2335074,2335084,Hoplichthys haswelli,-33.583,151.967
2335074,2335084,Hoplichthys haswelli,-33.583,152
2335074,2335084,Hoplichthys haswelli,-33.7,151.85
2335074,2335084,Hoplichthys haswelli,-33.517,152.083
2335074,2335084,Hoplichthys haswelli,-33.717,151.833
2335074,2335084,Hoplichthys haswelli,-33.45,152.15
2335074,2335084,Hoplichthys haswelli,-33.617,152
2335074,2335084,Hoplichthys haswelli,-38.716667,147.183333
2335074,2335084,Hoplichthys haswelli,-33.608334,151.90834
2335074,2335084,Hoplichthys haswelli,-35.708332,150.65
2335074,2335084,Hoplichthys haswelli,-35.717,150.65
2335074,2335084,Hoplichthys haswelli,-35.6,150.7
2335074,2335084,Hoplichthys haswelli,-35.517,150.75
2335074,2335084,Hoplichthys haswelli,-33.55,151.983
2335074,2335084,Hoplichthys haswelli,-35.667,150.65
2335074,2335084,Hoplichthys haswelli,-33.717,151.8
2335074,2335084,Hoplichthys haswelli,-33.483,152.05
2335074,2335084,Hoplichthys haswelli,-35.55,150.733
2335074,2335084,Hoplichthys haswelli,-35.533,150.767
2335074,2335084,Hoplichthys haswelli,-35.567,150.733
2335074,2335084,Hoplichthys haswelli,-35.55,150.75
2335074,2335084,Hoplichthys haswelli,-35.667,150.667
2335074,2335084,Hoplichthys haswelli,-35.55,150.717
2335074,2335084,Hoplichthys haswelli,-35.533,150.733
2335074,2335084,Hoplichthys haswelli,-35.55,150.733
2335074,2335084,Hoplichthys haswelli,-35.633,150.683
2335074,2335084,Hoplichthys haswelli,-35.55,150.733
2335074,2335084,Hoplichthys haswelli,-35.567,150.733
2335074,2335084,Hoplichthys haswelli,-38.716667,147.183333
2335074,2335084,Hoplichthys haswelli,-33.567,151.967
2335074,2335084,Hoplichthys haswelli,-33.55,152
2335074,2335084,Hoplichthys haswelli,-33.667,151.883
2335074,2335086,Hoplichthys ogilbyi,-33.675,151.425
2335074,2335084,Hoplichthys haswelli,-33.85,151
2335074,2335084,Hoplichthys haswelli,-33.85,151
2335074,2335084,Hoplichthys haswelli,-37.75,150.2
2335074,2335084,Hoplichthys haswelli,-33.066666,152.475
2335074,2335084,Hoplichthys haswelli,-33.066666,152.475
2335074,2335084,Hoplichthys haswelli,-33.066666,152.475
2335074,2335084,Hoplichthys haswelli,-33.066666,152.475
2335074,2335084,Hoplichthys haswelli,-33.066666,152.475
2335074,2335084,Hoplichthys haswelli,-33.066666,152.475
2335074,2335084,Hoplichthys haswelli,-33.066666,152.475
2335074,2335084,Hoplichthys haswelli,-33.066666,152.475
2335074,2335084,Hoplichthys haswelli,-33.458332,152.08333
2335074,2335084,Hoplichthys haswelli,-33.458332,152.08333
2335074,2335084,Hoplichthys haswelli,-33.066666,152.475
2335074,2335084,Hoplichthys haswelli,-33.066666,152.475
2335074,2335084,Hoplichthys haswelli,-31.8,153.2
2335074,2335084,Hoplichthys haswelli,-38,148.17
2335074,2335084,Hoplichthys haswelli,-33.583332,151.5
2335074,2335084,Hoplichthys haswelli,-33.69264,125.66681
2335074,2335084,Hoplichthys haswelli,-33.7,151.83333
2335074,2335084,Hoplichthys haswelli,-33.766666,151.86667
2335074,2335084,Hoplichthys haswelli,-33.233334,152.35834
2335074,2335084,Hoplichthys haswelli,-34.291668,151.38333
2335074,2335084,Hoplichthys haswelli,-35.566666,150.725
2335074,2335084,Hoplichthys haswelli,-34.708332,151.21666
2335074,2335084,Hoplichthys haswelli,-34.4,151.2
2335074,2335084,Hoplichthys haswelli,-33.41819,130.00042
2335074,2335084,Hoplichthys haswelli,-33.41667,128.1682
2335074,2335084,Hoplichthys haswelli,-33.41667,128.1682
2335074,2335084,Hoplichthys haswelli,-33.41667,128.1682
2335074,2335084,Hoplichthys haswelli,-33.41667,128.1682
2335074,2335084,Hoplichthys haswelli,-33.41667,128.1682
2335074,2335084,Hoplichthys haswelli,-33.41667,128.1682
2335074,2335084,Hoplichthys haswelli,-33.73333,130.99167
2335074,2335084,Hoplichthys haswelli,-33.45903,128.88334
2335074,2335084,Hoplichthys haswelli,-33.45903,128.88334
2335074,2335084,Hoplichthys haswelli,-33.45903,128.88334
2335074,2335084,Hoplichthys haswelli,-33.73333,130.99167
2335074,2335084,Hoplichthys haswelli,-33.73333,130.99167
2335074,2335084,Hoplichthys haswelli,-33.73333,130.99167
2335074,2335084,Hoplichthys haswelli,-33.73333,130.99167
2335074,2335084,Hoplichthys haswelli,-33.45903,128.88334
2335074,2335084,Hoplichthys haswelli,-33.45903,128.88334
2335074,2335084,Hoplichthys haswelli,-33.833332,151.33333
2335074,2335084,Hoplichthys haswelli,-37.55,149.33
2335074,2335084,Hoplichthys haswelli,-38.416667,148.333333
2335074,2335084,Hoplichthys haswelli,-38.166667,149.916667
2335074,2335084,Hoplichthys haswelli,-38.25,149.333333
2335074,2335084,Hoplichthys haswelli,-38.25,148.5
2335074,2335084,Hoplichthys haswelli,-32.98,128.17
2335074,2335084,Hoplichthys haswelli,-38.27,144.65
2335074,2335084,Hoplichthys haswelli,-38.78,149.17
2335074,2335084,Hoplichthys haswelli,-38.78,149.17
2335074,2335084,Hoplichthys haswelli,-38.78,149.17
2335074,2335084,Hoplichthys haswelli,-38.78,149.17
2335074,2335084,Hoplichthys haswelli,-37.8,149.26666
2335074,2335084,Hoplichthys haswelli,-37.666668,149.91667
2335074,2335084,Hoplichthys haswelli,-37.666668,149.91667
2335074,2335084,Hoplichthys haswelli,-37.666668,149.91667
2335074,2335084,Hoplichthys haswelli,-37.666668,149.91667
2335074,2335084,Hoplichthys haswelli,-37.666668,149.91667
2335074,2335084,Hoplichthys haswelli,-37.666668,149.91667
2335074,2335084,Hoplichthys haswelli,-37.666668,149.91667
2335074,2335084,Hoplichthys haswelli,-37.666668,149.91667
2335074,2335084,Hoplichthys haswelli,-37.8,149.26666
2335074,2335084,Hoplichthys haswelli,-37.8,149.26666
2335074,2335084,Hoplichthys haswelli,-37.8,149.26666
2335074,2335084,Hoplichthys haswelli,-37.8,149.26666
2335074,2335084,Hoplichthys haswelli,-33.866665,151.8
2335074,2335084,Hoplichthys haswelli,-39.868594,148.020984
2335074,2335084,Hoplichthys haswelli,-33.275,126.7542
2335074,2335087,Hoplichthys citrinus,-17.28333,119.95
2335074,2335087,Hoplichthys citrinus,-19.16667,116.76667
2335074,2335087,Hoplichthys citrinus,-18.36667,118.05
2335074,2335087,Hoplichthys citrinus,-18.3,118.13333
2335074,2335087,Hoplichthys citrinus,-15.5,120.96667
2335074,2335074,"Hoplichthys Cuvier, 1829",-17.93333,119.56667
2335074,2335081,Hoplichthys filamentosus,-18.08333,118.16667
2335074,2335081,Hoplichthys filamentosus,-18.01667,118.21667
2335074,2335074,"Hoplichthys Cuvier, 1829",-18.13333,118.51667
2335074,7772355,Hoplichthys mimaseanus,-18.13333,118.51667
2335074,2335074,"Hoplichthys Cuvier, 1829",-18.06667,118.23333
2335074,7772355,Hoplichthys mimaseanus,-17.45,119.71667
2335074,2335074,"Hoplichthys Cuvier, 1829",-25.033333,112.15
2335074,2335074,"Hoplichthys Cuvier, 1829",-25.333333,112.15
2335074,2335074,"Hoplichthys Cuvier, 1829",-24.666667,112.166667
2335074,2335084,Hoplichthys haswelli,-33.283333,114.5
2335074,7772355,Hoplichthys mimaseanus,-21.471800000000002,114.02
2335074,2335084,Hoplichthys haswelli,-32.25,126.75
2335074,2335084,Hoplichthys haswelli,-37.91667,148.98333
2335074,2335087,Hoplichthys citrinus,-21.81667,113.93333
2335074,2335084,Hoplichthys haswelli,-32.5,126
2335074,2335084,Hoplichthys haswelli,-32.5,126
2335074,2335081,Hoplichthys filamentosus,-18.733334,117.03333
2335074,2335084,Hoplichthys haswelli,-37.875,139.783
2335074,2335084,Hoplichthys haswelli,-33.25,151.58333
2335074,2335084,Hoplichthys haswelli,-33.25,151.58333
2335074,2335084,Hoplichthys haswelli,-33.366665,130.25
2335074,2335084,Hoplichthys haswelli,-33.25,151.58333
2335074,2335084,Hoplichthys haswelli,-33.25,151.58333
2335074,2335084,Hoplichthys haswelli,-34.4,151.2
2335074,2335084,Hoplichthys haswelli,-33.425,130.7
2335074,2335084,Hoplichthys haswelli,-31.997252,115.801455
2335074,2335086,Hoplichthys ogilbyi,-19.1,115.68333
2335074,2335087,Hoplichthys citrinus,-19.1,115.68333
2335074,2335084,Hoplichthys haswelli,-33.49025,131.068
2335074,2335084,Hoplichthys haswelli,-33.49025,131.068
2335074,2335084,Hoplichthys haswelli,-33.49025,131.068
2335074,2335084,Hoplichthys haswelli,-33.33665,130.264
2335074,2335084,Hoplichthys haswelli,-33.3822,130.2535
2335074,2335084,Hoplichthys haswelli,-33.3822,130.2535
2335074,2335084,Hoplichthys haswelli,-33.3822,130.2535
2335074,2335084,Hoplichthys haswelli,-33.3822,130.2535
2335074,2335084,Hoplichthys haswelli,-33.3822,130.2535
2335074,2335084,Hoplichthys haswelli,-33.3822,130.2535
2335074,2335084,Hoplichthys haswelli,-33.3822,130.2535
2335074,2335084,Hoplichthys haswelli,-34.2483,132.622
2335074,2335084,Hoplichthys haswelli,-34.2483,132.622
2335074,2335084,Hoplichthys haswelli,-34.2483,132.622
2335074,2335084,Hoplichthys haswelli,-34.2483,132.622
2335074,2335084,Hoplichthys haswelli,-34.2483,132.622
2335074,2335084,Hoplichthys haswelli,-33.41805,131.0405
2335074,2335084,Hoplichthys haswelli,-33.41805,131.0405
2335074,2335084,Hoplichthys haswelli,-33.41805,131.0405
2335074,2335081,Hoplichthys filamentosus,-35.216667,150.975
