requested_taxonKey,record_taxonKey,species_name,decimalLatitude,decimalLongitude
2335717,2335717,Inegocia harrisii,-20.1875,116.99167
2335717,2335717,Inegocia harrisii,-19.94333,118.275
2335717,2335717,Inegocia harrisii,-19.82166,118.21667
2335717,2335717,Inegocia harrisii,-20.035,117.065
2335717,2335717,Inegocia harrisii,-19.93083,117.0125
2335717,2335717,Inegocia harrisii,-19.60916,118.48333
2335717,2335717,Inegocia harrisii,-20.04583,117.17167
2335717,2335717,Inegocia harrisii,-20.13916,117.75083
2335717,2335717,Inegocia harrisii,-19.61667,118.55167
2335717,2335717,Inegocia harrisii,-20.16,117.69
2335717,2335717,Inegocia harrisii,-20.12666,117.48083
2335717,2335717,Inegocia harrisii,-19.97916,117.90334
2335717,2335717,Inegocia harrisii,-20.05833,117.95917
2335717,2335717,Inegocia harrisii,-20.16583,117.525
2335717,2335717,Inegocia harrisii,-20.19166,117.97333
2335717,2335717,Inegocia harrisii,-19.63333,119.54167
2335717,2335717,Inegocia harrisii,-18.55833,121.01667
2335717,2335717,Inegocia harrisii,-20.15,118.06667
2335717,2335717,Inegocia harrisii,-19.95833,118
2335717,2335717,Inegocia harrisii,-20.15,116.13333
2335717,2335717,Inegocia harrisii,-20.38333,116.26667
2335717,2335717,Inegocia harrisii,-20.38333,116.26667
2335717,2335717,Inegocia harrisii,-20.38333,116.26667
2335717,2335717,Inegocia harrisii,-20.38333,116.26667
2335717,2335717,Inegocia harrisii,-21.016667,115.816667
2335717,2335717,Inegocia harrisii,-21.016667,115.816667
