requested_taxonKey,record_taxonKey,species_name,decimalLatitude,decimalLongitude
2335780,2335780,Ambiserrula jugosa,-33.84327,151.186888
2335780,2335780,Ambiserrula jugosa,-33.839759,151.253742
2335780,2335780,Ambiserrula jugosa,-33.83966,151.254095
2335780,2335780,Ambiserrula jugosa,-33.83966,151.254095
2335780,2335780,Ambiserrula jugosa,-32.712843,152.152536
2335780,2335780,Ambiserrula jugosa,-29.129723,153.49083
2335780,2335780,Ambiserrula jugosa,-29.129723,153.49083
2335780,2335780,Ambiserrula jugosa,-30.642374,153.002789
2335780,2335780,Ambiserrula jugosa,-33.839827,151.253718
2335780,2335780,Ambiserrula jugosa,-33.839448,151.254268
2335780,2335780,Ambiserrula jugosa,-33.849548,151.276761
2335780,2335780,Ambiserrula jugosa,-33.839703,151.253504
2335780,2335780,Ambiserrula jugosa,-32.71779,152.140326
2335780,2335780,Ambiserrula jugosa,-33.849918,151.213902
2335780,2335780,Ambiserrula jugosa,-33.839962,151.253693
2335780,2335780,Ambiserrula jugosa,-33.839969,151.254386
2335780,2335780,Ambiserrula jugosa,-33.839962,151.253693
2335780,2335780,Ambiserrula jugosa,-33.839831,151.253096
2335780,2335780,Ambiserrula jugosa,-33.840008,151.253651
2335780,2335780,Ambiserrula jugosa,-33.83986,151.253351
2335780,2335780,Ambiserrula jugosa,-33.839898,151.253675
2335780,2335780,Ambiserrula jugosa,-33.839827,151.253589
2335780,2335780,Ambiserrula jugosa,-33.839863,151.253761
2335780,2335780,Ambiserrula jugosa,-27.38889,153.58028
2335780,2335780,Ambiserrula jugosa,-27.38889,153.58028
2335780,2335780,Ambiserrula jugosa,-27.38889,153.58028
2335780,2335780,Ambiserrula jugosa,-33.839858,151.253442
2335780,2335780,Ambiserrula jugosa,-32.71367,152.152982
2335780,2335780,Ambiserrula jugosa,-27.38889,153.58028
2335780,2335780,Ambiserrula jugosa,-27.38889,153.58028
2335780,2335780,Ambiserrula jugosa,-27.38889,153.58028
2335780,2335780,Ambiserrula jugosa,-33.839862,151.253608
2335780,2335780,Ambiserrula jugosa,-33.840056,151.253216
2335780,2335780,Ambiserrula jugosa,-27.38889,153.58028
2335780,2335780,Ambiserrula jugosa,-27.38889,153.58028
2335780,2335780,Ambiserrula jugosa,-33.839791,151.25378
2335780,2335780,Ambiserrula jugosa,-27.38889,153.58028
2335780,2335780,Ambiserrula jugosa,-27.38889,153.58028
2335780,2335780,Ambiserrula jugosa,-27.38889,153.58028
2335780,2335780,Ambiserrula jugosa,-27.38889,153.58028
2335780,2335780,Ambiserrula jugosa,-33.84092,151.253131
2335780,2335780,Ambiserrula jugosa,-33.839929,151.253823
2335780,2335780,Ambiserrula jugosa,-33.839929,151.253823
2335780,2335780,Ambiserrula jugosa,-33.839786,151.253737
2335780,2335780,Ambiserrula jugosa,-27.38889,153.58028
2335780,2335780,Ambiserrula jugosa,-27.38889,153.58028
2335780,2335780,Ambiserrula jugosa,-27.38889,153.58028
2335780,2335780,Ambiserrula jugosa,-27.38889,153.58028
2335780,2335780,Ambiserrula jugosa,-27.38889,153.58028
2335780,2335780,Ambiserrula jugosa,-27.38889,153.58028
2335780,2335780,Ambiserrula jugosa,-27.38889,153.58028
2335780,2335780,Ambiserrula jugosa,-27.38889,153.58028
2335780,2335780,Ambiserrula jugosa,-27.38889,153.58028
2335780,2335780,Ambiserrula jugosa,-27.38889,153.58028
2335780,2335780,Ambiserrula jugosa,-33.840025,151.253682
2335780,2335780,Ambiserrula jugosa,-33.839883,151.253897
2335780,2335780,Ambiserrula jugosa,-33.839831,151.253664
2335780,2335780,Ambiserrula jugosa,-33.839552,151.254364
2335780,2335780,Ambiserrula jugosa,-27.38889,153.58028
2335780,2335780,Ambiserrula jugosa,-27.345,153.56195
2335780,2335780,Ambiserrula jugosa,-33.839415,151.253844
2335780,2335780,Ambiserrula jugosa,-27.38889,153.58028
2335780,2335780,Ambiserrula jugosa,-27.38889,153.58028
2335780,2335780,Ambiserrula jugosa,-27.38889,153.58028
2335780,2335780,Ambiserrula jugosa,-27.38889,153.58028
2335780,2335780,Ambiserrula jugosa,-27.38889,153.58028
2335780,2335780,Ambiserrula jugosa,-27.38889,153.58028
2335780,2335780,Ambiserrula jugosa,-27.38889,153.58028
2335780,2335780,Ambiserrula jugosa,-27.38889,153.58028
2335780,2335780,Ambiserrula jugosa,-32.715867,152.143472
2335780,2335780,Ambiserrula jugosa,-33.08631,151.640137
2335780,2335780,Ambiserrula jugosa,-27.38889,153.58028
2335780,2335780,Ambiserrula jugosa,-27.38889,153.58028
2335780,2335780,Ambiserrula jugosa,-27.38889,153.58028
2335780,2335780,Ambiserrula jugosa,-27.38889,153.58028
2335780,2335780,Ambiserrula jugosa,-27.38889,153.58028
2335780,2335780,Ambiserrula jugosa,-27.38889,153.58028
2335780,2335780,Ambiserrula jugosa,-27.38889,153.58028
2335780,2335780,Ambiserrula jugosa,-27.38889,153.58028
2335780,2335780,Ambiserrula jugosa,-27.38889,153.58028
2335780,2335780,Ambiserrula jugosa,-27.38889,153.58028
2335780,2335780,Ambiserrula jugosa,-27.38889,153.58028
2335780,2335780,Ambiserrula jugosa,-27.38889,153.58028
2335780,2335780,Ambiserrula jugosa,-27.38889,153.58028
2335780,2335780,Ambiserrula jugosa,-27.38889,153.58028
2335780,2335780,Ambiserrula jugosa,-27.38889,153.58028
2335780,2335780,Ambiserrula jugosa,-27.38889,153.58028
2335780,2335780,Ambiserrula jugosa,-27.38889,153.58028
2335780,2335780,Ambiserrula jugosa,-27.38889,153.58028
2335780,2335780,Ambiserrula jugosa,-27.38889,153.58028
2335780,2335780,Ambiserrula jugosa,-27.38889,153.58028
2335780,2335780,Ambiserrula jugosa,-27.38889,153.58028
2335780,2335780,Ambiserrula jugosa,-27.38889,153.58028
2335780,2335780,Ambiserrula jugosa,-27.38889,153.58028
2335780,2335780,Ambiserrula jugosa,-27.38889,153.58028
2335780,2335780,Ambiserrula jugosa,-27.38889,153.58028
2335780,2335780,Ambiserrula jugosa,-27.38889,153.58028
2335780,2335780,Ambiserrula jugosa,-27.38889,153.58028
2335780,2335780,Ambiserrula jugosa,-27.38889,153.58028
2335780,2335780,Ambiserrula jugosa,-27.38889,153.58028
2335780,2335780,Ambiserrula jugosa,-27.38889,153.58028
2335780,2335780,Ambiserrula jugosa,-27.38889,153.58028
2335780,2335780,Ambiserrula jugosa,-27.38889,153.58028
2335780,2335780,Ambiserrula jugosa,-34.11639,151.22305
2335780,2335780,Ambiserrula jugosa,-27.38889,153.58028
2335780,2335780,Ambiserrula jugosa,-34.11639,151.22305
2335780,2335780,Ambiserrula jugosa,-27.38889,153.58028
2335780,2335780,Ambiserrula jugosa,-27.38889,153.58028
2335780,2335780,Ambiserrula jugosa,-27.38889,153.58028
2335780,2335780,Ambiserrula jugosa,-27.38889,153.58028
2335780,2335780,Ambiserrula jugosa,-27.38889,153.58028
2335780,2335780,Ambiserrula jugosa,-27.38889,153.58028
2335780,2335780,Ambiserrula jugosa,-27.38889,153.58028
2335780,2335780,Ambiserrula jugosa,-27.38889,153.58028
2335780,2335780,Ambiserrula jugosa,-27.38889,153.58028
2335780,2335780,Ambiserrula jugosa,-32.715698,152.14849
2335780,2335780,Ambiserrula jugosa,-27.38889,153.58028
2335780,2335780,Ambiserrula jugosa,-27.38889,153.58028
2335780,2335780,Ambiserrula jugosa,-32.708789,152.157462
2335780,2335780,Ambiserrula jugosa,-27.9707,153.4275
2335780,2335780,Ambiserrula jugosa,-33.822529,151.152573
2335780,2335780,Ambiserrula jugosa,-27.939722,153.421667
2335780,2335780,Ambiserrula jugosa,-27.939722,153.421667
2335780,2335780,Ambiserrula jugosa,-28.865,153.635
2335780,9991185,Ambiserrula jugosa,-28.84333,153.63834
2335780,9991185,Ambiserrula jugosa,-28.84333,153.63834
2335780,9991185,Ambiserrula jugosa,-28.84333,153.63834
2335780,9991185,Ambiserrula jugosa,-28.84333,153.63834
2335780,2335780,Ambiserrula jugosa,-28.865,153.635
2335780,2335780,Ambiserrula jugosa,-28.84,153.64
2335780,2335780,Ambiserrula jugosa,-28.84,153.64
2335780,2335780,Ambiserrula jugosa,-28.84,153.64
2335780,2335780,Ambiserrula jugosa,-28.84,153.64
2335780,2335780,Ambiserrula jugosa,-28.865,153.635
2335780,2335780,Ambiserrula jugosa,-33.525,151.475
2335780,2335780,Ambiserrula jugosa,-33.517,151.467
2335780,2335780,Ambiserrula jugosa,-34.069105,151.129764
2335780,2335780,Ambiserrula jugosa,-33.84139,151.25583
2335780,2335780,Ambiserrula jugosa,-33.84139,151.25583
2335780,2335780,Ambiserrula jugosa,-33.845554,151.28139
2335780,2335780,Ambiserrula jugosa,-27.433333,153.3
2335780,2335780,Ambiserrula jugosa,-33.033,151.767
2335780,2335780,Ambiserrula jugosa,-29.867,153.333
2335780,2335780,Ambiserrula jugosa,-29.833,153.333
2335780,2335780,Ambiserrula jugosa,-29.65,153.333
2335780,2335780,Ambiserrula jugosa,-29.65,153.35
2335780,2335780,Ambiserrula jugosa,-29.55,153.4
2335780,2335780,Ambiserrula jugosa,-29.583,153.417
2335780,2335780,Ambiserrula jugosa,-29.633,153.4
2335780,2335780,Ambiserrula jugosa,-29.65,153.383
2335780,2335780,Ambiserrula jugosa,-29.633,153.4
2335780,2335780,Ambiserrula jugosa,-29.283,153.483
2335780,2335780,Ambiserrula jugosa,-29.25,153.5
2335780,2335780,Ambiserrula jugosa,-29.233,153.517
2335780,2335780,Ambiserrula jugosa,-29.233,153.517
2335780,2335780,Ambiserrula jugosa,-29.267,153.483
2335780,2335780,Ambiserrula jugosa,-29.383,153.383
2335780,2335780,Ambiserrula jugosa,-29.383,153.433
2335780,2335780,Ambiserrula jugosa,-29.317,153.467
2335780,2335780,Ambiserrula jugosa,-29.333,153.45
2335780,2335780,Ambiserrula jugosa,-29.333,153.45
2335780,2335780,Ambiserrula jugosa,-29.317,153.5
2335780,2335780,Ambiserrula jugosa,-29.317,153.4
2335780,2335780,Ambiserrula jugosa,-29.3,153.4
2335780,2335780,Ambiserrula jugosa,-29.317,153.4
2335780,9991185,Ambiserrula jugosa,-29.8,153.333
2335780,2335780,Ambiserrula jugosa,-29.283333,153.483333
2335780,2335780,Ambiserrula jugosa,-29.283333,153.483333
2335780,2335780,Ambiserrula jugosa,-29.833333,153.333333
2335780,2335780,Ambiserrula jugosa,-29.833333,153.333333
2335780,2335780,Ambiserrula jugosa,-29.283333,153.483333
2335780,2335780,Ambiserrula jugosa,-29.283333,153.483333
2335780,2335780,Ambiserrula jugosa,-29.833333,153.333333
2335780,2335780,Ambiserrula jugosa,-29.833333,153.333333
2335780,2335780,Ambiserrula jugosa,-27.183333,153.216667
2335780,2335780,Ambiserrula jugosa,-27.266667,153.383333
2335780,2335780,Ambiserrula jugosa,-29.8,153.333
2335780,2335780,Ambiserrula jugosa,-29.633,153.35
2335780,2335780,Ambiserrula jugosa,-29.367,153.383
2335780,2335780,Ambiserrula jugosa,-29.35,153.4
2335780,2335780,Ambiserrula jugosa,-29.317,153.417
2335780,2335780,Ambiserrula jugosa,-29.283,153.4
2335780,2335780,Ambiserrula jugosa,-29.5,153.433
2335780,2335780,Ambiserrula jugosa,-29.533,153.417
2335780,2335780,Ambiserrula jugosa,-29.533,153.417
2335780,2335780,Ambiserrula jugosa,-29.55,153.4
2335780,2335780,Ambiserrula jugosa,-29.533,153.4
2335780,2335780,Ambiserrula jugosa,-29.367,153.383
2335780,2335780,Ambiserrula jugosa,-29.3,153.4
2335780,2335780,Ambiserrula jugosa,-29.283,153.4
2335780,2335780,Ambiserrula jugosa,-29.317,153.45
2335780,2335780,Ambiserrula jugosa,-29.317,153.467
2335780,2335780,Ambiserrula jugosa,-29.3,153.467
2335780,2335780,Ambiserrula jugosa,-29.367,153.467
2335780,2335780,Ambiserrula jugosa,-29.4,153.467
2335780,2335780,Ambiserrula jugosa,-29.233,153.517
2335780,2335780,Ambiserrula jugosa,-29.217,153.533
2335780,2335780,Ambiserrula jugosa,-29.25,153.517
2335780,2335780,Ambiserrula jugosa,-29.217,153.517
2335780,2335780,Ambiserrula jugosa,-29.217,153.517
2335780,2335780,Ambiserrula jugosa,-29.533,153.483
2335780,2335780,Ambiserrula jugosa,-29.533,153.483
2335780,2335780,Ambiserrula jugosa,-29.567,153.467
2335780,2335780,Ambiserrula jugosa,-29.833,153.417
2335780,2335780,Ambiserrula jugosa,-29.533,153.417
2335780,2335780,Ambiserrula jugosa,-29.583,153.417
2335780,2335780,Ambiserrula jugosa,-29.633,153.383
2335780,2335780,Ambiserrula jugosa,-29.25,153.5
2335780,2335780,Ambiserrula jugosa,-29.617,153.4
2335780,2335780,Ambiserrula jugosa,-29.3,153.483
2335780,2335780,Ambiserrula jugosa,-29.3,153.483
2335780,2335780,Ambiserrula jugosa,-29.317,153.483
2335780,2335780,Ambiserrula jugosa,-29.3,153.483
2335780,2335780,Ambiserrula jugosa,-29.383,153.383
2335780,2335780,Ambiserrula jugosa,-29.383,153.383
2335780,2335780,Ambiserrula jugosa,-29.417,153.383
2335780,2335780,Ambiserrula jugosa,-29.333,153.417
2335780,2335780,Ambiserrula jugosa,-29.35,153.4
2335780,2335780,Ambiserrula jugosa,-29.383,153.417
2335780,2335780,Ambiserrula jugosa,-29.383,153.467
2335780,2335780,Ambiserrula jugosa,-29.383,153.5
2335780,2335780,Ambiserrula jugosa,-29.383,153.467
2335780,2335780,Ambiserrula jugosa,-29.383,153.483
2335780,2335780,Ambiserrula jugosa,-29.383,153.467
2335780,2335780,Ambiserrula jugosa,-29.65,153.35
2335780,2335780,Ambiserrula jugosa,-29.333,153.367
2335780,2335780,Ambiserrula jugosa,-29.3,153.4
2335780,2335780,Ambiserrula jugosa,-29.35,153.4
2335780,2335780,Ambiserrula jugosa,-29.383,153.383
2335780,2335780,Ambiserrula jugosa,-27.483333,153.6
2335780,2335780,Ambiserrula jugosa,-33.2,151.683
2335780,2335780,Ambiserrula jugosa,-32.867,151.883
2335780,2335780,Ambiserrula jugosa,-29.35,153.4
2335780,2335780,Ambiserrula jugosa,-29.5,153.45
2335780,2335780,Ambiserrula jugosa,-29.467,153.45
2335780,2335780,Ambiserrula jugosa,-29.517,153.433
2335780,2335780,Ambiserrula jugosa,-29.533,153.433
2335780,2335780,Ambiserrula jugosa,-29.55,153.417
2335780,2335780,Ambiserrula jugosa,-29.383,153.383
2335780,2335780,Ambiserrula jugosa,-29.35,153.4
2335780,2335780,Ambiserrula jugosa,-29.3,153.4
2335780,2335780,Ambiserrula jugosa,-29.3,153.417
2335780,2335780,Ambiserrula jugosa,-29.65,153.383
2335780,2335780,Ambiserrula jugosa,-29.633,153.4
2335780,2335780,Ambiserrula jugosa,-29.583,153.417
2335780,2335780,Ambiserrula jugosa,-29.583,153.417
2335780,2335780,Ambiserrula jugosa,-29.567,153.417
2335780,2335780,Ambiserrula jugosa,-29.233,153.517
2335780,2335780,Ambiserrula jugosa,-29.25,153.517
2335780,2335780,Ambiserrula jugosa,-29.283,153.517
2335780,2335780,Ambiserrula jugosa,-29.283,153.5
2335780,2335780,Ambiserrula jugosa,-29.283,153.517
2335780,2335780,Ambiserrula jugosa,-29.65,153.333
2335780,2335780,Ambiserrula jugosa,-29.783,153.333
2335780,2335780,Ambiserrula jugosa,-29.633,153.35
2335780,2335780,Ambiserrula jugosa,-29.85,153.333
2335780,2335780,Ambiserrula jugosa,-29.417,153.383
2335780,2335780,Ambiserrula jugosa,-29.3,153.367
2335780,2335780,Ambiserrula jugosa,-29.3,153.4
2335780,2335780,Ambiserrula jugosa,-29.317,153.367
2335780,2335780,Ambiserrula jugosa,-29.283,153.417
2335780,2335780,Ambiserrula jugosa,-29.375,153.4
2335780,2335780,Ambiserrula jugosa,-27.233333,153.316667
2335780,2335780,Ambiserrula jugosa,-33,151.76666
2335780,2335780,Ambiserrula jugosa,-33.05,151.717
2335780,2335780,Ambiserrula jugosa,-28.4,153.667
2335780,2335780,Ambiserrula jugosa,-28.4,153.667
2335780,2335780,Ambiserrula jugosa,-28.4,153.667
2335780,2335780,Ambiserrula jugosa,-33.966667,151.16667
2335780,2335780,Ambiserrula jugosa,-29.383,153.383
2335780,2335780,Ambiserrula jugosa,-29.383,153.383
2335780,2335780,Ambiserrula jugosa,-29.383,153.383
2335780,2335780,Ambiserrula jugosa,-28.583,153.567
2335780,2335780,Ambiserrula jugosa,-32.867,152
2335780,2335780,Ambiserrula jugosa,-32.867,152
2335780,2335780,Ambiserrula jugosa,-28.4,153.667
2335780,2335780,Ambiserrula jugosa,-28.583,153.567
2335780,2335780,Ambiserrula jugosa,-30.8,153.033
2335780,2335780,Ambiserrula jugosa,-30.8,153.033
2335780,2335780,Ambiserrula jugosa,-30.8,153.033
2335780,2335780,Ambiserrula jugosa,-30.8,153.033
2335780,2335780,Ambiserrula jugosa,-28.583,153.567
2335780,2335780,Ambiserrula jugosa,-29.383,153.383
2335780,2335780,Ambiserrula jugosa,-32.8,151.983
2335780,2335780,Ambiserrula jugosa,-32.85,151.883
2335780,2335780,Ambiserrula jugosa,-32.8,151.983
2335780,2335780,Ambiserrula jugosa,-28.4,153.667
2335780,2335780,Ambiserrula jugosa,-28.4,153.667
2335780,2335780,Ambiserrula jugosa,-28.4,153.667
2335780,2335780,Ambiserrula jugosa,-28.4,153.667
2335780,2335780,Ambiserrula jugosa,-28.4,153.667
2335780,2335780,Ambiserrula jugosa,-29.675556,153.61528
2335780,2335780,Ambiserrula jugosa,-32.078335,152.77
2335780,2335780,Ambiserrula jugosa,-31.408333,153.05083
2335780,2335780,Ambiserrula jugosa,-32.148335,152.8725
2335780,2335780,Ambiserrula jugosa,-31.710833,152.96083
2335780,2335780,Ambiserrula jugosa,-29.925833,153.51666
2335780,2335780,Ambiserrula jugosa,-31.0675,153.10333
2335780,2335780,Ambiserrula jugosa,-30.345,153.34584
2335780,2335780,Ambiserrula jugosa,-30.9725,153.165
2335780,2335780,Ambiserrula jugosa,-31.786667,153.02667
2335780,2335780,Ambiserrula jugosa,-30.7625,153.20833
2335780,2335780,Ambiserrula jugosa,-30.467,153.133
2335780,2335780,Ambiserrula jugosa,-30.467,153.133
2335780,2335780,Ambiserrula jugosa,-29.4,153.5
2335780,2335780,Ambiserrula jugosa,-29.3,153.5
2335780,2335780,Ambiserrula jugosa,-29.367,153.517
2335780,2335780,Ambiserrula jugosa,-29.333,153.483
2335780,2335780,Ambiserrula jugosa,-28.75,153.65
2335780,2335780,Ambiserrula jugosa,-29.517,153.467
2335780,2335780,Ambiserrula jugosa,-29.3,153.49167
2335780,2335780,Ambiserrula jugosa,-28.883333,153.83333
2335780,2335780,Ambiserrula jugosa,-29.541666,153.44167
2335780,2335780,Ambiserrula jugosa,-29.35,153.48167
2335780,2335780,Ambiserrula jugosa,-29.3,153.417
2335780,2335780,Ambiserrula jugosa,-29.35,153.483
2335780,2335780,Ambiserrula jugosa,-29.35,153.417
2335780,2335780,Ambiserrula jugosa,-29.517,153.467
2335780,2335780,Ambiserrula jugosa,-29.65,153.383
2335780,2335780,Ambiserrula jugosa,-29.817,153.4
2335780,2335780,Ambiserrula jugosa,-29.35,153.425
2335780,2335780,Ambiserrula jugosa,-29.3,153.425
2335780,2335780,Ambiserrula jugosa,-29.391666,153.47333
2335780,2335780,Ambiserrula jugosa,-29.366667,153.43333
2335780,2335780,Ambiserrula jugosa,-29.65,153.39166
2335780,2335780,Ambiserrula jugosa,-29.35,153.483
2335780,2335780,Ambiserrula jugosa,-29.333,153.433
2335780,2335780,Ambiserrula jugosa,-29.35,153.483
2335780,2335780,Ambiserrula jugosa,-29.65,153.4
2335780,2335780,Ambiserrula jugosa,-29.383,153.417
2335780,2335780,Ambiserrula jugosa,-33,151
2335780,2335780,Ambiserrula jugosa,-33.8497,151.277
2335780,2335780,Ambiserrula jugosa,-33.833332,151.28334
2335780,2335780,Ambiserrula jugosa,-33.95,151.18333
2335780,2335780,Ambiserrula jugosa,-27.35,153.233333
2335780,2335780,Ambiserrula jugosa,-27.233333,153.15
2335780,2335780,Ambiserrula jugosa,-27.383333,153.216667
2335780,2335780,Ambiserrula jugosa,-33.8,151.26666
2335780,2335780,Ambiserrula jugosa,-33.816666,151.28334
2335780,2335780,Ambiserrula jugosa,-27.25,153.35
2335780,2335780,Ambiserrula jugosa,-33.583332,152.25
2335780,2335780,Ambiserrula jugosa,-27.433333,153.55
2335780,2335780,Ambiserrula jugosa,-33.8,151.28334
2335780,2335780,Ambiserrula jugosa,-33.82,151.26666
2335780,2335780,Ambiserrula jugosa,-33.833332,151.26666
2335780,2335780,Ambiserrula jugosa,-33,151
2335780,2335780,Ambiserrula jugosa,-27.466667,153.366667
2335780,2335780,Ambiserrula jugosa,-27.25,153.25
2335780,2335780,Ambiserrula jugosa,-33.983333,151.2
2335780,2335780,Ambiserrula jugosa,-27.25,153.25
2335780,2335780,Ambiserrula jugosa,-27.25,153.25
2335780,2335780,Ambiserrula jugosa,-27.25,153.25
2335780,2335780,Ambiserrula jugosa,-27.312395,153.344665
2335780,2335780,Ambiserrula jugosa,-27.312395,153.344665
2335780,2335780,Ambiserrula jugosa,-27.312395,153.344665
2335780,2335780,Ambiserrula jugosa,-27.312395,153.344665
2335780,2335780,Ambiserrula jugosa,-27.312395,153.344665
2335780,2335780,Ambiserrula jugosa,-27.312395,153.344665
2335780,2335780,Ambiserrula jugosa,-27.312395,153.344665
2335780,2335780,Ambiserrula jugosa,-27.312395,153.344665
2335780,2335780,Ambiserrula jugosa,-27.532317,153.462608
2335780,2335780,Ambiserrula jugosa,-27.312395,153.344665
2335780,2335780,Ambiserrula jugosa,-27.312395,153.344665
2335780,2335780,Ambiserrula jugosa,-27.312395,153.344665
2335780,2335780,Ambiserrula jugosa,-27.312395,153.344665
2335780,2335780,Ambiserrula jugosa,-27.312395,153.344665
2335780,2335780,Ambiserrula jugosa,-27.312395,153.344665
2335780,2335780,Ambiserrula jugosa,-27.312395,153.344665
2335780,2335780,Ambiserrula jugosa,-27.312395,153.344665
2335780,2335780,Ambiserrula jugosa,-27.312395,153.344665
2335780,2335780,Ambiserrula jugosa,-27.312395,153.344665
2335780,2335780,Ambiserrula jugosa,-27.312395,153.344665
2335780,2335780,Ambiserrula jugosa,-27.312395,153.344665
2335780,2335780,Ambiserrula jugosa,-27.312395,153.344665
2335780,2335780,Ambiserrula jugosa,-27.312395,153.344665
2335780,2335780,Ambiserrula jugosa,-27.312395,153.344665
2335780,2335780,Ambiserrula jugosa,-27.312395,153.344665
2335780,2335780,Ambiserrula jugosa,-27.312395,153.344665
2335780,2335780,Ambiserrula jugosa,-27.312395,153.344665
2335780,2335780,Ambiserrula jugosa,-27.312395,153.344665
2335780,2335780,Ambiserrula jugosa,-27.312395,153.344665
2335780,2335780,Ambiserrula jugosa,-27.466667,153.366667
