requested_taxonKey,record_taxonKey,species_name,decimalLatitude,decimalLongitude
2335216,2335216,Glyptauchen panduratus,-35.08476,137.749808
2335216,2335216,Glyptauchen panduratus,-38.335699,144.745795
2335216,2335216,Glyptauchen panduratus,-35.148684,138.464605
2335216,2335216,Glyptauchen panduratus,-38.33575,144.745732
2335216,2335216,Glyptauchen panduratus,-35.522854,138.185421
2335216,2335216,Glyptauchen panduratus,-38.336164,144.745239
2335216,2335216,Glyptauchen panduratus,-38.336164,144.745239
2335216,2335216,Glyptauchen panduratus,-35.084784,137.744144
2335216,2335216,Glyptauchen panduratus,-35.522854,138.185421
2335216,2335216,Glyptauchen panduratus,-35.084513,137.749931
2335216,2335216,Glyptauchen panduratus,-35.08477,137.749624
2335216,2335216,Glyptauchen panduratus,-35.08476,137.749851
2335216,2335216,Glyptauchen panduratus,-38.13908,144.713527
2335216,2335216,Glyptauchen panduratus,-35.12528,150.751103
2335216,2335216,Glyptauchen panduratus,-38.340998,144.878143
2335216,2335216,Glyptauchen panduratus,-38.336634,144.890746
2335216,2335216,Glyptauchen panduratus,-38.335571,144.747486
2335216,2335216,Glyptauchen panduratus,-38.335801,144.745814
2335216,2335216,Glyptauchen panduratus,-33.560555,115.077839
2335216,2335216,Glyptauchen panduratus,-35.150468,138.464921
2335216,2335216,Glyptauchen panduratus,-38.322876,144.756597
2335216,2335216,Glyptauchen panduratus,-35.522854,138.185421
2335216,2335216,Glyptauchen panduratus,-33.989695,151.22913
2335216,2335216,Glyptauchen panduratus,-38.335782,144.745722
2335216,2335216,Glyptauchen panduratus,-35.148889,138.463514
2335216,2335216,Glyptauchen panduratus,-35.526571,138.189798
2335216,2335216,Glyptauchen panduratus,-35.149846,138.464645
2335216,2335216,Glyptauchen panduratus,-38.335714,144.745905
2335216,2335216,Glyptauchen panduratus,-38.335666,144.745827
2335216,2335216,Glyptauchen panduratus,-38.335554,144.74588
2335216,2335216,Glyptauchen panduratus,-35.148746,138.464179
2335216,2335216,Glyptauchen panduratus,-35.129728,150.752201
2335216,2335216,Glyptauchen panduratus,-38.33574,144.745766
2335216,2335216,Glyptauchen panduratus,-38.121469,144.876774
2335216,2335216,Glyptauchen panduratus,-38.33563,144.745927
2335216,2335216,Glyptauchen panduratus,-32.138019,115.743763
2335216,2335216,Glyptauchen panduratus,-38.335636,144.746031
2335216,2335216,Glyptauchen panduratus,-38.284008,144.681015
2335216,2335216,Glyptauchen panduratus,-38.357212,144.772657
2335216,2335216,Glyptauchen panduratus,-35.52,138.18
2335216,2335216,Glyptauchen panduratus,-35.4,138.33
2335216,2335216,Glyptauchen panduratus,-35.52,138.18
2335216,2335216,Glyptauchen panduratus,-35.149249,138.464244
2335216,2335216,Glyptauchen panduratus,-38.318856,144.713383
2335216,2335216,Glyptauchen panduratus,-35.15,138.46
2335216,2335216,Glyptauchen panduratus,-38.318827,144.713335
2335216,2335216,Glyptauchen panduratus,-38.36,144.769
2335216,2335216,Glyptauchen panduratus,-38.36,144.769
2335216,2335216,Glyptauchen panduratus,-38.36,144.769
2335216,2335216,Glyptauchen panduratus,-35.12,150.75
2335216,2335216,Glyptauchen panduratus,-35.12,150.75
2335216,2335216,Glyptauchen panduratus,-38.3174,144.7102
2335216,2335216,Glyptauchen panduratus,-34.12,122.25
2335216,2335216,Glyptauchen panduratus,-38.3174,144.7102
2335216,2335216,Glyptauchen panduratus,-35.58,137.49
2335216,2335216,Glyptauchen panduratus,-35.522064,138.185471
2335216,2335216,Glyptauchen panduratus,-38.32,144.72
2335216,2335216,Glyptauchen panduratus,-34.00529,151.228742
2335216,2335216,Glyptauchen panduratus,-35.52,138.16
2335216,2335216,Glyptauchen panduratus,-35.4,138.33
2335216,2335216,Glyptauchen panduratus,-35.27,138.43
2335216,2335216,Glyptauchen panduratus,-35.42,138.32
2335216,2335216,Glyptauchen panduratus,-35.42,138.32
2335216,2335216,Glyptauchen panduratus,-38.32,144.72
2335216,2335216,Glyptauchen panduratus,-35.59151,138.60386
2335216,2335216,Glyptauchen panduratus,-38.31,144.7
2335216,2335216,Glyptauchen panduratus,-38.32,144.72
2335216,2335216,Glyptauchen panduratus,-35.11,150.77
2335216,2335216,Glyptauchen panduratus,-35.13,150.75
2335216,2335216,Glyptauchen panduratus,-38.520227,145.364259
2335216,2335216,Glyptauchen panduratus,-35.11,150.77
2335216,2335216,Glyptauchen panduratus,-35.12,150.75
2335216,2335216,Glyptauchen panduratus,-34.591126,150.899118
2335216,2335216,Glyptauchen panduratus,-33.60395,137.62054
2335216,2335216,Glyptauchen panduratus,-33.40694,137.53332
2335216,2335216,Glyptauchen panduratus,-33.43859,137.51632
2335216,2335216,Glyptauchen panduratus,-33.60395,137.62054
2335216,2335216,Glyptauchen panduratus,-33.40694,137.53332
2335216,2335216,Glyptauchen panduratus,-33.43859,137.51632
2335216,2335216,Glyptauchen panduratus,-33.49719,137.54738
2335216,2335216,Glyptauchen panduratus,-35.222,138.278
2335216,2335216,Glyptauchen panduratus,-33.6228,137.4989
2335216,2335216,Glyptauchen panduratus,-33.6228,137.4989
2335216,2335216,Glyptauchen panduratus,-38.6762,145.621
2335216,2335216,Glyptauchen panduratus,-38.6762,145.621
2335216,2335216,Glyptauchen panduratus,-34.9344,138.017
2335216,2335216,Glyptauchen panduratus,-35.0286,138.085
2335216,2335216,Glyptauchen panduratus,-35.0286,138.085
2335216,2335216,Glyptauchen panduratus,-33.605,137.483
2335216,2335216,Glyptauchen panduratus,-33.605,137.483
2335216,2335216,Glyptauchen panduratus,-38.3173,144.717
2335216,2335216,Glyptauchen panduratus,-33.75,137.5
2335216,2335216,Glyptauchen panduratus,-38.3173,144.717
2335216,2335216,Glyptauchen panduratus,-35.0847,137.7494
2335216,2335216,Glyptauchen panduratus,-38.317806,144.713954
2335216,2335216,Glyptauchen panduratus,-33.5,137.58
2335216,2335216,Glyptauchen panduratus,-33.6,137.58
2335216,2335216,Glyptauchen panduratus,-33.6,137.58
2335216,2335216,Glyptauchen panduratus,-35.18,138.1
2335216,2335216,Glyptauchen panduratus,-35.37,138.08
2335216,2335216,Glyptauchen panduratus,-35.18,138.1
2335216,2335216,Glyptauchen panduratus,-33.2,134.67
2335216,2335216,Glyptauchen panduratus,-40.1033,148.417
2335216,2335216,Glyptauchen panduratus,-38.3178,144.714
2335216,2335216,Glyptauchen panduratus,-40.8,143.6
2335216,2335216,Glyptauchen panduratus,-40.8,143.6
2335216,2335216,Glyptauchen panduratus,-38.32,144.72
2335216,2335216,Glyptauchen panduratus,-41.08332,146.8
2335216,2335216,Glyptauchen panduratus,-35.616665,137.25
2335216,2335216,Glyptauchen panduratus,-31.983334,115.55
2335216,2335216,Glyptauchen panduratus,-38.316666,144.71666
2335216,2335216,Glyptauchen panduratus,-38.316666,144.71666
2335216,2335216,Glyptauchen panduratus,-41.08541,146.7444
2335216,2335216,Glyptauchen panduratus,-38.316666,144.71666
2335216,2335216,Glyptauchen panduratus,-33.83,137.27
2335216,2335216,Glyptauchen panduratus,-33.951637,137.309453
2335216,2335216,Glyptauchen panduratus,-34.07,136.4
2335216,2335216,Glyptauchen panduratus,-35.15,138.48
2335216,2335216,Glyptauchen panduratus,-34.740618,135.884196
2335216,2335216,Glyptauchen panduratus,-34.740618,135.884196
2335216,2335216,Glyptauchen panduratus,-35.1667,137.9167
2335216,2335216,Glyptauchen panduratus,-35.15,138.48
2335216,2335216,Glyptauchen panduratus,-34,151.21666
2335216,2335216,Glyptauchen panduratus,-34.97,138.87
2335216,2335216,Glyptauchen panduratus,-33.82389,151.25194
2335216,2335216,Glyptauchen panduratus,-33.816666,151.26666
2335216,2335216,Glyptauchen panduratus,-33.816666,151.28334
2335216,2335216,Glyptauchen panduratus,-33.85,151.28334
2335216,2335216,Glyptauchen panduratus,-33.833332,151.26666
2335216,2335216,Glyptauchen panduratus,-34.73,135.87
2335216,2335216,Glyptauchen panduratus,-35.15,138.48
2335216,2335216,Glyptauchen panduratus,-34.73,135.87
2335216,2335216,Glyptauchen panduratus,-34.11667,122.26667
2335216,2335216,Glyptauchen panduratus,-33.85,151.53334
2335216,2335216,Glyptauchen panduratus,-38.28,145.28
2335216,2335216,Glyptauchen panduratus,-35.225,138.0333
2335216,2335216,Glyptauchen panduratus,-38.8039,137.46190000000001
2335216,2335216,Glyptauchen panduratus,-33.3,134.58
2335216,2335216,Glyptauchen panduratus,-33.25,134.58
2335216,2335216,Glyptauchen panduratus,-33.2,134.67
2335216,2335216,Glyptauchen panduratus,-33.6833,136.9167
2335216,2335216,Glyptauchen panduratus,-33.6833,136.9167
2335216,2335216,Glyptauchen panduratus,-35.225,138.0333
