requested_taxonKey,record_taxonKey,species_name,decimalLatitude,decimalLongitude
2336883,2336885,Ectreposebastes niger,-22.351616,113.220259
2336883,2336885,Ectreposebastes niger,-22.351616,113.220259
2336883,2336884,Ectreposebastes imus,-23.9847,111.97035
2336883,2336884,Ectreposebastes imus,-23.9847,111.97035
2336883,2336884,Ectreposebastes imus,-23.9847,111.97035
2336883,2336884,Ectreposebastes imus,-23.13834,112.81376
2336883,2336885,Ectreposebastes niger,-35.384445,151.34889
2336883,2336885,Ectreposebastes niger,-35.65611,151.5825
2336883,2336885,Ectreposebastes niger,-31.9,153.2
2336883,2336883,"Ectreposebastes Garman, 1899",-33.033333,152.49167
