requested_taxonKey,record_taxonKey,species_name,decimalLatitude,decimalLongitude
2336964,2336964,Aploactisoma milesii,-33.992233,151.229304
2336964,2336964,Aploactisoma milesii,-33.992233,151.229304
2336964,2336964,Aploactisoma milesii,-38.357239,144.773372
2336964,2336964,Aploactisoma milesii,-38.357239,144.773372
2336964,2336964,Aploactisoma milesii,-38.356992,144.773087
2336964,2336964,Aploactisoma milesii,-38.357057,144.77321800000001
2336964,2336964,Aploactisoma milesii,-35.08476,137.749808
2336964,2336964,Aploactisoma milesii,-38.356108,144.773026
2336964,2336964,Aploactisoma milesii,-33.992178,151.229845
2336964,2336964,Aploactisoma milesii,-38.368528,144.822266
2336964,2336964,Aploactisoma milesii,-35.522854,138.185421
2336964,2336964,Aploactisoma milesii,-38.33575,144.745732
2336964,2336964,Aploactisoma milesii,-38.367617,144.822669
2336964,2336964,Aploactisoma milesii,-38.365881,144.82302
2336964,2336964,Aploactisoma milesii,-34.0033,151.226292
2336964,2336964,Aploactisoma milesii,-38.172073,144.727646
2336964,2336964,Aploactisoma milesii,-34.003481,151.226661
2336964,2336964,Aploactisoma milesii,-34.831367,138.481097
2336964,2336964,Aploactisoma milesii,-35.03595,138.516844
2336964,2336964,Aploactisoma milesii,-34.890789,138.484683
2336964,2336964,Aploactisoma milesii,-35.257692,138.461512
2336964,2336964,Aploactisoma milesii,-34.872592,138.479707
2336964,2336964,Aploactisoma milesii,-34.936304,138.496932
2336964,2336964,Aploactisoma milesii,-34.966623,138.509393
2336964,2336964,Aploactisoma milesii,-35.03499,138.51662
2336964,2336964,Aploactisoma milesii,-35.036758,138.516056
2336964,2336964,Aploactisoma milesii,-35.036395,138.516129
2336964,2336964,Aploactisoma milesii,-34.937097,138.497301
2336964,2336964,Aploactisoma milesii,-34.982885,138.510359
2336964,2336964,Aploactisoma milesii,-34.89027,138.484969
2336964,2336964,Aploactisoma milesii,-38.397305,145.214351
2336964,2336964,Aploactisoma milesii,-35.371262,138.376819
2336964,2336964,Aploactisoma milesii,-38.366795,144.822865
2336964,2336964,Aploactisoma milesii,-38.365718,144.823149
2336964,2336964,Aploactisoma milesii,-35.378971,138.083289
2336964,2336964,Aploactisoma milesii,-38.365742,144.823032
2336964,2336964,Aploactisoma milesii,-38.365757,144.823004
2336964,2336964,Aploactisoma milesii,-38.335644,144.745812
2336964,2336964,Aploactisoma milesii,-33.992721,151.230247
2336964,2336964,Aploactisoma milesii,-34.002538,151.225378
2336964,2336964,Aploactisoma milesii,-38.356554,144.773596
2336964,2336964,Aploactisoma milesii,-35.523116,138.188655
2336964,2336964,Aploactisoma milesii,-32.092177,115.75317
2336964,2336964,Aploactisoma milesii,-38.365596,144.823095
2336964,2336964,Aploactisoma milesii,-35.527541,138.112391
2336964,2336964,Aploactisoma milesii,-38.365596,144.823095
2336964,2336964,Aploactisoma milesii,-38.365596,144.823095
2336964,2336964,Aploactisoma milesii,-38.365596,144.823095
2336964,2336964,Aploactisoma milesii,-38.365596,144.823095
2336964,2336964,Aploactisoma milesii,-32.12426,115.759298
2336964,2336964,Aploactisoma milesii,-32.124036,115.758218
2336964,2336964,Aploactisoma milesii,-32.12407,115.758322
2336964,2336964,Aploactisoma milesii,-38.170425,144.719356
2336964,2336964,Aploactisoma milesii,-32.124065,115.758481
2336964,2336964,Aploactisoma milesii,-35.222519,150.536695
2336964,2336964,Aploactisoma milesii,-38.317814,144.95773
2336964,2336964,Aploactisoma milesii,-35.149095,138.464932
2336964,2336964,Aploactisoma milesii,-38.365612,144.823134
2336964,2336964,Aploactisoma milesii,-34.002322,151.225475
2336964,2336964,Aploactisoma milesii,-38.335571,144.7468
2336964,2336964,Aploactisoma milesii,-38.336649,144.746456
2336964,2336964,Aploactisoma milesii,-38.335841,144.746456
2336964,2336964,Aploactisoma milesii,-34.003521,151.228697
2336964,2336964,Aploactisoma milesii,-38.335571,144.747486
2336964,2336964,Aploactisoma milesii,-38.335534,144.745825
2336964,2336964,Aploactisoma milesii,-38.356214,144.773879
2336964,2336964,Aploactisoma milesii,-38.361328,144.777664
2336964,2336964,Aploactisoma milesii,-38.365486,144.82316
2336964,2336964,Aploactisoma milesii,-38.365473,144.823112
2336964,2336964,Aploactisoma milesii,-38.365451,144.823115
2336964,2336964,Aploactisoma milesii,-34.0033,151.226292
2336964,2336964,Aploactisoma milesii,-38.356554,144.773596
2336964,2336964,Aploactisoma milesii,-38.369894,144.822172
2336964,2336964,Aploactisoma milesii,-38.35676,144.77361
2336964,2336964,Aploactisoma milesii,-38.365486,144.82309
2336964,2336964,Aploactisoma milesii,-38.356554,144.773596
2336964,2336964,Aploactisoma milesii,-38.356413,144.773511
2336964,2336964,Aploactisoma milesii,-38.360298,144.77829
2336964,2336964,Aploactisoma milesii,-38.356554,144.773596
2336964,2336964,Aploactisoma milesii,-38.369894,144.822172
2336964,2336964,Aploactisoma milesii,-38.369894,144.822172
2336964,2336964,Aploactisoma milesii,-32.71779,152.140326
2336964,2336964,Aploactisoma milesii,-38.356234,144.772117
2336964,2336964,Aploactisoma milesii,-38.356554,144.773596
2336964,2336964,Aploactisoma milesii,-38.356554,144.773596
2336964,2336964,Aploactisoma milesii,-38.357718,144.772476
2336964,2336964,Aploactisoma milesii,-38.356554,144.773596
2336964,2336964,Aploactisoma milesii,-38.356554,144.773596
2336964,2336964,Aploactisoma milesii,-38.34927,144.772657
2336964,2336964,Aploactisoma milesii,-33.99183,151.229972
2336964,2336964,Aploactisoma milesii,-38.356554,144.773596
2336964,2336964,Aploactisoma milesii,-38.356554,144.773596
2336964,2336964,Aploactisoma milesii,-38.355923,144.774139
2336964,2336964,Aploactisoma milesii,-38.368046,144.82273
2336964,2336964,Aploactisoma milesii,-38.318931,144.713354
2336964,2336964,Aploactisoma milesii,-38.318179,144.713712
2336964,2336964,Aploactisoma milesii,-38.356521,144.773575
2336964,2336964,Aploactisoma milesii,-38.356398,144.773174
2336964,2336964,Aploactisoma milesii,-34.0033,151.226292
2336964,2336964,Aploactisoma milesii,-38.358943,144.772963
2336964,2336964,Aploactisoma milesii,-38.356677,144.773496
2336964,2336964,Aploactisoma milesii,-38.356677,144.773496
2336964,2336964,Aploactisoma milesii,-38.356887,144.773249
2336964,2336964,Aploactisoma milesii,-38.356234,144.772117
2336964,2336964,Aploactisoma milesii,-38.358943,144.772963
2336964,2336964,Aploactisoma milesii,-38.358943,144.772963
2336964,2336964,Aploactisoma milesii,-38.356554,144.773596
2336964,2336964,Aploactisoma milesii,-33.839791,151.253393
2336964,2336964,Aploactisoma milesii,-34.00314,151.226238
2336964,2336964,Aploactisoma milesii,-34.002612,151.225784
2336964,2336964,Aploactisoma milesii,-38.357037,144.772809
2336964,2336964,Aploactisoma milesii,-38.351587,144.76591
2336964,2336964,Aploactisoma milesii,-33.839809,151.253238
2336964,2336964,Aploactisoma milesii,-38.357055,144.77312
2336964,2336964,Aploactisoma milesii,-38.356786,144.773206
2336964,2336964,Aploactisoma milesii,-38.35687,144.772948
2336964,2336964,Aploactisoma milesii,-38.356938,144.773034
2336964,2336964,Aploactisoma milesii,-38.356551,144.772991
2336964,2336964,Aploactisoma milesii,-38.366431,144.822948
2336964,2336964,Aploactisoma milesii,-38.276703,144.996027
2336964,2336964,Aploactisoma milesii,-38.356554,144.773596
2336964,2336964,Aploactisoma milesii,-38.365831,144.823046
2336964,2336964,Aploactisoma milesii,-38.356554,144.773596
2336964,2336964,Aploactisoma milesii,-35.520558,138.186038
2336964,2336964,Aploactisoma milesii,-35.52263,138.185195
2336964,2336964,Aploactisoma milesii,-32.137884,115.744909
2336964,2336964,Aploactisoma milesii,-38.357733,144.77298
2336964,2336964,Aploactisoma milesii,-38.356601,144.773205
2336964,2336964,Aploactisoma milesii,-33.991332,151.230204
2336964,2336964,Aploactisoma milesii,-33.840605,151.252673
2336964,2336964,Aploactisoma milesii,-33.839917,151.253424
2336964,2336964,Aploactisoma milesii,-33.992569,151.229394
2336964,2336964,Aploactisoma milesii,-33.839884,151.253665
2336964,2336964,Aploactisoma milesii,-33.839918,151.253388
2336964,2336964,Aploactisoma milesii,-33.992116,151.231191
2336964,2336964,Aploactisoma milesii,-38.365626,144.823023
2336964,2336964,Aploactisoma milesii,-38.356554,144.773596
2336964,2336964,Aploactisoma milesii,-33.83987,151.253345
2336964,2336964,Aploactisoma milesii,-33.839704,151.253768
2336964,2336964,Aploactisoma milesii,-33.991071,151.229745
2336964,2336964,Aploactisoma milesii,-38.166667,144.716667
2336964,2336964,Aploactisoma milesii,-38.356554,144.773596
2336964,2336964,Aploactisoma milesii,-38.356554,144.773596
2336964,2336964,Aploactisoma milesii,-32.052706,115.725794
2336964,2336964,Aploactisoma milesii,-38.358943,144.772963
2336964,2336964,Aploactisoma milesii,-38.1706,144.7189
2336964,2336964,Aploactisoma milesii,-38.366599,144.822862
2336964,2336964,Aploactisoma milesii,-38.356519,144.772895
2336964,2336964,Aploactisoma milesii,-35.519656,138.185078
2336964,2336964,Aploactisoma milesii,-35.522854,138.185421
2336964,2336964,Aploactisoma milesii,-38.356234,144.772117
2336964,2336964,Aploactisoma milesii,-38.169805,144.721288
2336964,2336964,Aploactisoma milesii,-34.006049,151.231342
2336964,2336964,Aploactisoma milesii,-33.992846,151.228563
2336964,2336964,Aploactisoma milesii,-38.357644,144.773065
2336964,2336964,Aploactisoma milesii,-33.914563,151.26826
2336964,2336964,Aploactisoma milesii,-33.991346,151.230345
2336964,2336964,Aploactisoma milesii,-38.356554,144.773596
2336964,2336964,Aploactisoma milesii,-38.356554,144.773596
2336964,2336964,Aploactisoma milesii,-38.356554,144.773596
2336964,2336964,Aploactisoma milesii,-33.642818,115.344603
2336964,2336964,Aploactisoma milesii,-34.0051,151.229138
2336964,2336964,Aploactisoma milesii,-38.356554,144.773596
2336964,2336964,Aploactisoma milesii,-38.356962,144.772284
2336964,2336964,Aploactisoma milesii,-34.001605,151.224167
2336964,2336964,Aploactisoma milesii,-33.991217,151.204553
2336964,2336964,Aploactisoma milesii,-38.357483,144.772842
2336964,2336964,Aploactisoma milesii,-34.000438,151.226776
2336964,2336964,Aploactisoma milesii,-34.595667,150.903398
2336964,2336964,Aploactisoma milesii,-38.356869,144.77354
2336964,2336964,Aploactisoma milesii,-33.83969,151.252952
2336964,2336964,Aploactisoma milesii,-34.001512,151.224138
2336964,2336964,Aploactisoma milesii,-38.35672,144.772122
2336964,2336964,Aploactisoma milesii,-38.355713,144.771927
2336964,2336964,Aploactisoma milesii,-32.241354,115.757757
2336964,2336964,Aploactisoma milesii,-34.007562,151.228995
2336964,2336964,Aploactisoma milesii,-34.002795,151.224768
2336964,2336964,Aploactisoma milesii,-38.356077,144.770838
2336964,2336964,Aploactisoma milesii,-33.992116,151.231191
2336964,2336964,Aploactisoma milesii,-33.839897,151.253468
2336964,2336964,Aploactisoma milesii,-34,151.5
2336964,2336964,Aploactisoma milesii,-38.368531,144.821949
2336964,2336964,Aploactisoma milesii,-38.367031,144.82285
2336964,2336964,Aploactisoma milesii,-38.35633,144.772811
2336964,2336964,Aploactisoma milesii,-38.377,144.838
2336964,2336964,Aploactisoma milesii,-32.717605,152.141159
2336964,2336964,Aploactisoma milesii,-33.991301,151.230282
2336964,2336964,Aploactisoma milesii,-33.987431,151.229842
2336964,2336964,Aploactisoma milesii,-33.84,151.28
2336964,2336964,Aploactisoma milesii,-38.369746,144.835738
2336964,2336964,Aploactisoma milesii,-38.357018,144.770619
2336964,2336964,Aploactisoma milesii,-38.358122,144.773321
2336964,2336964,Aploactisoma milesii,-35.07,150.77
2336964,2336964,Aploactisoma milesii,-34.00529,151.228742
2336964,2336964,Aploactisoma milesii,-34.002587,151.225163
2336964,2336964,Aploactisoma milesii,-35.14,138.46
2336964,2336964,Aploactisoma milesii,-35.05,138.5
2336964,2336964,Aploactisoma milesii,-38.35617,144.773009
2336964,2336964,Aploactisoma milesii,-38.3174,144.7102
2336964,2336964,Aploactisoma milesii,-38.1488,144.7234
2336964,2336964,Aploactisoma milesii,-38.356554,144.773596
2336964,2336964,Aploactisoma milesii,-32.718149,152.141435
2336964,2336964,Aploactisoma milesii,-38.36,144.769
2336964,2336964,Aploactisoma milesii,-38.356554,144.773596
2336964,2336964,Aploactisoma milesii,-38.356554,144.773596
2336964,2336964,Aploactisoma milesii,-38.356554,144.773596
2336964,2336964,Aploactisoma milesii,-32.717605,152.141159
2336964,2336964,Aploactisoma milesii,-34.00529,151.228742
2336964,2336964,Aploactisoma milesii,-33.798396,151.299505
2336964,2336964,Aploactisoma milesii,-38.356554,144.773596
2336964,2336964,Aploactisoma milesii,-33.83917,151.27905
2336964,2336964,Aploactisoma milesii,-33.83917,151.27905
2336964,2336964,Aploactisoma milesii,-35.83,150.23
2336964,2336964,Aploactisoma milesii,-35.51,138.21
2336964,2336964,Aploactisoma milesii,-35.07,150.77
2336964,2336964,Aploactisoma milesii,-35.12,150.75
2336964,2336964,Aploactisoma milesii,-38.356554,144.773596
2336964,2336964,Aploactisoma milesii,-38.366257,144.822937
2336964,2336964,Aploactisoma milesii,-34.00529,151.228742
2336964,2336964,Aploactisoma milesii,-38.356554,144.773596
2336964,2336964,Aploactisoma milesii,-38.356554,144.773596
2336964,2336964,Aploactisoma milesii,-32.75,152.17
2336964,2336964,Aploactisoma milesii,-32.715,152.151111
2336964,2336964,Aploactisoma milesii,-38.3069,144.801
2336964,2336964,Aploactisoma milesii,-32.75,152.194
2336964,2336964,Aploactisoma milesii,-33.83917,151.27905
2336964,2336964,Aploactisoma milesii,-35.244167,150.53583
2336964,2336964,Aploactisoma milesii,-35.12,150.75
2336964,2336964,Aploactisoma milesii,-38.31,144.8
2336964,2336964,Aploactisoma milesii,-38.3586,144.774
2336964,2336964,Aploactisoma milesii,-38.3586,144.774
2336964,2336964,Aploactisoma milesii,-35.575302,138.5963
2336964,2336964,Aploactisoma milesii,-38.1702,144.7216
2336964,2336964,Aploactisoma milesii,-38.17365,144.722416
2336964,2336964,Aploactisoma milesii,-35.1,150.69
2336964,2336964,Aploactisoma milesii,-35.13,150.75
2336964,2336964,Aploactisoma milesii,-38.3138,144.7179
2336964,2336964,Aploactisoma milesii,-38.31375,144.71788
2336964,2336964,Aploactisoma milesii,-35.13,150.75
2336964,2336964,Aploactisoma milesii,-38.17,144.72
2336964,2336964,Aploactisoma milesii,-38.32,144.71
2336964,2336964,Aploactisoma milesii,-33.99,151.23
2336964,2336964,Aploactisoma milesii,-38.1703,144.72
2336964,2336964,Aploactisoma milesii,-35.51,138.21
2336964,2336964,Aploactisoma milesii,-38.336021,144.746167
2336964,2336964,Aploactisoma milesii,-28.194908,153.577583
2336964,2336964,Aploactisoma milesii,-38.1703,144.72
2336964,2336964,Aploactisoma milesii,-38.1703,144.72
2336964,2336964,Aploactisoma milesii,-38.1703,144.72
2336964,2336964,Aploactisoma milesii,-34.419841,150.905567
2336964,2336964,Aploactisoma milesii,-35.12,137.77
2336964,2336964,Aploactisoma milesii,-35.12,137.77
2336964,2336964,Aploactisoma milesii,-33.75,137.5
2336964,2336964,Aploactisoma milesii,-33.836388,151.27583
2336964,2336964,Aploactisoma milesii,-38.2917,145.227
2336964,2336964,Aploactisoma milesii,-38.1167,144.36
2336964,2336964,Aploactisoma milesii,-38.09,144.387
2336964,2336964,Aploactisoma milesii,-38.33,141.6
2336964,2336964,Aploactisoma milesii,-34.00265,151.226091
2336964,2336964,Aploactisoma milesii,-35.93,137.35
2336964,2336964,Aploactisoma milesii,-35.0316,150.779
2336964,2336964,Aploactisoma milesii,-35.0316,150.779
2336964,2336964,Aploactisoma milesii,-35.7,150.23334
2336964,2336964,Aploactisoma milesii,-35.0316,150.779
2336964,2336964,Aploactisoma milesii,-35.0316,150.779
2336964,2336964,Aploactisoma milesii,-35.0316,150.779
2336964,2336964,Aploactisoma milesii,-33.6,137.58
2336964,2336964,Aploactisoma milesii,-35.58,138.75
2336964,2336964,Aploactisoma milesii,-33.8,151.28334
2336964,2336964,Aploactisoma milesii,-34.05,137.4
2336964,2336964,Aploactisoma milesii,-40.95,147.41666
2336964,2336964,Aploactisoma milesii,-33.833332,151.26666
2336964,2336964,Aploactisoma milesii,-34.433334,150.88333
2336964,2336964,Aploactisoma milesii,-38.38,145.28
2336964,2336964,Aploactisoma milesii,-38.366665,145.53334
2336964,2336964,Aploactisoma milesii,-38.27,145.27
2336964,2336964,Aploactisoma milesii,-33.83,137.27
2336964,9214298,Aploactisoma milesii,-34.055389,137.561333
2336964,2336964,Aploactisoma milesii,-34,151.21666
2336964,2336964,Aploactisoma milesii,-34.433334,150.88333
2336964,2336964,Aploactisoma milesii,-34,151.23334
2336964,2336964,Aploactisoma milesii,-33.815,151.28612
2336964,2336964,Aploactisoma milesii,-29.833334,153.25
2336964,2336964,Aploactisoma milesii,-38.48,145.02
2336964,2336964,Aploactisoma milesii,-33.833332,151.26694
2336964,2336964,Aploactisoma milesii,-35.7167,137.95
2336964,2336964,Aploactisoma milesii,-35.1667,137.9167
2336964,2336964,Aploactisoma milesii,-38.48,145.02
2336964,2336964,Aploactisoma milesii,-38.12,144.48
2336964,2336964,Aploactisoma milesii,-38.683334,146.28334
2336964,2336964,Aploactisoma milesii,-33.966667,151.25
2336964,2336964,Aploactisoma milesii,-34.97,138.5
2336964,2336964,Aploactisoma milesii,-35.1667,137.9167
2336964,2336964,Aploactisoma milesii,-33.85,151.26666
2336964,2336964,Aploactisoma milesii,-34.92,137.78
2336964,2336964,Aploactisoma milesii,-33.85,151.26666
2336964,2336964,Aploactisoma milesii,-37.95,145
2336964,2336964,Aploactisoma milesii,-34.75,138.53
2336964,2336966,Aploactisoma milesii,-33.865378,151.230989
2336964,2336964,Aploactisoma milesii,-33.82,151.26666
2336964,2336964,Aploactisoma milesii,-33.85,151.26666
2336964,2336964,Aploactisoma milesii,-33.85,151.26666
2336964,2336964,Aploactisoma milesii,-33.82,151.26666
2336964,2336964,Aploactisoma milesii,-33.82,151.26666
2336964,2336964,Aploactisoma milesii,-33.833332,151.26666
2336964,2336964,Aploactisoma milesii,-33.833332,151.26666
2336964,2336964,Aploactisoma milesii,-37.87,144.93
2336964,2336964,Aploactisoma milesii,-32.056401,115.73553
2336964,2336964,Aploactisoma milesii,-35.77,137.88
2336964,2336964,Aploactisoma milesii,-34.73,135.87
2336964,2336964,Aploactisoma milesii,-35.6556,137.6408
2336964,2336964,Aploactisoma milesii,-32.13,133.68
2336964,2336964,Aploactisoma milesii,-33.2,138
2336964,2336964,Aploactisoma milesii,-34.933,138.6
2336964,2336964,Aploactisoma milesii,-31.85,115.85
2336964,2336964,Aploactisoma milesii,-33.95,115.3
2336964,2336964,Aploactisoma milesii,-35,117.95
2336964,2336964,Aploactisoma milesii,-32.28333,115.71667
2336964,2336964,Aploactisoma milesii,-35.11667,150.76667
2336964,2336964,Aploactisoma milesii,-30.3,115
2336964,2336964,Aploactisoma milesii,-32.13333,115.73333
2336964,2336964,Aploactisoma milesii,-32.11667,115.76667
2336964,2336964,Aploactisoma milesii,-25.35,113.73333
2336964,2336964,Aploactisoma milesii,-32.23333,115.68333
2336964,2336964,Aploactisoma milesii,-38.26422,145.28898
2336964,2336964,Aploactisoma milesii,-32.683333,152.183333
2336964,2336964,Aploactisoma milesii,-33.85,151.233333
2336964,2336964,Aploactisoma milesii,-33.85,151.233333
2336964,2336964,Aploactisoma milesii,-33.85,151.233333
2336964,2336964,Aploactisoma milesii,-33.85,151.233333
2336964,2336964,Aploactisoma milesii,-33.85,151.233333
2336964,2336964,Aploactisoma milesii,-35.1,116.266667
2336964,2336964,Aploactisoma milesii,-33.82,151.26666
2336964,2336964,Aploactisoma milesii,-38.28,145.23
2336964,2336964,Aploactisoma milesii,-34.88,135.47
2336964,2336966,Aploactisoma milesii,-33.865378,151.230989
