requested_taxonKey,record_taxonKey,species_name,decimalLatitude,decimalLongitude
2336274,2336274,"Paraliparis Collett, 1879",-30.099,153.596
2336274,2336274,"Paraliparis Collett, 1879",-37.67264,139.45583
2336274,2336274,"Paraliparis Collett, 1879",-32.56333,114.44167
2336274,2336361,Paraliparis coracinus,-37.594333,138.957167
2336274,2336361,Paraliparis coracinus,-37.594333,138.957167
2336274,2336314,Paraliparis retrodorsalis,-37.594333,138.957167
2336274,2336314,Paraliparis retrodorsalis,-37.594333,138.957167
2336274,2336304,Paraliparis tasmaniensis,-40.447,143.321833
2336274,2336365,Paraliparis impariporus,-41.848167,144.446167
2336274,2336365,Paraliparis impariporus,-41.848167,144.446167
2336274,2336304,Paraliparis tasmaniensis,-40.447,143.321833
2336274,2336386,Paraliparis infeliciter,-37.621667,139.005
2336274,2336308,Paraliparis australiensis,-37.0115,137.412
2336274,2336308,Paraliparis australiensis,-37.0115,137.412
2336274,2336309,Paraliparis avellaneus,-37.0115,137.412
2336274,2336309,Paraliparis avellaneus,-37.0115,137.412
2336274,2336386,Paraliparis infeliciter,-37.621667,139.005
2336274,2336350,Paraliparis csiroi,-38.6187,141.011
2336274,2336350,Paraliparis csiroi,-38.6187,141.011
2336274,2336368,Paraliparis costatus,-42.183333,144.616667
2336274,2336368,Paraliparis costatus,-42.183333,144.616667
2336274,2336358,Paraliparis obtusirostris,-38.9648,148.708
2336274,2336358,Paraliparis obtusirostris,-38.9648,148.708
2336274,2336310,Paraliparis gomoni,-39.031,148.739
2336274,2336310,Paraliparis gomoni,-39.031,148.739
2336274,2336315,Paraliparis eastmani,-33.483,152.2
2336274,2336315,Paraliparis eastmani,-33.491665,152.2
2336274,2336315,Paraliparis eastmani,-33.491665,152.2
2336274,2336351,Paraliparis anthracinus,-41.801667,144.423333
2336274,2336326,Paraliparis atrolabiatus,-42.381667,144.688333
2336274,2336368,Paraliparis costatus,-41.826667,144.386667
2336274,2336331,Paraliparis delphis,-41.8,144.433333
2336274,2336282,Paraliparis brunneus,-41.8,144.433333
2336274,2336376,Paraliparis labiatus,-41.8,144.433333
2336274,2336318,Paraliparis auriculatus,-41.8,144.433333
2336274,2336389,Paraliparis ater,-41.8,144.433333
2336274,2336368,Paraliparis costatus,-41.826667,144.386667
2336274,2336376,Paraliparis labiatus,-41.8,144.433333
2336274,2336351,Paraliparis anthracinus,-41.801667,144.423333
2336274,2336331,Paraliparis delphis,-41.8,144.433333
2336274,2336282,Paraliparis brunneus,-41.8,144.433333
2336274,2336318,Paraliparis auriculatus,-41.8,144.433333
2336274,2336326,Paraliparis atrolabiatus,-42.381667,144.688333
2336274,2336389,Paraliparis ater,-41.8,144.433333
2336274,2336337,Paraliparis piceus,-41.893333,144.41
2336274,2336337,Paraliparis piceus,-41.893333,144.41
2336274,2336287,Paraliparis dewitti,-34.466667,132.05
2336274,2336287,Paraliparis dewitti,-34.466667,132.05
2336274,2336366,Paraliparis lasti,-33.783333,129.6
2336274,2336366,Paraliparis lasti,-33.783333,129.6
2336274,2336330,Paraliparis plagiostomus,-42.383333,144.716667
2336274,2336330,Paraliparis plagiostomus,-42.383333,144.716667
2336274,2336274,"Paraliparis Collett, 1879",-18.666666,116.7
2336274,2336274,"Paraliparis Collett, 1879",-18.666666,116.7
2336274,2336274,"Paraliparis Collett, 1879",-18.533333,116.833336
2336274,2336351,Paraliparis anthracinus,-41.773333,144.406667
2336274,2336389,Paraliparis ater,-41.763333,144.413333
2336274,2336326,Paraliparis atrolabiatus,-42.340833,144.673333
2336274,2336308,Paraliparis australiensis,-37.018167,137.424
2336274,2336350,Paraliparis csiroi,-38.626333,141.018667
2336274,2336310,Paraliparis gomoni,-39.015333,148.7285
2336274,2336386,Paraliparis infeliciter,-37.631667,139.01
2336274,2336337,Paraliparis piceus,-41.854167,144.385
2336274,2336315,Paraliparis eastmani,-33.491667,152.208333
2336274,2336309,Paraliparis avellaneus,-37.018167,137.424
2336274,2336361,Paraliparis coracinus,-37.5755,138.95
2336274,2336366,Paraliparis lasti,-33.758333,129.625
2336274,2336282,Paraliparis brunneus,-41.763333,144.413333
2336274,2336358,Paraliparis obtusirostris,-38.9515,148.699167
2336274,2336287,Paraliparis dewitti,-34.441667,132.066667
2336274,2336330,Paraliparis plagiostomus,-42.325,144.7
2336274,2336331,Paraliparis delphis,-41.763333,144.413333
2336274,2336304,Paraliparis tasmaniensis,-40.444,143.306
2336274,2336368,Paraliparis costatus,-41.856667,144.396667
2336274,2336330,Paraliparis plagiostomus,-42.325,144.7
2336274,2336358,Paraliparis obtusirostris,-38.9515,148.69917
2336274,2336308,Paraliparis australiensis,-37.01817,137.424
2336274,2336282,Paraliparis brunneus,-41.76333,144.41333
2336274,2336310,Paraliparis gomoni,-39.01533,148.7285
2336274,2336350,Paraliparis csiroi,-38.62633,141.01867
2336274,2336326,Paraliparis atrolabiatus,-42.34083,144.67333
2336274,2336361,Paraliparis coracinus,-37.5755,138.95
2336274,2336304,Paraliparis tasmaniensis,-40.444,143.306
2336274,2336287,Paraliparis dewitti,-34.44167,132.06667
2336274,2336366,Paraliparis lasti,-33.75833,129.625
2336274,2336386,Paraliparis infeliciter,-37.63167,139.01
2336274,2336337,Paraliparis piceus,-41.85417,144.385
2336274,2336351,Paraliparis anthracinus,-41.77333,144.40667
2336274,2336365,Paraliparis impariporus,-41.86617,144.45267
2336274,2336389,Paraliparis ater,-41.76333,144.41333
2336274,2336318,Paraliparis auriculatus,-41.76333,144.41333
2336274,2336368,Paraliparis costatus,-41.85667,144.39667
2336274,2336331,Paraliparis delphis,-41.76333,144.41333
2336274,2336314,Paraliparis retrodorsalis,-37.5755,138.95
2336274,2336315,Paraliparis eastmani,-33.49167,152.20833
