requested_taxonKey,record_taxonKey,species_name,decimalLatitude,decimalLongitude
2336611,2336611,Pterygotrigla ryukyuensis,-19.14416,116.88917
2336611,2336611,Pterygotrigla ryukyuensis,-18.266666,118.2
2336611,2336611,Pterygotrigla ryukyuensis,-18.41666,117.575
2336611,2336611,Pterygotrigla ryukyuensis,-18.36667,117.76667
2336611,2336611,Pterygotrigla ryukyuensis,-18.65833,117.875
2336611,2336611,Pterygotrigla ryukyuensis,-18.575,117.65
2336611,2336611,Pterygotrigla ryukyuensis,-18.68333,117.88334
2336611,2336611,Pterygotrigla ryukyuensis,-18.525,118.14167
2336611,2336611,Pterygotrigla ryukyuensis,-18.66667,117.2
2336611,2336611,Pterygotrigla ryukyuensis,-18.725,117.325
2336611,2336611,Pterygotrigla ryukyuensis,-18.4,118.05
2336611,2336611,Pterygotrigla ryukyuensis,-18.4,118.05
2336611,2336611,Pterygotrigla ryukyuensis,-18.4,118.05
2336611,2336611,Pterygotrigla ryukyuensis,-18.4,118.05
2336611,2336611,Pterygotrigla ryukyuensis,-18.4,118.05
2336611,2336611,Pterygotrigla ryukyuensis,-18.4,118.05
