requested_taxonKey,record_taxonKey,species_name,decimalLatitude,decimalLongitude
2336678,2336678,Lepidotrigla japonica,-19.7772,117.3022
2336678,2336678,Lepidotrigla japonica,-19.7772,117.3022
2336678,2336678,Lepidotrigla japonica,-19.7772,117.3022
2336678,2336678,Lepidotrigla japonica,-19.882,118.2207
2336678,2336678,Lepidotrigla japonica,-19.824,117.749
2336678,2336678,Lepidotrigla japonica,-20.1478,117.7323
2336678,2336678,Lepidotrigla japonica,-19.6792,116.3438
2336678,2336678,Lepidotrigla japonica,-20,117.0318
2336678,2336678,Lepidotrigla japonica,-20.1478,117.7323
2336678,2336678,Lepidotrigla japonica,-19.7723,116.056
2336678,2336678,Lepidotrigla japonica,-20,117.0318
2336678,2336678,Lepidotrigla japonica,-20.3698,116.295
2336678,2336678,Lepidotrigla japonica,-19.824,117.749
2336678,2336678,Lepidotrigla japonica,-20.1473,117.9433
2336678,2336678,Lepidotrigla japonica,-20.1473,117.9433
2336678,2336678,Lepidotrigla japonica,-19.9783,115.9042
2336678,2336678,Lepidotrigla japonica,-19.9783,115.9042
2336678,2336678,Lepidotrigla japonica,-19.7772,117.3022
2336678,2336678,Lepidotrigla japonica,-19.882,118.2207
2336678,2336678,Lepidotrigla japonica,-20.1473,117.9433
2336678,2336678,Lepidotrigla japonica,-20.1925,115.9672
2336678,2336678,Lepidotrigla japonica,-20.228,116.0133
2336678,2336678,Lepidotrigla japonica,-20.6198,115.9453
2336678,2336678,Lepidotrigla japonica,-20.6198,115.9453
2336678,2336678,Lepidotrigla japonica,-20.6198,115.9453
2336678,2336678,Lepidotrigla japonica,-20.4942,116.0287
2336678,2336678,Lepidotrigla japonica,-20.4942,116.0287
2336678,2336678,Lepidotrigla japonica,-20.4942,116.0287
2336678,2336678,Lepidotrigla japonica,-20.4942,116.0287
2336678,2336678,Lepidotrigla japonica,-20.3278,116.1238
2336678,2336678,Lepidotrigla japonica,-20.1952,115.815
2336678,2336678,Lepidotrigla japonica,-19.81833,116.80167
2336678,2336678,Lepidotrigla japonica,-19.95333,116.98
2336678,2336678,Lepidotrigla japonica,-20.05,117.03417
2336678,2336678,Lepidotrigla japonica,-20.15417,116.60584
2336678,2336678,Lepidotrigla japonica,-19.91333,115.6875
2336678,2336678,Lepidotrigla japonica,-19.92083,116.15834
2336678,2336678,Lepidotrigla japonica,-20.20417,116.14833
2336678,2336678,Lepidotrigla japonica,-20.59416,115.7125
2336678,2336678,Lepidotrigla japonica,-19.83833,117.72334
2336678,2336678,Lepidotrigla japonica,-20.05166,117.44167
2336678,2336678,Lepidotrigla japonica,-20.17333,117.55083
2336678,2336678,Lepidotrigla japonica,-20.055,117.82583
2336678,2336678,Lepidotrigla japonica,-19.915,117.83667
2336678,2336678,Lepidotrigla japonica,-20.23666,117.27834
2336678,2336678,Lepidotrigla japonica,-20.12083,117.47667
2336678,2336678,Lepidotrigla japonica,-19.64916,117.26417
2336678,2336678,Lepidotrigla japonica,-19.62667,117.8275
2336678,2336678,Lepidotrigla japonica,-19.62416,117.98584
2336678,2336678,Lepidotrigla japonica,-20.06333,117.30667
2336678,2336678,Lepidotrigla japonica,-20.15583,117.71084
2336678,2336678,Lepidotrigla japonica,-19.70166,118.29333
2336678,2336678,Lepidotrigla japonica,-19.49916,118.93
2336678,2336678,Lepidotrigla japonica,-19.71333,117.83084
2336678,2336678,Lepidotrigla japonica,-20.11416,116.9675
2336678,2336678,Lepidotrigla japonica,-19.64417,116.895
2336678,2336678,Lepidotrigla japonica,-20.64583,115.21
2336678,2336678,Lepidotrigla japonica,-20.36166,117.20584
2336678,2336678,Lepidotrigla japonica,-20.01833,116.06083
2336678,2336678,Lepidotrigla japonica,-19.61833,115.84167
2336678,2336678,Lepidotrigla japonica,-19.8475,117.41834
2336678,2336678,Lepidotrigla japonica,-19.82416,117.42167
2336678,2336678,Lepidotrigla japonica,-19.6825,117.62
2336678,2336678,Lepidotrigla japonica,-20.10583,117.72
2336678,2336678,Lepidotrigla japonica,-20.33,116.54417
2336678,2336678,Lepidotrigla japonica,-20.02667,117.45584
2336678,2336678,Lepidotrigla japonica,-19.38083,117.69584
2336678,2336678,Lepidotrigla japonica,-19.51083,117.6475
2336678,2336678,Lepidotrigla japonica,-19.775,117.7775
2336678,2336678,Lepidotrigla japonica,-19.42583,118.4875
2336678,2336678,Lepidotrigla japonica,-19.76583,118.13167
2336678,2336678,Lepidotrigla japonica,-19.83167,118.26
2336678,2336678,Lepidotrigla japonica,-19.01583,118.44333
2336678,2336678,Lepidotrigla japonica,-20.21833,117.10834
2336678,2336678,Lepidotrigla japonica,-20.13916,117.105
2336678,2336678,Lepidotrigla japonica,-19.235,118.7325
2336678,2336678,Lepidotrigla japonica,-20.14583,117.19833
2336678,2336678,Lepidotrigla japonica,-20.59,115.015
2336678,2336678,Lepidotrigla japonica,-20.015,115.68333
2336678,2336678,Lepidotrigla japonica,-20.40416,116.5275
2336678,2336678,Lepidotrigla japonica,-20.14833,115.63667
2336678,2336678,Lepidotrigla japonica,-19.77666,115.84
2336678,2336678,Lepidotrigla japonica,-19.95166,115.7625
2336678,2336678,Lepidotrigla japonica,-20.34833,116.53917
2336678,2336678,Lepidotrigla japonica,-20.13417,116.06167
2336678,2336678,Lepidotrigla japonica,-20.065,116.73584
2336678,2336678,Lepidotrigla japonica,-19.97,116.5475
2336678,2336678,Lepidotrigla japonica,-20.28667,115.015
2336678,2336678,Lepidotrigla japonica,-20.0625,117.47834
2336678,2336678,Lepidotrigla japonica,-20.16667,115.20917
2336678,2336678,Lepidotrigla japonica,-19.63583,115.33333
2336678,2336678,Lepidotrigla japonica,-20.34667,116.1125
2336678,2336678,Lepidotrigla japonica,-20.195,116.86417
2336678,2336678,Lepidotrigla japonica,-19.92166,117.18834
2336678,2336678,Lepidotrigla japonica,-19.5625,117.68417
2336678,2336678,Lepidotrigla japonica,-19.75833,118.22917
2336678,2336678,Lepidotrigla japonica,-19.75833,118.22834
2336678,2336678,Lepidotrigla japonica,-19.27,118.61584
2336678,2336678,Lepidotrigla japonica,-19.41166,118.04
2336678,2336678,Lepidotrigla japonica,-18.52,118.74
2336678,2336678,Lepidotrigla japonica,-19.75917,118.22917
2336678,2336678,Lepidotrigla japonica,-19.75917,118.23
2336678,2336678,Lepidotrigla japonica,-19.43833,118.61084
2336678,2336678,Lepidotrigla japonica,-19.75916,118.23
2336678,2336678,Lepidotrigla japonica,-19.75917,118.23083
2336678,2336678,Lepidotrigla japonica,-37.28083,150.01417
2336678,2336678,Lepidotrigla japonica,-37.28083,150.01417
2336678,2336678,Lepidotrigla japonica,-37.28083,150.01417
2336678,2336678,Lepidotrigla japonica,-37.28083,150.01417
2336678,2336678,Lepidotrigla japonica,-37.28083,150.01417
2336678,2336678,Lepidotrigla japonica,-37.28083,150.01417
2336678,2336678,Lepidotrigla japonica,-37.28083,150.01417
2336678,2336678,Lepidotrigla japonica,-37.28083,150.01417
2336678,2336678,Lepidotrigla japonica,-37.28083,150.01417
2336678,2336678,Lepidotrigla japonica,-37.28083,150.01417
2336678,2336678,Lepidotrigla japonica,-36.37,150.19417
2336678,2336678,Lepidotrigla japonica,-37.36583,149.9825
2336678,2336678,Lepidotrigla japonica,-36.3825,150.1375
2336678,2336678,Lepidotrigla japonica,-37.28083,150.01417
2336678,2336678,Lepidotrigla japonica,-37.27833,150.015
2336678,2336678,Lepidotrigla japonica,-19.96416,117.91834
2336678,2336678,Lepidotrigla japonica,-19.80166,117.99667
2336678,2336678,Lepidotrigla japonica,-20.15833,116.66833
2336678,2336678,Lepidotrigla japonica,-19.56,117.0925
2336678,2336678,Lepidotrigla japonica,-20.19666,117.32834
2336678,2336678,Lepidotrigla japonica,-19.81666,117.82834
2336678,2336678,Lepidotrigla japonica,-20.21916,116.995
2336678,2336678,Lepidotrigla japonica,-19.88166,118.175
2336678,2336678,Lepidotrigla japonica,-19.76166,116.965
2336678,2336678,Lepidotrigla japonica,-19.65167,117.60584
2336678,2336678,Lepidotrigla japonica,-20.01916,117.73167
2336678,2336678,Lepidotrigla japonica,-20.18083,117.03667
2336678,2336678,Lepidotrigla japonica,-19.49333,117.37833
2336678,2336678,Lepidotrigla japonica,-19.83666,118.0475
2336678,2336678,Lepidotrigla japonica,-19.28583,118.18
2336678,2336678,Lepidotrigla japonica,-19.38833,118.16417
2336678,2336678,Lepidotrigla japonica,-19.05583,118.77834
2336678,2336678,Lepidotrigla japonica,-20.58083,115.22084
2336678,2336678,Lepidotrigla japonica,-19.74416,116.14
2336678,2336678,Lepidotrigla japonica,-20.21416,116.3675
2336678,2336678,Lepidotrigla japonica,-19.87916,116.5825
2336678,2336678,Lepidotrigla japonica,-19.7375,116.86834
2336678,2336678,Lepidotrigla japonica,-19.90166,117.48583000000001
2336678,2336678,Lepidotrigla japonica,-20.32333,116.42167
2336678,2336678,Lepidotrigla japonica,-20.22916,117.0075
2336678,2336678,Lepidotrigla japonica,-20.1875,116.99167
2336678,2336678,Lepidotrigla japonica,-19.8875,118.2175
2336678,2336678,Lepidotrigla japonica,-19.53833,117.01167
2336678,2336678,Lepidotrigla japonica,-20.2475,117.5075
2336678,2336678,Lepidotrigla japonica,-19.58166,118.50167
2336678,2336678,Lepidotrigla japonica,-19.1475,118.11584
2336678,2336678,Lepidotrigla japonica,-19.17333,118.51
2336678,2336678,Lepidotrigla japonica,-19.98083,118.24834
2336678,2336678,Lepidotrigla japonica,-19.97333,117.86917
2336678,2336678,Lepidotrigla japonica,-20.03833,117.70334
2336678,2336678,Lepidotrigla japonica,-20.0975,117.3725
2336678,2336678,Lepidotrigla japonica,-19.88916,116.97583
2336678,2336678,Lepidotrigla japonica,-20.01083,117.36
2336678,2336678,Lepidotrigla japonica,-20.09666,117.285
2336678,2336678,Lepidotrigla japonica,-20.18333,117.2575
2336678,2336678,Lepidotrigla japonica,-20.09,115.55334
2336678,2336678,Lepidotrigla japonica,-20.08583,117.37667
2336678,2336678,Lepidotrigla japonica,-20.0125,117.3425
2336678,2336678,Lepidotrigla japonica,-20.06666,116.2525
2336678,2336678,Lepidotrigla japonica,-20.04416,116.2675
2336678,2336678,Lepidotrigla japonica,-20.33583,117.15084
2336678,2336678,Lepidotrigla japonica,-20.86416,114.89917
2336678,2336678,Lepidotrigla japonica,-19.80083,117.8125
2336678,2336678,Lepidotrigla japonica,-19.76416,118.14583
2336678,2336678,Lepidotrigla japonica,-20.06167,115.6
2336678,2336678,Lepidotrigla japonica,-20.075,117.3025
2336678,2336678,Lepidotrigla japonica,-19.93166,117.73833
2336678,2336678,Lepidotrigla japonica,-20.0275,118.00167
2336678,2336678,Lepidotrigla japonica,-20.09083,118.02334
2336678,2336678,Lepidotrigla japonica,-20.05083,117.6275
2336678,2336678,Lepidotrigla japonica,-20.05583,116.78917
2336678,2336678,Lepidotrigla japonica,-20.22583,117.14834
2336678,2336678,Lepidotrigla japonica,-20.14916,117.02167
2336678,2336678,Lepidotrigla japonica,-20.47,115.09417
2336678,2336678,Lepidotrigla japonica,-20.83333,115.18
2336678,2336678,Lepidotrigla japonica,-19.91083,117.82417
2336678,2336678,Lepidotrigla japonica,-19.2425,118.67417
2336678,2336678,Lepidotrigla japonica,-19.35083,117.6425
2336678,2336678,Lepidotrigla japonica,-19.65833,118.57833
2336678,2336678,Lepidotrigla japonica,-19.66833,118.415
2336678,2336678,Lepidotrigla japonica,-19.48833,118.08167
2336678,2336678,Lepidotrigla japonica,-20.58833,115.0225
2336678,2336678,Lepidotrigla japonica,-20.18333,116.20667
2336678,2336678,Lepidotrigla japonica,-19.77833,116.5625
2336678,2336678,Lepidotrigla japonica,-19.5775,116.3375
2336678,2336678,Lepidotrigla japonica,-20.02917,117.64584
2336678,2336678,Lepidotrigla japonica,-20.2775,115.19917
2336678,2336678,Lepidotrigla japonica,-18.99333,118.87834
2336678,2336678,Lepidotrigla japonica,-19.25583,118.47167
2336678,2336678,Lepidotrigla japonica,-19.01167,118.155
2336678,2336678,Lepidotrigla japonica,-19.19583,118.54667
2336678,2336678,Lepidotrigla japonica,-18.85,118.17334
2336678,2336678,Lepidotrigla japonica,-19.95916,116.04167
2336678,2336678,Lepidotrigla japonica,-20.1875,117.8875
2336678,2336678,Lepidotrigla japonica,-20.00916,118.09584
2336678,2336678,Lepidotrigla japonica,-19.095,118.21917
2336678,2336678,Lepidotrigla japonica,-19.64583,117.25
2336678,2336678,Lepidotrigla japonica,-19.79166,116.99917
2336678,2336678,Lepidotrigla japonica,-20.2675,116.7525
2336678,2336678,Lepidotrigla japonica,-19.6925,117.5525
2336678,2336678,Lepidotrigla japonica,-19.36666,117.71417
2336678,2336678,Lepidotrigla japonica,-19.7375,118.4025
2336678,2336678,Lepidotrigla japonica,-19.7025,118.12667
2336678,2336678,Lepidotrigla japonica,-20.005,117.92
2336678,2336678,Lepidotrigla japonica,-19.87,117.90583
2336678,2336678,Lepidotrigla japonica,-19.75333,117.82083
2336678,2336678,Lepidotrigla japonica,-20.07833,117.935
2336678,2336678,Lepidotrigla japonica,-20.145,117.51
2336678,2336678,Lepidotrigla japonica,-20.01666,117.70917
2336678,2336678,Lepidotrigla japonica,-20.20917,117.71083
2336678,2336678,Lepidotrigla japonica,-19.51166,117.76667
2336678,2336678,Lepidotrigla japonica,-19.72583,117.2525
2336678,2336678,Lepidotrigla japonica,-20.39666,116.45417
2336678,2336678,Lepidotrigla japonica,-20.28916,116.89584
2336678,2336678,Lepidotrigla japonica,-20.035,117.065
2336678,2336678,Lepidotrigla japonica,-19.93083,117.0125
2336678,2336678,Lepidotrigla japonica,-20.49833,116.0925
2336678,2336678,Lepidotrigla japonica,-20.66416,115.86834
2336678,2336678,Lepidotrigla japonica,-20.74166,115.24834
2336678,2336678,Lepidotrigla japonica,-19.68166,116.89917
2336678,2336678,Lepidotrigla japonica,-20.13167,116.81834
2336678,2336678,Lepidotrigla japonica,-20.80333,115.17084
2336678,2336678,Lepidotrigla japonica,-19.48333,118.0175
2336678,2336678,Lepidotrigla japonica,-19.75833,117.48167
2336678,2336678,Lepidotrigla japonica,-20.08667,116.17
2336678,2336678,Lepidotrigla japonica,-19.5,118.56334
2336678,2336678,Lepidotrigla japonica,-19.82166,118.21667
2336678,2336678,Lepidotrigla japonica,-20.105,117.34167
2336678,2336678,Lepidotrigla japonica,-19.50833,117.96417
2336678,2336678,Lepidotrigla japonica,-20.24,117.355
2336678,2336678,Lepidotrigla japonica,-19.58583,117.82334
2336678,2336678,Lepidotrigla japonica,-20.925,115.1475
2336678,2336678,Lepidotrigla japonica,-20.1625,117.10084
2336678,2336678,Lepidotrigla japonica,-19.85666,117.34
2336678,2336678,Lepidotrigla japonica,-20.66833,115.85917
2336678,2336678,Lepidotrigla japonica,-19.28,118.67167
2336678,2336678,Lepidotrigla japonica,-19.31416,118.55334
2336678,2336678,Lepidotrigla japonica,-20.12917,115.74667
2336678,2336678,Lepidotrigla japonica,-19.77583,115.79417
2336678,2336678,Lepidotrigla japonica,-19.62416,116.4875
2336678,2336678,Lepidotrigla japonica,-19.65,115.6275
2336678,2336678,Lepidotrigla japonica,-19.2925,116.7
2336678,2336678,Lepidotrigla japonica,-19.325,116.36167
2336678,2336678,Lepidotrigla japonica,-19.68667,116.55417
2336678,2336678,Lepidotrigla japonica,-19.51833,116.65584
2336678,2336678,Lepidotrigla japonica,-19.81833,116.49417
2336678,2336678,Lepidotrigla japonica,-19.44667,116.8575
2336678,2336678,Lepidotrigla japonica,-19.62583,117.09833
2336678,2336678,Lepidotrigla japonica,-19.685,116.49084
2336678,2336678,Lepidotrigla japonica,-19.80583,116.50333
2336678,2336678,Lepidotrigla japonica,-20.16166,117.91167
2336678,2336678,Lepidotrigla japonica,-19.30083,118.4625
2336678,2336678,Lepidotrigla japonica,-19.56333,117.9425
2336678,2336678,Lepidotrigla japonica,-20.30916,116.18333
2336678,2336678,Lepidotrigla japonica,-20.23666,117.35084
2336678,2336678,Lepidotrigla japonica,-20.12333,116.83917
2336678,2336678,Lepidotrigla japonica,-20.25417,116.75917
2336678,2336678,Lepidotrigla japonica,-19.87666,117.25417
2336678,2336678,Lepidotrigla japonica,-19.875,117.10083
2336678,2336678,Lepidotrigla japonica,-19.4125,118.54667
2336678,2336678,Lepidotrigla japonica,-20.38666,116.3375
2336678,2336678,Lepidotrigla japonica,-20.18166,117.045
2336678,2336678,Lepidotrigla japonica,-19.17917,118.41084
2336678,2336678,Lepidotrigla japonica,-20.2075,117.80917
2336678,2336678,Lepidotrigla japonica,-19.95833,118.2275
2336678,2336678,Lepidotrigla japonica,-20.02333,117.29
2336678,2336678,Lepidotrigla japonica,-19.47416,118.255
2336678,2336678,Lepidotrigla japonica,-18.90916,118.43083
2336678,2336678,Lepidotrigla japonica,-20.29583,116.415
2336678,2336678,Lepidotrigla japonica,-20.1425,116.92083
2336678,2336678,Lepidotrigla japonica,-20.23083,116.79417
2336678,2336678,Lepidotrigla japonica,-20.05167,116.59583
2336678,2336678,Lepidotrigla japonica,-19.72666,118.35917
2336678,2336678,Lepidotrigla japonica,-19.49083,117.715
2336678,2336678,Lepidotrigla japonica,-19.8775,116.1275
2336678,2336678,Lepidotrigla japonica,-20.50667,115.89667
2336678,2336678,Lepidotrigla japonica,-19.89583,116.25
2336678,2336678,Lepidotrigla japonica,-19.93833,115.82917
2336678,2336678,Lepidotrigla japonica,-20.095,115.14833
2336678,2336678,Lepidotrigla japonica,-20.01583,115.97
2336678,2336678,Lepidotrigla japonica,-20.51666,115.19084
2336678,2336678,Lepidotrigla japonica,-20.11916,115.8475
2336678,2336678,Lepidotrigla japonica,-20.0275,116.9675
2336678,2336678,Lepidotrigla japonica,-20.83166,115.19917
2336678,2336678,Lepidotrigla japonica,-20.6,115.88584
2336678,2336678,Lepidotrigla japonica,-20.4725,115.90334
2336678,2336678,Lepidotrigla japonica,-20.27416,115.85
2336678,2336678,Lepidotrigla japonica,-19.95417,115.81834
2336678,2336678,Lepidotrigla japonica,-20.28166,114.99084
2336678,2336678,Lepidotrigla japonica,-20.11083,115.7075
2336678,2336678,Lepidotrigla japonica,-19.88,115.815
2336678,2336678,Lepidotrigla japonica,-20.07833,117.76917
2336678,2336678,Lepidotrigla japonica,-20.08,117.85584
2336678,2336678,Lepidotrigla japonica,-20.66583,115.145
2336678,2336678,Lepidotrigla japonica,-20.2775,116.65834
2336678,2336678,Lepidotrigla japonica,-19.75416,117.65333
2336678,2336678,Lepidotrigla japonica,-19.76166,117.83333
2336678,2336678,Lepidotrigla japonica,-20.19,117.22917
2336678,2336678,Lepidotrigla japonica,-19.87916,115.355
2336678,2336678,Lepidotrigla japonica,-19.85833,115.83667
2336678,2336678,Lepidotrigla japonica,-20.215,115.89833
2336678,2336678,Lepidotrigla japonica,-20.23166,116.4475
2336678,2336678,Lepidotrigla japonica,-20.30333,116.4375
2336678,2336678,Lepidotrigla japonica,-20.34833,117.28084
2336678,2336678,Lepidotrigla japonica,-19.84416,115.9625
2336678,2336678,Lepidotrigla japonica,-20.25166,116.32
2336678,2336678,Lepidotrigla japonica,-20.07416,116.23417
2336678,2336678,Lepidotrigla japonica,-20.17167,117.19333
2336678,2336678,Lepidotrigla japonica,-20.19333,116.52834
2336678,2336678,Lepidotrigla japonica,-19.67583,117.16084
2336678,2336678,Lepidotrigla japonica,-19.93583,116.4475
2336678,2336678,Lepidotrigla japonica,-19.965,116.81833
2336678,2336678,Lepidotrigla japonica,-19.95,116.89417
2336678,2336678,Lepidotrigla japonica,-19.68416,117.1675
2336678,2336678,Lepidotrigla japonica,-19.83416,117.1725
2336678,2336678,Lepidotrigla japonica,-20.03833,117.45
2336678,2336678,Lepidotrigla japonica,-20.12167,117.71334
2336678,2336678,Lepidotrigla japonica,-20.02,117.5825
2336678,2336678,Lepidotrigla japonica,-20.31833,115.05417
2336678,2336678,Lepidotrigla japonica,-20.14,115.57584
2336678,2336678,Lepidotrigla japonica,-20.32833,116.62584
2336678,2336678,Lepidotrigla japonica,-20.255,116.2925
2336678,2336678,Lepidotrigla japonica,-19.41166,118.01334
2336678,2336678,Lepidotrigla japonica,-19.45083,118.13584
2336678,2336678,Lepidotrigla japonica,-20.16583,117.0175
2336678,2336678,Lepidotrigla japonica,-19.91,115.795
2336678,2336678,Lepidotrigla japonica,-20.03916,116.10167
2336678,2336678,Lepidotrigla japonica,-20.15583,116.54334
2336678,2336678,Lepidotrigla japonica,-19.99833,117.7325
2336678,2336678,Lepidotrigla japonica,-20.47916,115.0975
2336678,2336678,Lepidotrigla japonica,-19.88,116.02
2336678,2336678,Lepidotrigla japonica,-20.13583,116.72083
2336678,2336678,Lepidotrigla japonica,-20.25167,116.81833
2336678,2336678,Lepidotrigla japonica,-20.3125,116.17584
2336678,2336678,Lepidotrigla japonica,-19.57,117.85917
2336678,2336678,Lepidotrigla japonica,-19.3675,116.32
2336678,2336678,Lepidotrigla japonica,-19.4975,117.585
2336678,2336678,Lepidotrigla japonica,-19.43333,118.615
2336678,2336678,Lepidotrigla japonica,-19.69,118.34667
2336678,2336678,Lepidotrigla japonica,-19.54583,117.545
2336678,2336678,Lepidotrigla japonica,-19.24166,118.74833
2336678,2336678,Lepidotrigla japonica,-20.52583,116.09417
2336678,2336678,Lepidotrigla japonica,-20.07166,117.7375
2336678,2336678,Lepidotrigla japonica,-20.3,117.185
2336678,2336678,Lepidotrigla japonica,-20.0925,116.45917
2336678,2336678,Lepidotrigla japonica,-19.8625,116.87667
2336678,2336678,Lepidotrigla japonica,-19.14666,116.98917
2336678,2336678,Lepidotrigla japonica,-19.96,116.06834
2336678,2336678,Lepidotrigla japonica,-19.6125,117.23667
2336678,2336678,Lepidotrigla japonica,-19.905,116.52
2336678,2336678,Lepidotrigla japonica,-19.925,117.19167
2336678,2336678,Lepidotrigla japonica,-20.19833,117.86583
2336678,2336678,Lepidotrigla japonica,-20.3325,117.36
2336678,2336678,Lepidotrigla japonica,-20.34,117.47334
2336678,2336678,Lepidotrigla japonica,-20.22417,117.10917
2336678,2336678,Lepidotrigla japonica,-20.2175,117.1175
2336678,2336678,Lepidotrigla japonica,-20.23167,117.59834
2336678,2336678,Lepidotrigla japonica,-19.67666,118.04584
2336678,2336678,Lepidotrigla japonica,-19.2775,118.86584
2336678,2336678,Lepidotrigla japonica,-19.1,118.95583
2336678,2336678,Lepidotrigla japonica,-19.06833,119.05167
2336678,2336678,Lepidotrigla japonica,-19.07833,119.015
2336678,2336678,Lepidotrigla japonica,-19.4375,118.515
2336678,2336678,Lepidotrigla japonica,-19.07833,118.955
2336678,2336678,Lepidotrigla japonica,-19.48,118.885
2336678,2336678,Lepidotrigla japonica,-19.07,118.83334
2336678,2336678,Lepidotrigla japonica,-19.09416,118.8775
2336678,2336678,Lepidotrigla japonica,-19.08416,118.80917
2336678,2336678,Lepidotrigla japonica,-19.99,117.84417
2336678,2336678,Lepidotrigla japonica,-19.67833,117.92917
2336678,2336678,Lepidotrigla japonica,-19.79,117.85
2336678,2336678,Lepidotrigla japonica,-19.99166,117.015
2336678,2336678,Lepidotrigla japonica,-20.0325,116.9425
2336678,2336678,Lepidotrigla japonica,-20.005,117.00667
2336678,2336678,Lepidotrigla japonica,-19.08416,118.8725
2336678,2336678,Lepidotrigla japonica,-19.98,117.86583
2336678,2336678,Lepidotrigla japonica,-19.98333,116.9975
2336678,2336678,Lepidotrigla japonica,-20.00416,116.94334
2336678,2336678,Lepidotrigla japonica,-19.97583,117.09167
2336678,2336678,Lepidotrigla japonica,-19.51833,118.67084
2336678,2336678,Lepidotrigla japonica,-19.05167,119.03667
2336678,2336678,Lepidotrigla japonica,-19.49833,118.835
2336678,2336678,Lepidotrigla japonica,-19.65833,118.585
2336678,2336678,Lepidotrigla japonica,-19.69583,117.94167
2336678,2336678,Lepidotrigla japonica,-19.97833,117.05667
2336678,2336678,Lepidotrigla japonica,-20.0175,116.98667
2336678,2336678,Lepidotrigla japonica,-20.00583,117.66167
2336678,2336678,Lepidotrigla japonica,-20.13916,117.75083
2336678,2336678,Lepidotrigla japonica,-20.01917,118.16084
2336678,2336678,Lepidotrigla japonica,-19.72917,117.98333
2336678,2336678,Lepidotrigla japonica,-20.00083,117.5975
2336678,2336678,Lepidotrigla japonica,-20.03166,117.41334
2336678,2336678,Lepidotrigla japonica,-19.3175,118.4
2336678,2336678,Lepidotrigla japonica,-19.88333,117
2336678,2336678,Lepidotrigla japonica,-19.78416,117.00583
2336678,2336678,Lepidotrigla japonica,-19.69917,116.27167
2336678,2336678,Lepidotrigla japonica,-20.26417,116.425
2336678,2336678,Lepidotrigla japonica,-19.86333,117.12917
2336678,2336678,Lepidotrigla japonica,-19.39667,118.47083
2336678,2336678,Lepidotrigla japonica,-20.07667,118.10917
2336678,2336678,Lepidotrigla japonica,-20.1975,116.4975
2336678,2336678,Lepidotrigla japonica,-19.75,117.08167
2336678,2336678,Lepidotrigla japonica,-19.975,116.07083
2336678,2336678,Lepidotrigla japonica,-19.36083,118.71667
2336678,2336678,Lepidotrigla japonica,-20,117.35084
2336678,2336678,Lepidotrigla japonica,-19.95166,117.68834
2336678,2336678,Lepidotrigla japonica,-19.82916,117.88417
2336678,2336678,Lepidotrigla japonica,-19.08333,118.59417
2336678,2336678,Lepidotrigla japonica,-19.45667,117.085
2336678,2336678,Lepidotrigla japonica,-20.13417,116.81334
2336678,2336678,Lepidotrigla japonica,-19.72333,117.69084
2336678,2336678,Lepidotrigla japonica,-19.54166,118.47334
2336678,2336678,Lepidotrigla japonica,-19.30166,116.30333
2336678,2336678,Lepidotrigla japonica,-20.3575,117.35834
2336678,2336678,Lepidotrigla japonica,-20.2125,117.24417
2336678,2336678,Lepidotrigla japonica,-20.20416,117.67667
2336678,2336678,Lepidotrigla japonica,-19.57166,117.79584
2336678,2336678,Lepidotrigla japonica,-19.6875,116.36333
2336678,2336678,Lepidotrigla japonica,-20.37583,116.06417
2336678,2336678,Lepidotrigla japonica,-20.41,116.215
2336678,2336678,Lepidotrigla japonica,-20.18583,117.665
2336678,2336678,Lepidotrigla japonica,-19.50833,117.62584
2336678,2336678,Lepidotrigla japonica,-19.67916,118.13917
2336678,2336678,Lepidotrigla japonica,-20.1125,117.34584
2336678,2336678,Lepidotrigla japonica,-20.3325,117.38084
2336678,2336678,Lepidotrigla japonica,-19.72167,117.1075
2336678,2336678,Lepidotrigla japonica,-20.34666,117.3525
2336678,2336678,Lepidotrigla japonica,-19.35333,118.1525
2336678,2336678,Lepidotrigla japonica,-19.17833,118.14417
2336678,2336678,Lepidotrigla japonica,-20.0525,117.85584
2336678,2336678,Lepidotrigla japonica,-19.965,117.70167
2336678,2336678,Lepidotrigla japonica,-19.83,117.7625
2336678,2336678,Lepidotrigla japonica,-19.76583,117.2125
2336678,2336678,Lepidotrigla japonica,-20.2475,116.70834
2336678,2336678,Lepidotrigla japonica,-20.07416,116.1175
2336678,2336678,Lepidotrigla japonica,-20.225,117.25834
2336678,2336678,Lepidotrigla japonica,-20.1375,116.79917
2336678,2336678,Lepidotrigla japonica,-20.64,116.14583
2336678,2336678,Lepidotrigla japonica,-19.745,116.535
2336678,2336678,Lepidotrigla japonica,-20.25416,116.0175
2336678,2336678,Lepidotrigla japonica,-20.4675,116.00167
2336678,2336678,Lepidotrigla japonica,-19.94833,117.9025
2336678,2336678,Lepidotrigla japonica,-19.0825,119.00333
2336678,2336678,Lepidotrigla japonica,-19.98666,117.865
2336678,2336678,Lepidotrigla japonica,-19.05416,118.8325
2336678,2336678,Lepidotrigla japonica,-19.20083,118.80334
2336678,2336678,Lepidotrigla japonica,-20.12583,117.81417
2336678,2336678,Lepidotrigla japonica,-20.325,117.17584
2336678,2336678,Lepidotrigla japonica,-19.6625,117.34084
2336678,2336678,Lepidotrigla japonica,-19.3775,118.22667
2336678,2336678,Lepidotrigla japonica,-20.0675,117.4675
2336678,2336678,Lepidotrigla japonica,-20.2,117.23
2336678,2336678,Lepidotrigla japonica,-20.0375,116.9975
2336678,2336678,Lepidotrigla japonica,-20.17416,117.05584
2336678,2336678,Lepidotrigla japonica,-20.1575,116.80417
2336678,2336678,Lepidotrigla japonica,-20.06917,116.80334
2336678,2336678,Lepidotrigla japonica,-20.26083,116.71167
2336678,2336678,Lepidotrigla japonica,-20.0575,116.54834
2336678,2336678,Lepidotrigla japonica,-19.71416,116.385
2336678,2336678,Lepidotrigla japonica,-19.97666,117.83333
2336678,2336678,Lepidotrigla japonica,-19.085,118.795
2336678,2336678,Lepidotrigla japonica,-19.93666,117.88667
2336678,2336678,Lepidotrigla japonica,-19.09083,118.83334
2336678,2336678,Lepidotrigla japonica,-20.01083,117.035
2336678,2336678,Lepidotrigla japonica,-20.00166,117.06417
2336678,2336678,Lepidotrigla japonica,-19.08916,118.99667
2336678,2336678,Lepidotrigla japonica,-19.98083,117.00333
2336678,2336678,Lepidotrigla japonica,-19.97917,117.06
2336678,2336678,Lepidotrigla japonica,-19.0675,119.0525
2336678,2336678,Lepidotrigla japonica,-20.01666,117.02667
2336678,2336678,Lepidotrigla japonica,-20.03417,116.96
2336678,2336678,Lepidotrigla japonica,-19.99416,116.95834
2336678,2336678,Lepidotrigla japonica,-19.76083,117.84333
2336678,2336678,Lepidotrigla japonica,-19.98083,118.20084
2336678,2336678,Lepidotrigla japonica,-19.8675,116.20833
2336678,2336678,Lepidotrigla japonica,-19.92167,116.47084
2336678,2336678,Lepidotrigla japonica,-20.12666,117.48083
2336678,2336678,Lepidotrigla japonica,-20.14833,116.18
2336678,2336678,Lepidotrigla japonica,-19.7575,117.24667
2336678,2336678,Lepidotrigla japonica,-19.9275,117.36167
2336678,2336678,Lepidotrigla japonica,-19.97916,117.90334
2336678,2336678,Lepidotrigla japonica,-18.68917,118.3725
2336678,2336678,Lepidotrigla japonica,-20.0975,116.57334
2336678,2336678,Lepidotrigla japonica,-20.28583,117.265
2336678,2336678,Lepidotrigla japonica,-20.16583,117.525
2336678,2336678,Lepidotrigla japonica,-20.1325,117.035
2336678,2336678,Lepidotrigla japonica,-20.05833,117.95917
2336678,2336678,Lepidotrigla japonica,-20.48,116.1675
2336678,2336678,Lepidotrigla japonica,-20.07916,117.18417
2336678,2336678,Lepidotrigla japonica,-19.28333,118.54417
2336678,2336678,Lepidotrigla japonica,-20.07,116.20917
2336678,2336678,Lepidotrigla japonica,-19.92083,116.98333
2336678,2336678,Lepidotrigla japonica,-20.19166,117.97333
2336678,2336678,Lepidotrigla japonica,-20.43833,116.32667
2336678,2336678,Lepidotrigla japonica,-20.04916,117.16667
2336678,2336678,Lepidotrigla japonica,-20.3525,117.295
2336678,2336678,Lepidotrigla japonica,-19.59833,117.77584
2336678,2336678,Lepidotrigla japonica,-19.99416,116.14
2336678,2336678,Lepidotrigla japonica,-19.96916,117.11667
2336678,2336678,Lepidotrigla japonica,-20.16,117.69
2336678,2336678,Lepidotrigla japonica,-19.75833,117.73333
2336678,2336678,Lepidotrigla japonica,-19.49166,118.31667
2336678,2336678,Lepidotrigla japonica,-19.99166,117.15
2336678,2336678,Lepidotrigla japonica,-19.23333,116.95
2336678,2336678,Lepidotrigla japonica,-19.075,117.3
2336678,2336678,Lepidotrigla japonica,-19.98333,117.38334
2336678,2336678,Lepidotrigla japonica,-19.83333,118.03333
2336678,2336678,Lepidotrigla japonica,-19.7,117.34167
2336678,2336678,Lepidotrigla japonica,-20.475,116.16667
2336678,2336678,Lepidotrigla japonica,-20.35,116.56667
2336678,2336678,Lepidotrigla japonica,-20.225,116.625
2336678,2336678,Lepidotrigla japonica,-19.95,117.05
2336678,2336678,Lepidotrigla japonica,-20.16666,117.475
2336678,2336678,Lepidotrigla japonica,-19.025,118.59167
2336678,2336678,Lepidotrigla japonica,-19.99166,117.81667
2336678,2336678,Lepidotrigla japonica,-19.99166,117.81667
2336678,2336678,Lepidotrigla japonica,-19.99167,117.83333
2336678,2336678,Lepidotrigla japonica,-19.99166,117.81667
2336678,2336678,Lepidotrigla japonica,-19.825,118.03333
2336678,2336678,Lepidotrigla japonica,-19.525,118.575
2336678,2336678,Lepidotrigla japonica,-19.97,117.715
2336678,2336678,Lepidotrigla japonica,-20.55917,116.11917
2336678,2336678,Lepidotrigla japonica,-19.87667,117.25417
2336678,2336678,Lepidotrigla japonica,-19.92916,117.66417
2336678,2336678,Lepidotrigla japonica,-19.13,118.41334
2336678,2336678,Lepidotrigla japonica,-20.05666,117.9625
2336678,2336678,Lepidotrigla japonica,-20.16583,117.8625
2336678,2336678,Lepidotrigla japonica,-20.19333,117.88667
2336678,2336678,Lepidotrigla japonica,-19.5575,117.96167
2336678,2336678,Lepidotrigla japonica,-20.10583,118.055
2336678,2336678,Lepidotrigla japonica,-20.1125,117.94417
2336678,2336678,Lepidotrigla japonica,-20.20583,117.85833
2336678,2336678,Lepidotrigla japonica,-20.06916,117.68084
2336678,2336678,Lepidotrigla japonica,-20.02916,117.6825
2336678,2336678,Lepidotrigla japonica,-20.0875,117.52584
2336678,2336678,Lepidotrigla japonica,-20.26833,117.42167
2336678,2336678,Lepidotrigla japonica,-20.16166,117.65834
2336678,2336678,Lepidotrigla japonica,-20.23,117.5925
2336678,2336678,Lepidotrigla japonica,-20.1875,117.68917
2336678,2336678,Lepidotrigla japonica,-20.03083,117.595
2336678,2336678,Lepidotrigla japonica,-20.2725,117.42917
2336678,2336678,Lepidotrigla japonica,-20.23916,117.6125
2336678,2336678,Lepidotrigla japonica,-20.09417,117.495
2336678,2336678,Lepidotrigla japonica,-20.11833,117.38
2336678,2336678,Lepidotrigla japonica,-19.45833,118.0425
2336678,2336678,Lepidotrigla japonica,-20.03166,117.89333
2336678,2336678,Lepidotrigla japonica,-20.01583,117.86
2336678,2336678,Lepidotrigla japonica,-20.0675,117.84917
2336678,2336678,Lepidotrigla japonica,-20.245,117.78084
2336678,2336678,Lepidotrigla japonica,-20.11917,117.89833
2336678,2336678,Lepidotrigla japonica,-19.99333,117.9
2336678,2336678,Lepidotrigla japonica,-19.935,117.845
2336678,2336678,Lepidotrigla japonica,-20.0475,117.74334
2336678,2336678,Lepidotrigla japonica,-20.0375,117.63917
2336678,2336678,Lepidotrigla japonica,-20.21083,117.69
2336678,2336678,Lepidotrigla japonica,-20.16333,117.43583
2336678,2336678,Lepidotrigla japonica,-19.98,117.79167
2336678,2336678,Lepidotrigla japonica,-19.97916,117.74917
2336678,2336678,Lepidotrigla japonica,-20.14583,117.53667
2336678,2336678,Lepidotrigla japonica,-19.8525,117.91667
2336678,2336678,Lepidotrigla japonica,-19.89833,117.76083
2336678,2336678,Lepidotrigla japonica,-20.26417,117.6025
2336678,2336678,Lepidotrigla japonica,-19.44167,118.16334
2336678,2336678,Lepidotrigla japonica,-20.335,117.35417
2336678,2336678,Lepidotrigla japonica,-19.85583,116.80334
2336678,2336678,Lepidotrigla japonica,-20.12166,117.4825
2336678,2336678,Lepidotrigla japonica,-20.5025,116.12083
2336678,2336678,Lepidotrigla japonica,-19.70416,117.04417
2336678,2336678,Lepidotrigla japonica,-20.12167,116.9625
2336678,2336678,Lepidotrigla japonica,-20.24916,117.17167
2336678,2336678,Lepidotrigla japonica,-19.03583,118.25667
2336678,2336678,Lepidotrigla japonica,-19.82166,117.56
2336678,2336678,Lepidotrigla japonica,-19.94666,117.75334
2336678,2336678,Lepidotrigla japonica,-19.87,117.7725
2336678,2336678,Lepidotrigla japonica,-20.06417,117.125
2336678,2336678,Lepidotrigla japonica,-20.2125,117.85667
2336678,2336678,Lepidotrigla japonica,-20.0575,117.42917
2336678,2336678,Lepidotrigla japonica,-19.57667,117.39917
2336678,2336678,Lepidotrigla japonica,-20.3,116.68834
2336678,2336678,Lepidotrigla japonica,-19.57917,118.76584
2336678,2336678,Lepidotrigla japonica,-20.23333,117.225
2336678,2336678,Lepidotrigla japonica,-17.55833,121.44167
2336678,2336678,Lepidotrigla japonica,-20.24166,117.225
2336678,2336678,Lepidotrigla japonica,-19.25,119.24167
2336678,2336678,Lepidotrigla japonica,-21.33333,114.75
2336678,2336678,Lepidotrigla japonica,-19.06667,119.44167
2336678,2336678,Lepidotrigla japonica,-18.55833,121.01667
2336678,2336678,Lepidotrigla japonica,-19.9,116.525
2336678,2336678,Lepidotrigla japonica,-19.38333,119.05
2336678,2336678,Lepidotrigla japonica,-19.95833,118
2336678,2336678,Lepidotrigla japonica,-20.36667,117.275
2336678,2336678,Lepidotrigla japonica,-20.38333,116.26667
2336678,2336678,Lepidotrigla japonica,-20.38333,116.26667
2336678,2336678,Lepidotrigla japonica,-20.38333,116.26667
2336678,2336678,Lepidotrigla japonica,-19.90833,115.96667
2336678,2336678,Lepidotrigla japonica,-20.38333,116.26667
2336678,2336678,Lepidotrigla japonica,-20.23333,115.9
2336678,2336678,Lepidotrigla japonica,-19.90833,115.96667
2336678,2336678,Lepidotrigla japonica,-19.90833,115.96667
2336678,2336678,Lepidotrigla japonica,-20.38333,116.26667
2336678,2336678,Lepidotrigla japonica,-20.38333,116.26667
2336678,2336678,Lepidotrigla japonica,-19.90833,115.96667
2336678,2336678,Lepidotrigla japonica,-19.90833,115.96667
2336678,2336678,Lepidotrigla japonica,-19.90833,115.96667
2336678,2336678,Lepidotrigla japonica,-20.38333,116.26667
2336678,2336678,Lepidotrigla japonica,-20.15,116.13333
2336678,2336678,Lepidotrigla japonica,-19.90833,115.96667
2336678,2336678,Lepidotrigla japonica,-20.38333,116.26667
2336678,2336678,Lepidotrigla japonica,-20.38333,116.26667
2336678,2336678,Lepidotrigla japonica,-20.38333,116.26667
2336678,2336678,Lepidotrigla japonica,-20.1,116.125
2336678,2336678,Lepidotrigla japonica,-19.90833,115.96667
2336678,2336678,Lepidotrigla japonica,-19.90833,115.96667
2336678,2336678,Lepidotrigla japonica,-20.38333,116.26667
2336678,2336678,Lepidotrigla japonica,-20.38333,116.26667
2336678,2336678,Lepidotrigla japonica,-19.90833,115.96667
2336678,2336678,Lepidotrigla japonica,-19.73333,116.45834
2336678,2336678,Lepidotrigla japonica,-19.90833,115.96667
2336678,2336678,Lepidotrigla japonica,-19.9,115.95
2336678,2336678,Lepidotrigla japonica,-20.38333,116.28333
2336678,2336678,Lepidotrigla japonica,-20.09166,117.09167
2336678,2336678,Lepidotrigla japonica,-18.95833,118.24167
2336678,2336678,Lepidotrigla japonica,-19.23333,118.36667
2336678,2336678,Lepidotrigla japonica,-19.11667,119.41667
2336678,2336678,Lepidotrigla japonica,-20.86667,115.175
2336678,2336678,Lepidotrigla japonica,-18.375,118.05
2336678,2336678,Lepidotrigla japonica,-19.28333,116.28334
2336678,2336678,Lepidotrigla japonica,-19.625,117.15834
2336678,2336678,Lepidotrigla japonica,-18.175,118.95
2336678,2336678,Lepidotrigla japonica,-21.41666,114.29167
2336678,2336678,Lepidotrigla japonica,-19.95833,115.21667
2336678,2336678,Lepidotrigla japonica,-20.36667,115.1
2336678,2336678,Lepidotrigla japonica,-19.16667,116.78334
2336678,2336678,Lepidotrigla japonica,-18.89167,118.575
2336678,2336678,Lepidotrigla japonica,-17.68333,121.7
2336678,2336678,Lepidotrigla japonica,-17.98333,121.4
2336678,2336678,Lepidotrigla japonica,-18.24166,119.53334
2336678,2336678,Lepidotrigla japonica,-17.68333,121.7
2336678,2336678,Lepidotrigla japonica,-17.68333,121.7
2336678,2336678,Lepidotrigla japonica,-17.68333,121.7
2336678,2336678,Lepidotrigla japonica,-17.61666,121.39167
2336678,2336678,Lepidotrigla japonica,-19.1,118.025
2336678,2336678,Lepidotrigla japonica,-17.78333,119.975
2336678,2336678,Lepidotrigla japonica,-20.04166,117
2336678,2336678,Lepidotrigla japonica,-19.1,118.025
2336678,2336678,Lepidotrigla japonica,-19.66667,117.81667
2336678,2336678,Lepidotrigla japonica,-19.91666,117.325
