requested_taxonKey,record_taxonKey,species_name,decimalLatitude,decimalLongitude
2336669,2336669,Lepidotrigla grandis,-30.156666,153.49777
2336669,2336669,Lepidotrigla grandis,-30.156666,153.49777
2336669,2336669,Lepidotrigla grandis,-30.156666,153.49777
2336669,2336669,Lepidotrigla grandis,-30.156666,153.49777
2336669,2336669,Lepidotrigla grandis,-24.971667,112.178333
2336669,2336669,Lepidotrigla grandis,-24.971667,112.178333
2336669,10510361,Lepidotrigla grandis,-25.05,112.1333
2336669,10510361,Lepidotrigla grandis,-25.05,112.1333
2336669,10510361,Lepidotrigla grandis,-25.05,112.1333
2336669,10510361,Lepidotrigla grandis,-25.05,112.1333
2336669,2336669,Lepidotrigla grandis,-24.971667,112.178333
2336669,2336669,Lepidotrigla grandis,-24.971667,112.178333
2336669,2336669,Lepidotrigla grandis,-24.559167,112.258
2336669,10510361,Lepidotrigla grandis,-24.5667,112.25
2336669,2336669,Lepidotrigla grandis,-24.559167,112.258
2336669,2336669,Lepidotrigla grandis,-36.375,150.18333
2336669,2336669,Lepidotrigla grandis,-36.367,150.183
2336669,2336669,Lepidotrigla grandis,-29.333334,153.79167
2336669,2336669,Lepidotrigla grandis,-29.333334,153.79167
2336669,2336669,Lepidotrigla grandis,-19.11333,117.015
2336669,2336669,Lepidotrigla grandis,-32.883,151.983
2336669,2336669,Lepidotrigla grandis,-37.306665,149.998335
2336669,2336669,Lepidotrigla grandis,-37.316665,150.01417
2336669,2336669,Lepidotrigla grandis,-33.083,151.917
2336669,2336669,Lepidotrigla grandis,-33.05,151.983
2336669,2336669,Lepidotrigla grandis,-33.117,151.933
2336669,2336669,Lepidotrigla grandis,-33.067,152
2336669,2336669,Lepidotrigla grandis,-37.30666,149.99834
2336669,2336669,Lepidotrigla grandis,-37.30666,149.99834
2336669,2336669,Lepidotrigla grandis,-37.30666,149.99834
2336669,2336669,Lepidotrigla grandis,-37.30666,149.99834
2336669,2336669,Lepidotrigla grandis,-37.30666,149.99834
2336669,2336669,Lepidotrigla grandis,-37.30666,149.99834
2336669,2336669,Lepidotrigla grandis,-37.30666,149.99834
2336669,2336669,Lepidotrigla grandis,-37.30666,149.99834
2336669,2336669,Lepidotrigla grandis,-37.30666,149.99834
2336669,2336669,Lepidotrigla grandis,-37.30666,149.99834
2336669,2336669,Lepidotrigla grandis,-37.30666,149.99834
2336669,2336669,Lepidotrigla grandis,-37.30666,149.99834
2336669,2336669,Lepidotrigla grandis,-37.30666,149.99834
2336669,2336669,Lepidotrigla grandis,-37.30666,149.99834
2336669,2336669,Lepidotrigla grandis,-37.30666,149.99834
2336669,2336669,Lepidotrigla grandis,-37.30666,149.99834
2336669,2336669,Lepidotrigla grandis,-37.30666,149.99834
2336669,2336669,Lepidotrigla grandis,-37.30666,149.99834
2336669,2336669,Lepidotrigla grandis,-37.30666,149.99834
2336669,2336669,Lepidotrigla grandis,-37.30666,149.99834
2336669,2336669,Lepidotrigla grandis,-37.30666,149.99834
2336669,2336669,Lepidotrigla grandis,-37.30666,149.99834
2336669,2336669,Lepidotrigla grandis,-37.30666,149.99834
2336669,2336669,Lepidotrigla grandis,-37.30666,149.99834
2336669,2336669,Lepidotrigla grandis,-37.30666,149.99834
2336669,2336669,Lepidotrigla grandis,-37.30666,149.99834
2336669,2336669,Lepidotrigla grandis,-37.30666,149.99834
2336669,2336669,Lepidotrigla grandis,-37.30666,149.99834
2336669,2336669,Lepidotrigla grandis,-37.30666,149.99834
2336669,2336669,Lepidotrigla grandis,-37.30666,149.99834
2336669,2336669,Lepidotrigla grandis,-37.30666,149.99834
2336669,2336669,Lepidotrigla grandis,-37.31666,150.01417
2336669,2336669,Lepidotrigla grandis,-37.31666,150.01417
2336669,2336669,Lepidotrigla grandis,-37.31666,150.01417
2336669,2336669,Lepidotrigla grandis,-37.31666,150.01417
2336669,2336669,Lepidotrigla grandis,-37.31666,150.01417
2336669,2336669,Lepidotrigla grandis,-37.31666,150.01417
2336669,2336669,Lepidotrigla grandis,-37.31666,150.01417
2336669,2336669,Lepidotrigla grandis,-37.31666,150.01417
2336669,2336669,Lepidotrigla grandis,-37.31666,150.01417
2336669,2336669,Lepidotrigla grandis,-37.31666,150.01417
2336669,2336669,Lepidotrigla grandis,-37.31666,150.01417
2336669,2336669,Lepidotrigla grandis,-37.31666,150.01417
2336669,2336669,Lepidotrigla grandis,-37.31666,150.01417
2336669,2336669,Lepidotrigla grandis,-37.31666,150.01417
2336669,2336669,Lepidotrigla grandis,-37.31666,150.01417
2336669,2336669,Lepidotrigla grandis,-37.31666,150.01417
2336669,2336669,Lepidotrigla grandis,-37.31666,150.01417
2336669,2336669,Lepidotrigla grandis,-33.017,152
2336669,2336669,Lepidotrigla grandis,-33.067,151.95
2336669,2336669,Lepidotrigla grandis,-34.283,151.217
2336669,2336669,Lepidotrigla grandis,-33.067,151.967
2336669,2336669,Lepidotrigla grandis,-33.133,151.917
2336669,2336669,Lepidotrigla grandis,-33.05,152
2336669,2336669,Lepidotrigla grandis,-33.1,151.95
2336669,2336669,Lepidotrigla grandis,-33.033,151.983
2336669,2336669,Lepidotrigla grandis,-33.1,151.933
2336669,2336669,Lepidotrigla grandis,-37.285,149.99
2336669,2336669,Lepidotrigla grandis,-33.033,151.967
2336669,2336669,Lepidotrigla grandis,-33.083,151.917
2336669,2336669,Lepidotrigla grandis,-33.033,152
2336669,2336669,Lepidotrigla grandis,-36.37416,150.1375
2336669,2336669,Lepidotrigla grandis,-36.37416,150.1375
2336669,2336669,Lepidotrigla grandis,-36.37416,150.1375
2336669,2336669,Lepidotrigla grandis,-36.37416,150.1375
2336669,2336669,Lepidotrigla grandis,-36.37416,150.1375
2336669,2336669,Lepidotrigla grandis,-36.37416,150.1375
2336669,2336669,Lepidotrigla grandis,-36.37416,150.1375
2336669,2336669,Lepidotrigla grandis,-36.37416,150.1375
2336669,2336669,Lepidotrigla grandis,-36.37416,150.1375
2336669,2336669,Lepidotrigla grandis,-36.37416,150.1375
2336669,2336669,Lepidotrigla grandis,-36.37416,150.1375
2336669,2336669,Lepidotrigla grandis,-36.37416,150.1375
2336669,2336669,Lepidotrigla grandis,-36.37416,150.1375
2336669,2336669,Lepidotrigla grandis,-36.37416,150.1375
2336669,2336669,Lepidotrigla grandis,-36.37416,150.1375
2336669,2336669,Lepidotrigla grandis,-36.37333,150.13333
2336669,2336669,Lepidotrigla grandis,-37.29725,149.99192
2336669,2336669,Lepidotrigla grandis,-37.29541,149.99092
2336669,2336669,Lepidotrigla grandis,-36.36467,150.10392
2336669,2336669,Lepidotrigla grandis,-33.083,151.933
2336669,2336669,Lepidotrigla grandis,-33.05,151.983
2336669,2336669,Lepidotrigla grandis,-33.083,151.933
2336669,2336669,Lepidotrigla grandis,-33.05,151.96666
2336669,2336669,Lepidotrigla grandis,-33.083,151.95
2336669,2336669,Lepidotrigla grandis,-33.033,151.967
2336669,2336669,Lepidotrigla grandis,-33.05,151.95
2336669,2336669,Lepidotrigla grandis,-33.05,151.95
2336669,2336669,Lepidotrigla grandis,-33.067,151.717
2336669,2336669,Lepidotrigla grandis,-33.083,151.933
2336669,2336669,Lepidotrigla grandis,-33.017,152
2336669,2336669,Lepidotrigla grandis,-33.1,151.917
2336669,2336669,Lepidotrigla grandis,-33.033,152
2336669,2336669,Lepidotrigla grandis,-32.95,152.283
2336669,2336669,Lepidotrigla grandis,-33,152.233
2336669,2336669,Lepidotrigla grandis,-33.083,151.933
2336669,2336669,Lepidotrigla grandis,-33.017,151.983
2336669,2336669,Lepidotrigla grandis,-33.083,151.933
2336669,2336669,Lepidotrigla grandis,-33.1,151.917
2336669,2336669,Lepidotrigla grandis,-33.033,152.017
2336669,2336669,Lepidotrigla grandis,-33.033,152
2336669,2336669,Lepidotrigla grandis,-33.067,151.933
2336669,2336669,Lepidotrigla grandis,-33.083,151.95
2336669,2336669,Lepidotrigla grandis,-33.017,152.017
2336669,2336669,Lepidotrigla grandis,-33.083,151.917
2336669,2336669,Lepidotrigla grandis,-33.1,151.933
2336669,2336669,Lepidotrigla grandis,-33.1,151.917
2336669,2336669,Lepidotrigla grandis,-32.917,151.983
2336669,2336669,Lepidotrigla grandis,-31.917,152.85
2336669,2336669,Lepidotrigla grandis,-31.917,152.85
2336669,2336669,Lepidotrigla grandis,-33.07,151.92
2336669,2336669,Lepidotrigla grandis,-33.708,151.533
2336669,2336669,Lepidotrigla grandis,-33.05,151.983
2336669,2336669,Lepidotrigla grandis,-33.05,151.983
2336669,2336669,Lepidotrigla grandis,-33.05,151.983
2336669,2336669,Lepidotrigla grandis,-30.55,153.317
2336669,2336669,Lepidotrigla grandis,-28.45,153.833
2336669,2336669,Lepidotrigla grandis,-31.917,152.85
2336669,2336669,Lepidotrigla grandis,-29.4,153.767
2336669,2336669,Lepidotrigla grandis,-31.917,152.85
2336669,2336669,Lepidotrigla grandis,-31.917,152.85
2336669,2336669,Lepidotrigla grandis,-31.917,152.85
2336669,2336669,Lepidotrigla grandis,-28.383,153.833
2336669,2336669,Lepidotrigla grandis,-31.917,152.85
2336669,2336669,Lepidotrigla grandis,-32.917,151.983
2336669,2336669,Lepidotrigla grandis,-18.90417,117.62417
2336669,2336669,Lepidotrigla grandis,-19.74416,116.14
2336669,2336669,Lepidotrigla grandis,-31.917,152.85
2336669,2336669,Lepidotrigla grandis,-32.917,151.983
2336669,2336669,Lepidotrigla grandis,-32.917,151.983
2336669,2336669,Lepidotrigla grandis,-31.917,152.85
2336669,2336669,Lepidotrigla grandis,-33.55,151.9
2336669,2336669,Lepidotrigla grandis,-33.55,151.883
2336669,2336669,Lepidotrigla grandis,-29.05,153.817
2336669,2336669,Lepidotrigla grandis,-30.483,153.35
2336669,2336669,Lepidotrigla grandis,-28.417,153.833
2336669,2336669,Lepidotrigla grandis,-28.45,153.85
2336669,2336669,Lepidotrigla grandis,-30.367,153.4
2336669,2336669,Lepidotrigla grandis,-33.683,151.533
2336669,2336669,Lepidotrigla grandis,-33.717,151.517
2336669,2336669,Lepidotrigla grandis,-31.917,152.85
2336669,2336669,Lepidotrigla grandis,-35.75,150.583
2336669,2336669,Lepidotrigla grandis,-33.767,151.483
2336669,2336669,Lepidotrigla grandis,-33.75,151.5
2336669,2336669,Lepidotrigla grandis,-19.105,117.13167
2336669,2336669,Lepidotrigla grandis,-33.6,151.5
2336669,2336669,Lepidotrigla grandis,-33.6,151.433
2336669,2336669,Lepidotrigla grandis,-34.167,151.233
2336669,2336669,Lepidotrigla grandis,-34.3,151.183
2336669,2336669,Lepidotrigla grandis,-33.767,151.517
2336669,2336669,Lepidotrigla grandis,-33.733,151.517
2336669,2336669,Lepidotrigla grandis,-33.733,151.5
2336669,2336669,Lepidotrigla grandis,-32.717,152.383
2336669,2336669,Lepidotrigla grandis,-32.733,152.317
2336669,2336669,Lepidotrigla grandis,-33.667,151.567
2336669,2336669,Lepidotrigla grandis,-33.617,151.617
2336669,2336669,Lepidotrigla grandis,-34.167,151.233
2336669,2336669,Lepidotrigla grandis,-33.75,151.5
2336669,2336669,Lepidotrigla grandis,-32.917,152.05
2336669,2336669,Lepidotrigla grandis,-32.883,152.1
2336669,2336669,Lepidotrigla grandis,-32.883,152.167
2336669,2336669,Lepidotrigla grandis,-34.183,151.217
2336669,2336669,Lepidotrigla grandis,-34.083,151.267
2336669,2336669,Lepidotrigla grandis,-34.133,151.233
2336669,2336669,Lepidotrigla grandis,-34.2,151.2
2336669,2336669,Lepidotrigla grandis,-34.083,151.283
2336669,2336669,Lepidotrigla grandis,-34.2,151.183
2336669,2336669,Lepidotrigla grandis,-34.133,151.233
2336669,2336669,Lepidotrigla grandis,-32.75,152.3
2336669,2336669,Lepidotrigla grandis,-32.733,152.383
2336669,2336669,Lepidotrigla grandis,-32.733,152.317
2336669,2336669,Lepidotrigla grandis,-31.9,152.833
2336669,2336669,Lepidotrigla grandis,-34.073334,151.30833
2336669,2336669,Lepidotrigla grandis,-34.083,151.3
2336669,2336669,Lepidotrigla grandis,-19.2525,116.66417
2336669,2336669,Lepidotrigla grandis,-18.89333,117.73167
2336669,2336669,Lepidotrigla grandis,-34.467,151.3
2336669,2336669,Lepidotrigla grandis,-32.75,152.367
2336669,2336669,Lepidotrigla grandis,-18.35,118.43334
2336669,2336669,Lepidotrigla grandis,-18.16667,118.31667
2336669,2336669,Lepidotrigla grandis,-28.2,153.9
2336669,2336669,Lepidotrigla grandis,-29.9,153.65
2336669,2336669,Lepidotrigla grandis,-30.383,153.4
2336669,2336669,Lepidotrigla grandis,-32.733,152.35
2336669,2336669,Lepidotrigla grandis,-29.8,153.683
2336669,2336669,Lepidotrigla grandis,-29.533,153.75
2336669,2336669,Lepidotrigla grandis,-29.733,153.717
2336669,2336669,Lepidotrigla grandis,-29.541666,153.75
2336669,2336669,Lepidotrigla grandis,-29.54,153.75
2336669,2336669,Lepidotrigla grandis,-27.966667,153.89166
2336669,2336669,Lepidotrigla grandis,-27.966667,153.89166
2336669,2336669,Lepidotrigla grandis,-27.933,153.883
2336669,2336669,Lepidotrigla grandis,-28.267,153.833
2336669,2336669,Lepidotrigla grandis,-28.383,153.85
2336669,2336669,Lepidotrigla grandis,-32.167,152.817
2336669,2336669,Lepidotrigla grandis,-27.97,153.89
2336669,2336669,Lepidotrigla grandis,-31.083,153.25
2336669,2336669,Lepidotrigla grandis,-28.216667,153.84166
2336669,2336669,Lepidotrigla grandis,-28.058332,153.875
2336669,2336669,Lepidotrigla grandis,-29.783,153.717
2336669,2336669,Lepidotrigla grandis,-28.067,153.9
2336669,2336669,Lepidotrigla grandis,-28.033,153.883
2336669,2336669,Lepidotrigla grandis,-28.133,153.85
2336669,2336669,Lepidotrigla grandis,-28.217,153.85
2336669,2336669,Lepidotrigla grandis,-28.25,153.883
2336669,2336669,Lepidotrigla grandis,-32.866665,152.225
2336669,2336669,Lepidotrigla grandis,-32.917,152.067
2336669,2336669,Lepidotrigla grandis,-32.85,152.25
2336669,2336669,Lepidotrigla grandis,-29.883,153.633
2336669,2336669,Lepidotrigla grandis,-29.833,153.667
2336669,2336669,Lepidotrigla grandis,-29.866667,153.64166
2336669,2336669,Lepidotrigla grandis,-28.175,153.88333
2336669,2336669,Lepidotrigla grandis,-29.308332,153.81667
2336669,2336669,Lepidotrigla grandis,-28.2,153.883
2336669,2336669,Lepidotrigla grandis,-28.217,153.833
2336669,2336669,Lepidotrigla grandis,-29.283,153.817
2336669,2336669,Lepidotrigla grandis,-29.367,153.817
2336669,2336669,Lepidotrigla grandis,-30.358334,153.425
2336669,2336669,Lepidotrigla grandis,-30.35,153.4
