requested_taxonKey,record_taxonKey,species_name,decimalLatitude,decimalLongitude
2336695,2336695,Lepidotrigla argus,-20.583334,116.71667
2336695,2336695,Lepidotrigla argus,-20.583334,116.71667
2336695,2336695,Lepidotrigla argus,-20.53124,115.79262
2336695,2336695,Lepidotrigla argus,-32.715,152.151111
2336695,2336695,Lepidotrigla argus,-33.55,151.45
2336695,2336695,Lepidotrigla argus,-28.865,153.635
2336695,2336695,Lepidotrigla argus,-28.865,153.635
2336695,10417849,Lepidotrigla argus,-28.84333,153.63834
2336695,10417849,Lepidotrigla argus,-28.84333,153.63834
2336695,10417849,Lepidotrigla argus,-28.84333,153.63834
2336695,10417849,Lepidotrigla argus,-28.84333,153.63834
2336695,2336695,Lepidotrigla argus,-28.865,153.635
2336695,2336695,Lepidotrigla argus,-33.483,151.5
2336695,2336695,Lepidotrigla argus,-33.4,151.567
2336695,2336695,Lepidotrigla argus,-33.467,151.483
2336695,2336695,Lepidotrigla argus,-33.417,151.567
2336695,2336695,Lepidotrigla argus,-33.55,151.467
2336695,2336695,Lepidotrigla argus,-33.467,151.5
2336695,2336695,Lepidotrigla argus,-33.467,151.5
2336695,2336695,Lepidotrigla argus,-33.567,151.45
2336695,2336695,Lepidotrigla argus,-33.433,151.567
2336695,2336695,Lepidotrigla argus,-33.45,151.533
2336695,2336695,Lepidotrigla argus,-33.533,151.467
2336695,2336695,Lepidotrigla argus,-33.35,151.6
2336695,2336695,Lepidotrigla argus,-33.35,151.617
2336695,2336695,Lepidotrigla argus,-33.45,151.533
2336695,2336695,Lepidotrigla argus,-33.633,151.383
2336695,2336695,Lepidotrigla argus,-33.533,151.467
2336695,2336695,Lepidotrigla argus,-33.433,151.55
2336695,2336695,Lepidotrigla argus,-33.55,151.467
2336695,2336695,Lepidotrigla argus,-33.517,151.467
2336695,2336695,Lepidotrigla argus,-33.55,151.45
2336695,2336695,Lepidotrigla argus,-33.5,151.5
2336695,2336695,Lepidotrigla argus,-33.483,151.5
2336695,2336695,Lepidotrigla argus,-33.5,151.5
2336695,2336695,Lepidotrigla argus,-33.483,151.5
2336695,2336695,Lepidotrigla argus,-33.5,151.5
2336695,2336695,Lepidotrigla argus,-33.483,151.5
2336695,2336695,Lepidotrigla argus,-33.433,151.55
2336695,2336695,Lepidotrigla argus,-33.417,151.55
2336695,2336695,Lepidotrigla argus,-33.533,151.467
2336695,2336695,Lepidotrigla argus,-33.45,151.533
2336695,2336695,Lepidotrigla argus,-33.55,151.45
2336695,2336695,Lepidotrigla argus,-33.483,151.5
2336695,2336695,Lepidotrigla argus,-33.483,151.5
2336695,2336695,Lepidotrigla argus,-33.45,151.533
2336695,2336695,Lepidotrigla argus,-33.55,151.467
2336695,2336695,Lepidotrigla argus,-33.45,151.517
2336695,2336695,Lepidotrigla argus,-33.517,151.483
2336695,2336695,Lepidotrigla argus,-33.517,151.467
2336695,2336695,Lepidotrigla argus,-33.45,151.533
2336695,2336695,Lepidotrigla argus,-33.517,151.467
2336695,2336695,Lepidotrigla argus,-33.5,151.467
2336695,2336695,Lepidotrigla argus,-33.45,151.517
2336695,2336695,Lepidotrigla argus,-33.505,151.463333
2336695,2336695,Lepidotrigla argus,-33.483,151.45
2336695,2336695,Lepidotrigla argus,-33.317,151.633
2336695,2336695,Lepidotrigla argus,-33.567,151.417
2336695,2336695,Lepidotrigla argus,-33.417,151.567
2336695,2336695,Lepidotrigla argus,-33.5,151.5
2336695,2336695,Lepidotrigla argus,-33.25,151.683
2336695,2336695,Lepidotrigla argus,-33.1,151.733
2336695,2336695,Lepidotrigla argus,-33.317,151.633
2336695,2336695,Lepidotrigla argus,-33.183,151.7
2336695,2336695,Lepidotrigla argus,-33.217,151.7
2336695,2336695,Lepidotrigla argus,-33.417,151.567
2336695,2336695,Lepidotrigla argus,-33.1,151.733
2336695,10417849,Lepidotrigla argus,-33.467,151.433
2336695,10417849,Lepidotrigla argus,-33.467,151.433
2336695,2336695,Lepidotrigla argus,-33.505,151.463333
2336695,2336695,Lepidotrigla argus,-33.55,151.5
2336695,2336695,Lepidotrigla argus,-33.5,151.533
2336695,2336695,Lepidotrigla argus,-33.517,151.517
2336695,2336695,Lepidotrigla argus,-33.517,151.517
2336695,2336695,Lepidotrigla argus,-33.55,151.483
2336695,2336695,Lepidotrigla argus,-33.55,151.517
2336695,2336695,Lepidotrigla argus,-33.5,151.533
2336695,2336695,Lepidotrigla argus,-33.55,151.5
2336695,2336695,Lepidotrigla argus,-33.6,151.4
2336695,2336695,Lepidotrigla argus,-33.567,151.433
2336695,2336695,Lepidotrigla argus,-33.583,151.417
2336695,2336695,Lepidotrigla argus,-33.6,151.383
2336695,2336695,Lepidotrigla argus,-33.4,151.55
2336695,2336695,Lepidotrigla argus,-33.517,151.55
2336695,2336695,Lepidotrigla argus,-33.317,151.617
2336695,2336695,Lepidotrigla argus,-33.383,151.567
2336695,2336695,Lepidotrigla argus,-33.333,151.617
2336695,2336695,Lepidotrigla argus,-33.55,151.45
2336695,2336695,Lepidotrigla argus,-33.483,151.517
2336695,2336695,Lepidotrigla argus,-33.517,151.483
2336695,2336695,Lepidotrigla argus,-33.333,151.617
2336695,2336695,Lepidotrigla argus,-33.433,151.533
2336695,2336695,Lepidotrigla argus,-33.35,151.6
2336695,2336695,Lepidotrigla argus,-33.433,151.533
2336695,2336695,Lepidotrigla argus,-33.533,151.483
2336695,2336695,Lepidotrigla argus,-33.45,151.533
2336695,2336695,Lepidotrigla argus,-33.467,151.517
2336695,2336695,Lepidotrigla argus,-33.533,151.45
2336695,2336695,Lepidotrigla argus,-33.567,151.433
2336695,2336695,Lepidotrigla argus,-33.517,151.483
2336695,2336695,Lepidotrigla argus,-33.6,151.417
2336695,2336695,Lepidotrigla argus,-33.5,151.483
2336695,2336695,Lepidotrigla argus,-33.517,151.467
2336695,2336695,Lepidotrigla argus,-33.45,151.517
2336695,2336695,Lepidotrigla argus,-33.467,151.517
2336695,2336695,Lepidotrigla argus,-33.633,151.4
2336695,2336695,Lepidotrigla argus,-33.55,151.45
2336695,2336695,Lepidotrigla argus,-33.55,151.45
2336695,2336695,Lepidotrigla argus,-33.533,151.467
2336695,2336695,Lepidotrigla argus,-33.633,151.4
2336695,2336695,Lepidotrigla argus,-33.467,151.517
2336695,2336695,Lepidotrigla argus,-33.517,151.483
2336695,2336695,Lepidotrigla argus,-33.467,151.517
2336695,2336695,Lepidotrigla argus,-33.45,151.533
2336695,2336695,Lepidotrigla argus,-33.517,151.483
2336695,2336695,Lepidotrigla argus,-33.55,151.467
2336695,2336695,Lepidotrigla argus,-33.517,151.483
2336695,2336695,Lepidotrigla argus,-33.45,151.533
2336695,2336695,Lepidotrigla argus,-33.433,151.55
2336695,2336695,Lepidotrigla argus,-33.5,151.483
2336695,2336695,Lepidotrigla argus,-33.467,151.517
2336695,2336695,Lepidotrigla argus,-33.6,151.467
2336695,2336695,Lepidotrigla argus,-33.517,151.467
2336695,2336695,Lepidotrigla argus,-33.6,151.467
2336695,2336695,Lepidotrigla argus,-33.6,151.467
2336695,2336695,Lepidotrigla argus,-33.533,151.467
2336695,2336695,Lepidotrigla argus,-33.6,151.467
2336695,2336695,Lepidotrigla argus,-33.533,151.467
2336695,2336695,Lepidotrigla argus,-33.617,151.467
2336695,2336695,Lepidotrigla argus,-33.467,151.533
2336695,2336695,Lepidotrigla argus,-33.6,151.467
2336695,2336695,Lepidotrigla argus,-33.533,151.45
2336695,2336695,Lepidotrigla argus,-33.583,151.45
2336695,2336695,Lepidotrigla argus,-33.483,151.5
2336695,2336695,Lepidotrigla argus,-33.5,151.517
2336695,2336695,Lepidotrigla argus,-33.433,151.55
2336695,2336695,Lepidotrigla argus,-33.417,151.583
2336695,2336695,Lepidotrigla argus,-33.433,151.583
2336695,2336695,Lepidotrigla argus,-33.5,151.517
2336695,2336695,Lepidotrigla argus,-33.583,151.483
2336695,2336695,Lepidotrigla argus,-33.6,151.467
2336695,2336695,Lepidotrigla argus,-33.367,151.617
2336695,2336695,Lepidotrigla argus,-33.45,151.55
2336695,2336695,Lepidotrigla argus,-33.367,151.617
2336695,2336695,Lepidotrigla argus,-33.433,151.567
2336695,2336695,Lepidotrigla argus,-33.433,151.567
2336695,2336695,Lepidotrigla argus,-33.35,151.633
2336695,2336695,Lepidotrigla argus,-33.333,151.633
2336695,2336695,Lepidotrigla argus,-33.4,151.6
2336695,2336695,Lepidotrigla argus,-33.633,151.467
2336695,2336695,Lepidotrigla argus,-33.65,151.467
2336695,2336695,Lepidotrigla argus,-33.366665,151.59166
2336695,2336695,Lepidotrigla argus,-33.366665,151.59166
2336695,2336695,Lepidotrigla argus,-33.366665,151.59166
2336695,2336695,Lepidotrigla argus,-33.3,151.667
2336695,2336695,Lepidotrigla argus,-33.533,151.517
2336695,2336695,Lepidotrigla argus,-33.333,151.617
2336695,2336695,Lepidotrigla argus,-33.317,151.65
2336695,2336695,Lepidotrigla argus,-33.65,151.467
2336695,2336695,Lepidotrigla argus,-33.35,151.6
2336695,2336695,Lepidotrigla argus,-33.283,151.65
2336695,2336695,Lepidotrigla argus,-33.283,151.65
2336695,2336695,Lepidotrigla argus,-33.367,151.6
2336695,2336695,Lepidotrigla argus,-33.333,151.617
2336695,2336695,Lepidotrigla argus,-33.45,151.55
2336695,2336695,Lepidotrigla argus,-33.367,151.6
2336695,2336695,Lepidotrigla argus,-33.533,151.483
2336695,2336695,Lepidotrigla argus,-33.45,151.533
2336695,2336695,Lepidotrigla argus,-33.5,151.483
2336695,2336695,Lepidotrigla argus,-33.3,151.633
2336695,2336695,Lepidotrigla argus,-33.583,151.45
2336695,2336695,Lepidotrigla argus,-33.367,151.567
2336695,2336695,Lepidotrigla argus,-33.583,151.4
2336695,2336695,Lepidotrigla argus,-33.6,151.4
2336695,2336695,Lepidotrigla argus,-33.6,151.383
2336695,2336695,Lepidotrigla argus,-33.6,151.4
2336695,2336695,Lepidotrigla argus,-33.6,151.4
2336695,2336695,Lepidotrigla argus,-33.617,151.4
2336695,2336695,Lepidotrigla argus,-33.6,151.4
2336695,2336695,Lepidotrigla argus,-33.6,151.4
2336695,2336695,Lepidotrigla argus,-33.6,151.4
2336695,2336695,Lepidotrigla argus,-33.55,151.45
2336695,2336695,Lepidotrigla argus,-33.517,151.45
2336695,2336695,Lepidotrigla argus,-33.55,151.45
2336695,2336695,Lepidotrigla argus,-36.367,150.2
2336695,2336695,Lepidotrigla argus,-36.75,150.067
2336695,2336695,Lepidotrigla argus,-36.517,150.133
2336695,2336695,Lepidotrigla argus,-36.383,150.183
2336695,2336695,Lepidotrigla argus,-36.15,150.217
2336695,2336695,Lepidotrigla argus,-36.567,150.15
2336695,2336695,Lepidotrigla argus,-36.6,150.133
2336695,2336695,Lepidotrigla argus,-36.6,150.133
2336695,2336695,Lepidotrigla argus,-36.75,150.067
2336695,2336695,Lepidotrigla argus,-33.15,151.75
2336695,2336695,Lepidotrigla argus,-33.117,151.75
2336695,2336695,Lepidotrigla argus,-33.083,151.767
2336695,2336695,Lepidotrigla argus,-33.1,151.767
2336695,2336695,Lepidotrigla argus,-33.1,151.75
2336695,2336695,Lepidotrigla argus,-32.933,151.9
2336695,2336695,Lepidotrigla argus,-32.917,151.933
2336695,2336695,Lepidotrigla argus,-32.9,151.933
2336695,2336695,Lepidotrigla argus,-32.917,151.917
2336695,2336695,Lepidotrigla argus,-32.9,151.917
2336695,2336695,Lepidotrigla argus,-32.933,151.9
2336695,2336695,Lepidotrigla argus,-32.9,151.967
2336695,2336695,Lepidotrigla argus,-32.883,152.017
2336695,2336695,Lepidotrigla argus,-32.883,152
2336695,2336695,Lepidotrigla argus,-32.9,151.967
2336695,2336695,Lepidotrigla argus,-32.917,151.933
2336695,2336695,Lepidotrigla argus,-33.217,151.7
2336695,2336695,Lepidotrigla argus,-33.2,151.683
2336695,2336695,Lepidotrigla argus,-33.167,151.717
2336695,2336695,Lepidotrigla argus,-33.183,151.7
2336695,2336695,Lepidotrigla argus,-33.183,151.7
2336695,2336695,Lepidotrigla argus,-32.917,151.983
2336695,2336695,Lepidotrigla argus,-32.883,152.017
2336695,2336695,Lepidotrigla argus,-33.067,151.75
2336695,2336695,Lepidotrigla argus,-32.883,152.017
2336695,2336695,Lepidotrigla argus,-32.9,151.967
2336695,2336695,Lepidotrigla argus,-33.017,151.767
2336695,2336695,Lepidotrigla argus,-33.033,151.767
2336695,2336695,Lepidotrigla argus,-33.033,151.783
2336695,2336695,Lepidotrigla argus,-33.017,151.8
2336695,2336695,Lepidotrigla argus,-32.917,151.95
2336695,2336695,Lepidotrigla argus,-33.083,151.717
2336695,2336695,Lepidotrigla argus,-32.867,152.05
2336695,2336695,Lepidotrigla argus,-32.9,152
2336695,2336695,Lepidotrigla argus,-32.883,152.017
2336695,2336695,Lepidotrigla argus,-33.033,151.733
2336695,2336695,Lepidotrigla argus,-33.05,151.733
2336695,2336695,Lepidotrigla argus,-33.067,151.717
2336695,2336695,Lepidotrigla argus,-32.75,152.25
2336695,2336695,Lepidotrigla argus,-32.783,152.217
2336695,2336695,Lepidotrigla argus,-32.733,152.25
2336695,2336695,Lepidotrigla argus,-32.783,152.217
2336695,2336695,Lepidotrigla argus,-32.733,152.25
2336695,2336695,Lepidotrigla argus,-32.933,151.95
2336695,2336695,Lepidotrigla argus,-32.9,151.983
2336695,2336695,Lepidotrigla argus,-32.883,152
2336695,2336695,Lepidotrigla argus,-32.917,151.95
2336695,2336695,Lepidotrigla argus,-29.867,153.333
2336695,2336695,Lepidotrigla argus,-29.833,153.333
2336695,2336695,Lepidotrigla argus,-29.55,153.4
2336695,2336695,Lepidotrigla argus,-29.583,153.417
2336695,2336695,Lepidotrigla argus,-29.633,153.4
2336695,2336695,Lepidotrigla argus,-29.65,153.383
2336695,2336695,Lepidotrigla argus,-29.633,153.4
2336695,2336695,Lepidotrigla argus,-29.85,153.417
2336695,2336695,Lepidotrigla argus,-29.833,153.433
2336695,2336695,Lepidotrigla argus,-29.8,153.45
2336695,2336695,Lepidotrigla argus,-29.8,153.467
2336695,2336695,Lepidotrigla argus,-29.283,153.483
2336695,2336695,Lepidotrigla argus,-29.833,153.45
2336695,2336695,Lepidotrigla argus,-29.25,153.5
2336695,2336695,Lepidotrigla argus,-29.233,153.517
2336695,2336695,Lepidotrigla argus,-29.233,153.517
2336695,2336695,Lepidotrigla argus,-29.267,153.483
2336695,2336695,Lepidotrigla argus,-29.433,153.567
2336695,2336695,Lepidotrigla argus,-29.4,153.583
2336695,2336695,Lepidotrigla argus,-29.367,153.583
2336695,2336695,Lepidotrigla argus,-29.383,153.6
2336695,2336695,Lepidotrigla argus,-29.333,153.45
2336695,2336695,Lepidotrigla argus,-29.317,153.467
2336695,2336695,Lepidotrigla argus,-29.333,153.45
2336695,2336695,Lepidotrigla argus,-29.25,153.6
2336695,2336695,Lepidotrigla argus,-29.217,153.617
2336695,2336695,Lepidotrigla argus,-29.317,153.5
2336695,2336695,Lepidotrigla argus,-29.2,153.633
2336695,2336695,Lepidotrigla argus,-29.267,153.6
2336695,2336695,Lepidotrigla argus,-29.25,153.617
2336695,2336695,Lepidotrigla argus,-29.417,153.567
2336695,2336695,Lepidotrigla argus,-29.367,153.583
2336695,2336695,Lepidotrigla argus,-29.417,153.583
2336695,2336695,Lepidotrigla argus,-29.383,153.583
2336695,2336695,Lepidotrigla argus,-29.433,153.567
2336695,2336695,Lepidotrigla argus,-29.45,153.55
2336695,2336695,Lepidotrigla argus,-29.417,153.617
2336695,2336695,Lepidotrigla argus,-29.467,153.55
2336695,2336695,Lepidotrigla argus,-29.5,153.533
2336695,10417849,Lepidotrigla argus,-29.8,153.333
2336695,2336695,Lepidotrigla argus,-29.833333,153.333333
2336695,2336695,Lepidotrigla argus,-29.833333,153.333333
2336695,2336695,Lepidotrigla argus,-29.833333,153.333333
2336695,2336695,Lepidotrigla argus,-29.833333,153.333333
2336695,2336695,Lepidotrigla argus,-27.516667,153.666667
2336695,2336695,Lepidotrigla argus,-33.2,151.683
2336695,2336695,Lepidotrigla argus,-33.183,151.717
2336695,2336695,Lepidotrigla argus,-33.133,151.717
2336695,2336695,Lepidotrigla argus,-33.133,151.717
2336695,2336695,Lepidotrigla argus,-33.167,151.717
2336695,2336695,Lepidotrigla argus,-32.9,151.967
2336695,2336695,Lepidotrigla argus,-32.883,151.983
2336695,2336695,Lepidotrigla argus,-32.883,152
2336695,2336695,Lepidotrigla argus,-32.883,151.983
2336695,2336695,Lepidotrigla argus,-32.883,152.017
2336695,2336695,Lepidotrigla argus,-33.2,151.683
2336695,2336695,Lepidotrigla argus,-33.2,151.683
2336695,2336695,Lepidotrigla argus,-33.2,151.683
2336695,2336695,Lepidotrigla argus,-33.2,151.683
2336695,2336695,Lepidotrigla argus,-33.05,151.7
2336695,2336695,Lepidotrigla argus,-33.017,151.75
2336695,2336695,Lepidotrigla argus,-33.017,151.75
2336695,2336695,Lepidotrigla argus,-33.033,151.717
2336695,2336695,Lepidotrigla argus,-32.9,151.983
2336695,2336695,Lepidotrigla argus,-32.933,151.95
2336695,2336695,Lepidotrigla argus,-32.883,152
2336695,2336695,Lepidotrigla argus,-32.883,151.983
2336695,2336695,Lepidotrigla argus,-33.083,151.767
2336695,2336695,Lepidotrigla argus,-33.133,151.733
2336695,2336695,Lepidotrigla argus,-33.117,151.733
2336695,2336695,Lepidotrigla argus,-33.1,151.75
2336695,2336695,Lepidotrigla argus,-33.067,151.767
2336695,2336695,Lepidotrigla argus,-32.9,151.983
2336695,2336695,Lepidotrigla argus,-32.917,151.933
2336695,2336695,Lepidotrigla argus,-32.867,152
2336695,2336695,Lepidotrigla argus,-33.1,151.733
2336695,2336695,Lepidotrigla argus,-32.883,152
2336695,2336695,Lepidotrigla argus,-33.083,151.733
2336695,2336695,Lepidotrigla argus,-33.1,151.733
2336695,2336695,Lepidotrigla argus,-33.05,151.75
2336695,2336695,Lepidotrigla argus,-32.867,151.9
2336695,2336695,Lepidotrigla argus,-33.067,151.75
2336695,2336695,Lepidotrigla argus,-32.833,151.95
2336695,2336695,Lepidotrigla argus,-32.833,151.95
2336695,2336695,Lepidotrigla argus,-32.75,151.233
2336695,2336695,Lepidotrigla argus,-32.75,151.233
2336695,2336695,Lepidotrigla argus,-32.75,151.233
2336695,2336695,Lepidotrigla argus,-32.75,151.233
2336695,2336695,Lepidotrigla argus,-32.867,151.967
2336695,2336695,Lepidotrigla argus,-32.75,151.233
2336695,2336695,Lepidotrigla argus,-32.867,151.967
2336695,2336695,Lepidotrigla argus,-32.883,151.967
2336695,2336695,Lepidotrigla argus,-32.883,151.95
2336695,2336695,Lepidotrigla argus,-29.833,153.417
2336695,2336695,Lepidotrigla argus,-29.8,153.467
2336695,2336695,Lepidotrigla argus,-32.917,151.9
2336695,2336695,Lepidotrigla argus,-29.8,153.45
2336695,2336695,Lepidotrigla argus,-29.8,153.45
2336695,2336695,Lepidotrigla argus,-29.817,153.433
2336695,2336695,Lepidotrigla argus,-29.8,153.333
2336695,2336695,Lepidotrigla argus,-29.85,153.35
2336695,2336695,Lepidotrigla argus,-29.633,153.35
2336695,2336695,Lepidotrigla argus,-29.4,153.567
2336695,2336695,Lepidotrigla argus,-29.367,153.583
2336695,2336695,Lepidotrigla argus,-29.4,153.567
2336695,2336695,Lepidotrigla argus,-29.383,153.583
2336695,2336695,Lepidotrigla argus,-29.5,153.433
2336695,2336695,Lepidotrigla argus,-29.533,153.417
2336695,2336695,Lepidotrigla argus,-29.533,153.417
2336695,2336695,Lepidotrigla argus,-29.533,153.4
2336695,2336695,Lepidotrigla argus,-29.55,153.4
2336695,2336695,Lepidotrigla argus,-29.35,153.567
2336695,2336695,Lepidotrigla argus,-29.383,153.567
2336695,2336695,Lepidotrigla argus,-29.383,153.583
2336695,2336695,Lepidotrigla argus,-29.4,153.583
2336695,2336695,Lepidotrigla argus,-29.383,153.583
2336695,2336695,Lepidotrigla argus,-29.4,153.55
2336695,2336695,Lepidotrigla argus,-29.4,153.583
2336695,2336695,Lepidotrigla argus,-29.383,153.567
2336695,2336695,Lepidotrigla argus,-29.4,153.583
2336695,2336695,Lepidotrigla argus,-29.383,153.583
2336695,2336695,Lepidotrigla argus,-29.3,153.467
2336695,2336695,Lepidotrigla argus,-29.317,153.467
2336695,2336695,Lepidotrigla argus,-29.4,153.467
2336695,2336695,Lepidotrigla argus,-29.367,153.467
2336695,2336695,Lepidotrigla argus,-29.417,153.567
2336695,2336695,Lepidotrigla argus,-29.467,153.55
2336695,2336695,Lepidotrigla argus,-29.45,153.55
2336695,2336695,Lepidotrigla argus,-29.383,153.583
2336695,2336695,Lepidotrigla argus,-29.217,153.533
2336695,2336695,Lepidotrigla argus,-29.233,153.517
2336695,2336695,Lepidotrigla argus,-29.25,153.517
2336695,2336695,Lepidotrigla argus,-29.217,153.517
2336695,2336695,Lepidotrigla argus,-29.217,153.517
2336695,2336695,Lepidotrigla argus,-29.533,153.483
2336695,2336695,Lepidotrigla argus,-29.517,153.533
2336695,2336695,Lepidotrigla argus,-29.567,153.467
2336695,2336695,Lepidotrigla argus,-29.533,153.483
2336695,2336695,Lepidotrigla argus,-29.517,153.55
2336695,2336695,Lepidotrigla argus,-33.167,151.7
2336695,2336695,Lepidotrigla argus,-33.15,151.717
2336695,2336695,Lepidotrigla argus,-33.2,151.683
2336695,2336695,Lepidotrigla argus,-33.2,151.683
2336695,2336695,Lepidotrigla argus,-33.167,151.7
2336695,2336695,Lepidotrigla argus,-33.033,151.717
2336695,2336695,Lepidotrigla argus,-33.067,151.7
2336695,2336695,Lepidotrigla argus,-33.067,151.7
2336695,2336695,Lepidotrigla argus,-33.067,151.7
2336695,2336695,Lepidotrigla argus,-33.117,151.683
2336695,2336695,Lepidotrigla argus,-33.05,151.75
2336695,2336695,Lepidotrigla argus,-33.017,151.8
2336695,2336695,Lepidotrigla argus,-33.033,151.8
2336695,2336695,Lepidotrigla argus,-33.033,151.8
2336695,2336695,Lepidotrigla argus,-33.017,151.8
2336695,2336695,Lepidotrigla argus,-32.883,152
2336695,2336695,Lepidotrigla argus,-32.9,151.967
2336695,2336695,Lepidotrigla argus,-32.867,152
2336695,2336695,Lepidotrigla argus,-32.9,151.967
2336695,2336695,Lepidotrigla argus,-32.917,151.933
2336695,2336695,Lepidotrigla argus,-32.9,151.967
2336695,2336695,Lepidotrigla argus,-32.883,152
2336695,2336695,Lepidotrigla argus,-32.883,152
2336695,2336695,Lepidotrigla argus,-32.883,151.967
2336695,2336695,Lepidotrigla argus,-32.9,151.933
2336695,2336695,Lepidotrigla argus,-32.9,151.9
2336695,2336695,Lepidotrigla argus,-32.867,151.983
2336695,2336695,Lepidotrigla argus,-32.867,151.983
2336695,2336695,Lepidotrigla argus,-32.933,151.917
2336695,2336695,Lepidotrigla argus,-32.9,151.95
2336695,2336695,Lepidotrigla argus,-32.933,151.933
2336695,2336695,Lepidotrigla argus,-32.883,151.983
2336695,2336695,Lepidotrigla argus,-32.933,151.933
2336695,2336695,Lepidotrigla argus,-32.933,151.933
2336695,2336695,Lepidotrigla argus,-32.883,151.983
2336695,2336695,Lepidotrigla argus,-32.9,151.95
2336695,2336695,Lepidotrigla argus,-32.883,151.983
2336695,2336695,Lepidotrigla argus,-32.867,151.967
2336695,2336695,Lepidotrigla argus,-32.867,151.967
2336695,2336695,Lepidotrigla argus,-32.867,151.967
2336695,2336695,Lepidotrigla argus,-32.867,151.967
2336695,2336695,Lepidotrigla argus,-32.867,151.967
2336695,2336695,Lepidotrigla argus,-32.767,152.2
2336695,2336695,Lepidotrigla argus,-32.733,152.25
2336695,2336695,Lepidotrigla argus,-32.767,152.217
2336695,2336695,Lepidotrigla argus,-32.733,152.233
2336695,2336695,Lepidotrigla argus,-32.733,152.25
2336695,2336695,Lepidotrigla argus,-29.833,153.417
2336695,2336695,Lepidotrigla argus,-29.8,153.45
2336695,2336695,Lepidotrigla argus,-29.817,153.433
2336695,2336695,Lepidotrigla argus,-29.833,153.433
2336695,2336695,Lepidotrigla argus,-29.8,153.45
2336695,2336695,Lepidotrigla argus,-29.583,153.417
2336695,2336695,Lepidotrigla argus,-29.533,153.417
2336695,2336695,Lepidotrigla argus,-29.633,153.383
2336695,2336695,Lepidotrigla argus,-29.633,153.383
2336695,2336695,Lepidotrigla argus,-29.617,153.4
2336695,2336695,Lepidotrigla argus,-29.25,153.5
2336695,2336695,Lepidotrigla argus,-29.3,153.483
2336695,2336695,Lepidotrigla argus,-29.3,153.483
2336695,2336695,Lepidotrigla argus,-29.317,153.483
2336695,2336695,Lepidotrigla argus,-29.3,153.483
2336695,2336695,Lepidotrigla argus,-29.5,153.55
2336695,2336695,Lepidotrigla argus,-29.467,153.567
2336695,2336695,Lepidotrigla argus,-29.433,153.583
2336695,2336695,Lepidotrigla argus,-29.417,153.6
2336695,2336695,Lepidotrigla argus,-29.467,153.55
2336695,2336695,Lepidotrigla argus,-29.433,153.55
2336695,2336695,Lepidotrigla argus,-29.383,153.467
2336695,2336695,Lepidotrigla argus,-29.383,153.483
2336695,2336695,Lepidotrigla argus,-29.383,153.5
2336695,2336695,Lepidotrigla argus,-29.383,153.467
2336695,2336695,Lepidotrigla argus,-29.383,153.467
2336695,2336695,Lepidotrigla argus,-29.433,153.55
2336695,2336695,Lepidotrigla argus,-29.467,153.55
2336695,2336695,Lepidotrigla argus,-29.45,153.583
2336695,2336695,Lepidotrigla argus,-29.467,153.55
2336695,2336695,Lepidotrigla argus,-29.45,153.6
2336695,2336695,Lepidotrigla argus,-29.417,153.567
2336695,2336695,Lepidotrigla argus,-29.4,153.583
2336695,2336695,Lepidotrigla argus,-29.483,153.55
2336695,2336695,Lepidotrigla argus,-29.45,153.583
2336695,2336695,Lepidotrigla argus,-29.833,153.333
2336695,2336695,Lepidotrigla argus,-29.8,153.333
2336695,2336695,Lepidotrigla argus,-29.167,153.65
2336695,2336695,Lepidotrigla argus,-29.167,153.633
2336695,2336695,Lepidotrigla argus,-29.2,153.633
2336695,2336695,Lepidotrigla argus,-29.25,153.617
2336695,2336695,Lepidotrigla argus,-29.267,153.6
2336695,2336695,Lepidotrigla argus,-27.483333,153.6
2336695,2336695,Lepidotrigla argus,-32.85,151.917
2336695,2336695,Lepidotrigla argus,-33.15,151.75
2336695,2336695,Lepidotrigla argus,-33.117,151.767
2336695,2336695,Lepidotrigla argus,-33.117,151.767
2336695,2336695,Lepidotrigla argus,-33.117,151.75
2336695,2336695,Lepidotrigla argus,-33.1,151.75
2336695,2336695,Lepidotrigla argus,-33.083,151.717
2336695,2336695,Lepidotrigla argus,-33.067,151.717
2336695,2336695,Lepidotrigla argus,-33.067,151.717
2336695,2336695,Lepidotrigla argus,-33.067,151.717
2336695,2336695,Lepidotrigla argus,-33.033,151.733
2336695,2336695,Lepidotrigla argus,-33.233,151.683
2336695,2336695,Lepidotrigla argus,-33.2,151.683
2336695,2336695,Lepidotrigla argus,-33.183,151.7
2336695,2336695,Lepidotrigla argus,-33.167,151.717
2336695,2336695,Lepidotrigla argus,-33.183,151.7
2336695,2336695,Lepidotrigla argus,-33.083,151.75
2336695,2336695,Lepidotrigla argus,-33.1,151.733
2336695,2336695,Lepidotrigla argus,-33.083,151.75
2336695,2336695,Lepidotrigla argus,-33.05,151.767
2336695,2336695,Lepidotrigla argus,-33.033,151.767
2336695,2336695,Lepidotrigla argus,-32.917,151.95
2336695,2336695,Lepidotrigla argus,-32.9,151.967
2336695,2336695,Lepidotrigla argus,-32.867,152.017
2336695,2336695,Lepidotrigla argus,-32.933,151.933
2336695,2336695,Lepidotrigla argus,-32.867,152.033
2336695,2336695,Lepidotrigla argus,-32.9,152
2336695,2336695,Lepidotrigla argus,-32.917,151.95
2336695,2336695,Lepidotrigla argus,-32.783,152.2
2336695,2336695,Lepidotrigla argus,-32.867,151.95
2336695,2336695,Lepidotrigla argus,-32.767,152.233
2336695,2336695,Lepidotrigla argus,-32.767,152.233
2336695,2336695,Lepidotrigla argus,-32.733,152.267
2336695,2336695,Lepidotrigla argus,-32.733,152.25
2336695,2336695,Lepidotrigla argus,-32.883,152
2336695,2336695,Lepidotrigla argus,-32.917,151.95
2336695,2336695,Lepidotrigla argus,-32.867,152.017
2336695,2336695,Lepidotrigla argus,-32.917,151.917
2336695,2336695,Lepidotrigla argus,-32.933,151.867
2336695,2336695,Lepidotrigla argus,-32.9,152
2336695,2336695,Lepidotrigla argus,-32.883,151.95
2336695,2336695,Lepidotrigla argus,-32.9,151.933
2336695,2336695,Lepidotrigla argus,-32.883,151.967
2336695,2336695,Lepidotrigla argus,-32.85,151.933
2336695,2336695,Lepidotrigla argus,-32.833,151.95
2336695,2336695,Lepidotrigla argus,-32.867,151.917
2336695,2336695,Lepidotrigla argus,-32.883,152.033
2336695,2336695,Lepidotrigla argus,-32.9,151.983
2336695,2336695,Lepidotrigla argus,-29.5,153.45
2336695,2336695,Lepidotrigla argus,-29.533,153.433
2336695,2336695,Lepidotrigla argus,-29.517,153.433
2336695,2336695,Lepidotrigla argus,-29.55,153.417
2336695,2336695,Lepidotrigla argus,-29.467,153.55
2336695,2336695,Lepidotrigla argus,-29.433,153.567
2336695,2336695,Lepidotrigla argus,-29.417,153.567
2336695,2336695,Lepidotrigla argus,-29.417,153.583
2336695,2336695,Lepidotrigla argus,-29.833,153.417
2336695,2336695,Lepidotrigla argus,-29.8,153.433
2336695,2336695,Lepidotrigla argus,-29.817,153.45
2336695,2336695,Lepidotrigla argus,-29.817,153.45
2336695,2336695,Lepidotrigla argus,-29.8,153.45
2336695,2336695,Lepidotrigla argus,-29.65,153.383
2336695,2336695,Lepidotrigla argus,-29.633,153.4
2336695,2336695,Lepidotrigla argus,-29.583,153.417
2336695,2336695,Lepidotrigla argus,-29.567,153.417
2336695,2336695,Lepidotrigla argus,-29.583,153.417
2336695,2336695,Lepidotrigla argus,-29.233,153.617
2336695,2336695,Lepidotrigla argus,-29.217,153.633
2336695,2336695,Lepidotrigla argus,-29.217,153.633
2336695,2336695,Lepidotrigla argus,-29.25,153.617
2336695,2336695,Lepidotrigla argus,-29.283,153.583
2336695,2336695,Lepidotrigla argus,-29.433,153.583
2336695,2336695,Lepidotrigla argus,-29.4,153.6
2336695,2336695,Lepidotrigla argus,-29.4,153.6
2336695,2336695,Lepidotrigla argus,-29.433,153.567
2336695,2336695,Lepidotrigla argus,-29.233,153.517
2336695,2336695,Lepidotrigla argus,-29.25,153.517
2336695,2336695,Lepidotrigla argus,-29.283,153.5
2336695,2336695,Lepidotrigla argus,-29.283,153.517
2336695,2336695,Lepidotrigla argus,-29.283,153.517
2336695,2336695,Lepidotrigla argus,-29.783,153.333
2336695,2336695,Lepidotrigla argus,-29.85,153.333
2336695,2336695,Lepidotrigla argus,-29.467,153.533
2336695,2336695,Lepidotrigla argus,-29.433,153.55
2336695,2336695,Lepidotrigla argus,-29.467,153.533
2336695,2336695,Lepidotrigla argus,-29.433,153.567
2336695,2336695,Lepidotrigla argus,-29.483,153.55
2336695,2336695,Lepidotrigla argus,-37.295,149.991667
2336695,2336695,Lepidotrigla argus,-37.295,149.991667
2336695,2336695,Lepidotrigla argus,-35.217,150.633
2336695,2336695,Lepidotrigla argus,-35.217,150.717
2336695,2336695,Lepidotrigla argus,-35.217,150.683
2336695,2336695,Lepidotrigla argus,-35.217,150.617
2336695,2336695,Lepidotrigla argus,-36.617,150.067
2336695,2336695,Lepidotrigla argus,-36.717,150.017
2336695,2336695,Lepidotrigla argus,-36.717,150.017
2336695,2336695,Lepidotrigla argus,-36.65,150.05
2336695,2336695,Lepidotrigla argus,-33.117,151.933
2336695,2336695,Lepidotrigla argus,-33,151.767
2336695,2336695,Lepidotrigla argus,-33.067,151.717
2336695,2336695,Lepidotrigla argus,-33.05,151.717
2336695,2336695,Lepidotrigla argus,-33,151.767
2336695,2336695,Lepidotrigla argus,-37.295,149.991667
2336695,2336695,Lepidotrigla argus,-37.295,149.991667
2336695,2336695,Lepidotrigla argus,-35.217,150.683
2336695,2336695,Lepidotrigla argus,-35.217,150.617
2336695,2336695,Lepidotrigla argus,-35.217,150.633
2336695,2336695,Lepidotrigla argus,-35.2,150.717
2336695,2336695,Lepidotrigla argus,-36.7,150.033
2336695,2336695,Lepidotrigla argus,-36.633,150.05
2336695,2336695,Lepidotrigla argus,-36.683,150.033
2336695,2336695,Lepidotrigla argus,-36.617,150.067
2336695,2336695,Lepidotrigla argus,-33.033,151.733
2336695,2336695,Lepidotrigla argus,-33.05,151.717
2336695,2336695,Lepidotrigla argus,-35.2,150.683
2336695,2336695,Lepidotrigla argus,-35.217,150.633
2336695,2336695,Lepidotrigla argus,-35.217,150.633
2336695,2336695,Lepidotrigla argus,-35.2,150.7
2336695,2336695,Lepidotrigla argus,-35.617,150.45
2336695,2336695,Lepidotrigla argus,-35.6,150.45
2336695,2336695,Lepidotrigla argus,-35.2,150.633
2336695,2336695,Lepidotrigla argus,-35.2,150.717
2336695,2336695,Lepidotrigla argus,-35.2,150.7
2336695,2336695,Lepidotrigla argus,-36.633,150.05
2336695,2336695,Lepidotrigla argus,-35.217,150.617
2336695,2336695,Lepidotrigla argus,-36.7,150.017
2336695,2336695,Lepidotrigla argus,-36.617,150.067
2336695,2336695,Lepidotrigla argus,-36.7,150.033
2336695,2336695,Lepidotrigla argus,-33,151.767
2336695,2336695,Lepidotrigla argus,-33.067,151.733
2336695,2336695,Lepidotrigla argus,-33.05,151.733
2336695,2336695,Lepidotrigla argus,-33,151.783
2336695,2336695,Lepidotrigla argus,-35.633,150.483
2336695,2336695,Lepidotrigla argus,-35.733,150.4
2336695,2336695,Lepidotrigla argus,-35.633,150.45
2336695,2336695,Lepidotrigla argus,-33.05,151.733
2336695,2336695,Lepidotrigla argus,-33,151.767
2336695,2336695,Lepidotrigla argus,-33.017,151.767
2336695,2336695,Lepidotrigla argus,-33.083,151.717
2336695,2336695,Lepidotrigla argus,-33.05,151.733
2336695,2336695,Lepidotrigla argus,-32.983,151.767
2336695,2336695,Lepidotrigla argus,-35.2,150.633
2336695,2336695,Lepidotrigla argus,-35.2,150.717
2336695,2336695,Lepidotrigla argus,-35.2,150.7
2336695,2336695,Lepidotrigla argus,-35.217,150.617
2336695,2336695,Lepidotrigla argus,-35.2,150.7
2336695,2336695,Lepidotrigla argus,-35.217,150.617
2336695,2336695,Lepidotrigla argus,-35.217,150.633
2336695,2336695,Lepidotrigla argus,-35.2,150.717
2336695,2336695,Lepidotrigla argus,-33.05,151.717
2336695,2336695,Lepidotrigla argus,-36.617,150.05
2336695,2336695,Lepidotrigla argus,-35.733,150.383
2336695,2336695,Lepidotrigla argus,-33.05,151.733
2336695,2336695,Lepidotrigla argus,-33,151.767
2336695,2336695,Lepidotrigla argus,-35.217,150.717
2336695,2336695,Lepidotrigla argus,-35.217,150.633
2336695,2336695,Lepidotrigla argus,-33.067,151.717
2336695,2336695,Lepidotrigla argus,-35.2,150.7
2336695,2336695,Lepidotrigla argus,-35.217,150.633
2336695,2336695,Lepidotrigla argus,-32.983,151.767
2336695,2336695,Lepidotrigla argus,-33.05,151.733
2336695,2336695,Lepidotrigla argus,-33,151.767
2336695,2336695,Lepidotrigla argus,-33.067,151.717
2336695,2336695,Lepidotrigla argus,-35.217,150.617
2336695,2336695,Lepidotrigla argus,-35.217,150.633
2336695,2336695,Lepidotrigla argus,-35.217,150.633
2336695,2336695,Lepidotrigla argus,-35.217,150.633
2336695,2336695,Lepidotrigla argus,-35.2,150.7
2336695,2336695,Lepidotrigla argus,-35.217,150.7
2336695,2336695,Lepidotrigla argus,-35.2,150.683
2336695,2336695,Lepidotrigla argus,-35.217,150.617
2336695,2336695,Lepidotrigla argus,-35.2,150.7
2336695,2336695,Lepidotrigla argus,-35.217,150.633
2336695,2336695,Lepidotrigla argus,-36.667,150.033
2336695,2336695,Lepidotrigla argus,-36.617,150.067
2336695,2336695,Lepidotrigla argus,-33.067,151.717
2336695,2336695,Lepidotrigla argus,-33,151.75
2336695,2336695,Lepidotrigla argus,-36.65,150.05
2336695,2336695,Lepidotrigla argus,-36.717,150.033
2336695,2336695,Lepidotrigla argus,-33.05,151.717
2336695,2336695,Lepidotrigla argus,-33,151.767
2336695,2336695,Lepidotrigla argus,-32.983,151.783
2336695,2336695,Lepidotrigla argus,-33.033,151.733
2336695,2336695,Lepidotrigla argus,-32.983,151.783
2336695,2336695,Lepidotrigla argus,-33,151.767
2336695,2336695,Lepidotrigla argus,-33.05,151.717
2336695,2336695,Lepidotrigla argus,-35.217,150.667
2336695,2336695,Lepidotrigla argus,-35.2,150.667
2336695,2336695,Lepidotrigla argus,-35.217,150.633
2336695,2336695,Lepidotrigla argus,-35.2,150.733
2336695,2336695,Lepidotrigla argus,-36.6,150.067
2336695,2336695,Lepidotrigla argus,-36.617,150.067
2336695,2336695,Lepidotrigla argus,-33.083,151.933
2336695,2336695,Lepidotrigla argus,-35.2,150.7
2336695,2336695,Lepidotrigla argus,-33,151.767
2336695,2336695,Lepidotrigla argus,-33.067,151.717
2336695,2336695,Lepidotrigla argus,-33.05,151.717
2336695,2336695,Lepidotrigla argus,-35.2,150.617
2336695,2336695,Lepidotrigla argus,-35.217,150.683
2336695,2336695,Lepidotrigla argus,-35.217,150.683
2336695,2336695,Lepidotrigla argus,-35.217,150.617
2336695,2336695,Lepidotrigla argus,-36.617,150.067
2336695,2336695,Lepidotrigla argus,-33.05,151.733
2336695,2336695,Lepidotrigla argus,-32.983,151.783
2336695,2336695,Lepidotrigla argus,-32.983,151.783
2336695,2336695,Lepidotrigla argus,-33.067,151.733
2336695,2336695,Lepidotrigla argus,-37.278333,149.991667
2336695,2336695,Lepidotrigla argus,-37.278333,149.991667
2336695,2336695,Lepidotrigla argus,-36.366667,150.145
2336695,2336695,Lepidotrigla argus,-37.2783,149.992
2336695,2336695,Lepidotrigla argus,-37.2717,149.965
2336695,2336695,Lepidotrigla argus,-37.3833,149.973
2336695,2336695,Lepidotrigla argus,-36.9417,150.197
2336695,2336695,Lepidotrigla argus,-35.217,150.633
2336695,2336695,Lepidotrigla argus,-35.217,150.633
2336695,2336695,Lepidotrigla argus,-35.2,150.733
2336695,2336695,Lepidotrigla argus,-35.217,150.7
2336695,2336695,Lepidotrigla argus,-36.683,150.033
2336695,2336695,Lepidotrigla argus,-36.617,150.067
2336695,2336695,Lepidotrigla argus,-36.617,150.05
2336695,2336695,Lepidotrigla argus,-36.683,150.033
2336695,2336695,Lepidotrigla argus,-33.033,151.733
2336695,2336695,Lepidotrigla argus,-33,151.767
2336695,2336695,Lepidotrigla argus,-32.983,151.783
2336695,2336695,Lepidotrigla argus,-33.067,151.733
2336695,2336695,Lepidotrigla argus,-36.617,150.067
2336695,2336695,Lepidotrigla argus,-37.278333,149.991667
2336695,2336695,Lepidotrigla argus,-36.366667,150.145
2336695,2336695,Lepidotrigla argus,-37.278333,149.991667
2336695,2336695,Lepidotrigla argus,-35.2,150.683
2336695,2336695,Lepidotrigla argus,-35.217,150.633
2336695,2336695,Lepidotrigla argus,-35.217,150.633
2336695,2336695,Lepidotrigla argus,-35.217,150.7
2336695,2336695,Lepidotrigla argus,-33.067,151.717
2336695,2336695,Lepidotrigla argus,-33.017,151.767
2336695,2336695,Lepidotrigla argus,-33,151.767
2336695,2336695,Lepidotrigla argus,-33.067,151.717
2336695,2336695,Lepidotrigla argus,-35.217,150.7
2336695,2336695,Lepidotrigla argus,-35.217,150.633
2336695,2336695,Lepidotrigla argus,-35.217,150.633
2336695,2336695,Lepidotrigla argus,-35.2,150.717
2336695,2336695,Lepidotrigla argus,-35.217,150.7
2336695,2336695,Lepidotrigla argus,-35.217,150.633
2336695,2336695,Lepidotrigla argus,-35.217,150.7
2336695,2336695,Lepidotrigla argus,-35.217,150.617
2336695,2336695,Lepidotrigla argus,-32.983,151.767
2336695,2336695,Lepidotrigla argus,-33.05,151.733
2336695,2336695,Lepidotrigla argus,-32.983,151.783
2336695,2336695,Lepidotrigla argus,-33.05,151.733
2336695,2336695,Lepidotrigla argus,-36.717,150.017
2336695,2336695,Lepidotrigla argus,-36.667,150.033
2336695,2336695,Lepidotrigla argus,-36.617,150.05
2336695,2336695,Lepidotrigla argus,-36.7,150.017
2336695,2336695,Lepidotrigla argus,-36.633,150.05
2336695,2336695,Lepidotrigla argus,-36.683,150.033
2336695,2336695,Lepidotrigla argus,-36.633,150.067
2336695,2336695,Lepidotrigla argus,-36.7,150.033
2336695,2336695,Lepidotrigla argus,-28.592,153.575
2336695,2336695,Lepidotrigla argus,-29.417,153.583
2336695,2336695,Lepidotrigla argus,-29.417,153.583
2336695,2336695,Lepidotrigla argus,-29.417,153.583
2336695,2336695,Lepidotrigla argus,-29.417,153.583
2336695,2336695,Lepidotrigla argus,-28.4,153.667
2336695,2336695,Lepidotrigla argus,-28.4,153.667
2336695,2336695,Lepidotrigla argus,-28.4,153.667
2336695,2336695,Lepidotrigla argus,-28.4,153.667
2336695,2336695,Lepidotrigla argus,-28.4,153.667
2336695,2336695,Lepidotrigla argus,-28.4,153.667
2336695,2336695,Lepidotrigla argus,-28.4,153.667
2336695,2336695,Lepidotrigla argus,-28.4,153.667
2336695,2336695,Lepidotrigla argus,-28.4,153.667
2336695,2336695,Lepidotrigla argus,-28.4,153.667
2336695,2336695,Lepidotrigla argus,-28.4,153.667
2336695,2336695,Lepidotrigla argus,-28.4,153.667
2336695,2336695,Lepidotrigla argus,-29.417,153.583
2336695,2336695,Lepidotrigla argus,-29.417,153.583
2336695,2336695,Lepidotrigla argus,-29.417,153.583
2336695,2336695,Lepidotrigla argus,-29.417,153.583
2336695,2336695,Lepidotrigla argus,-29.417,153.583
2336695,2336695,Lepidotrigla argus,-29.417,153.583
2336695,2336695,Lepidotrigla argus,-29.433,153.567
2336695,2336695,Lepidotrigla argus,-29.417,153.583
2336695,2336695,Lepidotrigla argus,-29.417,153.583
2336695,2336695,Lepidotrigla argus,-29.417,153.583
2336695,2336695,Lepidotrigla argus,-29.417,153.583
2336695,2336695,Lepidotrigla argus,-32.917,151.983
2336695,2336695,Lepidotrigla argus,-32.917,151.983
2336695,2336695,Lepidotrigla argus,-32.917,151.983
2336695,2336695,Lepidotrigla argus,-32.917,151.983
2336695,2336695,Lepidotrigla argus,-32.917,151.983
2336695,2336695,Lepidotrigla argus,-32.917,151.983
2336695,2336695,Lepidotrigla argus,-32.917,151.983
2336695,2336695,Lepidotrigla argus,-32.917,151.983
2336695,2336695,Lepidotrigla argus,-32.917,151.983
2336695,2336695,Lepidotrigla argus,-32.917,151.983
2336695,2336695,Lepidotrigla argus,-32.917,151.983
2336695,2336695,Lepidotrigla argus,-32.917,151.983
2336695,2336695,Lepidotrigla argus,-32.917,151.983
2336695,2336695,Lepidotrigla argus,-32.917,151.983
2336695,2336695,Lepidotrigla argus,-31.942,152.858
2336695,2336695,Lepidotrigla argus,-31.917,152.85
2336695,2336695,Lepidotrigla argus,-31.917,152.85
2336695,2336695,Lepidotrigla argus,-31.917,152.85
2336695,2336695,Lepidotrigla argus,-31.917,152.85
2336695,2336695,Lepidotrigla argus,-31.917,152.85
2336695,2336695,Lepidotrigla argus,-31.917,152.85
2336695,2336695,Lepidotrigla argus,-31.917,152.85
2336695,2336695,Lepidotrigla argus,-31.917,152.85
2336695,2336695,Lepidotrigla argus,-31.917,152.85
2336695,2336695,Lepidotrigla argus,-31.917,152.85
2336695,2336695,Lepidotrigla argus,-31.917,152.85
2336695,2336695,Lepidotrigla argus,-31.917,152.85
2336695,2336695,Lepidotrigla argus,-33.708,151.533
2336695,2336695,Lepidotrigla argus,-32.3,152.783
2336695,2336695,Lepidotrigla argus,-32.3,152.783
2336695,2336695,Lepidotrigla argus,-32.3,152.783
2336695,2336695,Lepidotrigla argus,-32.167,152.6
2336695,2336695,Lepidotrigla argus,-32.167,152.6
2336695,2336695,Lepidotrigla argus,-32.167,152.6
2336695,2336695,Lepidotrigla argus,-32.167,152.6
2336695,2336695,Lepidotrigla argus,-32.167,152.6
2336695,2336695,Lepidotrigla argus,-33,151.77
2336695,2336695,Lepidotrigla argus,-32.27,152.8
2336695,2336695,Lepidotrigla argus,-32.15,152.6
2336695,2336695,Lepidotrigla argus,-32.3,152.783
2336695,2336695,Lepidotrigla argus,-32.3,152.783
2336695,2336695,Lepidotrigla argus,-32.3,152.783
2336695,2336695,Lepidotrigla argus,-32.3,152.783
2336695,2336695,Lepidotrigla argus,-32.167,152.6
2336695,2336695,Lepidotrigla argus,-32.3,152.783
2336695,2336695,Lepidotrigla argus,-32.167,152.6
2336695,2336695,Lepidotrigla argus,-33.05,151.75
2336695,2336695,Lepidotrigla argus,-33.05,151.75
2336695,2336695,Lepidotrigla argus,-33.05,151.75
2336695,2336695,Lepidotrigla argus,-33.05,151.75
2336695,2336695,Lepidotrigla argus,-32.167,152.6
2336695,2336695,Lepidotrigla argus,-33.05,151.75
2336695,2336695,Lepidotrigla argus,-32.167,152.6
2336695,2336695,Lepidotrigla argus,-32.167,152.6
2336695,2336695,Lepidotrigla argus,-32.167,152.6
2336695,2336695,Lepidotrigla argus,-33.05,151.75
2336695,2336695,Lepidotrigla argus,-32.167,152.6
2336695,2336695,Lepidotrigla argus,-33.05,151.75
2336695,2336695,Lepidotrigla argus,-33.05,151.75
2336695,2336695,Lepidotrigla argus,-32.85,151.88333
2336695,2336695,Lepidotrigla argus,-29.417,153.583
2336695,2336695,Lepidotrigla argus,-29.417,153.583
2336695,2336695,Lepidotrigla argus,-29.417,153.583
2336695,2336695,Lepidotrigla argus,-29.417,153.583
2336695,2336695,Lepidotrigla argus,-29.417,153.583
2336695,2336695,Lepidotrigla argus,-29.417,153.583
2336695,2336695,Lepidotrigla argus,-29.417,153.583
2336695,2336695,Lepidotrigla argus,-29.417,153.583
2336695,2336695,Lepidotrigla argus,-29.383,153.383
2336695,2336695,Lepidotrigla argus,-29.417,153.583
2336695,2336695,Lepidotrigla argus,-29.417,153.583
2336695,2336695,Lepidotrigla argus,-29.417,153.583
2336695,2336695,Lepidotrigla argus,-29.417,153.583
2336695,2336695,Lepidotrigla argus,-28.45,153.833
2336695,2336695,Lepidotrigla argus,-28.4,153.667
2336695,2336695,Lepidotrigla argus,-28.4,153.667
2336695,2336695,Lepidotrigla argus,-28.4,153.667
2336695,2336695,Lepidotrigla argus,-28.4,153.667
2336695,2336695,Lepidotrigla argus,-28.4,153.667
2336695,2336695,Lepidotrigla argus,-28.4,153.667
2336695,2336695,Lepidotrigla argus,-28.4,153.667
2336695,2336695,Lepidotrigla argus,-28.4,153.667
2336695,2336695,Lepidotrigla argus,-28.4,153.667
2336695,2336695,Lepidotrigla argus,-28.4,153.667
2336695,2336695,Lepidotrigla argus,-28.4,153.667
2336695,2336695,Lepidotrigla argus,-28.4,153.667
2336695,2336695,Lepidotrigla argus,-32.917,151.983
2336695,2336695,Lepidotrigla argus,-32.917,151.983
2336695,2336695,Lepidotrigla argus,-32.917,151.983
2336695,2336695,Lepidotrigla argus,-32.917,151.983
2336695,2336695,Lepidotrigla argus,-32.917,151.983
2336695,2336695,Lepidotrigla argus,-32.917,151.983
2336695,2336695,Lepidotrigla argus,-32.917,151.983
2336695,2336695,Lepidotrigla argus,-32.917,151.983
2336695,2336695,Lepidotrigla argus,-32.917,151.983
2336695,2336695,Lepidotrigla argus,-32.917,151.983
2336695,2336695,Lepidotrigla argus,-32.917,151.983
2336695,2336695,Lepidotrigla argus,-32.917,151.983
2336695,2336695,Lepidotrigla argus,-31.917,152.85
2336695,2336695,Lepidotrigla argus,-32.267,152.667
2336695,2336695,Lepidotrigla argus,-31.917,152.85
2336695,2336695,Lepidotrigla argus,-31.917,152.85
2336695,2336695,Lepidotrigla argus,-31.917,152.85
2336695,2336695,Lepidotrigla argus,-31.917,152.85
2336695,2336695,Lepidotrigla argus,-31.917,152.85
2336695,2336695,Lepidotrigla argus,-31.917,152.85
2336695,2336695,Lepidotrigla argus,-31.917,152.85
2336695,2336695,Lepidotrigla argus,-31.917,152.85
2336695,2336695,Lepidotrigla argus,-31.917,152.85
2336695,2336695,Lepidotrigla argus,-31.917,152.85
2336695,2336695,Lepidotrigla argus,-31.917,152.85
2336695,2336695,Lepidotrigla argus,-32.9,151.983
2336695,2336695,Lepidotrigla argus,-32.933,151.95
2336695,2336695,Lepidotrigla argus,-32.867,152
2336695,2336695,Lepidotrigla argus,-32.9,151.983
2336695,2336695,Lepidotrigla argus,-32.917,151.967
2336695,2336695,Lepidotrigla argus,-32.883,151.983
2336695,2336695,Lepidotrigla argus,-32.917,151.967
2336695,2336695,Lepidotrigla argus,-32.917,151.95
2336695,2336695,Lepidotrigla argus,-32.9,151.967
2336695,2336695,Lepidotrigla argus,-32.917,151.95
2336695,2336695,Lepidotrigla argus,-32.867,152
2336695,2336695,Lepidotrigla argus,-32.883,151.967
2336695,2336695,Lepidotrigla argus,-32.95,151.917
2336695,2336695,Lepidotrigla argus,-29.417,153.583
2336695,2336695,Lepidotrigla argus,-29.417,153.583
2336695,2336695,Lepidotrigla argus,-29.417,153.583
2336695,2336695,Lepidotrigla argus,-29.417,153.583
2336695,2336695,Lepidotrigla argus,-29.417,153.583
2336695,2336695,Lepidotrigla argus,-29.417,153.583
2336695,2336695,Lepidotrigla argus,-29.417,153.583
2336695,2336695,Lepidotrigla argus,-29.417,153.583
2336695,2336695,Lepidotrigla argus,-29.4,153.767
2336695,2336695,Lepidotrigla argus,-29.417,153.583
2336695,2336695,Lepidotrigla argus,-29.417,153.583
2336695,2336695,Lepidotrigla argus,-29.417,153.583
2336695,2336695,Lepidotrigla argus,-29.417,153.583
2336695,2336695,Lepidotrigla argus,-28.4,153.667
2336695,2336695,Lepidotrigla argus,-28.4,153.667
2336695,2336695,Lepidotrigla argus,-28.4,153.667
2336695,2336695,Lepidotrigla argus,-28.4,153.667
2336695,2336695,Lepidotrigla argus,-28.4,153.667
2336695,2336695,Lepidotrigla argus,-28.4,153.667
2336695,2336695,Lepidotrigla argus,-28.4,153.667
2336695,2336695,Lepidotrigla argus,-28.4,153.667
2336695,2336695,Lepidotrigla argus,-28.4,153.667
2336695,2336695,Lepidotrigla argus,-28.4,153.667
2336695,2336695,Lepidotrigla argus,-28.4,153.667
2336695,2336695,Lepidotrigla argus,-28.567,153.633
2336695,2336695,Lepidotrigla argus,-28.4,153.667
2336695,2336695,Lepidotrigla argus,-31.917,152.85
2336695,2336695,Lepidotrigla argus,-31.917,152.85
2336695,2336695,Lepidotrigla argus,-31.917,152.85
2336695,2336695,Lepidotrigla argus,-31.917,152.85
2336695,2336695,Lepidotrigla argus,-32.917,151.983
2336695,2336695,Lepidotrigla argus,-32.917,151.983
2336695,2336695,Lepidotrigla argus,-32.917,151.983
2336695,2336695,Lepidotrigla argus,-32.917,151.983
2336695,2336695,Lepidotrigla argus,-31.917,152.85
2336695,2336695,Lepidotrigla argus,-31.917,152.85
2336695,2336695,Lepidotrigla argus,-31.917,152.85
2336695,2336695,Lepidotrigla argus,-31.917,152.85
2336695,2336695,Lepidotrigla argus,-31.917,152.85
2336695,2336695,Lepidotrigla argus,-31.917,152.85
2336695,2336695,Lepidotrigla argus,-31.917,152.85
2336695,2336695,Lepidotrigla argus,-31.917,152.85
2336695,2336695,Lepidotrigla argus,-32.917,151.983
2336695,2336695,Lepidotrigla argus,-32.917,151.983
2336695,2336695,Lepidotrigla argus,-32.917,151.983
2336695,2336695,Lepidotrigla argus,-32.917,151.983
2336695,2336695,Lepidotrigla argus,-32.917,151.983
2336695,2336695,Lepidotrigla argus,-32.917,151.983
2336695,2336695,Lepidotrigla argus,-32.917,151.983
2336695,2336695,Lepidotrigla argus,-32.917,151.983
2336695,2336695,Lepidotrigla argus,-32.917,151.983
2336695,2336695,Lepidotrigla argus,-32.917,151.983
2336695,2336695,Lepidotrigla argus,-28.4,153.667
2336695,2336695,Lepidotrigla argus,-28.4,153.667
2336695,2336695,Lepidotrigla argus,-28.4,153.667
2336695,2336695,Lepidotrigla argus,-28.4,153.667
2336695,2336695,Lepidotrigla argus,-28.4,153.667
2336695,2336695,Lepidotrigla argus,-28.4,153.667
2336695,2336695,Lepidotrigla argus,-28.4,153.667
2336695,2336695,Lepidotrigla argus,-28.4,153.667
2336695,2336695,Lepidotrigla argus,-28.4,153.667
2336695,2336695,Lepidotrigla argus,-28.4,153.667
2336695,2336695,Lepidotrigla argus,-28.4,153.667
2336695,2336695,Lepidotrigla argus,-28.4,153.667
2336695,2336695,Lepidotrigla argus,-29.417,153.583
2336695,2336695,Lepidotrigla argus,-29.417,153.583
2336695,2336695,Lepidotrigla argus,-29.417,153.583
2336695,2336695,Lepidotrigla argus,-29.417,153.583
2336695,2336695,Lepidotrigla argus,-29.417,153.583
2336695,2336695,Lepidotrigla argus,-29.417,153.583
2336695,2336695,Lepidotrigla argus,-29.417,153.583
2336695,2336695,Lepidotrigla argus,-29.417,153.583
2336695,2336695,Lepidotrigla argus,-29.417,153.583
2336695,2336695,Lepidotrigla argus,-29.417,153.583
2336695,2336695,Lepidotrigla argus,-29.417,153.583
2336695,2336695,Lepidotrigla argus,-29.417,153.583
2336695,2336695,Lepidotrigla argus,-29.417,153.583
2336695,2336695,Lepidotrigla argus,-29.417,153.583
2336695,2336695,Lepidotrigla argus,-31.917,152.85
2336695,2336695,Lepidotrigla argus,-31.917,152.85
2336695,2336695,Lepidotrigla argus,-31.917,152.85
2336695,2336695,Lepidotrigla argus,-31.917,152.85
2336695,2336695,Lepidotrigla argus,-31.917,152.85
2336695,2336695,Lepidotrigla argus,-31.917,152.85
2336695,2336695,Lepidotrigla argus,-31.917,152.85
2336695,2336695,Lepidotrigla argus,-31.917,152.85
2336695,2336695,Lepidotrigla argus,-32.917,151.983
2336695,2336695,Lepidotrigla argus,-32.917,151.983
2336695,2336695,Lepidotrigla argus,-32.917,151.983
2336695,2336695,Lepidotrigla argus,-32.917,151.983
2336695,2336695,Lepidotrigla argus,-32.917,151.983
2336695,2336695,Lepidotrigla argus,-32.917,151.983
2336695,2336695,Lepidotrigla argus,-32.917,151.983
2336695,2336695,Lepidotrigla argus,-32.917,151.983
2336695,2336695,Lepidotrigla argus,-31.917,152.85
2336695,2336695,Lepidotrigla argus,-31.917,152.85
2336695,2336695,Lepidotrigla argus,-31.917,152.85
2336695,2336695,Lepidotrigla argus,-32.917,151.983
2336695,2336695,Lepidotrigla argus,-32.917,151.983
2336695,2336695,Lepidotrigla argus,-32.917,151.983
2336695,2336695,Lepidotrigla argus,-32.917,151.983
2336695,2336695,Lepidotrigla argus,-32.917,151.983
2336695,2336695,Lepidotrigla argus,-32.917,151.983
2336695,2336695,Lepidotrigla argus,-30.8,153.033
2336695,2336695,Lepidotrigla argus,-30.8,153.033
2336695,2336695,Lepidotrigla argus,-30.8,153.033
2336695,2336695,Lepidotrigla argus,-30.8,153.033
2336695,2336695,Lepidotrigla argus,-29.417,153.583
2336695,2336695,Lepidotrigla argus,-29.417,153.583
2336695,2336695,Lepidotrigla argus,-29.417,153.583
2336695,2336695,Lepidotrigla argus,-29.417,153.583
2336695,2336695,Lepidotrigla argus,-28.4,153.667
2336695,2336695,Lepidotrigla argus,-28.4,153.667
2336695,2336695,Lepidotrigla argus,-28.4,153.667
2336695,2336695,Lepidotrigla argus,-28.4,153.667
2336695,2336695,Lepidotrigla argus,-28.4,153.667
2336695,2336695,Lepidotrigla argus,-28.4,153.667
2336695,2336695,Lepidotrigla argus,-28.4,153.667
2336695,2336695,Lepidotrigla argus,-28.4,153.667
2336695,2336695,Lepidotrigla argus,-28.4,153.667
2336695,2336695,Lepidotrigla argus,-28.4,153.667
2336695,2336695,Lepidotrigla argus,-28.4,153.667
2336695,2336695,Lepidotrigla argus,-28.4,153.667
2336695,2336695,Lepidotrigla argus,-29.417,153.583
2336695,2336695,Lepidotrigla argus,-29.417,153.583
2336695,2336695,Lepidotrigla argus,-29.417,153.583
2336695,2336695,Lepidotrigla argus,-29.417,153.583
2336695,2336695,Lepidotrigla argus,-29.417,153.583
2336695,2336695,Lepidotrigla argus,-29.417,153.583
2336695,2336695,Lepidotrigla argus,-32.917,151.983
2336695,2336695,Lepidotrigla argus,-32.133,152.517
2336695,2336695,Lepidotrigla argus,-31.917,152.85
2336695,2336695,Lepidotrigla argus,-31.917,152.85
2336695,2336695,Lepidotrigla argus,-31.917,152.85
2336695,2336695,Lepidotrigla argus,-31.917,152.85
2336695,2336695,Lepidotrigla argus,-31.917,152.85
2336695,2336695,Lepidotrigla argus,-31.917,152.85
2336695,2336695,Lepidotrigla argus,-31.917,152.85
2336695,2336695,Lepidotrigla argus,-31.917,152.85
2336695,2336695,Lepidotrigla argus,-31.917,152.85
2336695,2336695,Lepidotrigla argus,-31.917,152.85
2336695,2336695,Lepidotrigla argus,-31.917,152.85
2336695,2336695,Lepidotrigla argus,-32.9,151.933
2336695,2336695,Lepidotrigla argus,-32.933,151.933
2336695,2336695,Lepidotrigla argus,-32.867,151.967
2336695,2336695,Lepidotrigla argus,-32.883,151.967
2336695,2336695,Lepidotrigla argus,-32.867,151.933
2336695,2336695,Lepidotrigla argus,-32.867,151.983
2336695,2336695,Lepidotrigla argus,-32.867,152
2336695,2336695,Lepidotrigla argus,-32.833,152.05
2336695,2336695,Lepidotrigla argus,-32.85,152.05
2336695,2336695,Lepidotrigla argus,-32.85,152.017
2336695,2336695,Lepidotrigla argus,-32.883,151.967
2336695,2336695,Lepidotrigla argus,-32.867,152
2336695,2336695,Lepidotrigla argus,-32.933,151.917
2336695,2336695,Lepidotrigla argus,-32.9,151.917
2336695,2336695,Lepidotrigla argus,-32.917,151.933
2336695,2336695,Lepidotrigla argus,-32.867,152.017
2336695,2336695,Lepidotrigla argus,-32.867,151.983
2336695,2336695,Lepidotrigla argus,-32.9,151.983
2336695,2336695,Lepidotrigla argus,-32.883,151.967
2336695,2336695,Lepidotrigla argus,-32.883,152
2336695,2336695,Lepidotrigla argus,-32.85,152.017
2336695,2336695,Lepidotrigla argus,-32.867,151.983
2336695,2336695,Lepidotrigla argus,-32.867,151.983
2336695,2336695,Lepidotrigla argus,-32.9,151.95
2336695,2336695,Lepidotrigla argus,-32.883,152.05
2336695,2336695,Lepidotrigla argus,-32.9,151.967
2336695,2336695,Lepidotrigla argus,-32.883,152
2336695,2336695,Lepidotrigla argus,-32.9,151.917
2336695,2336695,Lepidotrigla argus,-32.883,152
2336695,2336695,Lepidotrigla argus,-32.933,151.95
2336695,2336695,Lepidotrigla argus,-32.9,151.967
2336695,2336695,Lepidotrigla argus,-32.867,151.983
2336695,2336695,Lepidotrigla argus,-32.867,151.983
2336695,2336695,Lepidotrigla argus,-32.883,152
2336695,2336695,Lepidotrigla argus,-32.883,151.967
2336695,2336695,Lepidotrigla argus,-32.917,151.933
2336695,2336695,Lepidotrigla argus,-32.917,151.933
2336695,2336695,Lepidotrigla argus,-32.883,151.95
2336695,2336695,Lepidotrigla argus,-32.883,152
2336695,2336695,Lepidotrigla argus,-32.85,152.017
2336695,2336695,Lepidotrigla argus,-32.883,152
2336695,2336695,Lepidotrigla argus,-32.867,151.983
2336695,2336695,Lepidotrigla argus,-32.883,151.983
2336695,2336695,Lepidotrigla argus,-29.417,153.583
2336695,2336695,Lepidotrigla argus,-29.417,153.583
2336695,2336695,Lepidotrigla argus,-29.417,153.583
2336695,2336695,Lepidotrigla argus,-28.4,153.667
2336695,2336695,Lepidotrigla argus,-29.417,153.583
2336695,2336695,Lepidotrigla argus,-28.4,153.667
2336695,2336695,Lepidotrigla argus,-28.583,153.567
2336695,2336695,Lepidotrigla argus,-28.4,153.667
2336695,2336695,Lepidotrigla argus,-28.383,153.833
2336695,2336695,Lepidotrigla argus,-28.583,153.567
2336695,2336695,Lepidotrigla argus,-28.4,153.667
2336695,2336695,Lepidotrigla argus,-28.583,153.567
2336695,2336695,Lepidotrigla argus,-28.4,153.667
2336695,2336695,Lepidotrigla argus,-28.4,153.667
2336695,2336695,Lepidotrigla argus,-28.583,153.567
2336695,2336695,Lepidotrigla argus,-28.583,153.567
2336695,2336695,Lepidotrigla argus,-28.4,153.667
2336695,2336695,Lepidotrigla argus,-28.4,153.667
2336695,2336695,Lepidotrigla argus,-28.4,153.667
2336695,2336695,Lepidotrigla argus,-28.4,153.667
2336695,2336695,Lepidotrigla argus,-28.4,153.667
2336695,2336695,Lepidotrigla argus,-28.4,153.667
2336695,2336695,Lepidotrigla argus,-28.4,153.667
2336695,2336695,Lepidotrigla argus,-29.417,153.583
2336695,2336695,Lepidotrigla argus,-29.05,153.817
2336695,2336695,Lepidotrigla argus,-29.417,153.583
2336695,2336695,Lepidotrigla argus,-29.417,153.583
2336695,2336695,Lepidotrigla argus,-29.417,153.583
2336695,2336695,Lepidotrigla argus,-29.417,153.583
2336695,2336695,Lepidotrigla argus,-29.417,153.583
2336695,2336695,Lepidotrigla argus,-29.417,153.583
2336695,2336695,Lepidotrigla argus,-29.417,153.583
2336695,2336695,Lepidotrigla argus,-29.417,153.583
2336695,2336695,Lepidotrigla argus,-29.417,153.583
2336695,2336695,Lepidotrigla argus,-32.917,151.983
2336695,2336695,Lepidotrigla argus,-32.917,151.983
2336695,2336695,Lepidotrigla argus,-32.917,151.983
2336695,2336695,Lepidotrigla argus,-32.917,151.983
2336695,2336695,Lepidotrigla argus,-32.383,152.7
2336695,2336695,Lepidotrigla argus,-31.917,152.85
2336695,2336695,Lepidotrigla argus,-31.917,152.85
2336695,2336695,Lepidotrigla argus,-31.917,152.85
2336695,2336695,Lepidotrigla argus,-31.917,152.85
2336695,2336695,Lepidotrigla argus,-31.917,152.85
2336695,2336695,Lepidotrigla argus,-31.917,152.85
2336695,2336695,Lepidotrigla argus,-31.917,152.85
2336695,2336695,Lepidotrigla argus,-31.917,152.85
2336695,2336695,Lepidotrigla argus,-32.917,151.983
2336695,2336695,Lepidotrigla argus,-32.917,151.983
2336695,2336695,Lepidotrigla argus,-32.917,151.983
2336695,2336695,Lepidotrigla argus,-32.917,151.983
2336695,2336695,Lepidotrigla argus,-32.917,151.983
2336695,2336695,Lepidotrigla argus,-32.917,151.983
2336695,2336695,Lepidotrigla argus,-32.917,151.983
2336695,2336695,Lepidotrigla argus,-32.917,151.983
2336695,2336695,Lepidotrigla argus,-29.417,153.583
2336695,2336695,Lepidotrigla argus,-29.417,153.583
2336695,2336695,Lepidotrigla argus,-29.417,153.583
2336695,2336695,Lepidotrigla argus,-29.417,153.583
2336695,2336695,Lepidotrigla argus,-29.417,153.583
2336695,2336695,Lepidotrigla argus,-29.417,153.583
2336695,2336695,Lepidotrigla argus,-29.417,153.583
2336695,2336695,Lepidotrigla argus,-29.417,153.583
2336695,2336695,Lepidotrigla argus,-29.417,153.583
2336695,2336695,Lepidotrigla argus,-29.417,153.583
2336695,2336695,Lepidotrigla argus,-29.417,153.583
2336695,2336695,Lepidotrigla argus,-29.417,153.583
2336695,2336695,Lepidotrigla argus,-28.4,153.667
2336695,2336695,Lepidotrigla argus,-28.4,153.667
2336695,2336695,Lepidotrigla argus,-28.4,153.667
2336695,2336695,Lepidotrigla argus,-28.4,153.667
2336695,2336695,Lepidotrigla argus,-28.4,153.667
2336695,2336695,Lepidotrigla argus,-28.4,153.667
2336695,2336695,Lepidotrigla argus,-28.4,153.667
2336695,2336695,Lepidotrigla argus,-28.4,153.667
2336695,2336695,Lepidotrigla argus,-28.4,153.667
2336695,2336695,Lepidotrigla argus,-28.4,153.667
2336695,2336695,Lepidotrigla argus,-28.4,153.667
2336695,2336695,Lepidotrigla argus,-28.4,153.667
2336695,2336695,Lepidotrigla argus,-32.917,151.983
2336695,2336695,Lepidotrigla argus,-32.917,151.983
2336695,2336695,Lepidotrigla argus,-32.917,151.983
2336695,2336695,Lepidotrigla argus,-32.917,151.983
2336695,2336695,Lepidotrigla argus,-31.917,152.85
2336695,2336695,Lepidotrigla argus,-31.917,152.85
2336695,2336695,Lepidotrigla argus,-31.917,152.85
2336695,2336695,Lepidotrigla argus,-31.917,152.85
2336695,2336695,Lepidotrigla argus,-32.917,151.983
2336695,2336695,Lepidotrigla argus,-32.917,151.983
2336695,2336695,Lepidotrigla argus,-32.917,151.983
2336695,2336695,Lepidotrigla argus,-32.917,151.983
2336695,2336695,Lepidotrigla argus,-32.917,151.983
2336695,2336695,Lepidotrigla argus,-32.917,151.983
2336695,2336695,Lepidotrigla argus,-32.917,151.983
2336695,2336695,Lepidotrigla argus,-32.917,151.983
2336695,2336695,Lepidotrigla argus,-31.917,152.85
2336695,2336695,Lepidotrigla argus,-31.917,152.85
2336695,2336695,Lepidotrigla argus,-31.917,152.85
2336695,2336695,Lepidotrigla argus,-33.567,151.5
2336695,2336695,Lepidotrigla argus,-33.617,151.483
2336695,2336695,Lepidotrigla argus,-33.533,151.483
2336695,2336695,Lepidotrigla argus,-33.533,151.483
2336695,2336695,Lepidotrigla argus,-33.583,151.45
2336695,2336695,Lepidotrigla argus,-33.633,151.467
2336695,2336695,Lepidotrigla argus,-34.867,150.867
2336695,2336695,Lepidotrigla argus,-34.883,150.883
2336695,2336695,Lepidotrigla argus,-34.883,150.833
2336695,2336695,Lepidotrigla argus,-34.85,150.817
2336695,2336695,Lepidotrigla argus,-34.817,150.817
2336695,2336695,Lepidotrigla argus,-34.833,150.8
2336695,2336695,Lepidotrigla argus,-29.417,153.583
2336695,2336695,Lepidotrigla argus,-29.417,153.583
2336695,2336695,Lepidotrigla argus,-29.417,153.583
2336695,2336695,Lepidotrigla argus,-28.4,153.667
2336695,2336695,Lepidotrigla argus,-29.417,153.583
2336695,2336695,Lepidotrigla argus,-28.4,153.667
2336695,2336695,Lepidotrigla argus,-28.4,153.667
2336695,2336695,Lepidotrigla argus,-28.4,153.667
2336695,2336695,Lepidotrigla argus,-28.4,153.667
2336695,2336695,Lepidotrigla argus,-28.4,153.667
2336695,2336695,Lepidotrigla argus,-28.4,153.667
2336695,2336695,Lepidotrigla argus,-28.4,153.667
2336695,2336695,Lepidotrigla argus,-28.4,153.667
2336695,2336695,Lepidotrigla argus,-28.4,153.667
2336695,2336695,Lepidotrigla argus,-28.4,153.667
2336695,2336695,Lepidotrigla argus,-28.4,153.667
2336695,2336695,Lepidotrigla argus,-29.417,153.583
2336695,2336695,Lepidotrigla argus,-29.417,153.583
2336695,2336695,Lepidotrigla argus,-29.417,153.583
2336695,2336695,Lepidotrigla argus,-29.417,153.583
2336695,2336695,Lepidotrigla argus,-29.417,153.583
2336695,2336695,Lepidotrigla argus,-29.417,153.583
2336695,2336695,Lepidotrigla argus,-29.417,153.583
2336695,2336695,Lepidotrigla argus,-29.417,153.583
2336695,2336695,Lepidotrigla argus,-32.917,151.983
2336695,2336695,Lepidotrigla argus,-32.917,151.983
2336695,2336695,Lepidotrigla argus,-32.917,151.983
2336695,2336695,Lepidotrigla argus,-32.917,151.983
2336695,2336695,Lepidotrigla argus,-31.917,152.85
2336695,2336695,Lepidotrigla argus,-31.917,152.85
2336695,2336695,Lepidotrigla argus,-31.917,152.85
2336695,2336695,Lepidotrigla argus,-31.917,152.85
2336695,2336695,Lepidotrigla argus,-31.917,152.85
2336695,2336695,Lepidotrigla argus,-31.917,152.85
2336695,2336695,Lepidotrigla argus,-31.917,152.85
2336695,2336695,Lepidotrigla argus,-31.917,152.85
2336695,2336695,Lepidotrigla argus,-32.917,151.983
2336695,2336695,Lepidotrigla argus,-32.917,151.983
2336695,2336695,Lepidotrigla argus,-32.917,151.983
2336695,2336695,Lepidotrigla argus,-32.917,151.983
2336695,2336695,Lepidotrigla argus,-32.917,151.983
2336695,2336695,Lepidotrigla argus,-32.917,151.983
2336695,2336695,Lepidotrigla argus,-32.917,151.983
2336695,2336695,Lepidotrigla argus,-32.917,151.983
2336695,2336695,Lepidotrigla argus,-30.467,153.133
2336695,2336695,Lepidotrigla argus,-30.467,153.133
2336695,2336695,Lepidotrigla argus,-30.467,153.133
2336695,2336695,Lepidotrigla argus,-30.467,153.133
2336695,2336695,Lepidotrigla argus,-30.467,153.133
2336695,2336695,Lepidotrigla argus,-30.467,153.133
2336695,2336695,Lepidotrigla argus,-30.467,153.133
2336695,2336695,Lepidotrigla argus,-33.85,151.3
2336695,2336695,Lepidotrigla argus,-35.083,150.75
2336695,2336695,Lepidotrigla argus,-29.4,153.5
2336695,2336695,Lepidotrigla argus,-34.867,150.883
2336695,2336695,Lepidotrigla argus,-34.85,150.85
2336695,2336695,Lepidotrigla argus,-34.85,150.85
2336695,2336695,Lepidotrigla argus,-34.833,150.8
2336695,2336695,Lepidotrigla argus,-34.85,150.867
2336695,2336695,Lepidotrigla argus,-34.833,150.8
2336695,2336695,Lepidotrigla argus,-32.717,152.383
2336695,2336695,Lepidotrigla argus,-30.5,153.117
2336695,2336695,Lepidotrigla argus,-29.367,153.517
2336695,2336695,Lepidotrigla argus,-32.1,152.6
2336695,2336695,Lepidotrigla argus,-29.35,153.6
2336695,2336695,Lepidotrigla argus,-29.3,153.5
2336695,2336695,Lepidotrigla argus,-29.017,153.6
2336695,2336695,Lepidotrigla argus,-29.333,153.483
2336695,2336695,Lepidotrigla argus,-28.75,153.65
2336695,2336695,Lepidotrigla argus,-29.517,153.467
2336695,2336695,Lepidotrigla argus,-32.033,152.783
2336695,2336695,Lepidotrigla argus,-32.083,152.767
2336695,2336695,Lepidotrigla argus,-31.933,152.817
2336695,2336695,Lepidotrigla argus,-32.117,152.733
2336695,2336695,Lepidotrigla argus,-32.183,152.717
2336695,2336695,Lepidotrigla argus,-32.25,152.7
2336695,2336695,Lepidotrigla argus,-34.083,151.283
2336695,2336695,Lepidotrigla argus,-29.35,153.48167
2336695,2336695,Lepidotrigla argus,-29.35,153.48167
2336695,2336695,Lepidotrigla argus,-29.3,153.425
2336695,2336695,Lepidotrigla argus,-29.35,153.483
2336695,2336695,Lepidotrigla argus,-29.517,153.467
2336695,2336695,Lepidotrigla argus,-29.3,153.417
2336695,2336695,Lepidotrigla argus,-29.267,153.483
2336695,2336695,Lepidotrigla argus,-29.35,153.417
2336695,2336695,Lepidotrigla argus,-29.4,153.4
2336695,2336695,Lepidotrigla argus,-29.65,153.383
2336695,2336695,Lepidotrigla argus,-29.35,153.45
2336695,2336695,Lepidotrigla argus,-29.817,153.4
2336695,2336695,Lepidotrigla argus,-30.417,153.167
2336695,2336695,Lepidotrigla argus,-29.35,153.48
2336695,2336695,Lepidotrigla argus,-32.891666,151.96666
2336695,2336695,Lepidotrigla argus,-32.883,151.917
2336695,2336695,Lepidotrigla argus,-32.817,152.033
2336695,2336695,Lepidotrigla argus,-32.683,152.267
2336695,2336695,Lepidotrigla argus,-32.817,152.033
2336695,2336695,Lepidotrigla argus,-33.533,151.383
2336695,2336695,Lepidotrigla argus,-32.9,151.933
2336695,2336695,Lepidotrigla argus,-34.9,150.867
2336695,2336695,Lepidotrigla argus,-31.533,153
2336695,2336695,Lepidotrigla argus,-31.383,152.983
2336695,2336695,Lepidotrigla argus,-31.35,152.983
2336695,2336695,Lepidotrigla argus,-31.167,153.017
2336695,2336695,Lepidotrigla argus,-31.7,152.817
2336695,2336695,Lepidotrigla argus,-32.633,152.267
2336695,2336695,Lepidotrigla argus,-31.7,152.817
2336695,2336695,Lepidotrigla argus,-32.517,152.45
2336695,2336695,Lepidotrigla argus,-29.333,153.433
2336695,2336695,Lepidotrigla argus,-29.817,153.317
2336695,2336695,Lepidotrigla argus,-31.217,153.033
2336695,2336695,Lepidotrigla argus,-29.867,153.367
2336695,2336695,Lepidotrigla argus,-29.833,153.4
2336695,2336695,Lepidotrigla argus,-29.35,153.483
2336695,2336695,Lepidotrigla argus,-29.35,153.483
2336695,2336695,Lepidotrigla argus,-29.517,153.45
2336695,2336695,Lepidotrigla argus,-29.65,153.4
2336695,2336695,Lepidotrigla argus,-31.033,153.1
2336695,2336695,Lepidotrigla argus,-32.1,152.533
2336695,2336695,Lepidotrigla argus,-31.4,152.95
2336695,2336695,Lepidotrigla argus,-30.433,153.15
2336695,2336695,Lepidotrigla argus,-29.417,153.433
2336695,2336695,Lepidotrigla argus,-33.667,151.417
2336695,2336695,Lepidotrigla argus,-33.617,151.45
2336695,2336695,Lepidotrigla argus,-32.25,152.8
2336695,2336695,Lepidotrigla argus,-31.9,152.833
2336695,2336695,Lepidotrigla argus,-32.117,152.517
2336695,2336695,Lepidotrigla argus,-34.1,151.233
2336695,2336695,Lepidotrigla argus,-35.033,150.75
2336695,2336695,Lepidotrigla argus,-29.058332,153.58333
2336695,2336695,Lepidotrigla argus,-29.9,153.617
2336695,2336695,Lepidotrigla argus,-29.1,153.583
2336695,2336695,Lepidotrigla argus,-29.058332,153.58333
2336695,2336695,Lepidotrigla argus,-33.667,151.4
2336695,2336695,Lepidotrigla argus,-35.05,150.75
2336695,2336695,Lepidotrigla argus,-35.1,150.733
2336695,2336695,Lepidotrigla argus,-32.75,152.367
2336695,2336695,Lepidotrigla argus,-27.433333,153.766667
2336695,2336695,Lepidotrigla argus,-34.083332,151.21666
2336695,2336695,Lepidotrigla argus,-33.367,151.583
2336695,2336695,Lepidotrigla argus,-34.067,151.233
2336695,2336695,Lepidotrigla argus,-33.517,151.467
2336695,2336695,Lepidotrigla argus,-35.075,150.73334
2336695,2336695,Lepidotrigla argus,-35.083,150.733
2336695,2336695,Lepidotrigla argus,-30.367,153.4
2336695,2336695,Lepidotrigla argus,-30.433,153.367
2336695,2336695,Lepidotrigla argus,-29.85,153.633
2336695,2336695,Lepidotrigla argus,-32.241665,152.8
2336695,2336695,Lepidotrigla argus,-27.75,153.67
2336695,2336695,Lepidotrigla argus,-27.7,153.58
2336695,2336695,Lepidotrigla argus,-32.283,152.683
2336695,2336695,Lepidotrigla argus,-32.267,152.8
2336695,2336695,Lepidotrigla argus,-34.083,151.2
2336695,2336695,Lepidotrigla argus,-35.1,150.733
2336695,2336695,Lepidotrigla argus,-34.917,150.917
2336695,2336695,Lepidotrigla argus,-34.083,151.233
2336695,2336695,Lepidotrigla argus,-34.108334,151.29167
2336695,2336695,Lepidotrigla argus,-34.1,151.283
2336695,2336695,Lepidotrigla argus,-34.133,151.267
2336695,2336695,Lepidotrigla argus,-34.11,151.29
2336695,2336695,Lepidotrigla argus,-20.066667,116.166667
2336695,2336695,Lepidotrigla argus,-20.65,115.966667
2336695,2336695,Lepidotrigla argus,-28.3,153.84166
2336695,2336695,Lepidotrigla argus,-28.091667,153.8
2336695,2336695,Lepidotrigla argus,-28.45,153.8
2336695,2336695,Lepidotrigla argus,-28.15,153.8
2336695,2336695,Lepidotrigla argus,-28.083,153.8
2336695,2336695,Lepidotrigla argus,-28.05,153.8
2336695,2336695,Lepidotrigla argus,-28.267,153.833
2336695,2336695,Lepidotrigla argus,-29.883333,153.60834
2336695,2336695,Lepidotrigla argus,-28.025,153.83333
2336695,2336695,Lepidotrigla argus,-28.216667,153.84166
2336695,2336695,Lepidotrigla argus,-28.208334,153.83333
2336695,2336695,Lepidotrigla argus,-29.9,153.6
2336695,2336695,Lepidotrigla argus,-29.967,153.383
2336695,2336695,Lepidotrigla argus,-28.017,153.833
2336695,2336695,Lepidotrigla argus,-28.617,153.833
2336695,2336695,Lepidotrigla argus,-28.133,153.85
2336695,2336695,Lepidotrigla argus,-28.033,153.833
2336695,2336695,Lepidotrigla argus,-28.567,153.833
2336695,2336695,Lepidotrigla argus,-28.217,153.85
2336695,2336695,Lepidotrigla argus,-28.417,153.767
2336695,2336695,Lepidotrigla argus,-28.233,153.833
2336695,2336695,Lepidotrigla argus,-28.683,153.833
2336695,2336695,Lepidotrigla argus,-30.008333,153.36667
2336695,2336695,Lepidotrigla argus,-31.583,153.017
2336695,2336695,Lepidotrigla argus,-28.067,153.6
2336695,2336695,Lepidotrigla argus,-29.033,153.8
2336695,2336695,Lepidotrigla argus,-33.816666,151.28334
2336695,2336695,Lepidotrigla argus,-34.033333,151.75
2336695,2336695,Lepidotrigla argus,-34.033333,151.75
2336695,2336695,Lepidotrigla argus,-34.033333,151.75
2336695,2336695,Lepidotrigla argus,-34.033333,151.75
2336695,2336695,Lepidotrigla argus,-28.8,153.6
2336695,2336695,Lepidotrigla argus,-32,152
2336695,2336695,Lepidotrigla argus,-32,152
2336695,2336695,Lepidotrigla argus,-32,152
2336695,2336695,Lepidotrigla argus,-32,152
2336695,2336695,Lepidotrigla argus,-27.65,153.516667
2336695,2336695,Lepidotrigla argus,-27.65,153.516667
2336695,2336695,Lepidotrigla argus,-27.65,153.516667
2336695,2336695,Lepidotrigla argus,-27.966667,153.41667
2336695,2336695,Lepidotrigla argus,-33.55,151.6
2336695,2336695,Lepidotrigla argus,-33.55,151.6
2336695,2336695,Lepidotrigla argus,-33.55,151.6
2336695,2336695,Lepidotrigla argus,-28.27057,153.57264
2336695,2336695,Lepidotrigla argus,-28.266667,153.583333
2336695,2336695,Lepidotrigla argus,-28.083333,153.45
2336695,2336695,Lepidotrigla argus,-20.01667,116.96667
2336695,2336695,Lepidotrigla argus,-20.01667,116.96667
2336695,2336695,Lepidotrigla argus,-19.98333,117.86667
2336695,2336695,Lepidotrigla argus,-19.05,118.83333
2336695,2336695,Lepidotrigla argus,-19.5,118.86667
2336695,2336695,Lepidotrigla argus,-19.13333,119.03333
2336695,2336695,Lepidotrigla argus,-25.304444,113.716111
2336695,2336695,Lepidotrigla argus,-28.75,113.983333
2336695,2336695,Lepidotrigla argus,-20.5312,115.7926
