requested_taxonKey,record_taxonKey,species_name,decimalLatitude,decimalLongitude
2336741,2336741,Lepidotrigla spinosa,-35.08,136.72917
2336741,2336741,Lepidotrigla spinosa,-31.8785,115.644
2336741,2336741,Lepidotrigla spinosa,-31.8785,115.644
2336741,2336741,Lepidotrigla spinosa,-32.677665,130.73034
2336741,2336741,Lepidotrigla spinosa,-32.2586,132.65411
2336741,2336741,Lepidotrigla spinosa,-32.2586,132.65411
2336741,2336741,Lepidotrigla spinosa,-32.2586,132.65411
2336741,2336741,Lepidotrigla spinosa,-32.2586,132.65411
2336741,2336741,Lepidotrigla spinosa,-32.2586,132.65411
2336741,2336741,Lepidotrigla spinosa,-32.2586,132.65411
2336741,2336741,Lepidotrigla spinosa,-32.2586,132.65411
2336741,2336741,Lepidotrigla spinosa,-33.3283,131.01217
2336741,2336741,Lepidotrigla spinosa,-33.37,131.42
2336741,2336741,Lepidotrigla spinosa,-33.37,131.42
2336741,2336741,Lepidotrigla spinosa,-33.37,131.42
2336741,2336741,Lepidotrigla spinosa,-25.333333,113.5
2336741,2336741,Lepidotrigla spinosa,-25.333333,113.5
2336741,2336741,Lepidotrigla spinosa,-35.02,117.88
2336741,2336741,Lepidotrigla spinosa,-35.02,117.88
2336741,2336741,Lepidotrigla spinosa,-35.033333,117.883333
2336741,2336741,Lepidotrigla spinosa,-35.033333,117.883333
2336741,2336741,Lepidotrigla spinosa,-33.28,134.6
2336741,2336741,Lepidotrigla spinosa,-33.3342,134.6464
2336741,2336741,Lepidotrigla spinosa,-32.7,125.8
2336741,2336741,Lepidotrigla spinosa,-33.9,124.8
2336741,2336741,Lepidotrigla spinosa,-32.18,129.5
2336741,2336741,Lepidotrigla spinosa,-33.62,124.801667
2336741,2336741,Lepidotrigla spinosa,-33.62,124.801667
2336741,2336741,Lepidotrigla spinosa,-32.22,131.37
2336741,2336741,Lepidotrigla spinosa,-32.18,131.37
2336741,2336741,Lepidotrigla spinosa,-32.23,131.38
2336741,2336741,Lepidotrigla spinosa,-33.241667,126.333333
2336741,2336741,Lepidotrigla spinosa,-24.88333,113.66667
2336741,2336741,Lepidotrigla spinosa,-28.8,114.05
2336741,2336741,Lepidotrigla spinosa,-35.05,117.95
2336741,2336741,Lepidotrigla spinosa,-34.03333,122.05
2336741,2336741,Lepidotrigla spinosa,-20.41667,113.58333
2336741,2336741,Lepidotrigla spinosa,-33.08333,115.08333
2336741,2336741,Lepidotrigla spinosa,-28.816667,113.9
2336741,2336741,Lepidotrigla spinosa,-32.05,115.45
2336741,2336741,Lepidotrigla spinosa,-33.5,115.033333
2336741,2336741,Lepidotrigla spinosa,-33.5,115.033333
2336741,2336741,Lepidotrigla spinosa,-33.55,114.966667
2336741,2336741,Lepidotrigla spinosa,-33.533333,114.95
2336741,2336741,Lepidotrigla spinosa,-32,115.5
2336741,2336741,Lepidotrigla spinosa,-25.35,113.73333
2336741,2336741,Lepidotrigla spinosa,-34.95,116.48333
2336741,2336741,Lepidotrigla spinosa,-31.93333,115.73333
2336741,2336741,Lepidotrigla spinosa,-32,115.5
2336741,2336741,Lepidotrigla spinosa,-25.35,113.73333
2336741,2336741,Lepidotrigla spinosa,-24.98333,112.45
2336741,2336741,Lepidotrigla spinosa,-31.08333,114.91667
2336741,2336741,Lepidotrigla spinosa,-35,117.86667
2336741,2336741,Lepidotrigla spinosa,-35.58,137.52
2336741,2336741,Lepidotrigla spinosa,-33.2922,134.6433
2336741,2336741,Lepidotrigla spinosa,-33.3,134.58
