requested_taxonKey,record_taxonKey,species_name,decimalLatitude,decimalLongitude
2336907,2336907,Setarches longimanus,-18.512167,117.691833
2336907,2336907,Setarches longimanus,-18.512167,117.691833
2336907,2336907,Setarches longimanus,-35.3735,117.197
2336907,2336907,Setarches longimanus,-35.3735,117.197
2336907,2336907,Setarches longimanus,-36.45,150.35
2336907,2336907,Setarches longimanus,-35.35,150.7
2336907,2336907,Setarches longimanus,-21.038,114.335333
2336907,2336907,Setarches longimanus,-21.038,114.335333
2336907,2336907,Setarches longimanus,-18.396667,118.289833
2336907,2336907,Setarches longimanus,-18.396667,118.289833
2336907,2336907,Setarches longimanus,-18.97,117.201667
2336907,2336907,Setarches longimanus,-18.97,117.201667
2336907,2336907,Setarches longimanus,-18.97,117.201667
2336907,2336907,Setarches longimanus,-18.97,117.201667
2336907,2336907,Setarches longimanus,-23.409166,113.07833
2336907,2336907,Setarches longimanus,-16.9,120.366667
2336907,2336907,Setarches longimanus,-16.9,120.366667
2336907,2336907,Setarches longimanus,-19.148333,116.876667
2336907,2336907,Setarches longimanus,-19.148333,116.876667
