requested_taxonKey,record_taxonKey,species_name,decimalLatitude,decimalLongitude
2336894,2336894,Setarches guentheri,-22.369735,113.631536
2336894,2336894,Setarches guentheri,-22.369735,113.631536
2336894,2336894,Setarches guentheri,-22.800359,113.40887
2336894,2336894,Setarches guentheri,-22.800359,113.40887
2336894,2336894,Setarches guentheri,-22.369735,113.631536
2336894,2336894,Setarches guentheri,-22.369735,113.631536
2336894,2336894,Setarches guentheri,-22.800359,113.40887
2336894,2336894,Setarches guentheri,-22.800359,113.40887
2336894,2336894,Setarches guentheri,-22.012556,113.729703
2336894,2336894,Setarches guentheri,-22.012556,113.729703
2336894,2336894,Setarches guentheri,-25.138333,112.118333
2336894,10273839,Setarches guentheri,-24.95,112.1
2336894,10273839,Setarches guentheri,-24.95,112.1
2336894,10273839,Setarches guentheri,-24.95,112.1
2336894,2336894,Setarches guentheri,-25.138333,112.118333
2336894,2336894,Setarches guentheri,-18.512167,117.691833
2336894,2336894,Setarches guentheri,-18.512167,117.691833
2336894,2336894,Setarches guentheri,-18.512167,117.691833
2336894,2336894,Setarches guentheri,-18.512167,117.691833
2336894,2336894,Setarches guentheri,-21.970167,113.791
2336894,10273839,Setarches guentheri,-21.966667,113.78333
2336894,2336894,Setarches guentheri,-21.970167,113.791
2336894,2336894,Setarches guentheri,-21.56,113.872
2336894,2336894,Setarches guentheri,-36.416668,150.35
2336894,2336894,Setarches guentheri,-18.243333,118.186667
2336894,2336894,Setarches guentheri,-18.243333,118.186667
2336894,2336894,Setarches guentheri,-18.243333,118.186667
2336894,2336894,Setarches guentheri,-18.243333,118.186667
2336894,2336894,Setarches guentheri,-17.866667,118.266667
2336894,2336894,Setarches guentheri,-17.866667,118.266667
2336894,2336894,Setarches guentheri,-17.866667,118.266667
2336894,2336894,Setarches guentheri,-17.866667,118.266667
2336894,2336894,Setarches guentheri,-17.866667,118.266667
2336894,2336894,Setarches guentheri,-17.866667,118.266667
2336894,2336894,Setarches guentheri,-17.866667,118.266667
2336894,2336894,Setarches guentheri,-17.866667,118.266667
2336894,2336894,Setarches guentheri,-17.866667,118.266667
2336894,2336894,Setarches guentheri,-17.866667,118.266667
2336894,2336894,Setarches guentheri,-24.881667,112.13
2336894,2336894,Setarches guentheri,-24.870832,112.121666
2336894,2336894,Setarches guentheri,-25.3025,111.94
2336894,2336894,Setarches guentheri,-24.87083,112.1225
2336894,2336894,Setarches guentheri,-26.69416,112.55167
2336894,2336894,Setarches guentheri,-21.74333,113.87334
2336894,2336894,Setarches guentheri,-24.84333,112.11833
2336894,2336894,Setarches guentheri,-24.881667,112.13
2336894,2336894,Setarches guentheri,-27.275,112.7475
2336894,2336894,Setarches guentheri,-27.275,112.7475
2336894,2336894,Setarches guentheri,-30,114.118
2336894,2336894,Setarches guentheri,-27.275,112.7475
2336894,2336894,Setarches guentheri,-29.98833,114.44667
2336894,2336894,Setarches guentheri,-17.867,118.467
2336894,2336894,Setarches guentheri,-18.017,118.383
2336894,2336894,Setarches guentheri,-29.236667,113.87
2336894,2336894,Setarches guentheri,-29.236667,113.87
2336894,2336894,Setarches guentheri,-17.833333,118.55
2336894,2336894,Setarches guentheri,-17.833333,118.55
2336894,2336894,Setarches guentheri,-17.833333,118.55
2336894,2336894,Setarches guentheri,-17.833333,118.55
2336894,2336894,Setarches guentheri,-16.9,120.366667
2336894,2336894,Setarches guentheri,-16.9,120.366667
2336894,2336894,Setarches guentheri,-17,120.183333
2336894,2336894,Setarches guentheri,-16.9,120.366667
2336894,2336894,Setarches guentheri,-16.9,120.366667
2336894,2336894,Setarches guentheri,-17,120.183333
2336894,2336894,Setarches guentheri,-29.833333,114.35
2336894,2336894,Setarches guentheri,-29.833333,114.35
2336894,2336894,Setarches guentheri,-17.367,118.633
2336894,2336894,Setarches guentheri,-17.65,118.667
2336894,2336894,Setarches guentheri,-17.583,118.717
2336894,2336894,Setarches guentheri,-17.617,118.667
2336894,2336894,Setarches guentheri,-17.65,118.633
2336894,2336894,Setarches guentheri,-33.483,152.05
2336894,2336894,Setarches guentheri,-33.6,151.95
2336894,2336894,Setarches guentheri,-34.817,151.183
2336894,2336894,Setarches guentheri,-17.883333,118.436667
2336894,2336894,Setarches guentheri,-17.883333,118.436667
2336894,2336894,Setarches guentheri,-34.283,151.45
2336894,2336894,Setarches guentheri,-34.283333,151.45
2336894,2336894,Setarches guentheri,-28.016667,154.016667
2336894,2336894,Setarches guentheri,-33.65,151.933
2336894,2336894,Setarches guentheri,-28,153.983
2336894,2336894,Setarches guentheri,-28.008333,153.98334
2336894,2336894,Setarches guentheri,-28.017,154
2336894,2336894,Setarches guentheri,-34.367,151.417
2336894,2336894,Setarches guentheri,-33.625,151.975
2336894,2336894,Setarches guentheri,-33.633,151.967
2336894,2336894,Setarches guentheri,-33.63,151.98
2336894,2336894,Setarches guentheri,-18.13333,118.51667
2336894,2336894,Setarches guentheri,-17.43333,119.18333
2336894,2336894,Setarches guentheri,-24.666667,112.166667
