requested_taxonKey,record_taxonKey,species_name,decimalLatitude,decimalLongitude
2336908,2336908,"Lythrichthys Jordan & Starks, 1904",-18.57,117.464
2336908,2336908,"Lythrichthys Jordan & Starks, 1904",-19.7258,115.343
2336908,2336908,"Lythrichthys Jordan & Starks, 1904",-20.9811,114.724
2336908,2336908,"Lythrichthys Jordan & Starks, 1904",-17.4872,120.461
2336908,2336908,"Lythrichthys Jordan & Starks, 1904",-17.3583,118.955
2336908,2336908,"Lythrichthys Jordan & Starks, 1904",-18.57,117.464
2336908,2336908,"Lythrichthys Jordan & Starks, 1904",-16.6053,120.575
2336908,2336908,"Lythrichthys Jordan & Starks, 1904",-36.5,150.34416
2336908,2336908,"Lythrichthys Jordan & Starks, 1904",-18.966667,117.2
2336908,2336908,"Lythrichthys Jordan & Starks, 1904",-18.1,118.181667
2336908,2336908,"Lythrichthys Jordan & Starks, 1904",-18.1,118.181667
2336908,2336908,"Lythrichthys Jordan & Starks, 1904",-18.1,118.181667
2336908,2336908,"Lythrichthys Jordan & Starks, 1904",-18.1,118.181667
2336908,2336908,"Lythrichthys Jordan & Starks, 1904",-17.866667,118.266667
2336908,2336908,"Lythrichthys Jordan & Starks, 1904",-17.866667,118.266667
2336908,2336908,"Lythrichthys Jordan & Starks, 1904",-16.9,120.366667
2336908,2336908,"Lythrichthys Jordan & Starks, 1904",-16.9,120.366667
2336908,2336908,"Lythrichthys Jordan & Starks, 1904",-17.365,119.575
2336908,2336908,"Lythrichthys Jordan & Starks, 1904",-17.332,119.532
2336908,2336908,"Lythrichthys Jordan & Starks, 1904",-17.65,118.667
2336908,2336908,"Lythrichthys Jordan & Starks, 1904",-17.583,118.717
2336908,2336908,"Lythrichthys Jordan & Starks, 1904",-17.617,118.667
2336908,2336908,"Lythrichthys Jordan & Starks, 1904",-17.65,118.633
2336908,2336908,"Lythrichthys Jordan & Starks, 1904",-33.741665,151.875
2336908,2336908,"Lythrichthys Jordan & Starks, 1904",-33.741665,151.85
2336908,2336908,"Lythrichthys Jordan & Starks, 1904",-33.575,152.01666
2336908,2336908,"Lythrichthys Jordan & Starks, 1904",-33.783333,151.8
2336908,2336908,"Lythrichthys Jordan & Starks, 1904",-34.283333,151.45
2336908,2336908,"Lythrichthys Jordan & Starks, 1904",-18.533333,118.28333
2336908,2336908,"Lythrichthys Jordan & Starks, 1904",-18.666666,116.7
2336908,2336908,"Lythrichthys Jordan & Starks, 1904",-33.716667,151.88333
2336908,2336908,"Lythrichthys Jordan & Starks, 1904",-33.491665,152.2
2336908,2336908,"Lythrichthys Jordan & Starks, 1904",-33.758335,151.85
2336908,2336908,"Lythrichthys Jordan & Starks, 1904",-33.666668,151.88333
2336908,2336908,"Lythrichthys Jordan & Starks, 1904",-34.333332,151.43333
2336908,2336908,"Lythrichthys Jordan & Starks, 1904",-34.925,151.20833
2336908,2336908,"Lythrichthys Jordan & Starks, 1904",-33.491665,152.05833
2336908,2336908,"Lythrichthys Jordan & Starks, 1904",-17.45,119.71667
2336908,2336908,"Lythrichthys Jordan & Starks, 1904",-17.41667,119.86667
2336908,2336908,"Lythrichthys Jordan & Starks, 1904",-18.01667,118.21667
2336908,2336908,"Lythrichthys Jordan & Starks, 1904",-18.1,118.16667
2336908,2336908,"Lythrichthys Jordan & Starks, 1904",-17.85,118.41667
2336908,2336908,"Lythrichthys Jordan & Starks, 1904",-17.75,118.53333
2336908,2336908,"Lythrichthys Jordan & Starks, 1904",-17.7,118.63333
2336908,2336908,"Lythrichthys Jordan & Starks, 1904",-17.38333,118.86667
2336908,2336908,"Lythrichthys Jordan & Starks, 1904",-18.53333,117.45
2336908,2336908,"Lythrichthys Jordan & Starks, 1904",-17.95,118.283333
2336908,2336908,"Lythrichthys Jordan & Starks, 1904",-21.560278,113.871667
2336908,2336908,"Lythrichthys Jordan & Starks, 1904",-21.423889,113.795556
2336908,2336908,"Lythrichthys Jordan & Starks, 1904",-21.48,113.996389
