requested_taxonKey,record_taxonKey,species_name,decimalLatitude,decimalLongitude
2336692,2336692,Lepidotrigla papilio,-38.145631,145.11322
2336692,2336692,Lepidotrigla papilio,-33.99267,151.22956
2336692,2336692,Lepidotrigla papilio,-31.850683,115.748319
2336692,2336692,Lepidotrigla papilio,-38.357057,144.77321800000001
2336692,2336692,Lepidotrigla papilio,-38.356554,144.773596
2336692,2336692,Lepidotrigla papilio,-38.145558,145.112995
2336692,2336692,Lepidotrigla papilio,-33.99183,151.229972
2336692,2336692,Lepidotrigla papilio,-38.356234,144.772117
2336692,2336692,Lepidotrigla papilio,-33.992713,151.227652
2336692,2336692,Lepidotrigla papilio,-35.666735,137.62003
2336692,2336692,Lepidotrigla papilio,-33.992233,151.229304
2336692,2336692,Lepidotrigla papilio,-33.992233,151.229304
2336692,2336692,Lepidotrigla papilio,-33.992821,151.229603
2336692,2336692,Lepidotrigla papilio,-33.991346,151.230631
2336692,2336692,Lepidotrigla papilio,-34.878237,138.482837
2336692,2336692,Lepidotrigla papilio,-33.839562,151.252975
2336692,2336692,Lepidotrigla papilio,-33.992233,151.229304
2336692,2336692,Lepidotrigla papilio,-35.273924,138.455305
2336692,2336692,Lepidotrigla papilio,-35.348052,138.441827
2336692,2336692,Lepidotrigla papilio,-32.002258,115.749708
2336692,2336692,Lepidotrigla papilio,-38.365667,144.823018
2336692,2336692,Lepidotrigla papilio,-38.365492,144.823079
2336692,2336692,Lepidotrigla papilio,-33.991302,151.230282
2336692,2336692,Lepidotrigla papilio,-33.992233,151.229304
2336692,2336692,Lepidotrigla papilio,-32.137562,115.744839
2336692,2336692,Lepidotrigla papilio,-38.345863,144.888358
2336692,2336692,Lepidotrigla papilio,-38.354979,144.887887
2336692,2336692,Lepidotrigla papilio,-33.991197,151.229367
2336692,2336692,Lepidotrigla papilio,-33.992641,151.229904
2336692,2336692,Lepidotrigla papilio,-33.993042,151.229751
2336692,2336692,Lepidotrigla papilio,-33.992233,151.229304
2336692,2336692,Lepidotrigla papilio,-33.991322,151.230161
2336692,2336692,Lepidotrigla papilio,-35.091126,150.799252
2336692,2336692,Lepidotrigla papilio,-38.082442,144.85361
2336692,2336692,Lepidotrigla papilio,-35.112019,150.769559
2336692,2336692,Lepidotrigla papilio,-32.7208,152.141436
2336692,2336692,Lepidotrigla papilio,-33.991739,151.229603
2336692,2336692,Lepidotrigla papilio,-38.165287,145.073672
2336692,2336692,Lepidotrigla papilio,-38.165298,145.073682
2336692,2336692,Lepidotrigla papilio,-38.165283,145.073672
2336692,2336692,Lepidotrigla papilio,-38.165283,145.073672
2336692,2336692,Lepidotrigla papilio,-38.165287,145.073672
2336692,2336692,Lepidotrigla papilio,-38.177835,145.060789
2336692,2336692,Lepidotrigla papilio,-38.365656,144.823303
2336692,2336692,Lepidotrigla papilio,-38.368591,144.821378
2336692,2336692,Lepidotrigla papilio,-38.350039,144.907231
2336692,2336692,Lepidotrigla papilio,-38.350067,144.907253
2336692,2336692,Lepidotrigla papilio,-38.357122,144.773152
2336692,2336692,Lepidotrigla papilio,-33.839868,151.253572
2336692,2336692,Lepidotrigla papilio,-38.357122,144.773152
2336692,2336692,Lepidotrigla papilio,-38.357122,144.773152
2336692,2336692,Lepidotrigla papilio,-33.992116,151.231191
2336692,2336692,Lepidotrigla papilio,-33.839978,151.25354
2336692,2336692,Lepidotrigla papilio,-33.991278,151.232583
2336692,2336692,Lepidotrigla papilio,-38.35729,144.772201
2336692,2336692,Lepidotrigla papilio,-38.352039,144.783768
2336692,2336692,Lepidotrigla papilio,-38.368565,144.821357
2336692,2336692,Lepidotrigla papilio,-38.36649,144.822866
2336692,2336692,Lepidotrigla papilio,-38.36649,144.822866
2336692,2336692,Lepidotrigla papilio,-33.840064,151.253596
2336692,2336692,Lepidotrigla papilio,-38.368557,144.821378
2336692,2336692,Lepidotrigla papilio,-38.335975,144.746456
2336692,2336692,Lepidotrigla papilio,-32.056783,115.73694
2336692,2336692,Lepidotrigla papilio,-33.991211,151.230319
2336692,2336692,Lepidotrigla papilio,-33.839854,151.253732
2336692,2336692,Lepidotrigla papilio,-37.329757,150.077422
2336692,2336692,Lepidotrigla papilio,-37.329757,150.077422
2336692,2336692,Lepidotrigla papilio,-37.61722,149.90889
2336692,2336692,Lepidotrigla papilio,-37.61722,149.90889
2336692,2336692,Lepidotrigla papilio,-38.368591,144.821378
2336692,2336692,Lepidotrigla papilio,-38.349943,144.774717
2336692,2336692,Lepidotrigla papilio,-38.357462,144.772156
2336692,2336692,Lepidotrigla papilio,-32.714163,152.151399
2336692,2336692,Lepidotrigla papilio,-38.365601,144.823012
2336692,2336692,Lepidotrigla papilio,-38.172398,145.080474
2336692,2336692,Lepidotrigla papilio,-38.369894,144.822172
2336692,2336692,Lepidotrigla papilio,-38.145499,145.112949
2336692,2336692,Lepidotrigla papilio,-33.992054,151.22972
2336692,2336692,Lepidotrigla papilio,-38.145585,145.113028
2336692,2336692,Lepidotrigla papilio,-32.256443,115.747844
2336692,2336692,Lepidotrigla papilio,-32.13741,115.74574
2336692,2336692,Lepidotrigla papilio,-33.824333,151.298056
2336692,2336692,Lepidotrigla papilio,-32.096688,115.756732
2336692,2336692,Lepidotrigla papilio,-33.991944,151.230083
2336692,2336692,Lepidotrigla papilio,-36.215767,150.132384
2336692,2336692,Lepidotrigla papilio,-24.01117,111.3289
2336692,2336692,Lepidotrigla papilio,-23.37787,113.42541
2336692,2336692,Lepidotrigla papilio,-23.97368,112.54945
2336692,2336692,Lepidotrigla papilio,-23.91022,113.09676
2336692,2336692,Lepidotrigla papilio,-23.97368,112.54945
2336692,2336692,Lepidotrigla papilio,-33.991106,151.229219
2336692,2336692,Lepidotrigla papilio,-38.145979,145.114157
2336692,2336692,Lepidotrigla papilio,-33.992257,151.229841
2336692,2336692,Lepidotrigla papilio,-33.992257,151.229841
2336692,2336692,Lepidotrigla papilio,-36.209923,150.131807
2336692,2336692,Lepidotrigla papilio,-32.13741,115.74574
2336692,2336692,Lepidotrigla papilio,-33.991777,151.229616
2336692,2336692,Lepidotrigla papilio,-33.99183,151.229972
2336692,2336692,Lepidotrigla papilio,-38.358943,144.772963
2336692,2336692,Lepidotrigla papilio,-35.114203,150.764164
2336692,2336692,Lepidotrigla papilio,-38.36,144.769
2336692,2336692,Lepidotrigla papilio,-33.99148,151.228812
2336692,2336692,Lepidotrigla papilio,-32.137719,115.746217
2336692,2336692,Lepidotrigla papilio,-33.799794,151.283453
2336692,2336692,Lepidotrigla papilio,-33.99183,151.229972
2336692,2336692,Lepidotrigla papilio,-33.99183,151.229972
2336692,2336692,Lepidotrigla papilio,-38.321895,144.95313
2336692,2336692,Lepidotrigla papilio,-33.99183,151.229972
2336692,2336692,Lepidotrigla papilio,-38.145553,145.113059
2336692,2336692,Lepidotrigla papilio,-38.145565,145.113076
2336692,2336692,Lepidotrigla papilio,-38.146049,145.114326
2336692,2336692,Lepidotrigla papilio,-33.99507,151.222417
2336692,2336692,Lepidotrigla papilio,-32.269192,115.72403
2336692,2336692,Lepidotrigla papilio,-33.992224,151.230245
2336692,2336692,Lepidotrigla papilio,-33.991815,151.229795
2336692,2336692,Lepidotrigla papilio,-38.356554,144.773596
2336692,2336692,Lepidotrigla papilio,-33.992218,151.229243
2336692,2336692,Lepidotrigla papilio,-33.992423,151.230069
2336692,2336692,Lepidotrigla papilio,-33.99122,151.230685
2336692,2336692,Lepidotrigla papilio,-32.70123,152.245938
2336692,2336692,Lepidotrigla papilio,-32.701693,152.244748
2336692,2336692,Lepidotrigla papilio,-33.991718,151.229725
2336692,2336692,Lepidotrigla papilio,-34.003468,151.228623
2336692,2336692,Lepidotrigla papilio,-33.991142,151.229842
2336692,2336692,Lepidotrigla papilio,-38.363191,144.822982
2336692,2336692,Lepidotrigla papilio,-32.717166,152.141326
2336692,2336692,Lepidotrigla papilio,-38.35637,144.772808
2336692,2336692,Lepidotrigla papilio,-33.987393,151.227964
2336692,2336692,Lepidotrigla papilio,-33.991794,151.229842
2336692,2336692,Lepidotrigla papilio,-32.054157,115.72517
2336692,2336692,Lepidotrigla papilio,-33.991165,151.231266
2336692,2336692,Lepidotrigla papilio,-33.99183,151.229972
2336692,2336692,Lepidotrigla papilio,-35.58972,137.431545
2336692,2336692,Lepidotrigla papilio,-38.211732,145.034122
2336692,2336692,Lepidotrigla papilio,-33.992142,151.229943
2336692,2336692,Lepidotrigla papilio,-33.992142,151.229943
2336692,2336692,Lepidotrigla papilio,-33.99183,151.229972
2336692,2336692,Lepidotrigla papilio,-38.357476,144.772945
2336692,2336692,Lepidotrigla papilio,-33.992472,151.228809
2336692,2336692,Lepidotrigla papilio,-33.99183,151.229972
2336692,2336692,Lepidotrigla papilio,-39.411,146.971
2336692,2336692,Lepidotrigla papilio,-39.3826,146.879
2336692,2336692,Lepidotrigla papilio,-33.991679,151.22988
2336692,2336692,Lepidotrigla papilio,-33.991388,151.231278
2336692,2336692,Lepidotrigla papilio,-33.82306,151.385568
2336692,2336692,Lepidotrigla papilio,-36.245312,150.223714
2336692,2336692,Lepidotrigla papilio,-32.717748,152.140528
2336692,2336692,Lepidotrigla papilio,-38.358122,144.773321
2336692,2336692,Lepidotrigla papilio,-33.993042,151.229751
2336692,2336692,Lepidotrigla papilio,-38.145612,145.113234
2336692,2336692,Lepidotrigla papilio,-32.715,152.151111
2336692,2336692,Lepidotrigla papilio,-33.398974,151.510434
2336692,2336692,Lepidotrigla papilio,-32.715289,152.140296
2336692,2336692,Lepidotrigla papilio,-31.9935,152.9933
2336692,2336692,Lepidotrigla papilio,-31.9935,152.9933
2336692,2336692,Lepidotrigla papilio,-31.9448,152.9853
2336692,2336692,Lepidotrigla papilio,-32.5883,153.211
2336692,2336692,Lepidotrigla papilio,-27.5692,153.734
2336692,2336692,Lepidotrigla papilio,-32.478,152.7138
2336692,2336692,Lepidotrigla papilio,-32.5452,152.6742
2336692,2336692,Lepidotrigla papilio,-32.5868,153.087
2336692,2336692,Lepidotrigla papilio,-32.478,152.7138
2336692,2336692,Lepidotrigla papilio,-32.5868,153.087
2336692,2336692,Lepidotrigla papilio,-32.478,152.7138
2336692,2336692,Lepidotrigla papilio,-27.5692,153.734
2336692,2336692,Lepidotrigla papilio,-32.6653,153.2133
2336692,2336692,Lepidotrigla papilio,-32.5883,153.211
2336692,2336692,Lepidotrigla papilio,-32.5883,153.211
2336692,2336692,Lepidotrigla papilio,-32.6653,153.2133
2336692,2336692,Lepidotrigla papilio,-32.6593,153.1247
2336692,2336692,Lepidotrigla papilio,-32.5868,153.087
2336692,2336692,Lepidotrigla papilio,-32.478,152.7138
2336692,2336692,Lepidotrigla papilio,-32.6653,153.2133
2336692,2336692,Lepidotrigla papilio,-32.6593,153.1247
2336692,2336692,Lepidotrigla papilio,-27.5692,153.734
2336692,2336692,Lepidotrigla papilio,-27.5692,153.734
2336692,2336692,Lepidotrigla papilio,-32.5883,153.211
2336692,2336692,Lepidotrigla papilio,-32.6593,153.1247
2336692,2336692,Lepidotrigla papilio,-32.6593,153.1247
2336692,2336692,Lepidotrigla papilio,-32.5868,153.087
2336692,2336692,Lepidotrigla papilio,-32.5452,152.6742
2336692,2336692,Lepidotrigla papilio,-32.5883,153.211
2336692,2336692,Lepidotrigla papilio,-32.6653,153.2133
2336692,2336692,Lepidotrigla papilio,-27.6903,153.7677
2336692,2336692,Lepidotrigla papilio,-32.478,152.7138
2336692,2336692,Lepidotrigla papilio,-32.478,152.7138
2336692,2336692,Lepidotrigla papilio,-32.6653,153.2133
2336692,2336692,Lepidotrigla papilio,-27.6903,153.7677
2336692,2336692,Lepidotrigla papilio,-32.5452,152.6742
2336692,2336692,Lepidotrigla papilio,-32.5452,152.6742
2336692,2336692,Lepidotrigla papilio,-32.6653,153.2133
2336692,2336692,Lepidotrigla papilio,-32.5868,153.087
2336692,2336692,Lepidotrigla papilio,-32.5883,153.211
2336692,2336692,Lepidotrigla papilio,-34.007765,151.227321
2336692,2336692,Lepidotrigla papilio,-32.713838,152.1517
2336692,2336692,Lepidotrigla papilio,-33.268087,137.554253
2336692,2336692,Lepidotrigla papilio,-33.268087,137.554253
2336692,2336692,Lepidotrigla papilio,-36.215651,150.132059
2336692,2336692,Lepidotrigla papilio,-32.717605,152.141159
2336692,2336692,Lepidotrigla papilio,-33.991145,151.230255
2336692,2336692,Lepidotrigla papilio,-32.71714,152.104864
2336692,2336692,Lepidotrigla papilio,-32.715,152.151111
2336692,2336692,Lepidotrigla papilio,-33.9914,151.231
2336692,2336692,Lepidotrigla papilio,-33.992116,151.231191
2336692,2336692,Lepidotrigla papilio,-33.991632,151.230229
2336692,2336692,Lepidotrigla papilio,-33.991071,151.230797
2336692,2336692,Lepidotrigla papilio,-38.36971,144.828205
2336692,2336692,Lepidotrigla papilio,-35.407833,137.911
2336692,9870994,Lepidotrigla papilio,-35.40783,137.911
2336692,9870994,Lepidotrigla papilio,-35.40783,137.911
2336692,2336692,Lepidotrigla papilio,-35.407833,137.911
2336692,2336692,Lepidotrigla papilio,-38.1828,144.719
2336692,2336692,Lepidotrigla papilio,-32.714704,152.151271
2336692,2336692,Lepidotrigla papilio,-33.992407,151.230458
2336692,2336692,Lepidotrigla papilio,-33.55833,137.625
2336692,2336692,Lepidotrigla papilio,-33.28333,137.725
2336692,2336692,Lepidotrigla papilio,-33.28333,137.725
2336692,2336692,Lepidotrigla papilio,-33.15575,137.69382
2336692,2336692,Lepidotrigla papilio,-33.55833,137.625
2336692,2336692,Lepidotrigla papilio,-33.28333,137.725
2336692,2336692,Lepidotrigla papilio,-33.28333,137.725
2336692,2336692,Lepidotrigla papilio,-33.15575,137.69382
2336692,2336692,Lepidotrigla papilio,-35.4454,137.945
2336692,2336692,Lepidotrigla papilio,-35.2818,138.16
2336692,2336692,Lepidotrigla papilio,-35.2818,138.16
2336692,2336692,Lepidotrigla papilio,-33.892856,151.286952
2336692,2336692,Lepidotrigla papilio,-33.991725,151.229303
2336692,2336692,Lepidotrigla papilio,-33.6228,137.4989
2336692,2336692,Lepidotrigla papilio,-33.6228,137.4989
2336692,2336692,Lepidotrigla papilio,-33.467,151.5
2336692,2336692,Lepidotrigla papilio,-33.567,151.45
2336692,2336692,Lepidotrigla papilio,-32.17,115.724
2336692,2336692,Lepidotrigla papilio,-32.17,115.724
2336692,2336692,Lepidotrigla papilio,-33.45,151.533
2336692,2336692,Lepidotrigla papilio,-33.45,151.517
2336692,2336692,Lepidotrigla papilio,-33.45,151.517
2336692,2336692,Lepidotrigla papilio,-33.45,151.533
2336692,2336692,Lepidotrigla papilio,-33.505,151.463333
2336692,2336692,Lepidotrigla papilio,-33.505,151.463333
2336692,2336692,Lepidotrigla papilio,-33.483,151.45
2336692,2336692,Lepidotrigla papilio,-33.567,151.417
2336692,9870994,Lepidotrigla papilio,-33.467,151.433
2336692,9870994,Lepidotrigla papilio,-33.467,151.433
2336692,9870994,Lepidotrigla papilio,-33.467,151.433
2336692,2336692,Lepidotrigla papilio,-33.505,151.463333
2336692,2336692,Lepidotrigla papilio,-33.505,151.463333
2336692,2336692,Lepidotrigla papilio,-33.517,151.517
2336692,2336692,Lepidotrigla papilio,-33.992116,151.231191
2336692,2336692,Lepidotrigla papilio,-33.991454,151.230934
2336692,2336692,Lepidotrigla papilio,-35.4453,137.945
2336692,2336692,Lepidotrigla papilio,-35.4453,137.945
2336692,2336692,Lepidotrigla papilio,-34.9844,138.09
2336692,2336692,Lepidotrigla papilio,-34.9844,138.09
2336692,2336692,Lepidotrigla papilio,-38.1703,144.72
2336692,2336692,Lepidotrigla papilio,-33.6,151.4
2336692,2336692,Lepidotrigla papilio,-33.6,151.383
2336692,2336692,Lepidotrigla papilio,-33.317,151.617
2336692,2336692,Lepidotrigla papilio,-34.59329,150.89405
2336692,2336692,Lepidotrigla papilio,-33.617,151.467
2336692,2336692,Lepidotrigla papilio,-34.1083,136.938
2336692,2336692,Lepidotrigla papilio,-34.1083,136.938
2336692,2336692,Lepidotrigla papilio,-33.283,151.65
2336692,2336692,Lepidotrigla papilio,-33.605,137.483
2336692,2336692,Lepidotrigla papilio,-33.4283,137.493
2336692,2336692,Lepidotrigla papilio,-33.8308,137.537
2336692,2336692,Lepidotrigla papilio,-33.8308,137.537
2336692,2336692,Lepidotrigla papilio,-33.185,137.6
2336692,2336692,Lepidotrigla papilio,-33.4283,137.493
2336692,2336692,Lepidotrigla papilio,-33.605,137.483
2336692,2336692,Lepidotrigla papilio,-33.185,137.6
2336692,2336692,Lepidotrigla papilio,-33.4283,137.493
2336692,2336692,Lepidotrigla papilio,-33.605,137.483
2336692,2336692,Lepidotrigla papilio,-33.8308,137.537
2336692,2336692,Lepidotrigla papilio,-33.605,137.483
2336692,2336692,Lepidotrigla papilio,-33.605,137.483
2336692,2336692,Lepidotrigla papilio,-33.605,137.483
2336692,2336692,Lepidotrigla papilio,-33.185,137.6
2336692,2336692,Lepidotrigla papilio,-33.8308,137.537
2336692,2336692,Lepidotrigla papilio,-33.605,137.483
2336692,2336692,Lepidotrigla papilio,-33.8308,137.537
2336692,2336692,Lepidotrigla papilio,-33.4283,137.493
2336692,2336692,Lepidotrigla papilio,-33.605,137.483
2336692,2336692,Lepidotrigla papilio,-33.8308,137.537
2336692,2336692,Lepidotrigla papilio,-33.8308,137.537
2336692,2336692,Lepidotrigla papilio,-33.8308,137.537
2336692,2336692,Lepidotrigla papilio,-33.8308,137.537
2336692,2336692,Lepidotrigla papilio,-33.185,137.6
2336692,2336692,Lepidotrigla papilio,-33.8308,137.537
2336692,2336692,Lepidotrigla papilio,-33.4283,137.493
2336692,2336692,Lepidotrigla papilio,-33.4283,137.493
2336692,2336692,Lepidotrigla papilio,-33.8308,137.537
2336692,2336692,Lepidotrigla papilio,-33.8308,137.537
2336692,2336692,Lepidotrigla papilio,-33.8308,137.537
2336692,2336692,Lepidotrigla papilio,-33.8308,137.537
2336692,2336692,Lepidotrigla papilio,-33.3,151.633
2336692,2336692,Lepidotrigla papilio,-33.583,151.4
2336692,2336692,Lepidotrigla papilio,-33.6,151.4
2336692,2336692,Lepidotrigla papilio,-33.6,151.4
2336692,2336692,Lepidotrigla papilio,-33.6,151.4
2336692,2336692,Lepidotrigla papilio,-33.6,151.4
2336692,2336692,Lepidotrigla papilio,-33.617,151.4
2336692,2336692,Lepidotrigla papilio,-33.6,151.383
2336692,2336692,Lepidotrigla papilio,-33.6,151.4
2336692,2336692,Lepidotrigla papilio,-33.6,151.4
2336692,2336692,Lepidotrigla papilio,-33.517,151.45
2336692,9870994,Lepidotrigla papilio,-33.185,137.6
2336692,9870994,Lepidotrigla papilio,-33.83083,137.53667
2336692,2336692,Lepidotrigla papilio,-33.84139,151.25583
2336692,2336692,Lepidotrigla papilio,-35.1139,138.1667
2336692,2336692,Lepidotrigla papilio,-35.1139,138.1667
2336692,2336692,Lepidotrigla papilio,-35.1139,138.1667
2336692,2336692,Lepidotrigla papilio,-35.1139,138.1667
2336692,2336692,Lepidotrigla papilio,-35.089401,138.265858
2336692,2336692,Lepidotrigla papilio,-34.912657,137.951398
2336692,2336692,Lepidotrigla papilio,-35.089401,138.265858
2336692,2336692,Lepidotrigla papilio,-34.912657,137.951398
2336692,2336692,Lepidotrigla papilio,-34.87836,137.956245
2336692,2336692,Lepidotrigla papilio,-34.87836,137.956245
2336692,2336692,Lepidotrigla papilio,-34.87836,137.956245
2336692,2336692,Lepidotrigla papilio,-34.87836,137.956245
2336692,2336692,Lepidotrigla papilio,-34.87836,137.956245
2336692,2336692,Lepidotrigla papilio,-34.87836,137.956245
2336692,2336692,Lepidotrigla papilio,-34.980101,138.460983
2336692,2336692,Lepidotrigla papilio,-33.832009,151.279447
2336692,2336692,Lepidotrigla papilio,-35.113344,150.766955
2336692,2336692,Lepidotrigla papilio,-37.7017,149.916
2336692,2336692,Lepidotrigla papilio,-37.7017,149.916
2336692,2336692,Lepidotrigla papilio,-37.9152,140.285
2336692,2336692,Lepidotrigla papilio,-38.693,143.064
2336692,2336692,Lepidotrigla papilio,-37.8438,148.541
2336692,2336692,Lepidotrigla papilio,-38.5518,144.434
2336692,2336692,Lepidotrigla papilio,-38.4177,144.437
2336692,2336692,Lepidotrigla papilio,-38.0483,140.283
2336692,2336692,Lepidotrigla papilio,-38.7142,143.063
2336692,2336692,Lepidotrigla papilio,-38.0889,144.679
2336692,2336692,Lepidotrigla papilio,-38.4815,141.666
2336692,2336692,Lepidotrigla papilio,-38.0775,144.678
2336692,2336692,Lepidotrigla papilio,-38.0306,144.836
2336692,2336692,Lepidotrigla papilio,-38.0683,144.607
2336692,9870994,Lepidotrigla papilio,-38.06833,144.60667
2336692,2336692,Lepidotrigla papilio,-37.9592,144.944
2336692,2336692,Lepidotrigla papilio,-37.9592,144.944
2336692,2336692,Lepidotrigla papilio,-38.08,144.72
2336692,2336692,Lepidotrigla papilio,-38.08,144.72
2336692,2336692,Lepidotrigla papilio,-38.5347,147.167
2336692,2336692,Lepidotrigla papilio,-38.9345,147.163
2336692,2336692,Lepidotrigla papilio,-38.9765,145.801
2336692,2336692,Lepidotrigla papilio,-38.9345,147.163
2336692,2336692,Lepidotrigla papilio,-38.6673,147.166
2336692,2336692,Lepidotrigla papilio,-37.8667,144.963
2336692,2336692,Lepidotrigla papilio,-33.1,151.767
2336692,2336692,Lepidotrigla papilio,-32.9,151.917
2336692,2336692,Lepidotrigla papilio,-32.85,151.917
2336692,2336692,Lepidotrigla papilio,-33.2,151.683
2336692,2336692,Lepidotrigla papilio,-33.167,151.717
2336692,2336692,Lepidotrigla papilio,-33.033,151.767
2336692,2336692,Lepidotrigla papilio,-33.017,151.767
2336692,2336692,Lepidotrigla papilio,-33.033,151.783
2336692,2336692,Lepidotrigla papilio,-33.033,151.733
2336692,2336692,Lepidotrigla papilio,-32.75,152.25
2336692,2336692,Lepidotrigla papilio,-29.275,153.48334
2336692,2336692,Lepidotrigla papilio,-29.633,153.4
2336692,2336692,Lepidotrigla papilio,-29.65,153.383
2336692,2336692,Lepidotrigla papilio,-29.633,153.4
2336692,2336692,Lepidotrigla papilio,-29.233,153.517
2336692,9870994,Lepidotrigla papilio,-29.633,153.383
2336692,2336692,Lepidotrigla papilio,-29.65,153.383333
2336692,2336692,Lepidotrigla papilio,-36.38416,150.15166
2336692,2336692,Lepidotrigla papilio,-29.65,153.383333
2336692,2336692,Lepidotrigla papilio,-36.3525,150.14251
2336692,2336692,Lepidotrigla papilio,-37.9331,144.866
2336692,2336692,Lepidotrigla papilio,-36.47583,150.21333
2336692,2336692,Lepidotrigla papilio,-37.32416,150.21832
2336692,2336692,Lepidotrigla papilio,-37.59999,149.7975
2336692,2336692,Lepidotrigla papilio,-37.305,150.07
2336692,2336692,Lepidotrigla papilio,-38.13083,149.51251
2336692,2336692,Lepidotrigla papilio,-36.895,149.96333
2336692,2336692,Lepidotrigla papilio,-36.47583,150.21333
2336692,2336692,Lepidotrigla papilio,-37.73416,150.10834
2336692,2336692,Lepidotrigla papilio,-37.32416,150.21832
2336692,2336692,Lepidotrigla papilio,-38.11333,149.29083
2336692,2336692,Lepidotrigla papilio,-37.97167,149.23584
2336692,2336692,Lepidotrigla papilio,-37.94,149.27334
2336692,2336692,Lepidotrigla papilio,-37.30667,150.28501
2336692,2336692,Lepidotrigla papilio,-33.2,151.683
2336692,2336692,Lepidotrigla papilio,-33.017,151.75
2336692,2336692,Lepidotrigla papilio,-33.033,151.717
2336692,2336692,Lepidotrigla papilio,-33.017,151.75
2336692,2336692,Lepidotrigla papilio,-33.1,151.733
2336692,2336692,Lepidotrigla papilio,-33.083,151.733
2336692,2336692,Lepidotrigla papilio,-33.05,151.75
2336692,2336692,Lepidotrigla papilio,-32.833,151.95
2336692,2336692,Lepidotrigla papilio,-32.85,151.933
2336692,2336692,Lepidotrigla papilio,-32.867,151.967
2336692,2336692,Lepidotrigla papilio,-32.883,151.967
2336692,2336692,Lepidotrigla papilio,-32.867,151.967
2336692,2336692,Lepidotrigla papilio,-32.883,151.95
2336692,2336692,Lepidotrigla papilio,-32.917,151.9
2336692,2336692,Lepidotrigla papilio,-29.5,153.433
2336692,2336692,Lepidotrigla papilio,-29.533,153.417
2336692,2336692,Lepidotrigla papilio,-29.55,153.4
2336692,2336692,Lepidotrigla papilio,-29.533,153.417
2336692,2336692,Lepidotrigla papilio,-29.533,153.4
2336692,2336692,Lepidotrigla papilio,-29.367,153.467
2336692,2336692,Lepidotrigla papilio,-29.567,153.467
2336692,2336692,Lepidotrigla papilio,-29.533,153.483
2336692,2336692,Lepidotrigla papilio,-33.15,151.717
2336692,2336692,Lepidotrigla papilio,-33.033,151.717
2336692,2336692,Lepidotrigla papilio,-33.067,151.7
2336692,2336692,Lepidotrigla papilio,-33.067,151.7
2336692,2336692,Lepidotrigla papilio,-33.117,151.683
2336692,2336692,Lepidotrigla papilio,-32.9,151.9
2336692,2336692,Lepidotrigla papilio,-32.9,151.933
2336692,2336692,Lepidotrigla papilio,-32.867,151.983
2336692,2336692,Lepidotrigla papilio,-32.883,151.967
2336692,2336692,Lepidotrigla papilio,-32.867,151.983
2336692,2336692,Lepidotrigla papilio,-32.867,151.967
2336692,2336692,Lepidotrigla papilio,-32.867,151.967
2336692,2336692,Lepidotrigla papilio,-32.867,151.967
2336692,2336692,Lepidotrigla papilio,-32.867,151.967
2336692,2336692,Lepidotrigla papilio,-32.867,151.967
2336692,2336692,Lepidotrigla papilio,-29.533,153.417
2336692,2336692,Lepidotrigla papilio,-29.633,153.383
2336692,2336692,Lepidotrigla papilio,-29.633,153.383
2336692,2336692,Lepidotrigla papilio,-29.3,153.483
2336692,2336692,Lepidotrigla papilio,-29.317,153.483
2336692,2336692,Lepidotrigla papilio,-29.3,153.483
2336692,2336692,Lepidotrigla papilio,-29.383,153.467
2336692,2336692,Lepidotrigla papilio,-32.85,151.917
2336692,2336692,Lepidotrigla papilio,-33.067,151.717
2336692,2336692,Lepidotrigla papilio,-33.033,151.733
2336692,2336692,Lepidotrigla papilio,-33.067,151.717
2336692,2336692,Lepidotrigla papilio,-33.2,151.683
2336692,2336692,Lepidotrigla papilio,-33.167,151.717
2336692,2336692,Lepidotrigla papilio,-33.083,151.75
2336692,2336692,Lepidotrigla papilio,-33.083,151.75
2336692,2336692,Lepidotrigla papilio,-33.033,151.767
2336692,2336692,Lepidotrigla papilio,-33.05,151.767
2336692,2336692,Lepidotrigla papilio,-32.933,151.867
2336692,2336692,Lepidotrigla papilio,-32.883,151.95
2336692,2336692,Lepidotrigla papilio,-32.917,151.917
2336692,2336692,Lepidotrigla papilio,-32.9,151.933
2336692,2336692,Lepidotrigla papilio,-32.883,151.967
2336692,2336692,Lepidotrigla papilio,-32.867,151.883
2336692,2336692,Lepidotrigla papilio,-29.65,153.383
2336692,2336692,Lepidotrigla papilio,-29.583,153.417
2336692,2336692,Lepidotrigla papilio,-29.783,153.333
2336692,2336692,Lepidotrigla papilio,-35.217,150.683
2336692,2336692,Lepidotrigla papilio,-36.717,150.017
2336692,2336692,Lepidotrigla papilio,-36.717,150.017
2336692,2336692,Lepidotrigla papilio,-33,151.767
2336692,2336692,Lepidotrigla papilio,-33.067,151.717
2336692,2336692,Lepidotrigla papilio,-33,151.767
2336692,2336692,Lepidotrigla papilio,-35.217,150.683
2336692,2336692,Lepidotrigla papilio,-35.2,150.717
2336692,2336692,Lepidotrigla papilio,-36.633,150.05
2336692,2336692,Lepidotrigla papilio,-36.7,150.033
2336692,2336692,Lepidotrigla papilio,-33.033,151.733
2336692,2336692,Lepidotrigla papilio,-33.05,151.717
2336692,2336692,Lepidotrigla papilio,-33,151.75
2336692,2336692,Lepidotrigla papilio,-35.2997,137.636
2336692,2336692,Lepidotrigla papilio,-35.2967,137.628
2336692,2336692,Lepidotrigla papilio,-35.2945,137.608
2336692,2336692,Lepidotrigla papilio,-35.2,150.683
2336692,2336692,Lepidotrigla papilio,-35.217,150.633
2336692,2336692,Lepidotrigla papilio,-35.217,150.633
2336692,2336692,Lepidotrigla papilio,-35.2,150.7
2336692,2336692,Lepidotrigla papilio,-35.2,150.633
2336692,2336692,Lepidotrigla papilio,-35.2,150.717
2336692,2336692,Lepidotrigla papilio,-35.2,150.7
2336692,2336692,Lepidotrigla papilio,-35.217,150.617
2336692,2336692,Lepidotrigla papilio,-33,151.767
2336692,2336692,Lepidotrigla papilio,-33.067,151.733
2336692,2336692,Lepidotrigla papilio,-33.05,151.733
2336692,2336692,Lepidotrigla papilio,-33,151.783
2336692,2336692,Lepidotrigla papilio,-36.633,150.05
2336692,2336692,Lepidotrigla papilio,-33.05,151.733
2336692,2336692,Lepidotrigla papilio,-33,151.767
2336692,2336692,Lepidotrigla papilio,-33.017,151.767
2336692,2336692,Lepidotrigla papilio,-33.083,151.717
2336692,2336692,Lepidotrigla papilio,-32.983,151.783
2336692,2336692,Lepidotrigla papilio,-32.983,151.767
2336692,2336692,Lepidotrigla papilio,-33.05,151.717
2336692,2336692,Lepidotrigla papilio,-35.2,150.633
2336692,2336692,Lepidotrigla papilio,-36.633,150.05
2336692,2336692,Lepidotrigla papilio,-33,151.767
2336692,2336692,Lepidotrigla papilio,-33.05,151.733
2336692,2336692,Lepidotrigla papilio,-33,151.767
2336692,2336692,Lepidotrigla papilio,-36.7,150.033
2336692,2336692,Lepidotrigla papilio,-36.7,150.033
2336692,2336692,Lepidotrigla papilio,-36.36467,150.10392
2336692,2336692,Lepidotrigla papilio,-33,151.767
2336692,2336692,Lepidotrigla papilio,-33.05,151.733
2336692,2336692,Lepidotrigla papilio,-33,151.767
2336692,2336692,Lepidotrigla papilio,-33.067,151.717
2336692,2336692,Lepidotrigla papilio,-35.217,150.717
2336692,2336692,Lepidotrigla papilio,-33.05,151.733
2336692,2336692,Lepidotrigla papilio,-32.983,151.767
2336692,2336692,Lepidotrigla papilio,-33,151.767
2336692,2336692,Lepidotrigla papilio,-33.067,151.717
2336692,2336692,Lepidotrigla papilio,-36.7,150.033
2336692,2336692,Lepidotrigla papilio,-36.633,150.05
2336692,2336692,Lepidotrigla papilio,-36.617,150.067
2336692,2336692,Lepidotrigla papilio,-36.683,150.033
2336692,2336692,Lepidotrigla papilio,-35.217,150.633
2336692,2336692,Lepidotrigla papilio,-36.633,150.05
2336692,2336692,Lepidotrigla papilio,-36.717,150.033
2336692,2336692,Lepidotrigla papilio,-36.675,150.04167
2336692,2336692,Lepidotrigla papilio,-35.2,150.7
2336692,2336692,Lepidotrigla papilio,-35.217,150.7
2336692,2336692,Lepidotrigla papilio,-35.2,150.683
2336692,2336692,Lepidotrigla papilio,-35.217,150.617
2336692,2336692,Lepidotrigla papilio,-35.217,150.633
2336692,2336692,Lepidotrigla papilio,-36.667,150.033
2336692,2336692,Lepidotrigla papilio,-35.2,150.7
2336692,2336692,Lepidotrigla papilio,-36.617,150.067
2336692,2336692,Lepidotrigla papilio,-36.617,150.067
2336692,2336692,Lepidotrigla papilio,-36.667,150.033
2336692,2336692,Lepidotrigla papilio,-32.983,151.767
2336692,2336692,Lepidotrigla papilio,-33.067,151.717
2336692,2336692,Lepidotrigla papilio,-33.067,151.717
2336692,2336692,Lepidotrigla papilio,-33,151.75
2336692,2336692,Lepidotrigla papilio,-36.667,150.033
2336692,2336692,Lepidotrigla papilio,-36.617,150.067
2336692,2336692,Lepidotrigla papilio,-36.65,150.05
2336692,2336692,Lepidotrigla papilio,-36.717,150.033
2336692,2336692,Lepidotrigla papilio,-33,151.767
2336692,2336692,Lepidotrigla papilio,-32.983,151.783
2336692,2336692,Lepidotrigla papilio,-33,151.767
2336692,2336692,Lepidotrigla papilio,-33.033,151.733
2336692,2336692,Lepidotrigla papilio,-32.983,151.783
2336692,2336692,Lepidotrigla papilio,-33,151.767
2336692,2336692,Lepidotrigla papilio,-33.05,151.717
2336692,2336692,Lepidotrigla papilio,-35.2,150.667
2336692,2336692,Lepidotrigla papilio,-35.217,150.633
2336692,2336692,Lepidotrigla papilio,-36.667,150.033
2336692,2336692,Lepidotrigla papilio,-36.6,150.067
2336692,2336692,Lepidotrigla papilio,-33,151.767
2336692,2336692,Lepidotrigla papilio,-33.05,151.717
2336692,2336692,Lepidotrigla papilio,-33.067,151.717
2336692,2336692,Lepidotrigla papilio,-32.983,151.767
2336692,2336692,Lepidotrigla papilio,-35.2,150.617
2336692,2336692,Lepidotrigla papilio,-35.217,150.683
2336692,2336692,Lepidotrigla papilio,-35.217,150.683
2336692,2336692,Lepidotrigla papilio,-35.217,150.617
2336692,2336692,Lepidotrigla papilio,-36.667,150.033
2336692,2336692,Lepidotrigla papilio,-36.683,150.033
2336692,2336692,Lepidotrigla papilio,-36.6,150.067
2336692,2336692,Lepidotrigla papilio,-33.05,151.733
2336692,2336692,Lepidotrigla papilio,-32.983,151.783
2336692,2336692,Lepidotrigla papilio,-32.983,151.783
2336692,2336692,Lepidotrigla papilio,-37.86333,148.55067
2336692,2336692,Lepidotrigla papilio,-38.95833,146.59333
2336692,2336692,Lepidotrigla papilio,-38.97408,146.55967
2336692,2336692,Lepidotrigla papilio,-36.351667,150.123333
2336692,2336692,Lepidotrigla papilio,-36.351667,150.123333
2336692,2336692,Lepidotrigla papilio,-35.217,150.7
2336692,2336692,Lepidotrigla papilio,-35.217,150.633
2336692,2336692,Lepidotrigla papilio,-35.217,150.633
2336692,2336692,Lepidotrigla papilio,-36.617,150.067
2336692,2336692,Lepidotrigla papilio,-36.683,150.033
2336692,2336692,Lepidotrigla papilio,-36.617,150.05
2336692,2336692,Lepidotrigla papilio,-36.683,150.033
2336692,2336692,Lepidotrigla papilio,-33,151.767
2336692,2336692,Lepidotrigla papilio,-33.033,151.733
2336692,2336692,Lepidotrigla papilio,-33.067,151.733
2336692,2336692,Lepidotrigla papilio,-32.983,151.783
2336692,2336692,Lepidotrigla papilio,-36.633,150.05
2336692,2336692,Lepidotrigla papilio,-36.3675,150.10958
2336692,2336692,Lepidotrigla papilio,-37.59666,149.83583
2336692,2336692,Lepidotrigla papilio,-36.351667,150.123333
2336692,2336692,Lepidotrigla papilio,-36.351667,150.123333
2336692,2336692,Lepidotrigla papilio,-35.217,150.7
2336692,2336692,Lepidotrigla papilio,-33.067,151.717
2336692,2336692,Lepidotrigla papilio,-33.017,151.767
2336692,2336692,Lepidotrigla papilio,-33,151.767
2336692,2336692,Lepidotrigla papilio,-33.067,151.717
2336692,2336692,Lepidotrigla papilio,-35.217,150.633
2336692,2336692,Lepidotrigla papilio,-33.05,151.733
2336692,2336692,Lepidotrigla papilio,-32.983,151.783
2336692,2336692,Lepidotrigla papilio,-32.983,151.767
2336692,2336692,Lepidotrigla papilio,-33.05,151.733
2336692,2336692,Lepidotrigla papilio,-36.667,150.033
2336692,2336692,Lepidotrigla papilio,-36.7,150.017
2336692,2336692,Lepidotrigla papilio,-36.617,150.05
2336692,2336692,Lepidotrigla papilio,-36.633,150.05
2336692,2336692,Lepidotrigla papilio,-29.417,153.583
2336692,2336692,Lepidotrigla papilio,-29.417,153.583
2336692,2336692,Lepidotrigla papilio,-29.417,153.583
2336692,2336692,Lepidotrigla papilio,-29.417,153.583
2336692,2336692,Lepidotrigla papilio,-32.917,151.983
2336692,2336692,Lepidotrigla papilio,-31.917,152.85
2336692,2336692,Lepidotrigla papilio,-33.05,151.75
2336692,2336692,Lepidotrigla papilio,-33.05,151.75
2336692,2336692,Lepidotrigla papilio,-33.05,151.75
2336692,2336692,Lepidotrigla papilio,-33.05,151.75
2336692,2336692,Lepidotrigla papilio,-32.167,152.6
2336692,2336692,Lepidotrigla papilio,-33.05,151.75
2336692,2336692,Lepidotrigla papilio,-32.167,152.6
2336692,2336692,Lepidotrigla papilio,-32.167,152.6
2336692,2336692,Lepidotrigla papilio,-33.05,151.75
2336692,2336692,Lepidotrigla papilio,-33.05,151.75
2336692,2336692,Lepidotrigla papilio,-33.05,151.75
2336692,2336692,Lepidotrigla papilio,-33.05,151.75
2336692,2336692,Lepidotrigla papilio,-33.05,151.75
2336692,2336692,Lepidotrigla papilio,-28.4,153.667
2336692,2336692,Lepidotrigla papilio,-32.917,151.983
2336692,2336692,Lepidotrigla papilio,-32.917,151.983
2336692,2336692,Lepidotrigla papilio,-32.917,151.983
2336692,2336692,Lepidotrigla papilio,-31.917,152.85
2336692,2336692,Lepidotrigla papilio,-32.867,152
2336692,2336692,Lepidotrigla papilio,-28.4,153.667
2336692,2336692,Lepidotrigla papilio,-28.567,153.633
2336692,2336692,Lepidotrigla papilio,-29.417,153.583
2336692,2336692,Lepidotrigla papilio,-29.417,153.583
2336692,2336692,Lepidotrigla papilio,-29.383,153.383
2336692,2336692,Lepidotrigla papilio,-29.383,153.383
2336692,2336692,Lepidotrigla papilio,-29.383,153.383
2336692,2336692,Lepidotrigla papilio,-32.133,152.517
2336692,2336692,Lepidotrigla papilio,-32.867,152
2336692,2336692,Lepidotrigla papilio,-32.867,151.983
2336692,2336692,Lepidotrigla papilio,-32.833,152.05
2336692,2336692,Lepidotrigla papilio,-32.85,152.05
2336692,2336692,Lepidotrigla papilio,-32.867,152
2336692,2336692,Lepidotrigla papilio,-32.867,152.017
2336692,2336692,Lepidotrigla papilio,-32.867,151.983
2336692,2336692,Lepidotrigla papilio,-32.867,151.983
2336692,2336692,Lepidotrigla papilio,-32.85,152.017
2336692,2336692,Lepidotrigla papilio,-32.867,151.983
2336692,2336692,Lepidotrigla papilio,-32.883,152
2336692,2336692,Lepidotrigla papilio,-32.9,151.95
2336692,2336692,Lepidotrigla papilio,-32.9,151.967
2336692,2336692,Lepidotrigla papilio,-38.01917,144.745
2336692,2336692,Lepidotrigla papilio,-38.2575,145.01
2336692,2336692,Lepidotrigla papilio,-38.00583,145.05683
2336692,2336692,Lepidotrigla papilio,-38.03567,145.01183
2336692,2336692,Lepidotrigla papilio,-38.01167,145.04333
2336692,2336692,Lepidotrigla papilio,-38.16917,144.75983
2336692,2336692,Lepidotrigla papilio,-37.97,144.9
2336692,2336692,Lepidotrigla papilio,-38.17567,144.73183
2336692,2336692,Lepidotrigla papilio,-38.11167,144.56417
2336692,2336692,Lepidotrigla papilio,-38.20167,144.9075
2336692,2336692,Lepidotrigla papilio,-37.97,144.9
2336692,2336692,Lepidotrigla papilio,-38.07433,144.92867
2336692,2336692,Lepidotrigla papilio,-38.2575,145.01
2336692,2336692,Lepidotrigla papilio,-38.11067,144.564
2336692,2336692,Lepidotrigla papilio,-38.01167,145.04333
2336692,2336692,Lepidotrigla papilio,-37.9285,144.90833
2336692,2336692,Lepidotrigla papilio,-38.05,144.87083
2336692,2336692,Lepidotrigla papilio,-38.106,144.4
2336692,2336692,Lepidotrigla papilio,-38.25333,145.00667
2336692,2336692,Lepidotrigla papilio,-37.9285,144.90833
2336692,2336692,Lepidotrigla papilio,-38.24667,144.9935
2336692,2336692,Lepidotrigla papilio,-38.11167,144.56417
2336692,2336692,Lepidotrigla papilio,-37.9315,144.90667
2336692,2336692,Lepidotrigla papilio,-38.20167,144.9075
2336692,2336692,Lepidotrigla papilio,-38.11167,144.56417
2336692,2336692,Lepidotrigla papilio,-37.88533,144.93833
2336692,2336692,Lepidotrigla papilio,-38.25417,145.00333
2336692,2336692,Lepidotrigla papilio,-38.2575,145.01
2336692,2336692,Lepidotrigla papilio,-38.01667,145.04867
2336692,2336692,Lepidotrigla papilio,-38.1755,144.7825
2336692,2336692,Lepidotrigla papilio,-38.17783,144.73367
2336692,2336692,Lepidotrigla papilio,-38.1755,144.74533
2336692,2336692,Lepidotrigla papilio,-38.05833,144.793
2336692,2336692,Lepidotrigla papilio,-38.03583,144.77333
2336692,2336692,Lepidotrigla papilio,-37.9315,144.90667
2336692,2336692,Lepidotrigla papilio,-38.17783,144.73367
2336692,2336692,Lepidotrigla papilio,-38.05833,144.79467
2336692,2336692,Lepidotrigla papilio,-37.88533,144.93833
2336692,2336692,Lepidotrigla papilio,-38.17617,144.76233
2336692,2336692,Lepidotrigla papilio,-37.97,144.9
2336692,2336692,Lepidotrigla papilio,-38.02317,144.74517
2336692,2336692,Lepidotrigla papilio,-38.01917,144.745
2336692,2336692,Lepidotrigla papilio,-38.01167,145.04333
2336692,2336692,Lepidotrigla papilio,-38.1755,144.74533
2336692,2336692,Lepidotrigla papilio,-38.11167,144.56417
2336692,2336692,Lepidotrigla papilio,-38.03583,144.77333
2336692,2336692,Lepidotrigla papilio,-37.9285,144.90833
2336692,2336692,Lepidotrigla papilio,-38.25333,145.00667
2336692,2336692,Lepidotrigla papilio,-38.1755,144.7825
2336692,2336692,Lepidotrigla papilio,-38.25333,145.00667
2336692,2336692,Lepidotrigla papilio,-38.05833,144.793
2336692,2336692,Lepidotrigla papilio,-38.24667,144.9935
2336692,2336692,Lepidotrigla papilio,-38.25417,145.00333
2336692,2336692,Lepidotrigla papilio,-38.03667,144.87317
2336692,2336692,Lepidotrigla papilio,-38.25333,145.00667
2336692,2336692,Lepidotrigla papilio,-38.07433,144.92867
2336692,2336692,Lepidotrigla papilio,-37.97,144.9
2336692,2336692,Lepidotrigla papilio,-38.05833,144.793
2336692,2336692,Lepidotrigla papilio,-38.03667,144.87317
2336692,2336692,Lepidotrigla papilio,-38.17567,144.73183
2336692,2336692,Lepidotrigla papilio,-38.16917,144.75983
2336692,2336692,Lepidotrigla papilio,-38.01167,145.04333
2336692,2336692,Lepidotrigla papilio,-37.9315,144.90667
2336692,2336692,Lepidotrigla papilio,-38.01917,144.745
2336692,2336692,Lepidotrigla papilio,-38.0365,144.755
2336692,2336692,Lepidotrigla papilio,-38.03667,144.87317
2336692,2336692,Lepidotrigla papilio,-38.03583,144.77333
2336692,2336692,Lepidotrigla papilio,-38.1755,144.74533
2336692,2336692,Lepidotrigla papilio,-38.2575,145.01
2336692,2336692,Lepidotrigla papilio,-38.0365,144.755
2336692,2336692,Lepidotrigla papilio,-38.07433,144.92867
2336692,2336692,Lepidotrigla papilio,-38.07433,144.92867
2336692,2336692,Lepidotrigla papilio,-38.07433,144.92867
2336692,2336692,Lepidotrigla papilio,-38.1755,144.74533
2336692,2336692,Lepidotrigla papilio,-37.97333,144.90183
2336692,2336692,Lepidotrigla papilio,-38.25567,145.01033
2336692,2336692,Lepidotrigla papilio,-38.25033,144.98367
2336692,2336692,Lepidotrigla papilio,-37.97,144.9
2336692,2336692,Lepidotrigla papilio,-37.97333,144.90183
2336692,2336692,Lepidotrigla papilio,-38.11167,144.56417
2336692,2336692,Lepidotrigla papilio,-38.03583,144.77333
2336692,2336692,Lepidotrigla papilio,-38.01167,145.04333
2336692,2336692,Lepidotrigla papilio,-38.03817,145.01167
2336692,2336692,Lepidotrigla papilio,-38.20167,144.90533
2336692,2336692,Lepidotrigla papilio,-38.08567,144.92833
2336692,2336692,Lepidotrigla papilio,-38.11167,144.56417
2336692,2336692,Lepidotrigla papilio,-38.17567,144.73183
2336692,2336692,Lepidotrigla papilio,-38.03567,145.01183
2336692,2336692,Lepidotrigla papilio,-38.2575,145.01
2336692,2336692,Lepidotrigla papilio,-38.1755,144.74533
2336692,2336692,Lepidotrigla papilio,-38.01667,145.04867
2336692,2336692,Lepidotrigla papilio,-38.03567,145.01183
2336692,2336692,Lepidotrigla papilio,-38.1755,144.7825
2336692,2336692,Lepidotrigla papilio,-38.25333,145.00667
2336692,2336692,Lepidotrigla papilio,-38.05833,144.79467
2336692,2336692,Lepidotrigla papilio,-38.17617,144.76233
2336692,2336692,Lepidotrigla papilio,-38.03567,145.01183
2336692,2336692,Lepidotrigla papilio,-38.17333,144.78317
2336692,2336692,Lepidotrigla papilio,-38.02317,144.74517
2336692,2336692,Lepidotrigla papilio,-37.97333,144.90183
2336692,2336692,Lepidotrigla papilio,-38.20167,144.90533
2336692,2336692,Lepidotrigla papilio,-38.25033,144.98367
2336692,2336692,Lepidotrigla papilio,-38.11167,144.56417
2336692,2336692,Lepidotrigla papilio,-38.25033,144.98367
2336692,2336692,Lepidotrigla papilio,-38.169,144.74733
2336692,2336692,Lepidotrigla papilio,-38.16917,144.75983
2336692,2336692,Lepidotrigla papilio,-37.97,144.9
2336692,2336692,Lepidotrigla papilio,-38.17567,144.73183
2336692,2336692,Lepidotrigla papilio,-38.05833,144.793
2336692,2336692,Lepidotrigla papilio,-38.03567,145.01183
2336692,2336692,Lepidotrigla papilio,-38.16917,144.75983
2336692,2336692,Lepidotrigla papilio,-37.97,144.9
2336692,2336692,Lepidotrigla papilio,-38.08567,144.92833
2336692,2336692,Lepidotrigla papilio,-38.25417,145.00333
2336692,2336692,Lepidotrigla papilio,-37.9285,144.90833
2336692,2336692,Lepidotrigla papilio,-38.05833,144.793
2336692,2336692,Lepidotrigla papilio,-38.03567,145.01183
2336692,2336692,Lepidotrigla papilio,-38.0365,144.755
2336692,2336692,Lepidotrigla papilio,-38.11067,144.564
2336692,2336692,Lepidotrigla papilio,-37.88583,144.94033
2336692,2336692,Lepidotrigla papilio,-38.17333,144.78317
2336692,2336692,Lepidotrigla papilio,-38.05833,144.793
2336692,2336692,Lepidotrigla papilio,-38.25567,145.01033
2336692,2336692,Lepidotrigla papilio,-38.25417,145.00333
2336692,2336692,Lepidotrigla papilio,-38.2575,145.01
2336692,2336692,Lepidotrigla papilio,-38.16917,144.75983
2336692,2336692,Lepidotrigla papilio,-38.01917,144.745
2336692,2336692,Lepidotrigla papilio,-38.07433,144.92867
2336692,2336692,Lepidotrigla papilio,-38.1755,144.7825
2336692,2336692,Lepidotrigla papilio,-38.17617,144.76233
2336692,2336692,Lepidotrigla papilio,-38.00583,145.05683
2336692,2336692,Lepidotrigla papilio,-37.88583,144.94033
2336692,2336692,Lepidotrigla papilio,-38.25567,145.01033
2336692,2336692,Lepidotrigla papilio,-38.03583,144.77333
2336692,2336692,Lepidotrigla papilio,-37.97333,144.90183
2336692,2336692,Lepidotrigla papilio,-37.9315,144.90667
2336692,2336692,Lepidotrigla papilio,-37.9315,144.90667
2336692,2336692,Lepidotrigla papilio,-38.05833,144.79467
2336692,2336692,Lepidotrigla papilio,-38.02317,144.74517
2336692,2336692,Lepidotrigla papilio,-38.25417,145.00333
2336692,2336692,Lepidotrigla papilio,-38.05833,144.793
2336692,2336692,Lepidotrigla papilio,-38.25417,145.00333
2336692,2336692,Lepidotrigla papilio,-38.20167,144.90533
2336692,2336692,Lepidotrigla papilio,-38.25333,145.00667
2336692,2336692,Lepidotrigla papilio,-38.1755,144.7825
2336692,2336692,Lepidotrigla papilio,-38.20167,144.9075
2336692,2336692,Lepidotrigla papilio,-38.16917,144.75983
2336692,2336692,Lepidotrigla papilio,-37.9315,144.90667
2336692,2336692,Lepidotrigla papilio,-38.02317,144.74517
2336692,2336692,Lepidotrigla papilio,-38.20167,144.90533
2336692,2336692,Lepidotrigla papilio,-38.11067,144.564
2336692,2336692,Lepidotrigla papilio,-37.97333,144.90183
2336692,2336692,Lepidotrigla papilio,-38.25417,145.00333
2336692,2336692,Lepidotrigla papilio,-38.03567,145.01183
2336692,2336692,Lepidotrigla papilio,-38.25033,144.98367
2336692,2336692,Lepidotrigla papilio,-38.17617,144.76233
2336692,2336692,Lepidotrigla papilio,-38.08567,144.92833
2336692,2336692,Lepidotrigla papilio,-38.169,144.74733
2336692,2336692,Lepidotrigla papilio,-38.05833,144.793
2336692,2336692,Lepidotrigla papilio,-38.05833,144.79467
2336692,2336692,Lepidotrigla papilio,-38.03817,145.01167
2336692,2336692,Lepidotrigla papilio,-37.97333,144.90183
2336692,2336692,Lepidotrigla papilio,-38.17333,144.78317
2336692,2336692,Lepidotrigla papilio,-38.05,144.87083
2336692,2336692,Lepidotrigla papilio,-38.03667,144.87317
2336692,2336692,Lepidotrigla papilio,-38.03667,144.87317
2336692,2336692,Lepidotrigla papilio,-38.1755,144.7825
2336692,2336692,Lepidotrigla papilio,-38.11067,144.564
2336692,2336692,Lepidotrigla papilio,-38.24667,144.9935
2336692,2336692,Lepidotrigla papilio,-38.24667,144.9935
2336692,2336692,Lepidotrigla papilio,-37.97333,144.90183
2336692,2336692,Lepidotrigla papilio,-38.03817,145.01167
2336692,2336692,Lepidotrigla papilio,-38.17783,144.73367
2336692,2336692,Lepidotrigla papilio,-38.07433,144.92867
2336692,2336692,Lepidotrigla papilio,-38.01667,145.04867
2336692,2336692,Lepidotrigla papilio,-38.01917,144.745
2336692,2336692,Lepidotrigla papilio,-38.17617,144.76233
2336692,2336692,Lepidotrigla papilio,-38.05833,144.79467
2336692,2336692,Lepidotrigla papilio,-38.08567,144.92833
2336692,2336692,Lepidotrigla papilio,-37.97,144.9
2336692,2336692,Lepidotrigla papilio,-38.08567,144.92833
2336692,2336692,Lepidotrigla papilio,-37.9285,144.90833
2336692,2336692,Lepidotrigla papilio,-38.01667,145.04867
2336692,2336692,Lepidotrigla papilio,-38.1755,144.74533
2336692,2336692,Lepidotrigla papilio,-38.20167,144.9075
2336692,2336692,Lepidotrigla papilio,-38.25033,144.98367
2336692,2336692,Lepidotrigla papilio,-38.20167,144.90533
2336692,2336692,Lepidotrigla papilio,-38.17567,144.73183
2336692,2336692,Lepidotrigla papilio,-38.03567,145.01183
2336692,2336692,Lepidotrigla papilio,-38.17567,144.73183
2336692,2336692,Lepidotrigla papilio,-38.05,144.87083
2336692,2336692,Lepidotrigla papilio,-38.03817,145.01167
2336692,2336692,Lepidotrigla papilio,-38.20167,144.90533
2336692,2336692,Lepidotrigla papilio,-38.25417,145.00333
2336692,2336692,Lepidotrigla papilio,-38.25567,145.01033
2336692,2336692,Lepidotrigla papilio,-38.05833,144.79467
2336692,2336692,Lepidotrigla papilio,-38.20167,144.90533
2336692,2336692,Lepidotrigla papilio,-38.17617,144.76233
2336692,2336692,Lepidotrigla papilio,-38.17617,144.76233
2336692,2336692,Lepidotrigla papilio,-38.25033,144.98367
2336692,2336692,Lepidotrigla papilio,-38.20167,144.9075
2336692,2336692,Lepidotrigla papilio,-38.01667,145.04867
2336692,2336692,Lepidotrigla papilio,-38.03817,145.01167
2336692,2336692,Lepidotrigla papilio,-38.0365,144.755
2336692,2336692,Lepidotrigla papilio,-38.01917,144.745
2336692,2336692,Lepidotrigla papilio,-38.1755,144.7825
2336692,2336692,Lepidotrigla papilio,-37.995,144.7235
2336692,2336692,Lepidotrigla papilio,-38.01167,145.04333
2336692,2336692,Lepidotrigla papilio,-38.11067,144.564
2336692,2336692,Lepidotrigla papilio,-38.16917,144.75983
2336692,2336692,Lepidotrigla papilio,-38.05833,144.79467
2336692,2336692,Lepidotrigla papilio,-38.1125,144.38583
2336692,2336692,Lepidotrigla papilio,-37.9315,144.90667
2336692,2336692,Lepidotrigla papilio,-38.02317,144.74517
2336692,2336692,Lepidotrigla papilio,-38.11067,144.564
2336692,2336692,Lepidotrigla papilio,-38.07433,144.92867
2336692,2336692,Lepidotrigla papilio,-38.05,144.87083
2336692,2336692,Lepidotrigla papilio,-37.88583,144.94033
2336692,2336692,Lepidotrigla papilio,-38.05,144.87083
2336692,2336692,Lepidotrigla papilio,-38.08567,144.92833
2336692,2336692,Lepidotrigla papilio,-38.17333,144.78317
2336692,2336692,Lepidotrigla papilio,-38.0365,144.755
2336692,2336692,Lepidotrigla papilio,-38.17783,144.73367
2336692,2336692,Lepidotrigla papilio,-38.03817,145.01167
2336692,2336692,Lepidotrigla papilio,-38.24667,144.9935
2336692,2336692,Lepidotrigla papilio,-38.03817,145.01167
2336692,2336692,Lepidotrigla papilio,-38.05833,144.79467
2336692,2336692,Lepidotrigla papilio,-38.03817,145.01167
2336692,2336692,Lepidotrigla papilio,-37.88583,144.94033
2336692,2336692,Lepidotrigla papilio,-38.20167,144.90533
2336692,2336692,Lepidotrigla papilio,-38.1125,144.38583
2336692,2336692,Lepidotrigla papilio,-38.17617,144.76233
2336692,2336692,Lepidotrigla papilio,-38.02317,144.74517
2336692,2336692,Lepidotrigla papilio,-38.20167,144.9075
2336692,2336692,Lepidotrigla papilio,-37.9285,144.90833
2336692,2336692,Lepidotrigla papilio,-38.17333,144.78317
2336692,2336692,Lepidotrigla papilio,-38.08567,144.92833
2336692,2336692,Lepidotrigla papilio,-38.20167,144.9075
2336692,2336692,Lepidotrigla papilio,-38.05,144.87083
2336692,2336692,Lepidotrigla papilio,-38.17783,144.73367
2336692,2336692,Lepidotrigla papilio,-38.11067,144.564
2336692,2336692,Lepidotrigla papilio,-38.25033,144.98367
2336692,2336692,Lepidotrigla papilio,-38.169,144.74733
2336692,2336692,Lepidotrigla papilio,-38.106,144.4
2336692,2336692,Lepidotrigla papilio,-37.88583,144.94033
2336692,2336692,Lepidotrigla papilio,-38.0365,144.755
2336692,2336692,Lepidotrigla papilio,-37.97333,144.90183
2336692,2336692,Lepidotrigla papilio,-38.01667,145.04867
2336692,2336692,Lepidotrigla papilio,-37.9285,144.90833
2336692,2336692,Lepidotrigla papilio,-38.25567,145.01033
2336692,2336692,Lepidotrigla papilio,-38.169,144.74733
2336692,2336692,Lepidotrigla papilio,-38.03583,144.77333
2336692,2336692,Lepidotrigla papilio,-38.03667,144.87317
2336692,2336692,Lepidotrigla papilio,-37.88533,144.93833
2336692,2336692,Lepidotrigla papilio,-38.17333,144.78317
2336692,2336692,Lepidotrigla papilio,-38.01917,144.745
2336692,2336692,Lepidotrigla papilio,-37.9315,144.90667
2336692,2336692,Lepidotrigla papilio,-38.24667,144.9935
2336692,2336692,Lepidotrigla papilio,-38.11167,144.56417
2336692,2336692,Lepidotrigla papilio,-38.17333,144.78317
2336692,2336692,Lepidotrigla papilio,-38.01667,145.04867
2336692,2336692,Lepidotrigla papilio,-38.0365,144.755
2336692,2336692,Lepidotrigla papilio,-38.01167,145.04333
2336692,2336692,Lepidotrigla papilio,-38.169,144.74733
2336692,2336692,Lepidotrigla papilio,-38.16917,144.75983
2336692,2336692,Lepidotrigla papilio,-38.25333,145.00667
2336692,2336692,Lepidotrigla papilio,-38.01167,145.04333
2336692,2336692,Lepidotrigla papilio,-37.9285,144.90833
2336692,2336692,Lepidotrigla papilio,-38.03583,144.77333
2336692,2336692,Lepidotrigla papilio,-38.169,144.74733
2336692,2336692,Lepidotrigla papilio,-38.02317,144.74517
2336692,2336692,Lepidotrigla papilio,-38.25333,145.00667
2336692,2336692,Lepidotrigla papilio,-38.20167,144.9075
2336692,2336692,Lepidotrigla papilio,-38.08567,144.92833
2336692,2336692,Lepidotrigla papilio,-38.03667,144.87317
2336692,2336692,Lepidotrigla papilio,-38.05,144.87083
2336692,2336692,Lepidotrigla papilio,-38.02317,144.74517
2336692,2336692,Lepidotrigla papilio,-38.0365,144.755
2336692,2336692,Lepidotrigla papilio,-38.106,144.4
2336692,2336692,Lepidotrigla papilio,-38.24667,144.9935
2336692,2336692,Lepidotrigla papilio,-38.03667,144.87317
2336692,2336692,Lepidotrigla papilio,-38.05,144.87083
2336692,2336692,Lepidotrigla papilio,-38.1755,144.74533
2336692,2336692,Lepidotrigla papilio,-38.25033,144.98367
2336692,2336692,Lepidotrigla papilio,-38.169,144.74733
2336692,2336692,Lepidotrigla papilio,-38.2575,145.01
2336692,2336692,Lepidotrigla papilio,-38.01917,144.745
2336692,2336692,Lepidotrigla papilio,-38.01667,145.04867
2336692,2336692,Lepidotrigla papilio,-38.17333,144.78317
2336692,2336692,Lepidotrigla papilio,-38.03583,144.77333
2336692,2336692,Lepidotrigla papilio,-37.88533,144.93833
2336692,2336692,Lepidotrigla papilio,-38.1755,144.74533
2336692,2336692,Lepidotrigla papilio,-37.88583,144.94033
2336692,2336692,Lepidotrigla papilio,-38.24667,144.9935
2336692,2336692,Lepidotrigla papilio,-38.1125,144.38583
2336692,2336692,Lepidotrigla papilio,-38.027,145.075
2336692,2336692,Lepidotrigla papilio,-38.027,145.075
2336692,2336692,Lepidotrigla papilio,-38.027,145.075
2336692,2336692,Lepidotrigla papilio,-29.417,153.583
2336692,2336692,Lepidotrigla papilio,-29.417,153.583
2336692,2336692,Lepidotrigla papilio,-28.4,153.667
2336692,2336692,Lepidotrigla papilio,-28.4,153.667
2336692,2336692,Lepidotrigla papilio,-28.4,153.667
2336692,2336692,Lepidotrigla papilio,-29.417,153.583
2336692,2336692,Lepidotrigla papilio,-32.917,151.983
2336692,2336692,Lepidotrigla papilio,-32.917,151.983
2336692,2336692,Lepidotrigla papilio,-32.917,151.983
2336692,2336692,Lepidotrigla papilio,-29.417,153.583
2336692,2336692,Lepidotrigla papilio,-29.417,153.583
2336692,2336692,Lepidotrigla papilio,-29.417,153.583
2336692,2336692,Lepidotrigla papilio,-29.417,153.583
2336692,2336692,Lepidotrigla papilio,-34.85,150.817
2336692,2336692,Lepidotrigla papilio,-34.817,150.817
2336692,2336692,Lepidotrigla papilio,-34.833,150.8
2336692,2336692,Lepidotrigla papilio,-29.417,153.583
2336692,2336692,Lepidotrigla papilio,-35.1389,150.733
2336692,2336692,Lepidotrigla papilio,-35.1389,150.733
2336692,2336692,Lepidotrigla papilio,-30.467,153.133
2336692,2336692,Lepidotrigla papilio,-30.467,153.133
2336692,2336692,Lepidotrigla papilio,-33.85,151.3
2336692,2336692,Lepidotrigla papilio,-35.7,150.23334
2336692,2336692,Lepidotrigla papilio,-35.0316,150.779
2336692,2336692,Lepidotrigla papilio,-38.4,145.25
2336692,2336692,Lepidotrigla papilio,-34.25,151.483
2336692,2336692,Lepidotrigla papilio,-34.233,151.5
2336692,2336692,Lepidotrigla papilio,-29.4,153.5
2336692,2336692,Lepidotrigla papilio,-33.575,151.68333
2336692,2336692,Lepidotrigla papilio,-35.08,117.92
2336692,2336692,Lepidotrigla papilio,-35.033333,117.883333
2336692,2336692,Lepidotrigla papilio,-35.033333,117.883333
2336692,2336692,Lepidotrigla papilio,-29.367,153.517
2336692,2336692,Lepidotrigla papilio,-29.3,153.5
2336692,2336692,Lepidotrigla papilio,-29.017,153.6
2336692,2336692,Lepidotrigla papilio,-29.517,153.467
2336692,2336692,Lepidotrigla papilio,-38.4133,145.252
2336692,2336692,Lepidotrigla papilio,-35,150.75
2336692,2336692,Lepidotrigla papilio,-29.35,153.48167
2336692,2336692,Lepidotrigla papilio,-29.541666,153.44167
2336692,2336692,Lepidotrigla papilio,-29.35,153.483
2336692,2336692,Lepidotrigla papilio,-29.65,153.383
2336692,2336692,Lepidotrigla papilio,-32.817,152.033
2336692,2336692,Lepidotrigla papilio,-32.683,152.267
2336692,2336692,Lepidotrigla papilio,-32.117,152.533
2336692,2336692,Lepidotrigla papilio,-29.391666,153.47333
2336692,2336692,Lepidotrigla papilio,-29.65,153.4
2336692,2336692,Lepidotrigla papilio,-29.35,153.483
2336692,2336692,Lepidotrigla papilio,-29.333,153.433
2336692,2336692,Lepidotrigla papilio,-29.417,153.433
2336692,2336692,Lepidotrigla papilio,-33.5,137.58
2336692,2336692,Lepidotrigla papilio,-35.45,136.83
2336692,2336692,Lepidotrigla papilio,-37.87,148.162
2336692,2336692,Lepidotrigla papilio,-35.033,150.75
2336692,2336692,Lepidotrigla papilio,-35.06,150.72
2336692,2336692,Lepidotrigla papilio,-37.53424,149.79671
2336692,2336692,Lepidotrigla papilio,-38.37,144.83
2336692,2336692,Lepidotrigla papilio,-38.18,144.75
2336692,2336692,Lepidotrigla papilio,-35.05,150.75
2336692,2336692,Lepidotrigla papilio,-35.4583,137.5919
2336692,2336692,Lepidotrigla papilio,-35.57,137.63
2336692,2336692,Lepidotrigla papilio,-35.5236,137.5383
2336692,2336692,Lepidotrigla papilio,-35.53,137.72
2336692,2336692,Lepidotrigla papilio,-35.5236,137.5383
2336692,2336692,Lepidotrigla papilio,-35.4919,137.7086
2336692,2336692,Lepidotrigla papilio,-35.1,150.733
2336692,2336692,Lepidotrigla papilio,-32.43,133.48
2336692,2336692,Lepidotrigla papilio,-33.28,134.6
2336692,2336692,Lepidotrigla papilio,-39.0152,143.35
2336692,2336692,Lepidotrigla papilio,-33.3342,134.6464
2336692,2336692,Lepidotrigla papilio,-33.3342,134.6464
2336692,2336692,Lepidotrigla papilio,-35.18,138.1
2336692,2336692,Lepidotrigla papilio,-35.18,138.1
2336692,2336692,Lepidotrigla papilio,-35.63,137.77
2336692,2336692,Lepidotrigla papilio,-35.63,137.77
2336692,2336692,Lepidotrigla papilio,-38.1333,141.1
2336692,2336692,Lepidotrigla papilio,-35.083,150.733
2336692,2336692,Lepidotrigla papilio,-33.783333,151.283333
2336692,2336692,Lepidotrigla papilio,-33.3803,134.6314
2336692,2336692,Lepidotrigla papilio,-33.9792,136.9
2336692,2336692,Lepidotrigla papilio,-34.5,136.92
2336692,2336694,Lepidotrigla papilio,-33.85365,151.21099
2336692,2336692,Lepidotrigla papilio,-38.895,147.108
2336692,2336692,Lepidotrigla papilio,-38.895,147.108
2336692,2336692,Lepidotrigla papilio,-32.501667,126.751667
2336692,2336692,Lepidotrigla papilio,-32.501667,126.751667
2336692,2336692,Lepidotrigla papilio,-32.5017,126.752
2336692,2336692,Lepidotrigla papilio,-32.501667,126.751667
2336692,2336692,Lepidotrigla papilio,-32.501667,126.751667
2336692,2336692,Lepidotrigla papilio,-33.6833,136.9167
2336692,2336692,Lepidotrigla papilio,-33.6833,136.9167
2336692,2336692,Lepidotrigla papilio,-37.7452,149.51186
2336692,2336692,Lepidotrigla papilio,-37.88,144.98
2336692,2336692,Lepidotrigla papilio,-40.6342,145.38
2336692,2336692,Lepidotrigla papilio,-40.5183,145.067
2336692,2336692,Lepidotrigla papilio,-40.37,145.283
2336692,2336692,Lepidotrigla papilio,-39.5467,144.35
2336692,2336692,Lepidotrigla papilio,-40.8133,145.367
2336692,2336692,Lepidotrigla papilio,-40.3967,145.533
2336692,2336692,Lepidotrigla papilio,-40.6717,145.25
2336692,2336692,Lepidotrigla papilio,-35.1,150.733
2336692,2336692,Lepidotrigla papilio,-33.833332,151.28334
2336692,2336692,Lepidotrigla papilio,-35.333332,137.83333
2336692,2336692,Lepidotrigla papilio,-29.883333,153.60834
2336692,2336692,Lepidotrigla papilio,-29.9,153.6
2336692,2336692,Lepidotrigla papilio,-33.816666,151.28334
2336692,2336692,Lepidotrigla papilio,-33.83889,151.27806
2336692,2336692,Lepidotrigla papilio,-33.866665,151.26666
2336692,2336692,Lepidotrigla papilio,-33.825,151.28334
2336692,2336692,Lepidotrigla papilio,-32.05,115.73333
2336692,2336692,Lepidotrigla papilio,-37.95,144.95
2336692,2336692,Lepidotrigla papilio,-35.083332,150.75
2336692,2336692,Lepidotrigla papilio,-35.05,150.73334
2336692,2336692,Lepidotrigla papilio,-39.01666,144.52639
2336692,2336692,Lepidotrigla papilio,-38.17,144.83
2336692,2336692,Lepidotrigla papilio,-35.05,138.52
2336692,2336692,Lepidotrigla papilio,-34.73,135.92
2336692,2336692,Lepidotrigla papilio,-33.9,137.6
2336692,2336692,Lepidotrigla papilio,-38.17,144.83
2336692,2336692,Lepidotrigla papilio,-34.798333,138.363333
2336692,2336692,Lepidotrigla papilio,-37.9025,144.956
2336692,2336692,Lepidotrigla papilio,-35.7167,137.95
2336692,2336692,Lepidotrigla papilio,-34.783333,138.16667
2336692,2336692,Lepidotrigla papilio,-37.87,144.85
2336692,2336692,Lepidotrigla papilio,-35.1667,137.9167
2336692,2336692,Lepidotrigla papilio,-34.366665,119.583336
2336692,2336692,Lepidotrigla papilio,-34.366665,119.583336
2336692,2336692,Lepidotrigla papilio,-34.366665,119.583336
2336692,2336692,Lepidotrigla papilio,-34.366665,119.583336
2336692,2336692,Lepidotrigla papilio,-34,119
2336692,2336692,Lepidotrigla papilio,-37.85,144.97
2336692,2336692,Lepidotrigla papilio,-37.85,144.97
2336692,2336692,Lepidotrigla papilio,-33.82,151.26666
2336692,2336692,Lepidotrigla papilio,-33.82,151.26666
2336692,2336692,Lepidotrigla papilio,-33.82,151.26666
2336692,2336692,Lepidotrigla papilio,-33.82,151.26666
2336692,2336692,Lepidotrigla papilio,-34.866665,150.83333
2336692,2336692,Lepidotrigla papilio,-35.05,150.73334
2336692,2336692,Lepidotrigla papilio,-38.0111,145.083
2336692,2336692,Lepidotrigla papilio,-33.816666,151.28334
2336692,2336692,Lepidotrigla papilio,-33.81389,151.28612
2336692,2336692,Lepidotrigla papilio,-33.81389,151.28612
2336692,2336692,Lepidotrigla papilio,-33.8,151.28334
2336692,2336692,Lepidotrigla papilio,-38.0111,145.083
2336692,2336692,Lepidotrigla papilio,-38.0111,145.083
2336692,2336692,Lepidotrigla papilio,-33.82,151.26666
2336692,2336692,Lepidotrigla papilio,-33.883335,151.21666
2336692,2336692,Lepidotrigla papilio,-33.883335,151.21666
2336692,2336692,Lepidotrigla papilio,-33.883335,151.21666
2336692,2336692,Lepidotrigla papilio,-33.82,151.26666
2336692,2336692,Lepidotrigla papilio,-37.85,144.93333
2336692,2336692,Lepidotrigla papilio,-33.85,151.26666
2336692,2336692,Lepidotrigla papilio,-33.85,151.26666
2336692,2336692,Lepidotrigla papilio,-38.27,144.65
2336692,2336692,Lepidotrigla papilio,-37.87,144.93
2336692,2336692,Lepidotrigla papilio,-37.87,144.93
2336692,2336692,Lepidotrigla papilio,-39.788595,147.860985
2336692,2336692,Lepidotrigla papilio,-34.73,135.87
2336692,2336692,Lepidotrigla papilio,-35.9833,138.2681
2336692,2336692,Lepidotrigla papilio,-37.767,144.967
2336692,2336692,Lepidotrigla papilio,-42,143
2336692,2336692,Lepidotrigla papilio,-42,143
2336692,2336692,Lepidotrigla papilio,-37.767,144.967
2336692,2336692,Lepidotrigla papilio,-37.917,144.8
2336692,2336692,Lepidotrigla papilio,-33.75,137.5
2336692,2336692,Lepidotrigla papilio,-32.18333,115.71667
2336692,2336692,Lepidotrigla papilio,-32.18333,115.71667
2336692,2336692,Lepidotrigla papilio,-32.2,115.66667
2336692,2336692,Lepidotrigla papilio,-32.03333,115.66667
2336692,2336692,Lepidotrigla papilio,-32.03333,115.66667
2336692,2336692,Lepidotrigla papilio,-32.25,115.63333
2336692,2336692,Lepidotrigla papilio,-32.25,115.63333
2336692,2336692,Lepidotrigla papilio,-33.61667,115.3
2336692,2336692,Lepidotrigla papilio,-35.01667,117.95
2336692,2336692,Lepidotrigla papilio,-32,115.66667
2336692,2336692,Lepidotrigla papilio,-33.5,115.033333
2336692,2336692,Lepidotrigla papilio,-33.5,115.033333
2336692,2336692,Lepidotrigla papilio,-33.55,114.966667
2336692,2336692,Lepidotrigla papilio,-34.95,116.48333
2336692,2336692,Lepidotrigla papilio,-35,117.86667
2336692,2336692,Lepidotrigla papilio,-35,117.86667
2336692,2336692,Lepidotrigla papilio,-35.05,117.96667
2336692,2336692,Lepidotrigla papilio,-31.08333,114.91667
2336692,2336692,Lepidotrigla papilio,-33,152
2336692,2336692,Lepidotrigla papilio,-37.83,144.93
2336692,2336692,Lepidotrigla papilio,-35.9833,138.2681
2336692,2336692,Lepidotrigla papilio,-35.9833,138.2681
2336692,2336692,Lepidotrigla papilio,-34.87,138.2375
2336692,2336692,Lepidotrigla papilio,-34.87,138.2375
2336692,2336692,Lepidotrigla papilio,-35.58,137.52
2336692,2336692,Lepidotrigla papilio,-38.8039,137.46190000000001
2336692,2336692,Lepidotrigla papilio,-33.3,134.58
2336692,2336692,Lepidotrigla papilio,-35.7553,138.2217
2336692,2336692,Lepidotrigla papilio,-33.68,136.92
2336692,2336692,Lepidotrigla papilio,-33.25,134.6333
2336692,2336692,Lepidotrigla papilio,-33.6833,136.9167
2336692,2336692,Lepidotrigla papilio,-35.82,137.78
2336692,2336692,Lepidotrigla papilio,-34.033333,151.18333
2336692,2336692,Lepidotrigla papilio,-34,119
2336692,2336692,Lepidotrigla papilio,-34,119
2336692,2336692,Lepidotrigla papilio,-34,119
2336692,2336692,Lepidotrigla papilio,-34.03333,122.05
