requested_taxonKey,record_taxonKey,species_name,decimalLatitude,decimalLongitude
2336704,2336704,Lepidotrigla vanessa,-40.323211,148.768471
2336704,2336704,Lepidotrigla vanessa,-38.957995,148.32096
2336704,2336704,Lepidotrigla vanessa,-40.323211,148.768471
2336704,2336704,Lepidotrigla vanessa,-38.957995,148.32096
2336704,2336704,Lepidotrigla vanessa,-40.32611,148.7675
2336704,2336704,Lepidotrigla vanessa,-40.32611,148.7675
2336704,2336704,Lepidotrigla vanessa,-37.3275,150.07944
2336704,2336704,Lepidotrigla vanessa,-37.3275,150.07944
2336704,2336704,Lepidotrigla vanessa,-38.949722,148.32611
2336704,2336704,Lepidotrigla vanessa,-40.920833,144.456333
2336704,10511542,Lepidotrigla vanessa,-40.921,144.456
2336704,2336704,Lepidotrigla vanessa,-40.920833,144.456333
2336704,2336704,Lepidotrigla vanessa,-38.35669,144.773624
2336704,2336704,Lepidotrigla vanessa,-39.2411,148.104
2336704,2336704,Lepidotrigla vanessa,-39.8819,145.035
2336704,2336704,Lepidotrigla vanessa,-39.8819,145.035
2336704,2336704,Lepidotrigla vanessa,-39.2411,148.104
2336704,2336704,Lepidotrigla vanessa,-39.3617,146.836
2336704,2336704,Lepidotrigla vanessa,-39.3861,146.927
2336704,2336704,Lepidotrigla vanessa,-39.5711,146.616
2336704,2336704,Lepidotrigla vanessa,-39.5711,146.616
2336704,2336704,Lepidotrigla vanessa,-38.368178,144.822463
2336704,2336704,Lepidotrigla vanessa,-37.53444,139.45347
2336704,2336704,Lepidotrigla vanessa,-37.53444,139.45347
2336704,2336704,Lepidotrigla vanessa,-33.575,151.48334
2336704,2336704,Lepidotrigla vanessa,-33.583,151.483
2336704,2336704,Lepidotrigla vanessa,-39.75,143.75
2336704,2336704,Lepidotrigla vanessa,-31.8305,130.755167
2336704,2336704,Lepidotrigla vanessa,-31.8305,130.755167
2336704,2336704,Lepidotrigla vanessa,-31.8305,130.755167
2336704,2336704,Lepidotrigla vanessa,-31.8305,130.755167
2336704,2336704,Lepidotrigla vanessa,-38.3,144.744
2336704,10511542,Lepidotrigla vanessa,-38.285,144.7439
2336704,2336704,Lepidotrigla vanessa,-37.808333,148.02
2336704,2336704,Lepidotrigla vanessa,-37.8,148.95
2336704,10511542,Lepidotrigla vanessa,-37.8,148.95
2336704,2336704,Lepidotrigla vanessa,-37.8,148.95
2336704,2336704,Lepidotrigla vanessa,-37.58166,149.85833
2336704,2336704,Lepidotrigla vanessa,-37.28666,149.9975
2336704,2336704,Lepidotrigla vanessa,-37.58166,149.85833
2336704,2336704,Lepidotrigla vanessa,-37.58166,149.85833
2336704,2336704,Lepidotrigla vanessa,-37.58166,149.85833
2336704,2336704,Lepidotrigla vanessa,-37.58166,149.85833
2336704,2336704,Lepidotrigla vanessa,-37.58166,149.85833
2336704,2336704,Lepidotrigla vanessa,-37.58166,149.85833
2336704,2336704,Lepidotrigla vanessa,-37.58166,149.85833
2336704,2336704,Lepidotrigla vanessa,-37.58166,149.85833
2336704,2336704,Lepidotrigla vanessa,-37.58166,149.85833
2336704,2336704,Lepidotrigla vanessa,-37.31,150.02
2336704,2336704,Lepidotrigla vanessa,-37.31,150.02
2336704,2336704,Lepidotrigla vanessa,-37.31,150.02
2336704,2336704,Lepidotrigla vanessa,-37.31,150.02
2336704,2336704,Lepidotrigla vanessa,-37.31,150.02
2336704,2336704,Lepidotrigla vanessa,-37.31,150.02
2336704,2336704,Lepidotrigla vanessa,-37.31,150.02
2336704,2336704,Lepidotrigla vanessa,-37.31,150.02
2336704,2336704,Lepidotrigla vanessa,-36.38416,150.15166
2336704,2336704,Lepidotrigla vanessa,-36.38416,150.15166
2336704,2336704,Lepidotrigla vanessa,-36.38416,150.15166
2336704,2336704,Lepidotrigla vanessa,-36.38416,150.15166
2336704,2336704,Lepidotrigla vanessa,-36.38416,150.15166
2336704,2336704,Lepidotrigla vanessa,-36.38416,150.15166
2336704,2336704,Lepidotrigla vanessa,-36.38416,150.15166
2336704,2336704,Lepidotrigla vanessa,-36.38416,150.15166
2336704,2336704,Lepidotrigla vanessa,-36.38416,150.15166
2336704,2336704,Lepidotrigla vanessa,-36.38416,150.15166
2336704,2336704,Lepidotrigla vanessa,-36.38416,150.15166
2336704,2336704,Lepidotrigla vanessa,-36.38416,150.15166
2336704,2336704,Lepidotrigla vanessa,-36.38416,150.15166
2336704,2336704,Lepidotrigla vanessa,-36.38416,150.15166
2336704,2336704,Lepidotrigla vanessa,-37.59166,149.8125
2336704,2336704,Lepidotrigla vanessa,-36.38416,150.15166
2336704,2336704,Lepidotrigla vanessa,-37.28666,149.9975
2336704,2336704,Lepidotrigla vanessa,-37.28666,149.9975
2336704,2336704,Lepidotrigla vanessa,-37.28666,149.9975
2336704,2336704,Lepidotrigla vanessa,-37.28666,149.9975
2336704,2336704,Lepidotrigla vanessa,-37.28666,149.9975
2336704,2336704,Lepidotrigla vanessa,-37.28666,149.9975
2336704,2336704,Lepidotrigla vanessa,-37.28666,149.9975
2336704,2336704,Lepidotrigla vanessa,-37.28666,149.9975
2336704,2336704,Lepidotrigla vanessa,-37.28666,149.9975
2336704,2336704,Lepidotrigla vanessa,-37.835,149.07418
2336704,2336704,Lepidotrigla vanessa,-37.835,149.07418
2336704,2336704,Lepidotrigla vanessa,-37.835,149.07418
2336704,2336704,Lepidotrigla vanessa,-37.835,149.07418
2336704,2336704,Lepidotrigla vanessa,-37.835,149.07418
2336704,2336704,Lepidotrigla vanessa,-37.835,149.07418
2336704,2336704,Lepidotrigla vanessa,-37.835,149.07418
2336704,2336704,Lepidotrigla vanessa,-37.835,149.07418
2336704,2336704,Lepidotrigla vanessa,-37.835,149.07418
2336704,2336704,Lepidotrigla vanessa,-37.835,149.07418
2336704,2336704,Lepidotrigla vanessa,-37.835,149.07418
2336704,2336704,Lepidotrigla vanessa,-37.835,149.07418
2336704,2336704,Lepidotrigla vanessa,-37.835,149.07418
2336704,2336704,Lepidotrigla vanessa,-37.835,149.07418
2336704,2336704,Lepidotrigla vanessa,-37.835,149.07418
2336704,2336704,Lepidotrigla vanessa,-37.58166,149.85833
2336704,2336704,Lepidotrigla vanessa,-37.58166,149.85833
2336704,2336704,Lepidotrigla vanessa,-37.58166,149.85833
2336704,2336704,Lepidotrigla vanessa,-37.58166,149.85833
2336704,2336704,Lepidotrigla vanessa,-37.58166,149.85833
2336704,2336704,Lepidotrigla vanessa,-37.58166,149.85833
2336704,2336704,Lepidotrigla vanessa,-37.58166,149.85833
2336704,2336704,Lepidotrigla vanessa,-37.58166,149.85833
2336704,2336704,Lepidotrigla vanessa,-37.58166,149.85833
2336704,2336704,Lepidotrigla vanessa,-37.58166,149.85833
2336704,2336704,Lepidotrigla vanessa,-37.58166,149.85833
2336704,2336704,Lepidotrigla vanessa,-37.58166,149.85833
2336704,2336704,Lepidotrigla vanessa,-37.58166,149.85833
2336704,2336704,Lepidotrigla vanessa,-37.59166,149.8125
2336704,2336704,Lepidotrigla vanessa,-37.59166,149.8125
2336704,2336704,Lepidotrigla vanessa,-37.59166,149.8125
2336704,2336704,Lepidotrigla vanessa,-37.59166,149.8125
2336704,2336704,Lepidotrigla vanessa,-37.59166,149.8125
2336704,2336704,Lepidotrigla vanessa,-37.59166,149.8125
2336704,2336704,Lepidotrigla vanessa,-37.59166,149.8125
2336704,2336704,Lepidotrigla vanessa,-37.59166,149.8125
2336704,2336704,Lepidotrigla vanessa,-37.59166,149.8125
2336704,2336704,Lepidotrigla vanessa,-37.59166,149.8125
2336704,2336704,Lepidotrigla vanessa,-37.28666,149.9975
2336704,2336704,Lepidotrigla vanessa,-37.28666,149.9975
2336704,2336704,Lepidotrigla vanessa,-37.28666,149.9975
2336704,2336704,Lepidotrigla vanessa,-37.28666,149.9975
2336704,2336704,Lepidotrigla vanessa,-37.28666,149.9975
2336704,2336704,Lepidotrigla vanessa,-37.28666,149.9975
2336704,2336704,Lepidotrigla vanessa,-37.28666,149.9975
2336704,2336704,Lepidotrigla vanessa,-37.28666,149.9975
2336704,2336704,Lepidotrigla vanessa,-37.28666,149.9975
2336704,2336704,Lepidotrigla vanessa,-37.28666,149.9975
2336704,2336704,Lepidotrigla vanessa,-37.28666,149.9975
2336704,2336704,Lepidotrigla vanessa,-37.28666,149.9975
2336704,2336704,Lepidotrigla vanessa,-37.28666,149.9975
2336704,2336704,Lepidotrigla vanessa,-37.28666,149.9975
2336704,2336704,Lepidotrigla vanessa,-37.835,149.07418
2336704,2336704,Lepidotrigla vanessa,-37.92916,148.245
2336704,2336704,Lepidotrigla vanessa,-36.38416,150.15166
2336704,2336704,Lepidotrigla vanessa,-37.28666,149.9975
2336704,2336704,Lepidotrigla vanessa,-38.92417,148.32583
2336704,2336704,Lepidotrigla vanessa,-37.58166,149.85833
2336704,2336704,Lepidotrigla vanessa,-37.80833,149.00833
2336704,2336704,Lepidotrigla vanessa,-37.27,150.00499
2336704,2336704,Lepidotrigla vanessa,-37.27,150.00499
2336704,2336704,Lepidotrigla vanessa,-37.57833,149.87166
2336704,2336704,Lepidotrigla vanessa,-37.57833,149.87166
2336704,2336704,Lepidotrigla vanessa,-37.57833,149.87166
2336704,2336704,Lepidotrigla vanessa,-37.57833,149.87166
2336704,2336704,Lepidotrigla vanessa,-37.27,150.00499
2336704,2336704,Lepidotrigla vanessa,-37.57833,149.87166
2336704,2336704,Lepidotrigla vanessa,-37.57833,149.87166
2336704,2336704,Lepidotrigla vanessa,-37.57833,149.87166
2336704,2336704,Lepidotrigla vanessa,-37.57833,149.87166
2336704,2336704,Lepidotrigla vanessa,-37.27,150.00499
2336704,2336704,Lepidotrigla vanessa,-37.57833,149.87166
2336704,2336704,Lepidotrigla vanessa,-37.57833,149.87166
2336704,2336704,Lepidotrigla vanessa,-37.57833,149.87166
2336704,2336704,Lepidotrigla vanessa,-37.57833,149.87166
2336704,2336704,Lepidotrigla vanessa,-37.57833,149.87166
2336704,2336704,Lepidotrigla vanessa,-37.57833,149.87166
2336704,2336704,Lepidotrigla vanessa,-37.27,150.00499
2336704,2336704,Lepidotrigla vanessa,-37.57833,149.87166
2336704,2336704,Lepidotrigla vanessa,-37.27,150.00499
2336704,2336704,Lepidotrigla vanessa,-37.57833,149.87166
2336704,2336704,Lepidotrigla vanessa,-37.57833,149.87166
2336704,2336704,Lepidotrigla vanessa,-37.57833,149.87166
2336704,2336704,Lepidotrigla vanessa,-37.27,150.00499
2336704,2336704,Lepidotrigla vanessa,-37.57833,149.87166
2336704,2336704,Lepidotrigla vanessa,-37.27,150.00499
2336704,2336704,Lepidotrigla vanessa,-37.27,150.00499
2336704,2336704,Lepidotrigla vanessa,-37.57833,149.87166
2336704,2336704,Lepidotrigla vanessa,-37.57833,149.87166
2336704,2336704,Lepidotrigla vanessa,-37.27,150.00499
2336704,2336704,Lepidotrigla vanessa,-37.57833,149.87166
2336704,2336704,Lepidotrigla vanessa,-37.27,150.00499
2336704,2336704,Lepidotrigla vanessa,-37.27,150.00499
2336704,2336704,Lepidotrigla vanessa,-37.27,150.00499
2336704,2336704,Lepidotrigla vanessa,-37.27,150.00499
2336704,2336704,Lepidotrigla vanessa,-37.27,150.00499
2336704,2336704,Lepidotrigla vanessa,-37.57833,149.87166
2336704,2336704,Lepidotrigla vanessa,-37.27,150.00499
2336704,2336704,Lepidotrigla vanessa,-37.27,150.00499
2336704,2336704,Lepidotrigla vanessa,-37.27,150.00499
2336704,2336704,Lepidotrigla vanessa,-37.27,150.00499
2336704,2336704,Lepidotrigla vanessa,-37.57833,149.87166
2336704,2336704,Lepidotrigla vanessa,-37.57833,149.87166
2336704,2336704,Lepidotrigla vanessa,-37.57833,149.87166
2336704,2336704,Lepidotrigla vanessa,-37.57833,149.87166
2336704,2336704,Lepidotrigla vanessa,-37.27,150.00499
2336704,2336704,Lepidotrigla vanessa,-37.27,150.00499
2336704,2336704,Lepidotrigla vanessa,-37.57833,149.87166
2336704,2336704,Lepidotrigla vanessa,-37.57833,149.87166
2336704,2336704,Lepidotrigla vanessa,-37.27,150.00499
2336704,2336704,Lepidotrigla vanessa,-37.57833,149.87166
2336704,2336704,Lepidotrigla vanessa,-37.57833,149.87166
2336704,2336704,Lepidotrigla vanessa,-37.27,150.00499
2336704,2336704,Lepidotrigla vanessa,-37.57833,149.87166
2336704,2336704,Lepidotrigla vanessa,-37.57833,149.87166
2336704,2336704,Lepidotrigla vanessa,-37.57833,149.87166
2336704,2336704,Lepidotrigla vanessa,-37.57833,149.87166
2336704,2336704,Lepidotrigla vanessa,-37.57833,149.87166
2336704,2336704,Lepidotrigla vanessa,-37.57833,149.87166
2336704,2336704,Lepidotrigla vanessa,-37.57833,149.87166
2336704,2336704,Lepidotrigla vanessa,-37.57833,149.87166
2336704,2336704,Lepidotrigla vanessa,-37.27,150.00499
2336704,2336704,Lepidotrigla vanessa,-37.57833,149.87166
2336704,2336704,Lepidotrigla vanessa,-37.27,150.00499
2336704,2336704,Lepidotrigla vanessa,-37.57833,149.87166
2336704,2336704,Lepidotrigla vanessa,-37.57833,149.87166
2336704,2336704,Lepidotrigla vanessa,-37.57833,149.87166
2336704,2336704,Lepidotrigla vanessa,-37.57833,149.87166
2336704,2336704,Lepidotrigla vanessa,-37.808333,148.02
2336704,2336704,Lepidotrigla vanessa,-37.6025,149.84916
2336704,2336704,Lepidotrigla vanessa,-37.59917,149.8375
2336704,2336704,Lepidotrigla vanessa,-37.595,149.87334
2336704,2336704,Lepidotrigla vanessa,-37.59917,149.8375
2336704,2336704,Lepidotrigla vanessa,-37.59917,149.8375
2336704,2336704,Lepidotrigla vanessa,-37.59917,149.8375
2336704,2336704,Lepidotrigla vanessa,-37.59917,149.8375
2336704,2336704,Lepidotrigla vanessa,-37.59917,149.8375
2336704,2336704,Lepidotrigla vanessa,-37.59917,149.8375
2336704,2336704,Lepidotrigla vanessa,-37.59917,149.8375
2336704,2336704,Lepidotrigla vanessa,-37.59917,149.8375
2336704,2336704,Lepidotrigla vanessa,-37.59917,149.8375
2336704,2336704,Lepidotrigla vanessa,-37.59917,149.8375
2336704,2336704,Lepidotrigla vanessa,-37.59917,149.8375
2336704,2336704,Lepidotrigla vanessa,-37.59917,149.8375
2336704,2336704,Lepidotrigla vanessa,-37.59917,149.8375
2336704,2336704,Lepidotrigla vanessa,-37.59917,149.8375
2336704,2336704,Lepidotrigla vanessa,-37.59917,149.8375
2336704,2336704,Lepidotrigla vanessa,-37.59917,149.8375
2336704,2336704,Lepidotrigla vanessa,-37.59917,149.8375
2336704,2336704,Lepidotrigla vanessa,-37.59917,149.8375
2336704,2336704,Lepidotrigla vanessa,-36.35083,150.15584
2336704,2336704,Lepidotrigla vanessa,-37.85333,148.2175
2336704,2336704,Lepidotrigla vanessa,-37.5925,149.87333
2336704,2336704,Lepidotrigla vanessa,-38.97666,146.56916
2336704,2336704,Lepidotrigla vanessa,-37.91667,148.26583
2336704,2336704,Lepidotrigla vanessa,-36.37416,150.11584
2336704,2336704,Lepidotrigla vanessa,-36.37416,150.11584
2336704,2336704,Lepidotrigla vanessa,-36.37416,150.11584
2336704,2336704,Lepidotrigla vanessa,-36.37416,150.11584
2336704,2336704,Lepidotrigla vanessa,-36.37416,150.11584
2336704,2336704,Lepidotrigla vanessa,-36.37416,150.11584
2336704,2336704,Lepidotrigla vanessa,-36.37416,150.11584
2336704,2336704,Lepidotrigla vanessa,-36.37416,150.11584
2336704,2336704,Lepidotrigla vanessa,-36.37416,150.11584
2336704,2336704,Lepidotrigla vanessa,-36.37416,150.11584
2336704,2336704,Lepidotrigla vanessa,-36.37416,150.11584
2336704,2336704,Lepidotrigla vanessa,-36.37416,150.11584
2336704,2336704,Lepidotrigla vanessa,-36.37416,150.11584
2336704,2336704,Lepidotrigla vanessa,-36.37416,150.11584
2336704,2336704,Lepidotrigla vanessa,-36.37416,150.11584
2336704,2336704,Lepidotrigla vanessa,-36.37416,150.11584
2336704,2336704,Lepidotrigla vanessa,-36.37416,150.11584
2336704,2336704,Lepidotrigla vanessa,-36.37416,150.11584
2336704,2336704,Lepidotrigla vanessa,-36.37416,150.11584
2336704,2336704,Lepidotrigla vanessa,-36.37416,150.11584
2336704,2336704,Lepidotrigla vanessa,-36.37416,150.11584
2336704,2336704,Lepidotrigla vanessa,-36.37416,150.11584
2336704,2336704,Lepidotrigla vanessa,-37.27833,150.03168
2336704,2336704,Lepidotrigla vanessa,-37.81083,149.01583
2336704,2336704,Lepidotrigla vanessa,-37.81083,149.01583
2336704,2336704,Lepidotrigla vanessa,-37.81083,149.01583
2336704,2336704,Lepidotrigla vanessa,-37.81083,149.01583
2336704,2336704,Lepidotrigla vanessa,-37.81083,149.01583
2336704,2336704,Lepidotrigla vanessa,-37.81083,149.01583
2336704,2336704,Lepidotrigla vanessa,-37.81083,149.01583
2336704,2336704,Lepidotrigla vanessa,-37.81083,149.01583
2336704,2336704,Lepidotrigla vanessa,-37.81083,149.01583
2336704,2336704,Lepidotrigla vanessa,-37.81083,149.01583
2336704,2336704,Lepidotrigla vanessa,-37.81083,149.01583
2336704,2336704,Lepidotrigla vanessa,-37.81083,149.01583
2336704,2336704,Lepidotrigla vanessa,-37.81083,149.01583
2336704,2336704,Lepidotrigla vanessa,-37.81083,149.01583
2336704,2336704,Lepidotrigla vanessa,-37.81083,149.01583
2336704,2336704,Lepidotrigla vanessa,-37.81083,149.01583
2336704,2336704,Lepidotrigla vanessa,-37.81083,149.01583
2336704,2336704,Lepidotrigla vanessa,-37.81083,149.01583
2336704,2336704,Lepidotrigla vanessa,-37.28666,149.99166
2336704,2336704,Lepidotrigla vanessa,-38.99083,146.60834
2336704,2336704,Lepidotrigla vanessa,-37.8275,149.07417
2336704,2336704,Lepidotrigla vanessa,-37.81083,149.01583
2336704,2336704,Lepidotrigla vanessa,-37.27833,150.03168
2336704,2336704,Lepidotrigla vanessa,-37.27833,150.03168
2336704,2336704,Lepidotrigla vanessa,-37.27833,150.03168
2336704,2336704,Lepidotrigla vanessa,-37.27833,150.03168
2336704,2336704,Lepidotrigla vanessa,-37.27833,150.03168
2336704,2336704,Lepidotrigla vanessa,-37.27833,150.03168
2336704,2336704,Lepidotrigla vanessa,-37.27833,150.03168
2336704,2336704,Lepidotrigla vanessa,-37.27833,150.03168
2336704,2336704,Lepidotrigla vanessa,-37.27833,150.03168
2336704,2336704,Lepidotrigla vanessa,-37.27833,150.03168
2336704,2336704,Lepidotrigla vanessa,-37.27833,150.03168
2336704,2336704,Lepidotrigla vanessa,-37.89083,149.05333
2336704,2336704,Lepidotrigla vanessa,-37.28666,149.99166
2336704,2336704,Lepidotrigla vanessa,-37.28666,149.99166
2336704,2336704,Lepidotrigla vanessa,-37.28666,149.99166
2336704,2336704,Lepidotrigla vanessa,-37.28666,149.99166
2336704,2336704,Lepidotrigla vanessa,-37.28666,149.99166
2336704,2336704,Lepidotrigla vanessa,-37.81833,149.03166
2336704,2336704,Lepidotrigla vanessa,-37.87833,148.235
2336704,2336704,Lepidotrigla vanessa,-37.59999,149.7975
2336704,2336704,Lepidotrigla vanessa,-37.59999,149.7975
2336704,2336704,Lepidotrigla vanessa,-37.59999,149.7975
2336704,2336704,Lepidotrigla vanessa,-37.59999,149.7975
2336704,2336704,Lepidotrigla vanessa,-37.59999,149.7975
2336704,2336704,Lepidotrigla vanessa,-37.59999,149.7975
2336704,2336704,Lepidotrigla vanessa,-37.59999,149.7975
2336704,2336704,Lepidotrigla vanessa,-37.89,143.065
2336704,2336704,Lepidotrigla vanessa,-37.89,143.065
2336704,2336704,Lepidotrigla vanessa,-37.295,149.991667
2336704,2336704,Lepidotrigla vanessa,-37.295,149.991667
2336704,2336704,Lepidotrigla vanessa,-37.878333,149.1
2336704,2336704,Lepidotrigla vanessa,-37.878333,149.1
2336704,2336704,Lepidotrigla vanessa,-37.878333,149.1
2336704,2336704,Lepidotrigla vanessa,-37.878333,149.1
2336704,2336704,Lepidotrigla vanessa,-37.295,149.991667
2336704,2336704,Lepidotrigla vanessa,-37.8375,149.0575
2336704,2336704,Lepidotrigla vanessa,-37.316665,150.01417
2336704,2336704,Lepidotrigla vanessa,-37.8133,149.0717
2336704,2336704,Lepidotrigla vanessa,-37.8825,149.111665
2336704,2336704,Lepidotrigla vanessa,-36.717,150.017
2336704,2336704,Lepidotrigla vanessa,-36.65,150.05
2336704,2336704,Lepidotrigla vanessa,-36.717,150.017
2336704,2336704,Lepidotrigla vanessa,-37.31666,150.01417
2336704,2336704,Lepidotrigla vanessa,-37.31666,150.01417
2336704,2336704,Lepidotrigla vanessa,-37.31666,150.01417
2336704,2336704,Lepidotrigla vanessa,-37.31666,150.01417
2336704,2336704,Lepidotrigla vanessa,-37.31666,150.01417
2336704,2336704,Lepidotrigla vanessa,-37.31666,150.01417
2336704,2336704,Lepidotrigla vanessa,-37.31666,150.01417
2336704,2336704,Lepidotrigla vanessa,-37.31666,150.01417
2336704,2336704,Lepidotrigla vanessa,-37.31666,150.01417
2336704,2336704,Lepidotrigla vanessa,-37.8375,149.0575
2336704,2336704,Lepidotrigla vanessa,-37.8375,149.0575
2336704,2336704,Lepidotrigla vanessa,-37.8375,149.0575
2336704,2336704,Lepidotrigla vanessa,-37.8375,149.0575
2336704,2336704,Lepidotrigla vanessa,-37.8133,149.0717
2336704,2336704,Lepidotrigla vanessa,-37.8825,149.11167
2336704,2336704,Lepidotrigla vanessa,-37.31666,150.01417
2336704,2336704,Lepidotrigla vanessa,-37.295,149.991667
2336704,2336704,Lepidotrigla vanessa,-37.878333,149.1
2336704,2336704,Lepidotrigla vanessa,-37.878333,149.1
2336704,2336704,Lepidotrigla vanessa,-37.295,149.991667
2336704,2336704,Lepidotrigla vanessa,-37.878333,149.1
2336704,2336704,Lepidotrigla vanessa,-37.295,149.991667
2336704,2336704,Lepidotrigla vanessa,-37.878333,149.1
2336704,2336704,Lepidotrigla vanessa,-36.7,150.033
2336704,2336704,Lepidotrigla vanessa,-36.633,150.05
2336704,2336704,Lepidotrigla vanessa,-36.617,150.067
2336704,2336704,Lepidotrigla vanessa,-36.683,150.033
2336704,2336704,Lepidotrigla vanessa,-36.7,150.017
2336704,2336704,Lepidotrigla vanessa,-36.633,150.05
2336704,2336704,Lepidotrigla vanessa,-36.617,150.067
2336704,2336704,Lepidotrigla vanessa,-36.7,150.033
2336704,2336704,Lepidotrigla vanessa,-36.7,150.033
2336704,2336704,Lepidotrigla vanessa,-36.633,150.05
2336704,2336704,Lepidotrigla vanessa,-36.633,150.05
2336704,2336704,Lepidotrigla vanessa,-36.7,150.033
2336704,2336704,Lepidotrigla vanessa,-36.7,150.017
2336704,2336704,Lepidotrigla vanessa,-36.633,150.05
2336704,2336704,Lepidotrigla vanessa,-36.633,150.05
2336704,2336704,Lepidotrigla vanessa,-36.7,150.033
2336704,2336704,Lepidotrigla vanessa,-37.82,149.07
2336704,2336704,Lepidotrigla vanessa,-37.82,149.07
2336704,2336704,Lepidotrigla vanessa,-37.82,149.07
2336704,10511542,Lepidotrigla vanessa,-37.8167,149.067
2336704,10511542,Lepidotrigla vanessa,-37.8167,149.067
2336704,10511542,Lepidotrigla vanessa,-37.8167,149.067
2336704,10511542,Lepidotrigla vanessa,-37.8167,149.067
2336704,2336704,Lepidotrigla vanessa,-37.82,149.07
2336704,2336704,Lepidotrigla vanessa,-37.82,149.07
2336704,2336704,Lepidotrigla vanessa,-37.82,149.07
2336704,2336704,Lepidotrigla vanessa,-37.88166,149.085
2336704,2336704,Lepidotrigla vanessa,-37.59166,149.68584
2336704,2336704,Lepidotrigla vanessa,-37.59166,149.68584
2336704,2336704,Lepidotrigla vanessa,-37.59166,149.68584
2336704,2336704,Lepidotrigla vanessa,-37.59166,149.68584
2336704,2336704,Lepidotrigla vanessa,-37.59166,149.68584
2336704,2336704,Lepidotrigla vanessa,-37.59166,149.68584
2336704,2336704,Lepidotrigla vanessa,-37.59166,149.68584
2336704,2336704,Lepidotrigla vanessa,-37.59166,149.68584
2336704,2336704,Lepidotrigla vanessa,-37.59166,149.68584
2336704,2336704,Lepidotrigla vanessa,-37.59166,149.68584
2336704,2336704,Lepidotrigla vanessa,-37.59166,149.68584
2336704,2336704,Lepidotrigla vanessa,-37.8275,149.055
2336704,2336704,Lepidotrigla vanessa,-37.81333,149.03817
2336704,2336704,Lepidotrigla vanessa,-37.59408,149.81159
2336704,2336704,Lepidotrigla vanessa,-37.8275,149.055
2336704,2336704,Lepidotrigla vanessa,-37.8275,149.055
2336704,2336704,Lepidotrigla vanessa,-37.8275,149.055
2336704,2336704,Lepidotrigla vanessa,-37.8275,149.055
2336704,2336704,Lepidotrigla vanessa,-37.8275,149.055
2336704,2336704,Lepidotrigla vanessa,-37.8275,149.055
2336704,2336704,Lepidotrigla vanessa,-37.8275,149.055
2336704,2336704,Lepidotrigla vanessa,-37.8275,149.055
2336704,2336704,Lepidotrigla vanessa,-37.8275,149.055
2336704,2336704,Lepidotrigla vanessa,-37.8275,149.055
2336704,2336704,Lepidotrigla vanessa,-37.86166,148.20584
2336704,2336704,Lepidotrigla vanessa,-37.81283,148.54175
2336704,2336704,Lepidotrigla vanessa,-38.98083,146.55917
2336704,2336704,Lepidotrigla vanessa,-37.59166,149.68584
2336704,2336704,Lepidotrigla vanessa,-37.58333,149.865
2336704,2336704,Lepidotrigla vanessa,-38.71417,148.27334
2336704,2336704,Lepidotrigla vanessa,-36.633,150.05
2336704,2336704,Lepidotrigla vanessa,-36.7,150.033
2336704,2336704,Lepidotrigla vanessa,-36.617,150.05
2336704,2336704,Lepidotrigla vanessa,-36.7,150.033
2336704,2336704,Lepidotrigla vanessa,-37.31666,150.01334
2336704,2336704,Lepidotrigla vanessa,-37.31666,150.01334
2336704,2336704,Lepidotrigla vanessa,-37.31666,150.01334
2336704,2336704,Lepidotrigla vanessa,-37.31666,150.01334
2336704,2336704,Lepidotrigla vanessa,-37.31666,150.01334
2336704,2336704,Lepidotrigla vanessa,-37.31666,150.01334
2336704,2336704,Lepidotrigla vanessa,-37.31666,150.01334
2336704,2336704,Lepidotrigla vanessa,-37.31666,150.01334
2336704,2336704,Lepidotrigla vanessa,-37.31666,150.01334
2336704,2336704,Lepidotrigla vanessa,-36.36467,150.10392
2336704,2336704,Lepidotrigla vanessa,-36.36467,150.10392
2336704,2336704,Lepidotrigla vanessa,-36.36467,150.10392
2336704,2336704,Lepidotrigla vanessa,-36.36467,150.10392
2336704,2336704,Lepidotrigla vanessa,-36.36467,150.10392
2336704,2336704,Lepidotrigla vanessa,-36.90083,149.96667
2336704,2336704,Lepidotrigla vanessa,-36.37416,150.1375
2336704,2336704,Lepidotrigla vanessa,-37.29725,149.99192
2336704,2336704,Lepidotrigla vanessa,-37.29725,149.99192
2336704,2336704,Lepidotrigla vanessa,-37.29725,149.99192
2336704,2336704,Lepidotrigla vanessa,-37.29725,149.99192
2336704,2336704,Lepidotrigla vanessa,-37.29725,149.99192
2336704,2336704,Lepidotrigla vanessa,-37.29725,149.99192
2336704,2336704,Lepidotrigla vanessa,-37.29725,149.99192
2336704,2336704,Lepidotrigla vanessa,-37.29725,149.99192
2336704,2336704,Lepidotrigla vanessa,-36.99,150.04917
2336704,2336704,Lepidotrigla vanessa,-36.36467,150.10392
2336704,2336704,Lepidotrigla vanessa,-36.36467,150.10392
2336704,2336704,Lepidotrigla vanessa,-36.617,150.067
2336704,2336704,Lepidotrigla vanessa,-36.7,150.033
2336704,2336704,Lepidotrigla vanessa,-36.633,150.05
2336704,2336704,Lepidotrigla vanessa,-36.683,150.033
2336704,2336704,Lepidotrigla vanessa,-36.633,150.05
2336704,2336704,Lepidotrigla vanessa,-36.717,150.033
2336704,2336704,Lepidotrigla vanessa,-36.7,150.017
2336704,2336704,Lepidotrigla vanessa,-36.633,150.05
2336704,2336704,Lepidotrigla vanessa,-36.675,150.04167
2336704,2336704,Lepidotrigla vanessa,-36.675,150.04167
2336704,2336704,Lepidotrigla vanessa,-36.667,150.033
2336704,2336704,Lepidotrigla vanessa,-36.617,150.067
2336704,2336704,Lepidotrigla vanessa,-36.617,150.067
2336704,2336704,Lepidotrigla vanessa,-36.667,150.033
2336704,2336704,Lepidotrigla vanessa,-36.68,150.04
2336704,2336704,Lepidotrigla vanessa,-36.667,150.033
2336704,2336704,Lepidotrigla vanessa,-36.65,150.05
2336704,2336704,Lepidotrigla vanessa,-36.717,150.033
2336704,2336704,Lepidotrigla vanessa,-36.617,150.067
2336704,2336704,Lepidotrigla vanessa,-36.667,150.033
2336704,2336704,Lepidotrigla vanessa,-36.6,150.067
2336704,2336704,Lepidotrigla vanessa,-36.617,150.067
2336704,2336704,Lepidotrigla vanessa,-36.683,150.033
2336704,2336704,Lepidotrigla vanessa,-36.617,150.067
2336704,2336704,Lepidotrigla vanessa,-36.667,150.033
2336704,2336704,Lepidotrigla vanessa,-36.683,150.033
2336704,2336704,Lepidotrigla vanessa,-36.6,150.067
2336704,2336704,Lepidotrigla vanessa,-37.8325,149.0725
2336704,2336704,Lepidotrigla vanessa,-38.72,148.30084
2336704,2336704,Lepidotrigla vanessa,-39.83208,148.2575
2336704,2336704,Lepidotrigla vanessa,-37.80916,149.0475
2336704,2336704,Lepidotrigla vanessa,-36.366667,150.145
2336704,2336704,Lepidotrigla vanessa,-37.278333,149.991667
2336704,2336704,Lepidotrigla vanessa,-36.3667,150.145
2336704,2336704,Lepidotrigla vanessa,-37.8067,149
2336704,2336704,Lepidotrigla vanessa,-36.683,150.033
2336704,2336704,Lepidotrigla vanessa,-36.617,150.067
2336704,2336704,Lepidotrigla vanessa,-36.683,150.033
2336704,2336704,Lepidotrigla vanessa,-36.7,150.033
2336704,2336704,Lepidotrigla vanessa,-36.7,150.033
2336704,2336704,Lepidotrigla vanessa,-36.633,150.05
2336704,2336704,Lepidotrigla vanessa,-36.617,150.067
2336704,2336704,Lepidotrigla vanessa,-36.3675,150.10958
2336704,2336704,Lepidotrigla vanessa,-36.92417,149.96917
2336704,2336704,Lepidotrigla vanessa,-37.36583,149.9825
2336704,2336704,Lepidotrigla vanessa,-37.59666,149.83583
2336704,2336704,Lepidotrigla vanessa,-37.28166,150.01084
2336704,2336704,Lepidotrigla vanessa,-37.28083,150.01417
2336704,2336704,Lepidotrigla vanessa,-37.28083,150.01417
2336704,2336704,Lepidotrigla vanessa,-37.28083,150.01417
2336704,2336704,Lepidotrigla vanessa,-37.28083,150.01417
2336704,2336704,Lepidotrigla vanessa,-37.28083,150.01417
2336704,2336704,Lepidotrigla vanessa,-37.28083,150.01417
2336704,2336704,Lepidotrigla vanessa,-37.28083,150.01417
2336704,2336704,Lepidotrigla vanessa,-37.27667,150.49334
2336704,2336704,Lepidotrigla vanessa,-36.3725,150.11083
2336704,2336704,Lepidotrigla vanessa,-37.28016,149.97667
2336704,2336704,Lepidotrigla vanessa,-36.3825,150.1375
2336704,2336704,Lepidotrigla vanessa,-36.38167,150.13417
2336704,2336704,Lepidotrigla vanessa,-37.2775,150.00167
2336704,2336704,Lepidotrigla vanessa,-37.2775,150.00167
2336704,2336704,Lepidotrigla vanessa,-37.2775,150.00167
2336704,2336704,Lepidotrigla vanessa,-37.2775,150.00167
2336704,2336704,Lepidotrigla vanessa,-37.2775,150.00167
2336704,2336704,Lepidotrigla vanessa,-37.2775,150.00167
2336704,2336704,Lepidotrigla vanessa,-37.2775,150.00167
2336704,2336704,Lepidotrigla vanessa,-37.2775,150.00167
2336704,2336704,Lepidotrigla vanessa,-37.80917,148.98084
2336704,2336704,Lepidotrigla vanessa,-37.59666,149.83583
2336704,2336704,Lepidotrigla vanessa,-37.59666,149.83583
2336704,2336704,Lepidotrigla vanessa,-37.59666,149.83583
2336704,2336704,Lepidotrigla vanessa,-37.59666,149.83583
2336704,2336704,Lepidotrigla vanessa,-37.59666,149.83583
2336704,2336704,Lepidotrigla vanessa,-37.59666,149.83583
2336704,2336704,Lepidotrigla vanessa,-37.59666,149.83583
2336704,2336704,Lepidotrigla vanessa,-37.59666,149.83583
2336704,2336704,Lepidotrigla vanessa,-37.59666,149.83583
2336704,2336704,Lepidotrigla vanessa,-37.59666,149.83583
2336704,2336704,Lepidotrigla vanessa,-37.59666,149.83583
2336704,2336704,Lepidotrigla vanessa,-37.59666,149.83583
2336704,2336704,Lepidotrigla vanessa,-37.59666,149.83583
2336704,2336704,Lepidotrigla vanessa,-36.38167,150.13417
2336704,2336704,Lepidotrigla vanessa,-36.38167,150.13417
2336704,2336704,Lepidotrigla vanessa,-36.38167,150.13417
2336704,2336704,Lepidotrigla vanessa,-36.38167,150.13417
2336704,2336704,Lepidotrigla vanessa,-36.38167,150.13417
2336704,2336704,Lepidotrigla vanessa,-37.27583,149.98625
2336704,2336704,Lepidotrigla vanessa,-37.28083,150.01417
2336704,2336704,Lepidotrigla vanessa,-37.295,150.02
2336704,2336704,Lepidotrigla vanessa,-37.295,150.02
2336704,2336704,Lepidotrigla vanessa,-37.295,150.02
2336704,2336704,Lepidotrigla vanessa,-37.295,150.02
2336704,2336704,Lepidotrigla vanessa,-37.295,150.02
2336704,2336704,Lepidotrigla vanessa,-37.295,150.02
2336704,2336704,Lepidotrigla vanessa,-37.295,150.02
2336704,2336704,Lepidotrigla vanessa,-37.295,150.02
2336704,2336704,Lepidotrigla vanessa,-37.27833,150.015
2336704,2336704,Lepidotrigla vanessa,-37.27667,149.98584
2336704,2336704,Lepidotrigla vanessa,-36.366667,150.145
2336704,2336704,Lepidotrigla vanessa,-37.278333,149.991667
2336704,2336704,Lepidotrigla vanessa,-35.208332,150.69167
2336704,2336704,Lepidotrigla vanessa,-35.217,150.633
2336704,2336704,Lepidotrigla vanessa,-36.717,150.017
2336704,2336704,Lepidotrigla vanessa,-36.667,150.033
2336704,2336704,Lepidotrigla vanessa,-36.617,150.05
2336704,2336704,Lepidotrigla vanessa,-36.7,150.017
2336704,2336704,Lepidotrigla vanessa,-36.683,150.033
2336704,2336704,Lepidotrigla vanessa,-36.633,150.05
2336704,2336704,Lepidotrigla vanessa,-36.7,150.033
2336704,2336704,Lepidotrigla vanessa,-36.633,150.067
2336704,2336704,Lepidotrigla vanessa,-38.07433,144.92867
2336704,2336704,Lepidotrigla vanessa,-38.25333,145.00667
2336704,2336704,Lepidotrigla vanessa,-38.11167,144.56417
2336704,2336704,Lepidotrigla vanessa,-38.24667,144.9935
2336704,2336704,Lepidotrigla vanessa,-38.1755,144.7825
2336704,2336704,Lepidotrigla vanessa,-37.995,144.7235
2336704,2336704,Lepidotrigla vanessa,-38.1755,144.74533
2336704,2336704,Lepidotrigla vanessa,-38.05833,144.793
2336704,2336704,Lepidotrigla vanessa,-38.17783,144.73367
2336704,2336704,Lepidotrigla vanessa,-38.17617,144.76233
2336704,2336704,Lepidotrigla vanessa,-38.1755,144.7825
2336704,2336704,Lepidotrigla vanessa,-38.24667,144.9935
2336704,2336704,Lepidotrigla vanessa,-37.97,144.9
2336704,2336704,Lepidotrigla vanessa,-38.01917,144.745
2336704,2336704,Lepidotrigla vanessa,-38.03667,144.87317
2336704,2336704,Lepidotrigla vanessa,-38.03583,144.77333
2336704,2336704,Lepidotrigla vanessa,-38.07433,144.92867
2336704,2336704,Lepidotrigla vanessa,-38.03567,145.01183
2336704,2336704,Lepidotrigla vanessa,-38.25333,145.00667
2336704,2336704,Lepidotrigla vanessa,-38.17333,144.78317
2336704,2336704,Lepidotrigla vanessa,-38.25033,144.98367
2336704,2336704,Lepidotrigla vanessa,-38.20167,144.90533
2336704,2336704,Lepidotrigla vanessa,-38.08567,144.92833
2336704,2336704,Lepidotrigla vanessa,-38.0365,144.755
2336704,2336704,Lepidotrigla vanessa,-38.2575,145.01
2336704,2336704,Lepidotrigla vanessa,-38.07433,144.92867
2336704,2336704,Lepidotrigla vanessa,-38.17617,144.76233
2336704,2336704,Lepidotrigla vanessa,-38.25567,145.01033
2336704,2336704,Lepidotrigla vanessa,-38.03583,144.77333
2336704,2336704,Lepidotrigla vanessa,-37.97333,144.90183
2336704,2336704,Lepidotrigla vanessa,-37.9315,144.90667
2336704,2336704,Lepidotrigla vanessa,-38.20167,144.90533
2336704,2336704,Lepidotrigla vanessa,-38.20167,144.9075
2336704,2336704,Lepidotrigla vanessa,-38.02317,144.74517
2336704,2336704,Lepidotrigla vanessa,-38.20167,144.90533
2336704,2336704,Lepidotrigla vanessa,-38.25417,145.00333
2336704,2336704,Lepidotrigla vanessa,-38.25033,144.98367
2336704,2336704,Lepidotrigla vanessa,-38.08567,144.92833
2336704,2336704,Lepidotrigla vanessa,-38.05833,144.79467
2336704,2336704,Lepidotrigla vanessa,-38.05,144.87083
2336704,2336704,Lepidotrigla vanessa,-38.03667,144.87317
2336704,2336704,Lepidotrigla vanessa,-38.24667,144.9935
2336704,2336704,Lepidotrigla vanessa,-38.1125,144.38583
2336704,2336704,Lepidotrigla vanessa,-38.07433,144.92867
2336704,2336704,Lepidotrigla vanessa,-38.17617,144.76233
2336704,2336704,Lepidotrigla vanessa,-38.106,144.4
2336704,2336704,Lepidotrigla vanessa,-38.25033,144.98367
2336704,2336704,Lepidotrigla vanessa,-38.20167,144.9075
2336704,2336704,Lepidotrigla vanessa,-38.20167,144.90533
2336704,2336704,Lepidotrigla vanessa,-38.03567,145.01183
2336704,2336704,Lepidotrigla vanessa,-38.20167,144.90533
2336704,2336704,Lepidotrigla vanessa,-38.25417,145.00333
2336704,2336704,Lepidotrigla vanessa,-38.20167,144.90533
2336704,2336704,Lepidotrigla vanessa,-38.17617,144.76233
2336704,2336704,Lepidotrigla vanessa,-38.25033,144.98367
2336704,2336704,Lepidotrigla vanessa,-38.01167,145.04333
2336704,2336704,Lepidotrigla vanessa,-38.17333,144.78317
2336704,2336704,Lepidotrigla vanessa,-38.05,144.87083
2336704,2336704,Lepidotrigla vanessa,-38.0365,144.755
2336704,2336704,Lepidotrigla vanessa,-38.1125,144.38583
2336704,2336704,Lepidotrigla vanessa,-38.02317,144.74517
2336704,2336704,Lepidotrigla vanessa,-38.20167,144.9075
2336704,2336704,Lepidotrigla vanessa,-38.17333,144.78317
2336704,2336704,Lepidotrigla vanessa,-38.20167,144.9075
2336704,2336704,Lepidotrigla vanessa,-38.05,144.87083
2336704,2336704,Lepidotrigla vanessa,-38.25033,144.98367
2336704,2336704,Lepidotrigla vanessa,-38.0365,144.755
2336704,2336704,Lepidotrigla vanessa,-38.169,144.74733
2336704,2336704,Lepidotrigla vanessa,-38.17333,144.78317
2336704,2336704,Lepidotrigla vanessa,-38.24667,144.9935
2336704,2336704,Lepidotrigla vanessa,-38.17333,144.78317
2336704,2336704,Lepidotrigla vanessa,-38.0365,144.755
2336704,2336704,Lepidotrigla vanessa,-38.169,144.74733
2336704,2336704,Lepidotrigla vanessa,-38.16917,144.75983
2336704,2336704,Lepidotrigla vanessa,-38.25333,145.00667
2336704,2336704,Lepidotrigla vanessa,-38.03583,144.77333
2336704,2336704,Lepidotrigla vanessa,-38.25033,144.98367
2336704,2336704,Lepidotrigla vanessa,-38.05,144.87083
2336704,2336704,Lepidotrigla vanessa,-38.0365,144.755
2336704,2336704,Lepidotrigla vanessa,-38.25033,144.98367
2336704,2336704,Lepidotrigla vanessa,-38.17333,144.78317
2336704,2336704,Lepidotrigla vanessa,-34.78,135.97
2336704,2336704,Lepidotrigla vanessa,-38.1,144.88
2336704,2336704,Lepidotrigla vanessa,-35.05,150.75
2336704,2336704,Lepidotrigla vanessa,-37.74653,149.12379
2336704,2336704,Lepidotrigla vanessa,-36.917,149.983
2336704,2336704,Lepidotrigla vanessa,-37.83,148.67
2336704,2336704,Lepidotrigla vanessa,-38.18,144.75
2336704,2336704,Lepidotrigla vanessa,-37.8533,148.208
2336704,2336704,Lepidotrigla vanessa,-35.4583,137.5919
2336704,2336704,Lepidotrigla vanessa,-35.5236,137.5383
2336704,2336704,Lepidotrigla vanessa,-35.4583,137.5919
2336704,2336704,Lepidotrigla vanessa,-35.5236,137.5383
2336704,2336704,Lepidotrigla vanessa,-33.28,134.6
2336704,2336704,Lepidotrigla vanessa,-32.43,133.48
2336704,2336704,Lepidotrigla vanessa,-32.43,133.48
2336704,2336704,Lepidotrigla vanessa,-32.43,133.48
2336704,2336704,Lepidotrigla vanessa,-39.044,143.252
2336704,2336704,Lepidotrigla vanessa,-39.1272,143.417
2336704,2336704,Lepidotrigla vanessa,-39.1272,143.417
2336704,2336704,Lepidotrigla vanessa,-40,144.348
2336704,2336704,Lepidotrigla vanessa,-39.9402,144.801
2336704,2336704,Lepidotrigla vanessa,-39.7277,144.778
2336704,2336704,Lepidotrigla vanessa,-39.7277,144.778
2336704,2336704,Lepidotrigla vanessa,-40.7298,148.545
2336704,2336704,Lepidotrigla vanessa,-40.934,146.09
2336704,2336704,Lepidotrigla vanessa,-39.7592,145.564
2336704,2336704,Lepidotrigla vanessa,-33.2922,134.6433
2336704,2336704,Lepidotrigla vanessa,-32.2833,133.5
2336704,2336704,Lepidotrigla vanessa,-33.3342,134.6464
2336704,2336704,Lepidotrigla vanessa,-33.44166,125.94167
2336704,2336704,Lepidotrigla vanessa,-32.7,125.825
2336704,2336704,Lepidotrigla vanessa,-34.34166,123.70834
2336704,2336704,Lepidotrigla vanessa,-33.91666,124.8
2336704,2336704,Lepidotrigla vanessa,-33.06667,127.18334
2336704,2336704,Lepidotrigla vanessa,-32.7,130.8
2336704,2336704,Lepidotrigla vanessa,-32.28333,131.41667
2336704,2336704,Lepidotrigla vanessa,-33.3803,134.6314
2336704,2336704,Lepidotrigla vanessa,-32.688333,130.803333
2336704,2336704,Lepidotrigla vanessa,-32.053333,130.73
2336704,2336704,Lepidotrigla vanessa,-32.23,131.4
2336704,2336704,Lepidotrigla vanessa,-32.88,127.82
2336704,2336704,Lepidotrigla vanessa,-34.38,134.02
2336704,2336704,Lepidotrigla vanessa,-32.22,131.37
2336704,2336704,Lepidotrigla vanessa,-32.2,131.38
2336704,2336704,Lepidotrigla vanessa,-34.38,134.02
2336704,2336704,Lepidotrigla vanessa,-34.38,134.02
2336704,2336704,Lepidotrigla vanessa,-32.48,131.37
2336704,2336704,Lepidotrigla vanessa,-32.2,131.42
2336704,2336704,Lepidotrigla vanessa,-37.53504,149.76279
2336704,2336704,Lepidotrigla vanessa,-33.83,125.45
2336704,2336704,Lepidotrigla vanessa,-32.2,131.36667
2336704,2336704,Lepidotrigla vanessa,-32.23333,131.36667
2336704,2336704,Lepidotrigla vanessa,-34.38333,134
2336704,2336704,Lepidotrigla vanessa,-32.2,131.4
2336704,2336704,Lepidotrigla vanessa,-32.48333,131.35
2336704,2336704,Lepidotrigla vanessa,-32.21666,131.40834
2336704,2336704,Lepidotrigla vanessa,-32.20833,131.40834
2336704,2336704,Lepidotrigla vanessa,-34.38333,134
2336704,2336704,Lepidotrigla vanessa,-34.38333,134
2336704,2336704,Lepidotrigla vanessa,-34.38333,134
2336704,2336704,Lepidotrigla vanessa,-34.38333,134
2336704,2336704,Lepidotrigla vanessa,-32.25,131.41667
2336704,2336704,Lepidotrigla vanessa,-32.89166,127.8
2336704,2336704,Lepidotrigla vanessa,-32.69166,130.78334
2336704,2336704,Lepidotrigla vanessa,-32.29166,128.94167
2336704,2336704,Lepidotrigla vanessa,-32.25,131.38333
2336704,2336704,Lepidotrigla vanessa,-33.73333,132.125
2336704,2336704,Lepidotrigla vanessa,-32.688333,130.803333
2336704,2336704,Lepidotrigla vanessa,-32.053333,130.73
2336704,2336704,Lepidotrigla vanessa,-38.62,145.4
2336704,2336704,Lepidotrigla vanessa,-38.72,145.57
2336704,2336704,Lepidotrigla vanessa,-37.7768,149.14395
2336704,2336704,Lepidotrigla vanessa,-40.97,146.3
2336704,2336704,Lepidotrigla vanessa,-40.97,146.32
2336704,2336704,Lepidotrigla vanessa,-39.87,148.42
2336704,2336704,Lepidotrigla vanessa,-40.97,146.77
2336704,2336704,Lepidotrigla vanessa,-40.6342,145.38
2336704,2336704,Lepidotrigla vanessa,-40.5183,145.067
2336704,2336704,Lepidotrigla vanessa,-40.5183,145.067
2336704,2336704,Lepidotrigla vanessa,-40.53,145.38
2336704,2336704,Lepidotrigla vanessa,-40.6967,145.117
2336704,2336704,Lepidotrigla vanessa,-40.37,145.283
2336704,2336704,Lepidotrigla vanessa,-40.3967,145.533
2336704,2336704,Lepidotrigla vanessa,-40.8133,145.367
2336704,2336704,Lepidotrigla vanessa,-40.6717,145.25
2336704,2336704,Lepidotrigla vanessa,-33.14166,133.84167
2336704,2336704,Lepidotrigla vanessa,-32.425,132.8
2336704,2336704,Lepidotrigla vanessa,-33.14166,133.84167
2336704,2336704,Lepidotrigla vanessa,-33.14166,133.84167
2336704,2336704,Lepidotrigla vanessa,-33.14166,133.84167
2336704,2336704,Lepidotrigla vanessa,-33.14166,133.84167
2336704,2336704,Lepidotrigla vanessa,-33.14166,133.84167
2336704,2336704,Lepidotrigla vanessa,-33.14166,133.83334
2336704,2336704,Lepidotrigla vanessa,-39.92,144.87
2336704,2336704,Lepidotrigla vanessa,-39.97,145.05
2336704,2336704,Lepidotrigla vanessa,-39.97,145.12
2336704,2336704,Lepidotrigla vanessa,-42,145.22
2336704,2336704,Lepidotrigla vanessa,-40.32,145.42
2336704,2336704,Lepidotrigla vanessa,-40.77,144.27
2336704,2336704,Lepidotrigla vanessa,-31.96666,129.95
2336704,2336704,Lepidotrigla vanessa,-31.96666,129.95
2336704,2336704,Lepidotrigla vanessa,-33.35,130.11667
2336704,2336704,Lepidotrigla vanessa,-31.93333,130.95833
2336704,2336704,Lepidotrigla vanessa,-32.325,132.06667
2336704,2336704,Lepidotrigla vanessa,-33.35,130.14167
2336704,2336704,Lepidotrigla vanessa,-33.275,125.5
2336704,2336704,Lepidotrigla vanessa,-32.81666,125.51667
2336704,2336704,Lepidotrigla vanessa,-32.81666,125.525
2336704,2336704,Lepidotrigla vanessa,-40.42,148.43
2336704,2336704,Lepidotrigla vanessa,-40.07,146.72
2336704,2336704,Lepidotrigla vanessa,-40.25,147.22
2336704,2336704,Lepidotrigla vanessa,-40.58,147.23
2336704,2336704,Lepidotrigla vanessa,-40.2,147.27
2336704,2336704,Lepidotrigla vanessa,-40.42,147.58
2336704,2336704,Lepidotrigla vanessa,-39.77,148.72
2336704,2336704,Lepidotrigla vanessa,-39.97,148.77
2336704,2336704,Lepidotrigla vanessa,-39.97,147.62
2336704,2336704,Lepidotrigla vanessa,-32.4,128.49167
2336704,2336704,Lepidotrigla vanessa,-33.80833,125.45
2336704,2336704,Lepidotrigla vanessa,-32.46667,128.475
2336704,2336704,Lepidotrigla vanessa,-33.31667,128.60833
2336704,2336704,Lepidotrigla vanessa,-33.26667,127.075
2336704,2336704,Lepidotrigla vanessa,-32.51667,128.425
2336704,2336704,Lepidotrigla vanessa,-32.48333,128.35833
2336704,2336704,Lepidotrigla vanessa,-32.48333,128.35833
2336704,2336704,Lepidotrigla vanessa,-33.35,128.95
2336704,2336704,Lepidotrigla vanessa,-33.4,124.61667
2336704,2336704,Lepidotrigla vanessa,-33.33333,128.96667
2336704,2336704,Lepidotrigla vanessa,-32.46667,128.40833
2336704,2336704,Lepidotrigla vanessa,-33.3,128.58334
2336704,2336704,Lepidotrigla vanessa,-33.4,124.7
2336704,2336704,Lepidotrigla vanessa,-37.60833,150.075
2336704,2336704,Lepidotrigla vanessa,-36.49167,150.175
2336704,2336704,Lepidotrigla vanessa,-36.475,150.15834
2336704,2336704,Lepidotrigla vanessa,-34.50833,151.025
2336704,2336704,Lepidotrigla vanessa,-36.48333,150.15834
2336704,2336704,Lepidotrigla vanessa,-40.35833,148.85
2336704,2336704,Lepidotrigla vanessa,-40.3,148.675
2336704,2336704,Lepidotrigla vanessa,-39.46666,148.56667
2336704,2336704,Lepidotrigla vanessa,-38.61666,148.31667
2336704,2336704,Lepidotrigla vanessa,-38.60833,148.31667
2336704,2336704,Lepidotrigla vanessa,-39.475,148.56667
2336704,2336704,Lepidotrigla vanessa,-39.45833,148.56667
2336704,2336704,Lepidotrigla vanessa,-40.30875,146.725
2336704,2336704,Lepidotrigla vanessa,-40.2843,146.64389
2336704,2336704,Lepidotrigla vanessa,-40.55833,146.75903
2336704,2336704,Lepidotrigla vanessa,-40.34278,146.79167
2336704,2336704,Lepidotrigla vanessa,-40.23417,146.62612
2336704,2336704,Lepidotrigla vanessa,-40.49222,146.60917
2336704,2336704,Lepidotrigla vanessa,-40.2918,146.65875
2336704,2336704,Lepidotrigla vanessa,-40.21847,146.58458
2336704,2336704,Lepidotrigla vanessa,-40.23569,146.66695
2336704,2336704,Lepidotrigla vanessa,-40.36736,146.6507
2336704,2336704,Lepidotrigla vanessa,-40.24264,146.40056
2336704,2336704,Lepidotrigla vanessa,-40.25889,145.4175
2336704,2336704,Lepidotrigla vanessa,-40.35069,146.60181
2336704,2336704,Lepidotrigla vanessa,-38.95,146.85
2336704,2336704,Lepidotrigla vanessa,-38.95,146.85
2336704,2336704,Lepidotrigla vanessa,-41.003568,147.085494
2336704,2336704,Lepidotrigla vanessa,-17.56014,119.54236
2336704,2336704,Lepidotrigla vanessa,-18.32653,119.97681
2336704,2336704,Lepidotrigla vanessa,-18.25111,119.94403
2336704,2336704,Lepidotrigla vanessa,-41,147.4
2336704,2336704,Lepidotrigla vanessa,-33.30833,133.48334
2336704,2336704,Lepidotrigla vanessa,-32.98333,133.70903
2336704,2336704,Lepidotrigla vanessa,-32.00139,128.99264
2336704,2336704,Lepidotrigla vanessa,-19.73333,117.25181
2336704,2336704,Lepidotrigla vanessa,-19.26722,118.70042
2336704,2336704,Lepidotrigla vanessa,-20.1768,116.14264
2336704,2336704,Lepidotrigla vanessa,-19.24347,118.83556
2336704,2336704,Lepidotrigla vanessa,-31.88416,130.03403
2336704,2336704,Lepidotrigla vanessa,-33.19194,132.25945
2336704,2336704,Lepidotrigla vanessa,-32.09278,131.36862
2336704,2336704,Lepidotrigla vanessa,-33.30903,127.37681
2336704,2336704,Lepidotrigla vanessa,-32.95,133.3007
2336704,2336704,Lepidotrigla vanessa,-32.28444,128.99167
2336704,2336704,Lepidotrigla vanessa,-32.94277,133.7507
2336704,2336704,Lepidotrigla vanessa,-32.82653,133.70028
2336704,2336704,Lepidotrigla vanessa,-32.83403,133.68445
2336704,2336704,Lepidotrigla vanessa,-32.81708,133.69278
2336704,2336704,Lepidotrigla vanessa,-32.35861,132.79195
2336704,2336704,Lepidotrigla vanessa,-34.18486,133.94236
2336704,2336704,Lepidotrigla vanessa,-32.83444,133.67598
2336704,2336704,Lepidotrigla vanessa,-32.38361,132.84167
2336704,2336704,Lepidotrigla vanessa,-32.24278,132.71
2336704,2336704,Lepidotrigla vanessa,-32.35986,132.85972
2336704,2336704,Lepidotrigla vanessa,-31.85194,131.30931
2336704,2336704,Lepidotrigla vanessa,-32.62625,129.0425
2336704,2336704,Lepidotrigla vanessa,-32.25986,128.73334
2336704,2336704,Lepidotrigla vanessa,-32.25903,129.38403
2336704,2336704,Lepidotrigla vanessa,-32.33458,128.93445
2336704,2336704,Lepidotrigla vanessa,-31.84194,130.66695
2336704,2336704,Lepidotrigla vanessa,-33.24278,126.34278
2336704,2336704,Lepidotrigla vanessa,-32.81666,133.70139
2336704,2336704,Lepidotrigla vanessa,-32.20902,130.17528
2336704,2336704,Lepidotrigla vanessa,-34.03514,134.64264
2336704,2336704,Lepidotrigla vanessa,-32.77569,133.50973
2336704,2336704,Lepidotrigla vanessa,-32.80027,133.6757
2336704,2336704,Lepidotrigla vanessa,-32.66666,129.67542
2336704,2336704,Lepidotrigla vanessa,-34.09167,134.76736
2336704,2336704,Lepidotrigla vanessa,-32.2675,130.5507
2336704,2336704,Lepidotrigla vanessa,-32.39194,132.50125
2336704,2336704,Lepidotrigla vanessa,-23.55916,113.28445
2336704,2336704,Lepidotrigla vanessa,-33.33583,128.28389
2336704,2336704,Lepidotrigla vanessa,-33.43333,131.33431
2336704,2336704,Lepidotrigla vanessa,-33.25166,128.14236
2336704,2336704,Lepidotrigla vanessa,-26.24291,112.81778
2336704,2336704,Lepidotrigla vanessa,-32.23555,128.61667
2336704,2336704,Lepidotrigla vanessa,-31.93375,130.57653
2336704,2336704,Lepidotrigla vanessa,-40.27736,145.61792
2336704,2336704,Lepidotrigla vanessa,-40.31069,145.65931
2336704,2336704,Lepidotrigla vanessa,-40.30097,145.66792
2336704,2336704,Lepidotrigla vanessa,-32.26722,130.54167
2336704,2336704,Lepidotrigla vanessa,-33.18402,127.56736
2336704,2336704,Lepidotrigla vanessa,-33.55861,125.29208
2336704,2336704,Lepidotrigla vanessa,-32.53556,126.42584
2336704,2336704,Lepidotrigla vanessa,-32.30972,129.24167
2336704,2336704,Lepidotrigla vanessa,-33.76792,133.12625
2336704,2336704,Lepidotrigla vanessa,-32.73361,125.70973
2336704,2336704,Lepidotrigla vanessa,-32.74291,129.51667
2336704,2336704,Lepidotrigla vanessa,-32.45902,131.79237
2336704,2336704,Lepidotrigla vanessa,-32.65055,128.44278
2336704,2336704,Lepidotrigla vanessa,-31.84208,131.38334
2336704,2336704,Lepidotrigla vanessa,-33.1175,130.53417
2336704,2336704,Lepidotrigla vanessa,-33.09236,128.50862
2336704,2336704,Lepidotrigla vanessa,-39.475,144.38362
2336704,2336704,Lepidotrigla vanessa,-38.81791,144.91681
2336704,2336704,Lepidotrigla vanessa,-39.01666,144.52639
2336704,2336704,Lepidotrigla vanessa,-39.30861,144.79167
2336704,2336704,Lepidotrigla vanessa,-38.99222,145.31736
2336704,2336704,Lepidotrigla vanessa,-40.44292,146.02695
2336704,2336704,Lepidotrigla vanessa,-33.30167,133.54292
2336704,2336704,Lepidotrigla vanessa,-39.96694,146.03431
2336704,2336704,Lepidotrigla vanessa,-40.65083,146.03389
2336704,2336704,Lepidotrigla vanessa,-40.20167,146.00153
2336704,2336704,Lepidotrigla vanessa,-33.45903,132.09237
2336704,2336704,Lepidotrigla vanessa,-33.60069,133.3257
2336704,2336704,Lepidotrigla vanessa,-33.32569,129.675
2336704,2336704,Lepidotrigla vanessa,-33.575,133.66667
2336704,2336704,Lepidotrigla vanessa,-39.76861,146.90931
2336704,2336704,Lepidotrigla vanessa,-40.72638,146.20972
2336704,2336704,Lepidotrigla vanessa,-40.5918,147.15111
2336704,2336704,Lepidotrigla vanessa,-39.97569,146.84209
2336704,2336704,Lepidotrigla vanessa,-40.51666,146.25834
2336704,2336704,Lepidotrigla vanessa,-40.39236,147.24306
2336704,2336704,Lepidotrigla vanessa,-40.30083,146.72681
2336704,2336704,Lepidotrigla vanessa,-40.00903,146.35153
2336704,2336704,Lepidotrigla vanessa,-40.26847,145.35
2336704,2336704,Lepidotrigla vanessa,-40.77736,146.59237
2336704,2336704,Lepidotrigla vanessa,-38.1,144.88
2336704,2336704,Lepidotrigla vanessa,-34.66667,122.525
2336704,2336704,Lepidotrigla vanessa,-34.66667,122.525
2336704,2336704,Lepidotrigla vanessa,-34.66667,122.525
2336704,2336704,Lepidotrigla vanessa,-34.66667,122.525
2336704,2336704,Lepidotrigla vanessa,-34.66667,122.525
2336704,2336704,Lepidotrigla vanessa,-34.66667,122.525
2336704,2336704,Lepidotrigla vanessa,-34.66667,122.525
2336704,2336704,Lepidotrigla vanessa,-34.66667,122.525
2336704,2336704,Lepidotrigla vanessa,-34.66667,122.525
2336704,2336704,Lepidotrigla vanessa,-34.66667,122.525
2336704,2336704,Lepidotrigla vanessa,-34.66667,122.525
2336704,2336704,Lepidotrigla vanessa,-34.66667,122.525
2336704,2336704,Lepidotrigla vanessa,-34.66667,122.525
2336704,2336704,Lepidotrigla vanessa,-34.66667,122.525
2336704,2336704,Lepidotrigla vanessa,-34.66667,122.525
2336704,2336704,Lepidotrigla vanessa,-34.66667,122.525
2336704,2336704,Lepidotrigla vanessa,-34.66667,122.525
2336704,2336704,Lepidotrigla vanessa,-34.66667,122.525
2336704,2336704,Lepidotrigla vanessa,-34.66667,122.525
2336704,2336704,Lepidotrigla vanessa,-34.66667,122.525
2336704,2336704,Lepidotrigla vanessa,-34.66667,122.525
2336704,2336704,Lepidotrigla vanessa,-34.66667,122.525
2336704,2336704,Lepidotrigla vanessa,-35.05,138.1956
2336704,2336704,Lepidotrigla vanessa,-33.02528,127.62612
2336704,2336704,Lepidotrigla vanessa,-33.30903,129.92625
2336704,2336704,Lepidotrigla vanessa,-33.32569,126.11792
2336704,2336704,Lepidotrigla vanessa,-33.18333,126.46764
2336704,2336704,Lepidotrigla vanessa,-33.28431,129.25903
2336704,2336704,Lepidotrigla vanessa,-33.26778,130.06778
2336704,2336704,Lepidotrigla vanessa,-33.27555,130.14195
2336704,2336704,Lepidotrigla vanessa,-33.3175,126.14292
2336704,2336704,Lepidotrigla vanessa,-33.31667,128.08333
2336704,2336704,Lepidotrigla vanessa,-33.36667,129.09278
2336704,2336704,Lepidotrigla vanessa,-33.27653,129.94209
2336704,2336704,Lepidotrigla vanessa,-33.44361,125.98334
2336704,2336704,Lepidotrigla vanessa,-33.05833,127.73334
2336704,2336704,Lepidotrigla vanessa,-33.29236,130.03333
2336704,2336704,Lepidotrigla vanessa,-33.27555,130.06903
2336704,2336704,Lepidotrigla vanessa,-33.30833,129.80903
2336704,2336704,Lepidotrigla vanessa,-33.28458,129.83361
2336704,2336704,Lepidotrigla vanessa,-33.3175,130.085
2336704,2336704,Lepidotrigla vanessa,-33.50861,126.01708000000001
2336704,2336704,Lepidotrigla vanessa,-33.04166,128.45931
2336704,2336704,Lepidotrigla vanessa,-33.26667,126.3
2336704,2336704,Lepidotrigla vanessa,-33.25875,129.21736
2336704,2336704,Lepidotrigla vanessa,-33.02541,129.4257
2336704,2336704,Lepidotrigla vanessa,-33.475,125.98334
2336704,2336704,Lepidotrigla vanessa,-33.30944,130.11848
2336704,2336704,Lepidotrigla vanessa,-33.31791,129.71875
2336704,2336704,Lepidotrigla vanessa,-33.24236,133.65098
2336704,2336704,Lepidotrigla vanessa,-33.80861,133.48445
2336704,2336704,Lepidotrigla vanessa,-33.1918,128.09236
2336704,2336704,Lepidotrigla vanessa,-34.15069,133.98375
2336704,2336704,Lepidotrigla vanessa,-39.94347,144.79292
2336704,2336704,Lepidotrigla vanessa,-32.79333,133.58417
2336704,2336704,Lepidotrigla vanessa,-34.50944,133.4757
2336704,2336704,Lepidotrigla vanessa,-34.73403,134.28403
2336704,2336704,Lepidotrigla vanessa,-34.40972,134.10875
2336704,2336704,Lepidotrigla vanessa,-40.20958,146.79292
2336704,2336704,Lepidotrigla vanessa,-39.8675,145.80098
2336704,2336704,Lepidotrigla vanessa,-40.01777,145.84236
2336704,2336704,Lepidotrigla vanessa,-40.16875,145.91736
2336704,2336704,Lepidotrigla vanessa,-40.21666,146.43445
2336704,2336704,Lepidotrigla vanessa,-40.31833,146.23472
2336704,2336704,Lepidotrigla vanessa,-40.49305,146.85903
2336704,2336704,Lepidotrigla vanessa,-40.00222,145.60834
2336704,2336704,Lepidotrigla vanessa,-40.3675,146.44348
2336704,2336704,Lepidotrigla vanessa,-33.13333,128.175
2336704,2336704,Lepidotrigla vanessa,-33.33333,127.8007
2336704,2336704,Lepidotrigla vanessa,-33.30069,128.25
2336704,2336704,Lepidotrigla vanessa,-33.70069,133.16667
2336704,2336704,Lepidotrigla vanessa,-33.31667,126.95834
2336704,2336704,Lepidotrigla vanessa,-33.10903,126.99167
2336704,2336704,Lepidotrigla vanessa,-33.13402,127.6
2336704,2336704,Lepidotrigla vanessa,-33.28472,127.96667
2336704,2336704,Lepidotrigla vanessa,-33.28472,127.96667
2336704,2336704,Lepidotrigla vanessa,-33.28472,127.96667
2336704,2336704,Lepidotrigla vanessa,-33.28472,127.96667
2336704,2336704,Lepidotrigla vanessa,-33.23472,126.70834
2336704,2336704,Lepidotrigla vanessa,-33.28472,127.96667
2336704,2336704,Lepidotrigla vanessa,-33.31667,127.80833
2336704,2336704,Lepidotrigla vanessa,-33.28472,127.96667
2336704,2336704,Lepidotrigla vanessa,-33.3,127.79167
2336704,2336704,Lepidotrigla vanessa,-33.18403,127.40833
2336704,2336704,Lepidotrigla vanessa,-33.11736,124.95833
2336704,2336704,Lepidotrigla vanessa,-33.21736,129.46667
2336704,2336704,Lepidotrigla vanessa,-33.25,127.675
2336704,2336704,Lepidotrigla vanessa,-33.25902,127.275
2336704,2336704,Lepidotrigla vanessa,-33.35139,129.43334
2336704,2336704,Lepidotrigla vanessa,-33.20111,126.99167
2336704,2336704,Lepidotrigla vanessa,-33.25,126.10972
2336704,2336704,Lepidotrigla vanessa,-33.45069,131.49236
2336704,2336704,Lepidotrigla vanessa,-32.68375,130.30139
2336704,2336704,Lepidotrigla vanessa,-32.73417,130.65917
2336704,2336704,Lepidotrigla vanessa,-33.90875,132.80139
2336704,2336704,Lepidotrigla vanessa,-33.28361,130.21848
2336704,2336704,Lepidotrigla vanessa,-32.54222,131.7
2336704,2336704,Lepidotrigla vanessa,-32.5,130.35
2336704,2336704,Lepidotrigla vanessa,-33.10833,131.08361
2336704,2336704,Lepidotrigla vanessa,-33.16694,130.05959
2336704,2336704,Lepidotrigla vanessa,-32.56833,131.32625
2336704,2336704,Lepidotrigla vanessa,-32.58472,130.58472
2336704,2336704,Lepidotrigla vanessa,-33,130.08334
2336704,2336704,Lepidotrigla vanessa,-32.32653,129.78445
2336704,2336704,Lepidotrigla vanessa,-32.64375,131.2
2336704,2336704,Lepidotrigla vanessa,-32.60069,130.58472
2336704,2336704,Lepidotrigla vanessa,-33.15889,127.95042
2336704,2336704,Lepidotrigla vanessa,-18.02542,119.86736
2336704,2336704,Lepidotrigla vanessa,-19,119
2336704,2336704,Lepidotrigla vanessa,-18.32625,120.00153
2336704,2336704,Lepidotrigla vanessa,-18.35111,119.5257
2336704,2336704,Lepidotrigla vanessa,-33.45083,129.46806
2336704,2336704,Lepidotrigla vanessa,-33.35042,129.35153
2336704,2336704,Lepidotrigla vanessa,-33.22625,126.64292
2336704,2336704,Lepidotrigla vanessa,-33.49333,127.9925
2336704,2336704,Lepidotrigla vanessa,-33.32708,128.06889
2336704,2336704,Lepidotrigla vanessa,-33.27666,128.03445
2336704,2336704,Lepidotrigla vanessa,-33.41778,129.34264
2336704,2336704,Lepidotrigla vanessa,-33.34292,128.90986
2336704,2336704,Lepidotrigla vanessa,-33.27625,127.83487
2336704,2336704,Lepidotrigla vanessa,-33.20042,126.50917
2336704,2336704,Lepidotrigla vanessa,-33.26027,128.22612
2336704,2336704,Lepidotrigla vanessa,-33.35166,129.58459
2336704,2336704,Lepidotrigla vanessa,-33.20166,126.90945
2336704,2336704,Lepidotrigla vanessa,-33.48416,128.18334
2336704,2336704,Lepidotrigla vanessa,-33.3,128.225
2336704,2336704,Lepidotrigla vanessa,-33.29319,127.61056
2336704,2336704,Lepidotrigla vanessa,-33.20917,128.05139
2336704,2336704,Lepidotrigla vanessa,-33.45194,129.45084
2336704,2336704,Lepidotrigla vanessa,-33.31736,129.25875
2336704,2336704,Lepidotrigla vanessa,-33.35194,129.34292
2336704,2336704,Lepidotrigla vanessa,-33.23514,128.25959
2336704,2336704,Lepidotrigla vanessa,-33.21667,126.90112
2336704,2336704,Lepidotrigla vanessa,-33.49347,125.19292
2336704,2336704,Lepidotrigla vanessa,-33.31791,128.20959
2336704,2336704,Lepidotrigla vanessa,-33.20972,126.85959
2336704,2336704,Lepidotrigla vanessa,-33.36708,128.15972
2336704,2336704,Lepidotrigla vanessa,-33.29208,129.9175
2336704,2336704,Lepidotrigla vanessa,-33.34222,128.80945
2336704,2336704,Lepidotrigla vanessa,-33.23333,128.0182
2336704,2336704,Lepidotrigla vanessa,-33.23583,128.61
2336704,2336704,Lepidotrigla vanessa,-33.45097,129.5175
2336704,2336704,Lepidotrigla vanessa,-33.43416,129.27583
2336704,2336704,Lepidotrigla vanessa,-18.06777,120.47597
2336704,2336704,Lepidotrigla vanessa,-18.16,120.25945
2336704,2336704,Lepidotrigla vanessa,-33.38361,128.32653
2336704,2336704,Lepidotrigla vanessa,-33.34291,128.73431
2336704,2336704,Lepidotrigla vanessa,-33.51764,128.22611
2336704,2336704,Lepidotrigla vanessa,-33.30097,127.56792
2336704,2336704,Lepidotrigla vanessa,-33.25069,127.46806
2336704,2336704,Lepidotrigla vanessa,-33.45069,129.40167
2336704,2336704,Lepidotrigla vanessa,-33.44333,129.31778
2336704,2336704,Lepidotrigla vanessa,-33.33472,129.33403
2336704,2336704,Lepidotrigla vanessa,-33.28333,128.40973
2336704,2336704,Lepidotrigla vanessa,-33.3168,126.96806
2336704,2336704,Lepidotrigla vanessa,-20.02625,116.485
2336704,2336704,Lepidotrigla vanessa,-19.76736,116.54222
2336704,2336704,Lepidotrigla vanessa,-20,117
2336704,2336704,Lepidotrigla vanessa,-20.00958,116.73472
2336704,2336704,Lepidotrigla vanessa,-33.23361,126.66695
2336704,2336704,Lepidotrigla vanessa,-33.33528,125.83486
2336704,2336704,Lepidotrigla vanessa,-33.24375,126.39278
2336704,2336704,Lepidotrigla vanessa,-33.26764,127.01042
2336704,2336704,Lepidotrigla vanessa,-33.19208,126.32667
2336704,2336704,Lepidotrigla vanessa,-33.26833,128.5182
2336704,2336704,Lepidotrigla vanessa,-33.38458,125.89264
2336704,2336704,Lepidotrigla vanessa,-33.235,126.8507
2336704,2336704,Lepidotrigla vanessa,-33.36819,125.86042
2336704,2336704,Lepidotrigla vanessa,-33.10069,128.08431
2336704,2336704,Lepidotrigla vanessa,-33.08389,127.675
2336704,2336704,Lepidotrigla vanessa,-32.75,128.25069
2336704,2336704,Lepidotrigla vanessa,-33.24416,128.03473
2336704,2336704,Lepidotrigla vanessa,-33.24388,126.99362
2336704,2336704,Lepidotrigla vanessa,-20,117
2336704,2336704,Lepidotrigla vanessa,-20.0175,116.77597
2336704,2336704,Lepidotrigla vanessa,-33.37611,125.91042
2336704,2336704,Lepidotrigla vanessa,-33.25028,128.07667
2336704,2336704,Lepidotrigla vanessa,-33.275,126.64195
2336704,2336704,Lepidotrigla vanessa,-33.19333,126.18403
2336704,2336704,Lepidotrigla vanessa,-29.50027,114.59375
2336704,2336704,Lepidotrigla vanessa,-33.27611,128.35903
2336704,2336704,Lepidotrigla vanessa,-33.26763,127.89278
2336704,2336704,Lepidotrigla vanessa,-33.28444,127.5
2336704,2336704,Lepidotrigla vanessa,-33.39319,127.78542
2336704,2336704,Lepidotrigla vanessa,-40.10125,144.45834
2336704,2336704,Lepidotrigla vanessa,-40.07611,144.93486
2336704,2336704,Lepidotrigla vanessa,-40.05944,144.8675
2336704,2336704,Lepidotrigla vanessa,-40.05986,144.57611
2336704,2336704,Lepidotrigla vanessa,-40.13333,145.13333
2336704,2336704,Lepidotrigla vanessa,-33.26694,128.09375
2336704,2336704,Lepidotrigla vanessa,-39.97528,145.00153
2336704,2336704,Lepidotrigla vanessa,-33.26694,127.98445
2336704,2336704,Lepidotrigla vanessa,-40.0518,144.84237
2336704,2336704,Lepidotrigla vanessa,-40.05069,145.05139
2336704,2336704,Lepidotrigla vanessa,-33.25903,128.11778
2336704,2336704,Lepidotrigla vanessa,-40.07694,144.68486
2336704,2336704,Lepidotrigla vanessa,-40.12597,145.10111
2336704,2336704,Lepidotrigla vanessa,-40.00139,145.05139
2336704,2336704,Lepidotrigla vanessa,-33.27667,128.11667
2336704,2336704,Lepidotrigla vanessa,-40.00902,144.79292
2336704,2336704,Lepidotrigla vanessa,-40.03347,144.82597
2336704,2336704,Lepidotrigla vanessa,-39.95097,144.99208
2336704,2336704,Lepidotrigla vanessa,-33.60139,134.18334
2336704,2336704,Lepidotrigla vanessa,-17.70166,121.55208
2336704,2336704,Lepidotrigla vanessa,-19.96778,116.92528
2336704,2336704,Lepidotrigla vanessa,-20.10055,116.64223
2336704,2336704,Lepidotrigla vanessa,-18.94291,119.20153
2336704,2336704,Lepidotrigla vanessa,-19.53416,118.30111
2336704,2336704,Lepidotrigla vanessa,-18.33486,120.47695
2336704,2336704,Lepidotrigla vanessa,-19.57611,118.06778
2336704,2336704,Lepidotrigla vanessa,-20.25153,116.31
2336704,2336704,Lepidotrigla vanessa,-18.60972,120.00959
2336704,2336704,Lepidotrigla vanessa,-19.70944,117.42722
2336704,2336704,Lepidotrigla vanessa,-19.04291,118.63431
2336704,2336704,Lepidotrigla vanessa,-33.47611,131.24167
2336704,2336704,Lepidotrigla vanessa,-31.75083,131.025
2336704,2336704,Lepidotrigla vanessa,-33.25875,128.37695
2336704,2336704,Lepidotrigla vanessa,-32.2918,127.83417
2336704,2336704,Lepidotrigla vanessa,-31.7593,130.98556
2336704,2336704,Lepidotrigla vanessa,-20.13444,116.96833
2336704,2336704,Lepidotrigla vanessa,-19.50903,118.54237
2336704,2336704,Lepidotrigla vanessa,-19.85986,116.09334
2336704,2336704,Lepidotrigla vanessa,-19.41819,117.23445
2336704,2336704,Lepidotrigla vanessa,-18.13555,121.17528
2336704,2336704,Lepidotrigla vanessa,-20.05138,116.18389
2336704,2336704,Lepidotrigla vanessa,-19.04333,118.15931
2336704,2336704,Lepidotrigla vanessa,-33.38458,129.26764
2336704,2336704,Lepidotrigla vanessa,-33.475,131.535
2336704,2336704,Lepidotrigla vanessa,-33.26917,128.2675
2336704,2336704,Lepidotrigla vanessa,-33.26736,128.35083
2336704,2336704,Lepidotrigla vanessa,-32.66736,125.7507
2336704,2336704,Lepidotrigla vanessa,-34.01666,134.60833
2336704,2336704,Lepidotrigla vanessa,-31.95,131
2336704,2336704,Lepidotrigla vanessa,-32.775,130.075
2336704,2336704,Lepidotrigla vanessa,-34.11666,132.50833
2336704,2336704,Lepidotrigla vanessa,-33.50833,131.86667
2336704,2336704,Lepidotrigla vanessa,-33.06667,124.56667
2336704,2336704,Lepidotrigla vanessa,-33.29167,131.11667
2336704,2336704,Lepidotrigla vanessa,-33.29167,131.11667
2336704,2336704,Lepidotrigla vanessa,-33.29167,131.11667
2336704,2336704,Lepidotrigla vanessa,-33.29167,131.11667
2336704,2336704,Lepidotrigla vanessa,-33.29167,131.11667
2336704,2336704,Lepidotrigla vanessa,-33.29167,131.11667
2336704,2336704,Lepidotrigla vanessa,-33.29167,131.11667
2336704,2336704,Lepidotrigla vanessa,-33.29167,131.11667
2336704,2336704,Lepidotrigla vanessa,-33.29167,131.11667
2336704,2336704,Lepidotrigla vanessa,-33.29167,131.11667
2336704,2336704,Lepidotrigla vanessa,-33.29167,131.11667
2336704,2336704,Lepidotrigla vanessa,-33.29167,131.11667
2336704,2336704,Lepidotrigla vanessa,-33.29167,131.11667
2336704,2336704,Lepidotrigla vanessa,-33.29167,131.11667
2336704,2336704,Lepidotrigla vanessa,-33.29167,131.11667
2336704,2336704,Lepidotrigla vanessa,-33.29167,131.11667
2336704,2336704,Lepidotrigla vanessa,-33.29167,131.11667
2336704,2336704,Lepidotrigla vanessa,-33.29167,131.11667
2336704,2336704,Lepidotrigla vanessa,-33.56666,132.1007
2336704,2336704,Lepidotrigla vanessa,-33.14167,124.25
2336704,2336704,Lepidotrigla vanessa,-33.29167,131.11667
2336704,2336704,Lepidotrigla vanessa,-33.29167,131.11667
2336704,2336704,Lepidotrigla vanessa,-33.29167,131.11667
2336704,2336704,Lepidotrigla vanessa,-33.29167,131.11667
2336704,2336704,Lepidotrigla vanessa,-33.29167,131.11667
2336704,2336704,Lepidotrigla vanessa,-33.29167,131.11667
2336704,2336704,Lepidotrigla vanessa,-33.29167,131.11667
2336704,2336704,Lepidotrigla vanessa,-33.29167,131.11667
2336704,2336704,Lepidotrigla vanessa,-33.29167,131.11667
2336704,2336704,Lepidotrigla vanessa,-33.29167,131.11667
2336704,2336704,Lepidotrigla vanessa,-33.65833,132.36667
2336704,2336704,Lepidotrigla vanessa,-33.84166,132.43334
2336704,2336704,Lepidotrigla vanessa,-33.36667,128.39167
2336704,2336704,Lepidotrigla vanessa,-40.0593,146.03362
2336704,2336704,Lepidotrigla vanessa,-40.025,145.975
2336704,2336704,Lepidotrigla vanessa,-33.36736,131.05834
2336704,2336704,Lepidotrigla vanessa,-39.26667,144.325
2336704,2336704,Lepidotrigla vanessa,-40.55111,146.76667
2336704,2336704,Lepidotrigla vanessa,-40.48389,146.76667
2336704,2336704,Lepidotrigla vanessa,-39.80028,145.59264
2336704,2336704,Lepidotrigla vanessa,-40.12639,145.59278
2336704,2336704,Lepidotrigla vanessa,-33.29166,128.2007
2336704,2336704,Lepidotrigla vanessa,-33.26805,128.73472
2336704,2336704,Lepidotrigla vanessa,-33.47597,129.68375
2336704,2336704,Lepidotrigla vanessa,-33.2843,130.66708
2336704,2336704,Lepidotrigla vanessa,-33.30875,129.44361
2336704,2336704,Lepidotrigla vanessa,-33.37597,129.03403
2336704,2336704,Lepidotrigla vanessa,-33.45013,128.00181
2336704,2336704,Lepidotrigla vanessa,-33.35111,126.93375
2336704,2336704,Lepidotrigla vanessa,-33.44305,126.05098
2336704,2336704,Lepidotrigla vanessa,-33.16722,126.92612
2336704,2336704,Lepidotrigla vanessa,-33.48333,131.7757
2336704,2336704,Lepidotrigla vanessa,-33.17694,126.83556
2336704,2336704,Lepidotrigla vanessa,-33.26889,126.95111
2336704,2336704,Lepidotrigla vanessa,-33.32597,130.63417
2336704,2336704,Lepidotrigla vanessa,-33.36861,128.79292
2336704,2336704,Lepidotrigla vanessa,-33.39292,128.88473
2336704,2336704,Lepidotrigla vanessa,-33.31791,127.53472
2336704,2336704,Lepidotrigla vanessa,-33.16736,128.14347
2336704,2336704,Lepidotrigla vanessa,-33.21,128.72667
2336704,2336704,Lepidotrigla vanessa,-33.44166,129.64264
2336704,2336704,Lepidotrigla vanessa,-33.32638,130.4925
2336704,2336704,Lepidotrigla vanessa,-33.30833,129.60833
2336704,2336704,Lepidotrigla vanessa,-33.2675,128.95028
2336704,2336704,Lepidotrigla vanessa,-33.42611,127.94306
2336704,2336704,Lepidotrigla vanessa,-33.35069,127.05986
2336704,2336704,Lepidotrigla vanessa,-33.46666,126.1007
2336704,2336704,Lepidotrigla vanessa,-33.15083,126.88445
2336704,2336704,Lepidotrigla vanessa,-33.11833,126.90931
2336704,2336704,Lepidotrigla vanessa,-33.21791,128.87625
2336704,2336704,Lepidotrigla vanessa,-33.17528,126.48361
2336704,2336704,Lepidotrigla vanessa,-33.31819,126.04236
2336704,2336704,Lepidotrigla vanessa,-33.45833,125.9
2336704,2336704,Lepidotrigla vanessa,-33.18458,126.45986
2336704,2336704,Lepidotrigla vanessa,-33.34264,125.98459
2336704,2336704,Lepidotrigla vanessa,-33.26666,126.45986
2336704,2336704,Lepidotrigla vanessa,-33.22639,126.30014
2336704,2336704,Lepidotrigla vanessa,-33.26666,126.20834
2336704,2336704,Lepidotrigla vanessa,-33.41847,125.95042
2336704,2336704,Lepidotrigla vanessa,-33.24333,126.5107
2336704,2336704,Lepidotrigla vanessa,-33.31736,126.13417
2336704,2336704,Lepidotrigla vanessa,-33.20111,126.44195
2336704,2336704,Lepidotrigla vanessa,-33.70902,132.20139
2336704,2336704,Lepidotrigla vanessa,-33.26666,128.18486
2336704,2336704,Lepidotrigla vanessa,-33.23472,128.06833
2336704,2336704,Lepidotrigla vanessa,-33.29389,128.63458
2336704,2336704,Lepidotrigla vanessa,-33.2518,130.01764
2336704,2336704,Lepidotrigla vanessa,-33.70902,132.20139
2336704,2336704,Lepidotrigla vanessa,-33.33458,129.2507
2336704,2336704,Lepidotrigla vanessa,-33.385,129.08459
2336704,2336704,Lepidotrigla vanessa,-33.21708,126.84237
2336704,2336704,Lepidotrigla vanessa,-33.31014,127.09362
2336704,2336704,Lepidotrigla vanessa,-33.25069,128.67584
2336704,2336704,Lepidotrigla vanessa,-33.39277,131.10042
2336704,2336704,Lepidotrigla vanessa,-33.38444,129.01723
2336704,2336704,Lepidotrigla vanessa,-33.40041,127.27611
2336704,2336704,Lepidotrigla vanessa,-33.22722,128.11709
2336704,2336704,Lepidotrigla vanessa,-33.35138,129.37583
2336704,2336704,Lepidotrigla vanessa,-33.32569,130.20973
2336704,2336704,Lepidotrigla vanessa,-33.32527,129.69362
2336704,2336704,Lepidotrigla vanessa,-33.39319,128.78459
2336704,2336704,Lepidotrigla vanessa,-33.31903,127.00944
2336704,2336704,Lepidotrigla vanessa,-33.34166,126.00972
2336704,2336704,Lepidotrigla vanessa,-33.29277,126.1175
2336704,2336704,Lepidotrigla vanessa,-33.40986,126.035
2336704,2336704,Lepidotrigla vanessa,-33.70902,132.20139
2336704,2336704,Lepidotrigla vanessa,-40.14208,146
2336704,2336704,Lepidotrigla vanessa,-40.65125,146.50056
2336704,2336704,Lepidotrigla vanessa,-39.02694,145.53431
2336704,2336704,Lepidotrigla vanessa,-39.4925,146
2336704,2336704,Lepidotrigla vanessa,-39.60972,145.48472
2336704,2336704,Lepidotrigla vanessa,-40.39222,146
2336704,2336704,Lepidotrigla vanessa,-40.34347,146.50056
2336704,2336704,Lepidotrigla vanessa,-40.80069,147.05028
2336704,2336704,Lepidotrigla vanessa,-42.9168,145.15945
2336704,2336704,Lepidotrigla vanessa,-39.30222,145.5
2336704,2336704,Lepidotrigla vanessa,-40.03472,146
2336704,2336704,Lepidotrigla vanessa,-40.65069,147.35875
2336704,2336704,Lepidotrigla vanessa,-40.03333,146.63528
2336704,2336704,Lepidotrigla vanessa,-33.1425,128.3432
2336704,2336704,Lepidotrigla vanessa,-33.7425,132.23445
2336704,2336704,Lepidotrigla vanessa,-33.21764,126.37625
2336704,2336704,Lepidotrigla vanessa,-33.31722,130.60111
2336704,2336704,Lepidotrigla vanessa,-33.20167,126.60945
2336704,2336704,Lepidotrigla vanessa,-33.19291,126.50986
2336704,2336704,Lepidotrigla vanessa,-33.24305,126.8257
2336704,2336704,Lepidotrigla vanessa,-33.16764,126.65945
2336704,2336704,Lepidotrigla vanessa,-33.20972,126.75014
2336704,2336704,Lepidotrigla vanessa,-33.25916,128.13528
2336704,2336704,Lepidotrigla vanessa,-33.25847,126.0507
2336704,2336704,Lepidotrigla vanessa,-33.17625,128.03362
2336704,2336704,Lepidotrigla vanessa,-33.1843,126.48431
2336704,2336704,Lepidotrigla vanessa,-33.24347,126.27625
2336704,2336704,Lepidotrigla vanessa,-33.26667,126.47611
2336704,2336704,Lepidotrigla vanessa,-39.51806,148.04347
2336704,2336704,Lepidotrigla vanessa,-38.75902,148.30125
2336704,2336704,Lepidotrigla vanessa,-39.45111,147.71736
2336704,2336704,Lepidotrigla vanessa,-37.87,147.98
2336704,2336704,Lepidotrigla vanessa,-38.2761,144.698
2336704,2336704,Lepidotrigla vanessa,-39.95,148.33333
2336704,2336704,Lepidotrigla vanessa,-38.1172,147.863
2336704,2336704,Lepidotrigla vanessa,-37.8417,144.894
2336704,2336704,Lepidotrigla vanessa,-37.9153,147.99
2336704,2336704,Lepidotrigla vanessa,-37.266666,149.96666
2336704,2336704,Lepidotrigla vanessa,-37.87,144.93
2336704,2336704,Lepidotrigla vanessa,-38.28,145.28
2336704,2336704,Lepidotrigla vanessa,-38.15,145.1
2336704,2336704,Lepidotrigla vanessa,-37.85,144.93333
2336704,2336704,Lepidotrigla vanessa,-37.85,144.88
2336704,2336704,Lepidotrigla vanessa,-37.87,144.93
2336704,2336704,Lepidotrigla vanessa,-37.87,144.93
2336704,2336704,Lepidotrigla vanessa,-37.87,144.93
2336704,2336704,Lepidotrigla vanessa,-37.87,144.93
2336704,2336704,Lepidotrigla vanessa,-39.948592,148.33098
2336704,2336704,Lepidotrigla vanessa,-40.10861,146.241014
2336704,2336704,Lepidotrigla vanessa,-42.738618,147.221039
2336704,2336704,Lepidotrigla vanessa,-37.767,144.967
2336704,2336704,Lepidotrigla vanessa,-26,134.5
2336704,2336704,Lepidotrigla vanessa,-38.333333,141.666667
2336704,2336704,Lepidotrigla vanessa,-40.1,146.23
2336704,2336704,Lepidotrigla vanessa,-35.566666,137.63333
2336704,2336704,Lepidotrigla vanessa,-33.25,134.6333
2336704,2336704,Lepidotrigla vanessa,-33.3,134.58
