requested_taxonKey,record_taxonKey,species_name,decimalLatitude,decimalLongitude
2337285,2337285,Neosebastes pandus,-33.630811,115.338595
2337285,2337285,Neosebastes pandus,-33.629693,115.338518
2337285,2337285,Neosebastes pandus,-31.961936,115.761145
2337285,2337285,Neosebastes pandus,-33.602894,115.332853
2337285,2337285,Neosebastes pandus,-32.002885,115.750209
2337285,2337285,Neosebastes pandus,-35.128898,138.446515
2337285,2337285,Neosebastes pandus,-33.629347,115.338399
2337285,2337285,Neosebastes pandus,-33.63217,115.339233
2337285,2337285,Neosebastes pandus,-33.642666,115.343665
2337285,2337285,Neosebastes pandus,-33.627958,115.339474
2337285,2337285,Neosebastes pandus,-33.627232,115.339572
2337285,2337285,Neosebastes pandus,-33.62864,115.336618
2337285,2337285,Neosebastes pandus,-34.11577,114.7937
2337285,2337285,Neosebastes pandus,-34.11577,114.7937
2337285,2337285,Neosebastes pandus,-34.11789,114.84855
2337285,2337285,Neosebastes pandus,-34.11577,114.7937
2337285,2337285,Neosebastes pandus,-34.621215,135.469163
2337285,2337285,Neosebastes pandus,-32.007104,115.748062
2337285,2337285,Neosebastes pandus,-32.0076,115.747575
2337285,2337285,Neosebastes pandus,-35.141609,138.416518
2337285,2337285,Neosebastes pandus,-32.119149,115.759225
2337285,2337285,Neosebastes pandus,-32.124069,115.758462
2337285,2337285,Neosebastes pandus,-32.12406,115.758435
2337285,2337285,Neosebastes pandus,-33.91119,114.84637
2337285,2337285,Neosebastes pandus,-34.10369,114.75387
2337285,2337285,Neosebastes pandus,-34.07119,114.84637
2337285,2337285,Neosebastes pandus,-34.00369,114.79387
2337285,2337285,Neosebastes pandus,-33.99619,114.66387
2337285,2337285,Neosebastes pandus,-33.99369,114.63887
2337285,2337285,Neosebastes pandus,-34.06687,114.79398
2337285,2337285,Neosebastes pandus,-33.68313,114.93783
2337285,2337285,Neosebastes pandus,-33.68313,114.93783
2337285,2337285,Neosebastes pandus,-33.98119,114.81887
2337285,2337285,Neosebastes pandus,-33.78369,114.87887
2337285,2337285,Neosebastes pandus,-33.99369,114.63887
2337285,2337285,Neosebastes pandus,-34.05869,114.77887
2337285,2337285,Neosebastes pandus,-34.10369,114.71387
2337285,2337285,Neosebastes pandus,-34.09119,114.93137
2337285,2337285,Neosebastes pandus,-34.02369,114.75387
2337285,2337285,Neosebastes pandus,-33.91869,114.89637
2337285,2337285,Neosebastes pandus,-34.1062,114.7489
2337285,2337285,Neosebastes pandus,-34.1062,114.7489
2337285,2337285,Neosebastes pandus,-34.0062,114.6439
2337285,2337285,Neosebastes pandus,-34.0062,114.6439
2337285,2337285,Neosebastes pandus,-34.0137,114.7039
2337285,2337285,Neosebastes pandus,-34.0987,114.6464
2337285,2337285,Neosebastes pandus,-32.123978,115.758086
2337285,2337285,Neosebastes pandus,-35.588359,137.427254
2337285,2337285,Neosebastes pandus,-35.589085,137.434679
2337285,2337285,Neosebastes pandus,-35.33035,138.44079
2337285,2337285,Neosebastes pandus,-33.642013,115.344125
2337285,2337285,Neosebastes pandus,-35.591171,137.43515
2337285,2337285,Neosebastes pandus,-38.356554,144.773596
2337285,2337285,Neosebastes pandus,-35.494544,138.177795
2337285,2337285,Neosebastes pandus,-33.630405,115.338628
2337285,2337285,Neosebastes pandus,-33.630405,115.338628
2337285,2337285,Neosebastes pandus,-33.630405,115.338628
2337285,2337285,Neosebastes pandus,-33.629882,115.338516
2337285,2337285,Neosebastes pandus,-33.14,131.50319
2337285,2337285,Neosebastes pandus,-33.14,131.50319
2337285,2337285,Neosebastes pandus,-35.73002,138.31236
2337285,2337285,Neosebastes pandus,-35.73002,138.31236
2337285,2337285,Neosebastes pandus,-33.630405,115.338628
2337285,2337285,Neosebastes pandus,-33.630405,115.338628
2337285,2337285,Neosebastes pandus,-33.630405,115.338628
2337285,2337285,Neosebastes pandus,-33.630405,115.338628
2337285,2337285,Neosebastes pandus,-33.630405,115.338628
2337285,2337285,Neosebastes pandus,-33.630405,115.338628
2337285,2337285,Neosebastes pandus,-33.630405,115.338628
2337285,2337285,Neosebastes pandus,-35.277567,138.441984
2337285,2337285,Neosebastes pandus,-33.630405,115.338628
2337285,2337285,Neosebastes pandus,-35.4026,138.32904
2337285,2337285,Neosebastes pandus,-35.4026,138.32904
2337285,2337285,Neosebastes pandus,-33.630405,115.338628
2337285,2337285,Neosebastes pandus,-33.631478,115.338792
2337285,2337285,Neosebastes pandus,-35.637965,136.86304
2337285,2337285,Neosebastes pandus,-35.576057,136.770805
2337285,2337285,Neosebastes pandus,-32.06048,115.37585
2337285,2337285,Neosebastes pandus,-31.62533,115.23027
2337285,2337285,Neosebastes pandus,-31.35965,115.43877
2337285,2337285,Neosebastes pandus,-31.35935,115.28738
2337285,2337285,Neosebastes pandus,-31.33868,115.28195
2337285,2337285,Neosebastes pandus,-31.42325,115.10962
2337285,2337285,Neosebastes pandus,-31.982,115.476
2337285,2337285,Neosebastes pandus,-32.05647,115.40993
2337285,2337285,Neosebastes pandus,-32.05645,115.37385
2337285,2337285,Neosebastes pandus,-31.63302,115.36705
2337285,2337285,Neosebastes pandus,-31.9743,115.5376
2337285,2337285,Neosebastes pandus,-31.97407,115.53715
2337285,2337285,Neosebastes pandus,-33.51202,115.01269
2337285,2337285,Neosebastes pandus,-33.502,115.0054
2337285,2337285,Neosebastes pandus,-28.80596,113.93882
2337285,2337285,Neosebastes pandus,-33.5585,115.076
2337285,2337285,Neosebastes pandus,-33.55847,115.076
2337285,2337285,Neosebastes pandus,-37.57972,139.70875
2337285,2337285,Neosebastes pandus,-35.08802,116.28885
2337285,2337285,Neosebastes pandus,-35.09158,116.26523
2337285,2337285,Neosebastes pandus,-35.09128,116.25482
2337285,2337285,Neosebastes pandus,-33.49973,115.0026
2337285,2337285,Neosebastes pandus,-33.50801,115.00969
2337285,2337285,Neosebastes pandus,-33.49619,114.99983
2337285,2337285,Neosebastes pandus,-33.50457,115.01764
2337285,2337285,Neosebastes pandus,-33.50141,114.99389
2337285,2337285,Neosebastes pandus,-33.50205,115.01327
2337285,2337285,Neosebastes pandus,-33.50109,114.99982
2337285,2337285,Neosebastes pandus,-33.50682,115.00676
2337285,2337285,Neosebastes pandus,-31.37147,115.49428
2337285,2337285,Neosebastes pandus,-31.44,115.10803
2337285,2337285,Neosebastes pandus,-31.64988,115.24777
2337285,2337285,Neosebastes pandus,-34.91408,136.96996
2337285,2337285,Neosebastes pandus,-34.86549,137.1132
2337285,2337285,Neosebastes pandus,-34.742,137.18075
2337285,2337285,Neosebastes pandus,-33.6809,114.97377
2337285,2337285,Neosebastes pandus,-33.5224,114.99872
2337285,2337285,Neosebastes pandus,-33.4842,114.9952
2337285,2337285,Neosebastes pandus,-33.503,115.00301
2337285,2337285,Neosebastes pandus,-33.5454,115.1344
2337285,2337285,Neosebastes pandus,-33.54541,114.99688
2337285,2337285,Neosebastes pandus,-33.4978,115.0043
2337285,2337285,Neosebastes pandus,-33.6744,114.9596
2337285,2337285,Neosebastes pandus,-33.5246,115.0904
2337285,2337285,Neosebastes pandus,-35.4118,137.814
2337285,2337285,Neosebastes pandus,-28.6698,113.94122
2337285,2337285,Neosebastes pandus,-28.6698,113.94122
2337285,2337285,Neosebastes pandus,-28.68032,113.9383
2337285,2337285,Neosebastes pandus,-28.82308,113.95355
2337285,2337285,Neosebastes pandus,-28.81142,113.94092
2337285,2337285,Neosebastes pandus,-28.83815,113.90797
2337285,2337285,Neosebastes pandus,-28.78343,113.9428
2337285,2337285,Neosebastes pandus,-30.21625,114.67583
2337285,2337285,Neosebastes pandus,-32.0462,115.383
2337285,2337285,Neosebastes pandus,-32.0565,115.4099
2337285,2337285,Neosebastes pandus,-32.0321,115.5326
2337285,2337285,Neosebastes pandus,-32.0526,115.423
2337285,2337285,Neosebastes pandus,-32.054,115.3601
2337285,2337285,Neosebastes pandus,-31.9738,115.4486
2337285,2337285,Neosebastes pandus,-31.9801,115.3839
2337285,2337285,Neosebastes pandus,-32.0182,115.4149
2337285,2337285,Neosebastes pandus,-32.0601,115.39
2337285,2337285,Neosebastes pandus,-32.0531,115.3723
2337285,2337285,Neosebastes pandus,-32.0529,115.3805
2337285,2337285,Neosebastes pandus,-32.0565,115.3739
2337285,2337285,Neosebastes pandus,-34.0387,123.39832
2337285,2337285,Neosebastes pandus,-35.02352,118.20127
2337285,2337285,Neosebastes pandus,-35.03355,118.16077
2337285,2337285,Neosebastes pandus,-34.00982,123.39143
2337285,2337285,Neosebastes pandus,-34.96902,118.2189
2337285,2337285,Neosebastes pandus,-34.95778,118.19315
2337285,2337285,Neosebastes pandus,-35.0627,118.18823
2337285,2337285,Neosebastes pandus,-31.846333,115.196667
2337285,2337285,Neosebastes pandus,-31.9045,115.307833
2337285,2337285,Neosebastes pandus,-31.846333,115.196667
2337285,2337285,Neosebastes pandus,-31.846333,115.196667
2337285,2337285,Neosebastes pandus,-31.851167,115.258667
2337285,2337285,Neosebastes pandus,-31.8464,115.197
2337285,2337285,Neosebastes pandus,-31.9097,115.594
2337285,2337285,Neosebastes pandus,-31.8464,115.197
2337285,2337285,Neosebastes pandus,-31.8511,115.259
2337285,10175259,Neosebastes pandus,-31.821,115.1905
2337285,10175259,Neosebastes pandus,-31.84639,115.19667
2337285,10175259,Neosebastes pandus,-31.817,115.183
2337285,10175259,Neosebastes pandus,-31.867,115.3
2337285,10175259,Neosebastes pandus,-31.883,115.267
2337285,2337285,Neosebastes pandus,-31.82,115.19
2337285,2337285,Neosebastes pandus,-31.846333,115.196667
2337285,2337285,Neosebastes pandus,-31.846333,115.196667
2337285,2337285,Neosebastes pandus,-31.846333,115.196667
2337285,2337285,Neosebastes pandus,-31.851167,115.258667
2337285,2337285,Neosebastes pandus,-31.9045,115.307833
2337285,2337285,Neosebastes pandus,-33.8308,137.537
2337285,2337285,Neosebastes pandus,-33.8308,137.537
2337285,2337285,Neosebastes pandus,-33.8308,137.537
2337285,2337285,Neosebastes pandus,-33.8308,137.537
2337285,2337285,Neosebastes pandus,-33.8308,137.537
2337285,10175259,Neosebastes pandus,-33.83083,137.53667
2337285,2337285,Neosebastes pandus,-35.15919,138.45251
2337285,2337285,Neosebastes pandus,-32.115,132.14592
2337285,2337285,Neosebastes pandus,-32.115,132.14592
2337285,2337285,Neosebastes pandus,-34.3192,133.48319
2337285,2337285,Neosebastes pandus,-34.3192,133.48319
2337285,2337285,Neosebastes pandus,-33,131
2337285,2337285,Neosebastes pandus,-35.521134000000004,138.185531
2337285,2337285,Neosebastes pandus,-33,126
2337285,2337285,Neosebastes pandus,-33,125
2337285,2337285,Neosebastes pandus,-33,125
2337285,2337285,Neosebastes pandus,-33,125
2337285,2337285,Neosebastes pandus,-33,125
2337285,2337285,Neosebastes pandus,-33,126
2337285,2337285,Neosebastes pandus,-33,125
2337285,2337285,Neosebastes pandus,-33,125
2337285,2337285,Neosebastes pandus,-33,125
2337285,2337285,Neosebastes pandus,-33,125
2337285,2337285,Neosebastes pandus,-33,126
2337285,10175259,Neosebastes pandus,-33,126
2337285,10175259,Neosebastes pandus,-33,125
2337285,2337285,Neosebastes pandus,-35.225,138.0333
2337285,2337285,Neosebastes pandus,-35,138.5167
2337285,2337285,Neosebastes pandus,-37.9967,145.035
2337285,2337285,Neosebastes pandus,-39.005,146.58667
2337285,2337285,Neosebastes pandus,-39.00833,146.58333
2337285,2337285,Neosebastes pandus,-34.95,114.933333
2337285,2337285,Neosebastes pandus,-34.95,114.933333
2337285,2337285,Neosebastes pandus,-34.08,137.55
2337285,2337285,Neosebastes pandus,-34.67,135.88
2337285,2337285,Neosebastes pandus,-34.18,132.6
2337285,2337285,Neosebastes pandus,-33,129.533333
2337285,2337285,Neosebastes pandus,-33,129.533333
2337285,2337285,Neosebastes pandus,-32.4247,133.5356
2337285,2337285,Neosebastes pandus,-33.1,129.566667
2337285,2337285,Neosebastes pandus,-34.666667,114.883333
2337285,2337285,Neosebastes pandus,-33.3342,134.6464
2337285,2337285,Neosebastes pandus,-33.1,129.566667
2337285,2337285,Neosebastes pandus,-34.666667,114.883333
2337285,2337285,Neosebastes pandus,-41.15,146.81666
2337285,2337285,Neosebastes pandus,-34.84166,133.49167
2337285,2337285,Neosebastes pandus,-33.6833,136.9167
2337285,2337285,Neosebastes pandus,-33.338333,124.763333
2337285,2337285,Neosebastes pandus,-34.248333,124.105
2337285,2337285,Neosebastes pandus,-34.248333,124.105
2337285,2337285,Neosebastes pandus,-33.338333,124.763333
2337285,2337285,Neosebastes pandus,-33.35,125.95
2337285,2337285,Neosebastes pandus,-33.45,125.91667
2337285,2337285,Neosebastes pandus,-33.45,125.91667
2337285,2337285,Neosebastes pandus,-32.75,125.71667
2337285,2337285,Neosebastes pandus,-33.45,125.91667
2337285,2337285,Neosebastes pandus,-33.125,125.75
2337285,2337285,Neosebastes pandus,-33.24166,125.74167
2337285,2337285,Neosebastes pandus,-33.14166,125.73334
2337285,2337285,Neosebastes pandus,-33.24166,125.725
2337285,2337285,Neosebastes pandus,-33.14166,125.73334
2337285,2337285,Neosebastes pandus,-33.633333,125.366667
2337285,2337285,Neosebastes pandus,-33.633333,125.366667
2337285,2337285,Neosebastes pandus,-33.48333,131.86667
2337285,2337285,Neosebastes pandus,-33.48333,131.85
2337285,2337285,Neosebastes pandus,-33.48333,131.85
2337285,2337285,Neosebastes pandus,-33.5,131.85833
2337285,2337285,Neosebastes pandus,-39.77,148.72
2337285,2337285,Neosebastes pandus,-40.87,146.87
2337285,2337285,Neosebastes pandus,-33.16667,128.30834
2337285,2337285,Neosebastes pandus,-32.425,132.8
2337285,2337285,Neosebastes pandus,-33.56666,132.98334
2337285,2337285,Neosebastes pandus,-34.51666,133.975
2337285,2337285,Neosebastes pandus,-33.14166,133.84167
2337285,2337285,Neosebastes pandus,-33.56666,132.98334
2337285,2337285,Neosebastes pandus,-33.56666,132.975
2337285,2337285,Neosebastes pandus,-34.51666,133.99167
2337285,2337285,Neosebastes pandus,-33.19167,133.88334
2337285,2337285,Neosebastes pandus,-33.19167,133.88334
2337285,2337285,Neosebastes pandus,-33.19167,133.88334
2337285,2337285,Neosebastes pandus,-33.19167,133.88334
2337285,2337285,Neosebastes pandus,-33.19167,133.88334
2337285,2337285,Neosebastes pandus,-33.19167,133.88334
2337285,2337285,Neosebastes pandus,-33.19167,133.88334
2337285,2337285,Neosebastes pandus,-41.183333,146.816667
2337285,2337285,Neosebastes pandus,-33.04166,129.88334
2337285,2337285,Neosebastes pandus,-33.1,131.90833
2337285,2337285,Neosebastes pandus,-33.1,131.90833
2337285,2337285,Neosebastes pandus,-33.1,131.90833
2337285,2337285,Neosebastes pandus,-33.1,131.90833
2337285,2337285,Neosebastes pandus,-33.1,131.90833
2337285,2337285,Neosebastes pandus,-33.1,131.90833
2337285,2337285,Neosebastes pandus,-33.1,131.90833
2337285,2337285,Neosebastes pandus,-31.93333,130.95833
2337285,2337285,Neosebastes pandus,-33.06667,130.80833
2337285,2337285,Neosebastes pandus,-33.1,131.89167
2337285,2337285,Neosebastes pandus,-32.34167,132.06667
2337285,2337285,Neosebastes pandus,-33.06667,130.80833
2337285,2337285,Neosebastes pandus,-31.93333,130.95833
2337285,2337285,Neosebastes pandus,-33.1,131.9
2337285,2337285,Neosebastes pandus,-33.1,131.90833
2337285,2337285,Neosebastes pandus,-33.04166,129.88334
2337285,2337285,Neosebastes pandus,-32.325,132.06667
2337285,2337285,Neosebastes pandus,-32.325,132.06667
2337285,2337285,Neosebastes pandus,-33.06667,130.80833
2337285,2337285,Neosebastes pandus,-31.96666,129.95
2337285,2337285,Neosebastes pandus,-33.8,125.50834
2337285,2337285,Neosebastes pandus,-32.78333,128
2337285,2337285,Neosebastes pandus,-32.81666,125.525
2337285,2337285,Neosebastes pandus,-32.125,128.96667
2337285,2337285,Neosebastes pandus,-33.13333,127.025
2337285,2337285,Neosebastes pandus,-32.79167,125.5
2337285,2337285,Neosebastes pandus,-33.18333,124.48334
2337285,2337285,Neosebastes pandus,-32.86667,127.125
2337285,2337285,Neosebastes pandus,-33.275,125.5
2337285,2337285,Neosebastes pandus,-33.275,125.5
2337285,2337285,Neosebastes pandus,-32.78333,127.99167
2337285,2337285,Neosebastes pandus,-32.78333,127.99167
2337285,2337285,Neosebastes pandus,-33.275,125.5
2337285,2337285,Neosebastes pandus,-32.125,128.98334
2337285,2337285,Neosebastes pandus,-33.16667,124.48334
2337285,2337285,Neosebastes pandus,-33.175,124.48334
2337285,2337285,Neosebastes pandus,-33.175,124.48334
2337285,2337285,Neosebastes pandus,-33.175,124.48334
2337285,2337285,Neosebastes pandus,-33.175,124.48334
2337285,2337285,Neosebastes pandus,-33.175,124.48334
2337285,2337285,Neosebastes pandus,-33.175,124.48334
2337285,2337285,Neosebastes pandus,-33.175,124.48334
2337285,2337285,Neosebastes pandus,-32.81666,125.51667
2337285,2337285,Neosebastes pandus,-33.275,125.5
2337285,2337285,Neosebastes pandus,-33.275,125.5
2337285,2337285,Neosebastes pandus,-33.275,125.5
2337285,2337285,Neosebastes pandus,-33.275,125.5
2337285,2337285,Neosebastes pandus,-33.275,125.5
2337285,2337285,Neosebastes pandus,-33.275,125.5
2337285,2337285,Neosebastes pandus,-32.125,128.98334
2337285,2337285,Neosebastes pandus,-33.11667,127.025
2337285,2337285,Neosebastes pandus,-35.13,137.8
2337285,2337285,Neosebastes pandus,-32.75833,125.40834
2337285,2337285,Neosebastes pandus,-33.66667,125.40834
2337285,2337285,Neosebastes pandus,-33.66667,125.40834
2337285,2337285,Neosebastes pandus,-33.66667,125.40834
2337285,2337285,Neosebastes pandus,-32.78333,125.53333
2337285,2337285,Neosebastes pandus,-32.78333,125.53333
2337285,2337285,Neosebastes pandus,-32.78333,125.53333
2337285,2337285,Neosebastes pandus,-33.775,125.425
2337285,2337285,Neosebastes pandus,-32.775,125.375
2337285,2337285,Neosebastes pandus,-32.775,125.375
2337285,2337285,Neosebastes pandus,-33.65833,125.44167
2337285,2337285,Neosebastes pandus,-32.76666,125.60834
2337285,2337285,Neosebastes pandus,-33.66667,125.40834
2337285,2337285,Neosebastes pandus,-32.75833,125.40834
2337285,2337285,Neosebastes pandus,-33.65833,125.54167
2337285,2337285,Neosebastes pandus,-33.78333,125.38334
2337285,2337285,Neosebastes pandus,-33.15833,125.54167
2337285,2337285,Neosebastes pandus,-33.15833,125.54167
2337285,2337285,Neosebastes pandus,-33.15833,125.54167
2337285,2337285,Neosebastes pandus,-33.15833,125.54167
2337285,2337285,Neosebastes pandus,-33.15833,125.54167
2337285,2337285,Neosebastes pandus,-33.15833,125.54167
2337285,2337285,Neosebastes pandus,-33.15833,125.54167
2337285,2337285,Neosebastes pandus,-33.15833,125.54167
2337285,2337285,Neosebastes pandus,-33.66667,125.40834
2337285,2337285,Neosebastes pandus,-33.66667,125.40834
2337285,2337285,Neosebastes pandus,-33.66667,125.40834
2337285,2337285,Neosebastes pandus,-32.775,125.375
2337285,2337285,Neosebastes pandus,-32.775,125.375
2337285,2337285,Neosebastes pandus,-32.775,125.375
2337285,2337285,Neosebastes pandus,-33.15833,125.54167
2337285,2337285,Neosebastes pandus,-33.69166,125.425
2337285,2337285,Neosebastes pandus,-33.875,125.39167
2337285,2337285,Neosebastes pandus,-32.76666,125.60834
2337285,2337285,Neosebastes pandus,-41.083333,148.383333
2337285,2337285,Neosebastes pandus,-40.42,148.43
2337285,2337285,Neosebastes pandus,-40.07,146.72
2337285,2337285,Neosebastes pandus,-40.58,147.23
2337285,2337285,Neosebastes pandus,-40.25,147.22
2337285,2337285,Neosebastes pandus,-40.2,147.27
2337285,2337285,Neosebastes pandus,-40.42,147.58
2337285,2337285,Neosebastes pandus,-39.97,147.62
2337285,2337285,Neosebastes pandus,-33.15,128.09167
2337285,2337285,Neosebastes pandus,-39.45833,148.56667
2337285,2337285,Neosebastes pandus,-39.475,148.56667
2337285,2337285,Neosebastes pandus,-40.3,148.675
2337285,2337285,Neosebastes pandus,-39.46666,148.56667
2337285,2337285,Neosebastes pandus,-32.933334,127.61667
2337285,2337285,Neosebastes pandus,-41,147.07499
2337285,2337285,Neosebastes pandus,-33.45972,114.61833
2337285,2337285,Neosebastes pandus,-41.166667,146.816667
2337285,2337285,Neosebastes pandus,-29.48444,114.525
2337285,2337285,Neosebastes pandus,-31.99264,131.50834
2337285,2337285,Neosebastes pandus,-31.91694,131.40097
2337285,2337285,Neosebastes pandus,-32.51819,127
2337285,2337285,Neosebastes pandus,-34.1593,134.4257
2337285,2337285,Neosebastes pandus,-40.85,147.58332
2337285,2337285,Neosebastes pandus,-41.18332,146.35
2337285,2337285,Neosebastes pandus,-33.74278,114.64333
2337285,2337285,Neosebastes pandus,-32.51708,128.30945
2337285,2337285,Neosebastes pandus,-31.86667,130.71847
2337285,2337285,Neosebastes pandus,-32.60944,125.96736
2337285,2337285,Neosebastes pandus,-31.90875,131.48431
2337285,2337285,Neosebastes pandus,-32.51708,128.30945
2337285,2337285,Neosebastes pandus,-32.96666,125.6007
2337285,2337285,Neosebastes pandus,-33.24347,127.625
2337285,2337285,Neosebastes pandus,-31.88416,130.03403
2337285,2337285,Neosebastes pandus,-32.64166,128.26736
2337285,2337285,Neosebastes pandus,-33.91778,114.49222
2337285,2337285,Neosebastes pandus,-32.85,126.49236
2337285,2337285,Neosebastes pandus,-40,148
2337285,2337285,Neosebastes pandus,-33.12569,133.85
2337285,2337285,Neosebastes pandus,-32.81694,133.68417
2337285,2337285,Neosebastes pandus,-32.24278,132.71
2337285,2337285,Neosebastes pandus,-32.275,132.79167
2337285,2337285,Neosebastes pandus,-33.30833,134.04167
2337285,2337285,Neosebastes pandus,-32.80069,133.71667
2337285,2337285,Neosebastes pandus,-32.44291,132.74278
2337285,2337285,Neosebastes pandus,-32.24375,132.6507
2337285,2337285,Neosebastes pandus,-32.83486,133.70903
2337285,2337285,Neosebastes pandus,-33.10069,133.70931
2337285,2337285,Neosebastes pandus,-32.80069,133.71667
2337285,2337285,Neosebastes pandus,-33.13402,133.80042
2337285,2337285,Neosebastes pandus,-32.79166,133.69236
2337285,2337285,Neosebastes pandus,-32.29333,132.81736
2337285,2337285,Neosebastes pandus,-32.24278,132.71
2337285,2337285,Neosebastes pandus,-32.275,132.79167
2337285,2337285,Neosebastes pandus,-32.74278,133.66806
2337285,2337285,Neosebastes pandus,-32.83486,133.70903
2337285,2337285,Neosebastes pandus,-32.19278,132.66806
2337285,2337285,Neosebastes pandus,-31.84194,130.66695
2337285,2337285,Neosebastes pandus,-32.87597,127.50931
2337285,2337285,Neosebastes pandus,-31.85,130.47639
2337285,2337285,Neosebastes pandus,-31.91736,130.91889
2337285,2337285,Neosebastes pandus,-32.52611,128.54167
2337285,2337285,Neosebastes pandus,-31.85,130.47639
2337285,2337285,Neosebastes pandus,-32.20902,130.17528
2337285,2337285,Neosebastes pandus,-32.77569,133.50973
2337285,2337285,Neosebastes pandus,-32.62625,129.0425
2337285,2337285,Neosebastes pandus,-32.25986,128.73334
2337285,2337285,Neosebastes pandus,-32.54375,127.09292
2337285,2337285,Neosebastes pandus,-34.21792,134.96695
2337285,2337285,Neosebastes pandus,-32.87597,127.50931
2337285,2337285,Neosebastes pandus,-32.25986,128.73334
2337285,2337285,Neosebastes pandus,-32.54166,126.05834
2337285,2337285,Neosebastes pandus,-31.9,131.48361
2337285,2337285,Neosebastes pandus,-31.98333,129.53334
2337285,2337285,Neosebastes pandus,-32.58375,126.81709
2337285,2337285,Neosebastes pandus,-32.75027,133.55875
2337285,2337285,Neosebastes pandus,-32.36,132.82514
2337285,2337285,Neosebastes pandus,-32.65222,126.68334
2337285,2337285,Neosebastes pandus,-32.725,125.85139
2337285,2337285,Neosebastes pandus,-33.22597,127.62653
2337285,2337285,Neosebastes pandus,-32.75125,132.24264
2337285,2337285,Neosebastes pandus,-33.75125,133.79167
2337285,2337285,Neosebastes pandus,-40.30097,145.66792
2337285,2337285,Neosebastes pandus,-40.31069,145.65931
2337285,2337285,Neosebastes pandus,-40.27736,145.61792
2337285,2337285,Neosebastes pandus,-40.26903,145.65875
2337285,2337285,Neosebastes pandus,-41.33332,148.23333
2337285,2337285,Neosebastes pandus,-33.58514,131.82681
2337285,2337285,Neosebastes pandus,-31.85,130.02681
2337285,2337285,Neosebastes pandus,-32.55041,130
2337285,2337285,Neosebastes pandus,-31.98472,128.99209
2337285,2337285,Neosebastes pandus,-33.68333,125.45987
2337285,2337285,Neosebastes pandus,-31.81805,130.10056
2337285,2337285,Neosebastes pandus,-31.99347,129.02667
2337285,2337285,Neosebastes pandus,-33.09236,128.50862
2337285,2337285,Neosebastes pandus,-33.03541,133.6257
2337285,2337285,Neosebastes pandus,-35.05,134.86014
2337285,2337285,Neosebastes pandus,-33.44167,133.40111
2337285,2337285,Neosebastes pandus,-32.30972,129.24167
2337285,2337285,Neosebastes pandus,-33.76792,133.12625
2337285,2337285,Neosebastes pandus,-32.84264,127.45153
2337285,2337285,Neosebastes pandus,-32.30111,131.02556
2337285,2337285,Neosebastes pandus,-33.11666,131.41667
2337285,2337285,Neosebastes pandus,-33.07666,132.31708
2337285,2337285,Neosebastes pandus,-34.20916,133.98417
2337285,2337285,Neosebastes pandus,-33.18402,127.56736
2337285,2337285,Neosebastes pandus,-32.25972,131.07542
2337285,2337285,Neosebastes pandus,-33.53333,131.48333
2337285,2337285,Neosebastes pandus,-33.635,133.82639
2337285,2337285,Neosebastes pandus,-32.28402,131.38445
2337285,2337285,Neosebastes pandus,-33.1175,130.53417
2337285,2337285,Neosebastes pandus,-32.7768,131.39167
2337285,2337285,Neosebastes pandus,-33.635,133.82639
2337285,2337285,Neosebastes pandus,-32.28402,131.38445
2337285,2337285,Neosebastes pandus,-33.1175,130.53417
2337285,2337285,Neosebastes pandus,-32.7768,131.39167
2337285,2337285,Neosebastes pandus,-33.635,133.82639
2337285,2337285,Neosebastes pandus,-32.28402,131.38445
2337285,2337285,Neosebastes pandus,-33.1175,130.53417
2337285,2337285,Neosebastes pandus,-32.7768,131.39167
2337285,2337285,Neosebastes pandus,-33.635,133.82639
2337285,2337285,Neosebastes pandus,-32.28402,131.38445
2337285,2337285,Neosebastes pandus,-33.1175,130.53417
2337285,2337285,Neosebastes pandus,-32.7768,131.39167
2337285,2337285,Neosebastes pandus,-33.635,133.82639
2337285,2337285,Neosebastes pandus,-33.635,133.82639
2337285,2337285,Neosebastes pandus,-32.28402,131.38445
2337285,2337285,Neosebastes pandus,-33.1175,130.53417
2337285,2337285,Neosebastes pandus,-32.7768,131.39167
2337285,2337285,Neosebastes pandus,-33.635,133.82639
2337285,2337285,Neosebastes pandus,-32.28402,131.38445
2337285,2337285,Neosebastes pandus,-32.25972,131.07542
2337285,2337285,Neosebastes pandus,-32.7768,131.39167
2337285,2337285,Neosebastes pandus,-34.59236,133.76667
2337285,2337285,Neosebastes pandus,-34.59236,133.76667
2337285,2337285,Neosebastes pandus,-32.25972,131.07542
2337285,2337285,Neosebastes pandus,-32.25972,131.07542
2337285,2337285,Neosebastes pandus,-34.59236,133.76667
2337285,2337285,Neosebastes pandus,-32.25972,131.07542
2337285,2337285,Neosebastes pandus,-34.59236,133.76667
2337285,2337285,Neosebastes pandus,-34.59236,133.76667
2337285,2337285,Neosebastes pandus,-32.28402,131.38445
2337285,2337285,Neosebastes pandus,-32.25972,131.07542
2337285,2337285,Neosebastes pandus,-33.1175,130.53417
2337285,2337285,Neosebastes pandus,-34.59236,133.76667
2337285,2337285,Neosebastes pandus,-32.25972,131.07542
2337285,2337285,Neosebastes pandus,-34.59236,133.76667
2337285,2337285,Neosebastes pandus,-34.59236,133.76667
2337285,2337285,Neosebastes pandus,-32.90833,126.55014
2337285,2337285,Neosebastes pandus,-33.16,129.53514
2337285,2337285,Neosebastes pandus,-32.28402,131.38445
2337285,2337285,Neosebastes pandus,-32.68347,131.55125
2337285,2337285,Neosebastes pandus,-32.7768,131.39167
2337285,2337285,Neosebastes pandus,-33.53333,132.16667
2337285,2337285,Neosebastes pandus,-34.59236,133.76667
2337285,2337285,Neosebastes pandus,-32.73361,125.70973
2337285,2337285,Neosebastes pandus,-32.74291,129.51667
2337285,2337285,Neosebastes pandus,-32.45902,131.79237
2337285,2337285,Neosebastes pandus,-34.1,132.85
2337285,2337285,Neosebastes pandus,-33.26806,126.64167
2337285,2337285,Neosebastes pandus,-32.375,127.875
2337285,2337285,Neosebastes pandus,-31.84208,131.38334
2337285,2337285,Neosebastes pandus,-33.1175,130.53417
2337285,2337285,Neosebastes pandus,-32.28402,131.38445
2337285,2337285,Neosebastes pandus,-33.1175,130.53417
2337285,2337285,Neosebastes pandus,-32.7768,131.39167
2337285,2337285,Neosebastes pandus,-33.635,133.82639
2337285,2337285,Neosebastes pandus,-32.28402,131.38445
2337285,2337285,Neosebastes pandus,-32.28402,131.38445
2337285,2337285,Neosebastes pandus,-33.1175,130.53417
2337285,2337285,Neosebastes pandus,-32.7768,131.39167
2337285,2337285,Neosebastes pandus,-32.7768,131.39167
2337285,2337285,Neosebastes pandus,-33.635,133.82639
2337285,2337285,Neosebastes pandus,-32.28402,131.38445
2337285,2337285,Neosebastes pandus,-33.1175,130.53417
2337285,2337285,Neosebastes pandus,-33.1175,130.53417
2337285,2337285,Neosebastes pandus,-32.7768,131.39167
2337285,2337285,Neosebastes pandus,-33.635,133.82639
2337285,2337285,Neosebastes pandus,-32.25972,131.07542
2337285,2337285,Neosebastes pandus,-32.25972,131.07542
2337285,2337285,Neosebastes pandus,-33.635,133.82639
2337285,2337285,Neosebastes pandus,-34.59236,133.76667
2337285,2337285,Neosebastes pandus,-32.28402,131.38445
2337285,2337285,Neosebastes pandus,-32.25972,131.07542
2337285,2337285,Neosebastes pandus,-32.25972,131.07542
2337285,2337285,Neosebastes pandus,-33.1175,130.53417
2337285,2337285,Neosebastes pandus,-34.59236,133.76667
2337285,2337285,Neosebastes pandus,-32.28402,131.38445
2337285,2337285,Neosebastes pandus,-32.25972,131.07542
2337285,2337285,Neosebastes pandus,-34.59236,133.76667
2337285,2337285,Neosebastes pandus,-34.59236,133.76667
2337285,2337285,Neosebastes pandus,-34.39166,133.33334
2337285,2337285,Neosebastes pandus,-34.39166,133.35834
2337285,2337285,Neosebastes pandus,-33.616665,115.48333
2337285,2337285,Neosebastes pandus,-41.1,146.78333
2337285,2337285,Neosebastes pandus,-31.89167,129.70056
2337285,2337285,Neosebastes pandus,-34.28333,124.33334
2337285,2337285,Neosebastes pandus,-32.82597,125.67681
2337285,2337285,Neosebastes pandus,-33.26777,126.65903
2337285,2337285,Neosebastes pandus,-32.88333,127.50903
2337285,2337285,Neosebastes pandus,-32.75916,129.55028
2337285,2337285,Neosebastes pandus,-32.4843,127.975
2337285,2337285,Neosebastes pandus,-33.38458,125.24333
2337285,2337285,Neosebastes pandus,-32.82597,125.67681
2337285,2337285,Neosebastes pandus,-32.99389,126.55875
2337285,2337285,Neosebastes pandus,-40.66833,146.09237
2337285,2337285,Neosebastes pandus,-40.21764,146.00028
2337285,2337285,Neosebastes pandus,-40.31861,146.19362
2337285,2337285,Neosebastes pandus,-40.585,145.78347
2337285,2337285,Neosebastes pandus,-40.285,146.40097
2337285,2337285,Neosebastes pandus,-40.35222,146.10834
2337285,2337285,Neosebastes pandus,-40.29264,146.03333
2337285,2337285,Neosebastes pandus,-40.58402,145.80917
2337285,2337285,Neosebastes pandus,-40.47638,146.08403
2337285,2337285,Neosebastes pandus,-40.61819,146.07612
2337285,2337285,Neosebastes pandus,-40.35889,146.04195
2337285,2337285,Neosebastes pandus,-40.4418,145.66667
2337285,2337285,Neosebastes pandus,-39.81666,144.88431
2337285,2337285,Neosebastes pandus,-39.45236,144.50945
2337285,2337285,Neosebastes pandus,-40.77653,146.10084
2337285,2337285,Neosebastes pandus,-40.54194,146.45167
2337285,2337285,Neosebastes pandus,-39.83444,145.91848
2337285,2337285,Neosebastes pandus,-40.55958,146.48472
2337285,2337285,Neosebastes pandus,-40.5918,147.15111
2337285,2337285,Neosebastes pandus,-39.97569,146.84209
2337285,2337285,Neosebastes pandus,-40.51666,146.25834
2337285,2337285,Neosebastes pandus,-39.28458,145.925
2337285,2337285,Neosebastes pandus,-39.00013,144.67528
2337285,2337285,Neosebastes pandus,-40.38542,145.95834
2337285,2337285,Neosebastes pandus,-40.10958,146.41903
2337285,2337285,Neosebastes pandus,-40.71708,146.10917
2337285,2337285,Neosebastes pandus,-40.39236,147.24306
2337285,2337285,Neosebastes pandus,-40.30083,146.72681
2337285,2337285,Neosebastes pandus,-40.00903,146.35153
2337285,2337285,Neosebastes pandus,-40.26847,145.35
2337285,2337285,Neosebastes pandus,-40.44264,145.50209
2337285,2337285,Neosebastes pandus,-40.27528,146.08417
2337285,2337285,Neosebastes pandus,-40.35097,146.50028
2337285,2337285,Neosebastes pandus,-40.59194,145.73514
2337285,2337285,Neosebastes pandus,-40.65125,146.08458
2337285,2337285,Neosebastes pandus,-40.72597,146.11695
2337285,2337285,Neosebastes pandus,-40.15847,147.35959
2337285,2337285,Neosebastes pandus,-40.77736,146.59237
2337285,2337285,Neosebastes pandus,-40.70958,146.68334
2337285,2337285,Neosebastes pandus,-40.56,145.77625
2337285,2337285,Neosebastes pandus,-40.12569,146.05931
2337285,2337285,Neosebastes pandus,-40.45181,146.46847
2337285,2337285,Neosebastes pandus,-40.60889,145.89278
2337285,2337285,Neosebastes pandus,-40.64402,146.13514
2337285,2337285,Neosebastes pandus,-39.56847,144.59403
2337285,2337285,Neosebastes pandus,-40.84194,146.05167
2337285,2337285,Neosebastes pandus,-40.33486,146.22639
2337285,2337285,Neosebastes pandus,-39.86736,145.68431
2337285,2337285,Neosebastes pandus,-40.68333,146.10111
2337285,2337285,Neosebastes pandus,-40.4418,145.66667
2337285,2337285,Neosebastes pandus,-40.31708,145.97583
2337285,2337285,Neosebastes pandus,-40.31708,145.97583
2337285,2337285,Neosebastes pandus,-40.4418,145.66667
2337285,2337285,Neosebastes pandus,-40.31708,145.97583
2337285,2337285,Neosebastes pandus,-40.4418,145.66667
2337285,2337285,Neosebastes pandus,-40.31708,145.97583
2337285,2337285,Neosebastes pandus,-40.31708,145.97583
2337285,2337285,Neosebastes pandus,-40.4418,145.66667
2337285,2337285,Neosebastes pandus,-40.31708,145.97583
2337285,2337285,Neosebastes pandus,-40.4418,145.66667
2337285,2337285,Neosebastes pandus,-40.4418,145.66667
2337285,2337285,Neosebastes pandus,-40.31708,145.97583
2337285,2337285,Neosebastes pandus,-40.31708,145.97583
2337285,2337285,Neosebastes pandus,-40.33472,146.04389
2337285,2337285,Neosebastes pandus,-40.30889,146.05153
2337285,2337285,Neosebastes pandus,-40.58402,145.80917
2337285,2337285,Neosebastes pandus,-40.58402,145.80917
2337285,2337285,Neosebastes pandus,-40.4418,145.66667
2337285,2337285,Neosebastes pandus,-40.33472,146.04389
2337285,2337285,Neosebastes pandus,-40.33472,146.04389
2337285,2337285,Neosebastes pandus,-40.30889,146.05153
2337285,2337285,Neosebastes pandus,-40.30889,146.05153
2337285,2337285,Neosebastes pandus,-40.58402,145.80917
2337285,2337285,Neosebastes pandus,-40.4418,145.66667
2337285,2337285,Neosebastes pandus,-40.35222,146.10834
2337285,2337285,Neosebastes pandus,-40.35222,146.10834
2337285,2337285,Neosebastes pandus,-40.47638,146.08403
2337285,2337285,Neosebastes pandus,-40.33472,146.04389
2337285,2337285,Neosebastes pandus,-40.30889,146.05153
2337285,2337285,Neosebastes pandus,-40.58402,145.80917
2337285,2337285,Neosebastes pandus,-40.4418,145.66667
2337285,2337285,Neosebastes pandus,-40.35222,146.10834
2337285,2337285,Neosebastes pandus,-40.35222,146.10834
2337285,2337285,Neosebastes pandus,-40.47638,146.08403
2337285,2337285,Neosebastes pandus,-40.35222,146.10834
2337285,2337285,Neosebastes pandus,-40.47638,146.08403
2337285,2337285,Neosebastes pandus,-40.33472,146.04389
2337285,2337285,Neosebastes pandus,-40.30889,146.05153
2337285,2337285,Neosebastes pandus,-40.58402,145.80917
2337285,2337285,Neosebastes pandus,-40.4418,145.66667
2337285,2337285,Neosebastes pandus,-40.35222,146.10834
2337285,2337285,Neosebastes pandus,-40.35222,146.10834
2337285,2337285,Neosebastes pandus,-40.47638,146.08403
2337285,2337285,Neosebastes pandus,-40.47638,146.08403
2337285,2337285,Neosebastes pandus,-40.33472,146.04389
2337285,2337285,Neosebastes pandus,-40.30889,146.05153
2337285,2337285,Neosebastes pandus,-40.58402,145.80917
2337285,2337285,Neosebastes pandus,-40.4418,145.66667
2337285,2337285,Neosebastes pandus,-40.35222,146.10834
2337285,2337285,Neosebastes pandus,-40.35222,146.10834
2337285,2337285,Neosebastes pandus,-40.47638,146.08403
2337285,2337285,Neosebastes pandus,-40.47638,146.08403
2337285,2337285,Neosebastes pandus,-40.33472,146.04389
2337285,2337285,Neosebastes pandus,-40.33472,146.04389
2337285,2337285,Neosebastes pandus,-40.30889,146.05153
2337285,2337285,Neosebastes pandus,-40.30889,146.05153
2337285,2337285,Neosebastes pandus,-40.58402,145.80917
2337285,2337285,Neosebastes pandus,-40.58402,145.80917
2337285,2337285,Neosebastes pandus,-40.58402,145.80917
2337285,2337285,Neosebastes pandus,-40.33472,146.04389
2337285,2337285,Neosebastes pandus,-40.33472,146.04389
2337285,2337285,Neosebastes pandus,-40.33472,146.04389
2337285,2337285,Neosebastes pandus,-40.30889,146.05153
2337285,2337285,Neosebastes pandus,-40.30889,146.05153
2337285,2337285,Neosebastes pandus,-40.30889,146.05153
2337285,2337285,Neosebastes pandus,-40.58402,145.80917
2337285,2337285,Neosebastes pandus,-40.58402,145.80917
2337285,2337285,Neosebastes pandus,-40.33472,146.04389
2337285,2337285,Neosebastes pandus,-40.30889,146.05153
2337285,2337285,Neosebastes pandus,-40.58402,145.80917
2337285,2337285,Neosebastes pandus,-40.58402,145.80917
2337285,2337285,Neosebastes pandus,-40.4418,145.66667
2337285,2337285,Neosebastes pandus,-40.33472,146.04389
2337285,2337285,Neosebastes pandus,-40.33472,146.04389
2337285,2337285,Neosebastes pandus,-40.30889,146.05153
2337285,2337285,Neosebastes pandus,-40.30889,146.05153
2337285,2337285,Neosebastes pandus,-40.58402,145.80917
2337285,2337285,Neosebastes pandus,-40.33472,146.04389
2337285,2337285,Neosebastes pandus,-40.33472,146.04389
2337285,2337285,Neosebastes pandus,-40.33472,146.04389
2337285,2337285,Neosebastes pandus,-40.30889,146.05153
2337285,2337285,Neosebastes pandus,-40.30889,146.05153
2337285,2337285,Neosebastes pandus,-40.30889,146.05153
2337285,2337285,Neosebastes pandus,-40.58402,145.80917
2337285,2337285,Neosebastes pandus,-40.33472,146.04389
2337285,2337285,Neosebastes pandus,-40.30889,146.05153
2337285,2337285,Neosebastes pandus,-40.51764,146.26889
2337285,2337285,Neosebastes pandus,-39.32722,143.85167
2337285,2337285,Neosebastes pandus,-39.64166,144.84237
2337285,2337285,Neosebastes pandus,-40.31708,145.97583
2337285,2337285,Neosebastes pandus,-39.87611,145.70931
2337285,2337285,Neosebastes pandus,-39.76861,146.90931
2337285,2337285,Neosebastes pandus,-40.72638,146.20972
2337285,2337285,Neosebastes pandus,-39.68389,146.41695
2337285,2337285,Neosebastes pandus,-38.95028,145.35084
2337285,2337285,Neosebastes pandus,-38.80097,144.24167
2337285,2337285,Neosebastes pandus,-40.49222,145.95042
2337285,2337285,Neosebastes pandus,-40.05083,146.24195
2337285,2337285,Neosebastes pandus,-40.70903,146.10084
2337285,2337285,Neosebastes pandus,-39.35111,144.15097
2337285,2337285,Neosebastes pandus,-40.64333,146.43445
2337285,2337285,Neosebastes pandus,-39.82597,145.80083
2337285,2337285,Neosebastes pandus,-40.35166,146.26806
2337285,2337285,Neosebastes pandus,-40.4418,145.66667
2337285,2337285,Neosebastes pandus,-40.31708,145.97583
2337285,2337285,Neosebastes pandus,-40.31708,145.97583
2337285,2337285,Neosebastes pandus,-40.4418,145.66667
2337285,2337285,Neosebastes pandus,-40.31708,145.97583
2337285,2337285,Neosebastes pandus,-40.4418,145.66667
2337285,2337285,Neosebastes pandus,-40.31708,145.97583
2337285,2337285,Neosebastes pandus,-40.33472,146.04389
2337285,2337285,Neosebastes pandus,-40.30889,146.05153
2337285,2337285,Neosebastes pandus,-40.58402,145.80917
2337285,2337285,Neosebastes pandus,-40.4418,145.66667
2337285,2337285,Neosebastes pandus,-40.4418,145.66667
2337285,2337285,Neosebastes pandus,-40.35222,146.10834
2337285,2337285,Neosebastes pandus,-40.47638,146.08403
2337285,2337285,Neosebastes pandus,-40.33472,146.04389
2337285,2337285,Neosebastes pandus,-40.30889,146.05153
2337285,2337285,Neosebastes pandus,-40.58402,145.80917
2337285,2337285,Neosebastes pandus,-40.4418,145.66667
2337285,2337285,Neosebastes pandus,-40.35222,146.10834
2337285,2337285,Neosebastes pandus,-40.47638,146.08403
2337285,2337285,Neosebastes pandus,-40.33472,146.04389
2337285,2337285,Neosebastes pandus,-40.30889,146.05153
2337285,2337285,Neosebastes pandus,-40.58402,145.80917
2337285,2337285,Neosebastes pandus,-40.4418,145.66667
2337285,2337285,Neosebastes pandus,-40.35222,146.10834
2337285,2337285,Neosebastes pandus,-40.35222,146.10834
2337285,2337285,Neosebastes pandus,-40.47638,146.08403
2337285,2337285,Neosebastes pandus,-40.33472,146.04389
2337285,2337285,Neosebastes pandus,-40.30889,146.05153
2337285,2337285,Neosebastes pandus,-40.58402,145.80917
2337285,2337285,Neosebastes pandus,-40.58402,145.80917
2337285,2337285,Neosebastes pandus,-40.33472,146.04389
2337285,2337285,Neosebastes pandus,-40.33472,146.04389
2337285,2337285,Neosebastes pandus,-40.30889,146.05153
2337285,2337285,Neosebastes pandus,-40.30889,146.05153
2337285,2337285,Neosebastes pandus,-40.58402,145.80917
2337285,2337285,Neosebastes pandus,-40.58402,145.80917
2337285,2337285,Neosebastes pandus,-40.33472,146.04389
2337285,2337285,Neosebastes pandus,-40.33472,146.04389
2337285,2337285,Neosebastes pandus,-40.30889,146.05153
2337285,2337285,Neosebastes pandus,-40.30889,146.05153
2337285,2337285,Neosebastes pandus,-40.58402,145.80917
2337285,2337285,Neosebastes pandus,-40.58402,145.80917
2337285,2337285,Neosebastes pandus,-40.58402,145.80917
2337285,2337285,Neosebastes pandus,-35.36805,117.1425
2337285,2337285,Neosebastes pandus,-35.35069,117.56667
2337285,2337285,Neosebastes pandus,-35.39333,117.90097
2337285,2337285,Neosebastes pandus,-35.40833,116.75028
2337285,2337285,Neosebastes pandus,-35.29347,118.16667
2337285,2337285,Neosebastes pandus,-33.05833,127.73334
2337285,2337285,Neosebastes pandus,-33.41736,125.88528
2337285,2337285,Neosebastes pandus,-39.71736,144.41736
2337285,2337285,Neosebastes pandus,-33.70833,133.83334
2337285,2337285,Neosebastes pandus,-33.44167,133.9007
2337285,2337285,Neosebastes pandus,-39.63403,144.75139
2337285,2337285,Neosebastes pandus,-39.60069,144.53403
2337285,2337285,Neosebastes pandus,-34.15069,133.98375
2337285,2337285,Neosebastes pandus,-39.94347,144.79292
2337285,2337285,Neosebastes pandus,-40.16875,145.91736
2337285,2337285,Neosebastes pandus,-40.20958,146.79292
2337285,2337285,Neosebastes pandus,-39.8675,145.80098
2337285,2337285,Neosebastes pandus,-40.21666,146.43445
2337285,2337285,Neosebastes pandus,-39.83514,145.94222
2337285,2337285,Neosebastes pandus,-41.1,146.78333
2337285,2337285,Neosebastes pandus,-41.08541,146.7444
2337285,2337285,Neosebastes pandus,-41.08541,146.7444
2337285,2337285,Neosebastes pandus,-33.15847,127.76778
2337285,2337285,Neosebastes pandus,-33.01,128.08361
2337285,2337285,Neosebastes pandus,-32.95139,128
2337285,2337285,Neosebastes pandus,-32.96722,127.88528
2337285,2337285,Neosebastes pandus,-33.19208,126.50958
2337285,2337285,Neosebastes pandus,-33.30041,126.08403
2337285,2337285,Neosebastes pandus,-33.20986,126.4
2337285,2337285,Neosebastes pandus,-33.3518,128.10056
2337285,2337285,Neosebastes pandus,-33.38402,127.88403
2337285,2337285,Neosebastes pandus,-33.33528,128.75125
2337285,2337285,Neosebastes pandus,-33.31722,128.42639
2337285,2337285,Neosebastes pandus,-33.34222,128.03403
2337285,2337285,Neosebastes pandus,-33.25153,126.85125
2337285,2337285,Neosebastes pandus,-33.35,129.35084
2337285,2337285,Neosebastes pandus,-33.31847,128.43417
2337285,2337285,Neosebastes pandus,-33.26666,126.13542
2337285,2337285,Neosebastes pandus,-33.24236,126.29264
2337285,2337285,Neosebastes pandus,-33.32541,128.28445
2337285,2337285,Neosebastes pandus,-33.31917,128.15014
2337285,2337285,Neosebastes pandus,-33.13375,126.10111
2337285,2337285,Neosebastes pandus,-33.285,128.36764
2337285,2337285,Neosebastes pandus,-33.29166,128.57556
2337285,2337285,Neosebastes pandus,-33.26666,126.13542
2337285,2337285,Neosebastes pandus,-33.37527,127.99278
2337285,2337285,Neosebastes pandus,-33.31917,128.15014
2337285,2337285,Neosebastes pandus,-33.33444,128.25028
2337285,2337285,Neosebastes pandus,-33.35055,129.06695
2337285,2337285,Neosebastes pandus,-33.32694,128.39375
2337285,2337285,Neosebastes pandus,-33.26875,128.27639
2337285,2337285,Neosebastes pandus,-33.34389,128.83542
2337285,2337285,Neosebastes pandus,-33.31875,128.49278
2337285,2337285,Neosebastes pandus,-33.35028,129.21778
2337285,2337285,Neosebastes pandus,-33.35125,129.21042
2337285,2337285,Neosebastes pandus,-33.2843,128.19389
2337285,2337285,Neosebastes pandus,-33.59277,125.51667
2337285,2337285,Neosebastes pandus,-33.31861,128.34236
2337285,2337285,Neosebastes pandus,-33.35138,129.12708
2337285,2337285,Neosebastes pandus,-33.25153,126.85125
2337285,2337285,Neosebastes pandus,-33.31889,129.33445
2337285,2337285,Neosebastes pandus,-33.3175,128.1757
2337285,2337285,Neosebastes pandus,-33.26806,128.36875
2337285,2337285,Neosebastes pandus,-33.26819,128.07625
2337285,2337285,Neosebastes pandus,-33.21722,126.40028
2337285,2337285,Neosebastes pandus,-33.2268,126.21847
2337285,2337285,Neosebastes pandus,-33.26069,126.20181
2337285,2337285,Neosebastes pandus,-33.13361,126.17667
2337285,2337285,Neosebastes pandus,-33.20153,126.35861
2337285,2337285,Neosebastes pandus,-33.31861,128.24236
2337285,2337285,Neosebastes pandus,-33.35139,129.02597
2337285,2337285,Neosebastes pandus,-33.2418,126.30889
2337285,2337285,Neosebastes pandus,-33.26819,128.07597
2337285,2337285,Neosebastes pandus,-40.12597,145.10111
2337285,2337285,Neosebastes pandus,-40.00139,145.05139
2337285,2337285,Neosebastes pandus,-33.25028,128.35889
2337285,2337285,Neosebastes pandus,-39.59291,144.71861
2337285,2337285,Neosebastes pandus,-39.97528,145.00153
2337285,2337285,Neosebastes pandus,-39.0343,144.61667
2337285,2337285,Neosebastes pandus,-40.05125,144.85125
2337285,2337285,Neosebastes pandus,-40.05069,145.05139
2337285,2337285,Neosebastes pandus,-33.26694,127.98445
2337285,2337285,Neosebastes pandus,-39.75083,144.74195
2337285,2337285,Neosebastes pandus,-40.00902,144.79292
2337285,2337285,Neosebastes pandus,-40.13389,145.10111
2337285,2337285,Neosebastes pandus,-39.95097,144.99208
2337285,2337285,Neosebastes pandus,-33.28361,128.20097
2337285,2337285,Neosebastes pandus,-33.29264,128.5007
2337285,2337285,Neosebastes pandus,-39.68389,144.70875
2337285,2337285,Neosebastes pandus,-34.49278,134.20875
2337285,2337285,Neosebastes pandus,-39.50028,144.69278
2337285,2337285,Neosebastes pandus,-40.05944,144.8675
2337285,2337285,Neosebastes pandus,-40.13333,145.13333
2337285,2337285,Neosebastes pandus,-39.5593,144.75973
2337285,2337285,Neosebastes pandus,-40.07611,144.93486
2337285,2337285,Neosebastes pandus,-33.25875,128.37695
2337285,2337285,Neosebastes pandus,-33.2093,128.90917
2337285,2337285,Neosebastes pandus,-33.34264,129.95139
2337285,2337285,Neosebastes pandus,-33.39347,131.04292
2337285,2337285,Neosebastes pandus,-32.60944,128.42528
2337285,2337285,Neosebastes pandus,-33.07722,128.95917
2337285,2337285,Neosebastes pandus,-33.26736,128.35083
2337285,2337285,Neosebastes pandus,-33.19306,126.34292
2337285,2337285,Neosebastes pandus,-33.31917,129.47653
2337285,2337285,Neosebastes pandus,-34.13416,124.90834
2337285,2337285,Neosebastes pandus,-33.38458,129.26764
2337285,2337285,Neosebastes pandus,-34.06,132.58528
2337285,2337285,Neosebastes pandus,-33.61736,125.04292
2337285,2337285,Neosebastes pandus,-33.20069,126.14264
2337285,2337285,Neosebastes pandus,-32.58416,133.65042
2337285,2337285,Neosebastes pandus,-31.81666,130.78361
2337285,2337285,Neosebastes pandus,-31.73583,130.95112
2337285,2337285,Neosebastes pandus,-32.65833,126.09167
2337285,2337285,Neosebastes pandus,-33.25125,125.65862
2337285,2337285,Neosebastes pandus,-32.5,129.32611
2337285,2337285,Neosebastes pandus,-32.67597,133.6682
2337285,2337285,Neosebastes pandus,-32,130
2337285,2337285,Neosebastes pandus,-33.28402,126.52612
2337285,2337285,Neosebastes pandus,-34.69319,133.5175
2337285,2337285,Neosebastes pandus,-33.43389,125.97556
2337285,2337285,Neosebastes pandus,-33.57555,125.83417
2337285,2337285,Neosebastes pandus,-33.31736,129.88334
2337285,2337285,Neosebastes pandus,-34.17611,124.23375
2337285,2337285,Neosebastes pandus,-33.30125,126.85847
2337285,2337285,Neosebastes pandus,-33.29264,126.35112
2337285,2337285,Neosebastes pandus,-33.30069,130.275
2337285,2337285,Neosebastes pandus,-33.66666,125.40833
2337285,2337285,Neosebastes pandus,-34.01666,134.60833
2337285,2337285,Neosebastes pandus,-32.65833,126.76667
2337285,2337285,Neosebastes pandus,-34.95986,133.56
2337285,2337285,Neosebastes pandus,-35.45152,134.95125
2337285,2337285,Neosebastes pandus,-34.57569,134.21778
2337285,2337285,Neosebastes pandus,-32.65833,126.76667
2337285,2337285,Neosebastes pandus,-35.20861,134.58417
2337285,2337285,Neosebastes pandus,-32.65833,126.76667
2337285,2337285,Neosebastes pandus,-32.65833,126.76667
2337285,2337285,Neosebastes pandus,-33.47597,125.95
2337285,2337285,Neosebastes pandus,-34.18389,132.72681
2337285,2337285,Neosebastes pandus,-34.59305,133.75222
2337285,2337285,Neosebastes pandus,-33.90069,125.56736
2337285,2337285,Neosebastes pandus,-33.5,125.95
2337285,2337285,Neosebastes pandus,-33.1593,126.59167
2337285,2337285,Neosebastes pandus,-32.65833,126.76667
2337285,2337285,Neosebastes pandus,-33.80055,124.8507
2337285,2337285,Neosebastes pandus,-34.79194,133.70917
2337285,2337285,Neosebastes pandus,-33.25,126.16667
2337285,2337285,Neosebastes pandus,-33.35,126.04167
2337285,2337285,Neosebastes pandus,-33.24166,126.16667
2337285,2337285,Neosebastes pandus,-33.41847,131.58361
2337285,2337285,Neosebastes pandus,-33.20902,129
2337285,2337285,Neosebastes pandus,-33.14167,124.25
2337285,2337285,Neosebastes pandus,-34.14166,124.68334
2337285,2337285,Neosebastes pandus,-40.00097,146.16681
2337285,2337285,Neosebastes pandus,-40.50028,146.15222
2337285,2337285,Neosebastes pandus,-40.65097,146.65903
2337285,2337285,Neosebastes pandus,-33.35125,128.23458
2337285,2337285,Neosebastes pandus,-39.01805,143.18389
2337285,2337285,Neosebastes pandus,-39.99305,146.16667
2337285,2337285,Neosebastes pandus,-40.62625,146.40917
2337285,2337285,Neosebastes pandus,-39.73486,146.39278
2337285,2337285,Neosebastes pandus,-33.31917,126.25945
2337285,2337285,Neosebastes pandus,-40.11055,146.15959
2337285,2337285,Neosebastes pandus,-40.36805,146.45986
2337285,2337285,Neosebastes pandus,-39.52639,145.47667
2337285,2337285,Neosebastes pandus,-40.71694,146.16695
2337285,2337285,Neosebastes pandus,-36.40138,139.43528
2337285,2337285,Neosebastes pandus,-39.43486,146
2337285,2337285,Neosebastes pandus,-33.55069,125.78334
2337285,2337285,Neosebastes pandus,-40.08555,146.45125
2337285,2337285,Neosebastes pandus,-39.96666,146.13459
2337285,2337285,Neosebastes pandus,-39.67667,146.17695
2337285,2337285,Neosebastes pandus,-33.45,125.95084
2337285,2337285,Neosebastes pandus,-33.33333,129.73334
2337285,2337285,Neosebastes pandus,-33.65833,125.66736
2337285,2337285,Neosebastes pandus,-33.16667,126.38403
2337285,2337285,Neosebastes pandus,-34.06667,132.8
2337285,2337285,Neosebastes pandus,-33.35,129.70834
2337285,2337285,Neosebastes pandus,-34.95833,134.43334
2337285,2337285,Neosebastes pandus,-33.31805,126.14167
2337285,2337285,Neosebastes pandus,-33.35125,127.77625
2337285,2337285,Neosebastes pandus,-33.31806,129.43459
2337285,2337285,Neosebastes pandus,-33.3175,126.12584
2337285,2337285,Neosebastes pandus,-33.32639,129.46695
2337285,2337285,Neosebastes pandus,-33.34236,130.03334
2337285,2337285,Neosebastes pandus,-33.31791,130.00903
2337285,2337285,Neosebastes pandus,-39.80028,145.59264
2337285,2337285,Neosebastes pandus,-40.0593,146.03362
2337285,2337285,Neosebastes pandus,-40.025,145.975
2337285,2337285,Neosebastes pandus,-33.25097,126.19208
2337285,2337285,Neosebastes pandus,-33.29166,127.15834
2337285,2337285,Neosebastes pandus,-33.22569,126.29195
2337285,2337285,Neosebastes pandus,-33.46666,125.98431
2337285,2337285,Neosebastes pandus,-40.74208,146.15959
2337285,2337285,Neosebastes pandus,-33.475,126.06667
2337285,2337285,Neosebastes pandus,-33.23444,126.2757
2337285,2337285,Neosebastes pandus,-33.24236,126.20903
2337285,2337285,Neosebastes pandus,-40.41722,146.75098
2337285,2337285,Neosebastes pandus,-33.87597,125.48362
2337285,2337285,Neosebastes pandus,-33.26667,126.25917
2337285,2337285,Neosebastes pandus,-33.23361,126.71764
2337285,2337285,Neosebastes pandus,-31.65111,131.4
2337285,2337285,Neosebastes pandus,-33.20833,126.53417
2337285,2337285,Neosebastes pandus,-33.38333,126.03334
2337285,2337285,Neosebastes pandus,-40.85,147.783333
2337285,2337285,Neosebastes pandus,-34.73,135.87
2337285,2337285,Neosebastes pandus,-35.6556,137.6408
2337285,2337285,Neosebastes pandus,-35.5103,138.2167
2337285,2337285,Neosebastes pandus,-34.5,136.92
2337285,2337285,Neosebastes pandus,-34.5,136.92
2337285,2337285,Neosebastes pandus,-35.3,118.25
2337285,2337285,Neosebastes pandus,-32,128
2337285,2337285,Neosebastes pandus,-34.366665,119.583336
2337285,2337285,Neosebastes pandus,-34.366665,119.583336
2337285,2337285,Neosebastes pandus,-34,119
2337285,2337285,Neosebastes pandus,-35,117
2337285,2337285,Neosebastes pandus,-29,114
2337285,2337285,Neosebastes pandus,-38.11667,144.8
2337285,2337285,Neosebastes pandus,-35,118
2337285,2337285,Neosebastes pandus,-40.9333,146.8667
2337285,2337285,Neosebastes pandus,-40.818602,147.671002
2337285,2337285,Neosebastes pandus,-41.048618,145.901033
2337285,2337285,Neosebastes pandus,-35.1,138.42
2337285,2337285,Neosebastes pandus,-35.1667,137.9167
2337285,2337285,Neosebastes pandus,-35.1,138.42
2337285,2337285,Neosebastes pandus,-31.98333,115.75
2337285,2337285,Neosebastes pandus,-32.2,115.66667
2337285,2337285,Neosebastes pandus,-32.05,115.73333
2337285,2337285,Neosebastes pandus,-34.2,115.01667
2337285,2337285,Neosebastes pandus,-32.28333,115.71667
2337285,2337285,Neosebastes pandus,-31.98333,115.75
2337285,2337285,Neosebastes pandus,-34.31667,115.15
2337285,2337285,Neosebastes pandus,-32.05,115.73333
2337285,2337285,Neosebastes pandus,-31.95,115.85
2337285,2337285,Neosebastes pandus,-31.98333,115.75
2337285,2337285,Neosebastes pandus,-32,115.5
2337285,2337285,Neosebastes pandus,-32.18333,115.71667
2337285,2337285,Neosebastes pandus,-34.25,115.01667
2337285,2337285,Neosebastes pandus,-32.2,115.66667
2337285,2337285,Neosebastes pandus,-30.3,115
2337285,2337285,Neosebastes pandus,-31.5,115.58333
2337285,2337285,Neosebastes pandus,-34.98333,116.96667
2337285,2337285,Neosebastes pandus,-32.53333,115.45
2337285,2337285,Neosebastes pandus,-28.8,114.05
2337285,2337285,Neosebastes pandus,-34.56667,118.76667
2337285,2337285,Neosebastes pandus,-34.05,122
2337285,2337285,Neosebastes pandus,-32,115.66667
2337285,2337285,Neosebastes pandus,-33.95,120.11667
2337285,2337285,Neosebastes pandus,-30.316667,114.9
2337285,2337285,Neosebastes pandus,-31.93333,115.75
2337285,2337285,Neosebastes pandus,-34.31667,115.15
2337285,2337285,Neosebastes pandus,-26.43333,114.18333
2337285,2337285,Neosebastes pandus,-32.08333,115.73333
2337285,2337285,Neosebastes pandus,-32.2,115.66667
2337285,2337285,Neosebastes pandus,-34.233333,119.6
2337285,2337285,Neosebastes pandus,-32.18333,115.71667
2337285,2337285,Neosebastes pandus,-35.7553,138.2217
2337285,2337285,Neosebastes pandus,-34.055389,137.561333
2337285,2337285,Neosebastes pandus,-32.916533,151.75527
2337285,2337285,Neosebastes pandus,-32.004113,115.515101
