requested_taxonKey,record_taxonKey,species_name,decimalLatitude,decimalLongitude
2337053,2337053,Kanekonia queenslandica,-32.117187,115.758144
2337053,2337053,Kanekonia queenslandica,-32.123827,115.758097
2337053,2337053,Kanekonia queenslandica,-32.137349,115.742374
2337053,2337053,Kanekonia queenslandica,-32.12345,115.758161
2337053,2337053,Kanekonia queenslandica,-32.006984,115.747972
2337053,2337053,Kanekonia queenslandica,-32.117129,115.760262
2337053,2337053,Kanekonia queenslandica,-32.117129,115.760262
2337053,2337053,Kanekonia queenslandica,-34.0125,137.29167
2337053,2337053,Kanekonia queenslandica,-33.8308,137.537
2337053,2337053,Kanekonia queenslandica,-27.333333,153.5
2337053,2337053,Kanekonia queenslandica,-19.733333,117.9
2337053,2337053,Kanekonia queenslandica,-19.733333,117.9
2337053,2337053,Kanekonia queenslandica,-19.516667,118.816667
2337053,2337053,Kanekonia queenslandica,-19.516667,118.816667
2337053,2337053,Kanekonia queenslandica,-19.495,118.87
2337053,2337053,Kanekonia queenslandica,-19.483333,118.866667
2337053,2337053,Kanekonia queenslandica,-19.493333,118.87
2337053,2337053,Kanekonia queenslandica,-19.483333,118.85
2337053,2337053,Kanekonia queenslandica,-19.493333,118.87
2337053,2337053,Kanekonia queenslandica,-19.945,117.893333
2337053,2337053,Kanekonia queenslandica,-19.5,118.866667
2337053,2337053,Kanekonia queenslandica,-19.916667,117.916667
2337053,2337053,Kanekonia queenslandica,-19.483333,118.85
2337053,2337053,Kanekonia queenslandica,-19.916667,117.916667
2337053,2337053,Kanekonia queenslandica,-19.495,118.87
2337053,2337053,Kanekonia queenslandica,-19.5,118.866667
2337053,2337053,Kanekonia queenslandica,-19.483333,118.866667
2337053,2337053,Kanekonia queenslandica,-19.945,117.893333
2337053,2337053,Kanekonia queenslandica,-19.493333,118.87
2337053,2337053,Kanekonia queenslandica,-19.493333,118.87
2337053,2337053,Kanekonia queenslandica,-33.6833,136.9167
2337053,2337053,Kanekonia queenslandica,-20.966667,115.916667
2337053,2337053,Kanekonia queenslandica,-33.28,137.6
2337053,2337053,Kanekonia queenslandica,-35.05,138.52
2337053,2337053,Kanekonia queenslandica,-34.88,135.47
2337053,2337053,Kanekonia queenslandica,-32.03333,115.66667
2337053,2337053,Kanekonia queenslandica,-32.18333,115.71667
2337053,2337053,Kanekonia queenslandica,-24.996389,113.283056
2337053,2337053,Kanekonia queenslandica,-32.2,115.733333
2337053,2337053,Kanekonia queenslandica,-32.2,115.733333
2337053,2337053,Kanekonia queenslandica,-33.2,134.67
2337053,2337053,Kanekonia queenslandica,-28.395556,113.759444
2337053,2337053,Kanekonia queenslandica,-25.952246,113.638599
