requested_taxonKey,record_taxonKey,species_name,decimalLatitude,decimalLongitude
2337302,2337302,Neosebastes thetidis,-40.096587,148.752493
2337302,2337302,Neosebastes thetidis,-37.655003,149.987086
2337302,2337302,Neosebastes thetidis,-39.29805,148.65133
2337302,2337302,Neosebastes thetidis,-38.204931,149.304733
2337302,2337302,Neosebastes thetidis,-39.29805,148.65133
2337302,2337302,Neosebastes thetidis,-40.096587,148.752493
2337302,2337302,Neosebastes thetidis,-37.655003,149.987086
2337302,2337302,Neosebastes thetidis,-39.29805,148.65133
2337302,2337302,Neosebastes thetidis,-38.204931,149.304733
2337302,2337302,Neosebastes thetidis,-39.29805,148.65133
2337302,2337302,Neosebastes thetidis,-37.656666,149.98306
2337302,2337302,Neosebastes thetidis,-39.5375,148.67833
2337302,2337302,Neosebastes thetidis,-38.20972,149.29834
2337302,2337302,Neosebastes thetidis,-39.5375,148.67833
2337302,2337302,Neosebastes thetidis,-38.20972,149.29834
2337302,2337302,Neosebastes thetidis,-39.293888,148.65639
2337302,2337302,Neosebastes thetidis,-39.293888,148.65639
2337302,2337302,Neosebastes thetidis,-37.656666,149.98306
2337302,2337302,Neosebastes thetidis,-23.9847,111.97035
2337302,2337302,Neosebastes thetidis,-33.37278,130.51458
2337302,2337302,Neosebastes thetidis,-33.37278,130.51458
2337302,2337302,Neosebastes thetidis,-37.62944,139.61833
2337302,2337302,Neosebastes thetidis,-38.25,144.25
2337302,2337302,Neosebastes thetidis,-38.25,147.75
2337302,2337302,Neosebastes thetidis,-33.3547,131.889
2337302,2337302,Neosebastes thetidis,-33.3547,131.889
2337302,2337302,Neosebastes thetidis,-33.3547,131.889
2337302,2337302,Neosebastes thetidis,-33.3547,131.889
2337302,2337302,Neosebastes thetidis,-33.3547,131.889
2337302,2337302,Neosebastes thetidis,-36.567,150.167
2337302,2337302,Neosebastes thetidis,-36.367,150.2
2337302,10024656,Neosebastes thetidis,-33.35472,131.88943
2337302,2337302,Neosebastes thetidis,-36.65,150.267
2337302,2337302,Neosebastes thetidis,-36.517,150.133
2337302,2337302,Neosebastes thetidis,-36.633,150.2
2337302,2337302,Neosebastes thetidis,-33,125
2337302,2337302,Neosebastes thetidis,-33,125
2337302,2337302,Neosebastes thetidis,-33,125
2337302,2337302,Neosebastes thetidis,-33,125
2337302,2337302,Neosebastes thetidis,-33,125
2337302,2337302,Neosebastes thetidis,-33,125
2337302,2337302,Neosebastes thetidis,-33,125
2337302,2337302,Neosebastes thetidis,-33,125
2337302,2337302,Neosebastes thetidis,-33,125
2337302,2337302,Neosebastes thetidis,-36.383,150.283
2337302,2337302,Neosebastes thetidis,-36.667,150.15
2337302,2337302,Neosebastes thetidis,-35.35,150.7
2337302,2337302,Neosebastes thetidis,-36.667,150.15
2337302,2337302,Neosebastes thetidis,-37.7096,150.0331
2337302,2337302,Neosebastes thetidis,-37.3382,150.2703
2337302,2337302,Neosebastes thetidis,-37.71675,150.04325
2337302,2337302,Neosebastes thetidis,-37.71675,150.04325
2337302,2337302,Neosebastes thetidis,-37.7096,150.0331
2337302,2337302,Neosebastes thetidis,-37.71675,150.04325
2337302,2337302,Neosebastes thetidis,-37.3382,150.2703
2337302,2337302,Neosebastes thetidis,-36.421667,150.241667
2337302,2337302,Neosebastes thetidis,-36.42,150.23
2337302,2337302,Neosebastes thetidis,-36.42,150.23
2337302,2337302,Neosebastes thetidis,-36.42,150.23
2337302,10024656,Neosebastes thetidis,-36.42,150.233
2337302,10024656,Neosebastes thetidis,-36.42,150.233
2337302,10024656,Neosebastes thetidis,-36.42,150.233
2337302,2337302,Neosebastes thetidis,-36.42,150.23
2337302,2337302,Neosebastes thetidis,-36.42,150.23
2337302,2337302,Neosebastes thetidis,-36.42,150.23
2337302,2337302,Neosebastes thetidis,-38.17083,149.28584
2337302,2337302,Neosebastes thetidis,-38.17083,149.28584
2337302,2337302,Neosebastes thetidis,-38.17083,149.28584
2337302,2337302,Neosebastes thetidis,-38.17083,149.28584
2337302,2337302,Neosebastes thetidis,-38.17083,149.28584
2337302,2337302,Neosebastes thetidis,-38.17083,149.28584
2337302,2337302,Neosebastes thetidis,-38.17083,149.28584
2337302,2337302,Neosebastes thetidis,-38.17083,149.28584
2337302,2337302,Neosebastes thetidis,-36.44583,150.24166
2337302,2337302,Neosebastes thetidis,-38.17083,149.28584
2337302,2337302,Neosebastes thetidis,-36.421667,150.241667
2337302,2337302,Neosebastes thetidis,-37.81917,149.88833
2337302,2337302,Neosebastes thetidis,-38.6275,148.345
2337302,2337302,Neosebastes thetidis,-36.495,150.26083
2337302,2337302,Neosebastes thetidis,-36.495,150.26083
2337302,2337302,Neosebastes thetidis,-36.495,150.26083
2337302,2337302,Neosebastes thetidis,-36.495,150.26083
2337302,2337302,Neosebastes thetidis,-36.495,150.26083
2337302,2337302,Neosebastes thetidis,-36.495,150.26083
2337302,2337302,Neosebastes thetidis,-36.495,150.26083
2337302,2337302,Neosebastes thetidis,-36.495,150.26083
2337302,2337302,Neosebastes thetidis,-36.495,150.26083
2337302,2337302,Neosebastes thetidis,-36.495,150.26083
2337302,2337302,Neosebastes thetidis,-36.495,150.26083
2337302,2337302,Neosebastes thetidis,-36.495,150.26083
2337302,2337302,Neosebastes thetidis,-36.495,150.26083
2337302,2337302,Neosebastes thetidis,-36.495,150.26083
2337302,2337302,Neosebastes thetidis,-36.495,150.26083
2337302,2337302,Neosebastes thetidis,-36.495,150.26083
2337302,2337302,Neosebastes thetidis,-36.495,150.26083
2337302,2337302,Neosebastes thetidis,-36.495,150.26083
2337302,2337302,Neosebastes thetidis,-36.495,150.26083
2337302,2337302,Neosebastes thetidis,-36.495,150.26083
2337302,2337302,Neosebastes thetidis,-36.495,150.26083
2337302,2337302,Neosebastes thetidis,-36.495,150.26083
2337302,2337302,Neosebastes thetidis,-36.495,150.26083
2337302,2337302,Neosebastes thetidis,-36.495,150.26083
2337302,2337302,Neosebastes thetidis,-36.495,150.26083
2337302,2337302,Neosebastes thetidis,-36.495,150.26083
2337302,2337302,Neosebastes thetidis,-36.495,150.26083
2337302,2337302,Neosebastes thetidis,-36.495,150.26083
2337302,2337302,Neosebastes thetidis,-36.495,150.26083
2337302,2337302,Neosebastes thetidis,-36.495,150.26083
2337302,2337302,Neosebastes thetidis,-36.495,150.26083
2337302,2337302,Neosebastes thetidis,-36.495,150.26083
2337302,2337302,Neosebastes thetidis,-38.12083,149.29583
2337302,2337302,Neosebastes thetidis,-37.76667,150.06585
2337302,2337302,Neosebastes thetidis,-38.11333,149.34251
2337302,2337302,Neosebastes thetidis,-37.30916,150.21167
2337302,2337302,Neosebastes thetidis,-38.13083,149.51251
2337302,2337302,Neosebastes thetidis,-38.10583,149.33333
2337302,2337302,Neosebastes thetidis,-37.31,150.24501
2337302,2337302,Neosebastes thetidis,-37.73166,150.0575
2337302,2337302,Neosebastes thetidis,-37.74666,150.05667
2337302,2337302,Neosebastes thetidis,-38.193335,149.31333
2337302,2337302,Neosebastes thetidis,-38.019165,149.230835
2337302,2337302,Neosebastes thetidis,-38.01916,149.23084
2337302,2337302,Neosebastes thetidis,-38.19333,149.31333
2337302,2337302,Neosebastes thetidis,-36.583,150.167
2337302,2337302,Neosebastes thetidis,-36.6,150.183
2337302,2337302,Neosebastes thetidis,-36.617,150.167
2337302,2337302,Neosebastes thetidis,-36.617,150.167
2337302,2337302,Neosebastes thetidis,-36.617,150.167
2337302,2337302,Neosebastes thetidis,-36.6,150.167
2337302,2337302,Neosebastes thetidis,-36.6,150.167
2337302,2337302,Neosebastes thetidis,-36.617,150.167
2337302,2337302,Neosebastes thetidis,-37.3,150.3
2337302,2337302,Neosebastes thetidis,-36.583,150.183
2337302,2337302,Neosebastes thetidis,-36.6,150.183
2337302,2337302,Neosebastes thetidis,-36.667,150.15
2337302,2337302,Neosebastes thetidis,-37.25,150.317
2337302,2337302,Neosebastes thetidis,-37.82,149.88
2337302,2337302,Neosebastes thetidis,-38.18816,149.29134
2337302,2337302,Neosebastes thetidis,-36.6,150.167
2337302,2337302,Neosebastes thetidis,-36.583,150.183
2337302,2337302,Neosebastes thetidis,-36.65,150.15
2337302,2337302,Neosebastes thetidis,-36.37416,150.1375
2337302,2337302,Neosebastes thetidis,-37.70666,149.93333
2337302,2337302,Neosebastes thetidis,-37.70333,149.93584
2337302,2337302,Neosebastes thetidis,-37.745,150.06167
2337302,2337302,Neosebastes thetidis,-36.96941,150.21534
2337302,2337302,Neosebastes thetidis,-37.70666,149.93333
2337302,2337302,Neosebastes thetidis,-37.70666,149.93333
2337302,2337302,Neosebastes thetidis,-37.70666,149.93333
2337302,2337302,Neosebastes thetidis,-37.70666,149.93333
2337302,2337302,Neosebastes thetidis,-37.70666,149.93333
2337302,2337302,Neosebastes thetidis,-37.74666,150.06334
2337302,2337302,Neosebastes thetidis,-37.74666,150.06334
2337302,2337302,Neosebastes thetidis,-37.74666,150.06334
2337302,2337302,Neosebastes thetidis,-37.74666,150.06334
2337302,2337302,Neosebastes thetidis,-37.74666,150.06334
2337302,2337302,Neosebastes thetidis,-37.74666,150.06334
2337302,2337302,Neosebastes thetidis,-37.73083,150.07667
2337302,2337302,Neosebastes thetidis,-37.74666,150.06334
2337302,2337302,Neosebastes thetidis,-36.617,150.167
2337302,2337302,Neosebastes thetidis,-36.6,150.167
2337302,2337302,Neosebastes thetidis,-37.74015,150.0326
2337302,2337302,Neosebastes thetidis,-37.74015,150.0326
2337302,2337302,Neosebastes thetidis,-37.3,150.3
2337302,2337302,Neosebastes thetidis,-35.667,150.433
2337302,2337302,Neosebastes thetidis,-35.633,150.433
2337302,2337302,Neosebastes thetidis,-37.317,150.3
2337302,2337302,Neosebastes thetidis,-37.3,150.3
2337302,2337302,Neosebastes thetidis,-36.633,150.183
2337302,2337302,Neosebastes thetidis,-36.55,150.183
2337302,2337302,Neosebastes thetidis,-36.6,150.167
2337302,2337302,Neosebastes thetidis,-36.583,150.167
2337302,2337302,Neosebastes thetidis,-37.35,150.283
2337302,2337302,Neosebastes thetidis,-37.333,150.283
2337302,2337302,Neosebastes thetidis,-36.6,150.167
2337302,2337302,Neosebastes thetidis,-36.65,150.15
2337302,2337302,Neosebastes thetidis,-36.617,150.167
2337302,2337302,Neosebastes thetidis,-36.633,150.15
2337302,2337302,Neosebastes thetidis,-35.717,150.383
2337302,2337302,Neosebastes thetidis,-35.617,150.45
2337302,2337302,Neosebastes thetidis,-36.6,150.183
2337302,2337302,Neosebastes thetidis,-36.6,150.183
2337302,2337302,Neosebastes thetidis,-36.583,150.167
2337302,2337302,Neosebastes thetidis,-37.233,150.333
2337302,2337302,Neosebastes thetidis,-36.617,150.183
2337302,2337302,Neosebastes thetidis,-36.633,150.167
2337302,2337302,Neosebastes thetidis,-38.94,148.496667
2337302,2337302,Neosebastes thetidis,-36.6,150.167
2337302,2337302,Neosebastes thetidis,-38.19391,149.28284
2337302,2337302,Neosebastes thetidis,-38.19391,149.28284
2337302,2337302,Neosebastes thetidis,-38.94,148.496667
2337302,2337302,Neosebastes thetidis,-36.9417,150.197
2337302,2337302,Neosebastes thetidis,-36.667,150.15
2337302,2337302,Neosebastes thetidis,-36.6,150.167
2337302,2337302,Neosebastes thetidis,-36.583,150.167
2337302,2337302,Neosebastes thetidis,-36.65,150.15
2337302,2337302,Neosebastes thetidis,-36.92167,150.1975
2337302,2337302,Neosebastes thetidis,-38.19167,149.305
2337302,2337302,Neosebastes thetidis,-38.19,149.27
2337302,2337302,Neosebastes thetidis,-38.195,149.28667
2337302,2337302,Neosebastes thetidis,-37.3075,150.21584
2337302,2337302,Neosebastes thetidis,-36.41917,150.24
2337302,2337302,Neosebastes thetidis,-38.19166,149.26834
2337302,2337302,Neosebastes thetidis,-38.20667,149.29334
2337302,2337302,Neosebastes thetidis,-38.19333,149.28834
2337302,2337302,Neosebastes thetidis,-37.7925,149.90917
2337302,2337302,Neosebastes thetidis,-38.19167,149.305
2337302,2337302,Neosebastes thetidis,-38.19167,149.305
2337302,2337302,Neosebastes thetidis,-38.19167,149.305
2337302,2337302,Neosebastes thetidis,-38.19167,149.305
2337302,2337302,Neosebastes thetidis,-38.19167,149.305
2337302,2337302,Neosebastes thetidis,-38.19167,149.305
2337302,2337302,Neosebastes thetidis,-38.19167,149.305
2337302,2337302,Neosebastes thetidis,-32.983,152.217
2337302,2337302,Neosebastes thetidis,-32.933,152.3
2337302,2337302,Neosebastes thetidis,-35.7,150.4
2337302,2337302,Neosebastes thetidis,-32.933,152.283
2337302,2337302,Neosebastes thetidis,-32.983,152.217
2337302,2337302,Neosebastes thetidis,-35.667,150.417
2337302,2337302,Neosebastes thetidis,-36.6,150.167
2337302,2337302,Neosebastes thetidis,-36.6,150.167
2337302,2337302,Neosebastes thetidis,-36.683,150.15
2337302,2337302,Neosebastes thetidis,-36.6,150.167
2337302,2337302,Neosebastes thetidis,-36.7,150.15
2337302,2337302,Neosebastes thetidis,-36.617,150.167
2337302,2337302,Neosebastes thetidis,-35.633,150.45
2337302,2337302,Neosebastes thetidis,-35.717,150.4
2337302,2337302,Neosebastes thetidis,-35.7,150.4
2337302,2337302,Neosebastes thetidis,-32.17,115.136667
2337302,2337302,Neosebastes thetidis,-32.17,115.137
2337302,2337302,Neosebastes thetidis,-33.38833,114.52667
2337302,2337302,Neosebastes thetidis,-32.17,115.136667
2337302,2337302,Neosebastes thetidis,-34.0102,132.501
2337302,2337302,Neosebastes thetidis,-34.95,114.933333
2337302,2337302,Neosebastes thetidis,-35.1,151.05
2337302,2337302,Neosebastes thetidis,-34.95,114.933333
2337302,2337302,Neosebastes thetidis,-33.75,114.466667
2337302,2337302,Neosebastes thetidis,-33.75,114.466667
2337302,2337302,Neosebastes thetidis,-35.05,151.067
2337302,2337302,Neosebastes thetidis,-36.27,138.62
2337302,2337302,Neosebastes thetidis,-33.85,151.85
2337302,2337302,Neosebastes thetidis,-34.933,151.2
2337302,2337302,Neosebastes thetidis,-35.467,150.867
2337302,2337302,Neosebastes thetidis,-34.883,151
2337302,2337302,Neosebastes thetidis,-34.9,151
2337302,2337302,Neosebastes thetidis,-34.883,151
2337302,2337302,Neosebastes thetidis,-35.15,150.983
2337302,2337302,Neosebastes thetidis,-34.867,151.833
2337302,2337302,Neosebastes thetidis,-34.883,151
2337302,2337302,Neosebastes thetidis,-34.85,150.983
2337302,2337302,Neosebastes thetidis,-35.1,151
2337302,2337302,Neosebastes thetidis,-34.933,151.833
2337302,2337302,Neosebastes thetidis,-34.883,151.017
2337302,2337302,Neosebastes thetidis,-34.917,151.017
2337302,2337302,Neosebastes thetidis,-34.867,151
2337302,2337302,Neosebastes thetidis,-34.9,150.967
2337302,2337302,Neosebastes thetidis,-34.917,150.967
2337302,2337302,Neosebastes thetidis,-34.867,150.983
2337302,2337302,Neosebastes thetidis,-34.817,151.033
2337302,2337302,Neosebastes thetidis,-34.883,151.017
2337302,2337302,Neosebastes thetidis,-34.833,151.017
2337302,2337302,Neosebastes thetidis,-34.883,151
2337302,2337302,Neosebastes thetidis,-34.8,151.017
2337302,2337302,Neosebastes thetidis,-34.683,151.117
2337302,2337302,Neosebastes thetidis,-34.867,151.033
2337302,2337302,Neosebastes thetidis,-34.933,151.033
2337302,2337302,Neosebastes thetidis,-34.85,151
2337302,2337302,Neosebastes thetidis,-34.9,151.033
2337302,2337302,Neosebastes thetidis,-34.817,151
2337302,2337302,Neosebastes thetidis,-34.717,151.017
2337302,2337302,Neosebastes thetidis,-34.867,151.033
2337302,2337302,Neosebastes thetidis,-33.483,151.767
2337302,2337302,Neosebastes thetidis,-34.9,151.033
2337302,2337302,Neosebastes thetidis,-35.167,150.883
2337302,2337302,Neosebastes thetidis,-35.667,150.45
2337302,2337302,Neosebastes thetidis,-35.7,150.417
2337302,2337302,Neosebastes thetidis,-35.567,150.7
2337302,2337302,Neosebastes thetidis,-34.9,151
2337302,2337302,Neosebastes thetidis,-34.667,151.033
2337302,2337302,Neosebastes thetidis,-33.817,151.517
2337302,2337302,Neosebastes thetidis,-35.2,150.933
2337302,2337302,Neosebastes thetidis,-35.183,150.95
2337302,2337302,Neosebastes thetidis,-34.867,151.067
2337302,2337302,Neosebastes thetidis,-34.883,151.1
2337302,2337302,Neosebastes thetidis,-34.867,151.083
2337302,2337302,Neosebastes thetidis,-36.133,150.383
2337302,2337302,Neosebastes thetidis,-34.867,151.05
2337302,2337302,Neosebastes thetidis,-34.917,151.067
2337302,2337302,Neosebastes thetidis,-34.917,151.033
2337302,2337302,Neosebastes thetidis,-34.9,151.067
2337302,2337302,Neosebastes thetidis,-34.867,151.067
2337302,2337302,Neosebastes thetidis,-34.483,151.133
2337302,2337302,Neosebastes thetidis,-34.583,151.117
2337302,2337302,Neosebastes thetidis,-35.433,150.817
2337302,2337302,Neosebastes thetidis,-35.267,150.867
2337302,2337302,Neosebastes thetidis,-34.82,133.43
2337302,2337302,Neosebastes thetidis,-33.37,129.08
2337302,2337302,Neosebastes thetidis,-34.833,133.458
2337302,2337302,Neosebastes thetidis,-35.217,150.917
2337302,2337302,Neosebastes thetidis,-35.15,151
2337302,2337302,Neosebastes thetidis,-35.15,150.983
2337302,2337302,Neosebastes thetidis,-35.217,150.95
2337302,2337302,Neosebastes thetidis,-35.183,150.967
2337302,2337302,Neosebastes thetidis,-35.15,150.983
2337302,2337302,Neosebastes thetidis,-35.267,150.867
2337302,2337302,Neosebastes thetidis,-35.067,151.033
2337302,2337302,Neosebastes thetidis,-35.217,150.867
2337302,2337302,Neosebastes thetidis,-35.283,150.883
2337302,2337302,Neosebastes thetidis,-33.366667,129.083333
2337302,2337302,Neosebastes thetidis,-33.366667,129.083333
2337302,2337302,Neosebastes thetidis,-33.366667,129.083333
2337302,2337302,Neosebastes thetidis,-33.366667,129.083333
2337302,2337302,Neosebastes thetidis,-34.9,151.083
2337302,2337302,Neosebastes thetidis,-42.22,144.77
2337302,2337302,Neosebastes thetidis,-35.5,135.83
2337302,2337302,Neosebastes thetidis,-35.783,150.55
2337302,2337302,Neosebastes thetidis,-37.483,150.233
2337302,2337302,Neosebastes thetidis,-37.82,149.61
2337302,2337302,Neosebastes thetidis,-33.567,151.717
2337302,2337302,Neosebastes thetidis,-39.0652,148.489
2337302,2337302,Neosebastes thetidis,-39.0652,148.489
2337302,2337302,Neosebastes thetidis,-39.0722,148.559
2337302,2337302,Neosebastes thetidis,-37.9212,149.172
2337302,2337302,Neosebastes thetidis,-43.3,145.55
2337302,2337302,Neosebastes thetidis,-43.77,146.02
2337302,2337302,Neosebastes thetidis,-34.85,133.5
2337302,2337302,Neosebastes thetidis,-33.65,131.98
2337302,2337302,Neosebastes thetidis,-38.7133,141.457
2337302,2337302,Neosebastes thetidis,-33.533,151.717
2337302,2337302,Neosebastes thetidis,-33.8,125.38334
2337302,2337302,Neosebastes thetidis,-33.223333,126.236667
2337302,2337302,Neosebastes thetidis,-33.6189,132.0356
2337302,2337302,Neosebastes thetidis,-33.23333,126.275
2337302,2337302,Neosebastes thetidis,-32.5,126.73334
2337302,2337302,Neosebastes thetidis,-32.5,126.73334
2337302,2337302,Neosebastes thetidis,-34.81666,133.49167
2337302,2337302,Neosebastes thetidis,-33.21667,126.21667
2337302,2337302,Neosebastes thetidis,-33.73333,132.125
2337302,2337302,Neosebastes thetidis,-33.60833,132.01667
2337302,2337302,Neosebastes thetidis,-32.95,132.50834
2337302,2337302,Neosebastes thetidis,-32.29166,128.94167
2337302,2337302,Neosebastes thetidis,-32.5,126.73334
2337302,2337302,Neosebastes thetidis,-32.5,126.73334
2337302,2337302,Neosebastes thetidis,-32.5,126.73334
2337302,2337302,Neosebastes thetidis,-32.5,126.73334
2337302,2337302,Neosebastes thetidis,-32.5,126.73334
2337302,2337302,Neosebastes thetidis,-33.78333,133.21667
2337302,2337302,Neosebastes thetidis,-33.36667,130.83334
2337302,2337302,Neosebastes thetidis,-33.325,130.86667
2337302,2337302,Neosebastes thetidis,-32.5,126.73334
2337302,2337302,Neosebastes thetidis,-33.223333,126.236667
2337302,2337302,Neosebastes thetidis,-39.8,148.4
2337302,2337302,Neosebastes thetidis,-39.92,148.75
2337302,2337302,Neosebastes thetidis,-33.45,125.91667
2337302,2337302,Neosebastes thetidis,-39.82,148.6
2337302,2337302,Neosebastes thetidis,-33.48333,131.86667
2337302,2337302,Neosebastes thetidis,-33.48333,131.85
2337302,2337302,Neosebastes thetidis,-33.5,131.85833
2337302,2337302,Neosebastes thetidis,-40.7,145.3
2337302,2337302,Neosebastes thetidis,-40.65,145.32
2337302,2337302,Neosebastes thetidis,-40.7,145.35
2337302,2337302,Neosebastes thetidis,-40.77,145.35
2337302,2337302,Neosebastes thetidis,-40.72,145.37
2337302,2337302,Neosebastes thetidis,-40.75,145.37
2337302,2337302,Neosebastes thetidis,-40.97,146.32
2337302,2337302,Neosebastes thetidis,-40.97,146.3
2337302,2337302,Neosebastes thetidis,-36.75,150.033
2337302,2337302,Neosebastes thetidis,-39.87,148.75
2337302,2337302,Neosebastes thetidis,-39.9,148.77
2337302,2337302,Neosebastes thetidis,-40.87,146.87
2337302,2337302,Neosebastes thetidis,-34.033,151.383
2337302,2337302,Neosebastes thetidis,-43.27,145.57
2337302,2337302,Neosebastes thetidis,-43.22,145.42
2337302,2337302,Neosebastes thetidis,-43.25,145.42
2337302,2337302,Neosebastes thetidis,-43.3,145.52
2337302,2337302,Neosebastes thetidis,-43.3,145.55
2337302,2337302,Neosebastes thetidis,-34.36666,132.98334
2337302,2337302,Neosebastes thetidis,-34.38333,132.96667
2337302,2337302,Neosebastes thetidis,-34.93333,133.875
2337302,2337302,Neosebastes thetidis,-34.925,133.85833
2337302,2337302,Neosebastes thetidis,-34.51666,133.99167
2337302,2337302,Neosebastes thetidis,-39.92,144.87
2337302,2337302,Neosebastes thetidis,-39.97,145.05
2337302,2337302,Neosebastes thetidis,-39.97,145.12
2337302,2337302,Neosebastes thetidis,-40.32,145.42
2337302,2337302,Neosebastes thetidis,-40.77,143.7
2337302,2337302,Neosebastes thetidis,-40.95,143.82
2337302,2337302,Neosebastes thetidis,-40.77,144.27
2337302,2337302,Neosebastes thetidis,-33.63333,132.01667
2337302,2337302,Neosebastes thetidis,-33.63333,132.01667
2337302,2337302,Neosebastes thetidis,-33.63333,132.01667
2337302,2337302,Neosebastes thetidis,-33.63333,132.01667
2337302,2337302,Neosebastes thetidis,-33.63333,132.01667
2337302,2337302,Neosebastes thetidis,-33.63333,132.01667
2337302,2337302,Neosebastes thetidis,-33.35,130.11667
2337302,2337302,Neosebastes thetidis,-33.64166,132.01667
2337302,2337302,Neosebastes thetidis,-33.63333,132.01667
2337302,2337302,Neosebastes thetidis,-33.63333,132.01667
2337302,2337302,Neosebastes thetidis,-33.63333,132.01667
2337302,2337302,Neosebastes thetidis,-33.63333,132.01667
2337302,2337302,Neosebastes thetidis,-33.64166,132.01667
2337302,2337302,Neosebastes thetidis,-33.64166,132.01667
2337302,2337302,Neosebastes thetidis,-33.1,131.90833
2337302,2337302,Neosebastes thetidis,-33.63333,132.01667
2337302,2337302,Neosebastes thetidis,-33.63333,132.01667
2337302,2337302,Neosebastes thetidis,-33.35,130.14167
2337302,2337302,Neosebastes thetidis,-33.4,130.96667
2337302,2337302,Neosebastes thetidis,-33.8,125.50834
2337302,2337302,Neosebastes thetidis,-33.26667,127.10833
2337302,2337302,Neosebastes thetidis,-33.8,125.49167
2337302,2337302,Neosebastes thetidis,-33.3,127.975
2337302,2337302,Neosebastes thetidis,-34.175,124.71667
2337302,2337302,Neosebastes thetidis,-33.26667,127.10833
2337302,2337302,Neosebastes thetidis,-33.29166,127.98334
2337302,2337302,Neosebastes thetidis,-33.3,127.975
2337302,2337302,Neosebastes thetidis,-33.38333,128.975
2337302,2337302,Neosebastes thetidis,-33.8,125.50834
2337302,2337302,Neosebastes thetidis,-34.175,124.71667
2337302,2337302,Neosebastes thetidis,-36.95,150.05
2337302,2337302,Neosebastes thetidis,-40.07,146.72
2337302,2337302,Neosebastes thetidis,-39.92,148.77
2337302,2337302,Neosebastes thetidis,-39.97,148.77
2337302,2337302,Neosebastes thetidis,-35.583,150.683
2337302,2337302,Neosebastes thetidis,-38.6125,146.698
2337302,2337302,Neosebastes thetidis,-33.2,126.46667
2337302,2337302,Neosebastes thetidis,-33.225,126.525
2337302,2337302,Neosebastes thetidis,-32.40833,128.01667
2337302,2337302,Neosebastes thetidis,-32.875,128.48334
2337302,2337302,Neosebastes thetidis,-32.9,127.46667
2337302,2337302,Neosebastes thetidis,-32.89166,129.01667
2337302,2337302,Neosebastes thetidis,-32.69167,125.50834
2337302,2337302,Neosebastes thetidis,-32.39166,128.975
2337302,2337302,Neosebastes thetidis,-32.4,128.475
2337302,2337302,Neosebastes thetidis,-32.90833,125.025
2337302,2337302,Neosebastes thetidis,-32.475,126.00834
2337302,2337302,Neosebastes thetidis,-33.48333,124.56667
2337302,2337302,Neosebastes thetidis,-33.18333,125.51667
2337302,2337302,Neosebastes thetidis,-33.21667,126.475
2337302,2337302,Neosebastes thetidis,-32.03333,128.51667
2337302,2337302,Neosebastes thetidis,-33.03333,124.53334
2337302,2337302,Neosebastes thetidis,-33.80833,125.45
2337302,2337302,Neosebastes thetidis,-33.31667,128.60833
2337302,2337302,Neosebastes thetidis,-34.21666,124.53334
2337302,2337302,Neosebastes thetidis,-34.14166,124.775
2337302,2337302,Neosebastes thetidis,-33.20833,127.05833
2337302,2337302,Neosebastes thetidis,-33.28333,127.54167
2337302,2337302,Neosebastes thetidis,-33.31667,128.975
2337302,2337302,Neosebastes thetidis,-33.26667,127.05833
2337302,2337302,Neosebastes thetidis,-34,124.475
2337302,2337302,Neosebastes thetidis,-33.3,128.575
2337302,2337302,Neosebastes thetidis,-33.3,128.65
2337302,2337302,Neosebastes thetidis,-33.28333,128.58334
2337302,2337302,Neosebastes thetidis,-34.20833,124.625
2337302,2337302,Neosebastes thetidis,-33.35,128.95
2337302,2337302,Neosebastes thetidis,-34.2,124.58334
2337302,2337302,Neosebastes thetidis,-34.225,124.61667
2337302,2337302,Neosebastes thetidis,-34.2,124.58334
2337302,2337302,Neosebastes thetidis,-34.2,124.58334
2337302,2337302,Neosebastes thetidis,-33.33333,128.96667
2337302,2337302,Neosebastes thetidis,-34.2,124.55
2337302,2337302,Neosebastes thetidis,-33.3,128.60833
2337302,2337302,Neosebastes thetidis,-33.31667,128.70833
2337302,2337302,Neosebastes thetidis,-33.3,128.58334
2337302,2337302,Neosebastes thetidis,-34.033,151.383
2337302,2337302,Neosebastes thetidis,-37.60833,150.075
2337302,2337302,Neosebastes thetidis,-36.44167,150.30834
2337302,2337302,Neosebastes thetidis,-37.55,150.075
2337302,2337302,Neosebastes thetidis,-35.5,150.525
2337302,2337302,Neosebastes thetidis,-35.45833,150.76667
2337302,2337302,Neosebastes thetidis,-35.5,150.525
2337302,2337302,Neosebastes thetidis,-36.43333,150.30834
2337302,2337302,Neosebastes thetidis,-35.45833,150.78333
2337302,2337302,Neosebastes thetidis,-36.44167,150.30834
2337302,2337302,Neosebastes thetidis,-37.525,150.075
2337302,2337302,Neosebastes thetidis,-35.75,150.583
2337302,2337302,Neosebastes thetidis,-38.61666,148.31667
2337302,2337302,Neosebastes thetidis,-38.60833,148.31667
2337302,2337302,Neosebastes thetidis,-36.55,150.25
2337302,2337302,Neosebastes thetidis,-36.55,150.25
2337302,2337302,Neosebastes thetidis,-35.45,150.783
2337302,2337302,Neosebastes thetidis,-38.35,148.45
2337302,2337302,Neosebastes thetidis,-38.35,148.45
2337302,2337302,Neosebastes thetidis,-35.517,150.75
2337302,2337302,Neosebastes thetidis,-35.7,150.617
2337302,2337302,Neosebastes thetidis,-35.733,150.617
2337302,2337302,Neosebastes thetidis,-35.65,150.65
2337302,2337302,Neosebastes thetidis,-35.508335,150.725
2337302,2337302,Neosebastes thetidis,-33.47569,131.50139
2337302,2337302,Neosebastes thetidis,-33.11764,127.25042
2337302,2337302,Neosebastes thetidis,-32.50167,127.6925
2337302,2337302,Neosebastes thetidis,-33.34208,129.3925
2337302,2337302,Neosebastes thetidis,-33.02528,129.67653
2337302,2337302,Neosebastes thetidis,-33.10986,131.45833
2337302,2337302,Neosebastes thetidis,-32.39194,128.05987
2337302,2337302,Neosebastes thetidis,-33.34236,129.24306
2337302,2337302,Neosebastes thetidis,-33.32569,128.13417
2337302,2337302,Neosebastes thetidis,-33.10055,130.55834
2337302,2337302,Neosebastes thetidis,-32.65222,126.68334
2337302,2337302,Neosebastes thetidis,-32.35,131.45889
2337302,2337302,Neosebastes thetidis,-35.07652,134.72542
2337302,2337302,Neosebastes thetidis,-33.2925,129.2257
2337302,2337302,Neosebastes thetidis,-32.44306,130.95945
2337302,2337302,Neosebastes thetidis,-32.2675,130.5507
2337302,2337302,Neosebastes thetidis,-32.01778,131.54167
2337302,2337302,Neosebastes thetidis,-32.66666,129.67542
2337302,2337302,Neosebastes thetidis,-32.75069,131.47653
2337302,2337302,Neosebastes thetidis,-33.70847,132.13459
2337302,2337302,Neosebastes thetidis,-33.10903,129.82514
2337302,2337302,Neosebastes thetidis,-33.28444,128.08459
2337302,2337302,Neosebastes thetidis,-33.27653,129.16014
2337302,2337302,Neosebastes thetidis,-32.65,130.56667
2337302,2337302,Neosebastes thetidis,-32.37555,132.05903
2337302,2337302,Neosebastes thetidis,-33.53444,132.05209
2337302,2337302,Neosebastes thetidis,-32.33375,132.79306
2337302,2337302,Neosebastes thetidis,-33.872184,151.192069
2337302,2337302,Neosebastes thetidis,-40.20167,146.00153
2337302,2337302,Neosebastes thetidis,-40.44292,146.02695
2337302,2337302,Neosebastes thetidis,-34.2175,134.95056
2337302,2337302,Neosebastes thetidis,-40.65083,146.03389
2337302,2337302,Neosebastes thetidis,-34.22625,134.91723
2337302,2337302,Neosebastes thetidis,-33.28527,129.5682
2337302,2337302,Neosebastes thetidis,-33.31708,130.56028
2337302,2337302,Neosebastes thetidis,-33.28361,130.35875
2337302,2337302,Neosebastes thetidis,-33.29333,129.83403
2337302,2337302,Neosebastes thetidis,-33.65,125.36723
2337302,2337302,Neosebastes thetidis,-33.30833,130.44223
2337302,2337302,Neosebastes thetidis,-33.40903,130.13362
2337302,2337302,Neosebastes thetidis,-33.20986,129.67625
2337302,2337302,Neosebastes thetidis,-32.70153,130.4675
2337302,2337302,Neosebastes thetidis,-40.49222,145.95042
2337302,2337302,Neosebastes thetidis,-35.40833,116.75028
2337302,2337302,Neosebastes thetidis,-35.29347,118.16667
2337302,2337302,Neosebastes thetidis,-35.01736,118.86667
2337302,2337302,Neosebastes thetidis,-35.28361,118.44236
2337302,2337302,Neosebastes thetidis,-35.36805,117.1425
2337302,2337302,Neosebastes thetidis,-34.75903,116.29167
2337302,2337302,Neosebastes thetidis,-35.15861,118.60861
2337302,2337302,Neosebastes thetidis,-33.25944,129.93375
2337302,2337302,Neosebastes thetidis,-33.35847,130.03403
2337302,2337302,Neosebastes thetidis,-33.30944,130.11848
2337302,2337302,Neosebastes thetidis,-33.24306,130.19236
2337302,2337302,Neosebastes thetidis,-33.31722,130.10181
2337302,2337302,Neosebastes thetidis,-33.32513,129.24306
2337302,2337302,Neosebastes thetidis,-33.24236,133.65098
2337302,2337302,Neosebastes thetidis,-33.21667,126.32667
2337302,2337302,Neosebastes thetidis,-33.73403,132.16847
2337302,2337302,Neosebastes thetidis,-33.28375,130.00222
2337302,2337302,Neosebastes thetidis,-33.10139,126.43334
2337302,2337302,Neosebastes thetidis,-39.46792,144.65097
2337302,2337302,Neosebastes thetidis,-32.79333,133.58417
2337302,2337302,Neosebastes thetidis,-34.73403,134.28403
2337302,2337302,Neosebastes thetidis,-34.53403,134.50222
2337302,2337302,Neosebastes thetidis,-39.68403,144.43403
2337302,2337302,Neosebastes thetidis,-33.44167,133.9007
2337302,2337302,Neosebastes thetidis,-39.71736,144.44167
2337302,2337302,Neosebastes thetidis,-39.74264,144.46833
2337302,2337302,Neosebastes thetidis,-39.94347,144.79292
2337302,2337302,Neosebastes thetidis,-39.71736,144.41736
2337302,2337302,Neosebastes thetidis,-39.71667,145.625
2337302,2337302,Neosebastes thetidis,-39.8675,145.80098
2337302,2337302,Neosebastes thetidis,-39.71736,145.65834
2337302,2337302,Neosebastes thetidis,-39.83514,145.94222
2337302,2337302,Neosebastes thetidis,-39.72625,146.06695
2337302,2337302,Neosebastes thetidis,-39.94222,146.06778
2337302,2337302,Neosebastes thetidis,-40.07611,145.90834
2337302,2337302,Neosebastes thetidis,-32.74166,131.08333
2337302,2337302,Neosebastes thetidis,-31.79278,131.26736
2337302,2337302,Neosebastes thetidis,-32,131.08334
2337302,2337302,Neosebastes thetidis,-32.32527,131.00959
2337302,2337302,Neosebastes thetidis,-32.05902,131.25
2337302,2337302,Neosebastes thetidis,-33.43402,134.21667
2337302,2337302,Neosebastes thetidis,-31.83472,130.89167
2337302,2337302,Neosebastes thetidis,-32.79167,132.575
2337302,2337302,Neosebastes thetidis,-31.73528,131.2007
2337302,2337302,Neosebastes thetidis,-31.79236,131.16667
2337302,2337302,Neosebastes thetidis,-32.9,133.60834
2337302,2337302,Neosebastes thetidis,-31.81667,130.875
2337302,2337302,Neosebastes thetidis,-31.74167,130.95834
2337302,2337302,Neosebastes thetidis,-31.75069,131.125
2337302,2337302,Neosebastes thetidis,-33.40833,134.15834
2337302,2337302,Neosebastes thetidis,-33.22569,124.71806
2337302,2337302,Neosebastes thetidis,-33.31667,126.95834
2337302,2337302,Neosebastes thetidis,-34.19236,134.9757
2337302,2337302,Neosebastes thetidis,-36.12611,138.67722
2337302,2337302,Neosebastes thetidis,-33.90028,134.81667
2337302,2337302,Neosebastes thetidis,-31.91666,130.475
2337302,2337302,Neosebastes thetidis,-33.11736,124.95833
2337302,2337302,Neosebastes thetidis,-36.05889,139.1507
2337302,2337302,Neosebastes thetidis,-32.19236,131.4
2337302,2337302,Neosebastes thetidis,-34.25097,134.49167
2337302,2337302,Neosebastes thetidis,-36.40041,139.06736
2337302,2337302,Neosebastes thetidis,-34.06667,134.86667
2337302,2337302,Neosebastes thetidis,-34.19167,134.95139
2337302,2337302,Neosebastes thetidis,-34.075,134.53334
2337302,2337302,Neosebastes thetidis,-32.74167,125.94306
2337302,2337302,Neosebastes thetidis,-17.20111,120.50125
2337302,2337302,Neosebastes thetidis,-30.63514,114.78445
2337302,2337302,Neosebastes thetidis,-33.35958,125.75222
2337302,2337302,Neosebastes thetidis,-33.97569,125.07542
2337302,2337302,Neosebastes thetidis,-32.96722,127.88528
2337302,2337302,Neosebastes thetidis,-33.48472,125.09347
2337302,2337302,Neosebastes thetidis,-33.68402,125.20959
2337302,2337302,Neosebastes thetidis,-33.11667,128.43389
2337302,2337302,Neosebastes thetidis,-33.35,126.00903
2337302,2337302,Neosebastes thetidis,-32.59236,126.60111
2337302,2337302,Neosebastes thetidis,-33.28361,128.22625
2337302,2337302,Neosebastes thetidis,-33.23402,126.17625
2337302,2337302,Neosebastes thetidis,-33.19208,126.50958
2337302,2337302,Neosebastes thetidis,-33.31667,128.0425
2337302,2337302,Neosebastes thetidis,-33.15944,126.03375
2337302,2337302,Neosebastes thetidis,-33.36806,129.14306
2337302,2337302,Neosebastes thetidis,-33.25139,128.40069
2337302,2337302,Neosebastes thetidis,-33.30861,128.55028
2337302,2337302,Neosebastes thetidis,-33.38402,127.88403
2337302,2337302,Neosebastes thetidis,-33.00916,125.99167
2337302,2337302,Neosebastes thetidis,-33.25902,128.55236
2337302,2337302,Neosebastes thetidis,-33.26833,128.08528
2337302,2337302,Neosebastes thetidis,-33.29291,128.00959
2337302,2337302,Neosebastes thetidis,-33.28444,128.0757
2337302,2337302,Neosebastes thetidis,-33.20861,126.38459
2337302,2337302,Neosebastes thetidis,-33.31917,128.42667
2337302,2337302,Neosebastes thetidis,-33.36667,129.10931
2337302,2337302,Neosebastes thetidis,-33.26736,128.32597
2337302,2337302,Neosebastes thetidis,-33.28527,128.15972
2337302,2337302,Neosebastes thetidis,-33.29347,127.90222
2337302,2337302,Neosebastes thetidis,-33.21736,126.40931
2337302,2337302,Neosebastes thetidis,-33.20944,126.44292
2337302,2337302,Neosebastes thetidis,-33.34278,128.9925
2337302,2337302,Neosebastes thetidis,-33.3525,129.22612
2337302,2337302,Neosebastes thetidis,-33.31764,128.12528
2337302,2337302,Neosebastes thetidis,-33.32583,128.63473
2337302,2337302,Neosebastes thetidis,-33.3518,128.10056
2337302,2337302,Neosebastes thetidis,-33.13361,126.17667
2337302,2337302,Neosebastes thetidis,-33.36028,129.11792
2337302,2337302,Neosebastes thetidis,-33.28416,128.29167
2337302,2337302,Neosebastes thetidis,-33.30194,128.56722
2337302,2337302,Neosebastes thetidis,-33.34389,128.83542
2337302,2337302,Neosebastes thetidis,-33.30875,127.86056
2337302,2337302,Neosebastes thetidis,-32.65069,125.92639
2337302,2337302,Neosebastes thetidis,-33.28389,127.97723
2337302,2337302,Neosebastes thetidis,-33.28361,128.44278
2337302,2337302,Neosebastes thetidis,-33.37527,127.99278
2337302,2337302,Neosebastes thetidis,-33.36791,129.52625
2337302,2337302,Neosebastes thetidis,-33.30028,128.40986
2337302,2337302,Neosebastes thetidis,-33.2925,128.4425
2337302,2337302,Neosebastes thetidis,-39.5593,144.75973
2337302,2337302,Neosebastes thetidis,-33.25903,128.11778
2337302,2337302,Neosebastes thetidis,-33.21805,126.50167
2337302,2337302,Neosebastes thetidis,-33.30028,128.53403
2337302,2337302,Neosebastes thetidis,-39.50028,144.69278
2337302,2337302,Neosebastes thetidis,-33.2675,128.20903
2337302,2337302,Neosebastes thetidis,-39.59291,144.71861
2337302,2337302,Neosebastes thetidis,-33.26694,128.05875
2337302,2337302,Neosebastes thetidis,-33.30972,126.1257
2337302,2337302,Neosebastes thetidis,-33.225,126.40125
2337302,2337302,Neosebastes thetidis,-33.25125,126.33334
2337302,2337302,Neosebastes thetidis,-33.2925,126.22611
2337302,2337302,Neosebastes thetidis,-33.2675,128.36806
2337302,2337302,Neosebastes thetidis,-33.27625,126.23389
2337302,2337302,Neosebastes thetidis,-39.68389,144.70875
2337302,2337302,Neosebastes thetidis,-39.0343,144.61667
2337302,2337302,Neosebastes thetidis,-32.10055,128.3525
2337302,2337302,Neosebastes thetidis,-33.61736,125.04292
2337302,2337302,Neosebastes thetidis,-33.20056,126.69264
2337302,2337302,Neosebastes thetidis,-32.36833,127.44278
2337302,2337302,Neosebastes thetidis,-33.92555,125.21736
2337302,2337302,Neosebastes thetidis,-33.15903,126.70153
2337302,2337302,Neosebastes thetidis,-33.24167,125.33459
2337302,2337302,Neosebastes thetidis,-33.35902,129.25195
2337302,2337302,Neosebastes thetidis,-33.40069,129.79208
2337302,2337302,Neosebastes thetidis,-33.48513,131.36806
2337302,2337302,Neosebastes thetidis,-33.81013,132.13486
2337302,2337302,Neosebastes thetidis,-34.13416,124.90834
2337302,2337302,Neosebastes thetidis,-33.20139,126.85917
2337302,2337302,Neosebastes thetidis,-33.25208,128.25889
2337302,2337302,Neosebastes thetidis,-33.28361,128.05139
2337302,2337302,Neosebastes thetidis,-34.06,132.58528
2337302,2337302,Neosebastes thetidis,-33.95125,125.17612
2337302,2337302,Neosebastes thetidis,-33.35111,129.43375
2337302,2337302,Neosebastes thetidis,-32.4175,127.36833
2337302,2337302,Neosebastes thetidis,-33.35125,129.18389
2337302,2337302,Neosebastes thetidis,-32.5,129.26695
2337302,2337302,Neosebastes thetidis,-31.96708,130
2337302,2337302,Neosebastes thetidis,-31.81666,130.78361
2337302,2337302,Neosebastes thetidis,-31.75194,130.15167
2337302,2337302,Neosebastes thetidis,-32.3,129.63348
2337302,2337302,Neosebastes thetidis,-31.98444,130
2337302,2337302,Neosebastes thetidis,-32.37611,129.33333
2337302,2337302,Neosebastes thetidis,-31.88333,129.08389
2337302,2337302,Neosebastes thetidis,-32.65833,126.09167
2337302,2337302,Neosebastes thetidis,-33.44167,125.90833
2337302,2337302,Neosebastes thetidis,-33.30153,129.635
2337302,2337302,Neosebastes thetidis,-33.20138,126.72625
2337302,2337302,Neosebastes thetidis,-33.20944,127.17583
2337302,2337302,Neosebastes thetidis,-33.35,129.2
2337302,2337302,Neosebastes thetidis,-33.31833,129.41764
2337302,2337302,Neosebastes thetidis,-33.30069,130.275
2337302,2337302,Neosebastes thetidis,-33.55166,131.64237
2337302,2337302,Neosebastes thetidis,-33.30083,129.41764
2337302,2337302,Neosebastes thetidis,-33.36694,127.575
2337302,2337302,Neosebastes thetidis,-33.1593,126.59167
2337302,2337302,Neosebastes thetidis,-33.16736,127.10097
2337302,2337302,Neosebastes thetidis,-33.33514,129.19334
2337302,2337302,Neosebastes thetidis,-33.31792,129.32681
2337302,2337302,Neosebastes thetidis,-33.15181,126.31722
2337302,2337302,Neosebastes thetidis,-33.47597,125.95
2337302,2337302,Neosebastes thetidis,-33.3,129.44167
2337302,2337302,Neosebastes thetidis,-33.29167,129.0675
2337302,2337302,Neosebastes thetidis,-33.33333,127.44278
2337302,2337302,Neosebastes thetidis,-33.34194,127.43389
2337302,2337302,Neosebastes thetidis,-33.70833,125.74167
2337302,2337302,Neosebastes thetidis,-33.31736,131.12611
2337302,2337302,Neosebastes thetidis,-32.71736,126.975
2337302,2337302,Neosebastes thetidis,-33.30153,126.63431
2337302,2337302,Neosebastes thetidis,-33.60042,125.80861
2337302,2337302,Neosebastes thetidis,-34.69319,133.5175
2337302,2337302,Neosebastes thetidis,-33.4,130.84237
2337302,2337302,Neosebastes thetidis,-33.57555,125.83417
2337302,2337302,Neosebastes thetidis,-33.33333,127.42625
2337302,2337302,Neosebastes thetidis,-33.31736,129.88334
2337302,2337302,Neosebastes thetidis,-32.775,130.075
2337302,2337302,Neosebastes thetidis,-32.46666,131.00083
2337302,2337302,Neosebastes thetidis,-32.04208,130.325
2337302,2337302,Neosebastes thetidis,-31.91667,130.64167
2337302,2337302,Neosebastes thetidis,-31.71666,129.66667
2337302,2337302,Neosebastes thetidis,-34.05,124.95
2337302,2337302,Neosebastes thetidis,-33.14167,125.41667
2337302,2337302,Neosebastes thetidis,-32.35027,130.08333
2337302,2337302,Neosebastes thetidis,-33.40069,131.06667
2337302,2337302,Neosebastes thetidis,-35.06777,134.11722
2337302,2337302,Neosebastes thetidis,-34.57569,134.21778
2337302,2337302,Neosebastes thetidis,-32.775,130.075
2337302,2337302,Neosebastes thetidis,-32.775,130.075
2337302,2337302,Neosebastes thetidis,-32.775,130.075
2337302,2337302,Neosebastes thetidis,-32.775,130.075
2337302,2337302,Neosebastes thetidis,-32.775,130.075
2337302,2337302,Neosebastes thetidis,-32.775,130.075
2337302,2337302,Neosebastes thetidis,-32.775,130.075
2337302,2337302,Neosebastes thetidis,-32.775,130.075
2337302,2337302,Neosebastes thetidis,-32.775,130.075
2337302,2337302,Neosebastes thetidis,-32.775,130.075
2337302,2337302,Neosebastes thetidis,-33.26889,126.8675
2337302,2337302,Neosebastes thetidis,-33.32569,126.54264
2337302,2337302,Neosebastes thetidis,-33.33333,129.55834
2337302,2337302,Neosebastes thetidis,-33.29264,126.35112
2337302,2337302,Neosebastes thetidis,-33.55,125.56667
2337302,2337302,Neosebastes thetidis,-33.3168,128.75042
2337302,2337302,Neosebastes thetidis,-33.35,127.48445
2337302,2337302,Neosebastes thetidis,-33.38403,126.16833
2337302,2337302,Neosebastes thetidis,-33.23486,126.87653
2337302,2337302,Neosebastes thetidis,-33.32583,129.25056
2337302,2337302,Neosebastes thetidis,-34.01708,124.96667
2337302,2337302,Neosebastes thetidis,-33.64278,125.81722
2337302,2337302,Neosebastes thetidis,-33.33333,129.23333
2337302,2337302,Neosebastes thetidis,-33.32597,129.53403
2337302,2337302,Neosebastes thetidis,-32.66736,125.7507
2337302,2337302,Neosebastes thetidis,-34.79194,133.70917
2337302,2337302,Neosebastes thetidis,-33.03403,129.9182
2337302,2337302,Neosebastes thetidis,-32.775,130.075
2337302,2337302,Neosebastes thetidis,-34.99347,133.80889
2337302,2337302,Neosebastes thetidis,-35.20861,134.58417
2337302,2337302,Neosebastes thetidis,-32.775,130.075
2337302,2337302,Neosebastes thetidis,-32.775,130.075
2337302,2337302,Neosebastes thetidis,-32.775,130.075
2337302,2337302,Neosebastes thetidis,-34.95986,133.56
2337302,2337302,Neosebastes thetidis,-35.04222,133.98403
2337302,2337302,Neosebastes thetidis,-35.45152,134.95125
2337302,2337302,Neosebastes thetidis,-32.775,130.075
2337302,2337302,Neosebastes thetidis,-32.775,130.075
2337302,2337302,Neosebastes thetidis,-34.09166,124.975
2337302,2337302,Neosebastes thetidis,-33.75833,125.49167
2337302,2337302,Neosebastes thetidis,-33.35,126.04167
2337302,2337302,Neosebastes thetidis,-33.66736,125.65
2337302,2337302,Neosebastes thetidis,-33.24167,129.14167
2337302,2337302,Neosebastes thetidis,-33.35139,127.45834
2337302,2337302,Neosebastes thetidis,-33.39167,126.0007
2337302,2337302,Neosebastes thetidis,-33.15,131.46667
2337302,2337302,Neosebastes thetidis,-33.55069,125.78334
2337302,2337302,Neosebastes thetidis,-33.06667,124.56667
2337302,2337302,Neosebastes thetidis,-33.85,132.65
2337302,2337302,Neosebastes thetidis,-36.09236,139.01833
2337302,2337302,Neosebastes thetidis,-40.62625,146.40917
2337302,2337302,Neosebastes thetidis,-39.73486,146.39278
2337302,2337302,Neosebastes thetidis,-40.20097,146.80125
2337302,2337302,Neosebastes thetidis,-40.38458,146.80959
2337302,2337302,Neosebastes thetidis,-33.31917,126.25945
2337302,2337302,Neosebastes thetidis,-36.40138,139.43528
2337302,2337302,Neosebastes thetidis,-40.30028,145.87584
2337302,2337302,Neosebastes thetidis,-39.43486,146
2337302,2337302,Neosebastes thetidis,-33.33389,128.20959
2337302,2337302,Neosebastes thetidis,-33.35111,127.97653
2337302,2337302,Neosebastes thetidis,-33.36847,126.22556
2337302,2337302,Neosebastes thetidis,-40.685,146.30181
2337302,2337302,Neosebastes thetidis,-39.93389,146.54306
2337302,2337302,Neosebastes thetidis,-33.36667,128.14167
2337302,2337302,Neosebastes thetidis,-33.30833,126.45945
2337302,2337302,Neosebastes thetidis,-33.41666,126.15083
2337302,2337302,Neosebastes thetidis,-39.75208,145.85028
2337302,2337302,Neosebastes thetidis,-40.50028,146.15222
2337302,2337302,Neosebastes thetidis,-40.65097,146.65903
2337302,2337302,Neosebastes thetidis,-33.3518,127.99209
2337302,2337302,Neosebastes thetidis,-33.36667,128.05139
2337302,2337302,Neosebastes thetidis,-36.2,138.82542
2337302,2337302,Neosebastes thetidis,-37.22736,139.09334
2337302,2337302,Neosebastes thetidis,-40.05972,145.46792
2337302,2337302,Neosebastes thetidis,-40.5593,145.56778
2337302,2337302,Neosebastes thetidis,-40.11055,146.15959
2337302,2337302,Neosebastes thetidis,-33.36694,128.13417
2337302,2337302,Neosebastes thetidis,-33.35166,128.05834
2337302,2337302,Neosebastes thetidis,-33.35153,128.06806
2337302,2337302,Neosebastes thetidis,-33.35139,127.89236
2337302,2337302,Neosebastes thetidis,-33.30167,126.52653
2337302,2337302,Neosebastes thetidis,-33.31667,126.13334
2337302,2337302,Neosebastes thetidis,-33.30028,126.19348
2337302,2337302,Neosebastes thetidis,-33.45,126.05833
2337302,2337302,Neosebastes thetidis,-33.50833,131.86667
2337302,2337302,Neosebastes thetidis,-33.29166,126.25834
2337302,2337302,Neosebastes thetidis,-33.33333,126.19167
2337302,2337302,Neosebastes thetidis,-33.59167,125.68334
2337302,2337302,Neosebastes thetidis,-36.43486,138.98348
2337302,2337302,Neosebastes thetidis,-40.22541,145.50139
2337302,2337302,Neosebastes thetidis,-40.08555,146.45125
2337302,2337302,Neosebastes thetidis,-40.70153,147.06695
2337302,2337302,Neosebastes thetidis,-33.35875,128.44306
2337302,2337302,Neosebastes thetidis,-33.34291,127.3007
2337302,2337302,Neosebastes thetidis,-33.76736,132.125
2337302,2337302,Neosebastes thetidis,-33.29167,131.11667
2337302,2337302,Neosebastes thetidis,-33.29166,126.1757
2337302,2337302,Neosebastes thetidis,-40.53375,145.52625
2337302,2337302,Neosebastes thetidis,-39.52639,145.47667
2337302,2337302,Neosebastes thetidis,-40.71694,146.16695
2337302,2337302,Neosebastes thetidis,-33.35166,128.025
2337302,2337302,Neosebastes thetidis,-33.35125,128.11014
2337302,2337302,Neosebastes thetidis,-36.20861,139.30889
2337302,2337302,Neosebastes thetidis,-39.01805,143.18389
2337302,2337302,Neosebastes thetidis,-39.97597,146.73542
2337302,2337302,Neosebastes thetidis,-40.52625,147.02598
2337302,2337302,Neosebastes thetidis,-33.30055,130.51709
2337302,2337302,Neosebastes thetidis,-33.35139,128.07514
2337302,2337302,Neosebastes thetidis,-32.24236,131.60833
2337302,2337302,Neosebastes thetidis,-33.61736,125.70833
2337302,2337302,Neosebastes thetidis,-34.11667,132.55834
2337302,2337302,Neosebastes thetidis,-34.29167,132.70833
2337302,2337302,Neosebastes thetidis,-33.3,126.01667
2337302,2337302,Neosebastes thetidis,-33.36667,128.30834
2337302,2337302,Neosebastes thetidis,-33.58333,125.775
2337302,2337302,Neosebastes thetidis,-33.45,125.95084
2337302,2337302,Neosebastes thetidis,-33.39166,129.21667
2337302,2337302,Neosebastes thetidis,-33.36667,128.39167
2337302,2337302,Neosebastes thetidis,-33.25069,126.45945
2337302,2337302,Neosebastes thetidis,-33.31764,129.20972
2337302,2337302,Neosebastes thetidis,-33.31736,129.30903
2337302,2337302,Neosebastes thetidis,-33.31791,129.28362
2337302,2337302,Neosebastes thetidis,-33.325,126.23403
2337302,2337302,Neosebastes thetidis,-33.31806,129.18473
2337302,2337302,Neosebastes thetidis,-33.31778,129.28403
2337302,2337302,Neosebastes thetidis,-33.34306,130.0257
2337302,2337302,Neosebastes thetidis,-33.31778,127.375
2337302,2337302,Neosebastes thetidis,-33.65833,125.71667
2337302,2337302,Neosebastes thetidis,-33.58333,125.80945
2337302,2337302,Neosebastes thetidis,-33.34166,126.32556
2337302,2337302,Neosebastes thetidis,-33.31667,129.25
2337302,2337302,Neosebastes thetidis,-33.26736,126.2425
2337302,2337302,Neosebastes thetidis,-33.30069,126.14236
2337302,2337302,Neosebastes thetidis,-33.31694,126.3175
2337302,2337302,Neosebastes thetidis,-33.33333,129.27625
2337302,2337302,Neosebastes thetidis,-33.29263,129.26667
2337302,2337302,Neosebastes thetidis,-33.31792,129.17625
2337302,2337302,Neosebastes thetidis,-33.35,128.81737
2337302,2337302,Neosebastes thetidis,-33.32569,129.26667
2337302,2337302,Neosebastes thetidis,-33.31736,127.45
2337302,2337302,Neosebastes thetidis,-33.30194,129.30875
2337302,2337302,Neosebastes thetidis,-33.32611,129.2257
2337302,2337302,Neosebastes thetidis,-33.30902,129.31806
2337302,2337302,Neosebastes thetidis,-33.35,129.83403
2337302,2337302,Neosebastes thetidis,-33.35917,129.7425
2337302,2337302,Neosebastes thetidis,-33.33402,128.16736
2337302,2337302,Neosebastes thetidis,-33.29236,126.17625
2337302,2337302,Neosebastes thetidis,-34.26666,132.71667
2337302,2337302,Neosebastes thetidis,-34.2,132.66667
2337302,2337302,Neosebastes thetidis,-33.29166,128.425
2337302,2337302,Neosebastes thetidis,-33.3,126.025
2337302,2337302,Neosebastes thetidis,-33.26666,126.125
2337302,2337302,Neosebastes thetidis,-33.31667,128.05833
2337302,2337302,Neosebastes thetidis,-33.31667,129.76667
2337302,2337302,Neosebastes thetidis,-33.96666,132.64167
2337302,2337302,Neosebastes thetidis,-33.65833,125.66736
2337302,2337302,Neosebastes thetidis,-33.25833,126.26667
2337302,2337302,Neosebastes thetidis,-33.31806,129.2
2337302,2337302,Neosebastes thetidis,-33.33333,129.7
2337302,2337302,Neosebastes thetidis,-33.34236,130.03334
2337302,2337302,Neosebastes thetidis,-33.31667,128.5182
2337302,2337302,Neosebastes thetidis,-33.31792,129.1925
2337302,2337302,Neosebastes thetidis,-33.31833,129.05
2337302,2337302,Neosebastes thetidis,-33.3593,129.84167
2337302,2337302,Neosebastes thetidis,-33.35028,128.74306
2337302,2337302,Neosebastes thetidis,-33.31806,127.31848
2337302,2337302,Neosebastes thetidis,-33.23458,126.45903
2337302,2337302,Neosebastes thetidis,-33.31792,129.31014
2337302,2337302,Neosebastes thetidis,-33.31806,129.26806
2337302,2337302,Neosebastes thetidis,-33.31736,129.94167
2337302,2337302,Neosebastes thetidis,-33.35208,128.61667
2337302,2337302,Neosebastes thetidis,-33.31667,127.96667
2337302,2337302,Neosebastes thetidis,-33.31861,129.74167
2337302,2337302,Neosebastes thetidis,-33.53444,125.98403
2337302,2337302,Neosebastes thetidis,-33.24166,126.275
2337302,2337302,Neosebastes thetidis,-33.25833,126.23403
2337302,2337302,Neosebastes thetidis,-33.30903,126.15056
2337302,2337302,Neosebastes thetidis,-40.70111,146.14167
2337302,2337302,Neosebastes thetidis,-33.22569,126.29195
2337302,2337302,Neosebastes thetidis,-33.35,129.74167
2337302,2337302,Neosebastes thetidis,-33.61666,131.93334
2337302,2337302,Neosebastes thetidis,-33.26667,128.46667
2337302,2337302,Neosebastes thetidis,-33.36736,131.05834
2337302,2337302,Neosebastes thetidis,-33.36667,128.50833
2337302,2337302,Neosebastes thetidis,-33.23514,126.30875
2337302,2337302,Neosebastes thetidis,-33.25041,126.29167
2337302,2337302,Neosebastes thetidis,-33.25,126.3257
2337302,2337302,Neosebastes thetidis,-33.25944,126.22612
2337302,2337302,Neosebastes thetidis,-33.21778,126.24237
2337302,2337302,Neosebastes thetidis,-33.29305,129.93334
2337302,2337302,Neosebastes thetidis,-33.65,125.67612
2337302,2337302,Neosebastes thetidis,-33.333332,151.58333
2337302,2337302,Neosebastes thetidis,-33,151
2337302,2337302,Neosebastes thetidis,-38.27,144.67
2337302,2337302,Neosebastes thetidis,-29.11725,154.8678
2337302,2337302,Neosebastes thetidis,-29.11725,154.8678
2337302,2337302,Neosebastes thetidis,-34.97,138.5
2337302,2337302,Neosebastes thetidis,-40,148
2337302,2337302,Neosebastes thetidis,-39.95,148.33333
2337302,2337302,Neosebastes thetidis,-36,150.333333
2337302,2337302,Neosebastes thetidis,-32,128
2337302,2337302,Neosebastes thetidis,-32,128
2337302,2337302,Neosebastes thetidis,-39.9669,148.7239
2337302,2337302,Neosebastes thetidis,-39.95,148.33
2337302,2337302,Neosebastes thetidis,-34.233334,151.25
2337302,2337302,Neosebastes thetidis,-34.483334,151.05
2337302,2337302,Neosebastes thetidis,-34.483334,151.05
2337302,2337302,Neosebastes thetidis,-34.233334,151.25
2337302,2337302,Neosebastes thetidis,-41.318600000000004,148.241001
2337302,2337302,Neosebastes thetidis,-39.948592,148.33098
2337302,2337302,Neosebastes thetidis,-42.738618,147.221039
2337302,2337302,Neosebastes thetidis,-33.717,130.975
2337302,2337302,Neosebastes thetidis,-35.5167,138.1833
2337302,2337302,Neosebastes thetidis,-39.95,148.33333
2337302,2337302,Neosebastes thetidis,-39.933333,148.316667
2337302,2337302,Neosebastes thetidis,-40,148.33333
2337302,2337302,Neosebastes thetidis,-39.95,148.33333
2337302,2337302,Neosebastes thetidis,-39.95,148.33333
2337302,2337302,Neosebastes thetidis,-39.95,148.33333
2337302,2337302,Neosebastes thetidis,-35.75,135.66667
2337302,2337302,Neosebastes thetidis,-32.85,152
