requested_taxonKey,record_taxonKey,species_name,decimalLatitude,decimalLongitude
2337282,2337282,Maxillicosta scabriceps,-35.149341,138.464361
2337282,2337282,Maxillicosta scabriceps,-35.522854,138.185421
2337282,2337282,Maxillicosta scabriceps,-32.254386,115.743151
2337282,2337282,Maxillicosta scabriceps,-38.365881,144.82302
2337282,2337282,Maxillicosta scabriceps,-32.258558,115.751569
2337282,2337282,Maxillicosta scabriceps,-35.210972,137.190138
2337282,2337282,Maxillicosta scabriceps,-35.646012,137.642533
2337282,2337282,Maxillicosta scabriceps,-35.211088,137.190505
2337282,2337282,Maxillicosta scabriceps,-35.56518,137.616638
2337282,2337282,Maxillicosta scabriceps,-35.593792,137.507478
2337282,2337282,Maxillicosta scabriceps,-35.594875,137.510525
2337282,2337282,Maxillicosta scabriceps,-35.159922,137.256303
2337282,2337282,Maxillicosta scabriceps,-38.365982,144.823037
2337282,2337282,Maxillicosta scabriceps,-35.590328,137.38713
2337282,2337282,Maxillicosta scabriceps,-35.59038,137.38803
2337282,2337282,Maxillicosta scabriceps,-35.795304,137.851462
2337282,2337282,Maxillicosta scabriceps,-35.590675,137.503726
2337282,2337282,Maxillicosta scabriceps,-34.894146,138.486205
2337282,2337282,Maxillicosta scabriceps,-34.911408,138.490582
2337282,2337282,Maxillicosta scabriceps,-35.005086,138.511125
2337282,2337282,Maxillicosta scabriceps,-35.033987,138.516303
2337282,2337282,Maxillicosta scabriceps,-34.99008,138.509108
2337282,2337282,Maxillicosta scabriceps,-34.962738,138.507287
2337282,2337282,Maxillicosta scabriceps,-34.914167,138.491913
2337282,2337282,Maxillicosta scabriceps,-34.774234,137.858617
2337282,2337282,Maxillicosta scabriceps,-35.034294,138.515819
2337282,2337282,Maxillicosta scabriceps,-34.773967,137.85852
2337282,2337282,Maxillicosta scabriceps,-35.020188,138.514995
2337282,2337282,Maxillicosta scabriceps,-35.025114,138.515707
2337282,2337282,Maxillicosta scabriceps,-34.77127,137.857943
2337282,2337282,Maxillicosta scabriceps,-35.03463,138.517363
2337282,2337282,Maxillicosta scabriceps,-34.83008,138.482366
2337282,2337282,Maxillicosta scabriceps,-35.023665,138.516006
2337282,2337282,Maxillicosta scabriceps,-34.859713,138.476713
2337282,2337282,Maxillicosta scabriceps,-34.963025,138.507373
2337282,2337282,Maxillicosta scabriceps,-35.020798,138.515168
2337282,2337282,Maxillicosta scabriceps,-34.98287,138.51027
2337282,2337282,Maxillicosta scabriceps,-35.017691,138.514373
2337282,2337282,Maxillicosta scabriceps,-34.888474,138.484421
2337282,2337282,Maxillicosta scabriceps,-35.026502,138.516091
2337282,2337282,Maxillicosta scabriceps,-34.788717,137.855956
2337282,2337282,Maxillicosta scabriceps,-34.808777,138.488244
2337282,2337282,Maxillicosta scabriceps,-35.017508,138.514603
2337282,2337282,Maxillicosta scabriceps,-35.020047,138.514738
2337282,2337282,Maxillicosta scabriceps,-34.888703,138.484497
2337282,2337282,Maxillicosta scabriceps,-35.042825,138.50978
2337282,2337282,Maxillicosta scabriceps,-34.892495,138.485475
2337282,2337282,Maxillicosta scabriceps,-35.023347,138.516672
2337282,2337282,Maxillicosta scabriceps,-34.993313,138.509858
2337282,2337282,Maxillicosta scabriceps,-35.174092,138.465683
2337282,2337282,Maxillicosta scabriceps,-35.039092,138.514577
2337282,2337282,Maxillicosta scabriceps,-35.045514,138.508094
2337282,2337282,Maxillicosta scabriceps,-34.837749,138.477351
2337282,2337282,Maxillicosta scabriceps,-34.775499,137.859444
2337282,2337282,Maxillicosta scabriceps,-34.984778,138.51037
2337282,2337282,Maxillicosta scabriceps,-34.906371,138.489419
2337282,2337282,Maxillicosta scabriceps,-34.910109,138.490215
2337282,2337282,Maxillicosta scabriceps,-35.039311,138.51432
2337282,2337282,Maxillicosta scabriceps,-35.149842,138.468395
2337282,2337282,Maxillicosta scabriceps,-34.775821,137.859802
2337282,2337282,Maxillicosta scabriceps,-35.036914,138.515962
2337282,2337282,Maxillicosta scabriceps,-35.025709,138.516061
2337282,2337282,Maxillicosta scabriceps,-35.025548,138.516067
2337282,2337282,Maxillicosta scabriceps,-34.909806,138.491051
2337282,2337282,Maxillicosta scabriceps,-35.019869,138.514871
2337282,2337282,Maxillicosta scabriceps,-35.018165,138.51386
2337282,2337282,Maxillicosta scabriceps,-35.020996,138.51448
2337282,2337282,Maxillicosta scabriceps,-35.186812,138.467788
2337282,2337282,Maxillicosta scabriceps,-34.981866,138.510224
2337282,2337282,Maxillicosta scabriceps,-34.909289,138.489911
2337282,2337282,Maxillicosta scabriceps,-34.909735,138.490059
2337282,2337282,Maxillicosta scabriceps,-35.024606,138.5169
2337282,2337282,Maxillicosta scabriceps,-34.984475,138.51039
2337282,2337282,Maxillicosta scabriceps,-34.840301,138.477691
2337282,2337282,Maxillicosta scabriceps,-34.987344,137.762516
2337282,2337282,Maxillicosta scabriceps,-34.913488,138.491479
2337282,2337282,Maxillicosta scabriceps,-34.838489,138.477832
2337282,2337282,Maxillicosta scabriceps,-34.837641,138.477916
2337282,2337282,Maxillicosta scabriceps,-34.848458,138.476906
2337282,2337282,Maxillicosta scabriceps,-34.928463,138.49533
2337282,2337282,Maxillicosta scabriceps,-35.019813,138.515017
2337282,2337282,Maxillicosta scabriceps,-34.849356,138.475194
2337282,2337282,Maxillicosta scabriceps,-34.824222,138.483925
2337282,2337282,Maxillicosta scabriceps,-34.849045,138.475445
2337282,2337282,Maxillicosta scabriceps,-34.843806,138.4783
2337282,2337282,Maxillicosta scabriceps,-34.918695,138.492967
2337282,2337282,Maxillicosta scabriceps,-34.909517,138.489717
2337282,2337282,Maxillicosta scabriceps,-34.902458,138.488067
2337282,2337282,Maxillicosta scabriceps,-35.034772,138.516707
2337282,2337282,Maxillicosta scabriceps,-34.907335,138.488443
2337282,2337282,Maxillicosta scabriceps,-34.773215,137.858035
2337282,2337282,Maxillicosta scabriceps,-34.935971,138.497183
2337282,2337282,Maxillicosta scabriceps,-34.777792,137.863083
2337282,2337282,Maxillicosta scabriceps,-34.859541,138.476266
2337282,2337282,Maxillicosta scabriceps,-34.842928,138.477194
2337282,2337282,Maxillicosta scabriceps,-35.17547,138.465928
2337282,2337282,Maxillicosta scabriceps,-35.150909,138.468551
2337282,2337282,Maxillicosta scabriceps,-34.883046,138.482793
2337282,2337282,Maxillicosta scabriceps,-35.017503,138.513937
2337282,2337282,Maxillicosta scabriceps,-35.309263,138.4476
2337282,2337282,Maxillicosta scabriceps,-35.034276,138.516038
2337282,2337282,Maxillicosta scabriceps,-34.982565,138.510301
2337282,2337282,Maxillicosta scabriceps,-35.005335,138.511323
2337282,2337282,Maxillicosta scabriceps,-35.022164,138.515514
2337282,2337282,Maxillicosta scabriceps,-34.435183,137.933537
2337282,2337282,Maxillicosta scabriceps,-35.026486,138.516892
2337282,2337282,Maxillicosta scabriceps,-35.153202,138.46898
2337282,2337282,Maxillicosta scabriceps,-35.152098,138.469096
2337282,2337282,Maxillicosta scabriceps,-35.314695,138.44757
2337282,2337282,Maxillicosta scabriceps,-34.984576,138.510204
2337282,2337282,Maxillicosta scabriceps,-35.033731,138.516811
2337282,2337282,Maxillicosta scabriceps,-35.028172,138.51574
2337282,2337282,Maxillicosta scabriceps,-35.026678,138.51667
2337282,2337282,Maxillicosta scabriceps,-34.991314,138.509369
2337282,2337282,Maxillicosta scabriceps,-34.981736,138.509622
2337282,2337282,Maxillicosta scabriceps,-34.891973,138.485691
2337282,2337282,Maxillicosta scabriceps,-35.035458,138.5168
2337282,2337282,Maxillicosta scabriceps,-34.981799,138.509638
2337282,2337282,Maxillicosta scabriceps,-35.266276,138.453571
2337282,2337282,Maxillicosta scabriceps,-35.148902,138.467528
2337282,2337282,Maxillicosta scabriceps,-35.15154,138.46868
2337282,2337282,Maxillicosta scabriceps,-35.025485,138.515978
2337282,2337282,Maxillicosta scabriceps,-34.984215,138.509812
2337282,2337282,Maxillicosta scabriceps,-35.011553,138.512569
2337282,2337282,Maxillicosta scabriceps,-34.981637,138.510143
2337282,2337282,Maxillicosta scabriceps,-34.984759,138.509904
2337282,2337282,Maxillicosta scabriceps,-35.185713,138.467072
2337282,2337282,Maxillicosta scabriceps,-35.038253,138.515747
2337282,2337282,Maxillicosta scabriceps,-34.980814,138.50988
2337282,2337282,Maxillicosta scabriceps,-34.980174,138.509989
2337282,2337282,Maxillicosta scabriceps,-35.039171,138.514352
2337282,2337282,Maxillicosta scabriceps,-34.984698,138.510146
2337282,2337282,Maxillicosta scabriceps,-35.169151,138.465753
2337282,2337282,Maxillicosta scabriceps,-34.814844,138.491039
2337282,2337282,Maxillicosta scabriceps,-35.269087,138.448212
2337282,2337282,Maxillicosta scabriceps,-34.851429,138.475452
2337282,2337282,Maxillicosta scabriceps,-34.985058,138.510203
2337282,2337282,Maxillicosta scabriceps,-34.981905,138.509726
2337282,2337282,Maxillicosta scabriceps,-35.128265,138.469448
2337282,2337282,Maxillicosta scabriceps,-35.151718,138.468839
2337282,2337282,Maxillicosta scabriceps,-34.984252,138.510269
2337282,2337282,Maxillicosta scabriceps,-34.981731,138.509607
2337282,2337282,Maxillicosta scabriceps,-35.034116,138.516573
2337282,2337282,Maxillicosta scabriceps,-34.895547,138.486175
2337282,2337282,Maxillicosta scabriceps,-34.851384,138.475409
2337282,2337282,Maxillicosta scabriceps,-35.187978,138.468138
2337282,2337282,Maxillicosta scabriceps,-34.977354,138.509631
2337282,2337282,Maxillicosta scabriceps,-34.910627,138.490125
2337282,2337282,Maxillicosta scabriceps,-34.983134,138.510059
2337282,2337282,Maxillicosta scabriceps,-34.995202,138.509879
2337282,2337282,Maxillicosta scabriceps,-35.014933,138.513459
2337282,2337282,Maxillicosta scabriceps,-35.207331,138.470699
2337282,2337282,Maxillicosta scabriceps,-34.980813,138.51035100000001
2337282,2337282,Maxillicosta scabriceps,-34.994301,138.509945
2337282,2337282,Maxillicosta scabriceps,-34.827323,138.482745
2337282,2337282,Maxillicosta scabriceps,-34.875165,138.480759
2337282,2337282,Maxillicosta scabriceps,-34.882072,138.482313
2337282,2337282,Maxillicosta scabriceps,-35.016708,138.513978
2337282,2337282,Maxillicosta scabriceps,-34.984368,138.509794
2337282,2337282,Maxillicosta scabriceps,-34.981616,138.509583
2337282,2337282,Maxillicosta scabriceps,-35.016543,138.513808
2337282,2337282,Maxillicosta scabriceps,-34.970153,138.510461
2337282,2337282,Maxillicosta scabriceps,-35.019286,138.514781
2337282,2337282,Maxillicosta scabriceps,-34.814844,138.491039
2337282,2337282,Maxillicosta scabriceps,-34.874584,138.480673
2337282,2337282,Maxillicosta scabriceps,-34.981119,138.510095
2337282,2337282,Maxillicosta scabriceps,-35.03241,138.516709
2337282,2337282,Maxillicosta scabriceps,-35.021044,138.515146
2337282,2337282,Maxillicosta scabriceps,-35.216335,138.475128
2337282,2337282,Maxillicosta scabriceps,-34.980859,138.509881
2337282,2337282,Maxillicosta scabriceps,-34.983642,138.510432
2337282,2337282,Maxillicosta scabriceps,-34.821247,138.485131
2337282,2337282,Maxillicosta scabriceps,-34.986453,138.509842
2337282,2337282,Maxillicosta scabriceps,-34.89027,138.484969
2337282,2337282,Maxillicosta scabriceps,-35.187938,138.468063
2337282,2337282,Maxillicosta scabriceps,-34.936062,138.495691
2337282,2337282,Maxillicosta scabriceps,-35.155392,138.468809
2337282,2337282,Maxillicosta scabriceps,-35.154971,138.469075
2337282,2337282,Maxillicosta scabriceps,-34.982855,138.509993
2337282,2337282,Maxillicosta scabriceps,-34.985367,138.5101
2337282,2337282,Maxillicosta scabriceps,-34.855763,138.476054
2337282,2337282,Maxillicosta scabriceps,-34.978595,138.509764
2337282,2337282,Maxillicosta scabriceps,-34.879987,138.481583
2337282,2337282,Maxillicosta scabriceps,-35.135125,138.46894699999999
2337282,2337282,Maxillicosta scabriceps,-34.8059,138.486858
2337282,2337282,Maxillicosta scabriceps,-35.196186,138.469924
2337282,2337282,Maxillicosta scabriceps,-34.995206,138.509919
2337282,2337282,Maxillicosta scabriceps,-35.190667,138.468828
2337282,2337282,Maxillicosta scabriceps,-34.836921,138.47825
2337282,2337282,Maxillicosta scabriceps,-35.035431,138.51645
2337282,2337282,Maxillicosta scabriceps,-34.874117,138.480546
2337282,2337282,Maxillicosta scabriceps,-34.990394,138.509247
2337282,2337282,Maxillicosta scabriceps,-35.029986,138.515945
2337282,2337282,Maxillicosta scabriceps,-35.169151,138.465753
2337282,2337282,Maxillicosta scabriceps,-34.874815,138.480747
2337282,2337282,Maxillicosta scabriceps,-34.869205,138.478849
2337282,2337282,Maxillicosta scabriceps,-34.850951,138.475417
2337282,2337282,Maxillicosta scabriceps,-34.985218,138.510148
2337282,2337282,Maxillicosta scabriceps,-34.845786,138.476878
2337282,2337282,Maxillicosta scabriceps,-35.269188,138.448228
2337282,2337282,Maxillicosta scabriceps,-34.960298,138.560176
2337282,2337282,Maxillicosta scabriceps,-34.852789,138.475483
2337282,2337282,Maxillicosta scabriceps,-35.030239,138.5168
2337282,2337282,Maxillicosta scabriceps,-34.89458,138.486175
2337282,2337282,Maxillicosta scabriceps,-35.440773,138.311165
2337282,2337282,Maxillicosta scabriceps,-34.814844,138.491039
2337282,2337282,Maxillicosta scabriceps,-34.851348,138.47543
2337282,2337282,Maxillicosta scabriceps,-35.127182,138.469326
2337282,2337282,Maxillicosta scabriceps,-34.981198,138.510107
2337282,2337282,Maxillicosta scabriceps,-34.957231,138.598725
2337282,2337282,Maxillicosta scabriceps,-34.852631,138.475519
2337282,2337282,Maxillicosta scabriceps,-35.12874,138.469545
2337282,2337282,Maxillicosta scabriceps,-35.028727,138.517291
2337282,2337282,Maxillicosta scabriceps,-35.03661,138.515987
2337282,2337282,Maxillicosta scabriceps,-35.003544,138.511214
2337282,2337282,Maxillicosta scabriceps,-34.852631,138.475519
2337282,2337282,Maxillicosta scabriceps,-34.982395,138.509677
2337282,2337282,Maxillicosta scabriceps,-34.99132,138.509336
2337282,2337282,Maxillicosta scabriceps,-34.8844,138.483033
2337282,2337282,Maxillicosta scabriceps,-34.981568,138.509566
2337282,2337282,Maxillicosta scabriceps,-34.991653,138.509583
2337282,2337282,Maxillicosta scabriceps,-34.98144,138.510197
2337282,2337282,Maxillicosta scabriceps,-35.031311,138.517865
2337282,2337282,Maxillicosta scabriceps,-34.985168,138.509842
2337282,2337282,Maxillicosta scabriceps,-35.004242,138.511428
2337282,2337282,Maxillicosta scabriceps,-34.981663,138.509626
2337282,2337282,Maxillicosta scabriceps,-35.148798,138.47032
2337282,2337282,Maxillicosta scabriceps,-35.286425,138.444564
2337282,2337282,Maxillicosta scabriceps,-34.870181,138.479012
2337282,2337282,Maxillicosta scabriceps,-34.998847,138.510803
2337282,2337282,Maxillicosta scabriceps,-34.991875,138.509597
2337282,2337282,Maxillicosta scabriceps,-34.87426,138.480669
2337282,2337282,Maxillicosta scabriceps,-34.984576,138.509836
2337282,2337282,Maxillicosta scabriceps,-35.005092,138.511458
2337282,2337282,Maxillicosta scabriceps,-34.991883,138.50959
2337282,2337282,Maxillicosta scabriceps,-34.814844,138.491039
2337282,2337282,Maxillicosta scabriceps,-35.029986,138.515945
2337282,2337282,Maxillicosta scabriceps,-34.98271,138.51001
2337282,2337282,Maxillicosta scabriceps,-35.159211,138.469582
2337282,2337282,Maxillicosta scabriceps,-34.913743,138.496779
2337282,2337282,Maxillicosta scabriceps,-34.844697,138.476778
2337282,2337282,Maxillicosta scabriceps,-35.154709,138.46884
2337282,2337282,Maxillicosta scabriceps,-35.023664,138.516286
2337282,2337282,Maxillicosta scabriceps,-35.150021,138.468248
2337282,2337282,Maxillicosta scabriceps,-35.01369,138.513189
2337282,2337282,Maxillicosta scabriceps,-34.919498,138.492619
2337282,2337282,Maxillicosta scabriceps,-34.839668,138.477653
2337282,2337282,Maxillicosta scabriceps,-35.236192,138.469605
2337282,2337282,Maxillicosta scabriceps,-34.866328,138.477978
2337282,2337282,Maxillicosta scabriceps,-34.853203,138.475847
2337282,2337282,Maxillicosta scabriceps,-34.89027,138.484969
2337282,2337282,Maxillicosta scabriceps,-35.017916,138.514468
2337282,2337282,Maxillicosta scabriceps,-35.015172,138.513718
2337282,2337282,Maxillicosta scabriceps,-34.919774,138.49192
2337282,2337282,Maxillicosta scabriceps,-35.01511,138.513564
2337282,2337282,Maxillicosta scabriceps,-34.814139,138.491044
2337282,2337282,Maxillicosta scabriceps,-34.872102,138.479463
2337282,2337282,Maxillicosta scabriceps,-35.252225,138.461838
2337282,2337282,Maxillicosta scabriceps,-34.983999,138.510192
2337282,2337282,Maxillicosta scabriceps,-35.016302,138.513987
2337282,2337282,Maxillicosta scabriceps,-34.98654,138.509779
2337282,2337282,Maxillicosta scabriceps,-34.927383,138.495925
2337282,2337282,Maxillicosta scabriceps,-34.984323,138.510225
2337282,2337282,Maxillicosta scabriceps,-34.839214,138.477482
2337282,2337282,Maxillicosta scabriceps,-34.860072,138.476885
2337282,2337282,Maxillicosta scabriceps,-34.836921,138.47825
2337282,2337282,Maxillicosta scabriceps,-35.022591,138.515692
2337282,2337282,Maxillicosta scabriceps,-35.033649,138.51679
2337282,2337282,Maxillicosta scabriceps,-35.017796,138.514404
2337282,2337282,Maxillicosta scabriceps,-34.927892,138.495483
2337282,2337282,Maxillicosta scabriceps,-34.868543,138.478075
2337282,2337282,Maxillicosta scabriceps,-34.913845,138.492217
2337282,2337282,Maxillicosta scabriceps,-35.020737,138.515018
2337282,2337282,Maxillicosta scabriceps,-35.280797,138.443122
2337282,2337282,Maxillicosta scabriceps,-34.87379,138.480464
2337282,2337282,Maxillicosta scabriceps,-34.836921,138.47825
2337282,2337282,Maxillicosta scabriceps,-34.945302,138.504435
2337282,2337282,Maxillicosta scabriceps,-34.939414,138.498179
2337282,2337282,Maxillicosta scabriceps,-34.984158,138.510207
2337282,2337282,Maxillicosta scabriceps,-35.148601,138.467451
2337282,2337282,Maxillicosta scabriceps,-34.992178,138.509716
2337282,2337282,Maxillicosta scabriceps,-34.851186,138.475231
2337282,2337282,Maxillicosta scabriceps,-34.852403,138.4754
2337282,2337282,Maxillicosta scabriceps,-34.813856,138.490997
2337282,2337282,Maxillicosta scabriceps,-34.872938,138.479791
2337282,2337282,Maxillicosta scabriceps,-35.016117,138.513947
2337282,2337282,Maxillicosta scabriceps,-35.017794,138.514403
2337282,2337282,Maxillicosta scabriceps,-35.020867,138.515017
2337282,2337282,Maxillicosta scabriceps,-35.035418,138.51625
2337282,2337282,Maxillicosta scabriceps,-34.923467,138.49405
2337282,2337282,Maxillicosta scabriceps,-34.834159,138.479518
2337282,2337282,Maxillicosta scabriceps,-34.980972,138.509663
2337282,2337282,Maxillicosta scabriceps,-34.813856,138.490997
2337282,2337282,Maxillicosta scabriceps,-34.813792,138.491217
2337282,2337282,Maxillicosta scabriceps,-34.992192,138.509658
2337282,2337282,Maxillicosta scabriceps,-35.258022,138.461147
2337282,2337282,Maxillicosta scabriceps,-34.901954,138.487787
2337282,2337282,Maxillicosta scabriceps,-34.846055,138.47655
2337282,2337282,Maxillicosta scabriceps,-34.987436,138.509541
2337282,2337282,Maxillicosta scabriceps,-34.984351,138.510401
2337282,2337282,Maxillicosta scabriceps,-34.814844,138.491039
2337282,2337282,Maxillicosta scabriceps,-34.985141,138.510212
2337282,2337282,Maxillicosta scabriceps,-34.919774,138.49192
2337282,2337282,Maxillicosta scabriceps,-35.016056,138.513732
2337282,2337282,Maxillicosta scabriceps,-34.977263,138.509459
2337282,2337282,Maxillicosta scabriceps,-35.150063,138.468472
2337282,2337282,Maxillicosta scabriceps,-34.871234,138.479443
2337282,2337282,Maxillicosta scabriceps,-35.018355,138.514573
2337282,2337282,Maxillicosta scabriceps,-34.604944,137.880842
2337282,2337282,Maxillicosta scabriceps,-34.857802,138.476683
2337282,2337282,Maxillicosta scabriceps,-34.902342,138.487944
2337282,2337282,Maxillicosta scabriceps,-34.849377,138.474972
2337282,2337282,Maxillicosta scabriceps,-34.993183,138.509724
2337282,2337282,Maxillicosta scabriceps,-34.875211,138.480859
2337282,2337282,Maxillicosta scabriceps,-34.848139,138.476397
2337282,2337282,Maxillicosta scabriceps,-34.874702,138.480688
2337282,2337282,Maxillicosta scabriceps,-35.030393,138.515887
2337282,2337282,Maxillicosta scabriceps,-34.812311,138.488217
2337282,2337282,Maxillicosta scabriceps,-34.86975,138.478554
2337282,2337282,Maxillicosta scabriceps,-34.984411,138.510206
2337282,2337282,Maxillicosta scabriceps,-35.153342,138.469152
2337282,2337282,Maxillicosta scabriceps,-35.036041,138.516263
2337282,2337282,Maxillicosta scabriceps,-34.848428,138.475662
2337282,2337282,Maxillicosta scabriceps,-35.178352,138.466227
2337282,2337282,Maxillicosta scabriceps,-34.813856,138.490997
2337282,2337282,Maxillicosta scabriceps,-34.857858,138.476447
2337282,2337282,Maxillicosta scabriceps,-34.814844,138.491039
2337282,2337282,Maxillicosta scabriceps,-35.148365,138.467369
2337282,2337282,Maxillicosta scabriceps,-35.031897,138.516846
2337282,2337282,Maxillicosta scabriceps,-34.882072,138.48232
2337282,2337282,Maxillicosta scabriceps,-34.846237,138.476988
2337282,2337282,Maxillicosta scabriceps,-35.350606,138.440614
2337282,2337282,Maxillicosta scabriceps,-35.017822,138.514358
2337282,2337282,Maxillicosta scabriceps,-34.813792,138.491217
2337282,2337282,Maxillicosta scabriceps,-35.006572,138.511642
2337282,2337282,Maxillicosta scabriceps,-34.852376,138.475383
2337282,2337282,Maxillicosta scabriceps,-34.925925,138.494872
2337282,2337282,Maxillicosta scabriceps,-34.89027,138.484969
2337282,2337282,Maxillicosta scabriceps,-34.936935,138.497244
2337282,2337282,Maxillicosta scabriceps,-34.83777,138.477954
2337282,2337282,Maxillicosta scabriceps,-35.158264,138.469278
2337282,2337282,Maxillicosta scabriceps,-34.854775,138.475486
2337282,2337282,Maxillicosta scabriceps,-34.84612,138.476805
2337282,2337282,Maxillicosta scabriceps,-35.017223,138.514224
2337282,2337282,Maxillicosta scabriceps,-34.422441,137.922442
2337282,2337282,Maxillicosta scabriceps,-34.606368,137.882207
2337282,2337282,Maxillicosta scabriceps,-35.003097,138.511026
2337282,2337282,Maxillicosta scabriceps,-34.854117,138.475077
2337282,2337282,Maxillicosta scabriceps,-34.984895,138.510182
2337282,2337282,Maxillicosta scabriceps,-34.606537,137.88251
2337282,2337282,Maxillicosta scabriceps,-35.155788,138.46842
2337282,2337282,Maxillicosta scabriceps,-35.01952,138.514697
2337282,2337282,Maxillicosta scabriceps,-34.866278,138.477936
2337282,2337282,Maxillicosta scabriceps,-34.855599,138.476088
2337282,2337282,Maxillicosta scabriceps,-35.002076,138.51124
2337282,2337282,Maxillicosta scabriceps,-34.851269,138.475172
2337282,2337282,Maxillicosta scabriceps,-35.033832,138.516304
2337282,2337282,Maxillicosta scabriceps,-34.938117,138.497507
2337282,2337282,Maxillicosta scabriceps,-34.852839,138.475625
2337282,2337282,Maxillicosta scabriceps,-35.017869,138.514297
2337282,2337282,Maxillicosta scabriceps,-34.985977,138.51008
2337282,2337282,Maxillicosta scabriceps,-34.919774,138.49192
2337282,2337282,Maxillicosta scabriceps,-35.03408,138.516005
2337282,2337282,Maxillicosta scabriceps,-35.151563,138.468626
2337282,2337282,Maxillicosta scabriceps,-35.186108,138.467378
2337282,2337282,Maxillicosta scabriceps,-34.907819,138.489483
2337282,2337282,Maxillicosta scabriceps,-35.021493,138.514791
2337282,2337282,Maxillicosta scabriceps,-35.0304,138.516592
2337282,2337282,Maxillicosta scabriceps,-35.017861,138.514028
2337282,2337282,Maxillicosta scabriceps,-35.01717,138.514426
2337282,2337282,Maxillicosta scabriceps,-35.029795,138.51628
2337282,2337282,Maxillicosta scabriceps,-38.365596,144.823095
2337282,2337282,Maxillicosta scabriceps,-38.366042,144.822982
2337282,2337282,Maxillicosta scabriceps,-32.137106,115.745968
2337282,2337282,Maxillicosta scabriceps,-35.149323,138.464718
2337282,2337282,Maxillicosta scabriceps,-35.149199,138.464413
2337282,2337282,Maxillicosta scabriceps,-38.365596,144.823095
2337282,2337282,Maxillicosta scabriceps,-35.148976,138.465195
2337282,2337282,Maxillicosta scabriceps,-35.084907,137.750081
2337282,2337282,Maxillicosta scabriceps,-38.35729,144.772201
2337282,2337282,Maxillicosta scabriceps,-38.146049,145.114326
2337282,2337282,Maxillicosta scabriceps,-32.005384,115.747928
2337282,2337282,Maxillicosta scabriceps,-32.056783,115.73694
2337282,2337282,Maxillicosta scabriceps,-32.137439,115.743122
2337282,2337282,Maxillicosta scabriceps,-32.137436,115.742594
2337282,2337282,Maxillicosta scabriceps,-38.335571,144.747486
2337282,2337282,Maxillicosta scabriceps,-35.149144,138.464727
2337282,2337282,Maxillicosta scabriceps,-38.146049,145.114326
2337282,2337282,Maxillicosta scabriceps,-38.318527,144.713311
2337282,2337282,Maxillicosta scabriceps,-35.08476,137.749808
2337282,2337282,Maxillicosta scabriceps,-38.145578,145.113072
2337282,2337282,Maxillicosta scabriceps,-32.03647,115.743078
2337282,2337282,Maxillicosta scabriceps,-32.056749,115.735524
2337282,2337282,Maxillicosta scabriceps,-35.5208,138.185046
2337282,2337282,Maxillicosta scabriceps,-38.317788,144.713655
2337282,2337282,Maxillicosta scabriceps,-32.051704,115.725791
2337282,2337282,Maxillicosta scabriceps,-32.05178,115.726265
2337282,2337282,Maxillicosta scabriceps,-32.137192,115.744833
2337282,2337282,Maxillicosta scabriceps,-32.256443,115.747844
2337282,2337282,Maxillicosta scabriceps,-38.356234,144.772117
2337282,2337282,Maxillicosta scabriceps,-35.149249,138.464244
2337282,2337282,Maxillicosta scabriceps,-32.007156,115.749097
2337282,2337282,Maxillicosta scabriceps,-32.1195,115.759127
2337282,2337282,Maxillicosta scabriceps,-32.256657,115.748448
2337282,2337282,Maxillicosta scabriceps,-32.117129,115.760262
2337282,2337282,Maxillicosta scabriceps,-32.00664,115.748836
2337282,2337282,Maxillicosta scabriceps,-35.036618,117.912728
2337282,2337282,Maxillicosta scabriceps,-32.004076,115.749172
2337282,2337282,Maxillicosta scabriceps,-32.25594,115.747067
2337282,2337282,Maxillicosta scabriceps,-38.145668,145.113379
2337282,2337282,Maxillicosta scabriceps,-38.145749,145.113589
2337282,2337282,Maxillicosta scabriceps,-32.027966,115.770874
2337282,2337282,Maxillicosta scabriceps,-35.149249,138.464244
2337282,2337282,Maxillicosta scabriceps,-35.522854,138.185421
2337282,2337282,Maxillicosta scabriceps,-38.27964,144.607219
2337282,2337282,Maxillicosta scabriceps,-38.145524,145.113034
2337282,2337282,Maxillicosta scabriceps,-38.145535,145.11316
2337282,2337282,Maxillicosta scabriceps,-32.272098,115.722343
2337282,2337282,Maxillicosta scabriceps,-38.167577,144.716144
2337282,2337282,Maxillicosta scabriceps,-33.643923,115.344616
2337282,2337282,Maxillicosta scabriceps,-32.053333,115.726112
2337282,2337282,Maxillicosta scabriceps,-35.149249,138.464244
2337282,2337282,Maxillicosta scabriceps,-32.135839,115.747037
2337282,2337282,Maxillicosta scabriceps,-38.357483,144.772842
2337282,2337282,Maxillicosta scabriceps,-38.368285,144.822606
2337282,2337282,Maxillicosta scabriceps,-37.928357,144.988096
2337282,2337282,Maxillicosta scabriceps,-38.356869,144.77354
2337282,2337282,Maxillicosta scabriceps,-32.105857,115.760129
2337282,2337282,Maxillicosta scabriceps,-38.145018,145.11522
2337282,2337282,Maxillicosta scabriceps,-37.930731,144.988103
2337282,2337282,Maxillicosta scabriceps,-38.358122,144.773321
2337282,2337282,Maxillicosta scabriceps,-35.521265,138.185314
2337282,2337282,Maxillicosta scabriceps,-35.08478,137.749204
2337282,2337282,Maxillicosta scabriceps,-33.631478,115.338792
2337282,2337282,Maxillicosta scabriceps,-33.630405,115.338628
2337282,2337282,Maxillicosta scabriceps,-33.631478,115.338792
2337282,2337282,Maxillicosta scabriceps,-38.36,144.769
2337282,2337282,Maxillicosta scabriceps,-38.356554,144.773596
2337282,2337282,Maxillicosta scabriceps,-38.356554,144.773596
2337282,2337282,Maxillicosta scabriceps,-38.356554,144.773596
2337282,2337282,Maxillicosta scabriceps,-38.356554,144.773596
2337282,2337282,Maxillicosta scabriceps,-38.356554,144.773596
2337282,2337282,Maxillicosta scabriceps,-38.2739,144.759
2337282,2337282,Maxillicosta scabriceps,-38.3586,144.774
2337282,2337282,Maxillicosta scabriceps,-38.1828,144.719
2337282,2337282,Maxillicosta scabriceps,-38.212033,145.034071
2337282,2337282,Maxillicosta scabriceps,-38.2739,144.759
2337282,2337282,Maxillicosta scabriceps,-38.3586,144.774
2337282,2337282,Maxillicosta scabriceps,-38.212081,145.034252
2337282,2337282,Maxillicosta scabriceps,-35.6755,136.9391
2337282,2337282,Maxillicosta scabriceps,-35.67547,136.93909
2337282,2337282,Maxillicosta scabriceps,-38.2739,144.759
2337282,2337282,Maxillicosta scabriceps,-35.407833,137.911
2337282,2337282,Maxillicosta scabriceps,-35.407833,137.911
2337282,10494631,Maxillicosta scabriceps,-35.40783,137.911
2337282,10494631,Maxillicosta scabriceps,-35.40783,137.911
2337282,2337282,Maxillicosta scabriceps,-35.407833,137.911
2337282,2337282,Maxillicosta scabriceps,-35.407833,137.911
2337282,2337282,Maxillicosta scabriceps,-38.2739,144.759
2337282,2337282,Maxillicosta scabriceps,-35.13,150.75
2337282,2337282,Maxillicosta scabriceps,-38.17,144.72
2337282,2337282,Maxillicosta scabriceps,-38.1703,144.72
2337282,2337282,Maxillicosta scabriceps,-38.3572,144.779
2337282,2337282,Maxillicosta scabriceps,-33.635,137.61
2337282,2337282,Maxillicosta scabriceps,-33.02653,137.77155
2337282,2337282,Maxillicosta scabriceps,-33.15575,137.69382
2337282,2337282,Maxillicosta scabriceps,-33.15575,137.69382
2337282,2337282,Maxillicosta scabriceps,-33.26809,137.55425
2337282,2337282,Maxillicosta scabriceps,-33.635,137.61
2337282,2337282,Maxillicosta scabriceps,-33.02653,137.77155
2337282,2337282,Maxillicosta scabriceps,-33.15575,137.69382
2337282,2337282,Maxillicosta scabriceps,-33.15575,137.69382
2337282,2337282,Maxillicosta scabriceps,-33.26809,137.55425
2337282,2337282,Maxillicosta scabriceps,-33.27073,137.64368
2337282,2337282,Maxillicosta scabriceps,-35.4079,137.911
2337282,2337282,Maxillicosta scabriceps,-35.2818,138.16
2337282,2337282,Maxillicosta scabriceps,-35.4453,137.945
2337282,2337282,Maxillicosta scabriceps,-35.4453,137.945
2337282,2337282,Maxillicosta scabriceps,-35.0244,138.005
2337282,2337282,Maxillicosta scabriceps,-35.0244,138.005
2337282,2337282,Maxillicosta scabriceps,-38.1703,144.72
2337282,2337282,Maxillicosta scabriceps,-38.1703,144.72
2337282,2337282,Maxillicosta scabriceps,-38.1703,144.72
2337282,2337282,Maxillicosta scabriceps,-33.4283,137.493
2337282,2337282,Maxillicosta scabriceps,-33.4283,137.493
2337282,2337282,Maxillicosta scabriceps,-33.4283,137.493
2337282,2337282,Maxillicosta scabriceps,-33.4283,137.493
2337282,2337282,Maxillicosta scabriceps,-33.8308,137.537
2337282,2337282,Maxillicosta scabriceps,-33.605,137.483
2337282,2337282,Maxillicosta scabriceps,-33.605,137.483
2337282,2337282,Maxillicosta scabriceps,-33.8308,137.537
2337282,2337282,Maxillicosta scabriceps,-33.605,137.483
2337282,2337282,Maxillicosta scabriceps,-33.605,137.483
2337282,2337282,Maxillicosta scabriceps,-33.605,137.483
2337282,2337282,Maxillicosta scabriceps,-33.605,137.483
2337282,2337282,Maxillicosta scabriceps,-33.185,137.6
2337282,2337282,Maxillicosta scabriceps,-33.605,137.483
2337282,2337282,Maxillicosta scabriceps,-33.605,137.483
2337282,2337282,Maxillicosta scabriceps,-33.605,137.483
2337282,2337282,Maxillicosta scabriceps,-33.605,137.483
2337282,2337282,Maxillicosta scabriceps,-33.605,137.483
2337282,2337282,Maxillicosta scabriceps,-33.605,137.483
2337282,2337282,Maxillicosta scabriceps,-33.605,137.483
2337282,2337282,Maxillicosta scabriceps,-33.605,137.483
2337282,2337282,Maxillicosta scabriceps,-33.605,137.483
2337282,2337282,Maxillicosta scabriceps,-33.185,137.6
2337282,2337282,Maxillicosta scabriceps,-33.605,137.483
2337282,2337282,Maxillicosta scabriceps,-33.8308,137.537
2337282,2337282,Maxillicosta scabriceps,-33.605,137.483
2337282,2337282,Maxillicosta scabriceps,-33.605,137.483
2337282,2337282,Maxillicosta scabriceps,-33.605,137.483
2337282,2337282,Maxillicosta scabriceps,-33.605,137.483
2337282,2337282,Maxillicosta scabriceps,-33.605,137.483
2337282,2337282,Maxillicosta scabriceps,-33.8308,137.537
2337282,2337282,Maxillicosta scabriceps,-33.605,137.483
2337282,2337282,Maxillicosta scabriceps,-33.8308,137.537
2337282,2337282,Maxillicosta scabriceps,-33.605,137.483
2337282,2337282,Maxillicosta scabriceps,-33.4283,137.493
2337282,2337282,Maxillicosta scabriceps,-33.185,137.6
2337282,2337282,Maxillicosta scabriceps,-33.8308,137.537
2337282,2337282,Maxillicosta scabriceps,-33.185,137.6
2337282,2337282,Maxillicosta scabriceps,-33.8308,137.537
2337282,2337282,Maxillicosta scabriceps,-33.8308,137.537
2337282,2337282,Maxillicosta scabriceps,-33.8308,137.537
2337282,2337282,Maxillicosta scabriceps,-33.185,137.6
2337282,2337282,Maxillicosta scabriceps,-33.8308,137.537
2337282,2337282,Maxillicosta scabriceps,-33.8308,137.537
2337282,2337282,Maxillicosta scabriceps,-33.8308,137.537
2337282,2337282,Maxillicosta scabriceps,-33.8308,137.537
2337282,10494631,Maxillicosta scabriceps,-33.605,137.48334
2337282,10494631,Maxillicosta scabriceps,-33.185,137.6
2337282,10494631,Maxillicosta scabriceps,-33.605,137.48334
2337282,2337282,Maxillicosta scabriceps,-34.912657,137.951398
2337282,2337282,Maxillicosta scabriceps,-35.089401,138.265858
2337282,2337282,Maxillicosta scabriceps,-35.089401,138.265858
2337282,2337282,Maxillicosta scabriceps,-35.261838,138.39613
2337282,2337282,Maxillicosta scabriceps,-35.261838,138.39613
2337282,2337282,Maxillicosta scabriceps,-35.088409,138.266772
2337282,2337282,Maxillicosta scabriceps,-35.088409,138.266772
2337282,2337282,Maxillicosta scabriceps,-34.912657,137.951398
2337282,2337282,Maxillicosta scabriceps,-35.089401,138.265858
2337282,2337282,Maxillicosta scabriceps,-35.089401,138.265858
2337282,2337282,Maxillicosta scabriceps,-35.261838,138.39613
2337282,2337282,Maxillicosta scabriceps,-35.261838,138.39613
2337282,2337282,Maxillicosta scabriceps,-35.088409,138.266772
2337282,2337282,Maxillicosta scabriceps,-35.088409,138.266772
2337282,2337282,Maxillicosta scabriceps,-37.9236,144.963
2337282,2337282,Maxillicosta scabriceps,-37.9236,144.963
2337282,2337282,Maxillicosta scabriceps,-37.9614,144.776
2337282,2337282,Maxillicosta scabriceps,-35.1324,138.239353
2337282,2337282,Maxillicosta scabriceps,-38.2869,144.802
2337282,2337282,Maxillicosta scabriceps,-38.3233,144.837
2337282,2337282,Maxillicosta scabriceps,-37.9919,144.722
2337282,2337282,Maxillicosta scabriceps,-38.3233,144.837
2337282,2337282,Maxillicosta scabriceps,-37.9919,144.722
2337282,2337282,Maxillicosta scabriceps,-38.2869,144.802
2337282,10494631,Maxillicosta scabriceps,-38.323,144.837
2337282,10494631,Maxillicosta scabriceps,-37.99194,144.72221
2337282,2337282,Maxillicosta scabriceps,-38.32,144.718
2337282,2337282,Maxillicosta scabriceps,-38.27,144.995
2337282,2337282,Maxillicosta scabriceps,-36.0402,138.516
2337282,2337282,Maxillicosta scabriceps,-35.2997,137.636
2337282,2337282,Maxillicosta scabriceps,-34.55,138.166667
2337282,2337282,Maxillicosta scabriceps,-35.033333,117.883333
2337282,2337282,Maxillicosta scabriceps,-35.033333,117.883333
2337282,2337282,Maxillicosta scabriceps,-33.6,137.58
2337282,2337282,Maxillicosta scabriceps,-35.52,137.62
2337282,2337282,Maxillicosta scabriceps,-35.522854,138.185421
2337282,2337282,Maxillicosta scabriceps,-38.28,145.23
2337282,2337282,Maxillicosta scabriceps,-18.85416,117.85917
2337282,2337282,Maxillicosta scabriceps,-35.57,137.63
2337282,2337282,Maxillicosta scabriceps,-35.5,137.5333
2337282,2337282,Maxillicosta scabriceps,-35.4919,137.7086
2337282,2337282,Maxillicosta scabriceps,-32.43,133.48
2337282,2337282,Maxillicosta scabriceps,-33.28,134.6
2337282,2337282,Maxillicosta scabriceps,-35.08,138.52
2337282,2337282,Maxillicosta scabriceps,-32.2833,133.5
2337282,2337282,Maxillicosta scabriceps,-33.3342,134.6464
2337282,2337282,Maxillicosta scabriceps,-35.18,138.1
2337282,2337282,Maxillicosta scabriceps,-35.18,138.1
2337282,2337282,Maxillicosta scabriceps,-33.9792,136.9
2337282,2337282,Maxillicosta scabriceps,-33.8333,137
2337282,2337282,Maxillicosta scabriceps,-33.6,124.79167
2337282,2337282,Maxillicosta scabriceps,-38,145.01666
2337282,2337282,Maxillicosta scabriceps,-38.32,144.72
2337282,2337282,Maxillicosta scabriceps,-35.333332,137.83333
2337282,2337282,Maxillicosta scabriceps,-32.133335,115.75
2337282,2337282,Maxillicosta scabriceps,-38.42,145.28
2337282,2337282,Maxillicosta scabriceps,-32.1,132.97
2337282,2337282,Maxillicosta scabriceps,-33.65,115.333336
2337282,2337282,Maxillicosta scabriceps,-35.05,138.52
2337282,2337282,Maxillicosta scabriceps,-35.0528,138.248
2337282,2337282,Maxillicosta scabriceps,-33.9,137.6
2337282,2337282,Maxillicosta scabriceps,-38.1,144.88
2337282,2337282,Maxillicosta scabriceps,-34.8017,138.36
2337282,2337282,Maxillicosta scabriceps,-35.017144,117.889405
2337282,2337282,Maxillicosta scabriceps,-32.2,115.733333
2337282,2337282,Maxillicosta scabriceps,-32.2,115.733333
2337282,2337282,Maxillicosta scabriceps,-32.316667,133.816667
2337282,2337282,Maxillicosta scabriceps,-32.316667,133.816667
2337282,2337282,Maxillicosta scabriceps,-35.016667,117.883333
2337282,2337282,Maxillicosta scabriceps,-35.016667,117.883333
2337282,2337282,Maxillicosta scabriceps,-32.05,115.73333
2337282,2337282,Maxillicosta scabriceps,-35.6556,137.6408
2337282,2337282,Maxillicosta scabriceps,-35.65,137.63333
2337282,2337282,Maxillicosta scabriceps,-33.75,137.5
2337282,2337282,Maxillicosta scabriceps,-32,115.5
2337282,2337282,Maxillicosta scabriceps,-34.96667,117.95
2337282,2337282,Maxillicosta scabriceps,-34.96667,117.95
2337282,2337282,Maxillicosta scabriceps,-34.96667,117.95
2337282,2337282,Maxillicosta scabriceps,-32.18333,115.71667
2337282,2337282,Maxillicosta scabriceps,-28.5,113.66667
2337282,2337282,Maxillicosta scabriceps,-32.23333,115.76667
2337282,2337282,Maxillicosta scabriceps,-32.18333,115.71667
2337282,2337282,Maxillicosta scabriceps,-35,117.91667
2337282,2337282,Maxillicosta scabriceps,-33.53333,115.01667
2337282,2337282,Maxillicosta scabriceps,-32.03333,115.66667
2337282,2337282,Maxillicosta scabriceps,-32.18333,115.71667
2337282,2337282,Maxillicosta scabriceps,-32.13333,115.73333
2337282,2337282,Maxillicosta scabriceps,-32.25,115.66667
2337282,2337282,Maxillicosta scabriceps,-33.6,115.1
2337282,2337282,Maxillicosta scabriceps,-35.05,117.95
2337282,2337282,Maxillicosta scabriceps,-34.03333,122.05
2337282,2337282,Maxillicosta scabriceps,-32.13333,115.73333
2337282,2337282,Maxillicosta scabriceps,-30.333333,114.883333
2337282,2337282,Maxillicosta scabriceps,-32.05,115.45
2337282,2337282,Maxillicosta scabriceps,-33.5,115.033333
2337282,2337282,Maxillicosta scabriceps,-33.5,115.033333
2337282,2337282,Maxillicosta scabriceps,-32.18333,115.71667
2337282,2337282,Maxillicosta scabriceps,-35,117.95
2337282,2337282,Maxillicosta scabriceps,-35,117.86667
2337282,2337282,Maxillicosta scabriceps,-31.98333,115.75
2337282,2337282,Maxillicosta scabriceps,-35,117.86667
2337282,2337282,Maxillicosta scabriceps,-32.23333,115.68333
2337282,2337282,Maxillicosta scabriceps,-35.133333,116.266667
2337282,2337282,Maxillicosta scabriceps,-34.87,138.2375
2337282,2337282,Maxillicosta scabriceps,-35.58,137.52
2337282,2337282,Maxillicosta scabriceps,-38.8039,137.46190000000001
2337282,2337282,Maxillicosta scabriceps,-33.3,134.58
2337282,2337282,Maxillicosta scabriceps,-34.87,138.2375
