requested_taxonKey,record_taxonKey,species_name,decimalLatitude,decimalLongitude
2337068,2337068,Aetapcus maculatus,-34.0754,137.544525
2337068,2337068,Aetapcus maculatus,-34.075383,137.544665
2337068,2337068,Aetapcus maculatus,-34.075327,137.544307
2337068,2337068,Aetapcus maculatus,-32.057945,115.736865
2337068,2337068,Aetapcus maculatus,-35.158719,137.25598
2337068,2337068,Aetapcus maculatus,-35.114094,137.537105
2337068,2337068,Aetapcus maculatus,-34.891493,138.485434
2337068,2337068,Aetapcus maculatus,-34.932658000000004,138.496597
2337068,2337068,Aetapcus maculatus,-34.788093,138.481974
2337068,2337068,Aetapcus maculatus,-35.023677,138.516148
2337068,2337068,Aetapcus maculatus,-34.915775,138.492508
2337068,2337068,Aetapcus maculatus,-34.902566,138.488095
2337068,2337068,Aetapcus maculatus,-35.037172,138.516153
2337068,2337068,Aetapcus maculatus,-34.788828,138.482584
2337068,2337068,Aetapcus maculatus,-35.030761,138.517197
2337068,2337068,Aetapcus maculatus,-34.788047,138.481135
2337068,2337068,Aetapcus maculatus,-35.021845,138.515333
2337068,2337068,Aetapcus maculatus,-34.832803,138.48104
2337068,2337068,Aetapcus maculatus,-34.836921,138.47825
2337068,2337068,Aetapcus maculatus,-35.041633,138.511122
2337068,2337068,Aetapcus maculatus,-35.042489,138.510208
2337068,2337068,Aetapcus maculatus,-35.150909,138.468551
2337068,2337068,Aetapcus maculatus,-35.033153,138.516906
2337068,2337068,Aetapcus maculatus,-35.018922,138.51477
2337068,2337068,Aetapcus maculatus,-34.921663,138.493497
2337068,2337068,Aetapcus maculatus,-35.153594,138.469215
2337068,2337068,Aetapcus maculatus,-35.075864,138.49621
2337068,2337068,Aetapcus maculatus,-34.846031,138.477081
2337068,2337068,Aetapcus maculatus,-35.037636,138.515414
2337068,2337068,Aetapcus maculatus,-35.078475,138.495998
2337068,2337068,Aetapcus maculatus,-34.890789,138.484683
2337068,2337068,Aetapcus maculatus,-34.800435,138.486746
2337068,2337068,Aetapcus maculatus,-34.845749,138.477059
2337068,2337068,Aetapcus maculatus,-35.115012,138.470882
2337068,2337068,Aetapcus maculatus,-34.867366,138.478432
2337068,2337068,Aetapcus maculatus,-34.979151,138.50998
2337068,2337068,Aetapcus maculatus,-35.153963,138.469108
2337068,2337068,Aetapcus maculatus,-35.18223,138.467287
2337068,2337068,Aetapcus maculatus,-35.423423,138.326148
2337068,2337068,Aetapcus maculatus,-35.039383,138.514855
2337068,2337068,Aetapcus maculatus,-35.342114,138.443188
2337068,2337068,Aetapcus maculatus,-34.82218,138.485567
2337068,2337068,Aetapcus maculatus,-35.036861,138.515883
2337068,2337068,Aetapcus maculatus,-35.423476,138.321865
2337068,2337068,Aetapcus maculatus,-34.979641,138.510139
2337068,2337068,Aetapcus maculatus,-34.945302,138.504435
2337068,2337068,Aetapcus maculatus,-35.152466,138.469044
2337068,2337068,Aetapcus maculatus,-35.006336,138.511628
2337068,2337068,Aetapcus maculatus,-34.864087,138.47792
2337068,2337068,Aetapcus maculatus,-35.016977,138.514147
2337068,2337068,Aetapcus maculatus,-35.186355,138.467378
2337068,2337068,Aetapcus maculatus,-35.021267,138.515
2337068,2337068,Aetapcus maculatus,-35.019333,138.514707
2337068,2337068,Aetapcus maculatus,-34.886871,138.483904
2337068,2337068,Aetapcus maculatus,-34.788047,138.481135
2337068,2337068,Aetapcus maculatus,-34.888456,138.489964
2337068,2337068,Aetapcus maculatus,-34.903723,138.488428
2337068,2337068,Aetapcus maculatus,-34.801753,138.487153
2337068,2337068,Aetapcus maculatus,-35.160446,138.469592
2337068,2337068,Aetapcus maculatus,-35.156069,138.468722
2337068,2337068,Aetapcus maculatus,-34.836921,138.47825
2337068,2337068,Aetapcus maculatus,-34.915547,138.492183
2337068,2337068,Aetapcus maculatus,-35.1149,138.470413
2337068,2337068,Aetapcus maculatus,-35.634495,138.499425
2337068,2337068,Aetapcus maculatus,-34.899024,138.487449
2337068,2337068,Aetapcus maculatus,-34.843416,138.477365
2337068,2337068,Aetapcus maculatus,-34.898903,138.488952
2337068,2337068,Aetapcus maculatus,-34.963003,138.507904
2337068,2337068,Aetapcus maculatus,-35.134722,138.469037
2337068,2337068,Aetapcus maculatus,-34.961102,138.507032
2337068,2337068,Aetapcus maculatus,-35.017075,138.514038
2337068,2337068,Aetapcus maculatus,-34.97639,138.509497
2337068,2337068,Aetapcus maculatus,-35.045214,138.508781
2337068,2337068,Aetapcus maculatus,-34.91278,138.491212
2337068,2337068,Aetapcus maculatus,-34.886857,138.483931
2337068,2337068,Aetapcus maculatus,-35.030003,138.518188
2337068,2337068,Aetapcus maculatus,-35.150909,138.468551
2337068,2337068,Aetapcus maculatus,-34.787886,138.481661
2337068,2337068,Aetapcus maculatus,-34.801872,138.487185
2337068,2337068,Aetapcus maculatus,-34.810695,138.488753
2337068,2337068,Aetapcus maculatus,-35.020014,138.515114
2337068,2337068,Aetapcus maculatus,-34.828633,138.482839
2337068,2337068,Aetapcus maculatus,-35.03781,138.515493
2337068,2337068,Aetapcus maculatus,-35.037456,138.51584
2337068,2337068,Aetapcus maculatus,-35.032912,138.516878
2337068,2337068,Aetapcus maculatus,-35.037561,138.515716
2337068,2337068,Aetapcus maculatus,-35.036785,138.516017
2337068,2337068,Aetapcus maculatus,-35.038044,138.515464
2337068,2337068,Aetapcus maculatus,-35.037567,138.515732
2337068,2337068,Aetapcus maculatus,-35.037697,138.515655
2337068,2337068,Aetapcus maculatus,-35.0381,138.515421
2337068,2337068,Aetapcus maculatus,-34.889592,138.485413
2337068,2337068,Aetapcus maculatus,-35.038109,138.515418
2337068,2337068,Aetapcus maculatus,-35.037519,138.515751
2337068,2337068,Aetapcus maculatus,-35.037294,138.515824
2337068,2337068,Aetapcus maculatus,-35.036039,138.516279
2337068,2337068,Aetapcus maculatus,-35.037706,138.515666
2337068,2337068,Aetapcus maculatus,-35.035653,138.516362
2337068,2337068,Aetapcus maculatus,-35.037659,138.515684
2337068,2337068,Aetapcus maculatus,-35.037093,138.51595
2337068,2337068,Aetapcus maculatus,-35.117267,138.469823
2337068,2337068,Aetapcus maculatus,-34.962066,138.507443
2337068,2337068,Aetapcus maculatus,-35.033303,138.516708
2337068,2337068,Aetapcus maculatus,-35.153643,138.465227
2337068,2337068,Aetapcus maculatus,-34.98228,138.510137
2337068,2337068,Aetapcus maculatus,-35.036966,138.515948
2337068,2337068,Aetapcus maculatus,-34.854435,138.475839
2337068,2337068,Aetapcus maculatus,-35.037456,138.515782
2337068,2337068,Aetapcus maculatus,-35.037153000000004,138.515958
2337068,2337068,Aetapcus maculatus,-35.056133,138.503708
2337068,2337068,Aetapcus maculatus,-35.153643,138.465227
2337068,2337068,Aetapcus maculatus,-34.984146,138.510393
2337068,2337068,Aetapcus maculatus,-35.153643,138.465227
2337068,2337068,Aetapcus maculatus,-34.881561,138.482258
2337068,2337068,Aetapcus maculatus,-35.036636,138.516055
2337068,2337068,Aetapcus maculatus,-35.039905,138.513931
2337068,2337068,Aetapcus maculatus,-34.89027,138.484969
2337068,2337068,Aetapcus maculatus,-34.813519,138.488469
2337068,2337068,Aetapcus maculatus,-35.289436,138.445994
2337068,2337068,Aetapcus maculatus,-35.037997,138.515511
2337068,2337068,Aetapcus maculatus,-34.98058,138.510253
2337068,2337068,Aetapcus maculatus,-35.002664,138.511213
2337068,2337068,Aetapcus maculatus,-35.156007,138.468795
2337068,2337068,Aetapcus maculatus,-35.285586,138.442825
2337068,2337068,Aetapcus maculatus,-35.039634,138.514144
2337068,2337068,Aetapcus maculatus,-34.983871,138.509778
2337068,2337068,Aetapcus maculatus,-34.913743,138.496779
2337068,2337068,Aetapcus maculatus,-34.935728,138.496949
2337068,2337068,Aetapcus maculatus,-34.976277,138.509238
2337068,2337068,Aetapcus maculatus,-35.03697,138.515961
2337068,2337068,Aetapcus maculatus,-34.854823,138.475766
2337068,2337068,Aetapcus maculatus,-35.039343,138.514462
2337068,2337068,Aetapcus maculatus,-34.89027,138.484969
2337068,2337068,Aetapcus maculatus,-34.935211,138.497154
2337068,2337068,Aetapcus maculatus,-35.037462,138.515729
2337068,2337068,Aetapcus maculatus,-34.975815,138.508703
2337068,2337068,Aetapcus maculatus,-35.169834,138.465694
2337068,2337068,Aetapcus maculatus,-35.03682,138.516044
2337068,2337068,Aetapcus maculatus,-34.982364,138.510395
2337068,2337068,Aetapcus maculatus,-35.17778,138.466355
2337068,2337068,Aetapcus maculatus,-34.89027,138.484969
2337068,2337068,Aetapcus maculatus,-34.881596,138.482597
2337068,2337068,Aetapcus maculatus,-35.033117,138.516819
2337068,2337068,Aetapcus maculatus,-34.89027,138.484969
2337068,2337068,Aetapcus maculatus,-34.07495,137.541865
2337068,2337068,Aetapcus maculatus,-34.074953,137.541326
2337068,2337068,Aetapcus maculatus,-38.276634,144.698865
2337068,2337068,Aetapcus maculatus,-35.511085,138.361187
2337068,2337068,Aetapcus maculatus,-34.972851,138.498056
2337068,2337068,Aetapcus maculatus,-38.2767,144.69762
2337068,2337068,Aetapcus maculatus,-35.509488,138.215147
2337068,2337068,Aetapcus maculatus,-35.084717,137.750004
2337068,2337068,Aetapcus maculatus,-38.290193,144.579698
2337068,2337068,Aetapcus maculatus,-35.03638,138.49
2337068,2337068,Aetapcus maculatus,-38.563234,145.360584
2337068,2337068,Aetapcus maculatus,-33.971852,122.271012
2337068,2337068,Aetapcus maculatus,-34.074898,137.540767
2337068,2337068,Aetapcus maculatus,-34.075507,137.54161
2337068,2337068,Aetapcus maculatus,-35.000215,138.281924
2337068,2337068,Aetapcus maculatus,-35.510028,138.214437
2337068,2337068,Aetapcus maculatus,-35.509955,138.214354
2337068,2337068,Aetapcus maculatus,-35.509457,138.218425
2337068,2337068,Aetapcus maculatus,-34.991987,138.326193
2337068,2337068,Aetapcus maculatus,-31.840042,115.74893
2337068,2337068,Aetapcus maculatus,-31.839522,115.748213
2337068,2337068,Aetapcus maculatus,-35.50868,138.21894
2337068,2337068,Aetapcus maculatus,-33.937265,120.167174
2337068,2337068,Aetapcus maculatus,-34.928499,138.600746
2337068,2337068,Aetapcus maculatus,-35.041071,138.50898
2337068,2337068,Aetapcus maculatus,-38.5,145
2337068,2337068,Aetapcus maculatus,-33.952496,120.120313
2337068,2337068,Aetapcus maculatus,-38.827778,143.583328
2337068,2337068,Aetapcus maculatus,-40.230863,148.030687
2337068,2337068,Aetapcus maculatus,-35.52,138.17
2337068,2337068,Aetapcus maculatus,-35.51,138.21
2337068,2337068,Aetapcus maculatus,-35.39,138.35
2337068,2337068,Aetapcus maculatus,-35.52,138.17
2337068,2337068,Aetapcus maculatus,-34.96,138.48
2337068,2337068,Aetapcus maculatus,-40.85,145.5
2337068,2337068,Aetapcus maculatus,-38.5,144.5
2337068,2337068,Aetapcus maculatus,-38.5,145.5
2337068,2337068,Aetapcus maculatus,-35.51,138.21
2337068,2337068,Aetapcus maculatus,-35.51,138.21
2337068,2337068,Aetapcus maculatus,-35.51,138.22
2337068,2337068,Aetapcus maculatus,-35.51,138.22
2337068,2337068,Aetapcus maculatus,-35.083663,137.760989
2337068,2337068,Aetapcus maculatus,-33.5,115.5
2337068,2337068,Aetapcus maculatus,-35.59,138.61
2337068,2337068,Aetapcus maculatus,-35.54,138.69
2337068,2337068,Aetapcus maculatus,-35.59,138.61
2337068,2337068,Aetapcus maculatus,-41,147.5
2337068,2337068,Aetapcus maculatus,-30.5,115
2337068,2337068,Aetapcus maculatus,-35.4,138.33
2337068,2337068,Aetapcus maculatus,-35.51,138.22
2337068,2337068,Aetapcus maculatus,-35.5,138.5
2337068,2337068,Aetapcus maculatus,-35.51,138.21
2337068,2337068,Aetapcus maculatus,-38.28,144.7
2337068,2337068,Aetapcus maculatus,-41,147
2337068,2337068,Aetapcus maculatus,-40.44,144.94
2337068,2337068,Aetapcus maculatus,-38.3021,144.6587
2337068,2337068,Aetapcus maculatus,-38.2767,144.6976
2337068,2337068,Aetapcus maculatus,-38.32,144.72
2337068,2337068,Aetapcus maculatus,-38.2767,144.6976
2337068,2337068,Aetapcus maculatus,-38.2767,144.6976
2337068,2337068,Aetapcus maculatus,-38.5,144.5
2337068,2337068,Aetapcus maculatus,-38.5,144.5
2337068,2337068,Aetapcus maculatus,-38.2777,144.6236
2337068,2337068,Aetapcus maculatus,-38.277716,144.62365
2337068,2337068,Aetapcus maculatus,-30.29,114.97
2337068,2337068,Aetapcus maculatus,-38.28,144.7
2337068,2337068,Aetapcus maculatus,-38.28,144.7
2337068,2337068,Aetapcus maculatus,-38.28,144.7
2337068,2337068,Aetapcus maculatus,-39.4653,147.28708
2337068,2337068,Aetapcus maculatus,-39.49295,147.34215
2337068,2337068,Aetapcus maculatus,-34.933373,137.352824
2337068,2337068,Aetapcus maculatus,-34.933512,137.352625
2337068,2337068,Aetapcus maculatus,-32,115.5
2337068,2337068,Aetapcus maculatus,-35.044,138.507
2337068,2337068,Aetapcus maculatus,-35.044,138.507
2337068,2337068,Aetapcus maculatus,-32,115.5
2337068,2337068,Aetapcus maculatus,-35.759617,136.969618
2337068,2337068,Aetapcus maculatus,-35.65483,137.643436
2337068,2337068,Aetapcus maculatus,-38.2767,144.698
2337068,2337068,Aetapcus maculatus,-38.5651,145.362
2337068,2337068,Aetapcus maculatus,-37.8658,144.876
2337068,2337068,Aetapcus maculatus,-35.653089,137.63397
2337068,2337068,Aetapcus maculatus,-38.4164,144.196
2337068,2337068,Aetapcus maculatus,-38.3173,144.717
2337068,2337068,Aetapcus maculatus,-38.2802,144.625
2337068,2337068,Aetapcus maculatus,-38.2873,144.62
2337068,2337068,Aetapcus maculatus,-38.2767,144.698
2337068,2337068,Aetapcus maculatus,-38.5288,145.223
2337068,2337068,Aetapcus maculatus,-38.6753,145.661
2337068,2337068,Aetapcus maculatus,-38.2901,144.623
2337068,2337068,Aetapcus maculatus,-38.5288,145.223
2337068,2337068,Aetapcus maculatus,-34.05,137.5667
2337068,2337068,Aetapcus maculatus,-34.05,137.5667
2337068,2337068,Aetapcus maculatus,-39.0361,146.47
2337068,2337068,Aetapcus maculatus,-38.9916,146.255
2337068,2337068,Aetapcus maculatus,-35.582431,137.116334
2337068,2337068,Aetapcus maculatus,-41.06141,146.7097
2337068,2337068,Aetapcus maculatus,-40.7665,145.30836
2337068,2337068,Aetapcus maculatus,-41.09892,146.64201
2337068,2337068,Aetapcus maculatus,-41.09892,146.64201
2337068,2337068,Aetapcus maculatus,-34.93,137.35
2337068,2337068,Aetapcus maculatus,-35.4,138.33
2337068,2337068,Aetapcus maculatus,-35.93,137.35
2337068,2337068,Aetapcus maculatus,-35.544632,135.019482
2337068,2337068,Aetapcus maculatus,-35.24614,138.112952
2337068,2337068,Aetapcus maculatus,-38.3178,144.714
2337068,2337068,Aetapcus maculatus,-33.27,137.67
2337068,2337068,Aetapcus maculatus,-38.3178,144.714
2337068,2337068,Aetapcus maculatus,-35.17,137.92
2337068,2337068,Aetapcus maculatus,-32.52,133.3
2337068,2337068,Aetapcus maculatus,-41.05,146.73333
2337068,2337068,Aetapcus maculatus,-38.48,145.03
2337068,2337068,Aetapcus maculatus,-38.276634,144.698865
2337068,2337068,Aetapcus maculatus,-35.733334,137.96666
2337068,2337068,Aetapcus maculatus,-35.666668,137.65
2337068,2337068,Aetapcus maculatus,-38.316666,144.71666
2337068,2337068,Aetapcus maculatus,-38.316666,144.71666
2337068,2337068,Aetapcus maculatus,-38.316666,144.71666
2337068,2337068,Aetapcus maculatus,-41.06665,145.9
2337068,2337068,Aetapcus maculatus,-41.05,146.783333
2337068,2337068,Aetapcus maculatus,-41.05,146.783333
2337068,2337068,Aetapcus maculatus,-41.08332,146.8
2337068,2337068,Aetapcus maculatus,-41.05,146.73333
2337068,2337068,Aetapcus maculatus,-41.06665,146.8
2337068,2337068,Aetapcus maculatus,-41,147.4
2337068,2337068,Aetapcus maculatus,-41.11666,146.82499
2337068,2337068,Aetapcus maculatus,-33.816666,137.66667
2337068,2337068,Aetapcus maculatus,-33.816666,137.66667
2337068,2337068,Aetapcus maculatus,-41.08541,146.7444
2337068,2337068,Aetapcus maculatus,-38.3178,144.714
2337068,2337068,Aetapcus maculatus,-38.27,144.65
2337068,2337068,Aetapcus maculatus,-34.97,138.53
2337068,2337068,Aetapcus maculatus,-41.1375,146.82499
2337068,2337068,Aetapcus maculatus,-41.1,146.65
2337068,2337068,Aetapcus maculatus,-41.08541,146.7444
2337068,2337068,Aetapcus maculatus,-35.15,138.48
2337068,2337068,Aetapcus maculatus,-41.1,146.81666
2337068,2337068,Aetapcus maculatus,-41.06665,146.8
2337068,2337068,Aetapcus maculatus,-35.6,138.1
2337068,2337068,Aetapcus maculatus,-41.18332,146.35
2337068,2337068,Aetapcus maculatus,-35.13,138.47
2337068,2337068,Aetapcus maculatus,-34.92,138.5
2337068,2337068,Aetapcus maculatus,-35.05,138.52
2337068,2337068,Aetapcus maculatus,-34.8,138.5
2337068,2337068,Aetapcus maculatus,-35.05,138.52
2337068,2337068,Aetapcus maculatus,-36.65,139.85
2337068,2337068,Aetapcus maculatus,-34.18,138.15
2337068,2337068,Aetapcus maculatus,-41.08332,146.8
2337068,2337068,Aetapcus maculatus,-35.1667,137.9167
2337068,2337068,Aetapcus maculatus,-35.1667,137.9167
2337068,2337068,Aetapcus maculatus,-35.1667,137.9167
2337068,2337068,Aetapcus maculatus,-34.83,138.48
2337068,2337068,Aetapcus maculatus,-33.6,137.93
2337068,2337068,Aetapcus maculatus,-35.1667,137.9167
2337068,2337068,Aetapcus maculatus,-34.97,138.5
2337068,2337068,Aetapcus maculatus,-35.1667,137.9167
2337068,2337068,Aetapcus maculatus,-38.77,146.33
2337068,2337068,Aetapcus maculatus,-25.333334,113.583336
2337068,2337068,Aetapcus maculatus,-35.65,137.65
2337068,2337068,Aetapcus maculatus,-34.72,135.87
2337068,2337068,Aetapcus maculatus,-35.6556,137.6408
2337068,2337068,Aetapcus maculatus,-41.333332,147.03334
2337068,2337068,Aetapcus maculatus,-38.27,144.67
2337068,2337068,Aetapcus maculatus,-34.933,138.6
2337068,2337068,Aetapcus maculatus,-41.198614,146.571025
2337068,2337068,Aetapcus maculatus,-34.82,138.48
2337068,2337068,Aetapcus maculatus,-35.58,138.75
2337068,2337068,Aetapcus maculatus,-34.78,138.48
2337068,2337068,Aetapcus maculatus,-35.05,138.52
2337068,2337068,Aetapcus maculatus,-35.58,138.75
2337068,2337068,Aetapcus maculatus,-35.6556,137.6408
2337068,2337068,Aetapcus maculatus,-33.33333,115.63333
2337068,2337068,Aetapcus maculatus,-32.28333,115.71667
2337068,2337068,Aetapcus maculatus,-32.05,115.73333
2337068,2337068,Aetapcus maculatus,-31.85,115.75
2337068,2337068,Aetapcus maculatus,-31.83333,115.75
2337068,2337068,Aetapcus maculatus,-34.28333,115.16667
2337068,2337068,Aetapcus maculatus,-34.36667,119.53333
2337068,2337068,Aetapcus maculatus,-34.13333,122.25
2337068,2337068,Aetapcus maculatus,-31.98333,115.76667
2337068,2337068,Aetapcus maculatus,-33.88333,122.03333
2337068,2337068,Aetapcus maculatus,-31.91667,115.75
2337068,2337068,Aetapcus maculatus,-31.86667,115.75
2337068,2337068,Aetapcus maculatus,-32.05,115.73333
2337068,2337068,Aetapcus maculatus,-31.98333,115.76667
2337068,2337068,Aetapcus maculatus,-33.85,115.1
2337068,2337068,Aetapcus maculatus,-31.68333,115.68333
2337068,2337068,Aetapcus maculatus,-32.2,115.66667
2337068,2337068,Aetapcus maculatus,-31.98333,115.75
2337068,2337068,Aetapcus maculatus,-35.833332,138.05
2337068,2337068,Aetapcus maculatus,-38.1,144.88
