requested_taxonKey,record_taxonKey,species_name,decimalLatitude,decimalLongitude
2337294,2337294,Neosebastes longirostris,-17.4872,120.461
2337294,2337294,Neosebastes longirostris,-19.587333,115.607833
2337294,2337294,Neosebastes longirostris,-19.587333,115.607833
2337294,2337294,Neosebastes longirostris,-19.587333,115.607833
2337294,2337294,Neosebastes longirostris,-19.587333,115.607833
2337294,2337294,Neosebastes longirostris,-18.533333,118.28333
2337294,2337294,Neosebastes longirostris,-19.283333,116.266667
2337294,2337294,Neosebastes longirostris,-19.58333,115.6
