requested_taxonKey,record_taxonKey,species_name,decimalLatitude,decimalLongitude
2337297,2337297,Neosebastes bougainvillii,-35.08476,137.749808
2337297,2337297,Neosebastes bougainvillii,-34.1102,114.92836
2337297,2337297,Neosebastes bougainvillii,-34.1102,114.92836
2337297,2337297,Neosebastes bougainvillii,-34.1102,114.92836
2337297,2337297,Neosebastes bougainvillii,-32.005403,115.748103
2337297,2337297,Neosebastes bougainvillii,-35.383495,138.47565
2337297,2337297,Neosebastes bougainvillii,-34.979111,138.494896
2337297,2337297,Neosebastes bougainvillii,-35.399353,138.50622
2337297,2337297,Neosebastes bougainvillii,-35.14222,138.430237
2337297,2337297,Neosebastes bougainvillii,-33.83119,114.86637
2337297,2337297,Neosebastes bougainvillii,-33.68619,114.92387
2337297,2337297,Neosebastes bougainvillii,-33.84369,114.87137
2337297,2337297,Neosebastes bougainvillii,-34.06619,114.91887
2337297,2337297,Neosebastes bougainvillii,-33.81869,114.83387
2337297,2337297,Neosebastes bougainvillii,-34.0612,114.7064
2337297,2337297,Neosebastes bougainvillii,-34.1387,114.7589
2337297,2337297,Neosebastes bougainvillii,-34.976711,138.420939
2337297,2337297,Neosebastes bougainvillii,-35.14222,138.430237
2337297,2337297,Neosebastes bougainvillii,-34.939269,138.453256
2337297,2337297,Neosebastes bougainvillii,-34.939269,138.453256
2337297,2337297,Neosebastes bougainvillii,-34.969247,138.376295
2337297,2337297,Neosebastes bougainvillii,-34.969247,138.376295
2337297,2337297,Neosebastes bougainvillii,-35.73247,138.31296
2337297,2337297,Neosebastes bougainvillii,-35.73247,138.31296
2337297,2337297,Neosebastes bougainvillii,-35.70922,138.31073
2337297,2337297,Neosebastes bougainvillii,-35.70922,138.31073
2337297,2337297,Neosebastes bougainvillii,-35.71207,138.31332
2337297,2337297,Neosebastes bougainvillii,-35.6,138.04
2337297,2337297,Neosebastes bougainvillii,-35.34172,136.88896
2337297,2337297,Neosebastes bougainvillii,-35.34172,136.88896
2337297,2337297,Neosebastes bougainvillii,-35.34172,136.88896
2337297,2337297,Neosebastes bougainvillii,-35.27239,138.42879
2337297,2337297,Neosebastes bougainvillii,-32.05293,115.38052
2337297,2337297,Neosebastes bougainvillii,-31.54988,115.19862
2337297,2337297,Neosebastes bougainvillii,-31.98435,115.3799
2337297,2337297,Neosebastes bougainvillii,-32.05645,115.37385
2337297,2337297,Neosebastes bougainvillii,-31.4778,115.50718
2337297,2337297,Neosebastes bougainvillii,-32.05647,115.40993
2337297,2337297,Neosebastes bougainvillii,-33.57962,114.99415
2337297,2337297,Neosebastes bougainvillii,-33.51035,115.01055
2337297,2337297,Neosebastes bougainvillii,-33.6621,114.9899
2337297,2337297,Neosebastes bougainvillii,-33.50801,115.00969
2337297,2337297,Neosebastes bougainvillii,-33.49619,114.99983
2337297,2337297,Neosebastes bougainvillii,-31.62533,115.23027
2337297,2337297,Neosebastes bougainvillii,-31.64988,115.24777
2337297,2337297,Neosebastes bougainvillii,-31.47667,115.13088
2337297,2337297,Neosebastes bougainvillii,-31.62753,115.23558
2337297,2337297,Neosebastes bougainvillii,-31.49103,115.14058
2337297,2337297,Neosebastes bougainvillii,-31.62362,115.235
2337297,2337297,Neosebastes bougainvillii,-31.63082,115.23765
2337297,2337297,Neosebastes bougainvillii,-31.64087,115.2428
2337297,2337297,Neosebastes bougainvillii,-34.9159,136.96859
2337297,2337297,Neosebastes bougainvillii,-34.97342,137.91805
2337297,2337297,Neosebastes bougainvillii,-35.17977,137.72866
2337297,2337297,Neosebastes bougainvillii,-33.635,137.61
2337297,2337297,Neosebastes bougainvillii,-33.635,137.61
2337297,2337297,Neosebastes bougainvillii,-33.40694,137.53332
2337297,2337297,Neosebastes bougainvillii,-33.40694,137.53332
2337297,2337297,Neosebastes bougainvillii,-33.635,137.61
2337297,2337297,Neosebastes bougainvillii,-33.635,137.61
2337297,2337297,Neosebastes bougainvillii,-33.40694,137.53332
2337297,2337297,Neosebastes bougainvillii,-33.40694,137.53332
2337297,10508288,Neosebastes bougainvillii,-33.4069,137.533
2337297,10508288,Neosebastes bougainvillii,-33.635,137.61
2337297,10508288,Neosebastes bougainvillii,-33.635,137.61
2337297,2337297,Neosebastes bougainvillii,-34.11704,137.12674
2337297,2337297,Neosebastes bougainvillii,-35.1375,138.268
2337297,2337297,Neosebastes bougainvillii,-32.0462,115.383
2337297,2337297,Neosebastes bougainvillii,-32.058,115.3849
2337297,2337297,Neosebastes bougainvillii,-31.9933,115.3342
2337297,2337297,Neosebastes bougainvillii,-32.0529,115.3805
2337297,2337297,Neosebastes bougainvillii,-31.9896,115.3447
2337297,2337297,Neosebastes bougainvillii,-32.0496,115.3648
2337297,2337297,Neosebastes bougainvillii,-32.0554,115.4045
2337297,2337297,Neosebastes bougainvillii,-32.059,115.3786
2337297,2337297,Neosebastes bougainvillii,-33.6228,137.4989
2337297,2337297,Neosebastes bougainvillii,-33.6228,137.4989
2337297,2337297,Neosebastes bougainvillii,-35.04652,118.18105
2337297,2337297,Neosebastes bougainvillii,-35.05155,118.16637
2337297,2337297,Neosebastes bougainvillii,-34.03673,123.36753
2337297,2337297,Neosebastes bougainvillii,-34.99643,118.23133
2337297,2337297,Neosebastes bougainvillii,-31.8785,115.644
2337297,2337297,Neosebastes bougainvillii,-33.550556,115.100556
2337297,10508288,Neosebastes bougainvillii,-31.917,115.617
2337297,2337297,Neosebastes bougainvillii,-35.089918,117.959909
2337297,2337297,Neosebastes bougainvillii,-31.8785,115.644
2337297,2337297,Neosebastes bougainvillii,-34.982525,138.45243
2337297,2337297,Neosebastes bougainvillii,-35.523434,138.192841
2337297,2337297,Neosebastes bougainvillii,-34.02385,134.47603
2337297,2337297,Neosebastes bougainvillii,-34.02385,134.47603
2337297,10508288,Neosebastes bougainvillii,-34.0238,134.476
2337297,2337297,Neosebastes bougainvillii,-34.05563,123.15767
2337297,2337297,Neosebastes bougainvillii,-33.97283,123.13335
2337297,2337297,Neosebastes bougainvillii,-35.089401,138.265858
2337297,2337297,Neosebastes bougainvillii,-35.089401,138.265858
2337297,10508288,Neosebastes bougainvillii,-35.0894,138.266
2337297,2337297,Neosebastes bougainvillii,-34.978868,138.466506
2337297,2337297,Neosebastes bougainvillii,-34.979715,138.482649
2337297,2337297,Neosebastes bougainvillii,-34.977632,138.48033
2337297,2337297,Neosebastes bougainvillii,-34.980699,138.503764
2337297,2337297,Neosebastes bougainvillii,-34.978024,138.457923
2337297,2337297,Neosebastes bougainvillii,-34.55,138.166667
2337297,2337297,Neosebastes bougainvillii,-34.942009,138.474403
2337297,2337297,Neosebastes bougainvillii,-35.18,138.5
2337297,2337297,Neosebastes bougainvillii,-34.9811,138.4392
2337297,2337297,Neosebastes bougainvillii,-32.43,133.48
2337297,2337297,Neosebastes bougainvillii,-33.28,134.6
2337297,2337297,Neosebastes bougainvillii,-33.016667,115.166667
2337297,2337297,Neosebastes bougainvillii,-32.2833,133.5
2337297,2337297,Neosebastes bougainvillii,-33.016667,115.166667
2337297,2337297,Neosebastes bougainvillii,-33.25,125.4
2337297,2337297,Neosebastes bougainvillii,-33.25,125.4
2337297,2337297,Neosebastes bougainvillii,-33.44166,125.94167
2337297,2337297,Neosebastes bougainvillii,-34.34166,123.70834
2337297,2337297,Neosebastes bougainvillii,-33.78333,125.4
2337297,2337297,Neosebastes bougainvillii,-33.53333,125.4
2337297,2337297,Neosebastes bougainvillii,-33.23333,125.4
2337297,2337297,Neosebastes bougainvillii,-34.43333,123.71667
2337297,2337297,Neosebastes bougainvillii,-33.6,124.8
2337297,2337297,Neosebastes bougainvillii,-33.38333,124.8
2337297,2337297,Neosebastes bougainvillii,-33.91666,124.8
2337297,2337297,Neosebastes bougainvillii,-34.82,134.78
2337297,2337297,Neosebastes bougainvillii,-32.27,131.42
2337297,2337297,Neosebastes bougainvillii,-33.21666,130.88333
2337297,2337297,Neosebastes bougainvillii,-33.00833,131.375
2337297,2337297,Neosebastes bougainvillii,-34.825,134.775
2337297,2337297,Neosebastes bougainvillii,-33.33333,130.18334
2337297,2337297,Neosebastes bougainvillii,-34.40833,134.01667
2337297,2337297,Neosebastes bougainvillii,-34.40833,134.01667
2337297,2337297,Neosebastes bougainvillii,-32.275,131.40834
2337297,2337297,Neosebastes bougainvillii,-32.28333,131.41667
2337297,2337297,Neosebastes bougainvillii,-33.06667,127.18334
2337297,2337297,Neosebastes bougainvillii,-32.3,131.41667
2337297,2337297,Neosebastes bougainvillii,-32.26666,131.45
2337297,2337297,Neosebastes bougainvillii,-32.7,130.8
2337297,2337297,Neosebastes bougainvillii,-32.58333,129.53333
2337297,2337297,Neosebastes bougainvillii,-32.28333,131.41667
2337297,2337297,Neosebastes bougainvillii,-32.28333,131.41667
2337297,2337297,Neosebastes bougainvillii,-33.05,128.5
2337297,2337297,Neosebastes bougainvillii,-33.25,127.21667
2337297,2337297,Neosebastes bougainvillii,-32.28333,131.41667
2337297,2337297,Neosebastes bougainvillii,-32.275,131.425
2337297,2337297,Neosebastes bougainvillii,-33.18333,129.58333
2337297,2337297,Neosebastes bougainvillii,-32.2,129.49167
2337297,2337297,Neosebastes bougainvillii,-34.40833,134.01667
2337297,2337297,Neosebastes bougainvillii,-33.45833,131.35
2337297,2337297,Neosebastes bougainvillii,-33.338333,124.763333
2337297,2337297,Neosebastes bougainvillii,-33.338333,124.763333
2337297,2337297,Neosebastes bougainvillii,-34.248333,124.105
2337297,2337297,Neosebastes bougainvillii,-33.338333,124.763333
2337297,2337297,Neosebastes bougainvillii,-33.338333,124.763333
2337297,2337297,Neosebastes bougainvillii,-34.248333,124.105
2337297,2337297,Neosebastes bougainvillii,-32.28,131.42
2337297,2337297,Neosebastes bougainvillii,-32.196667,131.373333
2337297,2337297,Neosebastes bougainvillii,-32.306667,130.786667
2337297,2337297,Neosebastes bougainvillii,-32.9736,128.9856
2337297,2337297,Neosebastes bougainvillii,-32.25,131.41667
2337297,2337297,Neosebastes bougainvillii,-32.30833,130.775
2337297,2337297,Neosebastes bougainvillii,-32.2,131.36667
2337297,2337297,Neosebastes bougainvillii,-32.21666,131.34167
2337297,2337297,Neosebastes bougainvillii,-32.21666,131.40834
2337297,2337297,Neosebastes bougainvillii,-32.306667,130.786667
2337297,2337297,Neosebastes bougainvillii,-32.28,131.42
2337297,2337297,Neosebastes bougainvillii,-32.196667,131.373333
2337297,2337297,Neosebastes bougainvillii,-32.75833,125.71667
2337297,2337297,Neosebastes bougainvillii,-33.24166,125.74167
2337297,2337297,Neosebastes bougainvillii,-32.73333,125.71667
2337297,2337297,Neosebastes bougainvillii,-33.24166,125.725
2337297,2337297,Neosebastes bougainvillii,-41.15,146.81666
2337297,2337297,Neosebastes bougainvillii,-32.425,132.8
2337297,2337297,Neosebastes bougainvillii,-33.56666,132.98334
2337297,2337297,Neosebastes bougainvillii,-33.56666,132.98334
2337297,2337297,Neosebastes bougainvillii,-33.56666,132.98334
2337297,2337297,Neosebastes bougainvillii,-33.56666,132.98334
2337297,2337297,Neosebastes bougainvillii,-33.56666,132.98334
2337297,2337297,Neosebastes bougainvillii,-33.56666,132.98334
2337297,2337297,Neosebastes bougainvillii,-33.56666,132.98334
2337297,2337297,Neosebastes bougainvillii,-33.56666,132.98334
2337297,2337297,Neosebastes bougainvillii,-33.56666,132.98334
2337297,2337297,Neosebastes bougainvillii,-32.49166,132.825
2337297,2337297,Neosebastes bougainvillii,-33.14166,133.84167
2337297,2337297,Neosebastes bougainvillii,-34.93333,133.875
2337297,2337297,Neosebastes bougainvillii,-34.925,133.85833
2337297,2337297,Neosebastes bougainvillii,-33.56666,132.98334
2337297,2337297,Neosebastes bougainvillii,-33.14166,133.83334
2337297,2337297,Neosebastes bougainvillii,-34.525,133.98334
2337297,2337297,Neosebastes bougainvillii,-33.56666,132.975
2337297,2337297,Neosebastes bougainvillii,-33.56666,132.975
2337297,2337297,Neosebastes bougainvillii,-33.56666,132.975
2337297,2337297,Neosebastes bougainvillii,-33.56666,132.975
2337297,2337297,Neosebastes bougainvillii,-33.56666,132.975
2337297,2337297,Neosebastes bougainvillii,-33.56666,132.975
2337297,2337297,Neosebastes bougainvillii,-33.56666,132.975
2337297,2337297,Neosebastes bougainvillii,-33.56666,132.975
2337297,2337297,Neosebastes bougainvillii,-33.56666,132.975
2337297,2337297,Neosebastes bougainvillii,-34.51666,133.99167
2337297,2337297,Neosebastes bougainvillii,-31.96666,129.95
2337297,2337297,Neosebastes bougainvillii,-31.93333,130.95833
2337297,2337297,Neosebastes bougainvillii,-33.1,131.89167
2337297,2337297,Neosebastes bougainvillii,-32.34167,132.06667
2337297,2337297,Neosebastes bougainvillii,-31.96666,129.95
2337297,2337297,Neosebastes bougainvillii,-31.93333,130.95833
2337297,2337297,Neosebastes bougainvillii,-32.325,132.06667
2337297,2337297,Neosebastes bougainvillii,-32.325,132.06667
2337297,2337297,Neosebastes bougainvillii,-32.78333,128
2337297,2337297,Neosebastes bougainvillii,-32.81666,125.51667
2337297,2337297,Neosebastes bougainvillii,-32.81666,125.51667
2337297,2337297,Neosebastes bougainvillii,-32.81666,125.51667
2337297,2337297,Neosebastes bougainvillii,-32.81666,125.51667
2337297,2337297,Neosebastes bougainvillii,-32.81666,125.51667
2337297,2337297,Neosebastes bougainvillii,-32.81666,125.51667
2337297,2337297,Neosebastes bougainvillii,-32.81666,125.51667
2337297,2337297,Neosebastes bougainvillii,-32.81666,125.51667
2337297,2337297,Neosebastes bougainvillii,-32.81666,125.51667
2337297,2337297,Neosebastes bougainvillii,-32.81666,125.525
2337297,2337297,Neosebastes bougainvillii,-32.79167,125.5
2337297,2337297,Neosebastes bougainvillii,-32.78333,127.99167
2337297,2337297,Neosebastes bougainvillii,-32.125,128.98334
2337297,2337297,Neosebastes bougainvillii,-32.81666,125.51667
2337297,2337297,Neosebastes bougainvillii,-32.125,128.98334
2337297,2337297,Neosebastes bougainvillii,-32.75833,125.40834
2337297,2337297,Neosebastes bougainvillii,-32.78333,125.53333
2337297,2337297,Neosebastes bougainvillii,-32.78333,125.53333
2337297,2337297,Neosebastes bougainvillii,-32.775,125.375
2337297,2337297,Neosebastes bougainvillii,-32.76666,125.60834
2337297,2337297,Neosebastes bougainvillii,-32.76666,125.60834
2337297,2337297,Neosebastes bougainvillii,-32.75833,125.40834
2337297,2337297,Neosebastes bougainvillii,-33.24166,125.50834
2337297,2337297,Neosebastes bougainvillii,-32.775,125.375
2337297,2337297,Neosebastes bougainvillii,-32.775,125.375
2337297,2337297,Neosebastes bougainvillii,-32.775,125.375
2337297,2337297,Neosebastes bougainvillii,-33.15833,125.54167
2337297,2337297,Neosebastes bougainvillii,-33.15833,125.54167
2337297,2337297,Neosebastes bougainvillii,-33.15833,125.54167
2337297,2337297,Neosebastes bougainvillii,-32.78333,125.53333
2337297,2337297,Neosebastes bougainvillii,-32.78333,125.53333
2337297,2337297,Neosebastes bougainvillii,-32.76666,125.60834
2337297,2337297,Neosebastes bougainvillii,-41.083333,148.383333
2337297,2337297,Neosebastes bougainvillii,-33.225,126.525
2337297,2337297,Neosebastes bougainvillii,-32.40833,128.01667
2337297,2337297,Neosebastes bougainvillii,-32.69167,125.50834
2337297,2337297,Neosebastes bougainvillii,-32.4,128.475
2337297,2337297,Neosebastes bougainvillii,-32.475,126.00834
2337297,2337297,Neosebastes bougainvillii,-33.48333,124.56667
2337297,2337297,Neosebastes bougainvillii,-33.18333,125.51667
2337297,2337297,Neosebastes bougainvillii,-32.03333,128.51667
2337297,2337297,Neosebastes bougainvillii,-35.616665,137.25
2337297,2337297,Neosebastes bougainvillii,-35.333332,137.83333
2337297,2337297,Neosebastes bougainvillii,-32.46667,128.475
2337297,2337297,Neosebastes bougainvillii,-32.40833,126.51667
2337297,2337297,Neosebastes bougainvillii,-32.40833,127.01667
2337297,2337297,Neosebastes bougainvillii,-32.40833,127.51667
2337297,2337297,Neosebastes bougainvillii,-32.51667,128.425
2337297,2337297,Neosebastes bougainvillii,-32.48333,128.35833
2337297,2337297,Neosebastes bougainvillii,-32.48333,128.35833
2337297,2337297,Neosebastes bougainvillii,-33.4,124.7
2337297,2337297,Neosebastes bougainvillii,-33.4,124.68334
2337297,2337297,Neosebastes bougainvillii,-33.4,124.61667
2337297,2337297,Neosebastes bougainvillii,-32.46667,128.40833
2337297,2337297,Neosebastes bougainvillii,-33.88333,124.95833
2337297,2337297,Neosebastes bougainvillii,-40,148
2337297,2337297,Neosebastes bougainvillii,-41.166667,146.816667
2337297,2337297,Neosebastes bougainvillii,-35.35916,117.21736
2337297,2337297,Neosebastes bougainvillii,-33.35111,129.50125
2337297,2337297,Neosebastes bougainvillii,-32.34236,128.31778
2337297,2337297,Neosebastes bougainvillii,-34.94194,119.05112
2337297,2337297,Neosebastes bougainvillii,-33.32513,126.54237
2337297,2337297,Neosebastes bougainvillii,-33.69236,132.16736
2337297,2337297,Neosebastes bougainvillii,-33.35,127.57584
2337297,2337297,Neosebastes bougainvillii,-34.01666,132.13334
2337297,2337297,Neosebastes bougainvillii,-34.20833,135.21667
2337297,2337297,Neosebastes bougainvillii,-33.185,124.55125
2337297,2337297,Neosebastes bougainvillii,-33.43472,131.5507
2337297,2337297,Neosebastes bougainvillii,-33.43458,131.22514
2337297,2337297,Neosebastes bougainvillii,-33.29291,129.68347
2337297,2337297,Neosebastes bougainvillii,-33.26777,126.65833
2337297,2337297,Neosebastes bougainvillii,-33.40833,130.46736
2337297,2337297,Neosebastes bougainvillii,-33.51667,131.39278
2337297,2337297,Neosebastes bougainvillii,-33.53444,131.18542
2337297,2337297,Neosebastes bougainvillii,-33.30861,128.6175
2337297,2337297,Neosebastes bougainvillii,-32.00139,128.99264
2337297,2337297,Neosebastes bougainvillii,-33.74306,133.15
2337297,2337297,Neosebastes bougainvillii,-33.47569,131.50139
2337297,2337297,Neosebastes bougainvillii,-35.67,138.23
2337297,2337297,Neosebastes bougainvillii,-33.20014,128.375
2337297,2337297,Neosebastes bougainvillii,-32.83403,133.68445
2337297,2337297,Neosebastes bougainvillii,-32.94167,133.75056
2337297,2337297,Neosebastes bougainvillii,-32.81694,133.68417
2337297,2337297,Neosebastes bougainvillii,-32.24278,132.71
2337297,2337297,Neosebastes bougainvillii,-33.36861,131.12584
2337297,2337297,Neosebastes bougainvillii,-32.75069,131.47653
2337297,2337297,Neosebastes bougainvillii,-33,126.85195
2337297,2337297,Neosebastes bougainvillii,-33.48417,129.25028
2337297,2337297,Neosebastes bougainvillii,-33.02528,129.67653
2337297,2337297,Neosebastes bougainvillii,-33.10986,131.45833
2337297,2337297,Neosebastes bougainvillii,-32.39194,128.05987
2337297,2337297,Neosebastes bougainvillii,-33.33583,128.28389
2337297,2337297,Neosebastes bougainvillii,-33.72569,133.06736
2337297,2337297,Neosebastes bougainvillii,-33.25166,128.14236
2337297,2337297,Neosebastes bougainvillii,-32.75125,132.24264
2337297,2337297,Neosebastes bougainvillii,-35.07652,134.72542
2337297,2337297,Neosebastes bougainvillii,-33.69264,125.66681
2337297,2337297,Neosebastes bougainvillii,-33.23375,127.10944
2337297,2337297,Neosebastes bougainvillii,-31.87611,130.37722
2337297,2337297,Neosebastes bougainvillii,-35.39291,135.13486
2337297,2337297,Neosebastes bougainvillii,-33.53444,132.05209
2337297,2337297,Neosebastes bougainvillii,-33.58514,131.82681
2337297,2337297,Neosebastes bougainvillii,-33.98458,132.40098
2337297,2337297,Neosebastes bougainvillii,-19.60861,117.68528
2337297,2337297,Neosebastes bougainvillii,-31.99347,129.02667
2337297,2337297,Neosebastes bougainvillii,-19.90166,116.61778
2337297,2337297,Neosebastes bougainvillii,-33.16,129.53514
2337297,2337297,Neosebastes bougainvillii,-33.34208,125.99334
2337297,2337297,Neosebastes bougainvillii,-33.31014,126.06667
2337297,2337297,Neosebastes bougainvillii,-33.38458,125.24333
2337297,2337297,Neosebastes bougainvillii,-33.25986,126.40889
2337297,2337297,Neosebastes bougainvillii,-32.4843,127.975
2337297,2337297,Neosebastes bougainvillii,-39.35111,144.15097
2337297,2337297,Neosebastes bougainvillii,-39.81666,144.88431
2337297,2337297,Neosebastes bougainvillii,-39.45236,144.50945
2337297,2337297,Neosebastes bougainvillii,-39.32722,143.85167
2337297,2337297,Neosebastes bougainvillii,-35.36805,117.1425
2337297,2337297,Neosebastes bougainvillii,-35.35069,117.56667
2337297,2337297,Neosebastes bougainvillii,-33.54166,125.86736
2337297,2337297,Neosebastes bougainvillii,-33.18402,130.16722
2337297,2337297,Neosebastes bougainvillii,-33.3,126.225
2337297,2337297,Neosebastes bougainvillii,-33.50861,126.01708000000001
2337297,2337297,Neosebastes bougainvillii,-33.21667,126.32667
2337297,2337297,Neosebastes bougainvillii,-33.80861,133.48445
2337297,2337297,Neosebastes bougainvillii,-39.93458,144.535
2337297,2337297,Neosebastes bougainvillii,-32.83528,133.70834
2337297,2337297,Neosebastes bougainvillii,-33.85875,125.35
2337297,2337297,Neosebastes bougainvillii,-33.28472,128.75028
2337297,2337297,Neosebastes bougainvillii,-33.235,126.8507
2337297,2337297,Neosebastes bougainvillii,-33.11667,128.43389
2337297,2337297,Neosebastes bougainvillii,-32.75,128.25069
2337297,2337297,Neosebastes bougainvillii,-33.76778,125.45
2337297,2337297,Neosebastes bougainvillii,-33.59277,125.51667
2337297,2337297,Neosebastes bougainvillii,-33.09361,126.23431
2337297,2337297,Neosebastes bougainvillii,-33.31917,128.42667
2337297,2337297,Neosebastes bougainvillii,-33.28333,128.64264
2337297,2337297,Neosebastes bougainvillii,-33.20944,126.44292
2337297,2337297,Neosebastes bougainvillii,-33.34278,128.9925
2337297,2337297,Neosebastes bougainvillii,-33.3525,129.22612
2337297,2337297,Neosebastes bougainvillii,-33.31764,128.12528
2337297,2337297,Neosebastes bougainvillii,-33.26736,128.23333
2337297,2337297,Neosebastes bougainvillii,-33.29166,128.57556
2337297,2337297,Neosebastes bougainvillii,-33.41819,126.1
2337297,2337297,Neosebastes bougainvillii,-33.3593,127.91028
2337297,2337297,Neosebastes bougainvillii,-33.28333,127.95945
2337297,2337297,Neosebastes bougainvillii,-33.31917,128.23389
2337297,2337297,Neosebastes bougainvillii,-33.21708,127.99278
2337297,2337297,Neosebastes bougainvillii,-33.35125,129.21042
2337297,2337297,Neosebastes bougainvillii,-33.31763,128.31
2337297,2337297,Neosebastes bougainvillii,-33.26833,127.94306
2337297,2337297,Neosebastes bougainvillii,-33.2843,128.19389
2337297,2337297,Neosebastes bougainvillii,-33.28361,128.22625
2337297,2337297,Neosebastes bougainvillii,-33.34389,128.83542
2337297,2337297,Neosebastes bougainvillii,-33.32625,127.95973
2337297,2337297,Neosebastes bougainvillii,-33.30875,127.86056
2337297,2337297,Neosebastes bougainvillii,-33.335,129.43417
2337297,2337297,Neosebastes bougainvillii,-33.35139,129.02597
2337297,2337297,Neosebastes bougainvillii,-33.2418,126.30889
2337297,2337297,Neosebastes bougainvillii,-33.30903,128.45097
2337297,2337297,Neosebastes bougainvillii,-33.33403,129.2357
2337297,2337297,Neosebastes bougainvillii,-33.26917,126.85125
2337297,2337297,Neosebastes bougainvillii,-33.27611,128.35903
2337297,2337297,Neosebastes bougainvillii,-33.36028,129.11792
2337297,2337297,Neosebastes bougainvillii,-33.26763,127.89278
2337297,2337297,Neosebastes bougainvillii,-33.30194,128.56722
2337297,2337297,Neosebastes bougainvillii,-33.12611,126.56709
2337297,2337297,Neosebastes bougainvillii,-33.25056,128.10236
2337297,2337297,Neosebastes bougainvillii,-33.33444,128.25028
2337297,2337297,Neosebastes bougainvillii,-33.28444,127.5
2337297,2337297,Neosebastes bougainvillii,-33.27583,127.90862
2337297,2337297,Neosebastes bougainvillii,-33.285,128.14278
2337297,2337297,Neosebastes bougainvillii,-33.26806,128.00112
2337297,2337297,Neosebastes bougainvillii,-33.35125,128.92583
2337297,2337297,Neosebastes bougainvillii,-33.35,129.35084
2337297,2337297,Neosebastes bougainvillii,-33.26833,128.08528
2337297,2337297,Neosebastes bougainvillii,-33.29291,128.00959
2337297,2337297,Neosebastes bougainvillii,-33.23402,126.17625
2337297,2337297,Neosebastes bougainvillii,-33.26889,126.45972
2337297,2337297,Neosebastes bougainvillii,-33.31667,128.0425
2337297,2337297,Neosebastes bougainvillii,-33.24222,126.40195
2337297,2337297,Neosebastes bougainvillii,-33.25944,127.54292
2337297,2337297,Neosebastes bougainvillii,-33.36,129.41028
2337297,2337297,Neosebastes bougainvillii,-33.26806,128.17681
2337297,2337297,Neosebastes bougainvillii,-33.26028,128.22681
2337297,2337297,Neosebastes bougainvillii,-33.26736,128.05972
2337297,2337297,Neosebastes bougainvillii,-33.25139,128.40069
2337297,2337297,Neosebastes bougainvillii,-33.26889,128.42709
2337297,2337297,Neosebastes bougainvillii,-33.29305,126.14292
2337297,2337297,Neosebastes bougainvillii,-39.59291,144.71861
2337297,2337297,Neosebastes bougainvillii,-33.26694,128.05875
2337297,2337297,Neosebastes bougainvillii,-33.26694,128.20945
2337297,2337297,Neosebastes bougainvillii,-33.2925,128.4425
2337297,2337297,Neosebastes bougainvillii,-33.29264,128.5007
2337297,2337297,Neosebastes bougainvillii,-39.5593,144.75973
2337297,2337297,Neosebastes bougainvillii,-33.27625,126.23389
2337297,2337297,Neosebastes bougainvillii,-39.68389,144.70875
2337297,2337297,Neosebastes bougainvillii,-33.25125,126.33334
2337297,2337297,Neosebastes bougainvillii,-33.26694,127.98445
2337297,2337297,Neosebastes bougainvillii,-33.31069,128.60959
2337297,2337297,Neosebastes bougainvillii,-33.27597,126.21806
2337297,2337297,Neosebastes bougainvillii,-39.0343,144.61667
2337297,2337297,Neosebastes bougainvillii,-33.26861,128.34319
2337297,2337297,Neosebastes bougainvillii,-33.24416,126.33403
2337297,2337297,Neosebastes bougainvillii,-39.50028,144.69278
2337297,2337297,Neosebastes bougainvillii,-33.26694,128.46014
2337297,2337297,Neosebastes bougainvillii,-33.30944,126.11723
2337297,2337297,Neosebastes bougainvillii,-33.21805,126.50167
2337297,2337297,Neosebastes bougainvillii,-40.00139,145.05139
2337297,2337297,Neosebastes bougainvillii,-31.73583,129.62625
2337297,2337297,Neosebastes bougainvillii,-32.95083,125.95097
2337297,2337297,Neosebastes bougainvillii,-33.05944,126.43417
2337297,2337297,Neosebastes bougainvillii,-33.30917,128.55112
2337297,2337297,Neosebastes bougainvillii,-33.07722,128.95917
2337297,2337297,Neosebastes bougainvillii,-33.31805,129.4932
2337297,2337297,Neosebastes bougainvillii,-33.35902,129.25195
2337297,2337297,Neosebastes bougainvillii,-33.48513,131.36806
2337297,2337297,Neosebastes bougainvillii,-32,129.38417
2337297,2337297,Neosebastes bougainvillii,-33.26806,127.63417
2337297,2337297,Neosebastes bougainvillii,-33.26736,128.35083
2337297,2337297,Neosebastes bougainvillii,-33.18333,128.64306
2337297,2337297,Neosebastes bougainvillii,-33.26722,128.00042
2337297,2337297,Neosebastes bougainvillii,-33.0768,126.4507
2337297,2337297,Neosebastes bougainvillii,-33.31014,129.36722
2337297,2337297,Neosebastes bougainvillii,-33.40028,129.15945
2337297,2337297,Neosebastes bougainvillii,-33.475,131.535
2337297,2337297,Neosebastes bougainvillii,-33.70069,131.95889
2337297,2337297,Neosebastes bougainvillii,-32.23444,126
2337297,2337297,Neosebastes bougainvillii,-33.70013,125.52514
2337297,2337297,Neosebastes bougainvillii,-33.20069,126.14264
2337297,2337297,Neosebastes bougainvillii,-33.25139,127.93375
2337297,2337297,Neosebastes bougainvillii,-33.31917,129.47653
2337297,2337297,Neosebastes bougainvillii,-33.35125,129.32584
2337297,2337297,Neosebastes bougainvillii,-33.35111,129.43375
2337297,2337297,Neosebastes bougainvillii,-33.33375,131.75112
2337297,2337297,Neosebastes bougainvillii,-34.13416,124.90834
2337297,2337297,Neosebastes bougainvillii,-33.36791,126.00125
2337297,2337297,Neosebastes bougainvillii,-33.25986,126.35098
2337297,2337297,Neosebastes bougainvillii,-33.20139,126.85917
2337297,2337297,Neosebastes bougainvillii,-33.35917,129.30111
2337297,2337297,Neosebastes bougainvillii,-33.20194,127.30959
2337297,2337297,Neosebastes bougainvillii,-33.21833,127.22625
2337297,2337297,Neosebastes bougainvillii,-33.28472,128.25903
2337297,2337297,Neosebastes bougainvillii,-33.32597,128.6007
2337297,2337297,Neosebastes bougainvillii,-33.35083,129.19264
2337297,2337297,Neosebastes bougainvillii,-33.35958,129.33348
2337297,2337297,Neosebastes bougainvillii,-33.50222,131.86778
2337297,2337297,Neosebastes bougainvillii,-33.35139,125.96778
2337297,2337297,Neosebastes bougainvillii,-33.20028,126.38348
2337297,2337297,Neosebastes bougainvillii,-33.2,127.48361
2337297,2337297,Neosebastes bougainvillii,-32.36833,127.44278
2337297,2337297,Neosebastes bougainvillii,-33.26736,128.25945
2337297,2337297,Neosebastes bougainvillii,-33.2093,128.90917
2337297,2337297,Neosebastes bougainvillii,-33.38458,129.26764
2337297,2337297,Neosebastes bougainvillii,-31.88333,129.08389
2337297,2337297,Neosebastes bougainvillii,-32.48375,128.68389
2337297,2337297,Neosebastes bougainvillii,-33.55,125.56667
2337297,2337297,Neosebastes bougainvillii,-33.3168,128.75042
2337297,2337297,Neosebastes bougainvillii,-33.35,127.48445
2337297,2337297,Neosebastes bougainvillii,-33.23486,126.87653
2337297,2337297,Neosebastes bougainvillii,-33.31667,127.36736
2337297,2337297,Neosebastes bougainvillii,-33.32583,129.25056
2337297,2337297,Neosebastes bougainvillii,-33.33333,128.16667
2337297,2337297,Neosebastes bougainvillii,-33.725,125.58403
2337297,2337297,Neosebastes bougainvillii,-33.44167,125.90833
2337297,2337297,Neosebastes bougainvillii,-33.35,130.61708
2337297,2337297,Neosebastes bougainvillii,-33.30041,127.55931
2337297,2337297,Neosebastes bougainvillii,-33.20138,126.72625
2337297,2337297,Neosebastes bougainvillii,-33.30069,130.275
2337297,2337297,Neosebastes bougainvillii,-33.55166,131.64237
2337297,2337297,Neosebastes bougainvillii,-33.30833,126.80903
2337297,2337297,Neosebastes bougainvillii,-33.5,125.95
2337297,2337297,Neosebastes bougainvillii,-33.36694,127.575
2337297,2337297,Neosebastes bougainvillii,-33.1593,126.59167
2337297,2337297,Neosebastes bougainvillii,-33.16736,127.10097
2337297,2337297,Neosebastes bougainvillii,-33.40903,128.01736
2337297,2337297,Neosebastes bougainvillii,-33.35055,127.39195
2337297,2337297,Neosebastes bougainvillii,-33.32569,126.54264
2337297,2337297,Neosebastes bougainvillii,-33.63472,125.8175
2337297,2337297,Neosebastes bougainvillii,-33.28402,126.52612
2337297,2337297,Neosebastes bougainvillii,-33.70833,125.74167
2337297,2337297,Neosebastes bougainvillii,-33.60042,125.80861
2337297,2337297,Neosebastes bougainvillii,-33.32597,127.52556
2337297,2337297,Neosebastes bougainvillii,-33.35,129.3925
2337297,2337297,Neosebastes bougainvillii,-33.14167,125.41667
2337297,2337297,Neosebastes bougainvillii,-33.23333,128.64167
2337297,2337297,Neosebastes bougainvillii,-32.66736,125.7507
2337297,2337297,Neosebastes bougainvillii,-34.01708,124.96667
2337297,2337297,Neosebastes bougainvillii,-33.30125,126.85847
2337297,2337297,Neosebastes bougainvillii,-33.47597,125.95
2337297,2337297,Neosebastes bougainvillii,-33.34194,127.43389
2337297,2337297,Neosebastes bougainvillii,-33.36667,127.60028
2337297,2337297,Neosebastes bougainvillii,-33.43389,125.97556
2337297,2337297,Neosebastes bougainvillii,-33.57555,125.83417
2337297,2337297,Neosebastes bougainvillii,-33.36847,127.97611
2337297,2337297,Neosebastes bougainvillii,-32.46666,131.00083
2337297,2337297,Neosebastes bougainvillii,-33.30028,126.19348
2337297,2337297,Neosebastes bougainvillii,-33.45,126.05833
2337297,2337297,Neosebastes bougainvillii,-33.26764,126.28334
2337297,2337297,Neosebastes bougainvillii,-33.31667,126.13334
2337297,2337297,Neosebastes bougainvillii,-33.69167,125.575
2337297,2337297,Neosebastes bougainvillii,-33.55069,125.78334
2337297,2337297,Neosebastes bougainvillii,-33.41667,129
2337297,2337297,Neosebastes bougainvillii,-33.06667,124.56667
2337297,2337297,Neosebastes bougainvillii,-33.30833,127.10903
2337297,2337297,Neosebastes bougainvillii,-33.84278,125.425
2337297,2337297,Neosebastes bougainvillii,-33.59167,125.68334
2337297,2337297,Neosebastes bougainvillii,-33.36694,128.13417
2337297,2337297,Neosebastes bougainvillii,-33.35139,127.89236
2337297,2337297,Neosebastes bougainvillii,-33.35153,128.425
2337297,2337297,Neosebastes bougainvillii,-33.36667,128.14167
2337297,2337297,Neosebastes bougainvillii,-33.34236,128.74236
2337297,2337297,Neosebastes bougainvillii,-33.36667,128.05139
2337297,2337297,Neosebastes bougainvillii,-33.43444,131.29306
2337297,2337297,Neosebastes bougainvillii,-33.4,128.0175
2337297,2337297,Neosebastes bougainvillii,-33.35125,128.11014
2337297,2337297,Neosebastes bougainvillii,-33.34291,127.3007
2337297,2337297,Neosebastes bougainvillii,-33.3,126.08403
2337297,2337297,Neosebastes bougainvillii,-33.31806,126.94167
2337297,2337297,Neosebastes bougainvillii,-33.29166,126.1757
2337297,2337297,Neosebastes bougainvillii,-33.35,126.06667
2337297,2337297,Neosebastes bougainvillii,-33.80903,125.46667
2337297,2337297,Neosebastes bougainvillii,-39.01805,143.18389
2337297,2337297,Neosebastes bougainvillii,-33.35139,128.07514
2337297,2337297,Neosebastes bougainvillii,-33.35139,127.45834
2337297,2337297,Neosebastes bougainvillii,-33.39167,126.0007
2337297,2337297,Neosebastes bougainvillii,-33.14167,124.25
2337297,2337297,Neosebastes bougainvillii,-33.74167,125.575
2337297,2337297,Neosebastes bougainvillii,-33.74167,125.5
2337297,2337297,Neosebastes bougainvillii,-33.35139,130.41736
2337297,2337297,Neosebastes bougainvillii,-33.325,128.29167
2337297,2337297,Neosebastes bougainvillii,-33.36667,128.30834
2337297,2337297,Neosebastes bougainvillii,-33.31667,129.25
2337297,2337297,Neosebastes bougainvillii,-33.31791,130.00903
2337297,2337297,Neosebastes bougainvillii,-33.35,128.81737
2337297,2337297,Neosebastes bougainvillii,-33.31819,129.21764
2337297,2337297,Neosebastes bougainvillii,-33.36736,128.67542
2337297,2337297,Neosebastes bougainvillii,-33.65833,132.36667
2337297,2337297,Neosebastes bougainvillii,-33.65833,125.66736
2337297,2337297,Neosebastes bougainvillii,-33.33333,129.43334
2337297,2337297,Neosebastes bougainvillii,-33.58333,125.775
2337297,2337297,Neosebastes bougainvillii,-33.39166,129.21667
2337297,2337297,Neosebastes bougainvillii,-33.36667,128.39167
2337297,2337297,Neosebastes bougainvillii,-33.3175,129.16695
2337297,2337297,Neosebastes bougainvillii,-33.29264,129.23445
2337297,2337297,Neosebastes bougainvillii,-33.33333,129.44237
2337297,2337297,Neosebastes bougainvillii,-33.28333,129.16778
2337297,2337297,Neosebastes bougainvillii,-33.31778,129.27598
2337297,2337297,Neosebastes bougainvillii,-33.28333,126.23389
2337297,2337297,Neosebastes bougainvillii,-33.325,129.29167
2337297,2337297,Neosebastes bougainvillii,-33.25069,126.21848
2337297,2337297,Neosebastes bougainvillii,-39.26667,144.325
2337297,2337297,Neosebastes bougainvillii,-33.28458,126.17667
2337297,2337297,Neosebastes bougainvillii,-34.97,138.53
2337297,2337297,Neosebastes bougainvillii,-35.08,138.43
2337297,2337297,Neosebastes bougainvillii,-34.5,136.92
2337297,2337297,Neosebastes bougainvillii,-34.73,135.87
2337297,2337297,Neosebastes bougainvillii,-34.73,135.87
2337297,2337297,Neosebastes bougainvillii,-34.08,137.55
2337297,2337297,Neosebastes bougainvillii,-31.55,115.61667
2337297,2337297,Neosebastes bougainvillii,-25.41667,113.58333
2337297,2337297,Neosebastes bougainvillii,-33.55,114.966667
2337297,2337297,Neosebastes bougainvillii,-33.65,114.95
2337297,2337297,Neosebastes bougainvillii,-29.8,114.88333
2337297,2337297,Neosebastes bougainvillii,-28.88333,114.03333
2337297,2337297,Neosebastes bougainvillii,-34.083333,123.25
2337297,2337297,Neosebastes bougainvillii,-33.3,134.58
2337297,2337297,Neosebastes bougainvillii,-33.3803,134.6314
2337297,2337297,Neosebastes bougainvillii,-33.25,134.58
2337297,2337297,Neosebastes bougainvillii,-31.7168,115.2513
