requested_taxonKey,record_taxonKey,species_name,decimalLatitude,decimalLongitude
2337291,2337291,Neosebastes nigropunctatus,-34.11002,114.77793
2337291,2337291,Neosebastes nigropunctatus,-34.11002,114.77793
2337291,2337291,Neosebastes nigropunctatus,-34.06869,114.71137
2337291,2337291,Neosebastes nigropunctatus,-34.06869,114.71137
2337291,2337291,Neosebastes nigropunctatus,-34.06869,114.71137
2337291,2337291,Neosebastes nigropunctatus,-33.99619,114.64637
2337291,2337291,Neosebastes nigropunctatus,-34.0984,114.75005
2337291,2337291,Neosebastes nigropunctatus,-34.0984,114.75005
2337291,2337291,Neosebastes nigropunctatus,-34.0984,114.75005
2337291,2337291,Neosebastes nigropunctatus,-34.13869,114.75887
2337291,2337291,Neosebastes nigropunctatus,-34.08369,114.74887
2337291,2337291,Neosebastes nigropunctatus,-34.06482,114.72663
2337291,2337291,Neosebastes nigropunctatus,-34.00869,114.87887
2337291,2337291,Neosebastes nigropunctatus,-33.97433,114.69277
2337291,2337291,Neosebastes nigropunctatus,-34.0043,114.6893
2337291,2337291,Neosebastes nigropunctatus,-34.0984,114.7501
2337291,2337291,Neosebastes nigropunctatus,-33.9928,114.6966
2337291,2337291,Neosebastes nigropunctatus,-33.9928,114.6966
2337291,2337291,Neosebastes nigropunctatus,-33.9743,114.6928
2337291,2337291,Neosebastes nigropunctatus,-33.9928,114.6966
2337291,2337291,Neosebastes nigropunctatus,-34.0648,114.7266
2337291,2337291,Neosebastes nigropunctatus,-34.0648,114.7266
2337291,2337291,Neosebastes nigropunctatus,-31.869667,115.264333
2337291,2337291,Neosebastes nigropunctatus,-31.869667,115.264333
2337291,2337291,Neosebastes nigropunctatus,-31.869667,115.264333
2337291,2337291,Neosebastes nigropunctatus,-32.1405,115.2475
2337291,2337291,Neosebastes nigropunctatus,-32.1405,115.2475
2337291,2337291,Neosebastes nigropunctatus,-31.851167,115.258667
2337291,2337291,Neosebastes nigropunctatus,-31.8697,115.264
2337291,2337291,Neosebastes nigropunctatus,-32.1731,115.301
2337291,2337291,Neosebastes nigropunctatus,-32.1406,115.248
2337291,2337291,Neosebastes nigropunctatus,-31.8697,115.264
2337291,2337291,Neosebastes nigropunctatus,-31.8697,115.264
2337291,2337291,Neosebastes nigropunctatus,-32.1406,115.248
2337291,2337291,Neosebastes nigropunctatus,-32.1406,115.248
2337291,2337291,Neosebastes nigropunctatus,-31.8511,115.259
2337291,2337291,Neosebastes nigropunctatus,-31.8511,115.259
2337291,2337291,Neosebastes nigropunctatus,-32.1731,115.301
2337291,10112428,Neosebastes nigropunctatus,-31.833,115.25
2337291,10112428,Neosebastes nigropunctatus,-32.167,115.233
2337291,10112428,Neosebastes nigropunctatus,-32.167,115.233
2337291,10112428,Neosebastes nigropunctatus,-32.183,115.283
2337291,10112428,Neosebastes nigropunctatus,-31.833,115.25
2337291,2337291,Neosebastes nigropunctatus,-31.8511,115.259
2337291,2337291,Neosebastes nigropunctatus,-32.1405,115.2475
2337291,2337291,Neosebastes nigropunctatus,-31.851167,115.258667
2337291,2337291,Neosebastes nigropunctatus,-31.869667,115.264333
2337291,2337291,Neosebastes nigropunctatus,-32.1405,115.2475
2337291,2337291,Neosebastes nigropunctatus,-31.869667,115.264333
2337291,2337291,Neosebastes nigropunctatus,-31.869667,115.264333
2337291,10112428,Neosebastes nigropunctatus,-35.188,118.65
2337291,2337291,Neosebastes nigropunctatus,-35.190667,118.645
2337291,2337291,Neosebastes nigropunctatus,-35.190667,118.645
2337291,2337291,Neosebastes nigropunctatus,-27.052,113.081
2337291,2337291,Neosebastes nigropunctatus,-27.052,113.081
2337291,2337291,Neosebastes nigropunctatus,-33.3547,131.889
2337291,2337291,Neosebastes nigropunctatus,-26.5,112.2
2337291,2337291,Neosebastes nigropunctatus,-26.5,112.2
2337291,2337291,Neosebastes nigropunctatus,-38.193335,149.31333
2337291,2337291,Neosebastes nigropunctatus,-38.19333,149.31333
2337291,2337291,Neosebastes nigropunctatus,-38.19333,149.31333
2337291,2337291,Neosebastes nigropunctatus,-38.19333,149.31333
2337291,2337291,Neosebastes nigropunctatus,-38.19333,149.31333
2337291,2337291,Neosebastes nigropunctatus,-38.19333,149.31333
2337291,2337291,Neosebastes nigropunctatus,-38.19333,149.31333
2337291,2337291,Neosebastes nigropunctatus,-38.19333,149.31333
2337291,2337291,Neosebastes nigropunctatus,-38.19333,149.31333
2337291,2337291,Neosebastes nigropunctatus,-38.19333,149.31333
2337291,2337291,Neosebastes nigropunctatus,-38.19333,149.31333
2337291,2337291,Neosebastes nigropunctatus,-38.19333,149.31333
2337291,2337291,Neosebastes nigropunctatus,-38.19333,149.31333
2337291,2337291,Neosebastes nigropunctatus,-38.19333,149.31333
2337291,2337291,Neosebastes nigropunctatus,-38.19333,149.31333
2337291,2337291,Neosebastes nigropunctatus,-38.19333,149.31333
2337291,2337291,Neosebastes nigropunctatus,-38.19333,149.31333
2337291,2337291,Neosebastes nigropunctatus,-38.19333,149.31333
2337291,2337291,Neosebastes nigropunctatus,-38.19333,149.31333
2337291,2337291,Neosebastes nigropunctatus,-38.19333,149.31333
2337291,2337291,Neosebastes nigropunctatus,-38.19333,149.31333
2337291,2337291,Neosebastes nigropunctatus,-38.19333,149.31333
2337291,2337291,Neosebastes nigropunctatus,-38.19333,149.31333
2337291,2337291,Neosebastes nigropunctatus,-38.19333,149.31333
2337291,2337291,Neosebastes nigropunctatus,-32.17,115.136667
2337291,2337291,Neosebastes nigropunctatus,-32.17,115.136667
2337291,2337291,Neosebastes nigropunctatus,-32.17,115.136667
2337291,2337291,Neosebastes nigropunctatus,-32.17,115.137
2337291,2337291,Neosebastes nigropunctatus,-33.4017,114.523
2337291,2337291,Neosebastes nigropunctatus,-33.38833,114.52667
2337291,2337291,Neosebastes nigropunctatus,-32.17,115.136667
2337291,2337291,Neosebastes nigropunctatus,-32.17,115.136667
2337291,2337291,Neosebastes nigropunctatus,-32.17,115.136667
2337291,2337291,Neosebastes nigropunctatus,-33.75,114.466667
2337291,2337291,Neosebastes nigropunctatus,-28.5,113.453333
2337291,2337291,Neosebastes nigropunctatus,-33.75,114.466667
2337291,2337291,Neosebastes nigropunctatus,-28.5,113.453333
2337291,2337291,Neosebastes nigropunctatus,-19.24,117.49917
2337291,2337291,Neosebastes nigropunctatus,-32.17,133.47
2337291,2337291,Neosebastes nigropunctatus,-33.633333,131.5
2337291,2337291,Neosebastes nigropunctatus,-33.633333,131.5
2337291,2337291,Neosebastes nigropunctatus,-35.57,137.63
2337291,2337291,Neosebastes nigropunctatus,-35.5236,137.5383
2337291,2337291,Neosebastes nigropunctatus,-35.5,137.5333
2337291,2337291,Neosebastes nigropunctatus,-18.8,118.51667
2337291,2337291,Neosebastes nigropunctatus,-33.1,129.566667
2337291,2337291,Neosebastes nigropunctatus,-34.433333,133.483333
2337291,2337291,Neosebastes nigropunctatus,-33.1,129.566667
2337291,2337291,Neosebastes nigropunctatus,-34.433333,133.483333
2337291,2337291,Neosebastes nigropunctatus,-27.93,113.23
2337291,2337291,Neosebastes nigropunctatus,-28,113.25
2337291,2337291,Neosebastes nigropunctatus,-34.8086,138.52
2337291,2337291,Neosebastes nigropunctatus,-35.18,138.1
2337291,2337291,Neosebastes nigropunctatus,-34.8283,135.0575
2337291,2337291,Neosebastes nigropunctatus,-34.4333,123.7333
2337291,2337291,Neosebastes nigropunctatus,-33.25,125.4
2337291,2337291,Neosebastes nigropunctatus,-34.4,134.03
2337291,2337291,Neosebastes nigropunctatus,-34.42,133.42
2337291,2337291,Neosebastes nigropunctatus,-35.73,136.62
2337291,2337291,Neosebastes nigropunctatus,-32.27,131.42
2337291,2337291,Neosebastes nigropunctatus,-35.74166,136.60834
2337291,2337291,Neosebastes nigropunctatus,-32.35,131.46667
2337291,2337291,Neosebastes nigropunctatus,-32.73333,133.01667
2337291,2337291,Neosebastes nigropunctatus,-34.41667,133.4
2337291,2337291,Neosebastes nigropunctatus,-34.40833,134.01667
2337291,2337291,Neosebastes nigropunctatus,-34.40833,134.01667
2337291,2337291,Neosebastes nigropunctatus,-34.40833,134.01667
2337291,2337291,Neosebastes nigropunctatus,-34.40833,134.01667
2337291,2337291,Neosebastes nigropunctatus,-34.40833,134.01667
2337291,2337291,Neosebastes nigropunctatus,-34.40833,134.01667
2337291,2337291,Neosebastes nigropunctatus,-34.40833,134.01667
2337291,2337291,Neosebastes nigropunctatus,-34.40833,134.01667
2337291,2337291,Neosebastes nigropunctatus,-32.23333,131.4
2337291,2337291,Neosebastes nigropunctatus,-32.275,131.39167
2337291,2337291,Neosebastes nigropunctatus,-34.40833,134.01667
2337291,2337291,Neosebastes nigropunctatus,-33.3803,134.6314
2337291,2337291,Neosebastes nigropunctatus,-33.6833,136.9167
2337291,2337291,Neosebastes nigropunctatus,-33.6,124.79167
2337291,2337291,Neosebastes nigropunctatus,-33.033333,127.831667
2337291,2337291,Neosebastes nigropunctatus,-32.1856,131.3678
2337291,2337291,Neosebastes nigropunctatus,-35.7,136.58
2337291,2337291,Neosebastes nigropunctatus,-33.23333,126.275
2337291,2337291,Neosebastes nigropunctatus,-32.2,131.4
2337291,2337291,Neosebastes nigropunctatus,-34.81666,133.49167
2337291,2337291,Neosebastes nigropunctatus,-32.24166,131.36667
2337291,2337291,Neosebastes nigropunctatus,-33.21667,126.21667
2337291,2337291,Neosebastes nigropunctatus,-32.23333,131.36667
2337291,2337291,Neosebastes nigropunctatus,-33.08333,126.60834
2337291,2337291,Neosebastes nigropunctatus,-32.25,131.41667
2337291,2337291,Neosebastes nigropunctatus,-32.30833,130.775
2337291,2337291,Neosebastes nigropunctatus,-33.16666,133.125
2337291,2337291,Neosebastes nigropunctatus,-32.2,131.36667
2337291,2337291,Neosebastes nigropunctatus,-34.44166,133.425
2337291,2337291,Neosebastes nigropunctatus,-32.95,132.50834
2337291,2337291,Neosebastes nigropunctatus,-32.95,132.50834
2337291,2337291,Neosebastes nigropunctatus,-32.95,132.50834
2337291,2337291,Neosebastes nigropunctatus,-32.95,132.50834
2337291,2337291,Neosebastes nigropunctatus,-32.95,132.50834
2337291,2337291,Neosebastes nigropunctatus,-32.95,132.50834
2337291,2337291,Neosebastes nigropunctatus,-32.95,132.50834
2337291,2337291,Neosebastes nigropunctatus,-32.95,132.50834
2337291,2337291,Neosebastes nigropunctatus,-32.95,132.50834
2337291,2337291,Neosebastes nigropunctatus,-32.20833,131.40834
2337291,2337291,Neosebastes nigropunctatus,-35.675,136.6
2337291,2337291,Neosebastes nigropunctatus,-33.60833,132.01667
2337291,2337291,Neosebastes nigropunctatus,-32.95,132.50834
2337291,2337291,Neosebastes nigropunctatus,-33.08333,133.15
2337291,2337291,Neosebastes nigropunctatus,-33.08333,133.15
2337291,2337291,Neosebastes nigropunctatus,-33.08333,133.15
2337291,2337291,Neosebastes nigropunctatus,-33.08333,133.15
2337291,2337291,Neosebastes nigropunctatus,-33.08333,133.15
2337291,2337291,Neosebastes nigropunctatus,-33.08333,133.15
2337291,2337291,Neosebastes nigropunctatus,-33.63333,133.7
2337291,2337291,Neosebastes nigropunctatus,-33.51666,133.16667
2337291,2337291,Neosebastes nigropunctatus,-32.29166,128.94167
2337291,2337291,Neosebastes nigropunctatus,-32.20833,131.375
2337291,2337291,Neosebastes nigropunctatus,-32.25,131.38333
2337291,2337291,Neosebastes nigropunctatus,-33.025,127.80834
2337291,2337291,Neosebastes nigropunctatus,-33.325,130.86667
2337291,2337291,Neosebastes nigropunctatus,-33.225,130.86667
2337291,2337291,Neosebastes nigropunctatus,-32.5,126.73334
2337291,2337291,Neosebastes nigropunctatus,-33.033333,127.831667
2337291,2337291,Neosebastes nigropunctatus,-33.24166,125.74167
2337291,2337291,Neosebastes nigropunctatus,-33.48333,131.86667
2337291,2337291,Neosebastes nigropunctatus,-33.48333,131.85
2337291,2337291,Neosebastes nigropunctatus,-33.5,131.85833
2337291,2337291,Neosebastes nigropunctatus,-33.16667,128.3
2337291,2337291,Neosebastes nigropunctatus,-35.53,138.88
2337291,2337291,Neosebastes nigropunctatus,-33.04166,129.88334
2337291,2337291,Neosebastes nigropunctatus,-33.63333,132.01667
2337291,2337291,Neosebastes nigropunctatus,-33.04166,129.88334
2337291,2337291,Neosebastes nigropunctatus,-33.04166,129.88334
2337291,2337291,Neosebastes nigropunctatus,-33.04166,129.88334
2337291,2337291,Neosebastes nigropunctatus,-33.04166,129.88334
2337291,2337291,Neosebastes nigropunctatus,-33.04166,129.88334
2337291,2337291,Neosebastes nigropunctatus,-33.04166,129.88334
2337291,2337291,Neosebastes nigropunctatus,-33.04166,129.88334
2337291,2337291,Neosebastes nigropunctatus,-33.04166,129.88334
2337291,2337291,Neosebastes nigropunctatus,-33.04166,129.88334
2337291,2337291,Neosebastes nigropunctatus,-33.04166,129.88334
2337291,2337291,Neosebastes nigropunctatus,-33.1,131.89167
2337291,2337291,Neosebastes nigropunctatus,-33.64166,132.01667
2337291,2337291,Neosebastes nigropunctatus,-33.63333,132.01667
2337291,2337291,Neosebastes nigropunctatus,-33.63333,132.01667
2337291,2337291,Neosebastes nigropunctatus,-33.63333,132.01667
2337291,2337291,Neosebastes nigropunctatus,-33.63333,132.01667
2337291,2337291,Neosebastes nigropunctatus,-33.63333,132.01667
2337291,2337291,Neosebastes nigropunctatus,-33.63333,132.01667
2337291,2337291,Neosebastes nigropunctatus,-33.63333,132.01667
2337291,2337291,Neosebastes nigropunctatus,-33.1,131.9
2337291,2337291,Neosebastes nigropunctatus,-33.1,131.90833
2337291,2337291,Neosebastes nigropunctatus,-33.04166,129.88334
2337291,2337291,Neosebastes nigropunctatus,-33.11667,127.05833
2337291,2337291,Neosebastes nigropunctatus,-33.13333,128.04167
2337291,2337291,Neosebastes nigropunctatus,-33.775,125.425
2337291,2337291,Neosebastes nigropunctatus,-33.775,125.425
2337291,2337291,Neosebastes nigropunctatus,-33.775,125.425
2337291,2337291,Neosebastes nigropunctatus,-33.775,125.425
2337291,2337291,Neosebastes nigropunctatus,-33.775,125.425
2337291,2337291,Neosebastes nigropunctatus,-33.775,125.425
2337291,2337291,Neosebastes nigropunctatus,-32.46667,128.475
2337291,2337291,Neosebastes nigropunctatus,-32.40833,126.51667
2337291,2337291,Neosebastes nigropunctatus,-33.69166,125.43334
2337291,2337291,Neosebastes nigropunctatus,-34.14166,124.775
2337291,2337291,Neosebastes nigropunctatus,-33.15,128.09167
2337291,2337291,Neosebastes nigropunctatus,-33.36667,125.025
2337291,2337291,Neosebastes nigropunctatus,-32.88333,127.11667
2337291,2337291,Neosebastes nigropunctatus,-32.40833,127.51667
2337291,2337291,Neosebastes nigropunctatus,-32.51667,128.425
2337291,2337291,Neosebastes nigropunctatus,-32.40833,128.49167
2337291,2337291,Neosebastes nigropunctatus,-32.48333,128.35833
2337291,2337291,Neosebastes nigropunctatus,-32.9,126.51667
2337291,2337291,Neosebastes nigropunctatus,-35.65,139
2337291,2337291,Neosebastes nigropunctatus,-35.57,138.88
2337291,2337291,Neosebastes nigropunctatus,-33.883333,124.983333
2337291,2337291,Neosebastes nigropunctatus,-33.5,124.525
2337291,2337291,Neosebastes nigropunctatus,-33.41667,124.625
2337291,2337291,Neosebastes nigropunctatus,-32.48333,128.35833
2337291,2337291,Neosebastes nigropunctatus,-33.4,124.7
2337291,2337291,Neosebastes nigropunctatus,-33.4,124.68334
2337291,2337291,Neosebastes nigropunctatus,-33.4,124.61667
2337291,2337291,Neosebastes nigropunctatus,-32.46667,128.40833
2337291,2337291,Neosebastes nigropunctatus,-32.48333,128.35833
2337291,2337291,Neosebastes nigropunctatus,-33.5,124.525
2337291,2337291,Neosebastes nigropunctatus,-32.79167,127.15
2337291,2337291,Neosebastes nigropunctatus,-33.883333,124.983333
2337291,2337291,Neosebastes nigropunctatus,-35.45833,150.78333
2337291,2337291,Neosebastes nigropunctatus,-34.58,136.07
2337291,2337291,Neosebastes nigropunctatus,-35.55,138.63
2337291,2337291,Neosebastes nigropunctatus,-32,115.25
2337291,2337291,Neosebastes nigropunctatus,-40.86738,147.75734
2337291,2337291,Neosebastes nigropunctatus,-38.36,145.27
2337291,2337291,Neosebastes nigropunctatus,-41.15,146.166667
2337291,2337291,Neosebastes nigropunctatus,-32,128
2337291,2337291,Neosebastes nigropunctatus,-36.95,139.67
2337291,2337291,Neosebastes nigropunctatus,-35.8039,139.2825
2337291,2337291,Neosebastes nigropunctatus,-30.68333,115.1
2337291,2337291,Neosebastes nigropunctatus,-32,115.5
2337291,2337291,Neosebastes nigropunctatus,-31.55,115.61667
2337291,2337291,Neosebastes nigropunctatus,-32.55,115.06667
2337291,2337291,Neosebastes nigropunctatus,-31.58333,115.33333
2337291,2337291,Neosebastes nigropunctatus,-31.78333,115.63333
2337291,2337291,Neosebastes nigropunctatus,-23.33333,113.28333
2337291,2337291,Neosebastes nigropunctatus,-32,115.5
2337291,2337291,Neosebastes nigropunctatus,-32.83333,114.88333
2337291,2337291,Neosebastes nigropunctatus,-29.134722,113.91805600000001
2337291,2337291,Neosebastes nigropunctatus,-35.833332,138.05
2337291,2337291,Neosebastes nigropunctatus,-35.58,137.52
2337291,2337291,Neosebastes nigropunctatus,-33.3803,134.6314
2337291,2337291,Neosebastes nigropunctatus,-38.133333,144.5
2337291,2337291,Neosebastes nigropunctatus,-32.004113,115.515101
