requested_taxonKey,record_taxonKey,species_name,decimalLatitude,decimalLongitude
2337292,2337292,Neosebastes scorpaenoides,-35.521265,138.185822
2337292,2337292,Neosebastes scorpaenoides,-38.366668,144.822907
2337292,2337292,Neosebastes scorpaenoides,-34.981201,138.47478
2337292,2337292,Neosebastes scorpaenoides,-35.107443,137.487176
2337292,2337292,Neosebastes scorpaenoides,-38.365881,144.82302
2337292,2337292,Neosebastes scorpaenoides,-35.191172,138.46913
2337292,2337292,Neosebastes scorpaenoides,-35.800456,137.827462
2337292,2337292,Neosebastes scorpaenoides,-35.522854,138.185421
2337292,2337292,Neosebastes scorpaenoides,-35.664154,137.623382
2337292,2337292,Neosebastes scorpaenoides,-35.62175,137.208629
2337292,2337292,Neosebastes scorpaenoides,-35.662958,137.622663
2337292,2337292,Neosebastes scorpaenoides,-35.24045,136.980828
2337292,2337292,Neosebastes scorpaenoides,-34.809388,138.48743
2337292,2337292,Neosebastes scorpaenoides,-35.245953,136.979355
2337292,2337292,Neosebastes scorpaenoides,-35.800507,137.828664
2337292,2337292,Neosebastes scorpaenoides,-35.338139,138.445434
2337292,2337292,Neosebastes scorpaenoides,-35.024948,138.515998
2337292,2337292,Neosebastes scorpaenoides,-35.286818,138.443101
2337292,2337292,Neosebastes scorpaenoides,-35.039074,138.5146
2337292,2337292,Neosebastes scorpaenoides,-35.44402,138.308378
2337292,2337292,Neosebastes scorpaenoides,-38.32422,144.822875
2337292,2337292,Neosebastes scorpaenoides,-38.338628,144.829697
2337292,2337292,Neosebastes scorpaenoides,-36.898948,149.927278
2337292,2337292,Neosebastes scorpaenoides,-38.318276,144.710559
2337292,2337292,Neosebastes scorpaenoides,-35.106262,138.466741
2337292,2337292,Neosebastes scorpaenoides,-34.9758,138.4514
2337292,2337292,Neosebastes scorpaenoides,-38.357143,144.773301
2337292,2337292,Neosebastes scorpaenoides,-38.345895,144.93222
2337292,2337292,Neosebastes scorpaenoides,-38.308545,145.199203
2337292,2337292,Neosebastes scorpaenoides,-41.173401,146.362234
2337292,2337292,Neosebastes scorpaenoides,-41.171538,146.365005
2337292,2337292,Neosebastes scorpaenoides,-38.35564,144.773627
2337292,2337292,Neosebastes scorpaenoides,-41.071996,146.710985
2337292,2337292,Neosebastes scorpaenoides,-38.356035,144.773709
2337292,2337292,Neosebastes scorpaenoides,-38.368591,144.821378
2337292,2337292,Neosebastes scorpaenoides,-38.17019,144.72165
2337292,2337292,Neosebastes scorpaenoides,-38.346881,144.761362
2337292,2337292,Neosebastes scorpaenoides,-38.356766,144.77358
2337292,2337292,Neosebastes scorpaenoides,-37.617319,149.908929
2337292,2337292,Neosebastes scorpaenoides,-40.323211,148.768471
2337292,2337292,Neosebastes scorpaenoides,-39.47151,148.572064
2337292,2337292,Neosebastes scorpaenoides,-37.617319,149.908929
2337292,2337292,Neosebastes scorpaenoides,-40.323211,148.768471
2337292,2337292,Neosebastes scorpaenoides,-39.47151,148.572064
2337292,2337292,Neosebastes scorpaenoides,-37.61722,149.90889
2337292,2337292,Neosebastes scorpaenoides,-39.47333,148.57306
2337292,2337292,Neosebastes scorpaenoides,-40.32611,148.7675
2337292,2337292,Neosebastes scorpaenoides,-40.32611,148.7675
2337292,2337292,Neosebastes scorpaenoides,-39.47333,148.57306
2337292,2337292,Neosebastes scorpaenoides,-37.61722,149.90889
2337292,2337292,Neosebastes scorpaenoides,-38.173641,144.727858
2337292,2337292,Neosebastes scorpaenoides,-35.00416,138.35148
2337292,2337292,Neosebastes scorpaenoides,-40.927209,145.619426
2337292,2337292,Neosebastes scorpaenoides,-33.633873,115.338862
2337292,2337292,Neosebastes scorpaenoides,-38.356234,144.772117
2337292,2337292,Neosebastes scorpaenoides,-38.357489,144.772593
2337292,2337292,Neosebastes scorpaenoides,-38.357388,144.772946
2337292,2337292,Neosebastes scorpaenoides,-38.435837,144.131714
2337292,2337292,Neosebastes scorpaenoides,-38.467207,145.144512
2337292,2337292,Neosebastes scorpaenoides,-38.309997,145.230206
2337292,2337292,Neosebastes scorpaenoides,-35.149097,138.465292
2337292,2337292,Neosebastes scorpaenoides,-35.522854,138.185421
2337292,2337292,Neosebastes scorpaenoides,-38.365082,144.822986
2337292,2337292,Neosebastes scorpaenoides,-38.145827,145.113792
2337292,2337292,Neosebastes scorpaenoides,-38.356234,144.772117
2337292,2337292,Neosebastes scorpaenoides,-43.76424,146.37394
2337292,2337292,Neosebastes scorpaenoides,-43.70689,146.3001
2337292,2337292,Neosebastes scorpaenoides,-43.7188,146.29467
2337292,2337292,Neosebastes scorpaenoides,-43.7188,146.29467
2337292,2337292,Neosebastes scorpaenoides,-43.72449,146.2027
2337292,2337292,Neosebastes scorpaenoides,-43.71066,146.31826
2337292,2337292,Neosebastes scorpaenoides,-43.71066,146.31826
2337292,2337292,Neosebastes scorpaenoides,-43.72383,146.21366
2337292,2337292,Neosebastes scorpaenoides,-43.71567,146.29911
2337292,2337292,Neosebastes scorpaenoides,-43.72383,146.21366
2337292,2337292,Neosebastes scorpaenoides,-43.71823,146.29139
2337292,2337292,Neosebastes scorpaenoides,-43.72449,146.2027
2337292,2337292,Neosebastes scorpaenoides,-43.70689,146.3001
2337292,2337292,Neosebastes scorpaenoides,-43.70689,146.3001
2337292,2337292,Neosebastes scorpaenoides,-43.70689,146.3001
2337292,2337292,Neosebastes scorpaenoides,-43.71567,146.29911
2337292,2337292,Neosebastes scorpaenoides,-43.7188,146.29467
2337292,2337292,Neosebastes scorpaenoides,-41.122519,146.634883
2337292,2337292,Neosebastes scorpaenoides,-38.355615,144.773528
2337292,2337292,Neosebastes scorpaenoides,-38.211982,145.034457
2337292,2337292,Neosebastes scorpaenoides,-37.981386,147.865442
2337292,2337292,Neosebastes scorpaenoides,-38.1532,147.806
2337292,2337292,Neosebastes scorpaenoides,-35.52263,138.185195
2337292,2337292,Neosebastes scorpaenoides,-35.52263,138.185195
2337292,2337292,Neosebastes scorpaenoides,-34.398992,137.153961
2337292,2337292,Neosebastes scorpaenoides,-38.242324000000004,144.886617
2337292,2337292,Neosebastes scorpaenoides,-38.428547,144.165633
2337292,2337292,Neosebastes scorpaenoides,-38.41222,145.270203
2337292,2337292,Neosebastes scorpaenoides,-38.211952,145.034319
2337292,2337292,Neosebastes scorpaenoides,-38.27321,145.336688
2337292,2337292,Neosebastes scorpaenoides,-38.705556,146.450278
2337292,2337292,Neosebastes scorpaenoides,-38.356721,144.77298
2337292,2337292,Neosebastes scorpaenoides,-35.522854,138.185421
2337292,2337292,Neosebastes scorpaenoides,-38.314984,144.823013
2337292,2337292,Neosebastes scorpaenoides,-38.35637,144.772808
2337292,2337292,Neosebastes scorpaenoides,-38.325919,144.823463
2337292,2337292,Neosebastes scorpaenoides,-38.356554,144.773596
2337292,2337292,Neosebastes scorpaenoides,-39.8203,144.904
2337292,2337292,Neosebastes scorpaenoides,-39.8164,144.904
2337292,2337292,Neosebastes scorpaenoides,-38.196121,144.710926
2337292,2337292,Neosebastes scorpaenoides,-38.356554,144.773596
2337292,2337292,Neosebastes scorpaenoides,-37.879507,147.918877
2337292,2337292,Neosebastes scorpaenoides,-38.212318,145.033916
2337292,2337292,Neosebastes scorpaenoides,-38.357039,144.774493
2337292,2337292,Neosebastes scorpaenoides,-39.3311,147.123
2337292,2337292,Neosebastes scorpaenoides,-39.3311,147.123
2337292,2337292,Neosebastes scorpaenoides,-39.2961,147.107
2337292,2337292,Neosebastes scorpaenoides,-39.2961,147.107
2337292,2337292,Neosebastes scorpaenoides,-39.4479,147.179
2337292,2337292,Neosebastes scorpaenoides,-39.4479,147.179
2337292,2337292,Neosebastes scorpaenoides,-39.3782,147.155
2337292,2337292,Neosebastes scorpaenoides,-39.3782,147.155
2337292,2337292,Neosebastes scorpaenoides,-39.3564,147.136
2337292,2337292,Neosebastes scorpaenoides,-39.3564,147.136
2337292,2337292,Neosebastes scorpaenoides,-39.3564,147.136
2337292,2337292,Neosebastes scorpaenoides,-39.3564,147.136
2337292,2337292,Neosebastes scorpaenoides,-39.3564,147.136
2337292,2337292,Neosebastes scorpaenoides,-39.4381,147.145
2337292,2337292,Neosebastes scorpaenoides,-39.4381,147.145
2337292,2337292,Neosebastes scorpaenoides,-39.4381,147.145
2337292,2337292,Neosebastes scorpaenoides,-39.3617,146.836
2337292,2337292,Neosebastes scorpaenoides,-39.324,147.139
2337292,2337292,Neosebastes scorpaenoides,-39.324,147.139
2337292,2337292,Neosebastes scorpaenoides,-39.324,147.139
2337292,2337292,Neosebastes scorpaenoides,-39.324,147.139
2337292,2337292,Neosebastes scorpaenoides,-39.324,147.139
2337292,2337292,Neosebastes scorpaenoides,-39.3617,146.836
2337292,2337292,Neosebastes scorpaenoides,-39.3517,147.129
2337292,2337292,Neosebastes scorpaenoides,-39.3517,147.129
2337292,2337292,Neosebastes scorpaenoides,-39.3309,147.021
2337292,2337292,Neosebastes scorpaenoides,-39.3517,147.129
2337292,2337292,Neosebastes scorpaenoides,-39.4398,147.168
2337292,2337292,Neosebastes scorpaenoides,-39.411,146.971
2337292,2337292,Neosebastes scorpaenoides,-39.411,146.971
2337292,2337292,Neosebastes scorpaenoides,-39.411,146.971
2337292,2337292,Neosebastes scorpaenoides,-39.3711,147.154
2337292,2337292,Neosebastes scorpaenoides,-39.3711,147.154
2337292,2337292,Neosebastes scorpaenoides,-39.3711,147.154
2337292,2337292,Neosebastes scorpaenoides,-39.3711,147.154
2337292,2337292,Neosebastes scorpaenoides,-39.373,147.152
2337292,2337292,Neosebastes scorpaenoides,-39.373,147.152
2337292,2337292,Neosebastes scorpaenoides,-39.373,147.152
2337292,2337292,Neosebastes scorpaenoides,-39.373,147.152
2337292,2337292,Neosebastes scorpaenoides,-39.3401,147.128
2337292,2337292,Neosebastes scorpaenoides,-39.4142,147.086
2337292,2337292,Neosebastes scorpaenoides,-39.4142,147.086
2337292,2337292,Neosebastes scorpaenoides,-39.4142,147.086
2337292,2337292,Neosebastes scorpaenoides,-39.4142,147.086
2337292,2337292,Neosebastes scorpaenoides,-39.4142,147.086
2337292,2337292,Neosebastes scorpaenoides,-39.4091,147.083
2337292,2337292,Neosebastes scorpaenoides,-39.4091,147.083
2337292,2337292,Neosebastes scorpaenoides,-39.4091,147.083
2337292,2337292,Neosebastes scorpaenoides,-39.3564,147.136
2337292,2337292,Neosebastes scorpaenoides,-39.4438,147.185
2337292,2337292,Neosebastes scorpaenoides,-39.4438,147.185
2337292,2337292,Neosebastes scorpaenoides,-39.4438,147.185
2337292,2337292,Neosebastes scorpaenoides,-39.4096,147.076
2337292,2337292,Neosebastes scorpaenoides,-39.4096,147.076
2337292,2337292,Neosebastes scorpaenoides,-39.4096,147.076
2337292,2337292,Neosebastes scorpaenoides,-39.4096,147.076
2337292,2337292,Neosebastes scorpaenoides,-39.3801,147.153
2337292,2337292,Neosebastes scorpaenoides,-39.3801,147.153
2337292,2337292,Neosebastes scorpaenoides,-39.3801,147.153
2337292,2337292,Neosebastes scorpaenoides,-39.3801,147.153
2337292,2337292,Neosebastes scorpaenoides,-39.3801,147.153
2337292,2337292,Neosebastes scorpaenoides,-39.3801,147.153
2337292,2337292,Neosebastes scorpaenoides,-39.3801,147.153
2337292,2337292,Neosebastes scorpaenoides,-39.4435,147.166
2337292,2337292,Neosebastes scorpaenoides,-39.3677,147.152
2337292,2337292,Neosebastes scorpaenoides,-39.3677,147.152
2337292,2337292,Neosebastes scorpaenoides,-39.3677,147.152
2337292,2337292,Neosebastes scorpaenoides,-39.4435,147.166
2337292,2337292,Neosebastes scorpaenoides,-39.4435,147.166
2337292,2337292,Neosebastes scorpaenoides,-39.4435,147.166
2337292,2337292,Neosebastes scorpaenoides,-39.4435,147.166
2337292,2337292,Neosebastes scorpaenoides,-39.3455,147.116
2337292,2337292,Neosebastes scorpaenoides,-39.3455,147.116
2337292,2337292,Neosebastes scorpaenoides,-39.3455,147.116
2337292,2337292,Neosebastes scorpaenoides,-39.343,147.125
2337292,2337292,Neosebastes scorpaenoides,-39.3455,147.116
2337292,2337292,Neosebastes scorpaenoides,-39.2961,147.107
2337292,2337292,Neosebastes scorpaenoides,-39.3497,147.131
2337292,2337292,Neosebastes scorpaenoides,-39.3497,147.131
2337292,2337292,Neosebastes scorpaenoides,-39.3095,147.118
2337292,2337292,Neosebastes scorpaenoides,-39.3095,147.118
2337292,2337292,Neosebastes scorpaenoides,-39.3095,147.118
2337292,2337292,Neosebastes scorpaenoides,-39.3095,147.118
2337292,2337292,Neosebastes scorpaenoides,-39.3095,147.118
2337292,2337292,Neosebastes scorpaenoides,-39.4461,147.178
2337292,2337292,Neosebastes scorpaenoides,-39.4461,147.178
2337292,2337292,Neosebastes scorpaenoides,-39.4461,147.178
2337292,2337292,Neosebastes scorpaenoides,-39.4461,147.178
2337292,2337292,Neosebastes scorpaenoides,-39.4073,147.083
2337292,2337292,Neosebastes scorpaenoides,-39.4073,147.083
2337292,2337292,Neosebastes scorpaenoides,-39.3612,147.144
2337292,2337292,Neosebastes scorpaenoides,-39.3612,147.144
2337292,2337292,Neosebastes scorpaenoides,-39.375,147.15
2337292,2337292,Neosebastes scorpaenoides,-39.375,147.15
2337292,2337292,Neosebastes scorpaenoides,-39.375,147.15
2337292,2337292,Neosebastes scorpaenoides,-39.3612,147.144
2337292,2337292,Neosebastes scorpaenoides,-39.3612,147.144
2337292,2337292,Neosebastes scorpaenoides,-39.3479,147.11
2337292,2337292,Neosebastes scorpaenoides,-39.3612,147.144
2337292,2337292,Neosebastes scorpaenoides,-39.3479,147.11
2337292,2337292,Neosebastes scorpaenoides,-39.3612,147.144
2337292,2337292,Neosebastes scorpaenoides,-39.3479,147.11
2337292,2337292,Neosebastes scorpaenoides,-39.3318,147.131
2337292,2337292,Neosebastes scorpaenoides,-39.3529,147.136
2337292,2337292,Neosebastes scorpaenoides,-39.4398,147.168
2337292,2337292,Neosebastes scorpaenoides,-39.4398,147.168
2337292,2337292,Neosebastes scorpaenoides,-39.3529,147.136
2337292,2337292,Neosebastes scorpaenoides,-39.3529,147.136
2337292,2337292,Neosebastes scorpaenoides,-39.3529,147.136
2337292,2337292,Neosebastes scorpaenoides,-39.3529,147.136
2337292,2337292,Neosebastes scorpaenoides,-39.3529,147.136
2337292,2337292,Neosebastes scorpaenoides,-39.3529,147.136
2337292,2337292,Neosebastes scorpaenoides,-39.3459,147.112
2337292,2337292,Neosebastes scorpaenoides,-39.406,147.115
2337292,2337292,Neosebastes scorpaenoides,-39.406,147.115
2337292,2337292,Neosebastes scorpaenoides,-39.3729,147.155
2337292,2337292,Neosebastes scorpaenoides,-39.3729,147.155
2337292,2337292,Neosebastes scorpaenoides,-39.3729,147.155
2337292,2337292,Neosebastes scorpaenoides,-39.3729,147.155
2337292,2337292,Neosebastes scorpaenoides,-39.3729,147.155
2337292,2337292,Neosebastes scorpaenoides,-39.3086,147.13
2337292,2337292,Neosebastes scorpaenoides,-39.3523,146.988
2337292,2337292,Neosebastes scorpaenoides,-39.3523,146.988
2337292,2337292,Neosebastes scorpaenoides,-39.3523,146.988
2337292,2337292,Neosebastes scorpaenoides,-39.3523,146.988
2337292,2337292,Neosebastes scorpaenoides,-39.3401,147.128
2337292,2337292,Neosebastes scorpaenoides,-39.3861,146.927
2337292,2337292,Neosebastes scorpaenoides,-39.3861,146.927
2337292,2337292,Neosebastes scorpaenoides,-39.3244,147.134
2337292,2337292,Neosebastes scorpaenoides,-39.3729,147.155
2337292,2337292,Neosebastes scorpaenoides,-39.3052,147.106
2337292,2337292,Neosebastes scorpaenoides,-39.3052,147.106
2337292,2337292,Neosebastes scorpaenoides,-39.3052,147.106
2337292,2337292,Neosebastes scorpaenoides,-39.3395,147.125
2337292,2337292,Neosebastes scorpaenoides,-39.3395,147.125
2337292,2337292,Neosebastes scorpaenoides,-39.3395,147.125
2337292,2337292,Neosebastes scorpaenoides,-39.361,147.146
2337292,2337292,Neosebastes scorpaenoides,-39.361,147.146
2337292,2337292,Neosebastes scorpaenoides,-39.361,147.146
2337292,2337292,Neosebastes scorpaenoides,-39.361,147.146
2337292,2337292,Neosebastes scorpaenoides,-39.361,147.146
2337292,2337292,Neosebastes scorpaenoides,-39.3496,147.11
2337292,2337292,Neosebastes scorpaenoides,-39.3496,147.11
2337292,2337292,Neosebastes scorpaenoides,-39.3297,147.118
2337292,2337292,Neosebastes scorpaenoides,-39.4101,147.074
2337292,2337292,Neosebastes scorpaenoides,-39.3244,147.134
2337292,2337292,Neosebastes scorpaenoides,-39.3244,147.134
2337292,2337292,Neosebastes scorpaenoides,-39.3338,147.129
2337292,2337292,Neosebastes scorpaenoides,-39.3578,147.141
2337292,2337292,Neosebastes scorpaenoides,-39.3578,147.141
2337292,2337292,Neosebastes scorpaenoides,-39.3375,147.127
2337292,2337292,Neosebastes scorpaenoides,-39.3375,147.127
2337292,2337292,Neosebastes scorpaenoides,-39.3375,147.127
2337292,2337292,Neosebastes scorpaenoides,-39.3375,147.127
2337292,2337292,Neosebastes scorpaenoides,-39.3375,147.127
2337292,2337292,Neosebastes scorpaenoides,-39.3375,147.127
2337292,2337292,Neosebastes scorpaenoides,-39.2981,147.105
2337292,2337292,Neosebastes scorpaenoides,-39.3389,147.132
2337292,2337292,Neosebastes scorpaenoides,-39.3389,147.132
2337292,2337292,Neosebastes scorpaenoides,-39.3389,147.132
2337292,2337292,Neosebastes scorpaenoides,-39.3389,147.132
2337292,2337292,Neosebastes scorpaenoides,-39.3389,147.132
2337292,2337292,Neosebastes scorpaenoides,-39.4483,147.174
2337292,2337292,Neosebastes scorpaenoides,-39.4483,147.174
2337292,2337292,Neosebastes scorpaenoides,-39.343,147.125
2337292,2337292,Neosebastes scorpaenoides,-39.343,147.125
2337292,2337292,Neosebastes scorpaenoides,-39.343,147.125
2337292,2337292,Neosebastes scorpaenoides,-39.343,147.125
2337292,2337292,Neosebastes scorpaenoides,-39.3661,147.149
2337292,2337292,Neosebastes scorpaenoides,-39.4349,147.14
2337292,2337292,Neosebastes scorpaenoides,-39.4349,147.14
2337292,2337292,Neosebastes scorpaenoides,-39.4349,147.14
2337292,2337292,Neosebastes scorpaenoides,-39.4349,147.14
2337292,2337292,Neosebastes scorpaenoides,-39.3826,146.879
2337292,2337292,Neosebastes scorpaenoides,-39.3826,146.879
2337292,2337292,Neosebastes scorpaenoides,-39.3172,147.002
2337292,2337292,Neosebastes scorpaenoides,-39.5098,147.534
2337292,2337292,Neosebastes scorpaenoides,-39.5098,147.534
2337292,2337292,Neosebastes scorpaenoides,-39.4363,147.145
2337292,2337292,Neosebastes scorpaenoides,-39.5514,147.507
2337292,2337292,Neosebastes scorpaenoides,-39.4363,147.145
2337292,2337292,Neosebastes scorpaenoides,-39.5514,147.507
2337292,2337292,Neosebastes scorpaenoides,-39.4363,147.145
2337292,2337292,Neosebastes scorpaenoides,-39.5514,147.507
2337292,2337292,Neosebastes scorpaenoides,-39.0718,147.112
2337292,2337292,Neosebastes scorpaenoides,-39.4873,147.503
2337292,2337292,Neosebastes scorpaenoides,-39.4873,147.503
2337292,2337292,Neosebastes scorpaenoides,-39.5266,147.483
2337292,2337292,Neosebastes scorpaenoides,-39.5266,147.483
2337292,2337292,Neosebastes scorpaenoides,-39.0492,147.081
2337292,2337292,Neosebastes scorpaenoides,-39.0492,147.081
2337292,2337292,Neosebastes scorpaenoides,-39.0492,147.081
2337292,2337292,Neosebastes scorpaenoides,-39.0492,147.081
2337292,2337292,Neosebastes scorpaenoides,-39.0795,147.083
2337292,2337292,Neosebastes scorpaenoides,-39.0795,147.083
2337292,2337292,Neosebastes scorpaenoides,-39.165,146.774
2337292,2337292,Neosebastes scorpaenoides,-39.5101,147.487
2337292,2337292,Neosebastes scorpaenoides,-39.5101,147.487
2337292,2337292,Neosebastes scorpaenoides,-39.5101,147.487
2337292,2337292,Neosebastes scorpaenoides,-39.5101,147.487
2337292,2337292,Neosebastes scorpaenoides,-39.0719,147.132
2337292,2337292,Neosebastes scorpaenoides,-39.0719,147.132
2337292,2337292,Neosebastes scorpaenoides,-39.2652,147.267
2337292,2337292,Neosebastes scorpaenoides,-39.2652,147.267
2337292,2337292,Neosebastes scorpaenoides,-39.2652,147.267
2337292,2337292,Neosebastes scorpaenoides,-39.1133,146.616
2337292,2337292,Neosebastes scorpaenoides,-39.1133,146.616
2337292,2337292,Neosebastes scorpaenoides,-39.5697,147.503
2337292,2337292,Neosebastes scorpaenoides,-39.1,147.118
2337292,2337292,Neosebastes scorpaenoides,-39.5697,147.503
2337292,2337292,Neosebastes scorpaenoides,-39.1069,146.537
2337292,2337292,Neosebastes scorpaenoides,-39.1069,146.537
2337292,2337292,Neosebastes scorpaenoides,-39.1069,146.537
2337292,2337292,Neosebastes scorpaenoides,-39.3352,146.663
2337292,2337292,Neosebastes scorpaenoides,-39.3352,146.663
2337292,2337292,Neosebastes scorpaenoides,-39.5292,147.516
2337292,2337292,Neosebastes scorpaenoides,-39.5292,147.516
2337292,2337292,Neosebastes scorpaenoides,-39.5292,147.516
2337292,2337292,Neosebastes scorpaenoides,-39.5292,147.516
2337292,2337292,Neosebastes scorpaenoides,-39.1133,146.616
2337292,2337292,Neosebastes scorpaenoides,-39.0917,147.153
2337292,2337292,Neosebastes scorpaenoides,-39.0917,147.153
2337292,2337292,Neosebastes scorpaenoides,-39.238,146.868
2337292,2337292,Neosebastes scorpaenoides,-39.238,146.868
2337292,2337292,Neosebastes scorpaenoides,-39.4611,146.805
2337292,2337292,Neosebastes scorpaenoides,-39.4611,146.805
2337292,2337292,Neosebastes scorpaenoides,-39.4611,146.805
2337292,2337292,Neosebastes scorpaenoides,-39.5471,147.516
2337292,2337292,Neosebastes scorpaenoides,-39.4864,147.514
2337292,2337292,Neosebastes scorpaenoides,-39.4864,147.514
2337292,2337292,Neosebastes scorpaenoides,-39.4864,147.514
2337292,2337292,Neosebastes scorpaenoides,-39.4864,147.514
2337292,2337292,Neosebastes scorpaenoides,-39.5225,147.51
2337292,2337292,Neosebastes scorpaenoides,-39.5225,147.51
2337292,2337292,Neosebastes scorpaenoides,-39.5225,147.51
2337292,2337292,Neosebastes scorpaenoides,-39.5225,147.51
2337292,2337292,Neosebastes scorpaenoides,-39.597,147.518
2337292,2337292,Neosebastes scorpaenoides,-39.0577,147.064
2337292,2337292,Neosebastes scorpaenoides,-39.0577,147.064
2337292,2337292,Neosebastes scorpaenoides,-39.0814,147.147
2337292,2337292,Neosebastes scorpaenoides,-39.0814,147.147
2337292,2337292,Neosebastes scorpaenoides,-39.0814,147.147
2337292,2337292,Neosebastes scorpaenoides,-39.0782,147.099
2337292,2337292,Neosebastes scorpaenoides,-39.0782,147.099
2337292,2337292,Neosebastes scorpaenoides,-39.5866,147.493
2337292,2337292,Neosebastes scorpaenoides,-39.5866,147.493
2337292,2337292,Neosebastes scorpaenoides,-39.5866,147.493
2337292,2337292,Neosebastes scorpaenoides,-39.5866,147.493
2337292,2337292,Neosebastes scorpaenoides,-39.3076,146.604
2337292,2337292,Neosebastes scorpaenoides,-39.3076,146.604
2337292,2337292,Neosebastes scorpaenoides,-39.5866,147.493
2337292,2337292,Neosebastes scorpaenoides,-39.504,147.496
2337292,2337292,Neosebastes scorpaenoides,-39.504,147.496
2337292,2337292,Neosebastes scorpaenoides,-39.504,147.496
2337292,2337292,Neosebastes scorpaenoides,-39.5196,147.503
2337292,2337292,Neosebastes scorpaenoides,-39.5196,147.503
2337292,2337292,Neosebastes scorpaenoides,-39.5196,147.503
2337292,2337292,Neosebastes scorpaenoides,-39.5196,147.503
2337292,2337292,Neosebastes scorpaenoides,-39.2751,146.649
2337292,2337292,Neosebastes scorpaenoides,-39.2751,146.649
2337292,2337292,Neosebastes scorpaenoides,-39.0917,147.153
2337292,2337292,Neosebastes scorpaenoides,-39.5711,146.616
2337292,2337292,Neosebastes scorpaenoides,-39.5711,146.616
2337292,2337292,Neosebastes scorpaenoides,-39.5711,146.616
2337292,2337292,Neosebastes scorpaenoides,-39.5711,146.616
2337292,2337292,Neosebastes scorpaenoides,-39.5711,146.616
2337292,2337292,Neosebastes scorpaenoides,-39.5711,146.616
2337292,2337292,Neosebastes scorpaenoides,-39.1272,146.681
2337292,2337292,Neosebastes scorpaenoides,-39.1272,146.681
2337292,2337292,Neosebastes scorpaenoides,-39.1272,146.681
2337292,2337292,Neosebastes scorpaenoides,-39.4931,147.52
2337292,2337292,Neosebastes scorpaenoides,-39.4931,147.52
2337292,2337292,Neosebastes scorpaenoides,-39.5403,147.533
2337292,2337292,Neosebastes scorpaenoides,-39.5294,147.492
2337292,2337292,Neosebastes scorpaenoides,-39.5294,147.492
2337292,2337292,Neosebastes scorpaenoides,-39.2951,147.303
2337292,2337292,Neosebastes scorpaenoides,-39.2951,147.303
2337292,2337292,Neosebastes scorpaenoides,-39.2951,147.303
2337292,2337292,Neosebastes scorpaenoides,-39.0894,147.093
2337292,2337292,Neosebastes scorpaenoides,-39.0894,147.093
2337292,2337292,Neosebastes scorpaenoides,-39.0894,147.093
2337292,2337292,Neosebastes scorpaenoides,-39.0894,147.093
2337292,2337292,Neosebastes scorpaenoides,-39.4789,146.99
2337292,2337292,Neosebastes scorpaenoides,-39.4789,146.99
2337292,2337292,Neosebastes scorpaenoides,-39.5763,147.487
2337292,2337292,Neosebastes scorpaenoides,-39.5763,147.487
2337292,2337292,Neosebastes scorpaenoides,-39.5763,147.487
2337292,2337292,Neosebastes scorpaenoides,-39.5763,147.487
2337292,2337292,Neosebastes scorpaenoides,-39.2578,147.195
2337292,2337292,Neosebastes scorpaenoides,-39.2578,147.195
2337292,2337292,Neosebastes scorpaenoides,-39.2578,147.195
2337292,2337292,Neosebastes scorpaenoides,-39.1871,146.724
2337292,2337292,Neosebastes scorpaenoides,-39.1871,146.724
2337292,2337292,Neosebastes scorpaenoides,-39.4931,147.52
2337292,2337292,Neosebastes scorpaenoides,-39.1,147.118
2337292,2337292,Neosebastes scorpaenoides,-39.589,147.528
2337292,2337292,Neosebastes scorpaenoides,-39.058,147.105
2337292,2337292,Neosebastes scorpaenoides,-39.3163,147.32
2337292,2337292,Neosebastes scorpaenoides,-39.3163,147.32
2337292,2337292,Neosebastes scorpaenoides,-39.3129,146.743
2337292,2337292,Neosebastes scorpaenoides,-39.5866,147.493
2337292,2337292,Neosebastes scorpaenoides,-39.0856,147.074
2337292,2337292,Neosebastes scorpaenoides,-39.0856,147.074
2337292,2337292,Neosebastes scorpaenoides,-39.0856,147.074
2337292,2337292,Neosebastes scorpaenoides,-39.1409,146.959
2337292,2337292,Neosebastes scorpaenoides,-39.049,147.127
2337292,2337292,Neosebastes scorpaenoides,-39.5404,147.489
2337292,2337292,Neosebastes scorpaenoides,-39.5404,147.489
2337292,2337292,Neosebastes scorpaenoides,-39.5404,147.489
2337292,2337292,Neosebastes scorpaenoides,-39.086,147.148
2337292,2337292,Neosebastes scorpaenoides,-39.086,147.148
2337292,2337292,Neosebastes scorpaenoides,-39.086,147.148
2337292,2337292,Neosebastes scorpaenoides,-39.0838,147.162
2337292,2337292,Neosebastes scorpaenoides,-39.0838,147.162
2337292,2337292,Neosebastes scorpaenoides,-38.13908,144.713502
2337292,2337292,Neosebastes scorpaenoides,-40.91,145.58
2337292,2337292,Neosebastes scorpaenoides,-40.89,145.54
2337292,2337292,Neosebastes scorpaenoides,-38.35612,144.772393
2337292,2337292,Neosebastes scorpaenoides,-36.900053,149.927709
2337292,2337292,Neosebastes scorpaenoides,-38.273728,144.706495
2337292,2337292,Neosebastes scorpaenoides,-38.306642,144.801908
2337292,2337292,Neosebastes scorpaenoides,-40.8576,145.4971
2337292,2337292,Neosebastes scorpaenoides,-40.9018,145.5393
2337292,2337292,Neosebastes scorpaenoides,-40.9,145.55
2337292,2337292,Neosebastes scorpaenoides,-34.99,138.45
2337292,2337292,Neosebastes scorpaenoides,-37.558,149.908
2337292,2337292,Neosebastes scorpaenoides,-37.558,149.908
2337292,2337292,Neosebastes scorpaenoides,-41.027573,148.374482
2337292,2337292,Neosebastes scorpaenoides,-37.8884,147.9624
2337292,2337292,Neosebastes scorpaenoides,-38.2767,144.6976
2337292,2337292,Neosebastes scorpaenoides,-38.2767,144.6976
2337292,2337292,Neosebastes scorpaenoides,-34.98,138.45
2337292,2337292,Neosebastes scorpaenoides,-38.2767,144.6976
2337292,2337292,Neosebastes scorpaenoides,-35.53309,138.14019
2337292,2337292,Neosebastes scorpaenoides,-35.53309,138.14019
2337292,2337292,Neosebastes scorpaenoides,-35.4,138.33
2337292,2337292,Neosebastes scorpaenoides,-38.356554,144.773596
2337292,2337292,Neosebastes scorpaenoides,-38.2767,144.6976
2337292,2337292,Neosebastes scorpaenoides,-38.2767,144.6976
2337292,2337292,Neosebastes scorpaenoides,-37.8885,147.9675
2337292,2337292,Neosebastes scorpaenoides,-43.2971,145.9238
2337292,2337292,Neosebastes scorpaenoides,-43.341956,145.93689
2337292,2337292,Neosebastes scorpaenoides,-40.306667,148.563333
2337292,2337292,Neosebastes scorpaenoides,-35.57,138.61
2337292,2337292,Neosebastes scorpaenoides,-35.57,138.61
2337292,2337292,Neosebastes scorpaenoides,-38.2767,144.6976
2337292,2337292,Neosebastes scorpaenoides,-38.28,144.7
2337292,2337292,Neosebastes scorpaenoides,-40.73962,148.61536
2337292,2337292,Neosebastes scorpaenoides,-40.73962,148.61536
2337292,2337292,Neosebastes scorpaenoides,-40.50752,148.62958
2337292,2337292,Neosebastes scorpaenoides,-40.51542,148.6288
2337292,2337292,Neosebastes scorpaenoides,-40.51542,148.6288
2337292,2337292,Neosebastes scorpaenoides,-40.51542,148.6288
2337292,2337292,Neosebastes scorpaenoides,-40.65628,148.61352
2337292,2337292,Neosebastes scorpaenoides,-40.50813,148.62379
2337292,2337292,Neosebastes scorpaenoides,-40.50813,148.62379
2337292,2337292,Neosebastes scorpaenoides,-40.74018,148.62191
2337292,2337292,Neosebastes scorpaenoides,-40.50869,148.61561
2337292,2337292,Neosebastes scorpaenoides,-40.6526,148.61393
2337292,2337292,Neosebastes scorpaenoides,-40.6526,148.61393
2337292,2337292,Neosebastes scorpaenoides,-40.6526,148.61393
2337292,2337292,Neosebastes scorpaenoides,-40.64775,148.61798
2337292,2337292,Neosebastes scorpaenoides,-40.64775,148.61798
2337292,2337292,Neosebastes scorpaenoides,-40.65599,148.62212
2337292,2337292,Neosebastes scorpaenoides,-40.65599,148.62212
2337292,2337292,Neosebastes scorpaenoides,-40.73962,148.61536
2337292,2337292,Neosebastes scorpaenoides,-40.65599,148.62212
2337292,2337292,Neosebastes scorpaenoides,-40.73962,148.61536
2337292,2337292,Neosebastes scorpaenoides,-40.65628,148.61352
2337292,2337292,Neosebastes scorpaenoides,-40.65628,148.61352
2337292,2337292,Neosebastes scorpaenoides,-40.65628,148.61352
2337292,2337292,Neosebastes scorpaenoides,-40.45771,148.62738
2337292,2337292,Neosebastes scorpaenoides,-40.7396,148.6154
2337292,2337292,Neosebastes scorpaenoides,-40.7396,148.6154
2337292,2337292,Neosebastes scorpaenoides,-40.7396,148.6154
2337292,2337292,Neosebastes scorpaenoides,-40.7396,148.6154
2337292,2337292,Neosebastes scorpaenoides,-40.6477,148.618
2337292,2337292,Neosebastes scorpaenoides,-40.6525,148.6138
2337292,2337292,Neosebastes scorpaenoides,-40.6525,148.6138
2337292,2337292,Neosebastes scorpaenoides,-40.6525,148.6138
2337292,2337292,Neosebastes scorpaenoides,-40.6559,148.6221
2337292,2337292,Neosebastes scorpaenoides,-40.6559,148.6221
2337292,2337292,Neosebastes scorpaenoides,-40.6559,148.6221
2337292,2337292,Neosebastes scorpaenoides,-40.6562,148.6135
2337292,2337292,Neosebastes scorpaenoides,-40.6562,148.6135
2337292,2337292,Neosebastes scorpaenoides,-40.6562,148.6135
2337292,2337292,Neosebastes scorpaenoides,-40.6562,148.6135
2337292,2337292,Neosebastes scorpaenoides,-40.6477,148.618
2337292,2337292,Neosebastes scorpaenoides,-40.5082,148.6238
2337292,2337292,Neosebastes scorpaenoides,-40.5155,148.6287
2337292,2337292,Neosebastes scorpaenoides,-40.5155,148.6287
2337292,2337292,Neosebastes scorpaenoides,-40.5155,148.6287
2337292,2337292,Neosebastes scorpaenoides,-40.4577,148.6274
2337292,2337292,Neosebastes scorpaenoides,-40.5082,148.6238
2337292,2337292,Neosebastes scorpaenoides,-40.5075,148.6295
2337292,2337292,Neosebastes scorpaenoides,-40.5087,148.6155
2337292,2337292,Neosebastes scorpaenoides,-37.5576,149.9059
2337292,2337292,Neosebastes scorpaenoides,-35.4,138.33
2337292,2337292,Neosebastes scorpaenoides,-38.2767,144.6976
2337292,2337292,Neosebastes scorpaenoides,-35.56305,138.635042
2337292,2337292,Neosebastes scorpaenoides,-35.406935,138.329803
2337292,2337292,Neosebastes scorpaenoides,-38.34,144.76
2337292,2337292,Neosebastes scorpaenoides,-38.212033,145.034071
2337292,2337292,Neosebastes scorpaenoides,-38.35816,144.772656
2337292,2337292,Neosebastes scorpaenoides,-38.356554,144.773596
2337292,2337292,Neosebastes scorpaenoides,-35.6868,136.8836
2337292,2337292,Neosebastes scorpaenoides,-35.68682,136.88361
2337292,2337292,Neosebastes scorpaenoides,-35.407833,137.911
2337292,2337292,Neosebastes scorpaenoides,-35.407833,137.911
2337292,10659919,Neosebastes scorpaenoides,-35.40783,137.911
2337292,10659919,Neosebastes scorpaenoides,-35.40783,137.911
2337292,2337292,Neosebastes scorpaenoides,-35.407833,137.911
2337292,2337292,Neosebastes scorpaenoides,-35.407833,137.911
2337292,2337292,Neosebastes scorpaenoides,-37.8091,148.7368
2337292,2337292,Neosebastes scorpaenoides,-37.809083,148.7368
2337292,2337292,Neosebastes scorpaenoides,-37.809083,148.7368
2337292,2337292,Neosebastes scorpaenoides,-41.222539,148.286312
2337292,2337292,Neosebastes scorpaenoides,-35.418573,138.320961
2337292,2337292,Neosebastes scorpaenoides,-38.1703,144.72
2337292,2337292,Neosebastes scorpaenoides,-38.1703,144.72
2337292,2337292,Neosebastes scorpaenoides,-37.44444,139.53875
2337292,2337292,Neosebastes scorpaenoides,-37.57972,139.70875
2337292,2337292,Neosebastes scorpaenoides,-37.57972,139.70875
2337292,2337292,Neosebastes scorpaenoides,-37.44444,139.53875
2337292,2337292,Neosebastes scorpaenoides,-37.44444,139.53875
2337292,2337292,Neosebastes scorpaenoides,-35.519,138.1845
2337292,2337292,Neosebastes scorpaenoides,-37.44444,139.53875
2337292,2337292,Neosebastes scorpaenoides,-35.51901,138.18452
2337292,2337292,Neosebastes scorpaenoides,-37.57972,139.70875
2337292,2337292,Neosebastes scorpaenoides,-37.44444,139.53875
2337292,2337292,Neosebastes scorpaenoides,-37.57972,139.70875
2337292,2337292,Neosebastes scorpaenoides,-37.44444,139.53875
2337292,2337292,Neosebastes scorpaenoides,-31.51633,115.15512
2337292,2337292,Neosebastes scorpaenoides,-34.817805,137.09023
2337292,2337292,Neosebastes scorpaenoides,-34.6768,137.16766
2337292,2337292,Neosebastes scorpaenoides,-35.67,136.97
2337292,2337292,Neosebastes scorpaenoides,-35.557266,137.532845
2337292,2337292,Neosebastes scorpaenoides,-38.211811,145.03459
2337292,2337292,Neosebastes scorpaenoides,-41.13136,146.14314
2337292,2337292,Neosebastes scorpaenoides,-43.297110000000004,145.92377
2337292,2337292,Neosebastes scorpaenoides,-43.297110000000004,145.92377
2337292,2337292,Neosebastes scorpaenoides,-35.4454,137.945
2337292,2337292,Neosebastes scorpaenoides,-35.2818,138.16
2337292,2337292,Neosebastes scorpaenoides,-35.2818,138.16
2337292,2337292,Neosebastes scorpaenoides,-35.1375,138.268
2337292,2337292,Neosebastes scorpaenoides,-33.6228,137.4989
2337292,2337292,Neosebastes scorpaenoides,-33.6228,137.4989
2337292,2337292,Neosebastes scorpaenoides,-35.4453,137.945
2337292,2337292,Neosebastes scorpaenoides,-35.4453,137.945
2337292,2337292,Neosebastes scorpaenoides,-35.4079,137.911
2337292,2337292,Neosebastes scorpaenoides,-34.7903,138.022
2337292,2337292,Neosebastes scorpaenoides,-35.0244,138.005
2337292,2337292,Neosebastes scorpaenoides,-35.0286,138.085
2337292,2337292,Neosebastes scorpaenoides,-35.0244,138.005
2337292,2337292,Neosebastes scorpaenoides,-38.7639,143.68
2337292,2337292,Neosebastes scorpaenoides,-33.185,137.6
2337292,2337292,Neosebastes scorpaenoides,-33.8308,137.537
2337292,2337292,Neosebastes scorpaenoides,-33.185,137.6
2337292,2337292,Neosebastes scorpaenoides,-33.8308,137.537
2337292,2337292,Neosebastes scorpaenoides,-33.8308,137.537
2337292,2337292,Neosebastes scorpaenoides,-33.8308,137.537
2337292,10659919,Neosebastes scorpaenoides,-33.83083,137.53667
2337292,2337292,Neosebastes scorpaenoides,-38.6774,145.617
2337292,2337292,Neosebastes scorpaenoides,-38.2767,144.698
2337292,2337292,Neosebastes scorpaenoides,-37.8658,144.9
2337292,2337292,Neosebastes scorpaenoides,-38.2767,144.698
2337292,2337292,Neosebastes scorpaenoides,-35.4161,137.6375
2337292,2337292,Neosebastes scorpaenoides,-35.4161,137.6375
2337292,2337292,Neosebastes scorpaenoides,-35.4161,137.6375
2337292,2337292,Neosebastes scorpaenoides,-35.4161,137.6375
2337292,2337292,Neosebastes scorpaenoides,-35.1139,138.1667
2337292,2337292,Neosebastes scorpaenoides,-34.937116,137.933559
2337292,2337292,Neosebastes scorpaenoides,-35.089401,138.265858
2337292,2337292,Neosebastes scorpaenoides,-34.912657,137.951398
2337292,2337292,Neosebastes scorpaenoides,-35.089401,138.265858
2337292,2337292,Neosebastes scorpaenoides,-34.937116,137.933559
2337292,2337292,Neosebastes scorpaenoides,-34.912657,137.951398
2337292,2337292,Neosebastes scorpaenoides,-37.75,140.25
2337292,2337292,Neosebastes scorpaenoides,-37.25,140.25
2337292,2337292,Neosebastes scorpaenoides,-37.75,140.75
2337292,2337292,Neosebastes scorpaenoides,-38.0683,144.726
2337292,2337292,Neosebastes scorpaenoides,-38.08,144.72
2337292,2337292,Neosebastes scorpaenoides,-38.0967,144.535
2337292,2337292,Neosebastes scorpaenoides,-38.7,148.291667
2337292,2337292,Neosebastes scorpaenoides,-37.59166,149.8125
2337292,2337292,Neosebastes scorpaenoides,-37.59166,149.8125
2337292,2337292,Neosebastes scorpaenoides,-37.59166,149.8125
2337292,2337292,Neosebastes scorpaenoides,-37.59166,149.8125
2337292,2337292,Neosebastes scorpaenoides,-37.59166,149.8125
2337292,2337292,Neosebastes scorpaenoides,-37.59166,149.8125
2337292,2337292,Neosebastes scorpaenoides,-37.59166,149.8125
2337292,2337292,Neosebastes scorpaenoides,-37.59166,149.8125
2337292,2337292,Neosebastes scorpaenoides,-38.92417,148.32583
2337292,2337292,Neosebastes scorpaenoides,-38.92417,148.32583
2337292,2337292,Neosebastes scorpaenoides,-38.92417,148.32583
2337292,2337292,Neosebastes scorpaenoides,-38.92417,148.32583
2337292,2337292,Neosebastes scorpaenoides,-38.92417,148.32583
2337292,2337292,Neosebastes scorpaenoides,-38.92417,148.32583
2337292,2337292,Neosebastes scorpaenoides,-38.92417,148.32583
2337292,2337292,Neosebastes scorpaenoides,-38.92417,148.32583
2337292,2337292,Neosebastes scorpaenoides,-38.92417,148.32583
2337292,2337292,Neosebastes scorpaenoides,-38.92417,148.32583
2337292,2337292,Neosebastes scorpaenoides,-38.92417,148.32583
2337292,2337292,Neosebastes scorpaenoides,-38.92417,148.32583
2337292,2337292,Neosebastes scorpaenoides,-38.92417,148.32583
2337292,2337292,Neosebastes scorpaenoides,-38.92417,148.32583
2337292,2337292,Neosebastes scorpaenoides,-38.92417,148.32583
2337292,2337292,Neosebastes scorpaenoides,-38.92417,148.32583
2337292,2337292,Neosebastes scorpaenoides,-38.92417,148.32583
2337292,2337292,Neosebastes scorpaenoides,-38.92417,148.32583
2337292,2337292,Neosebastes scorpaenoides,-38.92417,148.32583
2337292,2337292,Neosebastes scorpaenoides,-38.92417,148.32583
2337292,2337292,Neosebastes scorpaenoides,-38.92417,148.32583
2337292,2337292,Neosebastes scorpaenoides,-38.92417,148.32583
2337292,2337292,Neosebastes scorpaenoides,-38.92417,148.32583
2337292,2337292,Neosebastes scorpaenoides,-38.92417,148.32583
2337292,2337292,Neosebastes scorpaenoides,-38.92417,148.32583
2337292,2337292,Neosebastes scorpaenoides,-37.92916,148.245
2337292,2337292,Neosebastes scorpaenoides,-37.92916,148.245
2337292,2337292,Neosebastes scorpaenoides,-37.92916,148.245
2337292,2337292,Neosebastes scorpaenoides,-37.92916,148.245
2337292,2337292,Neosebastes scorpaenoides,-37.92916,148.245
2337292,2337292,Neosebastes scorpaenoides,-37.92916,148.245
2337292,2337292,Neosebastes scorpaenoides,-37.92916,148.245
2337292,2337292,Neosebastes scorpaenoides,-37.92916,148.245
2337292,2337292,Neosebastes scorpaenoides,-37.92916,148.245
2337292,2337292,Neosebastes scorpaenoides,-37.92916,148.245
2337292,2337292,Neosebastes scorpaenoides,-37.92916,148.245
2337292,2337292,Neosebastes scorpaenoides,-37.92916,148.245
2337292,2337292,Neosebastes scorpaenoides,-37.92916,148.245
2337292,2337292,Neosebastes scorpaenoides,-37.92916,148.245
2337292,2337292,Neosebastes scorpaenoides,-37.92916,148.245
2337292,2337292,Neosebastes scorpaenoides,-37.92916,148.245
2337292,2337292,Neosebastes scorpaenoides,-37.92916,148.245
2337292,2337292,Neosebastes scorpaenoides,-37.92916,148.245
2337292,2337292,Neosebastes scorpaenoides,-37.92916,148.245
2337292,2337292,Neosebastes scorpaenoides,-37.92916,148.245
2337292,2337292,Neosebastes scorpaenoides,-37.92916,148.245
2337292,2337292,Neosebastes scorpaenoides,-37.92916,148.245
2337292,2337292,Neosebastes scorpaenoides,-37.92916,148.245
2337292,2337292,Neosebastes scorpaenoides,-37.92916,148.245
2337292,2337292,Neosebastes scorpaenoides,-37.92916,148.245
2337292,2337292,Neosebastes scorpaenoides,-37.92916,148.245
2337292,2337292,Neosebastes scorpaenoides,-37.92916,148.245
2337292,2337292,Neosebastes scorpaenoides,-37.92916,148.245
2337292,2337292,Neosebastes scorpaenoides,-37.92916,148.245
2337292,2337292,Neosebastes scorpaenoides,-37.92916,148.245
2337292,2337292,Neosebastes scorpaenoides,-37.92916,148.245
2337292,2337292,Neosebastes scorpaenoides,-37.92916,148.245
2337292,2337292,Neosebastes scorpaenoides,-37.92916,148.245
2337292,2337292,Neosebastes scorpaenoides,-37.92916,148.245
2337292,2337292,Neosebastes scorpaenoides,-37.92916,148.245
2337292,2337292,Neosebastes scorpaenoides,-37.92916,148.245
2337292,2337292,Neosebastes scorpaenoides,-37.92916,148.245
2337292,2337292,Neosebastes scorpaenoides,-37.92916,148.245
2337292,2337292,Neosebastes scorpaenoides,-37.92916,148.245
2337292,2337292,Neosebastes scorpaenoides,-38.92417,148.32583
2337292,2337292,Neosebastes scorpaenoides,-38.61666,148.35334
2337292,2337292,Neosebastes scorpaenoides,-38.9975,146.59918
2337292,2337292,Neosebastes scorpaenoides,-38.61666,148.35334
2337292,2337292,Neosebastes scorpaenoides,-38.61666,148.35334
2337292,2337292,Neosebastes scorpaenoides,-38.61666,148.35334
2337292,2337292,Neosebastes scorpaenoides,-38.61666,148.35334
2337292,2337292,Neosebastes scorpaenoides,-38.61666,148.35334
2337292,2337292,Neosebastes scorpaenoides,-38.61666,148.35334
2337292,2337292,Neosebastes scorpaenoides,-38.61666,148.35334
2337292,2337292,Neosebastes scorpaenoides,-38.61666,148.35334
2337292,2337292,Neosebastes scorpaenoides,-38.61666,148.35334
2337292,2337292,Neosebastes scorpaenoides,-37.92916,148.245
2337292,2337292,Neosebastes scorpaenoides,-37.59166,149.8125
2337292,2337292,Neosebastes scorpaenoides,-38.61666,148.35334
2337292,2337292,Neosebastes scorpaenoides,-38.61666,148.35334
2337292,2337292,Neosebastes scorpaenoides,-37.28666,149.9975
2337292,2337292,Neosebastes scorpaenoides,-38.9975,146.59918
2337292,2337292,Neosebastes scorpaenoides,-38.61666,148.35334
2337292,2337292,Neosebastes scorpaenoides,-38.61666,148.35334
2337292,2337292,Neosebastes scorpaenoides,-38.61666,148.35334
2337292,2337292,Neosebastes scorpaenoides,-38.61666,148.35334
2337292,2337292,Neosebastes scorpaenoides,-38.61666,148.35334
2337292,2337292,Neosebastes scorpaenoides,-38.61666,148.35334
2337292,2337292,Neosebastes scorpaenoides,-38.61666,148.35334
2337292,2337292,Neosebastes scorpaenoides,-38.61666,148.35334
2337292,2337292,Neosebastes scorpaenoides,-38.61666,148.35334
2337292,2337292,Neosebastes scorpaenoides,-38.61666,148.35334
2337292,2337292,Neosebastes scorpaenoides,-38.61666,148.35334
2337292,2337292,Neosebastes scorpaenoides,-37.58166,149.85833
2337292,2337292,Neosebastes scorpaenoides,-37.58166,149.85833
2337292,2337292,Neosebastes scorpaenoides,-37.58166,149.85833
2337292,2337292,Neosebastes scorpaenoides,-37.58166,149.85833
2337292,2337292,Neosebastes scorpaenoides,-37.58166,149.85833
2337292,2337292,Neosebastes scorpaenoides,-37.58166,149.85833
2337292,2337292,Neosebastes scorpaenoides,-37.58166,149.85833
2337292,2337292,Neosebastes scorpaenoides,-37.91416,149.04334
2337292,2337292,Neosebastes scorpaenoides,-38.9975,146.59918
2337292,2337292,Neosebastes scorpaenoides,-38.9975,146.59918
2337292,2337292,Neosebastes scorpaenoides,-38.9975,146.59918
2337292,2337292,Neosebastes scorpaenoides,-38.9975,146.59918
2337292,2337292,Neosebastes scorpaenoides,-38.9975,146.59918
2337292,2337292,Neosebastes scorpaenoides,-38.9975,146.59918
2337292,2337292,Neosebastes scorpaenoides,-38.9975,146.59918
2337292,2337292,Neosebastes scorpaenoides,-38.9975,146.59918
2337292,2337292,Neosebastes scorpaenoides,-37.835,149.07418
2337292,2337292,Neosebastes scorpaenoides,-37.835,149.07418
2337292,2337292,Neosebastes scorpaenoides,-37.835,149.07418
2337292,2337292,Neosebastes scorpaenoides,-37.835,149.07418
2337292,2337292,Neosebastes scorpaenoides,-37.835,149.07418
2337292,2337292,Neosebastes scorpaenoides,-37.835,149.07418
2337292,2337292,Neosebastes scorpaenoides,-37.835,149.07418
2337292,2337292,Neosebastes scorpaenoides,-37.835,149.07418
2337292,2337292,Neosebastes scorpaenoides,-37.835,149.07418
2337292,2337292,Neosebastes scorpaenoides,-37.835,149.07418
2337292,2337292,Neosebastes scorpaenoides,-37.835,149.07418
2337292,2337292,Neosebastes scorpaenoides,-37.31,150.02
2337292,2337292,Neosebastes scorpaenoides,-37.835,149.07418
2337292,2337292,Neosebastes scorpaenoides,-38.97083,146.54666
2337292,2337292,Neosebastes scorpaenoides,-37.31499,150.08001
2337292,2337292,Neosebastes scorpaenoides,-37.80833,149.00833
2337292,2337292,Neosebastes scorpaenoides,-36.38416,150.15166
2337292,2337292,Neosebastes scorpaenoides,-38.9975,146.59918
2337292,2337292,Neosebastes scorpaenoides,-38.9975,146.59918
2337292,2337292,Neosebastes scorpaenoides,-38.9975,146.59918
2337292,2337292,Neosebastes scorpaenoides,-38.9975,146.59918
2337292,2337292,Neosebastes scorpaenoides,-38.9975,146.59918
2337292,2337292,Neosebastes scorpaenoides,-38.9975,146.59918
2337292,2337292,Neosebastes scorpaenoides,-38.9975,146.59918
2337292,2337292,Neosebastes scorpaenoides,-38.9975,146.59918
2337292,2337292,Neosebastes scorpaenoides,-38.9975,146.59918
2337292,2337292,Neosebastes scorpaenoides,-37.58166,149.85833
2337292,2337292,Neosebastes scorpaenoides,-38.65,148.33168
2337292,2337292,Neosebastes scorpaenoides,-38.65,148.33168
2337292,2337292,Neosebastes scorpaenoides,-38.98,146.60834
2337292,2337292,Neosebastes scorpaenoides,-38.98,146.60834
2337292,2337292,Neosebastes scorpaenoides,-38.65,148.33168
2337292,2337292,Neosebastes scorpaenoides,-38.98,146.60834
2337292,2337292,Neosebastes scorpaenoides,-38.98,146.60834
2337292,2337292,Neosebastes scorpaenoides,-38.65,148.33168
2337292,2337292,Neosebastes scorpaenoides,-38.98,146.60834
2337292,2337292,Neosebastes scorpaenoides,-38.98,146.60834
2337292,2337292,Neosebastes scorpaenoides,-38.65,148.33168
2337292,2337292,Neosebastes scorpaenoides,-38.65,148.33168
2337292,2337292,Neosebastes scorpaenoides,-38.98,146.60834
2337292,2337292,Neosebastes scorpaenoides,-38.65,148.33168
2337292,2337292,Neosebastes scorpaenoides,-38.98,146.60834
2337292,2337292,Neosebastes scorpaenoides,-38.98,146.60834
2337292,2337292,Neosebastes scorpaenoides,-36.37,150.15166
2337292,2337292,Neosebastes scorpaenoides,-38.98,146.60834
2337292,2337292,Neosebastes scorpaenoides,-38.98,146.60834
2337292,2337292,Neosebastes scorpaenoides,-38.98,146.60834
2337292,2337292,Neosebastes scorpaenoides,-38.98,146.60834
2337292,2337292,Neosebastes scorpaenoides,-38.65,148.33168
2337292,2337292,Neosebastes scorpaenoides,-38.65,148.33168
2337292,2337292,Neosebastes scorpaenoides,-38.65,148.33168
2337292,2337292,Neosebastes scorpaenoides,-38.65,148.33168
2337292,2337292,Neosebastes scorpaenoides,-38.98,146.60834
2337292,2337292,Neosebastes scorpaenoides,-38.98,146.60834
2337292,2337292,Neosebastes scorpaenoides,-38.98,146.60834
2337292,2337292,Neosebastes scorpaenoides,-38.65,148.33168
2337292,2337292,Neosebastes scorpaenoides,-38.98,146.60834
2337292,2337292,Neosebastes scorpaenoides,-38.65,148.33168
2337292,2337292,Neosebastes scorpaenoides,-38.98,146.60834
2337292,2337292,Neosebastes scorpaenoides,-38.98,146.60834
2337292,2337292,Neosebastes scorpaenoides,-38.65,148.33168
2337292,2337292,Neosebastes scorpaenoides,-38.7,148.291667
2337292,2337292,Neosebastes scorpaenoides,-37.59917,149.8375
2337292,2337292,Neosebastes scorpaenoides,-37.47891,149.99684
2337292,2337292,Neosebastes scorpaenoides,-37.82625,149.056
2337292,2337292,Neosebastes scorpaenoides,-37.82475,149.08025
2337292,2337292,Neosebastes scorpaenoides,-37.59917,149.8375
2337292,2337292,Neosebastes scorpaenoides,-37.59917,149.8375
2337292,2337292,Neosebastes scorpaenoides,-37.59917,149.8375
2337292,2337292,Neosebastes scorpaenoides,-37.59917,149.8375
2337292,2337292,Neosebastes scorpaenoides,-37.59917,149.8375
2337292,2337292,Neosebastes scorpaenoides,-37.59917,149.8375
2337292,2337292,Neosebastes scorpaenoides,-37.59917,149.8375
2337292,2337292,Neosebastes scorpaenoides,-37.59917,149.8375
2337292,2337292,Neosebastes scorpaenoides,-37.59917,149.8375
2337292,2337292,Neosebastes scorpaenoides,-37.82475,149.08025
2337292,2337292,Neosebastes scorpaenoides,-37.425,150.005
2337292,2337292,Neosebastes scorpaenoides,-37.5425,150.01168
2337292,2337292,Neosebastes scorpaenoides,-37.47891,149.99684
2337292,2337292,Neosebastes scorpaenoides,-37.82475,149.08025
2337292,2337292,Neosebastes scorpaenoides,-37.81,149.155
2337292,2337292,Neosebastes scorpaenoides,-37.82475,149.08025
2337292,2337292,Neosebastes scorpaenoides,-37.82475,149.08025
2337292,2337292,Neosebastes scorpaenoides,-37.82475,149.08025
2337292,2337292,Neosebastes scorpaenoides,-37.825,149.08
2337292,2337292,Neosebastes scorpaenoides,-37.825,149.08
2337292,2337292,Neosebastes scorpaenoides,-37.825,149.08
2337292,2337292,Neosebastes scorpaenoides,-37.825,149.08
2337292,2337292,Neosebastes scorpaenoides,-37.6025,149.84916
2337292,2337292,Neosebastes scorpaenoides,-37.47891,149.99684
2337292,2337292,Neosebastes scorpaenoides,-37.82475,149.08025
2337292,2337292,Neosebastes scorpaenoides,-37.82475,149.08025
2337292,2337292,Neosebastes scorpaenoides,-37.81,149.155
2337292,2337292,Neosebastes scorpaenoides,-37.82625,149.056
2337292,2337292,Neosebastes scorpaenoides,-37.47891,149.99684
2337292,2337292,Neosebastes scorpaenoides,-37.2,150.367
2337292,2337292,Neosebastes scorpaenoides,-34.984906,138.384462
2337292,2337292,Neosebastes scorpaenoides,-38.68333,148.28
2337292,2337292,Neosebastes scorpaenoides,-38.68333,148.28
2337292,2337292,Neosebastes scorpaenoides,-38.68333,148.28
2337292,2337292,Neosebastes scorpaenoides,-38.68333,148.28
2337292,2337292,Neosebastes scorpaenoides,-38.68333,148.28
2337292,2337292,Neosebastes scorpaenoides,-38.68333,148.28
2337292,2337292,Neosebastes scorpaenoides,-38.68333,148.28
2337292,2337292,Neosebastes scorpaenoides,-38.68333,148.28
2337292,2337292,Neosebastes scorpaenoides,-38.68333,148.28
2337292,2337292,Neosebastes scorpaenoides,-38.68333,148.28
2337292,2337292,Neosebastes scorpaenoides,-38.68333,148.28
2337292,2337292,Neosebastes scorpaenoides,-38.68333,148.28
2337292,2337292,Neosebastes scorpaenoides,-37.8275,149.07417
2337292,2337292,Neosebastes scorpaenoides,-37.85333,148.2175
2337292,2337292,Neosebastes scorpaenoides,-37.85333,148.2175
2337292,2337292,Neosebastes scorpaenoides,-37.85333,148.2175
2337292,2337292,Neosebastes scorpaenoides,-37.85333,148.2175
2337292,2337292,Neosebastes scorpaenoides,-37.85333,148.2175
2337292,2337292,Neosebastes scorpaenoides,-37.85333,148.2175
2337292,2337292,Neosebastes scorpaenoides,-37.85333,148.2175
2337292,2337292,Neosebastes scorpaenoides,-37.85333,148.2175
2337292,2337292,Neosebastes scorpaenoides,-37.85333,148.2175
2337292,2337292,Neosebastes scorpaenoides,-37.85333,148.2175
2337292,2337292,Neosebastes scorpaenoides,-37.85333,148.2175
2337292,2337292,Neosebastes scorpaenoides,-37.85333,148.2175
2337292,2337292,Neosebastes scorpaenoides,-37.85333,148.2175
2337292,2337292,Neosebastes scorpaenoides,-37.85333,148.2175
2337292,2337292,Neosebastes scorpaenoides,-37.85333,148.2175
2337292,2337292,Neosebastes scorpaenoides,-37.85333,148.2175
2337292,2337292,Neosebastes scorpaenoides,-37.85333,148.2175
2337292,2337292,Neosebastes scorpaenoides,-37.85333,148.2175
2337292,2337292,Neosebastes scorpaenoides,-37.85333,148.2175
2337292,2337292,Neosebastes scorpaenoides,-37.85333,148.2175
2337292,2337292,Neosebastes scorpaenoides,-37.85333,148.2175
2337292,2337292,Neosebastes scorpaenoides,-37.85333,148.2175
2337292,2337292,Neosebastes scorpaenoides,-37.28666,149.99166
2337292,2337292,Neosebastes scorpaenoides,-37.27833,150.03168
2337292,2337292,Neosebastes scorpaenoides,-37.81083,149.01583
2337292,2337292,Neosebastes scorpaenoides,-37.81083,149.01583
2337292,2337292,Neosebastes scorpaenoides,-37.81083,149.01583
2337292,2337292,Neosebastes scorpaenoides,-37.81083,149.01583
2337292,2337292,Neosebastes scorpaenoides,-37.81083,149.01583
2337292,2337292,Neosebastes scorpaenoides,-37.81083,149.01583
2337292,2337292,Neosebastes scorpaenoides,-37.85333,148.2175
2337292,2337292,Neosebastes scorpaenoides,-37.585,149.88499
2337292,2337292,Neosebastes scorpaenoides,-38.68333,148.28
2337292,2337292,Neosebastes scorpaenoides,-38.97666,146.56916
2337292,2337292,Neosebastes scorpaenoides,-38.99667,146.59751
2337292,2337292,Neosebastes scorpaenoides,-38.99667,146.59751
2337292,2337292,Neosebastes scorpaenoides,-38.99667,146.59751
2337292,2337292,Neosebastes scorpaenoides,-38.99667,146.59751
2337292,2337292,Neosebastes scorpaenoides,-38.99667,146.59751
2337292,2337292,Neosebastes scorpaenoides,-38.99667,146.59751
2337292,2337292,Neosebastes scorpaenoides,-38.99667,146.59751
2337292,2337292,Neosebastes scorpaenoides,-38.70333,148.27417
2337292,2337292,Neosebastes scorpaenoides,-37.30083,150.07833
2337292,2337292,Neosebastes scorpaenoides,-38.99667,146.59751
2337292,2337292,Neosebastes scorpaenoides,-38.985,146.58167
2337292,2337292,Neosebastes scorpaenoides,-37.5925,149.87333
2337292,2337292,Neosebastes scorpaenoides,-37.5925,149.87333
2337292,2337292,Neosebastes scorpaenoides,-37.5925,149.87333
2337292,2337292,Neosebastes scorpaenoides,-37.5925,149.87333
2337292,2337292,Neosebastes scorpaenoides,-37.5925,149.87333
2337292,2337292,Neosebastes scorpaenoides,-37.5925,149.87333
2337292,2337292,Neosebastes scorpaenoides,-37.5925,149.87333
2337292,2337292,Neosebastes scorpaenoides,-37.5925,149.87333
2337292,2337292,Neosebastes scorpaenoides,-38.97666,146.56916
2337292,2337292,Neosebastes scorpaenoides,-38.97666,146.56916
2337292,2337292,Neosebastes scorpaenoides,-38.97666,146.56916
2337292,2337292,Neosebastes scorpaenoides,-38.97666,146.56916
2337292,2337292,Neosebastes scorpaenoides,-38.97666,146.56916
2337292,2337292,Neosebastes scorpaenoides,-38.97666,146.56916
2337292,2337292,Neosebastes scorpaenoides,-38.97666,146.56916
2337292,2337292,Neosebastes scorpaenoides,-37.89083,149.05333
2337292,2337292,Neosebastes scorpaenoides,-37.87833,148.235
2337292,2337292,Neosebastes scorpaenoides,-37.28666,149.99166
2337292,2337292,Neosebastes scorpaenoides,-37.89083,149.05333
2337292,2337292,Neosebastes scorpaenoides,-37.89083,149.05333
2337292,2337292,Neosebastes scorpaenoides,-37.89083,149.05333
2337292,2337292,Neosebastes scorpaenoides,-37.89083,149.05333
2337292,2337292,Neosebastes scorpaenoides,-37.89083,149.05333
2337292,2337292,Neosebastes scorpaenoides,-37.89083,149.05333
2337292,2337292,Neosebastes scorpaenoides,-37.89083,149.05333
2337292,2337292,Neosebastes scorpaenoides,-37.89083,149.05333
2337292,2337292,Neosebastes scorpaenoides,-37.89083,149.05333
2337292,2337292,Neosebastes scorpaenoides,-37.89083,149.05333
2337292,2337292,Neosebastes scorpaenoides,-37.89083,149.05333
2337292,2337292,Neosebastes scorpaenoides,-37.89083,149.05333
2337292,2337292,Neosebastes scorpaenoides,-37.89083,149.05333
2337292,2337292,Neosebastes scorpaenoides,-37.89083,149.05333
2337292,2337292,Neosebastes scorpaenoides,-37.89083,149.05333
2337292,2337292,Neosebastes scorpaenoides,-37.89083,149.05333
2337292,2337292,Neosebastes scorpaenoides,-37.89083,149.05333
2337292,2337292,Neosebastes scorpaenoides,-37.89083,149.05333
2337292,2337292,Neosebastes scorpaenoides,-37.89083,149.05333
2337292,2337292,Neosebastes scorpaenoides,-37.89083,149.05333
2337292,2337292,Neosebastes scorpaenoides,-37.89083,149.05333
2337292,2337292,Neosebastes scorpaenoides,-37.89083,149.05333
2337292,2337292,Neosebastes scorpaenoides,-37.89083,149.05333
2337292,2337292,Neosebastes scorpaenoides,-37.89083,149.05333
2337292,2337292,Neosebastes scorpaenoides,-37.89083,149.05333
2337292,2337292,Neosebastes scorpaenoides,-37.89083,149.05333
2337292,2337292,Neosebastes scorpaenoides,-37.89083,149.05333
2337292,2337292,Neosebastes scorpaenoides,-37.89083,149.05333
2337292,2337292,Neosebastes scorpaenoides,-37.89083,149.05333
2337292,2337292,Neosebastes scorpaenoides,-37.89083,149.05333
2337292,2337292,Neosebastes scorpaenoides,-37.89083,149.05333
2337292,2337292,Neosebastes scorpaenoides,-37.89083,149.05333
2337292,2337292,Neosebastes scorpaenoides,-37.89083,149.05333
2337292,2337292,Neosebastes scorpaenoides,-37.89083,149.05333
2337292,2337292,Neosebastes scorpaenoides,-37.89083,149.05333
2337292,2337292,Neosebastes scorpaenoides,-37.89083,149.05333
2337292,2337292,Neosebastes scorpaenoides,-37.89083,149.05333
2337292,2337292,Neosebastes scorpaenoides,-37.89083,149.05333
2337292,2337292,Neosebastes scorpaenoides,-37.89083,149.05333
2337292,2337292,Neosebastes scorpaenoides,-37.89083,149.05333
2337292,2337292,Neosebastes scorpaenoides,-37.91583,148.26667
2337292,2337292,Neosebastes scorpaenoides,-37.91583,148.26667
2337292,2337292,Neosebastes scorpaenoides,-37.91583,148.26667
2337292,2337292,Neosebastes scorpaenoides,-37.91583,148.26667
2337292,2337292,Neosebastes scorpaenoides,-37.91583,148.26667
2337292,2337292,Neosebastes scorpaenoides,-37.91583,148.26667
2337292,2337292,Neosebastes scorpaenoides,-37.91583,148.26667
2337292,2337292,Neosebastes scorpaenoides,-37.91583,148.26667
2337292,2337292,Neosebastes scorpaenoides,-37.91583,148.26667
2337292,2337292,Neosebastes scorpaenoides,-37.91583,148.26667
2337292,2337292,Neosebastes scorpaenoides,-37.91583,148.26667
2337292,2337292,Neosebastes scorpaenoides,-37.91583,148.26667
2337292,2337292,Neosebastes scorpaenoides,-37.91583,148.26667
2337292,2337292,Neosebastes scorpaenoides,-37.91583,148.26667
2337292,2337292,Neosebastes scorpaenoides,-37.91583,148.26667
2337292,2337292,Neosebastes scorpaenoides,-37.91583,148.26667
2337292,2337292,Neosebastes scorpaenoides,-37.91583,148.26667
2337292,2337292,Neosebastes scorpaenoides,-37.91583,148.26667
2337292,2337292,Neosebastes scorpaenoides,-37.91583,148.26667
2337292,2337292,Neosebastes scorpaenoides,-37.91583,148.26667
2337292,2337292,Neosebastes scorpaenoides,-37.91583,148.26667
2337292,2337292,Neosebastes scorpaenoides,-37.91583,148.26667
2337292,2337292,Neosebastes scorpaenoides,-37.91583,148.26667
2337292,2337292,Neosebastes scorpaenoides,-37.91583,148.26667
2337292,2337292,Neosebastes scorpaenoides,-37.91583,148.26667
2337292,2337292,Neosebastes scorpaenoides,-37.91583,148.26667
2337292,2337292,Neosebastes scorpaenoides,-37.91583,148.26667
2337292,2337292,Neosebastes scorpaenoides,-37.91583,148.26667
2337292,2337292,Neosebastes scorpaenoides,-37.91583,148.26667
2337292,2337292,Neosebastes scorpaenoides,-37.91583,148.26667
2337292,2337292,Neosebastes scorpaenoides,-37.91583,148.26667
2337292,2337292,Neosebastes scorpaenoides,-37.91583,148.26667
2337292,2337292,Neosebastes scorpaenoides,-37.91583,148.26667
2337292,2337292,Neosebastes scorpaenoides,-37.91583,148.26667
2337292,2337292,Neosebastes scorpaenoides,-37.91583,148.26667
2337292,2337292,Neosebastes scorpaenoides,-37.91583,148.26667
2337292,2337292,Neosebastes scorpaenoides,-37.91583,148.26667
2337292,2337292,Neosebastes scorpaenoides,-37.91583,148.26667
2337292,2337292,Neosebastes scorpaenoides,-37.91583,148.26667
2337292,2337292,Neosebastes scorpaenoides,-37.91583,148.26667
2337292,2337292,Neosebastes scorpaenoides,-37.91583,148.26667
2337292,2337292,Neosebastes scorpaenoides,-37.91583,148.26667
2337292,2337292,Neosebastes scorpaenoides,-37.91583,148.26667
2337292,2337292,Neosebastes scorpaenoides,-37.91583,148.26667
2337292,2337292,Neosebastes scorpaenoides,-37.91583,148.26667
2337292,2337292,Neosebastes scorpaenoides,-37.91583,148.26667
2337292,2337292,Neosebastes scorpaenoides,-37.91583,148.26667
2337292,2337292,Neosebastes scorpaenoides,-37.91583,148.26667
2337292,2337292,Neosebastes scorpaenoides,-37.91583,148.26667
2337292,2337292,Neosebastes scorpaenoides,-37.91583,148.26667
2337292,2337292,Neosebastes scorpaenoides,-37.60416,149.89251
2337292,2337292,Neosebastes scorpaenoides,-37.8275,149.07417
2337292,2337292,Neosebastes scorpaenoides,-37.8275,149.07417
2337292,2337292,Neosebastes scorpaenoides,-37.8275,149.07417
2337292,2337292,Neosebastes scorpaenoides,-37.8275,149.07417
2337292,2337292,Neosebastes scorpaenoides,-37.8275,149.07417
2337292,2337292,Neosebastes scorpaenoides,-37.8275,149.07417
2337292,2337292,Neosebastes scorpaenoides,-37.8275,149.07417
2337292,2337292,Neosebastes scorpaenoides,-37.8275,149.07417
2337292,2337292,Neosebastes scorpaenoides,-37.8275,149.07417
2337292,2337292,Neosebastes scorpaenoides,-37.8275,149.07417
2337292,2337292,Neosebastes scorpaenoides,-37.8275,149.07417
2337292,2337292,Neosebastes scorpaenoides,-37.8275,149.07417
2337292,2337292,Neosebastes scorpaenoides,-37.8275,149.07417
2337292,2337292,Neosebastes scorpaenoides,-37.8275,149.07417
2337292,2337292,Neosebastes scorpaenoides,-37.8275,149.07417
2337292,2337292,Neosebastes scorpaenoides,-37.8275,149.07417
2337292,2337292,Neosebastes scorpaenoides,-37.8275,149.07417
2337292,2337292,Neosebastes scorpaenoides,-37.8275,149.07417
2337292,2337292,Neosebastes scorpaenoides,-37.8275,149.07417
2337292,2337292,Neosebastes scorpaenoides,-37.8275,149.07417
2337292,2337292,Neosebastes scorpaenoides,-37.8275,149.07417
2337292,2337292,Neosebastes scorpaenoides,-37.8275,149.07417
2337292,2337292,Neosebastes scorpaenoides,-37.8275,149.07417
2337292,2337292,Neosebastes scorpaenoides,-37.8275,149.07417
2337292,2337292,Neosebastes scorpaenoides,-37.8275,149.07417
2337292,2337292,Neosebastes scorpaenoides,-37.8275,149.07417
2337292,2337292,Neosebastes scorpaenoides,-37.8275,149.07417
2337292,2337292,Neosebastes scorpaenoides,-37.8275,149.07417
2337292,2337292,Neosebastes scorpaenoides,-37.8275,149.07417
2337292,2337292,Neosebastes scorpaenoides,-37.8275,149.07417
2337292,2337292,Neosebastes scorpaenoides,-37.8275,149.07417
2337292,2337292,Neosebastes scorpaenoides,-37.8275,149.07417
2337292,2337292,Neosebastes scorpaenoides,-37.8275,149.07417
2337292,2337292,Neosebastes scorpaenoides,-37.8275,149.07417
2337292,2337292,Neosebastes scorpaenoides,-37.8275,149.07417
2337292,2337292,Neosebastes scorpaenoides,-37.8275,149.07417
2337292,2337292,Neosebastes scorpaenoides,-37.8275,149.07417
2337292,2337292,Neosebastes scorpaenoides,-37.8275,149.07417
2337292,2337292,Neosebastes scorpaenoides,-37.8275,149.07417
2337292,2337292,Neosebastes scorpaenoides,-37.8275,149.07417
2337292,2337292,Neosebastes scorpaenoides,-37.8275,149.07417
2337292,2337292,Neosebastes scorpaenoides,-37.8275,149.07417
2337292,2337292,Neosebastes scorpaenoides,-37.8275,149.07417
2337292,2337292,Neosebastes scorpaenoides,-37.8275,149.07417
2337292,2337292,Neosebastes scorpaenoides,-37.8275,149.07417
2337292,2337292,Neosebastes scorpaenoides,-37.8275,149.07417
2337292,2337292,Neosebastes scorpaenoides,-37.8275,149.07417
2337292,2337292,Neosebastes scorpaenoides,-37.8275,149.07417
2337292,2337292,Neosebastes scorpaenoides,-37.8275,149.07417
2337292,2337292,Neosebastes scorpaenoides,-37.8275,149.07417
2337292,2337292,Neosebastes scorpaenoides,-37.8275,149.07417
2337292,2337292,Neosebastes scorpaenoides,-37.8275,149.07417
2337292,2337292,Neosebastes scorpaenoides,-37.8275,149.07417
2337292,2337292,Neosebastes scorpaenoides,-37.8275,149.07417
2337292,2337292,Neosebastes scorpaenoides,-37.8275,149.07417
2337292,2337292,Neosebastes scorpaenoides,-37.8275,149.07417
2337292,2337292,Neosebastes scorpaenoides,-37.8275,149.07417
2337292,2337292,Neosebastes scorpaenoides,-37.8275,149.07417
2337292,2337292,Neosebastes scorpaenoides,-37.8275,149.07417
2337292,2337292,Neosebastes scorpaenoides,-37.8275,149.07417
2337292,2337292,Neosebastes scorpaenoides,-37.8275,149.07417
2337292,2337292,Neosebastes scorpaenoides,-37.8275,149.07417
2337292,2337292,Neosebastes scorpaenoides,-37.8275,149.07417
2337292,2337292,Neosebastes scorpaenoides,-37.91583,148.26667
2337292,2337292,Neosebastes scorpaenoides,-37.5925,149.87333
2337292,2337292,Neosebastes scorpaenoides,-37.28666,149.99166
2337292,2337292,Neosebastes scorpaenoides,-37.28666,149.99166
2337292,2337292,Neosebastes scorpaenoides,-37.28666,149.99166
2337292,2337292,Neosebastes scorpaenoides,-37.28666,149.99166
2337292,2337292,Neosebastes scorpaenoides,-37.60416,149.89251
2337292,2337292,Neosebastes scorpaenoides,-37.81083,149.01583
2337292,2337292,Neosebastes scorpaenoides,-38.92667,148.31001
2337292,2337292,Neosebastes scorpaenoides,-38.92667,148.31001
2337292,2337292,Neosebastes scorpaenoides,-38.92667,148.31001
2337292,2337292,Neosebastes scorpaenoides,-38.92667,148.31001
2337292,2337292,Neosebastes scorpaenoides,-38.92667,148.31001
2337292,2337292,Neosebastes scorpaenoides,-38.92667,148.31001
2337292,2337292,Neosebastes scorpaenoides,-38.92667,148.31001
2337292,2337292,Neosebastes scorpaenoides,-38.92667,148.31001
2337292,2337292,Neosebastes scorpaenoides,-38.92667,148.31001
2337292,2337292,Neosebastes scorpaenoides,-38.92667,148.31001
2337292,2337292,Neosebastes scorpaenoides,-38.92667,148.31001
2337292,2337292,Neosebastes scorpaenoides,-38.92667,148.31001
2337292,2337292,Neosebastes scorpaenoides,-38.92667,148.31001
2337292,2337292,Neosebastes scorpaenoides,-38.92667,148.31001
2337292,2337292,Neosebastes scorpaenoides,-38.92667,148.31001
2337292,2337292,Neosebastes scorpaenoides,-38.92667,148.31001
2337292,2337292,Neosebastes scorpaenoides,-38.92667,148.31001
2337292,2337292,Neosebastes scorpaenoides,-38.92667,148.31001
2337292,2337292,Neosebastes scorpaenoides,-38.92667,148.31001
2337292,2337292,Neosebastes scorpaenoides,-38.92667,148.31001
2337292,2337292,Neosebastes scorpaenoides,-38.92667,148.31001
2337292,2337292,Neosebastes scorpaenoides,-38.92667,148.31001
2337292,2337292,Neosebastes scorpaenoides,-38.92667,148.31001
2337292,2337292,Neosebastes scorpaenoides,-38.92667,148.31001
2337292,2337292,Neosebastes scorpaenoides,-38.92667,148.31001
2337292,2337292,Neosebastes scorpaenoides,-38.92667,148.31001
2337292,2337292,Neosebastes scorpaenoides,-38.92667,148.31001
2337292,2337292,Neosebastes scorpaenoides,-38.92667,148.31001
2337292,2337292,Neosebastes scorpaenoides,-38.92667,148.31001
2337292,2337292,Neosebastes scorpaenoides,-38.92667,148.31001
2337292,2337292,Neosebastes scorpaenoides,-38.92667,148.31001
2337292,2337292,Neosebastes scorpaenoides,-38.92667,148.31001
2337292,2337292,Neosebastes scorpaenoides,-38.92667,148.31001
2337292,2337292,Neosebastes scorpaenoides,-38.92667,148.31001
2337292,2337292,Neosebastes scorpaenoides,-38.92667,148.31001
2337292,2337292,Neosebastes scorpaenoides,-38.92667,148.31001
2337292,2337292,Neosebastes scorpaenoides,-38.92667,148.31001
2337292,2337292,Neosebastes scorpaenoides,-38.92667,148.31001
2337292,2337292,Neosebastes scorpaenoides,-36.92167,149.96333
2337292,2337292,Neosebastes scorpaenoides,-37.59999,149.7975
2337292,2337292,Neosebastes scorpaenoides,-36.895,149.96333
2337292,2337292,Neosebastes scorpaenoides,-38.92667,148.31001
2337292,2337292,Neosebastes scorpaenoides,-37.59999,149.7975
2337292,2337292,Neosebastes scorpaenoides,-37.59999,149.7975
2337292,2337292,Neosebastes scorpaenoides,-37.59999,149.7975
2337292,2337292,Neosebastes scorpaenoides,-37.59999,149.7975
2337292,2337292,Neosebastes scorpaenoides,-37.59999,149.7975
2337292,2337292,Neosebastes scorpaenoides,-37.59999,149.7975
2337292,2337292,Neosebastes scorpaenoides,-37.59999,149.7975
2337292,2337292,Neosebastes scorpaenoides,-37.59999,149.7975
2337292,2337292,Neosebastes scorpaenoides,-37.59999,149.7975
2337292,2337292,Neosebastes scorpaenoides,-37.59999,149.7975
2337292,2337292,Neosebastes scorpaenoides,-37.59999,149.7975
2337292,2337292,Neosebastes scorpaenoides,-37.59999,149.7975
2337292,2337292,Neosebastes scorpaenoides,-37.59999,149.7975
2337292,2337292,Neosebastes scorpaenoides,-37.59999,149.7975
2337292,2337292,Neosebastes scorpaenoides,-37.59999,149.7975
2337292,2337292,Neosebastes scorpaenoides,-37.59999,149.7975
2337292,2337292,Neosebastes scorpaenoides,-37.59999,149.7975
2337292,2337292,Neosebastes scorpaenoides,-37.59999,149.7975
2337292,2337292,Neosebastes scorpaenoides,-36.92167,149.96333
2337292,2337292,Neosebastes scorpaenoides,-36.92167,149.96333
2337292,2337292,Neosebastes scorpaenoides,-36.92167,149.96333
2337292,2337292,Neosebastes scorpaenoides,-36.92167,149.96333
2337292,2337292,Neosebastes scorpaenoides,-36.92167,149.96333
2337292,2337292,Neosebastes scorpaenoides,-36.92167,149.96333
2337292,2337292,Neosebastes scorpaenoides,-36.92167,149.96333
2337292,2337292,Neosebastes scorpaenoides,-36.92167,149.96333
2337292,2337292,Neosebastes scorpaenoides,-36.92167,149.96333
2337292,2337292,Neosebastes scorpaenoides,-36.92167,149.96333
2337292,2337292,Neosebastes scorpaenoides,-36.92167,149.96333
2337292,2337292,Neosebastes scorpaenoides,-36.92167,149.96333
2337292,2337292,Neosebastes scorpaenoides,-41.233,148.28783
2337292,2337292,Neosebastes scorpaenoides,-41.233,148.28783
2337292,2337292,Neosebastes scorpaenoides,-41.20733,148.27667
2337292,2337292,Neosebastes scorpaenoides,-41.233,148.28783
2337292,2337292,Neosebastes scorpaenoides,-41.233,148.28783
2337292,2337292,Neosebastes scorpaenoides,-41.20733,148.27667
2337292,2337292,Neosebastes scorpaenoides,-41.197,148.27283
2337292,2337292,Neosebastes scorpaenoides,-41.233,148.28783
2337292,2337292,Neosebastes scorpaenoides,-41.233,148.28783
2337292,2337292,Neosebastes scorpaenoides,-41.1825,148.2745
2337292,2337292,Neosebastes scorpaenoides,-40.86317,147.88017
2337292,2337292,Neosebastes scorpaenoides,-40.86317,147.88017
2337292,2337292,Neosebastes scorpaenoides,-40.8705,147.86867
2337292,2337292,Neosebastes scorpaenoides,-40.87,147.77133
2337292,2337292,Neosebastes scorpaenoides,-40.87,147.77133
2337292,2337292,Neosebastes scorpaenoides,-41.24483,148.293
2337292,2337292,Neosebastes scorpaenoides,-41.22867,148.28567
2337292,2337292,Neosebastes scorpaenoides,-41.2355,148.29
2337292,2337292,Neosebastes scorpaenoides,-41.20767,148.2785
2337292,2337292,Neosebastes scorpaenoides,-41.2355,148.29
2337292,2337292,Neosebastes scorpaenoides,-41.22867,148.28567
2337292,2337292,Neosebastes scorpaenoides,-41.20767,148.2785
2337292,2337292,Neosebastes scorpaenoides,-41.2005,148.27283
2337292,2337292,Neosebastes scorpaenoides,-41.20767,148.2785
2337292,2337292,Neosebastes scorpaenoides,-41.2005,148.27283
2337292,2337292,Neosebastes scorpaenoides,-41.20767,148.2785
2337292,2337292,Neosebastes scorpaenoides,-41.2005,148.27283
2337292,2337292,Neosebastes scorpaenoides,-41.2005,148.27283
2337292,2337292,Neosebastes scorpaenoides,-41.2005,148.27283
2337292,2337292,Neosebastes scorpaenoides,-41.2005,148.27283
2337292,2337292,Neosebastes scorpaenoides,-41.2005,148.27283
2337292,2337292,Neosebastes scorpaenoides,-41.2005,148.27283
2337292,2337292,Neosebastes scorpaenoides,-41.2005,148.27283
2337292,2337292,Neosebastes scorpaenoides,-40.87733,147.77867
2337292,2337292,Neosebastes scorpaenoides,-40.866,147.76233
2337292,2337292,Neosebastes scorpaenoides,-41.168,146.57917
2337292,2337292,Neosebastes scorpaenoides,-41.191,146.57167
2337292,2337292,Neosebastes scorpaenoides,-41.207,146.58117
2337292,2337292,Neosebastes scorpaenoides,-41.168,146.57917
2337292,2337292,Neosebastes scorpaenoides,-41.191,146.57167
2337292,2337292,Neosebastes scorpaenoides,-41.2115,146.5805
2337292,2337292,Neosebastes scorpaenoides,-37.8375,149.0575
2337292,2337292,Neosebastes scorpaenoides,-37.8825,149.111665
2337292,2337292,Neosebastes scorpaenoides,-37.8133,149.0717
2337292,2337292,Neosebastes scorpaenoides,-37.306665,149.998335
2337292,2337292,Neosebastes scorpaenoides,-37.316665,150.01417
2337292,2337292,Neosebastes scorpaenoides,-36.717,150.017
2337292,2337292,Neosebastes scorpaenoides,-36.65,150.05
2337292,2337292,Neosebastes scorpaenoides,-36.717,150.017
2337292,2337292,Neosebastes scorpaenoides,-41.19783,146.573
2337292,2337292,Neosebastes scorpaenoides,-41.18117,146.572
2337292,2337292,Neosebastes scorpaenoides,-41.17267,146.57733
2337292,2337292,Neosebastes scorpaenoides,-41.17267,146.57733
2337292,2337292,Neosebastes scorpaenoides,-41.17267,146.57733
2337292,2337292,Neosebastes scorpaenoides,-37.31666,150.01417
2337292,2337292,Neosebastes scorpaenoides,-37.30666,149.99834
2337292,2337292,Neosebastes scorpaenoides,-37.8133,149.0717
2337292,2337292,Neosebastes scorpaenoides,-37.8133,149.0717
2337292,2337292,Neosebastes scorpaenoides,-37.8133,149.0717
2337292,2337292,Neosebastes scorpaenoides,-37.8133,149.0717
2337292,2337292,Neosebastes scorpaenoides,-37.8133,149.0717
2337292,2337292,Neosebastes scorpaenoides,-37.8133,149.0717
2337292,2337292,Neosebastes scorpaenoides,-37.8133,149.0717
2337292,2337292,Neosebastes scorpaenoides,-37.8133,149.0717
2337292,2337292,Neosebastes scorpaenoides,-37.8133,149.0717
2337292,2337292,Neosebastes scorpaenoides,-37.8133,149.0717
2337292,2337292,Neosebastes scorpaenoides,-37.8133,149.0717
2337292,2337292,Neosebastes scorpaenoides,-37.8133,149.0717
2337292,2337292,Neosebastes scorpaenoides,-37.8133,149.0717
2337292,2337292,Neosebastes scorpaenoides,-37.8133,149.0717
2337292,2337292,Neosebastes scorpaenoides,-37.8133,149.0717
2337292,2337292,Neosebastes scorpaenoides,-37.8375,149.0575
2337292,2337292,Neosebastes scorpaenoides,-37.8375,149.0575
2337292,2337292,Neosebastes scorpaenoides,-37.8375,149.0575
2337292,2337292,Neosebastes scorpaenoides,-37.8375,149.0575
2337292,2337292,Neosebastes scorpaenoides,-37.8375,149.0575
2337292,2337292,Neosebastes scorpaenoides,-37.8375,149.0575
2337292,2337292,Neosebastes scorpaenoides,-37.8375,149.0575
2337292,2337292,Neosebastes scorpaenoides,-37.8375,149.0575
2337292,2337292,Neosebastes scorpaenoides,-37.8375,149.0575
2337292,2337292,Neosebastes scorpaenoides,-37.8375,149.0575
2337292,2337292,Neosebastes scorpaenoides,-37.8375,149.0575
2337292,2337292,Neosebastes scorpaenoides,-37.8133,149.0717
2337292,2337292,Neosebastes scorpaenoides,-37.8825,149.11167
2337292,2337292,Neosebastes scorpaenoides,-37.8825,149.11167
2337292,2337292,Neosebastes scorpaenoides,-37.8825,149.11167
2337292,2337292,Neosebastes scorpaenoides,-37.8825,149.11167
2337292,2337292,Neosebastes scorpaenoides,-37.8825,149.11167
2337292,2337292,Neosebastes scorpaenoides,-37.8825,149.11167
2337292,2337292,Neosebastes scorpaenoides,-37.8825,149.11167
2337292,2337292,Neosebastes scorpaenoides,-37.8825,149.11167
2337292,2337292,Neosebastes scorpaenoides,-37.8825,149.11167
2337292,2337292,Neosebastes scorpaenoides,-37.8825,149.11167
2337292,2337292,Neosebastes scorpaenoides,-36.7,150.033
2337292,2337292,Neosebastes scorpaenoides,-36.633,150.05
2337292,2337292,Neosebastes scorpaenoides,-36.683,150.033
2337292,2337292,Neosebastes scorpaenoides,-36.617,150.067
2337292,2337292,Neosebastes scorpaenoides,-36.7,150.017
2337292,2337292,Neosebastes scorpaenoides,-36.633,150.05
2337292,2337292,Neosebastes scorpaenoides,-36.7,150.033
2337292,2337292,Neosebastes scorpaenoides,-36.633,150.05
2337292,2337292,Neosebastes scorpaenoides,-36.633,150.05
2337292,2337292,Neosebastes scorpaenoides,-36.7,150.033
2337292,2337292,Neosebastes scorpaenoides,-36.633,150.05
2337292,2337292,Neosebastes scorpaenoides,-36.633,150.05
2337292,2337292,Neosebastes scorpaenoides,-36.7,150.033
2337292,2337292,Neosebastes scorpaenoides,-38.92333,148.30584
2337292,2337292,Neosebastes scorpaenoides,-38.92333,148.30584
2337292,2337292,Neosebastes scorpaenoides,-38.92333,148.30584
2337292,2337292,Neosebastes scorpaenoides,-38.92333,148.30584
2337292,2337292,Neosebastes scorpaenoides,-38.92333,148.30584
2337292,2337292,Neosebastes scorpaenoides,-37.59166,149.68584
2337292,2337292,Neosebastes scorpaenoides,-37.92583,148.23417
2337292,2337292,Neosebastes scorpaenoides,-37.92583,148.23417
2337292,2337292,Neosebastes scorpaenoides,-37.92583,148.23417
2337292,2337292,Neosebastes scorpaenoides,-37.92583,148.23417
2337292,2337292,Neosebastes scorpaenoides,-37.92583,148.23417
2337292,2337292,Neosebastes scorpaenoides,-37.88166,149.085
2337292,2337292,Neosebastes scorpaenoides,-37.88166,149.085
2337292,2337292,Neosebastes scorpaenoides,-37.88166,149.085
2337292,2337292,Neosebastes scorpaenoides,-37.88166,149.085
2337292,2337292,Neosebastes scorpaenoides,-37.88166,149.085
2337292,2337292,Neosebastes scorpaenoides,-37.88166,149.085
2337292,2337292,Neosebastes scorpaenoides,-38.66333,148.3225
2337292,2337292,Neosebastes scorpaenoides,-37.81333,149.03817
2337292,2337292,Neosebastes scorpaenoides,-37.81333,149.03817
2337292,2337292,Neosebastes scorpaenoides,-37.81333,149.03817
2337292,2337292,Neosebastes scorpaenoides,-37.81333,149.03817
2337292,2337292,Neosebastes scorpaenoides,-37.81333,149.03817
2337292,2337292,Neosebastes scorpaenoides,-37.81333,149.03817
2337292,2337292,Neosebastes scorpaenoides,-37.81333,149.03817
2337292,2337292,Neosebastes scorpaenoides,-37.81333,149.03817
2337292,2337292,Neosebastes scorpaenoides,-37.81333,149.03817
2337292,2337292,Neosebastes scorpaenoides,-37.81333,149.03817
2337292,2337292,Neosebastes scorpaenoides,-37.81333,149.03817
2337292,2337292,Neosebastes scorpaenoides,-37.81333,149.03817
2337292,2337292,Neosebastes scorpaenoides,-37.81333,149.03817
2337292,2337292,Neosebastes scorpaenoides,-37.81333,149.03817
2337292,2337292,Neosebastes scorpaenoides,-37.81333,149.03817
2337292,2337292,Neosebastes scorpaenoides,-37.81333,149.03817
2337292,2337292,Neosebastes scorpaenoides,-37.81333,149.03817
2337292,2337292,Neosebastes scorpaenoides,-37.92583,148.23417
2337292,2337292,Neosebastes scorpaenoides,-37.86166,148.20584
2337292,2337292,Neosebastes scorpaenoides,-37.8275,149.055
2337292,2337292,Neosebastes scorpaenoides,-37.8275,149.055
2337292,2337292,Neosebastes scorpaenoides,-37.8275,149.055
2337292,2337292,Neosebastes scorpaenoides,-37.8275,149.055
2337292,2337292,Neosebastes scorpaenoides,-37.8275,149.055
2337292,2337292,Neosebastes scorpaenoides,-37.8275,149.055
2337292,2337292,Neosebastes scorpaenoides,-37.8275,149.055
2337292,2337292,Neosebastes scorpaenoides,-37.8275,149.055
2337292,2337292,Neosebastes scorpaenoides,-37.8275,149.055
2337292,2337292,Neosebastes scorpaenoides,-37.81333,149.03817
2337292,2337292,Neosebastes scorpaenoides,-37.81333,149.03817
2337292,2337292,Neosebastes scorpaenoides,-37.81333,149.03817
2337292,2337292,Neosebastes scorpaenoides,-37.81333,149.03817
2337292,2337292,Neosebastes scorpaenoides,-37.81333,149.03817
2337292,2337292,Neosebastes scorpaenoides,-37.81333,149.03817
2337292,2337292,Neosebastes scorpaenoides,-37.81333,149.03817
2337292,2337292,Neosebastes scorpaenoides,-37.81333,149.03817
2337292,2337292,Neosebastes scorpaenoides,-37.81333,149.03817
2337292,2337292,Neosebastes scorpaenoides,-37.61833,149.9025
2337292,2337292,Neosebastes scorpaenoides,-38.71417,148.27334
2337292,2337292,Neosebastes scorpaenoides,-39.00667,146.61
2337292,2337292,Neosebastes scorpaenoides,-37.58333,149.865
2337292,2337292,Neosebastes scorpaenoides,-37.88166,149.085
2337292,2337292,Neosebastes scorpaenoides,-37.81333,149.03817
2337292,2337292,Neosebastes scorpaenoides,-37.8275,149.055
2337292,2337292,Neosebastes scorpaenoides,-38.92333,148.30584
2337292,2337292,Neosebastes scorpaenoides,-37.81333,149.03817
2337292,2337292,Neosebastes scorpaenoides,-37.81,149.018
2337292,2337292,Neosebastes scorpaenoides,-37.81,149.018
2337292,2337292,Neosebastes scorpaenoides,-37.81,149.018
2337292,2337292,Neosebastes scorpaenoides,-37.81,149.018
2337292,2337292,Neosebastes scorpaenoides,-37.81,149.018
2337292,2337292,Neosebastes scorpaenoides,-37.81,149.018
2337292,2337292,Neosebastes scorpaenoides,-37.81,149.018
2337292,2337292,Neosebastes scorpaenoides,-37.81,149.018
2337292,2337292,Neosebastes scorpaenoides,-37.81,149.018
2337292,2337292,Neosebastes scorpaenoides,-37.81,149.018
2337292,2337292,Neosebastes scorpaenoides,-37.81,149.018
2337292,2337292,Neosebastes scorpaenoides,-37.81,149.018
2337292,2337292,Neosebastes scorpaenoides,-37.81,149.018
2337292,2337292,Neosebastes scorpaenoides,-37.81,149.018
2337292,2337292,Neosebastes scorpaenoides,-37.81,149.018
2337292,2337292,Neosebastes scorpaenoides,-37.81,149.018
2337292,2337292,Neosebastes scorpaenoides,-37.81,149.018
2337292,2337292,Neosebastes scorpaenoides,-37.81,149.018
2337292,2337292,Neosebastes scorpaenoides,-37.92417,150.03733
2337292,2337292,Neosebastes scorpaenoides,-37.81,149.018
2337292,2337292,Neosebastes scorpaenoides,-36.7,150.033
2337292,2337292,Neosebastes scorpaenoides,-37.31666,150.01334
2337292,2337292,Neosebastes scorpaenoides,-37.32583,150.18434
2337292,2337292,Neosebastes scorpaenoides,-36.36467,150.10392
2337292,2337292,Neosebastes scorpaenoides,-37.29725,149.99192
2337292,2337292,Neosebastes scorpaenoides,-37.72575,150.04905
2337292,2337292,Neosebastes scorpaenoides,-37.70825,149.9881
2337292,2337292,Neosebastes scorpaenoides,-37.72575,150.04905
2337292,2337292,Neosebastes scorpaenoides,-37.70825,149.9881
2337292,2337292,Neosebastes scorpaenoides,-37.73865,149.98265
2337292,2337292,Neosebastes scorpaenoides,-37.73865,149.98265
2337292,2337292,Neosebastes scorpaenoides,-36.633,150.05
2337292,2337292,Neosebastes scorpaenoides,-36.7,150.033
2337292,2337292,Neosebastes scorpaenoides,-36.617,150.067
2337292,2337292,Neosebastes scorpaenoides,-36.683,150.033
2337292,2337292,Neosebastes scorpaenoides,-36.633,150.05
2337292,2337292,Neosebastes scorpaenoides,-36.7,150.017
2337292,2337292,Neosebastes scorpaenoides,-36.633,150.05
2337292,2337292,Neosebastes scorpaenoides,-41.14133,146.80917
2337292,2337292,Neosebastes scorpaenoides,-41.1475,146.9025
2337292,2337292,Neosebastes scorpaenoides,-41.166,146.57783
2337292,2337292,Neosebastes scorpaenoides,-41.17033,146.57883
2337292,2337292,Neosebastes scorpaenoides,-41.17033,146.57883
2337292,2337292,Neosebastes scorpaenoides,-41.166,146.57783
2337292,2337292,Neosebastes scorpaenoides,-41.17033,146.57883
2337292,2337292,Neosebastes scorpaenoides,-41.17033,146.57883
2337292,2337292,Neosebastes scorpaenoides,-41.1765,146.57317
2337292,2337292,Neosebastes scorpaenoides,-36.667,150.033
2337292,2337292,Neosebastes scorpaenoides,-36.617,150.067
2337292,2337292,Neosebastes scorpaenoides,-36.617,150.067
2337292,2337292,Neosebastes scorpaenoides,-36.667,150.033
2337292,2337292,Neosebastes scorpaenoides,-41.146,146.90133
2337292,2337292,Neosebastes scorpaenoides,-41.155,146.89483
2337292,2337292,Neosebastes scorpaenoides,-41.1775,146.57417
2337292,2337292,Neosebastes scorpaenoides,-36.667,150.033
2337292,2337292,Neosebastes scorpaenoides,-36.65,150.05
2337292,2337292,Neosebastes scorpaenoides,-36.617,150.067
2337292,2337292,Neosebastes scorpaenoides,-36.717,150.033
2337292,2337292,Neosebastes scorpaenoides,-43.33056,145.99501
2337292,2337292,Neosebastes scorpaenoides,-36.667,150.033
2337292,2337292,Neosebastes scorpaenoides,-36.6,150.067
2337292,2337292,Neosebastes scorpaenoides,-36.617,150.067
2337292,2337292,Neosebastes scorpaenoides,-36.683,150.033
2337292,2337292,Neosebastes scorpaenoides,-36.683,150.033
2337292,2337292,Neosebastes scorpaenoides,-36.6,150.067
2337292,2337292,Neosebastes scorpaenoides,-37.93,148.2275
2337292,2337292,Neosebastes scorpaenoides,-37.8725,149.13917
2337292,2337292,Neosebastes scorpaenoides,-38.95,148.3275
2337292,2337292,Neosebastes scorpaenoides,-37.92166,148.22917
2337292,2337292,Neosebastes scorpaenoides,-37.8325,149.0725
2337292,2337292,Neosebastes scorpaenoides,-38.94,149.49667
2337292,2337292,Neosebastes scorpaenoides,-36.717,150.017
2337292,2337292,Neosebastes scorpaenoides,-36.617,150.05
2337292,2337292,Neosebastes scorpaenoides,-36.667,150.033
2337292,2337292,Neosebastes scorpaenoides,-36.7,150.017
2337292,2337292,Neosebastes scorpaenoides,-36.683,150.033
2337292,2337292,Neosebastes scorpaenoides,-36.633,150.05
2337292,2337292,Neosebastes scorpaenoides,-36.633,150.067
2337292,2337292,Neosebastes scorpaenoides,-36.7,150.033
2337292,2337292,Neosebastes scorpaenoides,-41.17933,146.572
2337292,2337292,Neosebastes scorpaenoides,-41.17933,146.572
2337292,2337292,Neosebastes scorpaenoides,-41.16683,146.57567
2337292,2337292,Neosebastes scorpaenoides,-34.55,138.166667
2337292,2337292,Neosebastes scorpaenoides,-38.00583,145.05683
2337292,2337292,Neosebastes scorpaenoides,-38.17567,144.73183
2337292,2337292,Neosebastes scorpaenoides,-37.97,144.9
2337292,2337292,Neosebastes scorpaenoides,-38.11067,144.564
2337292,2337292,Neosebastes scorpaenoides,-37.9285,144.90833
2337292,2337292,Neosebastes scorpaenoides,-37.99583,144.71833
2337292,2337292,Neosebastes scorpaenoides,-38.25333,145.00667
2337292,2337292,Neosebastes scorpaenoides,-37.88533,144.93833
2337292,2337292,Neosebastes scorpaenoides,-38.24667,144.9935
2337292,2337292,Neosebastes scorpaenoides,-38.16917,144.75983
2337292,2337292,Neosebastes scorpaenoides,-38.00583,145.05683
2337292,2337292,Neosebastes scorpaenoides,-38.01917,144.745
2337292,2337292,Neosebastes scorpaenoides,-38.02317,144.74517
2337292,2337292,Neosebastes scorpaenoides,-38.1755,144.74533
2337292,2337292,Neosebastes scorpaenoides,-38.11167,144.56417
2337292,2337292,Neosebastes scorpaenoides,-38.25333,145.00667
2337292,2337292,Neosebastes scorpaenoides,-38.106,144.4
2337292,2337292,Neosebastes scorpaenoides,-37.9315,144.90667
2337292,2337292,Neosebastes scorpaenoides,-38.17783,144.73367
2337292,2337292,Neosebastes scorpaenoides,-38.01917,144.745
2337292,2337292,Neosebastes scorpaenoides,-38.0365,144.755
2337292,2337292,Neosebastes scorpaenoides,-37.99583,144.71833
2337292,2337292,Neosebastes scorpaenoides,-38.03567,145.01183
2337292,2337292,Neosebastes scorpaenoides,-38.16917,144.75983
2337292,2337292,Neosebastes scorpaenoides,-38.17567,144.73183
2337292,2337292,Neosebastes scorpaenoides,-38.08567,144.92833
2337292,2337292,Neosebastes scorpaenoides,-38.07433,144.92867
2337292,2337292,Neosebastes scorpaenoides,-38.17333,144.78317
2337292,2337292,Neosebastes scorpaenoides,-38.00583,145.05683
2337292,2337292,Neosebastes scorpaenoides,-38.17617,144.76233
2337292,2337292,Neosebastes scorpaenoides,-37.97333,144.90183
2337292,2337292,Neosebastes scorpaenoides,-38.25417,145.00333
2337292,2337292,Neosebastes scorpaenoides,-37.995,144.7235
2337292,2337292,Neosebastes scorpaenoides,-38.17567,144.73183
2337292,2337292,Neosebastes scorpaenoides,-38.1755,144.7825
2337292,2337292,Neosebastes scorpaenoides,-38.02317,144.74517
2337292,2337292,Neosebastes scorpaenoides,-37.97333,144.90183
2337292,2337292,Neosebastes scorpaenoides,-38.17333,144.78317
2337292,2337292,Neosebastes scorpaenoides,-38.11067,144.564
2337292,2337292,Neosebastes scorpaenoides,-38.01917,144.745
2337292,2337292,Neosebastes scorpaenoides,-38.20167,144.90533
2337292,2337292,Neosebastes scorpaenoides,-38.05,144.87083
2337292,2337292,Neosebastes scorpaenoides,-38.03567,145.01183
2337292,2337292,Neosebastes scorpaenoides,-38.17617,144.76233
2337292,2337292,Neosebastes scorpaenoides,-38.1755,144.7825
2337292,2337292,Neosebastes scorpaenoides,-37.995,144.7235
2337292,2337292,Neosebastes scorpaenoides,-38.16917,144.75983
2337292,2337292,Neosebastes scorpaenoides,-38.02317,144.74517
2337292,2337292,Neosebastes scorpaenoides,-37.99583,144.71833
2337292,2337292,Neosebastes scorpaenoides,-38.03817,145.01167
2337292,2337292,Neosebastes scorpaenoides,-38.24667,144.9935
2337292,2337292,Neosebastes scorpaenoides,-38.17783,144.73367
2337292,2337292,Neosebastes scorpaenoides,-38.05833,144.79467
2337292,2337292,Neosebastes scorpaenoides,-38.17617,144.76233
2337292,2337292,Neosebastes scorpaenoides,-38.17783,144.73367
2337292,2337292,Neosebastes scorpaenoides,-38.25567,145.01033
2337292,2337292,Neosebastes scorpaenoides,-38.17333,144.78317
2337292,2337292,Neosebastes scorpaenoides,-38.03667,144.87317
2337292,2337292,Neosebastes scorpaenoides,-38.17333,144.78317
2337292,2337292,Neosebastes scorpaenoides,-38.0365,144.755
2337292,2337292,Neosebastes scorpaenoides,-38.01167,145.04333
2337292,2337292,Neosebastes scorpaenoides,-37.9285,144.90833
2337292,2337292,Neosebastes scorpaenoides,-38.02317,144.74517
2337292,2337292,Neosebastes scorpaenoides,-38.24667,144.9935
2337292,2337292,Neosebastes scorpaenoides,-38.1755,144.74533
2337292,2337292,Neosebastes scorpaenoides,-37.88583,144.94033
2337292,2337292,Neosebastes scorpaenoides,-38.027,145.075
2337292,2337292,Neosebastes scorpaenoides,-38.027,145.075
2337292,2337292,Neosebastes scorpaenoides,-38.45,145.28
2337292,2337292,Neosebastes scorpaenoides,-35.273436,138.433694
2337292,2337292,Neosebastes scorpaenoides,-38.65,145.1
2337292,2337292,Neosebastes scorpaenoides,-35.2,138.47
2337292,2337292,Neosebastes scorpaenoides,-38.5317,144.97
2337292,2337292,Neosebastes scorpaenoides,-38.4133,145.252
2337292,2337292,Neosebastes scorpaenoides,-35.7,139.17
2337292,2337292,Neosebastes scorpaenoides,-38.38,144.83
2337292,2337292,Neosebastes scorpaenoides,-35.45,136.83
2337292,2337292,Neosebastes scorpaenoides,-37.8033,149.087
2337292,2337292,Neosebastes scorpaenoides,-37.383,150
2337292,2337292,Neosebastes scorpaenoides,-37.083,149.917
2337292,2337292,Neosebastes scorpaenoides,-37.083,149.917
2337292,2337292,Neosebastes scorpaenoides,-36.917,149.983
2337292,2337292,Neosebastes scorpaenoides,-37.98,148.45
2337292,2337292,Neosebastes scorpaenoides,-36.933,149.967
2337292,2337292,Neosebastes scorpaenoides,-43.4,145.77
2337292,2337292,Neosebastes scorpaenoides,-35.57,137.63
2337292,2337292,Neosebastes scorpaenoides,-39.1183,146.287
2337292,2337292,Neosebastes scorpaenoides,-37.075,150.05833
2337292,2337292,Neosebastes scorpaenoides,-36.833,150.1
2337292,2337292,Neosebastes scorpaenoides,-37.033,150.05
2337292,2337292,Neosebastes scorpaenoides,-39.1083,143.524
2337292,2337292,Neosebastes scorpaenoides,-37.875,149.05833
2337292,2337292,Neosebastes scorpaenoides,-40.7298,148.545
2337292,2337292,Neosebastes scorpaenoides,-40.5512,145.745
2337292,2337292,Neosebastes scorpaenoides,-39.636,145.085
2337292,2337292,Neosebastes scorpaenoides,-37.883,149.033
2337292,2337292,Neosebastes scorpaenoides,-35.18,138.1
2337292,2337292,Neosebastes scorpaenoides,-35.083332,150.75
2337292,2337292,Neosebastes scorpaenoides,-33.3333,130.2
2337292,2337292,Neosebastes scorpaenoides,-38.7233,146.948
2337292,2337292,Neosebastes scorpaenoides,-32.203333,131.395
2337292,2337292,Neosebastes scorpaenoides,-32.203333,131.395
2337292,2337292,Neosebastes scorpaenoides,-38.62,145.4
2337292,2337292,Neosebastes scorpaenoides,-36.775,150.04167
2337292,2337292,Neosebastes scorpaenoides,-36.75,150.033
2337292,2337292,Neosebastes scorpaenoides,-36.78,150.004
2337292,2337292,Neosebastes scorpaenoides,-39.5467,144.267
2337292,2337292,Neosebastes scorpaenoides,-39.5467,144.35
2337292,2337292,Neosebastes scorpaenoides,-40.37,145.283
2337292,2337292,Neosebastes scorpaenoides,-39.5467,144.35
2337292,2337292,Neosebastes scorpaenoides,-39.5467,144.35
2337292,2337292,Neosebastes scorpaenoides,-40.8133,145.367
2337292,2337292,Neosebastes scorpaenoides,-40.3967,145.533
2337292,2337292,Neosebastes scorpaenoides,-40.515,144.93
2337292,2337292,Neosebastes scorpaenoides,-38.53,145.25
2337292,2337292,Neosebastes scorpaenoides,-35.333332,137.83333
2337292,2337292,Neosebastes scorpaenoides,-35.316666,150.43333
2337292,2337292,Neosebastes scorpaenoides,-40.55,146.75
2337292,2337292,Neosebastes scorpaenoides,-40.55,146.75
2337292,2337292,Neosebastes scorpaenoides,-38.294947,144.547006
2337292,2337292,Neosebastes scorpaenoides,-40.75,147.75
2337292,2337292,Neosebastes scorpaenoides,-40.75,147.75
2337292,2337292,Neosebastes scorpaenoides,-38.15,147.85
2337292,2337292,Neosebastes scorpaenoides,-38.15,147.85
2337292,2337292,Neosebastes scorpaenoides,-40.05,147.35
2337292,2337292,Neosebastes scorpaenoides,-39.45,148.35
2337292,2337292,Neosebastes scorpaenoides,-40.05,147.35
2337292,2337292,Neosebastes scorpaenoides,-39.45,148.35
2337292,2337292,Neosebastes scorpaenoides,-35.2,150.66667
2337292,2337292,Neosebastes scorpaenoides,-37.9578,148.068
2337292,2337292,Neosebastes scorpaenoides,-39.05,146.38
2337292,2337292,Neosebastes scorpaenoides,-37.95,144.95
2337292,2337292,Neosebastes scorpaenoides,-41,147.38333
2337292,2337292,Neosebastes scorpaenoides,-38.37,145.53
2337292,2337292,Neosebastes scorpaenoides,-37.87,147.98
2337292,2337292,Neosebastes scorpaenoides,-37.83,144.88
2337292,2337292,Neosebastes scorpaenoides,-35.5,138.78
2337292,2337292,Neosebastes scorpaenoides,-34.18,138.15
2337292,2337292,Neosebastes scorpaenoides,-40.016666,148.03334
2337292,2337292,Neosebastes scorpaenoides,-35.15,138.48
2337292,2337292,Neosebastes scorpaenoides,-33.933334,151.26666
2337292,2337292,Neosebastes scorpaenoides,-37.87,144.93
2337292,2337292,Neosebastes scorpaenoides,-35.43333,139.16667
2337292,2337292,Neosebastes scorpaenoides,-37.85,144.97
2337292,2337292,Neosebastes scorpaenoides,-37.85,144.93333
2337292,2337292,Neosebastes scorpaenoides,-37.83,144.92
2337292,2337292,Neosebastes scorpaenoides,-35.1667,137.9167
2337292,2337292,Neosebastes scorpaenoides,-35.13,138.47
2337292,2337292,Neosebastes scorpaenoides,-34.7928,136.0178
2337292,2337292,Neosebastes scorpaenoides,-37.767,144.967
2337292,2337292,Neosebastes scorpaenoides,-37.767,144.967
2337292,2337292,Neosebastes scorpaenoides,-37.767,144.967
2337292,2337292,Neosebastes scorpaenoides,-34.87,138.2375
2337292,2337293,Neosebastes scorpaenoides,-38,145
2337292,2337292,Neosebastes scorpaenoides,-38.333333,141.666667
2337292,2337292,Neosebastes scorpaenoides,-34,151.18333
2337292,2337292,Neosebastes scorpaenoides,-38.1,144.88
2337292,2337292,Neosebastes scorpaenoides,-38.2583,147.985
2337292,2337292,Neosebastes scorpaenoides,-35.69025,138.564367
2337292,2337292,Neosebastes scorpaenoides,-35.69025,138.564367
2337292,2337292,Neosebastes scorpaenoides,-35.69025,138.564367
2337292,2337292,Neosebastes scorpaenoides,-35.69025,138.564367
2337292,2337292,Neosebastes scorpaenoides,-35.69025,138.564367
2337292,2337292,Neosebastes scorpaenoides,-35.69025,138.564367
2337292,2337292,Neosebastes scorpaenoides,-35.69025,138.564367
2337292,2337292,Neosebastes scorpaenoides,-35.69025,138.564367
2337292,2337292,Neosebastes scorpaenoides,-34.87,138.2375
