requested_taxonKey,record_taxonKey,species_name,decimalLatitude,decimalLongitude
2337278,2337278,Maxillicosta whitleyi,-28.47611,153.64278
2337278,2337278,Maxillicosta whitleyi,-28.47611,153.64278
2337278,2337278,Maxillicosta whitleyi,-37.323498,150.0587
2337278,2337278,Maxillicosta whitleyi,-37.323498,150.0587
2337278,2337278,Maxillicosta whitleyi,-27.800833,153.52972
2337278,2337278,Maxillicosta whitleyi,-27.800833,153.52972
2337278,2337278,Maxillicosta whitleyi,-33.55,151.45
2337278,2337278,Maxillicosta whitleyi,-33.467,151.483
2337278,2337278,Maxillicosta whitleyi,-33.417,151.567
2337278,2337278,Maxillicosta whitleyi,-33.55,151.467
2337278,2337278,Maxillicosta whitleyi,-33.467,151.5
2337278,2337278,Maxillicosta whitleyi,-33.467,151.5
2337278,2337278,Maxillicosta whitleyi,-33.517,151.467
2337278,2337278,Maxillicosta whitleyi,-33.567,151.45
2337278,2337278,Maxillicosta whitleyi,-33.433,151.567
2337278,2337278,Maxillicosta whitleyi,-33.45,151.533
2337278,2337278,Maxillicosta whitleyi,-33.35,151.617
2337278,2337278,Maxillicosta whitleyi,-33.433,151.55
2337278,2337278,Maxillicosta whitleyi,-33.55,151.467
2337278,2337278,Maxillicosta whitleyi,-33.35,151.6
2337278,2337278,Maxillicosta whitleyi,-33.5,151.5
2337278,2337278,Maxillicosta whitleyi,-33.5,151.5
2337278,2337278,Maxillicosta whitleyi,-33.483,151.5
2337278,2337278,Maxillicosta whitleyi,-33.417,151.55
2337278,2337278,Maxillicosta whitleyi,-33.483,151.5
2337278,2337278,Maxillicosta whitleyi,-33.533,151.467
2337278,2337278,Maxillicosta whitleyi,-33.433,151.55
2337278,2337278,Maxillicosta whitleyi,-33.45,151.533
2337278,2337278,Maxillicosta whitleyi,-33.483,151.5
2337278,2337278,Maxillicosta whitleyi,-33.517,151.467
2337278,2337278,Maxillicosta whitleyi,-33.45,151.533
2337278,2337278,Maxillicosta whitleyi,-33.5,151.467
2337278,2337278,Maxillicosta whitleyi,-33.45,151.533
2337278,2337278,Maxillicosta whitleyi,-33.517,151.467
2337278,2337278,Maxillicosta whitleyi,-33.48,151.511667
2337278,2337278,Maxillicosta whitleyi,-33.48,151.511667
2337278,10188887,Maxillicosta whitleyi,-33.46167,151.47833
2337278,10188887,Maxillicosta whitleyi,-33.46167,151.47833
2337278,10188887,Maxillicosta whitleyi,-33.46167,151.47833
2337278,2337278,Maxillicosta whitleyi,-33.417,151.567
2337278,2337278,Maxillicosta whitleyi,-33.483,151.45
2337278,2337278,Maxillicosta whitleyi,-33.5,151.5
2337278,2337278,Maxillicosta whitleyi,-33.25,151.683
2337278,2337278,Maxillicosta whitleyi,-33.317,151.633
2337278,2337278,Maxillicosta whitleyi,-33.417,151.567
2337278,10188887,Maxillicosta whitleyi,-33.46167,151.47833
2337278,2337278,Maxillicosta whitleyi,-33.46,151.48
2337278,2337278,Maxillicosta whitleyi,-33.46,151.48
2337278,2337278,Maxillicosta whitleyi,-33.46,151.48
2337278,2337278,Maxillicosta whitleyi,-33.48,151.511667
2337278,2337278,Maxillicosta whitleyi,-33.48,151.511667
2337278,2337278,Maxillicosta whitleyi,-33.55,151.5
2337278,2337278,Maxillicosta whitleyi,-33.5,151.533
2337278,2337278,Maxillicosta whitleyi,-33.55,151.5
2337278,2337278,Maxillicosta whitleyi,-33.55,151.517
2337278,2337278,Maxillicosta whitleyi,-33.55,151.483
2337278,2337278,Maxillicosta whitleyi,-33.517,151.517
2337278,2337278,Maxillicosta whitleyi,-33.5,151.533
2337278,2337278,Maxillicosta whitleyi,-33.6,151.4
2337278,2337278,Maxillicosta whitleyi,-33.6,151.383
2337278,2337278,Maxillicosta whitleyi,-33.383,151.567
2337278,2337278,Maxillicosta whitleyi,-33.517,151.55
2337278,2337278,Maxillicosta whitleyi,-33.517,151.483
2337278,2337278,Maxillicosta whitleyi,-33.333,151.617
2337278,2337278,Maxillicosta whitleyi,-33.35,151.6
2337278,2337278,Maxillicosta whitleyi,-33.433,151.533
2337278,2337278,Maxillicosta whitleyi,-33.433,151.533
2337278,2337278,Maxillicosta whitleyi,-33.533,151.483
2337278,2337278,Maxillicosta whitleyi,-33.467,151.517
2337278,2337278,Maxillicosta whitleyi,-33.517,151.467
2337278,2337278,Maxillicosta whitleyi,-33.5,151.483
2337278,2337278,Maxillicosta whitleyi,-33.45,151.517
2337278,2337278,Maxillicosta whitleyi,-33.467,151.517
2337278,2337278,Maxillicosta whitleyi,-33.6,151.417
2337278,2337278,Maxillicosta whitleyi,-33.55,151.45
2337278,2337278,Maxillicosta whitleyi,-33.517,151.483
2337278,2337278,Maxillicosta whitleyi,-33.467,151.517
2337278,2337278,Maxillicosta whitleyi,-33.45,151.533
2337278,2337278,Maxillicosta whitleyi,-33.45,151.533
2337278,2337278,Maxillicosta whitleyi,-33.467,151.517
2337278,2337278,Maxillicosta whitleyi,-33.55,151.467
2337278,2337278,Maxillicosta whitleyi,-33.5,151.483
2337278,2337278,Maxillicosta whitleyi,-33.467,151.517
2337278,2337278,Maxillicosta whitleyi,-33.6,151.467
2337278,2337278,Maxillicosta whitleyi,-33.6,151.467
2337278,2337278,Maxillicosta whitleyi,-33.6,151.467
2337278,2337278,Maxillicosta whitleyi,-33.617,151.467
2337278,2337278,Maxillicosta whitleyi,-33.533,151.45
2337278,2337278,Maxillicosta whitleyi,-33.6,151.467
2337278,2337278,Maxillicosta whitleyi,-33.583,151.45
2337278,2337278,Maxillicosta whitleyi,-33.467,151.533
2337278,2337278,Maxillicosta whitleyi,-33.433,151.55
2337278,2337278,Maxillicosta whitleyi,-33.5,151.517
2337278,2337278,Maxillicosta whitleyi,-33.417,151.583
2337278,2337278,Maxillicosta whitleyi,-33.433,151.583
2337278,2337278,Maxillicosta whitleyi,-33.6,151.467
2337278,2337278,Maxillicosta whitleyi,-33.45,151.55
2337278,2337278,Maxillicosta whitleyi,-33.367,151.617
2337278,2337278,Maxillicosta whitleyi,-33.433,151.567
2337278,2337278,Maxillicosta whitleyi,-33.35,151.633
2337278,2337278,Maxillicosta whitleyi,-33.4,151.6
2337278,2337278,Maxillicosta whitleyi,-33.633,151.467
2337278,2337278,Maxillicosta whitleyi,-33.333,151.617
2337278,2337278,Maxillicosta whitleyi,-33.333,151.617
2337278,2337278,Maxillicosta whitleyi,-33.65,151.467
2337278,2337278,Maxillicosta whitleyi,-33.533,151.517
2337278,2337278,Maxillicosta whitleyi,-33.283,151.65
2337278,2337278,Maxillicosta whitleyi,-33,151
2337278,2337278,Maxillicosta whitleyi,-33,151
2337278,2337278,Maxillicosta whitleyi,-33,151
2337278,2337278,Maxillicosta whitleyi,-33.45,151.55
2337278,2337278,Maxillicosta whitleyi,-33.5,151.483
2337278,2337278,Maxillicosta whitleyi,-33.533,151.483
2337278,2337278,Maxillicosta whitleyi,-33.367,151.567
2337278,2337278,Maxillicosta whitleyi,-33.45,151.533
2337278,2337278,Maxillicosta whitleyi,-33.583,151.45
2337278,2337278,Maxillicosta whitleyi,-33.583,151.4
2337278,2337278,Maxillicosta whitleyi,-33.6,151.4
2337278,2337278,Maxillicosta whitleyi,-33.617,151.4
2337278,2337278,Maxillicosta whitleyi,-33.3,151.633
2337278,2337278,Maxillicosta whitleyi,-33.6,151.4
2337278,2337278,Maxillicosta whitleyi,-33.6,151.4
2337278,2337278,Maxillicosta whitleyi,-33.6,151.4
2337278,2337278,Maxillicosta whitleyi,-33.55,151.45
2337278,2337278,Maxillicosta whitleyi,-33.6,151.4
2337278,2337278,Maxillicosta whitleyi,-33.6,151.4
2337278,2337278,Maxillicosta whitleyi,-33.517,151.45
2337278,2337278,Maxillicosta whitleyi,-37.2869,150.071
2337278,2337278,Maxillicosta whitleyi,-36.367,150.2
2337278,2337278,Maxillicosta whitleyi,-36.383,150.183
2337278,2337278,Maxillicosta whitleyi,-36.533,150.167
2337278,2337278,Maxillicosta whitleyi,-37.9473,149.2602
2337278,2337278,Maxillicosta whitleyi,-37.325,150.215
2337278,2337278,Maxillicosta whitleyi,-33.15,151.75
2337278,2337278,Maxillicosta whitleyi,-33.083,151.767
2337278,2337278,Maxillicosta whitleyi,-33.117,151.75
2337278,2337278,Maxillicosta whitleyi,-33.1,151.767
2337278,2337278,Maxillicosta whitleyi,-33.1,151.75
2337278,2337278,Maxillicosta whitleyi,-32.933,151.9
2337278,2337278,Maxillicosta whitleyi,-32.917,151.933
2337278,2337278,Maxillicosta whitleyi,-32.9,151.933
2337278,2337278,Maxillicosta whitleyi,-32.917,151.917
2337278,2337278,Maxillicosta whitleyi,-32.9,151.917
2337278,2337278,Maxillicosta whitleyi,-32.833,151.95
2337278,2337278,Maxillicosta whitleyi,-32.933,151.9
2337278,2337278,Maxillicosta whitleyi,-32.9,151.967
2337278,2337278,Maxillicosta whitleyi,-32.917,151.933
2337278,2337278,Maxillicosta whitleyi,-33.217,151.7
2337278,2337278,Maxillicosta whitleyi,-33.2,151.683
2337278,2337278,Maxillicosta whitleyi,-33.167,151.717
2337278,2337278,Maxillicosta whitleyi,-33.183,151.7
2337278,2337278,Maxillicosta whitleyi,-33.183,151.7
2337278,2337278,Maxillicosta whitleyi,-33.067,151.75
2337278,2337278,Maxillicosta whitleyi,-33.033,151.767
2337278,2337278,Maxillicosta whitleyi,-33.017,151.767
2337278,2337278,Maxillicosta whitleyi,-33.033,151.783
2337278,2337278,Maxillicosta whitleyi,-33.017,151.8
2337278,2337278,Maxillicosta whitleyi,-32.733,152.25
2337278,2337278,Maxillicosta whitleyi,-32.783,152.217
2337278,2337278,Maxillicosta whitleyi,-32.933,151.95
2337278,2337278,Maxillicosta whitleyi,-32.917,151.95
2337278,2337278,Maxillicosta whitleyi,-32.9,151.983
2337278,2337278,Maxillicosta whitleyi,-32.883,152
2337278,2337278,Maxillicosta whitleyi,-29.5,153.54167
2337278,2337278,Maxillicosta whitleyi,-29.633,153.4
2337278,2337278,Maxillicosta whitleyi,-29.65,153.383
2337278,2337278,Maxillicosta whitleyi,-29.633,153.4
2337278,2337278,Maxillicosta whitleyi,-29.833,153.433
2337278,2337278,Maxillicosta whitleyi,-29.8,153.45
2337278,2337278,Maxillicosta whitleyi,-29.8,153.467
2337278,2337278,Maxillicosta whitleyi,-29.433,153.567
2337278,2337278,Maxillicosta whitleyi,-29.4,153.583
2337278,2337278,Maxillicosta whitleyi,-29.383,153.6
2337278,2337278,Maxillicosta whitleyi,-29.367,153.583
2337278,2337278,Maxillicosta whitleyi,-29.25,153.6
2337278,2337278,Maxillicosta whitleyi,-29.217,153.617
2337278,2337278,Maxillicosta whitleyi,-29.2,153.633
2337278,2337278,Maxillicosta whitleyi,-29.25,153.617
2337278,2337278,Maxillicosta whitleyi,-29.267,153.6
2337278,2337278,Maxillicosta whitleyi,-29.417,153.567
2337278,2337278,Maxillicosta whitleyi,-29.383,153.583
2337278,2337278,Maxillicosta whitleyi,-29.367,153.583
2337278,2337278,Maxillicosta whitleyi,-29.417,153.583
2337278,2337278,Maxillicosta whitleyi,-29.45,153.55
2337278,2337278,Maxillicosta whitleyi,-29.433,153.567
2337278,2337278,Maxillicosta whitleyi,-29.417,153.617
2337278,2337278,Maxillicosta whitleyi,-29.467,153.55
2337278,2337278,Maxillicosta whitleyi,-29.5,153.533
2337278,2337278,Maxillicosta whitleyi,-29.25,153.616667
2337278,2337278,Maxillicosta whitleyi,-29.25,153.616667
2337278,2337278,Maxillicosta whitleyi,-29.65,153.383333
2337278,2337278,Maxillicosta whitleyi,-37.31499,150.08001
2337278,2337278,Maxillicosta whitleyi,-37.31499,150.08001
2337278,2337278,Maxillicosta whitleyi,-37.31499,150.08001
2337278,2337278,Maxillicosta whitleyi,-37.31499,150.08001
2337278,2337278,Maxillicosta whitleyi,-37.31499,150.08001
2337278,2337278,Maxillicosta whitleyi,-37.31499,150.08001
2337278,2337278,Maxillicosta whitleyi,-37.31499,150.08001
2337278,2337278,Maxillicosta whitleyi,-37.31499,150.08001
2337278,2337278,Maxillicosta whitleyi,-37.31499,150.08001
2337278,2337278,Maxillicosta whitleyi,-37.31499,150.08001
2337278,2337278,Maxillicosta whitleyi,-37.31499,150.08001
2337278,2337278,Maxillicosta whitleyi,-37.31499,150.08001
2337278,2337278,Maxillicosta whitleyi,-37.31499,150.08001
2337278,2337278,Maxillicosta whitleyi,-37.31499,150.08001
2337278,2337278,Maxillicosta whitleyi,-37.59166,149.8125
2337278,2337278,Maxillicosta whitleyi,-37.31,150.02
2337278,2337278,Maxillicosta whitleyi,-37.31499,150.08001
2337278,2337278,Maxillicosta whitleyi,-36.91716,149.96658
2337278,10188887,Maxillicosta whitleyi,-29.267,153.617
2337278,2337278,Maxillicosta whitleyi,-29.25,153.616667
2337278,2337278,Maxillicosta whitleyi,-29.25,153.616667
2337278,2337278,Maxillicosta whitleyi,-29.65,153.383333
2337278,2337278,Maxillicosta whitleyi,-37.60166,149.85
2337278,2337278,Maxillicosta whitleyi,-37.60166,149.85
2337278,2337278,Maxillicosta whitleyi,-37.595,149.87334
2337278,2337278,Maxillicosta whitleyi,-37.90833,149.0625
2337278,2337278,Maxillicosta whitleyi,-37.87833,148.235
2337278,2337278,Maxillicosta whitleyi,-37.31167,150.015
2337278,2337278,Maxillicosta whitleyi,-37.5825,149.87167
2337278,2337278,Maxillicosta whitleyi,-37.585,149.88499
2337278,2337278,Maxillicosta whitleyi,-37.81833,149.03166
2337278,2337278,Maxillicosta whitleyi,-37.31167,150.015
2337278,2337278,Maxillicosta whitleyi,-37.30083,150.07833
2337278,2337278,Maxillicosta whitleyi,-38.985,146.58167
2337278,2337278,Maxillicosta whitleyi,-37.87833,148.235
2337278,2337278,Maxillicosta whitleyi,-37.90833,149.0625
2337278,2337278,Maxillicosta whitleyi,-37.93666,150.03168
2337278,2337278,Maxillicosta whitleyi,-37.93666,150.03168
2337278,2337278,Maxillicosta whitleyi,-36.92167,149.96333
2337278,2337278,Maxillicosta whitleyi,-36.895,149.96333
2337278,2337278,Maxillicosta whitleyi,-37.59999,149.7975
2337278,2337278,Maxillicosta whitleyi,-37.305,150.07
2337278,2337278,Maxillicosta whitleyi,-36.895,149.96333
2337278,2337278,Maxillicosta whitleyi,-36.475,150.21333
2337278,2337278,Maxillicosta whitleyi,-36.94833,150.04834
2337278,2337278,Maxillicosta whitleyi,-37.73333,150.06667
2337278,2337278,Maxillicosta whitleyi,-38.115,149.315
2337278,2337278,Maxillicosta whitleyi,-37.76,150.10001
2337278,2337278,Maxillicosta whitleyi,-37.93834,149.265
2337278,2337278,Maxillicosta whitleyi,-37.46,150.25833
2337278,2337278,Maxillicosta whitleyi,-36.85667,150.29834
2337278,2337278,Maxillicosta whitleyi,-36.85667,150.29834
2337278,2337278,Maxillicosta whitleyi,-38,149.08833
2337278,2337278,Maxillicosta whitleyi,-36.475,150.21333
2337278,2337278,Maxillicosta whitleyi,-27.516667,153.666667
2337278,2337278,Maxillicosta whitleyi,-33.2,151.683
2337278,2337278,Maxillicosta whitleyi,-33.133,151.717
2337278,2337278,Maxillicosta whitleyi,-33.183,151.717
2337278,2337278,Maxillicosta whitleyi,-33.133,151.717
2337278,2337278,Maxillicosta whitleyi,-33.167,151.717
2337278,2337278,Maxillicosta whitleyi,-32.883,151.983
2337278,2337278,Maxillicosta whitleyi,-32.883,152
2337278,2337278,Maxillicosta whitleyi,-32.883,152
2337278,2337278,Maxillicosta whitleyi,-29.43,153.57
2337278,2337278,Maxillicosta whitleyi,-33.117,151.733
2337278,2337278,Maxillicosta whitleyi,-33.133,151.733
2337278,2337278,Maxillicosta whitleyi,-33.1,151.75
2337278,2337278,Maxillicosta whitleyi,-33.1,151.733
2337278,2337278,Maxillicosta whitleyi,-33.1,151.733
2337278,2337278,Maxillicosta whitleyi,-33.083,151.733
2337278,2337278,Maxillicosta whitleyi,-33.05,151.75
2337278,2337278,Maxillicosta whitleyi,-33.067,151.75
2337278,2337278,Maxillicosta whitleyi,-32.75,151.233
2337278,2337278,Maxillicosta whitleyi,-32.75,151.233
2337278,2337278,Maxillicosta whitleyi,-32.75,151.233
2337278,2337278,Maxillicosta whitleyi,-32.75,151.233
2337278,2337278,Maxillicosta whitleyi,-32.75,151.233
2337278,2337278,Maxillicosta whitleyi,-32.867,151.967
2337278,2337278,Maxillicosta whitleyi,-32.867,151.967
2337278,2337278,Maxillicosta whitleyi,-32.883,151.967
2337278,2337278,Maxillicosta whitleyi,-29.833,153.417
2337278,2337278,Maxillicosta whitleyi,-32.883,151.95
2337278,2337278,Maxillicosta whitleyi,-29.8,153.45
2337278,2337278,Maxillicosta whitleyi,-29.8,153.467
2337278,2337278,Maxillicosta whitleyi,-29.817,153.433
2337278,2337278,Maxillicosta whitleyi,-29.8,153.45
2337278,2337278,Maxillicosta whitleyi,-29.367,153.583
2337278,2337278,Maxillicosta whitleyi,-29.4,153.567
2337278,2337278,Maxillicosta whitleyi,-29.4,153.567
2337278,2337278,Maxillicosta whitleyi,-29.383,153.583
2337278,2337278,Maxillicosta whitleyi,-29.5,153.433
2337278,2337278,Maxillicosta whitleyi,-29.533,153.4
2337278,2337278,Maxillicosta whitleyi,-29.383,153.567
2337278,2337278,Maxillicosta whitleyi,-29.35,153.567
2337278,2337278,Maxillicosta whitleyi,-29.4,153.583
2337278,2337278,Maxillicosta whitleyi,-29.383,153.583
2337278,2337278,Maxillicosta whitleyi,-29.383,153.583
2337278,2337278,Maxillicosta whitleyi,-29.383,153.567
2337278,2337278,Maxillicosta whitleyi,-29.4,153.55
2337278,2337278,Maxillicosta whitleyi,-29.4,153.583
2337278,2337278,Maxillicosta whitleyi,-29.4,153.583
2337278,2337278,Maxillicosta whitleyi,-29.383,153.583
2337278,2337278,Maxillicosta whitleyi,-29.317,153.467
2337278,2337278,Maxillicosta whitleyi,-29.317,153.45
2337278,2337278,Maxillicosta whitleyi,-29.3,153.467
2337278,2337278,Maxillicosta whitleyi,-29.4,153.467
2337278,2337278,Maxillicosta whitleyi,-29.367,153.467
2337278,2337278,Maxillicosta whitleyi,-29.467,153.55
2337278,2337278,Maxillicosta whitleyi,-29.383,153.583
2337278,2337278,Maxillicosta whitleyi,-29.45,153.55
2337278,2337278,Maxillicosta whitleyi,-29.417,153.567
2337278,2337278,Maxillicosta whitleyi,-29.25,153.517
2337278,2337278,Maxillicosta whitleyi,-29.217,153.533
2337278,2337278,Maxillicosta whitleyi,-29.233,153.517
2337278,2337278,Maxillicosta whitleyi,-29.217,153.517
2337278,2337278,Maxillicosta whitleyi,-29.217,153.517
2337278,2337278,Maxillicosta whitleyi,-29.567,153.467
2337278,2337278,Maxillicosta whitleyi,-29.533,153.483
2337278,2337278,Maxillicosta whitleyi,-29.533,153.483
2337278,2337278,Maxillicosta whitleyi,-29.517,153.533
2337278,2337278,Maxillicosta whitleyi,-29.517,153.55
2337278,2337278,Maxillicosta whitleyi,-37.57,149.92
2337278,2337278,Maxillicosta whitleyi,-33.167,151.7
2337278,2337278,Maxillicosta whitleyi,-33.2,151.683
2337278,2337278,Maxillicosta whitleyi,-33.167,151.7
2337278,2337278,Maxillicosta whitleyi,-33.15,151.717
2337278,2337278,Maxillicosta whitleyi,-33.2,151.683
2337278,2337278,Maxillicosta whitleyi,-33.033,151.717
2337278,2337278,Maxillicosta whitleyi,-33.067,151.7
2337278,2337278,Maxillicosta whitleyi,-33.067,151.7
2337278,2337278,Maxillicosta whitleyi,-33.033,151.8
2337278,2337278,Maxillicosta whitleyi,-33.017,151.8
2337278,2337278,Maxillicosta whitleyi,-32.9,151.967
2337278,2337278,Maxillicosta whitleyi,-32.867,152
2337278,2337278,Maxillicosta whitleyi,-33.05,151.75
2337278,2337278,Maxillicosta whitleyi,-32.917,151.933
2337278,2337278,Maxillicosta whitleyi,-32.9,151.967
2337278,2337278,Maxillicosta whitleyi,-32.883,152
2337278,2337278,Maxillicosta whitleyi,-32.883,152
2337278,2337278,Maxillicosta whitleyi,-32.9,151.9
2337278,2337278,Maxillicosta whitleyi,-32.9,151.933
2337278,2337278,Maxillicosta whitleyi,-32.867,151.983
2337278,2337278,Maxillicosta whitleyi,-32.883,151.967
2337278,2337278,Maxillicosta whitleyi,-32.867,151.983
2337278,2337278,Maxillicosta whitleyi,-32.933,151.917
2337278,2337278,Maxillicosta whitleyi,-32.9,151.95
2337278,2337278,Maxillicosta whitleyi,-32.85,151.917
2337278,2337278,Maxillicosta whitleyi,-32.867,151.967
2337278,2337278,Maxillicosta whitleyi,-32.867,151.967
2337278,2337278,Maxillicosta whitleyi,-32.867,151.967
2337278,2337278,Maxillicosta whitleyi,-32.867,151.967
2337278,2337278,Maxillicosta whitleyi,-32.867,151.967
2337278,2337278,Maxillicosta whitleyi,-32.767,152.217
2337278,2337278,Maxillicosta whitleyi,-29.8,153.45
2337278,2337278,Maxillicosta whitleyi,-29.833,153.417
2337278,2337278,Maxillicosta whitleyi,-29.8,153.45
2337278,2337278,Maxillicosta whitleyi,-29.817,153.433
2337278,2337278,Maxillicosta whitleyi,-29.833,153.433
2337278,2337278,Maxillicosta whitleyi,-29.583,153.417
2337278,2337278,Maxillicosta whitleyi,-29.633,153.383
2337278,2337278,Maxillicosta whitleyi,-29.633,153.383
2337278,2337278,Maxillicosta whitleyi,-29.617,153.4
2337278,2337278,Maxillicosta whitleyi,-29.25,153.5
2337278,2337278,Maxillicosta whitleyi,-29.3,153.483
2337278,2337278,Maxillicosta whitleyi,-29.3,153.483
2337278,2337278,Maxillicosta whitleyi,-29.3,153.483
2337278,2337278,Maxillicosta whitleyi,-29.5,153.55
2337278,2337278,Maxillicosta whitleyi,-29.467,153.567
2337278,2337278,Maxillicosta whitleyi,-29.433,153.583
2337278,2337278,Maxillicosta whitleyi,-29.417,153.6
2337278,2337278,Maxillicosta whitleyi,-29.467,153.55
2337278,2337278,Maxillicosta whitleyi,-29.433,153.55
2337278,2337278,Maxillicosta whitleyi,-29.383,153.467
2337278,2337278,Maxillicosta whitleyi,-29.383,153.467
2337278,2337278,Maxillicosta whitleyi,-29.383,153.5
2337278,2337278,Maxillicosta whitleyi,-29.383,153.483
2337278,2337278,Maxillicosta whitleyi,-29.433,153.55
2337278,2337278,Maxillicosta whitleyi,-29.383,153.467
2337278,2337278,Maxillicosta whitleyi,-29.467,153.55
2337278,2337278,Maxillicosta whitleyi,-29.467,153.55
2337278,2337278,Maxillicosta whitleyi,-29.45,153.6
2337278,2337278,Maxillicosta whitleyi,-29.45,153.583
2337278,2337278,Maxillicosta whitleyi,-29.417,153.567
2337278,2337278,Maxillicosta whitleyi,-29.4,153.583
2337278,2337278,Maxillicosta whitleyi,-29.45,153.583
2337278,2337278,Maxillicosta whitleyi,-29.483,153.55
2337278,2337278,Maxillicosta whitleyi,-29.167,153.633
2337278,2337278,Maxillicosta whitleyi,-29.167,153.65
2337278,2337278,Maxillicosta whitleyi,-29.2,153.633
2337278,2337278,Maxillicosta whitleyi,-29.25,153.617
2337278,2337278,Maxillicosta whitleyi,-29.267,153.6
2337278,2337278,Maxillicosta whitleyi,-27.483333,153.6
2337278,2337278,Maxillicosta whitleyi,-32.85,151.917
2337278,2337278,Maxillicosta whitleyi,-33.15,151.75
2337278,2337278,Maxillicosta whitleyi,-33.117,151.767
2337278,2337278,Maxillicosta whitleyi,-33.1,151.75
2337278,2337278,Maxillicosta whitleyi,-33.117,151.767
2337278,2337278,Maxillicosta whitleyi,-33.117,151.75
2337278,2337278,Maxillicosta whitleyi,-33.067,151.717
2337278,2337278,Maxillicosta whitleyi,-33.067,151.717
2337278,2337278,Maxillicosta whitleyi,-33.083,151.717
2337278,2337278,Maxillicosta whitleyi,-33.033,151.733
2337278,2337278,Maxillicosta whitleyi,-33.233,151.683
2337278,2337278,Maxillicosta whitleyi,-33.2,151.683
2337278,2337278,Maxillicosta whitleyi,-33.167,151.717
2337278,2337278,Maxillicosta whitleyi,-33.183,151.7
2337278,2337278,Maxillicosta whitleyi,-33.183,151.7
2337278,2337278,Maxillicosta whitleyi,-33.083,151.75
2337278,2337278,Maxillicosta whitleyi,-33.1,151.733
2337278,2337278,Maxillicosta whitleyi,-33.083,151.75
2337278,2337278,Maxillicosta whitleyi,-33.05,151.767
2337278,2337278,Maxillicosta whitleyi,-33.033,151.767
2337278,2337278,Maxillicosta whitleyi,-32.917,151.95
2337278,2337278,Maxillicosta whitleyi,-32.867,152.017
2337278,2337278,Maxillicosta whitleyi,-32.9,152
2337278,2337278,Maxillicosta whitleyi,-32.767,152.233
2337278,2337278,Maxillicosta whitleyi,-32.867,151.95
2337278,2337278,Maxillicosta whitleyi,-32.783,152.2
2337278,2337278,Maxillicosta whitleyi,-32.917,151.95
2337278,2337278,Maxillicosta whitleyi,-32.733,152.267
2337278,2337278,Maxillicosta whitleyi,-32.767,152.233
2337278,2337278,Maxillicosta whitleyi,-32.883,152
2337278,2337278,Maxillicosta whitleyi,-32.867,152.017
2337278,2337278,Maxillicosta whitleyi,-32.9,152
2337278,2337278,Maxillicosta whitleyi,-32.933,151.867
2337278,2337278,Maxillicosta whitleyi,-32.917,151.95
2337278,2337278,Maxillicosta whitleyi,-32.883,151.95
2337278,2337278,Maxillicosta whitleyi,-32.917,151.917
2337278,2337278,Maxillicosta whitleyi,-32.9,151.933
2337278,2337278,Maxillicosta whitleyi,-32.883,151.967
2337278,2337278,Maxillicosta whitleyi,-32.883,152.033
2337278,2337278,Maxillicosta whitleyi,-29.467,153.45
2337278,2337278,Maxillicosta whitleyi,-29.5,153.45
2337278,2337278,Maxillicosta whitleyi,-29.533,153.433
2337278,2337278,Maxillicosta whitleyi,-29.55,153.417
2337278,2337278,Maxillicosta whitleyi,-29.517,153.433
2337278,2337278,Maxillicosta whitleyi,-29.467,153.55
2337278,2337278,Maxillicosta whitleyi,-29.417,153.583
2337278,2337278,Maxillicosta whitleyi,-29.433,153.567
2337278,2337278,Maxillicosta whitleyi,-29.417,153.567
2337278,2337278,Maxillicosta whitleyi,-29.833,153.417
2337278,2337278,Maxillicosta whitleyi,-29.8,153.433
2337278,2337278,Maxillicosta whitleyi,-29.8,153.45
2337278,2337278,Maxillicosta whitleyi,-29.817,153.45
2337278,2337278,Maxillicosta whitleyi,-29.817,153.45
2337278,2337278,Maxillicosta whitleyi,-29.633,153.4
2337278,2337278,Maxillicosta whitleyi,-29.583,153.417
2337278,2337278,Maxillicosta whitleyi,-29.583,153.417
2337278,2337278,Maxillicosta whitleyi,-29.567,153.417
2337278,2337278,Maxillicosta whitleyi,-29.233,153.617
2337278,2337278,Maxillicosta whitleyi,-29.217,153.633
2337278,2337278,Maxillicosta whitleyi,-29.217,153.633
2337278,2337278,Maxillicosta whitleyi,-29.283,153.583
2337278,2337278,Maxillicosta whitleyi,-29.25,153.617
2337278,2337278,Maxillicosta whitleyi,-29.433,153.583
2337278,2337278,Maxillicosta whitleyi,-29.4,153.6
2337278,2337278,Maxillicosta whitleyi,-29.4,153.6
2337278,2337278,Maxillicosta whitleyi,-29.433,153.567
2337278,2337278,Maxillicosta whitleyi,-29.25,153.517
2337278,2337278,Maxillicosta whitleyi,-29.233,153.517
2337278,2337278,Maxillicosta whitleyi,-29.283,153.5
2337278,2337278,Maxillicosta whitleyi,-29.283,153.517
2337278,2337278,Maxillicosta whitleyi,-29.783,153.333
2337278,2337278,Maxillicosta whitleyi,-29.467,153.533
2337278,2337278,Maxillicosta whitleyi,-29.467,153.533
2337278,2337278,Maxillicosta whitleyi,-29.433,153.55
2337278,2337278,Maxillicosta whitleyi,-29.433,153.567
2337278,2337278,Maxillicosta whitleyi,-29.483,153.55
2337278,2337278,Maxillicosta whitleyi,-37.305,150.016667
2337278,2337278,Maxillicosta whitleyi,-37.323335,150.06833
2337278,2337278,Maxillicosta whitleyi,-37.8375,149.0575
2337278,2337278,Maxillicosta whitleyi,-37.8133,149.0717
2337278,2337278,Maxillicosta whitleyi,-37.306665,149.998335
2337278,2337278,Maxillicosta whitleyi,-37.316665,150.01417
2337278,2337278,Maxillicosta whitleyi,-37.8825,149.111665
2337278,2337278,Maxillicosta whitleyi,-35.217,150.683
2337278,2337278,Maxillicosta whitleyi,-35.217,150.717
2337278,2337278,Maxillicosta whitleyi,-36.717,150.017
2337278,2337278,Maxillicosta whitleyi,-36.717,150.017
2337278,2337278,Maxillicosta whitleyi,-36.65,150.05
2337278,2337278,Maxillicosta whitleyi,-36.617,150.067
2337278,2337278,Maxillicosta whitleyi,-33.05,151.717
2337278,2337278,Maxillicosta whitleyi,-37.31666,150.01417
2337278,2337278,Maxillicosta whitleyi,-37.30666,149.99834
2337278,2337278,Maxillicosta whitleyi,-37.8133,149.0717
2337278,2337278,Maxillicosta whitleyi,-37.8375,149.0575
2337278,2337278,Maxillicosta whitleyi,-37.32333,150.06833
2337278,2337278,Maxillicosta whitleyi,-37.8825,149.11167
2337278,2337278,Maxillicosta whitleyi,-37.305,150.016667
2337278,2337278,Maxillicosta whitleyi,-35.217,150.683
2337278,2337278,Maxillicosta whitleyi,-35.217,150.617
2337278,2337278,Maxillicosta whitleyi,-35.217,150.633
2337278,2337278,Maxillicosta whitleyi,-35.2,150.717
2337278,2337278,Maxillicosta whitleyi,-36.7,150.033
2337278,2337278,Maxillicosta whitleyi,-36.633,150.05
2337278,2337278,Maxillicosta whitleyi,-35.2,150.683
2337278,2337278,Maxillicosta whitleyi,-35.217,150.633
2337278,2337278,Maxillicosta whitleyi,-35.217,150.633
2337278,2337278,Maxillicosta whitleyi,-35.617,150.45
2337278,2337278,Maxillicosta whitleyi,-35.683,150.417
2337278,2337278,Maxillicosta whitleyi,-36.683,150.15
2337278,2337278,Maxillicosta whitleyi,-35.2,150.633
2337278,2337278,Maxillicosta whitleyi,-35.2,150.7
2337278,2337278,Maxillicosta whitleyi,-35.2,150.717
2337278,2337278,Maxillicosta whitleyi,-35.217,150.617
2337278,2337278,Maxillicosta whitleyi,-36.633,150.05
2337278,2337278,Maxillicosta whitleyi,-36.617,150.067
2337278,2337278,Maxillicosta whitleyi,-33,151.767
2337278,2337278,Maxillicosta whitleyi,-33.05,151.733
2337278,2337278,Maxillicosta whitleyi,-33.067,151.733
2337278,2337278,Maxillicosta whitleyi,-33,151.783
2337278,2337278,Maxillicosta whitleyi,-36.7,150.033
2337278,2337278,Maxillicosta whitleyi,-36.633,150.05
2337278,2337278,Maxillicosta whitleyi,-33.05,151.733
2337278,2337278,Maxillicosta whitleyi,-33.017,151.767
2337278,2337278,Maxillicosta whitleyi,-33.05,151.733
2337278,2337278,Maxillicosta whitleyi,-32.983,151.783
2337278,2337278,Maxillicosta whitleyi,-32.983,151.767
2337278,2337278,Maxillicosta whitleyi,-35.2,150.717
2337278,2337278,Maxillicosta whitleyi,-35.2,150.633
2337278,2337278,Maxillicosta whitleyi,-35.2,150.7
2337278,2337278,Maxillicosta whitleyi,-36.7,150.017
2337278,2337278,Maxillicosta whitleyi,-36.633,150.05
2337278,2337278,Maxillicosta whitleyi,-35.2,150.7
2337278,2337278,Maxillicosta whitleyi,-35.217,150.617
2337278,2337278,Maxillicosta whitleyi,-37.59508,149.85708
2337278,2337278,Maxillicosta whitleyi,-38.998,146.58983
2337278,2337278,Maxillicosta whitleyi,-37.86583,148.17334
2337278,2337278,Maxillicosta whitleyi,-37.59508,149.85708
2337278,2337278,Maxillicosta whitleyi,-38.998,146.58983
2337278,2337278,Maxillicosta whitleyi,-37.86166,148.20584
2337278,2337278,Maxillicosta whitleyi,-37.92667,148.24084
2337278,2337278,Maxillicosta whitleyi,-37.59408,149.81159
2337278,2337278,Maxillicosta whitleyi,-37.81283,148.54175
2337278,2337278,Maxillicosta whitleyi,-37.59408,149.81159
2337278,2337278,Maxillicosta whitleyi,-33.05,151.733
2337278,2337278,Maxillicosta whitleyi,-36.7,150.033
2337278,2337278,Maxillicosta whitleyi,-36.633,150.05
2337278,2337278,Maxillicosta whitleyi,-36.617,150.05
2337278,2337278,Maxillicosta whitleyi,-36.375,150.16584
2337278,2337278,Maxillicosta whitleyi,-36.37333,150.13333
2337278,2337278,Maxillicosta whitleyi,-37.29541,149.99092
2337278,2337278,Maxillicosta whitleyi,-37.30167,150.02
2337278,2337278,Maxillicosta whitleyi,-37.3,150.06834
2337278,2337278,Maxillicosta whitleyi,-36.36941,150.11184
2337278,2337278,Maxillicosta whitleyi,-36.37333,150.13333
2337278,2337278,Maxillicosta whitleyi,-36.99,150.04917
2337278,2337278,Maxillicosta whitleyi,-36.92083,149.96917
2337278,2337278,Maxillicosta whitleyi,-33.05,151.733
2337278,2337278,Maxillicosta whitleyi,-33,151.767
2337278,2337278,Maxillicosta whitleyi,-33,151.767
2337278,2337278,Maxillicosta whitleyi,-33.067,151.717
2337278,2337278,Maxillicosta whitleyi,-35.217,150.633
2337278,2337278,Maxillicosta whitleyi,-35.217,150.717
2337278,2337278,Maxillicosta whitleyi,-33.05,151.733
2337278,2337278,Maxillicosta whitleyi,-32.983,151.767
2337278,2337278,Maxillicosta whitleyi,-36.7,150.033
2337278,2337278,Maxillicosta whitleyi,-36.633,150.05
2337278,2337278,Maxillicosta whitleyi,-36.617,150.067
2337278,2337278,Maxillicosta whitleyi,-35.2,150.7
2337278,2337278,Maxillicosta whitleyi,-36.633,150.05
2337278,2337278,Maxillicosta whitleyi,-36.7,150.017
2337278,2337278,Maxillicosta whitleyi,-36.717,150.033
2337278,2337278,Maxillicosta whitleyi,-38.6694,145.671
2337278,2337278,Maxillicosta whitleyi,-35.625,150.44167
2337278,2337278,Maxillicosta whitleyi,-35.633,150.433
2337278,2337278,Maxillicosta whitleyi,-35.217,150.633
2337278,2337278,Maxillicosta whitleyi,-35.2,150.7
2337278,2337278,Maxillicosta whitleyi,-35.217,150.7
2337278,2337278,Maxillicosta whitleyi,-35.217,150.633
2337278,2337278,Maxillicosta whitleyi,-35.667,150.433
2337278,2337278,Maxillicosta whitleyi,-35.2,150.683
2337278,2337278,Maxillicosta whitleyi,-35.217,150.617
2337278,2337278,Maxillicosta whitleyi,-35.217,150.633
2337278,2337278,Maxillicosta whitleyi,-36.667,150.033
2337278,2337278,Maxillicosta whitleyi,-35.2,150.7
2337278,2337278,Maxillicosta whitleyi,-36.617,150.067
2337278,2337278,Maxillicosta whitleyi,-36.617,150.067
2337278,2337278,Maxillicosta whitleyi,-36.667,150.033
2337278,2337278,Maxillicosta whitleyi,-36.667,150.033
2337278,2337278,Maxillicosta whitleyi,-36.617,150.067
2337278,2337278,Maxillicosta whitleyi,-36.65,150.05
2337278,2337278,Maxillicosta whitleyi,-36.717,150.033
2337278,2337278,Maxillicosta whitleyi,-33,151.767
2337278,2337278,Maxillicosta whitleyi,-32.983,151.783
2337278,2337278,Maxillicosta whitleyi,-35.217,150.667
2337278,2337278,Maxillicosta whitleyi,-35.2,150.667
2337278,2337278,Maxillicosta whitleyi,-35.217,150.633
2337278,2337278,Maxillicosta whitleyi,-35.2,150.733
2337278,2337278,Maxillicosta whitleyi,-36.6,150.067
2337278,2337278,Maxillicosta whitleyi,-36.667,150.033
2337278,2337278,Maxillicosta whitleyi,-36.617,150.067
2337278,2337278,Maxillicosta whitleyi,-36.683,150.033
2337278,2337278,Maxillicosta whitleyi,-35.2,150.617
2337278,2337278,Maxillicosta whitleyi,-35.217,150.683
2337278,2337278,Maxillicosta whitleyi,-35.217,150.683
2337278,2337278,Maxillicosta whitleyi,-35.217,150.617
2337278,2337278,Maxillicosta whitleyi,-36.667,150.033
2337278,2337278,Maxillicosta whitleyi,-36.617,150.067
2337278,2337278,Maxillicosta whitleyi,-36.683,150.033
2337278,2337278,Maxillicosta whitleyi,-36.6,150.067
2337278,2337278,Maxillicosta whitleyi,-37.93,148.2275
2337278,2337278,Maxillicosta whitleyi,-38.97408,146.55967
2337278,2337278,Maxillicosta whitleyi,-37.86333,148.55067
2337278,2337278,Maxillicosta whitleyi,-37.92166,148.22917
2337278,2337278,Maxillicosta whitleyi,-37.80916,149.0475
2337278,2337278,Maxillicosta whitleyi,-39.00833,146.58333
2337278,2337278,Maxillicosta whitleyi,-37.93,148.2275
2337278,2337278,Maxillicosta whitleyi,-37.8575,148.235
2337278,2337278,Maxillicosta whitleyi,-37.278333,149.87
2337278,2337278,Maxillicosta whitleyi,-37.2783,149.992
2337278,2337278,Maxillicosta whitleyi,-35.217,150.633
2337278,2337278,Maxillicosta whitleyi,-35.217,150.7
2337278,2337278,Maxillicosta whitleyi,-35.2,150.733
2337278,2337278,Maxillicosta whitleyi,-35.217,150.633
2337278,2337278,Maxillicosta whitleyi,-36.683,150.033
2337278,2337278,Maxillicosta whitleyi,-36.617,150.067
2337278,2337278,Maxillicosta whitleyi,-36.617,150.05
2337278,2337278,Maxillicosta whitleyi,-36.683,150.033
2337278,2337278,Maxillicosta whitleyi,-33,151.767
2337278,2337278,Maxillicosta whitleyi,-33.067,151.733
2337278,2337278,Maxillicosta whitleyi,-32.983,151.783
2337278,2337278,Maxillicosta whitleyi,-35.683,150.417
2337278,2337278,Maxillicosta whitleyi,-36.7,150.033
2337278,2337278,Maxillicosta whitleyi,-36.633,150.05
2337278,2337278,Maxillicosta whitleyi,-37.2775,150.00083
2337278,2337278,Maxillicosta whitleyi,-37.36583,149.9825
2337278,2337278,Maxillicosta whitleyi,-37.80917,148.98084
2337278,2337278,Maxillicosta whitleyi,-37.38833,149.96917
2337278,2337278,Maxillicosta whitleyi,-37.3925,149.975
2337278,2337278,Maxillicosta whitleyi,-37.28583,150.03833
2337278,2337278,Maxillicosta whitleyi,-37.28583,150.03833
2337278,2337278,Maxillicosta whitleyi,-37.28583,150.03833
2337278,2337278,Maxillicosta whitleyi,-37.28583,150.03833
2337278,2337278,Maxillicosta whitleyi,-37.28583,150.03833
2337278,2337278,Maxillicosta whitleyi,-37.28583,150.03833
2337278,2337278,Maxillicosta whitleyi,-36.95666,150.04417
2337278,2337278,Maxillicosta whitleyi,-37.82083,149.09584
2337278,2337278,Maxillicosta whitleyi,-37.28416,150.06917
2337278,2337278,Maxillicosta whitleyi,-36.39308,150.12784
2337278,2337278,Maxillicosta whitleyi,-37.3925,149.96967
2337278,2337278,Maxillicosta whitleyi,-37.27583,149.98625
2337278,2337278,Maxillicosta whitleyi,-36.91666,149.95667
2337278,2337278,Maxillicosta whitleyi,-36.3825,150.1375
2337278,2337278,Maxillicosta whitleyi,-37.28416,150.06917
2337278,2337278,Maxillicosta whitleyi,-37.2775,150.00167
2337278,2337278,Maxillicosta whitleyi,-36.3725,150.11083
2337278,2337278,Maxillicosta whitleyi,-37.28083,150.01417
2337278,2337278,Maxillicosta whitleyi,-37.28166,150.01084
2337278,2337278,Maxillicosta whitleyi,-37.28166,150.01084
2337278,2337278,Maxillicosta whitleyi,-37.28166,150.01084
2337278,2337278,Maxillicosta whitleyi,-37.28166,150.01084
2337278,2337278,Maxillicosta whitleyi,-37.28166,150.01084
2337278,2337278,Maxillicosta whitleyi,-37.28166,150.01084
2337278,2337278,Maxillicosta whitleyi,-37.28166,150.01084
2337278,2337278,Maxillicosta whitleyi,-37.28166,150.01084
2337278,2337278,Maxillicosta whitleyi,-37.39583,149.9825
2337278,2337278,Maxillicosta whitleyi,-37.28583,150.03833
2337278,2337278,Maxillicosta whitleyi,-37.28166,150.01084
2337278,2337278,Maxillicosta whitleyi,-36.90583,149.88333
2337278,2337278,Maxillicosta whitleyi,-37.3925,149.97583
2337278,2337278,Maxillicosta whitleyi,-36.95666,150.04417
2337278,2337278,Maxillicosta whitleyi,-37.3925,149.975
2337278,2337278,Maxillicosta whitleyi,-37.27583,149.98625
2337278,2337278,Maxillicosta whitleyi,-37.8075,149.04834
2337278,2337278,Maxillicosta whitleyi,-37.28583,150.03833
2337278,2337278,Maxillicosta whitleyi,-37.278333,149.87
2337278,2337278,Maxillicosta whitleyi,-35.2,150.683
2337278,2337278,Maxillicosta whitleyi,-35.217,150.633
2337278,2337278,Maxillicosta whitleyi,-35.217,150.633
2337278,2337278,Maxillicosta whitleyi,-33.017,151.767
2337278,2337278,Maxillicosta whitleyi,-33.067,151.717
2337278,2337278,Maxillicosta whitleyi,-35.217,150.633
2337278,2337278,Maxillicosta whitleyi,-35.217,150.7
2337278,2337278,Maxillicosta whitleyi,-35.217,150.633
2337278,2337278,Maxillicosta whitleyi,-35.217,150.633
2337278,2337278,Maxillicosta whitleyi,-35.217,150.7
2337278,2337278,Maxillicosta whitleyi,-35.217,150.617
2337278,2337278,Maxillicosta whitleyi,-35.217,150.7
2337278,2337278,Maxillicosta whitleyi,-33.05,151.733
2337278,2337278,Maxillicosta whitleyi,-32.983,151.783
2337278,2337278,Maxillicosta whitleyi,-35.667,150.417
2337278,2337278,Maxillicosta whitleyi,-36.717,150.017
2337278,2337278,Maxillicosta whitleyi,-36.667,150.033
2337278,2337278,Maxillicosta whitleyi,-36.617,150.05
2337278,2337278,Maxillicosta whitleyi,-36.7,150.017
2337278,2337278,Maxillicosta whitleyi,-36.683,150.033
2337278,2337278,Maxillicosta whitleyi,-36.633,150.05
2337278,2337278,Maxillicosta whitleyi,-36.7,150.033
2337278,2337278,Maxillicosta whitleyi,-36.633,150.067
2337278,2337278,Maxillicosta whitleyi,-28.425,153.66667
2337278,2337278,Maxillicosta whitleyi,-29.417,153.583
2337278,2337278,Maxillicosta whitleyi,-29.417,153.583
2337278,2337278,Maxillicosta whitleyi,-29.417,153.583
2337278,2337278,Maxillicosta whitleyi,-29.417,153.583
2337278,2337278,Maxillicosta whitleyi,-28.4,153.667
2337278,2337278,Maxillicosta whitleyi,-28.4,153.667
2337278,2337278,Maxillicosta whitleyi,-28.4,153.667
2337278,2337278,Maxillicosta whitleyi,-28.4,153.667
2337278,2337278,Maxillicosta whitleyi,-28.4,153.667
2337278,2337278,Maxillicosta whitleyi,-28.4,153.667
2337278,2337278,Maxillicosta whitleyi,-28.4,153.667
2337278,2337278,Maxillicosta whitleyi,-28.4,153.667
2337278,2337278,Maxillicosta whitleyi,-28.4,153.667
2337278,2337278,Maxillicosta whitleyi,-28.4,153.667
2337278,2337278,Maxillicosta whitleyi,-28.4,153.667
2337278,2337278,Maxillicosta whitleyi,-28.4,153.667
2337278,2337278,Maxillicosta whitleyi,-29.417,153.583
2337278,2337278,Maxillicosta whitleyi,-29.417,153.583
2337278,2337278,Maxillicosta whitleyi,-29.417,153.583
2337278,2337278,Maxillicosta whitleyi,-29.417,153.583
2337278,2337278,Maxillicosta whitleyi,-29.417,153.583
2337278,2337278,Maxillicosta whitleyi,-29.417,153.583
2337278,2337278,Maxillicosta whitleyi,-29.417,153.583
2337278,2337278,Maxillicosta whitleyi,-29.417,153.583
2337278,2337278,Maxillicosta whitleyi,-29.417,153.583
2337278,2337278,Maxillicosta whitleyi,-29.417,153.583
2337278,2337278,Maxillicosta whitleyi,-32.917,151.983
2337278,2337278,Maxillicosta whitleyi,-32.917,151.983
2337278,2337278,Maxillicosta whitleyi,-32.917,151.983
2337278,2337278,Maxillicosta whitleyi,-32.917,151.983
2337278,2337278,Maxillicosta whitleyi,-32.917,151.983
2337278,2337278,Maxillicosta whitleyi,-32.917,151.983
2337278,2337278,Maxillicosta whitleyi,-32.917,151.983
2337278,2337278,Maxillicosta whitleyi,-32.917,151.983
2337278,2337278,Maxillicosta whitleyi,-32.917,151.983
2337278,2337278,Maxillicosta whitleyi,-32.917,151.983
2337278,2337278,Maxillicosta whitleyi,-32.917,151.983
2337278,2337278,Maxillicosta whitleyi,-32.917,151.983
2337278,2337278,Maxillicosta whitleyi,-32.917,151.983
2337278,2337278,Maxillicosta whitleyi,-31.917,152.85
2337278,2337278,Maxillicosta whitleyi,-31.917,152.85
2337278,2337278,Maxillicosta whitleyi,-31.917,152.85
2337278,2337278,Maxillicosta whitleyi,-31.917,152.85
2337278,2337278,Maxillicosta whitleyi,-31.917,152.85
2337278,2337278,Maxillicosta whitleyi,-31.917,152.85
2337278,2337278,Maxillicosta whitleyi,-31.917,152.85
2337278,2337278,Maxillicosta whitleyi,-31.917,152.85
2337278,2337278,Maxillicosta whitleyi,-31.917,152.85
2337278,2337278,Maxillicosta whitleyi,-31.917,152.85
2337278,2337278,Maxillicosta whitleyi,-31.917,152.85
2337278,2337278,Maxillicosta whitleyi,-31.917,152.85
2337278,2337278,Maxillicosta whitleyi,-29.417,153.583
2337278,2337278,Maxillicosta whitleyi,-29.417,153.583
2337278,2337278,Maxillicosta whitleyi,-29.417,153.583
2337278,2337278,Maxillicosta whitleyi,-29.417,153.583
2337278,2337278,Maxillicosta whitleyi,-29.417,153.583
2337278,2337278,Maxillicosta whitleyi,-29.417,153.583
2337278,2337278,Maxillicosta whitleyi,-29.417,153.583
2337278,2337278,Maxillicosta whitleyi,-29.417,153.583
2337278,2337278,Maxillicosta whitleyi,-29.417,153.583
2337278,2337278,Maxillicosta whitleyi,-29.417,153.583
2337278,2337278,Maxillicosta whitleyi,-29.417,153.583
2337278,2337278,Maxillicosta whitleyi,-29.417,153.583
2337278,2337278,Maxillicosta whitleyi,-28.4,153.667
2337278,2337278,Maxillicosta whitleyi,-28.4,153.667
2337278,2337278,Maxillicosta whitleyi,-28.4,153.667
2337278,2337278,Maxillicosta whitleyi,-28.4,153.667
2337278,2337278,Maxillicosta whitleyi,-28.4,153.667
2337278,2337278,Maxillicosta whitleyi,-28.4,153.667
2337278,2337278,Maxillicosta whitleyi,-28.4,153.667
2337278,2337278,Maxillicosta whitleyi,-28.4,153.667
2337278,2337278,Maxillicosta whitleyi,-28.4,153.667
2337278,2337278,Maxillicosta whitleyi,-28.4,153.667
2337278,2337278,Maxillicosta whitleyi,-28.4,153.667
2337278,2337278,Maxillicosta whitleyi,-28.4,153.667
2337278,2337278,Maxillicosta whitleyi,-32.917,151.983
2337278,2337278,Maxillicosta whitleyi,-31.917,152.85
2337278,2337278,Maxillicosta whitleyi,-31.917,152.85
2337278,2337278,Maxillicosta whitleyi,-31.917,152.85
2337278,2337278,Maxillicosta whitleyi,-31.917,152.85
2337278,2337278,Maxillicosta whitleyi,-31.917,152.85
2337278,2337278,Maxillicosta whitleyi,-31.917,152.85
2337278,2337278,Maxillicosta whitleyi,-31.917,152.85
2337278,2337278,Maxillicosta whitleyi,-31.917,152.85
2337278,2337278,Maxillicosta whitleyi,-31.917,152.85
2337278,2337278,Maxillicosta whitleyi,-31.917,152.85
2337278,2337278,Maxillicosta whitleyi,-31.917,152.85
2337278,2337278,Maxillicosta whitleyi,-32.933,151.95
2337278,2337278,Maxillicosta whitleyi,-32.867,152
2337278,2337278,Maxillicosta whitleyi,-32.9,151.983
2337278,2337278,Maxillicosta whitleyi,-32.917,151.967
2337278,2337278,Maxillicosta whitleyi,-32.883,151.983
2337278,2337278,Maxillicosta whitleyi,-32.883,151.967
2337278,2337278,Maxillicosta whitleyi,-32.867,152
2337278,2337278,Maxillicosta whitleyi,-32.95,151.917
2337278,2337278,Maxillicosta whitleyi,-29.417,153.583
2337278,2337278,Maxillicosta whitleyi,-29.417,153.583
2337278,2337278,Maxillicosta whitleyi,-29.417,153.583
2337278,2337278,Maxillicosta whitleyi,-29.417,153.583
2337278,2337278,Maxillicosta whitleyi,-29.417,153.583
2337278,2337278,Maxillicosta whitleyi,-29.417,153.583
2337278,2337278,Maxillicosta whitleyi,-29.417,153.583
2337278,2337278,Maxillicosta whitleyi,-29.417,153.583
2337278,2337278,Maxillicosta whitleyi,-29.417,153.583
2337278,2337278,Maxillicosta whitleyi,-29.417,153.583
2337278,2337278,Maxillicosta whitleyi,-29.417,153.583
2337278,2337278,Maxillicosta whitleyi,-29.417,153.583
2337278,2337278,Maxillicosta whitleyi,-28.4,153.667
2337278,2337278,Maxillicosta whitleyi,-28.4,153.667
2337278,2337278,Maxillicosta whitleyi,-28.4,153.667
2337278,2337278,Maxillicosta whitleyi,-28.4,153.667
2337278,2337278,Maxillicosta whitleyi,-28.4,153.667
2337278,2337278,Maxillicosta whitleyi,-28.4,153.667
2337278,2337278,Maxillicosta whitleyi,-28.4,153.667
2337278,2337278,Maxillicosta whitleyi,-28.4,153.667
2337278,2337278,Maxillicosta whitleyi,-28.4,153.667
2337278,2337278,Maxillicosta whitleyi,-28.4,153.667
2337278,2337278,Maxillicosta whitleyi,-28.4,153.667
2337278,2337278,Maxillicosta whitleyi,-28.4,153.667
2337278,2337278,Maxillicosta whitleyi,-31.917,152.85
2337278,2337278,Maxillicosta whitleyi,-31.917,152.85
2337278,2337278,Maxillicosta whitleyi,-31.917,152.85
2337278,2337278,Maxillicosta whitleyi,-31.917,152.85
2337278,2337278,Maxillicosta whitleyi,-31.917,152.85
2337278,2337278,Maxillicosta whitleyi,-31.917,152.85
2337278,2337278,Maxillicosta whitleyi,-31.917,152.85
2337278,2337278,Maxillicosta whitleyi,-31.917,152.85
2337278,2337278,Maxillicosta whitleyi,-31.917,152.85
2337278,2337278,Maxillicosta whitleyi,-31.917,152.85
2337278,2337278,Maxillicosta whitleyi,-31.917,152.85
2337278,2337278,Maxillicosta whitleyi,-32.917,151.983
2337278,2337278,Maxillicosta whitleyi,-28.4,153.667
2337278,2337278,Maxillicosta whitleyi,-28.4,153.667
2337278,2337278,Maxillicosta whitleyi,-28.4,153.667
2337278,2337278,Maxillicosta whitleyi,-28.4,153.667
2337278,2337278,Maxillicosta whitleyi,-28.4,153.667
2337278,2337278,Maxillicosta whitleyi,-28.4,153.667
2337278,2337278,Maxillicosta whitleyi,-28.4,153.667
2337278,2337278,Maxillicosta whitleyi,-28.4,153.667
2337278,2337278,Maxillicosta whitleyi,-28.4,153.667
2337278,2337278,Maxillicosta whitleyi,-28.4,153.667
2337278,2337278,Maxillicosta whitleyi,-28.4,153.667
2337278,2337278,Maxillicosta whitleyi,-28.4,153.667
2337278,2337278,Maxillicosta whitleyi,-29.417,153.583
2337278,2337278,Maxillicosta whitleyi,-29.417,153.583
2337278,2337278,Maxillicosta whitleyi,-29.417,153.583
2337278,2337278,Maxillicosta whitleyi,-29.417,153.583
2337278,2337278,Maxillicosta whitleyi,-29.417,153.583
2337278,2337278,Maxillicosta whitleyi,-29.417,153.583
2337278,2337278,Maxillicosta whitleyi,-29.417,153.583
2337278,2337278,Maxillicosta whitleyi,-29.417,153.583
2337278,2337278,Maxillicosta whitleyi,-29.417,153.583
2337278,2337278,Maxillicosta whitleyi,-29.417,153.583
2337278,2337278,Maxillicosta whitleyi,-29.417,153.583
2337278,2337278,Maxillicosta whitleyi,-31.917,152.85
2337278,2337278,Maxillicosta whitleyi,-31.917,152.85
2337278,2337278,Maxillicosta whitleyi,-31.917,152.85
2337278,2337278,Maxillicosta whitleyi,-31.917,152.85
2337278,2337278,Maxillicosta whitleyi,-31.917,152.85
2337278,2337278,Maxillicosta whitleyi,-31.917,152.85
2337278,2337278,Maxillicosta whitleyi,-29.417,153.583
2337278,2337278,Maxillicosta whitleyi,-29.417,153.583
2337278,2337278,Maxillicosta whitleyi,-29.417,153.583
2337278,2337278,Maxillicosta whitleyi,-29.417,153.583
2337278,2337278,Maxillicosta whitleyi,-28.4,153.667
2337278,2337278,Maxillicosta whitleyi,-28.4,153.667
2337278,2337278,Maxillicosta whitleyi,-28.4,153.667
2337278,2337278,Maxillicosta whitleyi,-28.4,153.667
2337278,2337278,Maxillicosta whitleyi,-28.4,153.667
2337278,2337278,Maxillicosta whitleyi,-28.4,153.667
2337278,2337278,Maxillicosta whitleyi,-28.4,153.667
2337278,2337278,Maxillicosta whitleyi,-28.4,153.667
2337278,2337278,Maxillicosta whitleyi,-28.4,153.667
2337278,2337278,Maxillicosta whitleyi,-28.4,153.667
2337278,2337278,Maxillicosta whitleyi,-28.4,153.667
2337278,2337278,Maxillicosta whitleyi,-28.4,153.667
2337278,2337278,Maxillicosta whitleyi,-29.417,153.583
2337278,2337278,Maxillicosta whitleyi,-29.417,153.583
2337278,2337278,Maxillicosta whitleyi,-29.417,153.583
2337278,2337278,Maxillicosta whitleyi,-29.417,153.583
2337278,2337278,Maxillicosta whitleyi,-31.917,152.85
2337278,2337278,Maxillicosta whitleyi,-31.917,152.85
2337278,2337278,Maxillicosta whitleyi,-31.917,152.85
2337278,2337278,Maxillicosta whitleyi,-31.917,152.85
2337278,2337278,Maxillicosta whitleyi,-31.917,152.85
2337278,2337278,Maxillicosta whitleyi,-31.917,152.85
2337278,2337278,Maxillicosta whitleyi,-31.917,152.85
2337278,2337278,Maxillicosta whitleyi,-31.917,152.85
2337278,2337278,Maxillicosta whitleyi,-31.917,152.85
2337278,2337278,Maxillicosta whitleyi,-32.9,151.933
2337278,2337278,Maxillicosta whitleyi,-32.867,151.967
2337278,2337278,Maxillicosta whitleyi,-32.883,151.967
2337278,2337278,Maxillicosta whitleyi,-32.867,152
2337278,2337278,Maxillicosta whitleyi,-32.883,151.967
2337278,2337278,Maxillicosta whitleyi,-32.867,152.017
2337278,2337278,Maxillicosta whitleyi,-32.867,151.983
2337278,2337278,Maxillicosta whitleyi,-32.9,151.983
2337278,2337278,Maxillicosta whitleyi,-32.867,151.983
2337278,2337278,Maxillicosta whitleyi,-32.883,151.967
2337278,2337278,Maxillicosta whitleyi,-32.85,152.017
2337278,2337278,Maxillicosta whitleyi,-32.883,152
2337278,2337278,Maxillicosta whitleyi,-32.917,151.95
2337278,2337278,Maxillicosta whitleyi,-32.883,151.95
2337278,2337278,Maxillicosta whitleyi,-32.883,152
2337278,2337278,Maxillicosta whitleyi,-29.417,153.583
2337278,2337278,Maxillicosta whitleyi,-29.417,153.583
2337278,2337278,Maxillicosta whitleyi,-29.417,153.583
2337278,2337278,Maxillicosta whitleyi,-28.4,153.667
2337278,2337278,Maxillicosta whitleyi,-29.417,153.583
2337278,2337278,Maxillicosta whitleyi,-28.4,153.667
2337278,2337278,Maxillicosta whitleyi,-28.4,153.667
2337278,2337278,Maxillicosta whitleyi,-28.4,153.667
2337278,2337278,Maxillicosta whitleyi,-28.4,153.667
2337278,2337278,Maxillicosta whitleyi,-28.4,153.667
2337278,2337278,Maxillicosta whitleyi,-28.4,153.667
2337278,2337278,Maxillicosta whitleyi,-28.4,153.667
2337278,2337278,Maxillicosta whitleyi,-28.4,153.667
2337278,2337278,Maxillicosta whitleyi,-28.4,153.667
2337278,2337278,Maxillicosta whitleyi,-28.4,153.667
2337278,2337278,Maxillicosta whitleyi,-28.4,153.667
2337278,2337278,Maxillicosta whitleyi,-28.4,153.667
2337278,2337278,Maxillicosta whitleyi,-29.417,153.583
2337278,2337278,Maxillicosta whitleyi,-29.417,153.583
2337278,2337278,Maxillicosta whitleyi,-29.417,153.583
2337278,2337278,Maxillicosta whitleyi,-29.417,153.583
2337278,2337278,Maxillicosta whitleyi,-29.417,153.583
2337278,2337278,Maxillicosta whitleyi,-29.417,153.583
2337278,2337278,Maxillicosta whitleyi,-29.417,153.583
2337278,2337278,Maxillicosta whitleyi,-29.417,153.583
2337278,2337278,Maxillicosta whitleyi,-29.417,153.583
2337278,2337278,Maxillicosta whitleyi,-29.417,153.583
2337278,2337278,Maxillicosta whitleyi,-31.917,152.85
2337278,2337278,Maxillicosta whitleyi,-31.917,152.85
2337278,2337278,Maxillicosta whitleyi,-31.917,152.85
2337278,2337278,Maxillicosta whitleyi,-31.917,152.85
2337278,2337278,Maxillicosta whitleyi,-32.917,151.983
2337278,2337278,Maxillicosta whitleyi,-32.917,151.983
2337278,2337278,Maxillicosta whitleyi,-32.917,151.983
2337278,2337278,Maxillicosta whitleyi,-32.917,151.983
2337278,2337278,Maxillicosta whitleyi,-32.383,152.7
2337278,2337278,Maxillicosta whitleyi,-31.917,152.85
2337278,2337278,Maxillicosta whitleyi,-31.917,152.85
2337278,2337278,Maxillicosta whitleyi,-31.917,152.85
2337278,2337278,Maxillicosta whitleyi,-31.917,152.85
2337278,2337278,Maxillicosta whitleyi,-31.917,152.85
2337278,2337278,Maxillicosta whitleyi,-31.917,152.85
2337278,2337278,Maxillicosta whitleyi,-31.917,152.85
2337278,2337278,Maxillicosta whitleyi,-31.917,152.85
2337278,2337278,Maxillicosta whitleyi,-29.417,153.583
2337278,2337278,Maxillicosta whitleyi,-29.417,153.583
2337278,2337278,Maxillicosta whitleyi,-29.417,153.583
2337278,2337278,Maxillicosta whitleyi,-29.417,153.583
2337278,2337278,Maxillicosta whitleyi,-29.417,153.583
2337278,2337278,Maxillicosta whitleyi,-29.417,153.583
2337278,2337278,Maxillicosta whitleyi,-29.417,153.583
2337278,2337278,Maxillicosta whitleyi,-29.417,153.583
2337278,2337278,Maxillicosta whitleyi,-29.417,153.583
2337278,2337278,Maxillicosta whitleyi,-29.417,153.583
2337278,2337278,Maxillicosta whitleyi,-29.417,153.583
2337278,2337278,Maxillicosta whitleyi,-28.4,153.667
2337278,2337278,Maxillicosta whitleyi,-28.4,153.667
2337278,2337278,Maxillicosta whitleyi,-28.4,153.667
2337278,2337278,Maxillicosta whitleyi,-28.4,153.667
2337278,2337278,Maxillicosta whitleyi,-28.4,153.667
2337278,2337278,Maxillicosta whitleyi,-28.4,153.667
2337278,2337278,Maxillicosta whitleyi,-28.4,153.667
2337278,2337278,Maxillicosta whitleyi,-28.4,153.667
2337278,2337278,Maxillicosta whitleyi,-28.4,153.667
2337278,2337278,Maxillicosta whitleyi,-28.4,153.667
2337278,2337278,Maxillicosta whitleyi,-28.4,153.667
2337278,2337278,Maxillicosta whitleyi,-28.4,153.667
2337278,2337278,Maxillicosta whitleyi,-32.917,151.983
2337278,2337278,Maxillicosta whitleyi,-33.617,151.483
2337278,2337278,Maxillicosta whitleyi,-33.567,151.5
2337278,2337278,Maxillicosta whitleyi,-33.533,151.483
2337278,2337278,Maxillicosta whitleyi,-33.583,151.45
2337278,2337278,Maxillicosta whitleyi,-33.633,151.467
2337278,2337278,Maxillicosta whitleyi,-33.533,151.483
2337278,2337278,Maxillicosta whitleyi,-34.867,150.867
2337278,2337278,Maxillicosta whitleyi,-34.883,150.833
2337278,2337278,Maxillicosta whitleyi,-34.85,150.817
2337278,2337278,Maxillicosta whitleyi,-34.817,150.817
2337278,2337278,Maxillicosta whitleyi,-34.833,150.8
2337278,2337278,Maxillicosta whitleyi,-29.417,153.583
2337278,2337278,Maxillicosta whitleyi,-29.417,153.583
2337278,2337278,Maxillicosta whitleyi,-29.417,153.583
2337278,2337278,Maxillicosta whitleyi,-28.4,153.667
2337278,2337278,Maxillicosta whitleyi,-28.4,153.667
2337278,2337278,Maxillicosta whitleyi,-28.4,153.667
2337278,2337278,Maxillicosta whitleyi,-28.4,153.667
2337278,2337278,Maxillicosta whitleyi,-28.4,153.667
2337278,2337278,Maxillicosta whitleyi,-28.4,153.667
2337278,2337278,Maxillicosta whitleyi,-28.4,153.667
2337278,2337278,Maxillicosta whitleyi,-28.4,153.667
2337278,2337278,Maxillicosta whitleyi,-28.4,153.667
2337278,2337278,Maxillicosta whitleyi,-28.4,153.667
2337278,2337278,Maxillicosta whitleyi,-28.4,153.667
2337278,2337278,Maxillicosta whitleyi,-28.4,153.667
2337278,2337278,Maxillicosta whitleyi,-29.417,153.583
2337278,2337278,Maxillicosta whitleyi,-29.417,153.583
2337278,2337278,Maxillicosta whitleyi,-29.417,153.583
2337278,2337278,Maxillicosta whitleyi,-29.417,153.583
2337278,2337278,Maxillicosta whitleyi,-29.417,153.583
2337278,2337278,Maxillicosta whitleyi,-29.417,153.583
2337278,2337278,Maxillicosta whitleyi,-29.417,153.583
2337278,2337278,Maxillicosta whitleyi,-29.417,153.583
2337278,2337278,Maxillicosta whitleyi,-29.417,153.583
2337278,2337278,Maxillicosta whitleyi,-31.917,152.85
2337278,2337278,Maxillicosta whitleyi,-31.917,152.85
2337278,2337278,Maxillicosta whitleyi,-31.917,152.85
2337278,2337278,Maxillicosta whitleyi,-31.917,152.85
2337278,2337278,Maxillicosta whitleyi,-31.917,152.85
2337278,2337278,Maxillicosta whitleyi,-30.467,153.133
2337278,2337278,Maxillicosta whitleyi,-30.467,153.133
2337278,2337278,Maxillicosta whitleyi,-30.467,153.133
2337278,2337278,Maxillicosta whitleyi,-29.4,153.5
2337278,2337278,Maxillicosta whitleyi,-33.575,151.68333
2337278,2337278,Maxillicosta whitleyi,-33.575,151.68333
2337278,2337278,Maxillicosta whitleyi,-33.6,151.5
2337278,2337278,Maxillicosta whitleyi,-29.333,153.483
2337278,2337278,Maxillicosta whitleyi,-29.367,153.517
2337278,2337278,Maxillicosta whitleyi,-29.3,153.5
2337278,2337278,Maxillicosta whitleyi,-29.517,153.467
2337278,2337278,Maxillicosta whitleyi,-29.35,153.6
2337278,2337278,Maxillicosta whitleyi,-37,149.983
2337278,2337278,Maxillicosta whitleyi,-37.041668,149.94167
2337278,2337278,Maxillicosta whitleyi,-37.041668,149.94167
2337278,2337278,Maxillicosta whitleyi,-37.04,149.94
2337278,2337278,Maxillicosta whitleyi,-29.541666,153.44167
2337278,2337278,Maxillicosta whitleyi,-29.65,153.40834
2337278,2337278,Maxillicosta whitleyi,-29.825,153.39166
2337278,2337278,Maxillicosta whitleyi,-29.825,153.39166
2337278,2337278,Maxillicosta whitleyi,-29.65,153.383
2337278,2337278,Maxillicosta whitleyi,-29.817,153.4
2337278,2337278,Maxillicosta whitleyi,-29.517,153.467
2337278,2337278,Maxillicosta whitleyi,-32.833332,152.05833
2337278,2337278,Maxillicosta whitleyi,-33.565,151.405
2337278,2337278,Maxillicosta whitleyi,-32.817,152.033
2337278,2337278,Maxillicosta whitleyi,-32.817,152.033
2337278,2337278,Maxillicosta whitleyi,-33.533,151.383
2337278,2337278,Maxillicosta whitleyi,-34.167,151.233
2337278,2337278,Maxillicosta whitleyi,-29.425,153.465
2337278,2337278,Maxillicosta whitleyi,-29.391666,153.47333
2337278,2337278,Maxillicosta whitleyi,-29.65,153.39166
2337278,2337278,Maxillicosta whitleyi,-29.65,153.39166
2337278,2337278,Maxillicosta whitleyi,-29.65,153.4
2337278,2337278,Maxillicosta whitleyi,-29.35,153.483
2337278,2337278,Maxillicosta whitleyi,-29.35,153.483
2337278,2337278,Maxillicosta whitleyi,-29.417,153.433
2337278,2337278,Maxillicosta whitleyi,-37.333332,150.06667
2337278,2337278,Maxillicosta whitleyi,-37.383,150.05
2337278,2337278,Maxillicosta whitleyi,-37.98,148.45
2337278,2337278,Maxillicosta whitleyi,-37.8417,148.267
2337278,2337278,Maxillicosta whitleyi,-37.9,148.07
2337278,2337278,Maxillicosta whitleyi,-37.075,150.05833
2337278,2337278,Maxillicosta whitleyi,-37.067,150.067
2337278,2337278,Maxillicosta whitleyi,-38.905,147.223
2337278,2337278,Maxillicosta whitleyi,-38.94,145.277
2337278,2337278,Maxillicosta whitleyi,-28.45,153.80833
2337278,2337278,Maxillicosta whitleyi,-28.45,153.8
2337278,2337278,Maxillicosta whitleyi,-27.25,153
2337278,2337278,Maxillicosta whitleyi,-35.75,150.25
2337278,2337278,Maxillicosta whitleyi,-35.75,150.25
2337278,2337278,Maxillicosta whitleyi,-32.85,151.9
2337278,2337278,Maxillicosta whitleyi,-32.833,151.95
2337278,2337278,Maxillicosta whitleyi,-35.05,150.73334
2337278,2337278,Maxillicosta whitleyi,-32.7,152.4
2337278,2337278,Maxillicosta whitleyi,-37.87,147.98
2337278,2337278,Maxillicosta whitleyi,-32.833332,152
2337278,2337278,Maxillicosta whitleyi,-27.966667,153.41667
2337278,2337278,Maxillicosta whitleyi,-27.966667,153.41667
