requested_taxonKey,record_taxonKey,species_name,decimalLatitude,decimalLongitude
2337296,2337296,Neosebastes incisipinnis,-29.808332,153.51917
2337296,2337296,Neosebastes incisipinnis,-29.808332,153.51917
2337296,2337296,Neosebastes incisipinnis,-28.378056,153.72223
2337296,2337296,Neosebastes incisipinnis,-28.65361,153.85056
2337296,2337296,Neosebastes incisipinnis,-28.65361,153.85056
2337296,2337296,Neosebastes incisipinnis,-28.378056,153.72223
2337296,2337296,Neosebastes incisipinnis,-35.6676,137.0653
2337296,2337296,Neosebastes incisipinnis,-36.567,150.167
2337296,2337296,Neosebastes incisipinnis,-36.717,150.083
2337296,2337296,Neosebastes incisipinnis,-36.667,150.1
2337296,2337296,Neosebastes incisipinnis,-36.367,150.2
2337296,2337296,Neosebastes incisipinnis,-36.817,150.067
2337296,2337296,Neosebastes incisipinnis,-36.767,150.133
2337296,2337296,Neosebastes incisipinnis,-36.75,150.083
2337296,2337296,Neosebastes incisipinnis,-36.75,150.067
2337296,2337296,Neosebastes incisipinnis,-36.567,150.133
2337296,2337296,Neosebastes incisipinnis,-36.517,150.133
2337296,2337296,Neosebastes incisipinnis,-36.383,150.183
2337296,2337296,Neosebastes incisipinnis,-36.45,150.167
2337296,2337296,Neosebastes incisipinnis,-36.583,150.15
2337296,2337296,Neosebastes incisipinnis,-36.133,150.217
2337296,2337296,Neosebastes incisipinnis,-36.567,150.15
2337296,2337296,Neosebastes incisipinnis,-36.6,150.15
2337296,2337296,Neosebastes incisipinnis,-36.6,150.15
2337296,2337296,Neosebastes incisipinnis,-36.617,150.133
2337296,2337296,Neosebastes incisipinnis,-36.617,150.117
2337296,2337296,Neosebastes incisipinnis,-36.6,150.133
2337296,2337296,Neosebastes incisipinnis,-36.6,150.133
2337296,2337296,Neosebastes incisipinnis,-36.583,150.15
2337296,2337296,Neosebastes incisipinnis,-36.75,150.067
2337296,2337296,Neosebastes incisipinnis,-36.3,150.3
2337296,2337296,Neosebastes incisipinnis,-36.833,150.067
2337296,2337296,Neosebastes incisipinnis,-36.85,150.067
2337296,2337296,Neosebastes incisipinnis,-36.7,150.1
2337296,2337296,Neosebastes incisipinnis,-36.567,150.133
2337296,2337296,Neosebastes incisipinnis,-36.717,150.133
2337296,2337296,Neosebastes incisipinnis,-36.633,150.167
2337296,2337296,Neosebastes incisipinnis,-36.667,150.15
2337296,2337296,Neosebastes incisipinnis,-36.667,150.15
2337296,2337296,Neosebastes incisipinnis,-36.667,150.15
2337296,2337296,Neosebastes incisipinnis,-36.733,150.067
2337296,2337296,Neosebastes incisipinnis,-36.717,150.083
2337296,2337296,Neosebastes incisipinnis,-35.35,150.7
2337296,2337296,Neosebastes incisipinnis,-29.7,153.66667
2337296,2337296,Neosebastes incisipinnis,-36.667,150.15
2337296,2337296,Neosebastes incisipinnis,-32.933,151.9
2337296,2337296,Neosebastes incisipinnis,-32.883,152.017
2337296,2337296,Neosebastes incisipinnis,-32.9,151.967
2337296,2337296,Neosebastes incisipinnis,-32.9,151.967
2337296,2337296,Neosebastes incisipinnis,-32.917,151.95
2337296,2337296,Neosebastes incisipinnis,-32.783,152.217
2337296,2337296,Neosebastes incisipinnis,-32.733,152.25
2337296,2337296,Neosebastes incisipinnis,-32.917,151.95
2337296,2337296,Neosebastes incisipinnis,-36.401667,150.18
2337296,2337296,Neosebastes incisipinnis,-29.366667,153.583333
2337296,2337296,Neosebastes incisipinnis,-36.42,150.17
2337296,2337296,Neosebastes incisipinnis,-36.42,150.17
2337296,2337296,Neosebastes incisipinnis,-36.42,150.17
2337296,2337296,Neosebastes incisipinnis,-36.42,150.17
2337296,2337296,Neosebastes incisipinnis,-36.42,150.17
2337296,2337296,Neosebastes incisipinnis,-29.5,153.54167
2337296,2337296,Neosebastes incisipinnis,-29.8,153.45
2337296,2337296,Neosebastes incisipinnis,-29.8,153.467
2337296,2337296,Neosebastes incisipinnis,-29.433,153.567
2337296,2337296,Neosebastes incisipinnis,-29.367,153.583
2337296,2337296,Neosebastes incisipinnis,-29.25,153.617
2337296,2337296,Neosebastes incisipinnis,-29.2,153.633
2337296,2337296,Neosebastes incisipinnis,-29.417,153.567
2337296,2337296,Neosebastes incisipinnis,-29.383,153.583
2337296,2337296,Neosebastes incisipinnis,-29.417,153.583
2337296,2337296,Neosebastes incisipinnis,-29.3,153.4
2337296,2337296,Neosebastes incisipinnis,-29.467,153.55
2337296,2337296,Neosebastes incisipinnis,-29.5,153.533
2337296,10019457,Neosebastes incisipinnis,-36.42,150.167
2337296,10019457,Neosebastes incisipinnis,-36.42,150.167
2337296,10019457,Neosebastes incisipinnis,-36.42,150.167
2337296,10019457,Neosebastes incisipinnis,-36.4167,150.167
2337296,10019457,Neosebastes incisipinnis,-36.42,150.167
2337296,2337296,Neosebastes incisipinnis,-36.42,150.17
2337296,2337296,Neosebastes incisipinnis,-36.42,150.17
2337296,2337296,Neosebastes incisipinnis,-36.42,150.17
2337296,2337296,Neosebastes incisipinnis,-36.42,150.17
2337296,2337296,Neosebastes incisipinnis,-36.42,150.17
2337296,10019457,Neosebastes incisipinnis,-29.267,153.617
2337296,2337296,Neosebastes incisipinnis,-29.25,153.616667
2337296,2337296,Neosebastes incisipinnis,-29.25,153.616667
2337296,2337296,Neosebastes incisipinnis,-29.416667,153.583333
2337296,2337296,Neosebastes incisipinnis,-36.94417,150.0575
2337296,2337296,Neosebastes incisipinnis,-36.41083,150.17416
2337296,2337296,Neosebastes incisipinnis,-36.41083,150.17416
2337296,2337296,Neosebastes incisipinnis,-36.41083,150.17416
2337296,2337296,Neosebastes incisipinnis,-36.41083,150.17416
2337296,2337296,Neosebastes incisipinnis,-36.41083,150.17416
2337296,2337296,Neosebastes incisipinnis,-36.41083,150.17416
2337296,2337296,Neosebastes incisipinnis,-36.41083,150.17416
2337296,2337296,Neosebastes incisipinnis,-36.41083,150.17416
2337296,2337296,Neosebastes incisipinnis,-36.41083,150.17416
2337296,2337296,Neosebastes incisipinnis,-36.41083,150.17416
2337296,2337296,Neosebastes incisipinnis,-36.41083,150.17416
2337296,2337296,Neosebastes incisipinnis,-29.25,153.616667
2337296,2337296,Neosebastes incisipinnis,-29.25,153.616667
2337296,2337296,Neosebastes incisipinnis,-36.401667,150.18
2337296,2337296,Neosebastes incisipinnis,-29.416667,153.583333
2337296,2337296,Neosebastes incisipinnis,-29.366667,153.583333
2337296,2337296,Neosebastes incisipinnis,-36.40083,150.1775
2337296,2337296,Neosebastes incisipinnis,-32.883,152.017
2337296,2337296,Neosebastes incisipinnis,-29.8,153.467
2337296,2337296,Neosebastes incisipinnis,-29.817,153.433
2337296,2337296,Neosebastes incisipinnis,-29.383,153.583
2337296,2337296,Neosebastes incisipinnis,-29.367,153.583
2337296,2337296,Neosebastes incisipinnis,-29.35,153.567
2337296,2337296,Neosebastes incisipinnis,-29.383,153.567
2337296,2337296,Neosebastes incisipinnis,-29.4,153.583
2337296,2337296,Neosebastes incisipinnis,-29.383,153.583
2337296,2337296,Neosebastes incisipinnis,-29.383,153.583
2337296,2337296,Neosebastes incisipinnis,-29.383,153.567
2337296,2337296,Neosebastes incisipinnis,-29.4,153.583
2337296,2337296,Neosebastes incisipinnis,-29.383,153.583
2337296,2337296,Neosebastes incisipinnis,-29.467,153.55
2337296,2337296,Neosebastes incisipinnis,-29.417,153.567
2337296,2337296,Neosebastes incisipinnis,-29.383,153.583
2337296,2337296,Neosebastes incisipinnis,-29.567,153.467
2337296,2337296,Neosebastes incisipinnis,-29.533,153.483
2337296,2337296,Neosebastes incisipinnis,-29.517,153.533
2337296,2337296,Neosebastes incisipinnis,-29.533,153.483
2337296,2337296,Neosebastes incisipinnis,-29.517,153.55
2337296,2337296,Neosebastes incisipinnis,-33.033,151.8
2337296,2337296,Neosebastes incisipinnis,-33.017,151.8
2337296,2337296,Neosebastes incisipinnis,-32.767,152.217
2337296,2337296,Neosebastes incisipinnis,-29.833,153.417
2337296,2337296,Neosebastes incisipinnis,-29.817,153.433
2337296,2337296,Neosebastes incisipinnis,-29.8,153.45
2337296,2337296,Neosebastes incisipinnis,-29.8,153.45
2337296,2337296,Neosebastes incisipinnis,-29.833,153.433
2337296,2337296,Neosebastes incisipinnis,-29.25,153.5
2337296,2337296,Neosebastes incisipinnis,-29.5,153.55
2337296,2337296,Neosebastes incisipinnis,-29.467,153.567
2337296,2337296,Neosebastes incisipinnis,-29.433,153.583
2337296,2337296,Neosebastes incisipinnis,-29.417,153.6
2337296,2337296,Neosebastes incisipinnis,-29.467,153.55
2337296,2337296,Neosebastes incisipinnis,-29.433,153.55
2337296,2337296,Neosebastes incisipinnis,-29.433,153.55
2337296,2337296,Neosebastes incisipinnis,-29.383,153.467
2337296,2337296,Neosebastes incisipinnis,-29.467,153.55
2337296,2337296,Neosebastes incisipinnis,-29.45,153.583
2337296,2337296,Neosebastes incisipinnis,-29.467,153.55
2337296,2337296,Neosebastes incisipinnis,-29.45,153.6
2337296,2337296,Neosebastes incisipinnis,-29.4,153.583
2337296,2337296,Neosebastes incisipinnis,-29.417,153.567
2337296,2337296,Neosebastes incisipinnis,-29.45,153.583
2337296,2337296,Neosebastes incisipinnis,-29.483,153.55
2337296,2337296,Neosebastes incisipinnis,-33.15,151.75
2337296,2337296,Neosebastes incisipinnis,-33.117,151.767
2337296,2337296,Neosebastes incisipinnis,-33.117,151.767
2337296,2337296,Neosebastes incisipinnis,-33.117,151.75
2337296,2337296,Neosebastes incisipinnis,-33.1,151.75
2337296,2337296,Neosebastes incisipinnis,-32.917,151.95
2337296,2337296,Neosebastes incisipinnis,-32.917,151.967
2337296,2337296,Neosebastes incisipinnis,-32.9,151.967
2337296,2337296,Neosebastes incisipinnis,-32.933,151.933
2337296,2337296,Neosebastes incisipinnis,-32.9,152
2337296,2337296,Neosebastes incisipinnis,-32.867,152.017
2337296,2337296,Neosebastes incisipinnis,-32.867,152.033
2337296,2337296,Neosebastes incisipinnis,-32.867,151.95
2337296,2337296,Neosebastes incisipinnis,-32.917,151.95
2337296,2337296,Neosebastes incisipinnis,-32.783,152.2
2337296,2337296,Neosebastes incisipinnis,-32.767,152.233
2337296,2337296,Neosebastes incisipinnis,-32.733,152.25
2337296,2337296,Neosebastes incisipinnis,-32.867,152.017
2337296,2337296,Neosebastes incisipinnis,-32.9,152
2337296,2337296,Neosebastes incisipinnis,-32.883,152
2337296,2337296,Neosebastes incisipinnis,-32.917,151.95
2337296,2337296,Neosebastes incisipinnis,-32.917,151.967
2337296,2337296,Neosebastes incisipinnis,-32.883,152.033
2337296,2337296,Neosebastes incisipinnis,-29.517,153.433
2337296,2337296,Neosebastes incisipinnis,-29.433,153.567
2337296,2337296,Neosebastes incisipinnis,-29.467,153.55
2337296,2337296,Neosebastes incisipinnis,-29.417,153.567
2337296,2337296,Neosebastes incisipinnis,-29.417,153.583
2337296,2337296,Neosebastes incisipinnis,-29.8,153.433
2337296,2337296,Neosebastes incisipinnis,-29.817,153.45
2337296,2337296,Neosebastes incisipinnis,-29.25,153.617
2337296,2337296,Neosebastes incisipinnis,-29.433,153.583
2337296,2337296,Neosebastes incisipinnis,-29.4,153.6
2337296,2337296,Neosebastes incisipinnis,-29.4,153.6
2337296,2337296,Neosebastes incisipinnis,-29.433,153.55
2337296,2337296,Neosebastes incisipinnis,-35.217,150.717
2337296,2337296,Neosebastes incisipinnis,-35.217,150.683
2337296,2337296,Neosebastes incisipinnis,-33.083,151.917
2337296,2337296,Neosebastes incisipinnis,-32.917,152.283
2337296,2337296,Neosebastes incisipinnis,-32.933,152.283
2337296,2337296,Neosebastes incisipinnis,-35.217,150.633
2337296,2337296,Neosebastes incisipinnis,-35.2,150.717
2337296,2337296,Neosebastes incisipinnis,-36.667,150.15
2337296,2337296,Neosebastes incisipinnis,-36.583,150.167
2337296,2337296,Neosebastes incisipinnis,-36.6,150.183
2337296,2337296,Neosebastes incisipinnis,-36.667,150.15
2337296,2337296,Neosebastes incisipinnis,-36.617,150.067
2337296,2337296,Neosebastes incisipinnis,-33.067,152.017
2337296,2337296,Neosebastes incisipinnis,-33.017,152
2337296,2337296,Neosebastes incisipinnis,-33.067,151.95
2337296,2337296,Neosebastes incisipinnis,-35.717,150.4
2337296,2337296,Neosebastes incisipinnis,-36.683,150.15
2337296,2337296,Neosebastes incisipinnis,-36.617,150.167
2337296,2337296,Neosebastes incisipinnis,-36.617,150.167
2337296,2337296,Neosebastes incisipinnis,-36.683,150.133
2337296,2337296,Neosebastes incisipinnis,-35.7,150.4
2337296,2337296,Neosebastes incisipinnis,-32.983,152.2
2337296,2337296,Neosebastes incisipinnis,-32.917,152.267
2337296,2337296,Neosebastes incisipinnis,-32.933,152.283
2337296,2337296,Neosebastes incisipinnis,-32.983,152.233
2337296,2337296,Neosebastes incisipinnis,-34.267,151.2
2337296,2337296,Neosebastes incisipinnis,-33.067,151.967
2337296,2337296,Neosebastes incisipinnis,-33.05,152
2337296,2337296,Neosebastes incisipinnis,-33.133,151.917
2337296,2337296,Neosebastes incisipinnis,-32.983,152.217
2337296,2337296,Neosebastes incisipinnis,-32.95,152.283
2337296,2337296,Neosebastes incisipinnis,-32.933,152.283
2337296,2337296,Neosebastes incisipinnis,-33.017,152.217
2337296,2337296,Neosebastes incisipinnis,-34.367,151.183
2337296,2337296,Neosebastes incisipinnis,-35.617,150.45
2337296,2337296,Neosebastes incisipinnis,-35.6,150.45
2337296,2337296,Neosebastes incisipinnis,-36.683,150.15
2337296,2337296,Neosebastes incisipinnis,-36.6,150.167
2337296,2337296,Neosebastes incisipinnis,-36.617,150.167
2337296,2337296,Neosebastes incisipinnis,-36.683,150.133
2337296,2337296,Neosebastes incisipinnis,-36.7,150.017
2337296,2337296,Neosebastes incisipinnis,-32.983,152.25
2337296,2337296,Neosebastes incisipinnis,-32.933,152.283
2337296,2337296,Neosebastes incisipinnis,-35.733,150.4
2337296,2337296,Neosebastes incisipinnis,-35.7,150.4
2337296,2337296,Neosebastes incisipinnis,-35.633,150.45
2337296,2337296,Neosebastes incisipinnis,-36.683,150.133
2337296,2337296,Neosebastes incisipinnis,-36.6,150.167
2337296,2337296,Neosebastes incisipinnis,-36.617,150.167
2337296,2337296,Neosebastes incisipinnis,-36.667,150.15
2337296,2337296,Neosebastes incisipinnis,-32.9,152.3
2337296,2337296,Neosebastes incisipinnis,-32.983,152.25
2337296,2337296,Neosebastes incisipinnis,-32.933,152.3
2337296,2337296,Neosebastes incisipinnis,-33.033,151.983
2337296,2337296,Neosebastes incisipinnis,-36.667,150.15
2337296,2337296,Neosebastes incisipinnis,-36.6,150.183
2337296,2337296,Neosebastes incisipinnis,-36.583,150.183
2337296,2337296,Neosebastes incisipinnis,-36.667,150.15
2337296,2337296,Neosebastes incisipinnis,-34.367,151.2
2337296,2337296,Neosebastes incisipinnis,-34.283,151.217
2337296,2337296,Neosebastes incisipinnis,-36.4,150.175
2337296,2337296,Neosebastes incisipinnis,-36.4,150.175
2337296,2337296,Neosebastes incisipinnis,-36.4,150.175
2337296,2337296,Neosebastes incisipinnis,-36.4,150.175
2337296,2337296,Neosebastes incisipinnis,-33.1,151.933
2337296,2337296,Neosebastes incisipinnis,-35.717,150.4
2337296,2337296,Neosebastes incisipinnis,-35.65,150.433
2337296,2337296,Neosebastes incisipinnis,-36.6,150.167
2337296,2337296,Neosebastes incisipinnis,-36.65,150.15
2337296,2337296,Neosebastes incisipinnis,-35.683,150.417
2337296,2337296,Neosebastes incisipinnis,-35.667,150.417
2337296,2337296,Neosebastes incisipinnis,-36.38666,150.18334
2337296,2337296,Neosebastes incisipinnis,-36.4,150.175
2337296,2337296,Neosebastes incisipinnis,-36.4,150.175
2337296,2337296,Neosebastes incisipinnis,-36.4,150.175
2337296,2337296,Neosebastes incisipinnis,-36.4,150.175
2337296,2337296,Neosebastes incisipinnis,-32.933,152.267
2337296,2337296,Neosebastes incisipinnis,-36.667,150.15
2337296,2337296,Neosebastes incisipinnis,-36.6,150.167
2337296,2337296,Neosebastes incisipinnis,-36.683,150.15
2337296,2337296,Neosebastes incisipinnis,-36.617,150.167
2337296,2337296,Neosebastes incisipinnis,-32.9,152.3
2337296,2337296,Neosebastes incisipinnis,-32.917,152.3
2337296,2337296,Neosebastes incisipinnis,-32.967,152.25
2337296,2337296,Neosebastes incisipinnis,-36.667,150.15
2337296,2337296,Neosebastes incisipinnis,-36.6,150.167
2337296,2337296,Neosebastes incisipinnis,-36.683,150.15
2337296,2337296,Neosebastes incisipinnis,-36.617,150.167
2337296,2337296,Neosebastes incisipinnis,-35.65,150.433
2337296,2337296,Neosebastes incisipinnis,-36.675,150.04167
2337296,2337296,Neosebastes incisipinnis,-35.633,150.433
2337296,2337296,Neosebastes incisipinnis,-35.7,150.4
2337296,2337296,Neosebastes incisipinnis,-35.2,150.7
2337296,2337296,Neosebastes incisipinnis,-35.733,150.383
2337296,2337296,Neosebastes incisipinnis,-35.633,150.433
2337296,2337296,Neosebastes incisipinnis,-35.667,150.433
2337296,2337296,Neosebastes incisipinnis,-35.717,150.4
2337296,2337296,Neosebastes incisipinnis,-35.2,150.683
2337296,2337296,Neosebastes incisipinnis,-35.2,150.7
2337296,2337296,Neosebastes incisipinnis,-36.667,150.033
2337296,2337296,Neosebastes incisipinnis,-36.6,150.175
2337296,2337296,Neosebastes incisipinnis,-36.6,150.175
2337296,2337296,Neosebastes incisipinnis,-36.6,150.167
2337296,2337296,Neosebastes incisipinnis,-36.583,150.167
2337296,2337296,Neosebastes incisipinnis,-36.65,150.05
2337296,2337296,Neosebastes incisipinnis,-36.717,150.033
2337296,2337296,Neosebastes incisipinnis,-36.65,150.15
2337296,2337296,Neosebastes incisipinnis,-36.6,150.167
2337296,2337296,Neosebastes incisipinnis,-36.633,150.15
2337296,2337296,Neosebastes incisipinnis,-36.617,150.167
2337296,2337296,Neosebastes incisipinnis,-32.917,152.3
2337296,2337296,Neosebastes incisipinnis,-33,152.233
2337296,2337296,Neosebastes incisipinnis,-34.333,151.2
2337296,2337296,Neosebastes incisipinnis,-35.717,150.383
2337296,2337296,Neosebastes incisipinnis,-35.7,150.417
2337296,2337296,Neosebastes incisipinnis,-35.617,150.45
2337296,2337296,Neosebastes incisipinnis,-32.983,152.25
2337296,2337296,Neosebastes incisipinnis,-32.917,152.3
2337296,2337296,Neosebastes incisipinnis,-32.983,152.25
2337296,2337296,Neosebastes incisipinnis,-35.2,150.733
2337296,2337296,Neosebastes incisipinnis,-36.6,150.067
2337296,2337296,Neosebastes incisipinnis,-34.383,151.183
2337296,2337296,Neosebastes incisipinnis,-33.017,152.017
2337296,2337296,Neosebastes incisipinnis,-33.083,151.933
2337296,2337296,Neosebastes incisipinnis,-35.633,150.45
2337296,2337296,Neosebastes incisipinnis,-33.05,151.983
2337296,2337296,Neosebastes incisipinnis,-35.717,150.4
2337296,2337296,Neosebastes incisipinnis,-35.733,150.4
2337296,2337296,Neosebastes incisipinnis,-35.667,150.417
2337296,2337296,Neosebastes incisipinnis,-36.667,150.133
2337296,2337296,Neosebastes incisipinnis,-36.6,150.183
2337296,2337296,Neosebastes incisipinnis,-36.6,150.183
2337296,2337296,Neosebastes incisipinnis,-36.583,150.167
2337296,2337296,Neosebastes incisipinnis,-32.983,152.233
2337296,2337296,Neosebastes incisipinnis,-32.917,152.3
2337296,2337296,Neosebastes incisipinnis,-32.933,152.3
2337296,2337296,Neosebastes incisipinnis,-32.9,152.3
2337296,2337296,Neosebastes incisipinnis,-34.383,151.2
2337296,2337296,Neosebastes incisipinnis,-36.667,150.133
2337296,2337296,Neosebastes incisipinnis,-36.633,150.167
2337296,2337296,Neosebastes incisipinnis,-36.617,150.183
2337296,2337296,Neosebastes incisipinnis,-36.7,150.15
2337296,2337296,Neosebastes incisipinnis,-33.1,151.917
2337296,2337296,Neosebastes incisipinnis,-33.083,151.95
2337296,2337296,Neosebastes incisipinnis,-33.033,152.017
2337296,2337296,Neosebastes incisipinnis,-32.983,152.233
2337296,2337296,Neosebastes incisipinnis,-32.983,152.233
2337296,2337296,Neosebastes incisipinnis,-35.7,150.417
2337296,2337296,Neosebastes incisipinnis,-35.683,150.417
2337296,2337296,Neosebastes incisipinnis,-36.667,150.133
2337296,2337296,Neosebastes incisipinnis,-36.6,150.167
2337296,2337296,Neosebastes incisipinnis,-36.633,150.183
2337296,2337296,Neosebastes incisipinnis,-36.683,150.133
2337296,2337296,Neosebastes incisipinnis,-36.363333,150.191667
2337296,2337296,Neosebastes incisipinnis,-36.363333,150.191667
2337296,2337296,Neosebastes incisipinnis,-36.363333,150.191667
2337296,2337296,Neosebastes incisipinnis,-36.3633,150.192
2337296,2337296,Neosebastes incisipinnis,-36.617,150.05
2337296,2337296,Neosebastes incisipinnis,-36.667,150.15
2337296,2337296,Neosebastes incisipinnis,-36.65,150.15
2337296,2337296,Neosebastes incisipinnis,-36.583,150.167
2337296,2337296,Neosebastes incisipinnis,-32.933,152.3
2337296,2337296,Neosebastes incisipinnis,-32.983,152.25
2337296,2337296,Neosebastes incisipinnis,-35.75,150.383
2337296,2337296,Neosebastes incisipinnis,-35.683,150.417
2337296,2337296,Neosebastes incisipinnis,-36.363333,150.191667
2337296,2337296,Neosebastes incisipinnis,-36.363333,150.191667
2337296,2337296,Neosebastes incisipinnis,-36.363333,150.191667
2337296,2337296,Neosebastes incisipinnis,-35.217,150.7
2337296,2337296,Neosebastes incisipinnis,-33.033,151.983
2337296,2337296,Neosebastes incisipinnis,-35.217,150.7
2337296,2337296,Neosebastes incisipinnis,-35.7,150.4
2337296,2337296,Neosebastes incisipinnis,-35.667,150.417
2337296,2337296,Neosebastes incisipinnis,-35.733,150.367
2337296,2337296,Neosebastes incisipinnis,-36.683,150.15
2337296,2337296,Neosebastes incisipinnis,-36.6,150.167
2337296,2337296,Neosebastes incisipinnis,-36.683,150.15
2337296,2337296,Neosebastes incisipinnis,-36.6,150.167
2337296,2337296,Neosebastes incisipinnis,-36.633,150.067
2337296,2337296,Neosebastes incisipinnis,-36.7,150.033
2337296,2337296,Neosebastes incisipinnis,-37.233,150.317
2337296,2337296,Neosebastes incisipinnis,-36.667,150.15
2337296,2337296,Neosebastes incisipinnis,-36.6,150.167
2337296,2337296,Neosebastes incisipinnis,-36.7,150.15
2337296,2337296,Neosebastes incisipinnis,-36.617,150.167
2337296,2337296,Neosebastes incisipinnis,-32.833332,152.3
2337296,2337296,Neosebastes incisipinnis,-29.425,153.56667
2337296,2337296,Neosebastes incisipinnis,-30.35,153.4
2337296,2337296,Neosebastes incisipinnis,-29.417,153.583
2337296,2337296,Neosebastes incisipinnis,-29.417,153.583
2337296,2337296,Neosebastes incisipinnis,-29.417,153.583
2337296,2337296,Neosebastes incisipinnis,-29.417,153.583
2337296,2337296,Neosebastes incisipinnis,-29.417,153.583
2337296,2337296,Neosebastes incisipinnis,-29.417,153.583
2337296,2337296,Neosebastes incisipinnis,-29.417,153.583
2337296,2337296,Neosebastes incisipinnis,-29.417,153.583
2337296,2337296,Neosebastes incisipinnis,-32.917,151.983
2337296,2337296,Neosebastes incisipinnis,-31.917,152.85
2337296,2337296,Neosebastes incisipinnis,-31.917,152.85
2337296,2337296,Neosebastes incisipinnis,-31.917,152.85
2337296,2337296,Neosebastes incisipinnis,-31.917,152.85
2337296,2337296,Neosebastes incisipinnis,-31.917,152.85
2337296,2337296,Neosebastes incisipinnis,-31.917,152.85
2337296,2337296,Neosebastes incisipinnis,-31.917,152.85
2337296,2337296,Neosebastes incisipinnis,-32.3,152.783
2337296,2337296,Neosebastes incisipinnis,-32.3,152.783
2337296,2337296,Neosebastes incisipinnis,-32.3,152.783
2337296,2337296,Neosebastes incisipinnis,-32.3,152.783
2337296,2337296,Neosebastes incisipinnis,-32.3,152.783
2337296,2337296,Neosebastes incisipinnis,-33.05,151.983
2337296,2337296,Neosebastes incisipinnis,-33.05,151.983
2337296,2337296,Neosebastes incisipinnis,-32.3,152.783
2337296,2337296,Neosebastes incisipinnis,-32.3,152.783
2337296,2337296,Neosebastes incisipinnis,-32.3,152.783
2337296,2337296,Neosebastes incisipinnis,-32.3,152.783
2337296,2337296,Neosebastes incisipinnis,-32.3,152.783
2337296,2337296,Neosebastes incisipinnis,-35.7,150.4
2337296,2337296,Neosebastes incisipinnis,-28.4,153.65
2337296,2337296,Neosebastes incisipinnis,-30.55,153.317
2337296,2337296,Neosebastes incisipinnis,-29.417,153.583
2337296,2337296,Neosebastes incisipinnis,-29.417,153.583
2337296,2337296,Neosebastes incisipinnis,-29.417,153.583
2337296,2337296,Neosebastes incisipinnis,-29.417,153.583
2337296,2337296,Neosebastes incisipinnis,-29.417,153.583
2337296,2337296,Neosebastes incisipinnis,-29.417,153.583
2337296,2337296,Neosebastes incisipinnis,-29.417,153.583
2337296,2337296,Neosebastes incisipinnis,-29.417,153.583
2337296,2337296,Neosebastes incisipinnis,-28.45,153.833
2337296,2337296,Neosebastes incisipinnis,-32.917,151.983
2337296,2337296,Neosebastes incisipinnis,-31.917,152.85
2337296,2337296,Neosebastes incisipinnis,-31.917,152.85
2337296,2337296,Neosebastes incisipinnis,-31.917,152.85
2337296,2337296,Neosebastes incisipinnis,-31.917,152.85
2337296,2337296,Neosebastes incisipinnis,-31.917,152.85
2337296,2337296,Neosebastes incisipinnis,-31.917,152.85
2337296,2337296,Neosebastes incisipinnis,-31.917,152.85
2337296,2337296,Neosebastes incisipinnis,-31.917,152.85
2337296,2337296,Neosebastes incisipinnis,-31.917,152.85
2337296,2337296,Neosebastes incisipinnis,-31.917,152.85
2337296,2337296,Neosebastes incisipinnis,-31.917,152.85
2337296,2337296,Neosebastes incisipinnis,-29.425,153.575
2337296,2337296,Neosebastes incisipinnis,-28.391666,153.66667
2337296,2337296,Neosebastes incisipinnis,-32.95,151.917
2337296,2337296,Neosebastes incisipinnis,-29.417,153.583
2337296,2337296,Neosebastes incisipinnis,-29.417,153.583
2337296,2337296,Neosebastes incisipinnis,-29.417,153.583
2337296,2337296,Neosebastes incisipinnis,-29.417,153.583
2337296,2337296,Neosebastes incisipinnis,-29.417,153.583
2337296,2337296,Neosebastes incisipinnis,-29.417,153.583
2337296,2337296,Neosebastes incisipinnis,-29.417,153.583
2337296,2337296,Neosebastes incisipinnis,-29.417,153.583
2337296,2337296,Neosebastes incisipinnis,-29.417,153.583
2337296,2337296,Neosebastes incisipinnis,-29.417,153.583
2337296,2337296,Neosebastes incisipinnis,-29.417,153.583
2337296,2337296,Neosebastes incisipinnis,-28.4,153.667
2337296,2337296,Neosebastes incisipinnis,-28.4,153.667
2337296,2337296,Neosebastes incisipinnis,-31.917,152.85
2337296,2337296,Neosebastes incisipinnis,-31.917,152.85
2337296,2337296,Neosebastes incisipinnis,-31.917,152.85
2337296,2337296,Neosebastes incisipinnis,-31.917,152.85
2337296,2337296,Neosebastes incisipinnis,-32.917,151.983
2337296,2337296,Neosebastes incisipinnis,-31.917,152.85
2337296,2337296,Neosebastes incisipinnis,-31.917,152.85
2337296,2337296,Neosebastes incisipinnis,-31.917,152.85
2337296,2337296,Neosebastes incisipinnis,-31.917,152.85
2337296,2337296,Neosebastes incisipinnis,-31.917,152.85
2337296,2337296,Neosebastes incisipinnis,-31.917,152.85
2337296,2337296,Neosebastes incisipinnis,-31.917,152.85
2337296,2337296,Neosebastes incisipinnis,-31.917,152.85
2337296,2337296,Neosebastes incisipinnis,-32.917,151.983
2337296,2337296,Neosebastes incisipinnis,-29.5,153.55833
2337296,2337296,Neosebastes incisipinnis,-28.383,153.833
2337296,2337296,Neosebastes incisipinnis,-28.4,153.667
2337296,2337296,Neosebastes incisipinnis,-29.417,153.583
2337296,2337296,Neosebastes incisipinnis,-29.417,153.583
2337296,2337296,Neosebastes incisipinnis,-29.417,153.583
2337296,2337296,Neosebastes incisipinnis,-29.417,153.583
2337296,2337296,Neosebastes incisipinnis,-29.417,153.583
2337296,2337296,Neosebastes incisipinnis,-29.417,153.583
2337296,2337296,Neosebastes incisipinnis,-29.417,153.583
2337296,2337296,Neosebastes incisipinnis,-29.417,153.583
2337296,2337296,Neosebastes incisipinnis,-29.417,153.583
2337296,2337296,Neosebastes incisipinnis,-29.417,153.583
2337296,2337296,Neosebastes incisipinnis,-29.417,153.583
2337296,2337296,Neosebastes incisipinnis,-31.917,152.85
2337296,2337296,Neosebastes incisipinnis,-31.917,152.85
2337296,2337296,Neosebastes incisipinnis,-31.917,152.85
2337296,2337296,Neosebastes incisipinnis,-31.917,152.85
2337296,2337296,Neosebastes incisipinnis,-29.417,153.583
2337296,2337296,Neosebastes incisipinnis,-29.417,153.583
2337296,2337296,Neosebastes incisipinnis,-28.4,153.667
2337296,2337296,Neosebastes incisipinnis,-28.4,153.667
2337296,2337296,Neosebastes incisipinnis,-28.4,153.667
2337296,2337296,Neosebastes incisipinnis,-28.4,153.667
2337296,2337296,Neosebastes incisipinnis,-28.4,153.667
2337296,2337296,Neosebastes incisipinnis,-28.4,153.667
2337296,2337296,Neosebastes incisipinnis,-28.4,153.667
2337296,2337296,Neosebastes incisipinnis,-28.4,153.667
2337296,2337296,Neosebastes incisipinnis,-28.4,153.667
2337296,2337296,Neosebastes incisipinnis,-29.417,153.583
2337296,2337296,Neosebastes incisipinnis,-29.417,153.583
2337296,2337296,Neosebastes incisipinnis,-29.417,153.583
2337296,2337296,Neosebastes incisipinnis,-29.417,153.583
2337296,2337296,Neosebastes incisipinnis,-29.417,153.583
2337296,2337296,Neosebastes incisipinnis,-32.917,151.983
2337296,2337296,Neosebastes incisipinnis,-32.917,151.983
2337296,2337296,Neosebastes incisipinnis,-32.917,151.983
2337296,2337296,Neosebastes incisipinnis,-31.917,152.85
2337296,2337296,Neosebastes incisipinnis,-31.917,152.85
2337296,2337296,Neosebastes incisipinnis,-33,152.217
2337296,2337296,Neosebastes incisipinnis,-33.017,152.133
2337296,2337296,Neosebastes incisipinnis,-33.017,152.167
2337296,2337296,Neosebastes incisipinnis,-33.017,152.233
2337296,2337296,Neosebastes incisipinnis,-32.983,152.183
2337296,2337296,Neosebastes incisipinnis,-29.417,153.583
2337296,2337296,Neosebastes incisipinnis,-29.417,153.583
2337296,2337296,Neosebastes incisipinnis,-28.4,153.667
2337296,2337296,Neosebastes incisipinnis,-28.383,153.833
2337296,2337296,Neosebastes incisipinnis,-29.05,153.817
2337296,2337296,Neosebastes incisipinnis,-29.417,153.583
2337296,2337296,Neosebastes incisipinnis,-29.417,153.583
2337296,2337296,Neosebastes incisipinnis,-29.417,153.583
2337296,2337296,Neosebastes incisipinnis,-29.417,153.583
2337296,2337296,Neosebastes incisipinnis,-29.417,153.583
2337296,2337296,Neosebastes incisipinnis,-30.483,153.35
2337296,2337296,Neosebastes incisipinnis,-31.917,152.85
2337296,2337296,Neosebastes incisipinnis,-31.917,152.85
2337296,2337296,Neosebastes incisipinnis,-32.383,152.7
2337296,2337296,Neosebastes incisipinnis,-31.917,152.85
2337296,2337296,Neosebastes incisipinnis,-31.917,152.85
2337296,2337296,Neosebastes incisipinnis,-31.917,152.85
2337296,2337296,Neosebastes incisipinnis,-31.917,152.85
2337296,2337296,Neosebastes incisipinnis,-31.917,152.85
2337296,2337296,Neosebastes incisipinnis,-31.917,152.85
2337296,2337296,Neosebastes incisipinnis,-29.417,153.583
2337296,2337296,Neosebastes incisipinnis,-29.417,153.583
2337296,2337296,Neosebastes incisipinnis,-29.417,153.583
2337296,2337296,Neosebastes incisipinnis,-29.417,153.583
2337296,2337296,Neosebastes incisipinnis,-29.417,153.583
2337296,2337296,Neosebastes incisipinnis,-29.417,153.583
2337296,2337296,Neosebastes incisipinnis,-29.417,153.583
2337296,2337296,Neosebastes incisipinnis,-29.417,153.583
2337296,2337296,Neosebastes incisipinnis,-29.417,153.583
2337296,2337296,Neosebastes incisipinnis,-29.417,153.583
2337296,2337296,Neosebastes incisipinnis,-29.417,153.583
2337296,2337296,Neosebastes incisipinnis,-29.417,153.583
2337296,2337296,Neosebastes incisipinnis,-28.4,153.667
2337296,2337296,Neosebastes incisipinnis,-28.4,153.667
2337296,2337296,Neosebastes incisipinnis,-28.45,153.85
2337296,2337296,Neosebastes incisipinnis,-30.367,153.4
2337296,2337296,Neosebastes incisipinnis,-31.917,152.85
2337296,2337296,Neosebastes incisipinnis,-31.917,152.85
2337296,2337296,Neosebastes incisipinnis,-33.633,151.467
2337296,2337296,Neosebastes incisipinnis,-29.417,153.583
2337296,2337296,Neosebastes incisipinnis,-29.417,153.583
2337296,2337296,Neosebastes incisipinnis,-29.417,153.583
2337296,2337296,Neosebastes incisipinnis,-29.417,153.583
2337296,2337296,Neosebastes incisipinnis,-29.417,153.583
2337296,2337296,Neosebastes incisipinnis,-29.417,153.583
2337296,2337296,Neosebastes incisipinnis,-29.417,153.583
2337296,2337296,Neosebastes incisipinnis,-29.417,153.583
2337296,2337296,Neosebastes incisipinnis,-29.417,153.583
2337296,2337296,Neosebastes incisipinnis,-29.417,153.583
2337296,2337296,Neosebastes incisipinnis,-31.917,152.85
2337296,2337296,Neosebastes incisipinnis,-31.917,152.85
2337296,2337296,Neosebastes incisipinnis,-31.917,152.85
2337296,2337296,Neosebastes incisipinnis,-29.4,153.5
2337296,2337296,Neosebastes incisipinnis,-34.883,151
2337296,2337296,Neosebastes incisipinnis,-34.85,150.983
2337296,2337296,Neosebastes incisipinnis,-34.867,151.833
2337296,2337296,Neosebastes incisipinnis,-34.917,150.967
2337296,2337296,Neosebastes incisipinnis,-34.867,151
2337296,2337296,Neosebastes incisipinnis,-34.883,151.017
2337296,2337296,Neosebastes incisipinnis,-34.817,151.033
2337296,2337296,Neosebastes incisipinnis,-34.883,151
2337296,2337296,Neosebastes incisipinnis,-34.567,151.067
2337296,2337296,Neosebastes incisipinnis,-34.85,151
2337296,2337296,Neosebastes incisipinnis,-34.9,151.033
2337296,2337296,Neosebastes incisipinnis,-34.867,151.033
2337296,2337296,Neosebastes incisipinnis,-34.817,151
2337296,2337296,Neosebastes incisipinnis,-34.933,151.033
2337296,2337296,Neosebastes incisipinnis,-33.45,151.817
2337296,2337296,Neosebastes incisipinnis,-33.483,151.767
2337296,2337296,Neosebastes incisipinnis,-33.517,151.783
2337296,2337296,Neosebastes incisipinnis,-32.733,152.317
2337296,2337296,Neosebastes incisipinnis,-32.717,152.517
2337296,2337296,Neosebastes incisipinnis,-33.3,151.85
2337296,2337296,Neosebastes incisipinnis,-33.583,151.7
2337296,2337296,Neosebastes incisipinnis,-29.35,153.6
2337296,2337296,Neosebastes incisipinnis,-29.517,153.467
2337296,2337296,Neosebastes incisipinnis,-33.567,151.717
2337296,2337296,Neosebastes incisipinnis,-33.75,151.5
2337296,2337296,Neosebastes incisipinnis,-34.483,151.167
2337296,2337296,Neosebastes incisipinnis,-34.6,151.033
2337296,2337296,Neosebastes incisipinnis,-35.167,150.883
2337296,2337296,Neosebastes incisipinnis,-34.583,151.067
2337296,2337296,Neosebastes incisipinnis,-35.667,150.45
2337296,2337296,Neosebastes incisipinnis,-31.867,152.867
2337296,2337296,Neosebastes incisipinnis,-31.817,152.867
2337296,2337296,Neosebastes incisipinnis,-32.333,152.7
2337296,2337296,Neosebastes incisipinnis,-32.4,152.667
2337296,2337296,Neosebastes incisipinnis,-34.9,151
2337296,2337296,Neosebastes incisipinnis,-35.633,150.467
2337296,2337296,Neosebastes incisipinnis,-34.6,151.033
2337296,2337296,Neosebastes incisipinnis,-34.533,151.067
2337296,2337296,Neosebastes incisipinnis,-34.866665,151.06667
2337296,2337296,Neosebastes incisipinnis,-34.867,151.067
2337296,2337296,Neosebastes incisipinnis,-34.85,151.067
2337296,2337296,Neosebastes incisipinnis,-34.667,151.017
2337296,2337296,Neosebastes incisipinnis,-32.583,152.817
2337296,2337296,Neosebastes incisipinnis,-32.633,152.633
2337296,2337296,Neosebastes incisipinnis,-32.65,152.65
2337296,2337296,Neosebastes incisipinnis,-31.967,152.833
2337296,2337296,Neosebastes incisipinnis,-32.25,152.8
2337296,2337296,Neosebastes incisipinnis,-36.667,150.15
2337296,2337296,Neosebastes incisipinnis,-34.067,151.317
2337296,2337296,Neosebastes incisipinnis,-29.9,153.617
2337296,2337296,Neosebastes incisipinnis,-35.817,150.367
2337296,2337296,Neosebastes incisipinnis,-28.2,153.9
2337296,2337296,Neosebastes incisipinnis,-29.933,153.6
2337296,2337296,Neosebastes incisipinnis,-33.567,151.717
2337296,2337296,Neosebastes incisipinnis,-33.067,152
2337296,2337296,Neosebastes incisipinnis,-30.417,153.417
2337296,2337296,Neosebastes incisipinnis,-30.433,153.367
2337296,2337296,Neosebastes incisipinnis,-30.367,153.4
2337296,2337296,Neosebastes incisipinnis,-29.85,153.633
2337296,2337296,Neosebastes incisipinnis,-33.533,151.717
2337296,2337296,Neosebastes incisipinnis,-32.267,152.8
2337296,2337296,Neosebastes incisipinnis,-32.725,152.36667
2337296,2337296,Neosebastes incisipinnis,-32.75,152.25
2337296,2337296,Neosebastes incisipinnis,-31.95,152.95
2337296,2337296,Neosebastes incisipinnis,-27.966667,153.89166
2337296,2337296,Neosebastes incisipinnis,-28.275,153.83333
2337296,2337296,Neosebastes incisipinnis,-27.933,153.883
2337296,2337296,Neosebastes incisipinnis,-28.083,153.8
2337296,2337296,Neosebastes incisipinnis,-28.383,153.85
2337296,2337296,Neosebastes incisipinnis,-28.267,153.833
2337296,2337296,Neosebastes incisipinnis,-30.333,153.433
2337296,2337296,Neosebastes incisipinnis,-30.4,153.367
2337296,2337296,Neosebastes incisipinnis,-28.45,153.8
2337296,2337296,Neosebastes incisipinnis,-34.017,151.383
2337296,2337296,Neosebastes incisipinnis,-32.717,152.333
2337296,2337296,Neosebastes incisipinnis,-32.8,152.267
2337296,2337296,Neosebastes incisipinnis,-31.567,153.083
2337296,2337296,Neosebastes incisipinnis,-32.167,152.817
2337296,2337296,Neosebastes incisipinnis,-31.367,153.1
2337296,2337296,Neosebastes incisipinnis,-31.467,153.1
2337296,2337296,Neosebastes incisipinnis,-33,152.133
2337296,2337296,Neosebastes incisipinnis,-28.25,153.875
2337296,2337296,Neosebastes incisipinnis,-29.833,153.633
2337296,2337296,Neosebastes incisipinnis,-29.783,153.65
2337296,2337296,Neosebastes incisipinnis,-28.033,153.883
2337296,2337296,Neosebastes incisipinnis,-28.017,153.833
2337296,2337296,Neosebastes incisipinnis,-28.033,153.833
2337296,2337296,Neosebastes incisipinnis,-28.233,153.833
2337296,2337296,Neosebastes incisipinnis,-28.133,153.85
2337296,2337296,Neosebastes incisipinnis,-28.417,153.767
2337296,2337296,Neosebastes incisipinnis,-28.25,153.883
2337296,2337296,Neosebastes incisipinnis,-28.617,153.833
2337296,2337296,Neosebastes incisipinnis,-28.7,153.833
2337296,2337296,Neosebastes incisipinnis,-28.217,153.85
2337296,2337296,Neosebastes incisipinnis,-28.683,153.833
2337296,2337296,Neosebastes incisipinnis,-28.567,153.833
2337296,2337296,Neosebastes incisipinnis,-32.333,152.7
2337296,2337296,Neosebastes incisipinnis,-32.3,152.717
2337296,2337296,Neosebastes incisipinnis,-32.333,152.833
2337296,2337296,Neosebastes incisipinnis,-32.383,152.7
2337296,2337296,Neosebastes incisipinnis,-31.667,153
2337296,2337296,Neosebastes incisipinnis,-31.583,153.017
2337296,2337296,Neosebastes incisipinnis,-30.717,153.267
2337296,2337296,Neosebastes incisipinnis,-31.417,153.083
2337296,2337296,Neosebastes incisipinnis,-31.883,152.933
2337296,2337296,Neosebastes incisipinnis,-28.983,153.8
2337296,2337296,Neosebastes incisipinnis,-28.717,153.85
2337296,2337296,Neosebastes incisipinnis,-29.033,153.8
2337296,2337296,Neosebastes incisipinnis,-28.217,153.833
2337296,2337296,Neosebastes incisipinnis,-27.25,153
2337296,2337296,Neosebastes incisipinnis,-30.45,153.4
2337296,2337296,Neosebastes incisipinnis,-31.05,153.217
2337296,2337296,Neosebastes incisipinnis,-31.058332,153.21666
2337296,2337296,Neosebastes incisipinnis,-31.06,153.22
2337296,2337296,Neosebastes incisipinnis,-33.583332,151.49167
2337296,2337296,Neosebastes incisipinnis,-32.7,152.4
2337296,2337296,Neosebastes incisipinnis,-28.8,153.6
2337296,2337296,Neosebastes incisipinnis,-27.41667,153.33333
2337296,2337296,Neosebastes incisipinnis,-27.55,153.716667
