requested_taxonKey,record_taxonKey,species_name,decimalLatitude,decimalLongitude
2341938,2341938,Paraplotosus butleri,-21.80891,114.09719
2341938,2341938,Paraplotosus butleri,-21.890584,113.973898
2341938,2341938,Paraplotosus butleri,-22.039556,113.907795
2341938,2341938,Paraplotosus butleri,-22.103869,113.884066
2341938,2341938,Paraplotosus butleri,-22.237199,113.8376
2341938,2341938,Paraplotosus butleri,-22.132603,113.875801
2341938,2341938,Paraplotosus butleri,-23.182615,113.758281
2341938,2341938,Paraplotosus butleri,-21.692579,114.304912
2341938,2341938,Paraplotosus butleri,-22.033605,113.914592
2341938,2341938,Paraplotosus butleri,-22.033605,113.914592
2341938,2341938,Paraplotosus butleri,-21.936518,113.904588
2341938,2341938,Paraplotosus butleri,-22.100079,113.883678
2341938,2341938,Paraplotosus butleri,-21.919433,113.603224
2341938,2341938,Paraplotosus butleri,-22.132093,113.875904
2341938,2341938,Paraplotosus butleri,-22.132234,113.876014
2341938,2341938,Paraplotosus butleri,-21.945423,113.930507
2341938,2341938,Paraplotosus butleri,-22.134159,113.856802
2341938,2341938,Paraplotosus butleri,-21.7926,114.184006
2341938,2341938,Paraplotosus butleri,-21.816725,114.191629
2341938,2341938,Paraplotosus butleri,-21.816793,114.191347
2341938,2341938,Paraplotosus butleri,-22.241363,113.827395
2341938,2341938,Paraplotosus butleri,-23.150222,113.752939
2341938,2341938,Paraplotosus butleri,-22.096532,113.890112
2341938,2341938,Paraplotosus butleri,-22.132488,113.876414
2341938,2341938,Paraplotosus butleri,-22.092525,113.88851
2341938,2341938,Paraplotosus butleri,-22.037682,113.910671
2341938,2341938,Paraplotosus butleri,-21.796232,114.134973
2341938,2341938,Paraplotosus butleri,-21.926096,113.937636
2341938,2341938,Paraplotosus butleri,-21.948494,113.936531
2341938,2341938,Paraplotosus butleri,-21.948514,113.936397
2341938,2341938,Paraplotosus butleri,-21.926096,113.937636
2341938,2341938,Paraplotosus butleri,-22.004839,113.924425
2341938,2341938,Paraplotosus butleri,-21.816757,114.191547
2341938,2341938,Paraplotosus butleri,-21.816757,114.191547
2341938,2341938,Paraplotosus butleri,-22.099547,113.884009
2341938,2341938,Paraplotosus butleri,-21.85547,114.005363
2341938,2341938,Paraplotosus butleri,-23.066617,113.756085
2341938,2341938,Paraplotosus butleri,-23.14158,113.762768
2341938,2341938,Paraplotosus butleri,-21.814744,114.197445
2341938,2341938,Paraplotosus butleri,-22.176145000000002,113.857751
2341938,2341938,Paraplotosus butleri,-23.141276,113.767912
2341938,2341938,Paraplotosus butleri,-22.097983,113.887839
2341938,2341938,Paraplotosus butleri,-22.528198,113.697348
2341938,2341938,Paraplotosus butleri,-21.917137,113.952772
2341938,2341938,Paraplotosus butleri,-22.039853,113.849776
2341938,2341938,Paraplotosus butleri,-21.987741,113.904218
2341938,2341938,Paraplotosus butleri,-23.18,113.76
2341938,2341938,Paraplotosus butleri,-23.2,113.76
2341938,2341938,Paraplotosus butleri,-23.2,113.76
2341938,2341938,Paraplotosus butleri,-23.18,113.76
2341938,2341938,Paraplotosus butleri,-19.911167,118.209
2341938,10658418,Paraplotosus butleri,-19.915,118.20783
2341938,10658418,Paraplotosus butleri,-19.8475,117.70633
2341938,2341938,Paraplotosus butleri,-19.833667,117.731333
2341938,2341938,Paraplotosus butleri,-19.911167,118.209
2341938,2341938,Paraplotosus butleri,-19.833667,117.731333
2341938,2341938,Paraplotosus butleri,-22.87,113.76
2341938,2341938,Paraplotosus butleri,-23.12,113.76
2341938,2341938,Paraplotosus butleri,-23.13,113.75
2341938,2341938,Paraplotosus butleri,-23.17,113.76
2341938,2341938,Paraplotosus butleri,-22.131834,113.877261
2341938,2341938,Paraplotosus butleri,-23.2084,113.7633
2341938,2341938,Paraplotosus butleri,-22.87,113.76
2341938,2341938,Paraplotosus butleri,-22.87,113.76
2341938,2341938,Paraplotosus butleri,-23.18,113.76
2341938,2341938,Paraplotosus butleri,-23.048,113.8189
2341938,2341938,Paraplotosus butleri,-23.2061,113.7603
2341938,2341938,Paraplotosus butleri,-23.16,113.76
2341938,2341938,Paraplotosus butleri,-21.8393,114.1804
2341938,2341938,Paraplotosus butleri,-21.8393,114.1804
2341938,2341938,Paraplotosus butleri,-20.6091,116.4623
2341938,2341938,Paraplotosus butleri,-20.5406,116.5425
2341938,2341938,Paraplotosus butleri,-20.5406,116.5425
2341938,2341938,Paraplotosus butleri,-20.5697,116.556
2341938,2341938,Paraplotosus butleri,-21.5311,114.7623
2341938,2341938,Paraplotosus butleri,-20.5411,116.5358
2341938,2341938,Paraplotosus butleri,-21.04613,115.77108
2341938,2341938,Paraplotosus butleri,-20.58363,116.4486
2341938,2341938,Paraplotosus butleri,-20.58363,116.4486
2341938,2341938,Paraplotosus butleri,-20.247,117.9052
2341938,2341938,Paraplotosus butleri,-20.247,117.9052
2341938,2341938,Paraplotosus butleri,-20.4049,116.9322
2341938,2341938,Paraplotosus butleri,-20.3876,115.5655
2341938,2341938,Paraplotosus butleri,-20.4527,115.4784
2341938,2341938,Paraplotosus butleri,-20.4527,115.4784
2341938,2341938,Paraplotosus butleri,-20.556,115.5725
2341938,2341938,Paraplotosus butleri,-20.556,115.5725
2341938,2341938,Paraplotosus butleri,-20.7848,115.5251
2341938,2341938,Paraplotosus butleri,-20.9946,115.4799
2341938,2341938,Paraplotosus butleri,-20.6118,116.4641
2341938,2341938,Paraplotosus butleri,-20.6118,116.4641
2341938,2341938,Paraplotosus butleri,-20.78,115.53
2341938,2341938,Paraplotosus butleri,-20.99,115.48
2341938,2341938,Paraplotosus butleri,-20.45,115.48
2341938,2341938,Paraplotosus butleri,-20.39,115.57
2341938,2341938,Paraplotosus butleri,-20.51,115.54
2341938,2341938,Paraplotosus butleri,-20.56,115.57
2341938,2341938,Paraplotosus butleri,-20.51,115.54
2341938,2341938,Paraplotosus butleri,-20.76,115.57
2341938,2341938,Paraplotosus butleri,-20.56,115.57
2341938,2341938,Paraplotosus butleri,-20.8205,116.1922
2341938,2341938,Paraplotosus butleri,-23.177,113.7599
2341938,2341938,Paraplotosus butleri,-23.1611,113.7588
2341938,2341938,Paraplotosus butleri,-23.18,113.76
2341938,2341938,Paraplotosus butleri,-23.18,113.76
2341938,2341938,Paraplotosus butleri,-23.1764,113.761
2341938,2341938,Paraplotosus butleri,-23.17642,113.76097
2341938,2341938,Paraplotosus butleri,-23.18,113.76
2341938,2341938,Paraplotosus butleri,-23.18,113.76
2341938,2341938,Paraplotosus butleri,-23.18,113.76
2341938,2341938,Paraplotosus butleri,-23.16,113.77
2341938,2341938,Paraplotosus butleri,-23.18,113.76
2341938,2341938,Paraplotosus butleri,-20.5536,116.6346
2341938,2341938,Paraplotosus butleri,-23.0447,113.8184
2341938,2341938,Paraplotosus butleri,-20.2125,118.5258
2341938,2341938,Paraplotosus butleri,-23.04473,113.81843
2341938,2341938,Paraplotosus butleri,-20.55362,116.63464
2341938,2341938,Paraplotosus butleri,-20.21246,118.52584
2341938,2341938,Paraplotosus butleri,-20.61,116.46
2341938,2341938,Paraplotosus butleri,-22.1,113.88
2341938,2341938,Paraplotosus butleri,-21.92457,113.94939
2341938,2341938,Paraplotosus butleri,-21.92457,113.94939
2341938,2341938,Paraplotosus butleri,-21.95183,113.93949
2341938,2341938,Paraplotosus butleri,-21.91454,113.95644
2341938,2341938,Paraplotosus butleri,-21.95183,113.93949
2341938,2341938,Paraplotosus butleri,-21.751943,114.139151
2341938,2341938,Paraplotosus butleri,-21.9111,113.9562
2341938,2341938,Paraplotosus butleri,-22.1935,113.8481
2341938,2341938,Paraplotosus butleri,-21.9119,113.955
2341938,2341938,Paraplotosus butleri,-21.902,113.9531
2341938,2341938,Paraplotosus butleri,-21.9045,113.9591
2341938,2341938,Paraplotosus butleri,-21.875909,114.178131
2341938,2341938,Paraplotosus butleri,-21.797188,114.121859
2341938,2341938,Paraplotosus butleri,-21.803994,114.115036
2341938,2341938,Paraplotosus butleri,-21.572778,114.662778
2341938,2341938,Paraplotosus butleri,-21.445278,114.992222
2341938,2341938,Paraplotosus butleri,-21.628611,114.374722
2341938,2341938,Paraplotosus butleri,-21.473333,114.980833
2341938,2341938,Paraplotosus butleri,-21.6,114.510556
2341938,2341938,Paraplotosus butleri,-21.909685,113.942284
2341938,2341938,Paraplotosus butleri,-21.783333,114.166664
2341938,2341938,Paraplotosus butleri,-17.967,122.233
2341938,2341938,Paraplotosus butleri,-23.483333,113.8
2341938,2341938,Paraplotosus butleri,-22.145993,113.869393
2341938,2341938,Paraplotosus butleri,-22.15,113.9
2341938,2341938,Paraplotosus butleri,-22.15,113.9
2341938,2341938,Paraplotosus butleri,-25.35,113.73333
2341938,2341938,Paraplotosus butleri,-20.48333,116.53333
2341938,2341938,Paraplotosus butleri,-20.48333,116.53333
2341938,2341938,Paraplotosus butleri,-20.48333,116.53333
2341938,2341938,Paraplotosus butleri,-20.46667,116.6
2341938,2341938,Paraplotosus butleri,-21.91667,113.95
2341938,2341938,Paraplotosus butleri,-21.91667,113.95
2341938,2341938,Paraplotosus butleri,-21.66667,114.33333
2341938,2341938,Paraplotosus butleri,-17.96667,122.23333
2341938,2341938,Paraplotosus butleri,-24.48333,113.41667
2341938,2341938,Paraplotosus butleri,-20.43333,115.58333
2341938,2341938,Paraplotosus butleri,-17.96667,122.16667
2341938,2341938,Paraplotosus butleri,-17.83333,122.21667
2341938,2341938,Paraplotosus butleri,-20.483333,116.783333
2341938,2341938,Paraplotosus butleri,-20.4,116.916667
2341938,2341938,Paraplotosus butleri,-17.96667,122.23333
2341938,2341938,Paraplotosus butleri,-20.42312,116.86233
2341938,2341938,Paraplotosus butleri,-22.644441,113.64028
2341938,2341938,Paraplotosus butleri,-22.644441,113.64028
