requested_taxonKey,record_taxonKey,species_name,decimalLatitude,decimalLongitude
2345423,2345423,Netuma bilineata,-21.837667,114.238086
2345423,2345423,Netuma bilineata,-19.05,118.483
2345423,2345423,Netuma bilineata,-19.583,119.833
2345423,2345423,Netuma bilineata,-21.58333,117.06667
2345423,2345423,Netuma bilineata,-21.58333,117.06667
2345423,2345423,Netuma bilineata,-26.35,113.28333
2345423,2345423,Netuma bilineata,-17.3,123.63333
2345423,2345423,Netuma bilineata,-20.9,116.66667
2345423,2345423,Netuma bilineata,-21.05,116.1
2345423,2345423,Netuma bilineata,-21.58333,117.06667
2345423,2345423,Netuma bilineata,-21.58333,117.06667
2345423,2345423,Netuma bilineata,-21.58333,117.06667
2345423,2345423,Netuma bilineata,-17.66667,120.56667
2345423,2345423,Netuma bilineata,-21.58333,117.06667
2345423,2345423,Netuma bilineata,-21.58333,117.06667
2345423,2345423,Netuma bilineata,-21.58333,117.06667
2345423,2345423,Netuma bilineata,-21.58333,117.06667
