requested_taxonKey,record_taxonKey,species_name,decimalLatitude,decimalLongitude
2345862,2345862,Sirembo imberbis,-21.670952,113.956088
2345862,2345862,Sirembo imberbis,-21.670952,113.956088
2345862,2345862,Sirembo imberbis,-19.07416,117.42667
2345862,2345862,Sirembo imberbis,-18.53333,118.49083
2345862,2345862,Sirembo imberbis,-19.22333,117.32333
2345862,2345862,Sirembo imberbis,-19.14666,116.98917
2345862,2345862,Sirembo imberbis,-19.001667,117.526667
2345862,2345862,Sirembo imberbis,-19.001667,117.526667
2345862,2345862,Sirembo imberbis,-19.016667,117.776667
2345862,2345862,Sirembo imberbis,-19.466667,116.48333
2345862,2345862,Sirembo imberbis,-18.99416,117.81583
2345862,2345862,Sirembo imberbis,-19.016667,117.776667
2345862,2345862,Sirembo imberbis,-18.4,118.5
2345862,2345862,Sirembo imberbis,-18.68333,117.88334
2345862,2345862,Sirembo imberbis,-19.06667,117.075
2345862,2345862,Sirembo imberbis,-18.975,117.50834
2345862,2345862,Sirembo imberbis,-18.65833,117.875
2345862,2345862,Sirembo imberbis,-18.94166,117.33334
2345862,2345862,Sirembo imberbis,-18.35,118.43334
2345862,2345862,Sirembo imberbis,-19.666667,116.166667
2345862,2345862,Sirembo imberbis,-19.666667,116.166667
2345862,2345862,Sirembo imberbis,-26.708,112.775
2345862,2345862,Sirembo imberbis,-19.766667,116
2345862,2345862,Sirembo imberbis,-19.766667,116
2345862,2345862,Sirembo imberbis,-18.08333,119.75
