requested_taxonKey,record_taxonKey,species_name,decimalLatitude,decimalLongitude
2345770,2345770,Glyptophidium japonicum,-22.369735,113.631536
2345770,2345770,Glyptophidium japonicum,-22.374698,113.627279
2345770,2345770,Glyptophidium japonicum,-22.374698,113.627279
2345770,2345770,Glyptophidium japonicum,-22.369735,113.631536
2345770,2345770,Glyptophidium japonicum,-22.374698,113.627279
2345770,2345770,Glyptophidium japonicum,-22.369735,113.631536
2345770,2345770,Glyptophidium japonicum,-22.374698,113.627279
2345770,2345770,Glyptophidium japonicum,-22.374698,113.627279
2345770,2345770,Glyptophidium japonicum,-22.369735,113.631536
2345770,2345770,Glyptophidium japonicum,-22.374698,113.627279
2345770,2345770,Glyptophidium japonicum,-22.374408,113.628927
2345770,2345770,Glyptophidium japonicum,-22.374408,113.628927
2345770,2345770,Glyptophidium japonicum,-22.374408,113.628927
2345770,2345770,Glyptophidium japonicum,-22.374408,113.628927
2345770,2345770,Glyptophidium japonicum,-19.7297,115.354
2345770,2345770,Glyptophidium japonicum,-19.7297,115.354
2345770,2345770,Glyptophidium japonicum,-19.7297,115.354
2345770,2345770,Glyptophidium japonicum,-18.512167,117.691833
2345770,9914887,Glyptophidium japonicum,-18.4167,117.767
2345770,9914887,Glyptophidium japonicum,-18.4167,117.7667
2345770,9914887,Glyptophidium japonicum,-18.4167,117.767
2345770,9914887,Glyptophidium japonicum,-18.4167,117.7667
2345770,2345770,Glyptophidium japonicum,-18.512167,117.691833
2345770,2345770,Glyptophidium japonicum,-21.970167,113.791
2345770,9914887,Glyptophidium japonicum,-21.9667,113.783
2345770,9914887,Glyptophidium japonicum,-21.9667,113.783
2345770,2345770,Glyptophidium japonicum,-21.970167,113.791
2345770,2345770,Glyptophidium japonicum,-17.648333,119.005
2345770,2345770,Glyptophidium japonicum,-17.648333,119.005
2345770,2345770,Glyptophidium japonicum,-17.648333,119.005
2345770,2345770,Glyptophidium japonicum,-17.648333,119.005
2345770,2345770,Glyptophidium japonicum,-26.673333,112.545
2345770,2345770,Glyptophidium japonicum,-26.69416,112.55167
2345770,2345770,Glyptophidium japonicum,-26.673333,112.545
2345770,2345770,Glyptophidium japonicum,-27.816667,113.016667
2345770,2345770,Glyptophidium japonicum,-27.816667,113.016667
2345770,2345770,Glyptophidium japonicum,-17.65,118.683
2345770,2345770,Glyptophidium japonicum,-17.867,118.45
2345770,2345770,Glyptophidium japonicum,-17.678333,119.03
2345770,2345770,Glyptophidium japonicum,-17.678333,119.03
2345770,2345770,Glyptophidium japonicum,-34.283333,151.45
2345770,2345770,Glyptophidium japonicum,-17.983334,118.28333
2345770,2345770,Glyptophidium japonicum,-18.983334,117.166664
2345770,2345770,Glyptophidium japonicum,-29.866667,153.7
2345770,2345770,Glyptophidium japonicum,-18.13333,118.51667
