requested_taxonKey,record_taxonKey,species_name,decimalLatitude,decimalLongitude
2345644,2345644,Genypterus tigerinus,-35.04066,138.495563
2345644,2345644,Genypterus tigerinus,-35.08476,137.749808
2345644,2345644,Genypterus tigerinus,-35.520988,138.185026
2345644,2345644,Genypterus tigerinus,-35.08476,137.749808
2345644,2345644,Genypterus tigerinus,-35.51075,138.216845
2345644,2345644,Genypterus tigerinus,-35.522854,138.185421
2345644,2345644,Genypterus tigerinus,-35.522854,138.185421
2345644,2345644,Genypterus tigerinus,-35.638736,138.310661
2345644,2345644,Genypterus tigerinus,-35.541972,138.638292
2345644,2345644,Genypterus tigerinus,-34.074989,137.541583
2345644,2345644,Genypterus tigerinus,-35.111824,137.393072
2345644,2345644,Genypterus tigerinus,-35.238259,136.980055
2345644,2345644,Genypterus tigerinus,-35.215172,137.1913
2345644,2345644,Genypterus tigerinus,-35.798138,137.810226
2345644,2345644,Genypterus tigerinus,-34.988941,137.760844
2345644,2345644,Genypterus tigerinus,-34.985452,137.763551
2345644,2345644,Genypterus tigerinus,-35.565303,137.616562
2345644,2345644,Genypterus tigerinus,-35.044495,137.755086
2345644,2345644,Genypterus tigerinus,-34.991925,137.75427
2345644,2345644,Genypterus tigerinus,-34.668825,137.876636
2345644,2345644,Genypterus tigerinus,-34.771187,137.857942
2345644,2345644,Genypterus tigerinus,-34.867061,138.478349
2345644,2345644,Genypterus tigerinus,-34.786252,138.480841
2345644,2345644,Genypterus tigerinus,-34.914212,138.491897
2345644,2345644,Genypterus tigerinus,-34.914417,138.491988
2345644,2345644,Genypterus tigerinus,-34.787596,138.481976
2345644,2345644,Genypterus tigerinus,-35.028686,138.516769
2345644,2345644,Genypterus tigerinus,-34.927972,138.495712
2345644,2345644,Genypterus tigerinus,-34.930408,138.496795
2345644,2345644,Genypterus tigerinus,-34.917355,138.49298
2345644,2345644,Genypterus tigerinus,-34.891493,138.485434
2345644,2345644,Genypterus tigerinus,-34.878797,138.482006
2345644,2345644,Genypterus tigerinus,-34.885937,138.483963
2345644,2345644,Genypterus tigerinus,-34.933892,138.496872
2345644,2345644,Genypterus tigerinus,-34.900836,138.488016
2345644,2345644,Genypterus tigerinus,-34.927653,138.495599
2345644,2345644,Genypterus tigerinus,-35.037228,138.516738
2345644,2345644,Genypterus tigerinus,-35.005389,138.511672
2345644,2345644,Genypterus tigerinus,-34.892436,138.48583
2345644,2345644,Genypterus tigerinus,-35.090069,138.486708
2345644,2345644,Genypterus tigerinus,-34.958773,138.506004
2345644,2345644,Genypterus tigerinus,-35.03315,138.516892
2345644,2345644,Genypterus tigerinus,-34.958906,138.506091
2345644,2345644,Genypterus tigerinus,-34.881227,138.482397
2345644,2345644,Genypterus tigerinus,-34.859772,138.477555
2345644,2345644,Genypterus tigerinus,-34.882337,138.482863
2345644,2345644,Genypterus tigerinus,-34.894541,138.485692
2345644,2345644,Genypterus tigerinus,-34.859541,138.476266
2345644,2345644,Genypterus tigerinus,-34.902667,138.486909
2345644,2345644,Genypterus tigerinus,-34.894541,138.485692
2345644,2345644,Genypterus tigerinus,-35.042489,138.510208
2345644,2345644,Genypterus tigerinus,-35.346086,138.442762
2345644,2345644,Genypterus tigerinus,-34.824186,138.484839
2345644,2345644,Genypterus tigerinus,-35.133671,138.461464
2345644,2345644,Genypterus tigerinus,-35.233271,138.469898
2345644,2345644,Genypterus tigerinus,-34.822006,138.485625
2345644,2345644,Genypterus tigerinus,-35.337833,138.445259
2345644,2345644,Genypterus tigerinus,-35.287219,138.443715
2345644,2345644,Genypterus tigerinus,-34.820399,138.486873
2345644,2345644,Genypterus tigerinus,-35.192592,138.469422
2345644,2345644,Genypterus tigerinus,-35.166194,138.46802
2345644,2345644,Genypterus tigerinus,-35.133963,138.469403
2345644,2345644,Genypterus tigerinus,-35.02889,138.517372
2345644,2345644,Genypterus tigerinus,-35.017908,138.514329
2345644,2345644,Genypterus tigerinus,-34.981717,138.510268
2345644,2345644,Genypterus tigerinus,-35.142754,138.470428
2345644,2345644,Genypterus tigerinus,-34.918502,138.492893
2345644,2345644,Genypterus tigerinus,-34.863478,138.477539
2345644,2345644,Genypterus tigerinus,-35.181605,138.467562
2345644,2345644,Genypterus tigerinus,-35.411241,138.3284
2345644,2345644,Genypterus tigerinus,-35.181847,138.467433
2345644,2345644,Genypterus tigerinus,-34.981679,138.510234
2345644,2345644,Genypterus tigerinus,-35.200014,138.470345
2345644,2345644,Genypterus tigerinus,-34.901929,138.487956
2345644,2345644,Genypterus tigerinus,-35.192608,138.469415
2345644,2345644,Genypterus tigerinus,-35.011769,138.512558
2345644,2345644,Genypterus tigerinus,-34.904264,138.488463
2345644,2345644,Genypterus tigerinus,-35.204621,138.470675
2345644,2345644,Genypterus tigerinus,-34.833875,138.480042
2345644,2345644,Genypterus tigerinus,-35.27996,138.442985
2345644,2345644,Genypterus tigerinus,-34.787003,138.481034
2345644,2345644,Genypterus tigerinus,-35.004336,138.511397
2345644,2345644,Genypterus tigerinus,-35.168966,138.465997
2345644,2345644,Genypterus tigerinus,-35.160241,138.46961
2345644,2345644,Genypterus tigerinus,-34.825796,138.484056
2345644,2345644,Genypterus tigerinus,-35.178161,138.474194
2345644,2345644,Genypterus tigerinus,-34.913388,138.491599
2345644,2345644,Genypterus tigerinus,-35.191953,138.469331
2345644,2345644,Genypterus tigerinus,-35.27845,138.442305
2345644,2345644,Genypterus tigerinus,-35.228152,138.469466
2345644,2345644,Genypterus tigerinus,-35.258282,138.461572
2345644,2345644,Genypterus tigerinus,-35.004546,138.51126
2345644,2345644,Genypterus tigerinus,-35.04335,138.509297
2345644,2345644,Genypterus tigerinus,-35.030588,138.516982
2345644,2345644,Genypterus tigerinus,-35.004661,138.511337
2345644,2345644,Genypterus tigerinus,-35.292284,138.444437
2345644,2345644,Genypterus tigerinus,-34.981248,138.51024
2345644,2345644,Genypterus tigerinus,-35.228152,138.469466
2345644,2345644,Genypterus tigerinus,-34.840063,138.479348
2345644,2345644,Genypterus tigerinus,-34.904605,138.48883
2345644,2345644,Genypterus tigerinus,-35.020076,138.515071
2345644,2345644,Genypterus tigerinus,-34.899968,138.487206
2345644,2345644,Genypterus tigerinus,-34.899968,138.487206
2345644,2345644,Genypterus tigerinus,-34.847019,138.476631
2345644,2345644,Genypterus tigerinus,-35.237697,138.470358
2345644,2345644,Genypterus tigerinus,-34.822356,138.4858
2345644,2345644,Genypterus tigerinus,-35.160174,138.469488
2345644,2345644,Genypterus tigerinus,-34.890014,138.48567
2345644,2345644,Genypterus tigerinus,-35.182404,138.467036
2345644,2345644,Genypterus tigerinus,-34.889592,138.485413
2345644,2345644,Genypterus tigerinus,-35.037339,138.515807
2345644,2345644,Genypterus tigerinus,-35.259071,138.46137
2345644,2345644,Genypterus tigerinus,-35.288744,138.444296
2345644,2345644,Genypterus tigerinus,-34.849028,138.475817
2345644,2345644,Genypterus tigerinus,-34.901143,138.487757
2345644,2345644,Genypterus tigerinus,-35.303852,138.446641
2345644,2345644,Genypterus tigerinus,-34.984378,138.510419
2345644,2345644,Genypterus tigerinus,-35.169151,138.465753
2345644,2345644,Genypterus tigerinus,-35.161985,138.470323
2345644,2345644,Genypterus tigerinus,-34.853017,138.475704
2345644,2345644,Genypterus tigerinus,-34.984603,138.510406
2345644,2345644,Genypterus tigerinus,-35.294392,138.445503
2345644,2345644,Genypterus tigerinus,-34.827137,138.483357
2345644,2345644,Genypterus tigerinus,-35.287016,138.443587
2345644,2345644,Genypterus tigerinus,-35.22928,138.476944
2345644,2345644,Genypterus tigerinus,-35.26299,138.458743
2345644,2345644,Genypterus tigerinus,-35.149913,138.468439
2345644,2345644,Genypterus tigerinus,-35.138981,138.470047
2345644,2345644,Genypterus tigerinus,-34.880015,138.481914
2345644,2345644,Genypterus tigerinus,-35.080435,138.495653
2345644,2345644,Genypterus tigerinus,-35.148925,138.467772
2345644,2345644,Genypterus tigerinus,-35.310355,138.44763
2345644,2345644,Genypterus tigerinus,-35.285442,138.443025
2345644,2345644,Genypterus tigerinus,-35.169151,138.465753
2345644,2345644,Genypterus tigerinus,-35.056667,138.5036
2345644,2345644,Genypterus tigerinus,-35.440173,138.311628
2345644,2345644,Genypterus tigerinus,-34.980853,138.5103
2345644,2345644,Genypterus tigerinus,-35.300914,138.446747
2345644,2345644,Genypterus tigerinus,-35.162105,138.470262
2345644,2345644,Genypterus tigerinus,-35.151759,138.468775
2345644,2345644,Genypterus tigerinus,-35.18158,138.467588
2345644,2345644,Genypterus tigerinus,-35.215638,138.469258
2345644,2345644,Genypterus tigerinus,-34.831076,138.481481
2345644,2345644,Genypterus tigerinus,-35.149139,138.467863
2345644,2345644,Genypterus tigerinus,-35.151279,138.468656
2345644,2345644,Genypterus tigerinus,-35.282489,138.442536
2345644,2345644,Genypterus tigerinus,-35.338276,138.444905
2345644,2345644,Genypterus tigerinus,-35.180887,138.467562
2345644,2345644,Genypterus tigerinus,-35.150776,138.468652
2345644,2345644,Genypterus tigerinus,-35.148921,138.467759
2345644,2345644,Genypterus tigerinus,-35.157703,138.468887
2345644,2345644,Genypterus tigerinus,-34.812028,138.488372
2345644,2345644,Genypterus tigerinus,-34.984686,138.51041
2345644,2345644,Genypterus tigerinus,-35.250147,138.462299
2345644,2345644,Genypterus tigerinus,-35.037028,138.515824
2345644,2345644,Genypterus tigerinus,-35.248863,138.46222
2345644,2345644,Genypterus tigerinus,-35.309942,138.447495
2345644,2345644,Genypterus tigerinus,-34.825554,138.484131
2345644,2345644,Genypterus tigerinus,-35.139385,138.470574
2345644,2345644,Genypterus tigerinus,-35.005981,138.511353
2345644,2345644,Genypterus tigerinus,-35.305861,138.447328
2345644,2345644,Genypterus tigerinus,-35.309942,138.447495
2345644,2345644,Genypterus tigerinus,-35.235645,138.470183
2345644,2345644,Genypterus tigerinus,-35.153643,138.465227
2345644,2345644,Genypterus tigerinus,-35.153643,138.465227
2345644,2345644,Genypterus tigerinus,-35.133336,138.470018
2345644,2345644,Genypterus tigerinus,-35.152836,138.469117
2345644,2345644,Genypterus tigerinus,-35.169977,138.46607
2345644,2345644,Genypterus tigerinus,-35.164852,138.469751
2345644,2345644,Genypterus tigerinus,-35.316997,138.447983
2345644,2345644,Genypterus tigerinus,-35.155572,138.468932
2345644,2345644,Genypterus tigerinus,-35.159485,138.469494
2345644,2345644,Genypterus tigerinus,-35.166405,138.46785
2345644,2345644,Genypterus tigerinus,-35.182312,138.467453
2345644,2345644,Genypterus tigerinus,-35.329789,138.447007
2345644,2345644,Genypterus tigerinus,-35.075426,138.496053
2345644,2345644,Genypterus tigerinus,-34.891973,138.485691
2345644,2345644,Genypterus tigerinus,-35.133671,138.461464
2345644,2345644,Genypterus tigerinus,-35.176872,138.466095
2345644,2345644,Genypterus tigerinus,-35.44663,138.306633
2345644,2345644,Genypterus tigerinus,-35.148997,138.467811
2345644,2345644,Genypterus tigerinus,-35.238205,138.470153
2345644,2345644,Genypterus tigerinus,-34.980988,138.510295
2345644,2345644,Genypterus tigerinus,-35.180794,138.466938
2345644,2345644,Genypterus tigerinus,-35.152233,138.469008
2345644,2345644,Genypterus tigerinus,-34.85306,138.47549
2345644,2345644,Genypterus tigerinus,-34.902367,138.488322
2345644,2345644,Genypterus tigerinus,-35.160438,138.469734
2345644,2345644,Genypterus tigerinus,-35.179517,138.467103
2345644,2345644,Genypterus tigerinus,-35.009242,138.511947
2345644,2345644,Genypterus tigerinus,-35.154693,138.469123
2345644,2345644,Genypterus tigerinus,-35.28468,138.443113
2345644,2345644,Genypterus tigerinus,-35.169151,138.465753
2345644,2345644,Genypterus tigerinus,-34.820281,138.485603
2345644,2345644,Genypterus tigerinus,-35.442773,138.309425
2345644,2345644,Genypterus tigerinus,-34.839468,138.477885
2345644,2345644,Genypterus tigerinus,-35.155013,138.46897
2345644,2345644,Genypterus tigerinus,-35.150542,138.468563
2345644,2345644,Genypterus tigerinus,-35.182587,138.4673
2345644,2345644,Genypterus tigerinus,-34.984537,138.510481
2345644,2345644,Genypterus tigerinus,-35.150701,138.468526
2345644,2345644,Genypterus tigerinus,-34.786643,138.481478
2345644,2345644,Genypterus tigerinus,-35.038911,138.514422
2345644,2345644,Genypterus tigerinus,-35.296663,138.445953
2345644,2345644,Genypterus tigerinus,-35.187033,138.480168
2345644,2345644,Genypterus tigerinus,-35.025627,138.515839
2345644,2345644,Genypterus tigerinus,-35.341827,138.443348
2345644,2345644,Genypterus tigerinus,-35.180888,138.467378
2345644,2345644,Genypterus tigerinus,-35.148784,138.467693
2345644,2345644,Genypterus tigerinus,-35.132807,138.469278
2345644,2345644,Genypterus tigerinus,-35.310492000000004,138.447342
2345644,2345644,Genypterus tigerinus,-34.95016,138.50224
2345644,2345644,Genypterus tigerinus,-35.315453,138.447678
2345644,2345644,Genypterus tigerinus,-35.139257,138.474192
2345644,2345644,Genypterus tigerinus,-34.848924,138.475185
2345644,2345644,Genypterus tigerinus,-35.320155,138.447983
2345644,2345644,Genypterus tigerinus,-35.214133,138.469714
2345644,2345644,Genypterus tigerinus,-35.153643,138.465227
2345644,2345644,Genypterus tigerinus,-34.89027,138.484969
2345644,2345644,Genypterus tigerinus,-35.285313,138.442672
2345644,2345644,Genypterus tigerinus,-35.02552,138.515986
2345644,2345644,Genypterus tigerinus,-35.149967,138.468189
2345644,2345644,Genypterus tigerinus,-35.139179,138.470313
2345644,2345644,Genypterus tigerinus,-35.155003,138.469009
2345644,2345644,Genypterus tigerinus,-35.323664,138.447792
2345644,2345644,Genypterus tigerinus,-35.159476,138.469315
2345644,2345644,Genypterus tigerinus,-35.218344,138.468067
2345644,2345644,Genypterus tigerinus,-35.152275,138.469055
2345644,2345644,Genypterus tigerinus,-34.847956,138.476378
2345644,2345644,Genypterus tigerinus,-34.980988,138.510298
2345644,2345644,Genypterus tigerinus,-35.189353,138.468394
2345644,2345644,Genypterus tigerinus,-34.979916,138.510282
2345644,2345644,Genypterus tigerinus,-35.342629,138.443456
2345644,2345644,Genypterus tigerinus,-34.901072,138.487992
2345644,2345644,Genypterus tigerinus,-35.151542,138.468514
2345644,2345644,Genypterus tigerinus,-35.417461,138.325906
2345644,2345644,Genypterus tigerinus,-35.03835,138.515045
2345644,2345644,Genypterus tigerinus,-35.148295,138.467311
2345644,2345644,Genypterus tigerinus,-35.023612,138.515957
2345644,2345644,Genypterus tigerinus,-35.133671,138.461464
2345644,2345644,Genypterus tigerinus,-34.96216,138.564257
2345644,2345644,Genypterus tigerinus,-35.19583,138.469925
2345644,2345644,Genypterus tigerinus,-35.030877,138.516837
2345644,2345644,Genypterus tigerinus,-35.078761,138.495925
2345644,2345644,Genypterus tigerinus,-35.18987,138.468597
2345644,2345644,Genypterus tigerinus,-35.150161,138.468196
2345644,2345644,Genypterus tigerinus,-35.277881,138.442108
2345644,2345644,Genypterus tigerinus,-35.149379,138.468214
2345644,2345644,Genypterus tigerinus,-35.268538,138.450883
2345644,2345644,Genypterus tigerinus,-35.16067,138.469804
2345644,2345644,Genypterus tigerinus,-35.025288,138.516097
2345644,2345644,Genypterus tigerinus,-35.128238,138.46934
2345644,2345644,Genypterus tigerinus,-35.160335,138.46978
2345644,2345644,Genypterus tigerinus,-35.148703,138.467613
2345644,2345644,Genypterus tigerinus,-34.980859,138.509881
2345644,2345644,Genypterus tigerinus,-35.346257,138.442749
2345644,2345644,Genypterus tigerinus,-35.264505,138.456127
2345644,2345644,Genypterus tigerinus,-34.982978,138.510069
2345644,2345644,Genypterus tigerinus,-34.836921,138.47825
2345644,2345644,Genypterus tigerinus,-34.841519,138.477563
2345644,2345644,Genypterus tigerinus,-35.195838,138.469925
2345644,2345644,Genypterus tigerinus,-34.980504,138.50907
2345644,2345644,Genypterus tigerinus,-34.900987,138.487992
2345644,2345644,Genypterus tigerinus,-35.192897,138.469405
2345644,2345644,Genypterus tigerinus,-35.018526,138.514353
2345644,2345644,Genypterus tigerinus,-35.152153,138.468916
2345644,2345644,Genypterus tigerinus,-35.444362,138.308402
2345644,2345644,Genypterus tigerinus,-35.284061,138.442506
2345644,2345644,Genypterus tigerinus,-34.984565,138.510195
2345644,2345644,Genypterus tigerinus,-35.264395,138.456393
2345644,2345644,Genypterus tigerinus,-35.151759,138.468775
2345644,2345644,Genypterus tigerinus,-34.986411,138.509658
2345644,2345644,Genypterus tigerinus,-35.054303,138.504487
2345644,2345644,Genypterus tigerinus,-35.153626,138.469286
2345644,2345644,Genypterus tigerinus,-35.267372,138.452342
2345644,2345644,Genypterus tigerinus,-35.157405,138.468872
2345644,2345644,Genypterus tigerinus,-35.4407,138.311198
2345644,2345644,Genypterus tigerinus,-35.43976,138.311605
2345644,2345644,Genypterus tigerinus,-35.278761,138.45292
2345644,2345644,Genypterus tigerinus,-34.89027,138.484969
2345644,2345644,Genypterus tigerinus,-34.981914,138.510239
2345644,2345644,Genypterus tigerinus,-34.984241,138.510456
2345644,2345644,Genypterus tigerinus,-35.184008,138.466933
2345644,2345644,Genypterus tigerinus,-35.178567,138.466387
2345644,2345644,Genypterus tigerinus,-35.167825,138.465636
2345644,2345644,Genypterus tigerinus,-34.98465,138.510435
2345644,2345644,Genypterus tigerinus,-34.977611,138.509559
2345644,2345644,Genypterus tigerinus,-35.035793,138.516385
2345644,2345644,Genypterus tigerinus,-35.161537,138.469712
2345644,2345644,Genypterus tigerinus,-35.109634,138.471606
2345644,2345644,Genypterus tigerinus,-34.88795,138.483825
2345644,2345644,Genypterus tigerinus,-35.161273,138.469848
2345644,2345644,Genypterus tigerinus,-34.851483,138.475542
2345644,2345644,Genypterus tigerinus,-35.150525,138.468614
2345644,2345644,Genypterus tigerinus,-35.335217,138.446722
2345644,2345644,Genypterus tigerinus,-35.152192,138.469028
2345644,2345644,Genypterus tigerinus,-35.286903,138.443803
2345644,2345644,Genypterus tigerinus,-35.192615,138.469468
2345644,2345644,Genypterus tigerinus,-35.18803,138.468063
2345644,2345644,Genypterus tigerinus,-35.188098,138.468063
2345644,2345644,Genypterus tigerinus,-35.193577,138.467506
2345644,2345644,Genypterus tigerinus,-34.89027,138.484969
2345644,2345644,Genypterus tigerinus,-35.023811,138.515723
2345644,2345644,Genypterus tigerinus,-34.937242,138.496957
2345644,2345644,Genypterus tigerinus,-35.121923,138.468503
2345644,2345644,Genypterus tigerinus,-35.441441,138.290755
2345644,2345644,Genypterus tigerinus,-35.16085,138.46961
2345644,2345644,Genypterus tigerinus,-35.139484,138.469955
2345644,2345644,Genypterus tigerinus,-34.812028,138.488372
2345644,2345644,Genypterus tigerinus,-35.084094,138.494203
2345644,2345644,Genypterus tigerinus,-35.1535,138.469122
2345644,2345644,Genypterus tigerinus,-35.167667,138.465636
2345644,2345644,Genypterus tigerinus,-35.045361,138.508009
2345644,2345644,Genypterus tigerinus,-34.98145,138.510278
2345644,2345644,Genypterus tigerinus,-34.979181,138.509933
2345644,2345644,Genypterus tigerinus,-35.20971,138.470497
2345644,2345644,Genypterus tigerinus,-35.167767,138.465653
2345644,2345644,Genypterus tigerinus,-35.197301,138.469677
2345644,2345644,Genypterus tigerinus,-35.152681,138.469133
2345644,2345644,Genypterus tigerinus,-35.167522,138.465789
2345644,2345644,Genypterus tigerinus,-35.428224,138.319572
2345644,2345644,Genypterus tigerinus,-35.167719,138.465622
2345644,2345644,Genypterus tigerinus,-34.981643,138.510205
2345644,2345644,Genypterus tigerinus,-35.15921,138.469528
2345644,2345644,Genypterus tigerinus,-34.855692,138.476289
2345644,2345644,Genypterus tigerinus,-34.851512,138.475573
2345644,2345644,Genypterus tigerinus,-34.846156,138.476897
2345644,2345644,Genypterus tigerinus,-34.978755,138.51004
2345644,2345644,Genypterus tigerinus,-34.978048,138.510012
2345644,2345644,Genypterus tigerinus,-35.160603,138.46962
2345644,2345644,Genypterus tigerinus,-34.850058,138.476956
2345644,2345644,Genypterus tigerinus,-34.975592,138.509036
2345644,2345644,Genypterus tigerinus,-35.167733,138.465653
2345644,2345644,Genypterus tigerinus,-35.167933,138.465775
2345644,2345644,Genypterus tigerinus,-35.033754,138.516822
2345644,2345644,Genypterus tigerinus,-34.976913,138.50964
2345644,2345644,Genypterus tigerinus,-35.177788,138.4664
2345644,2345644,Genypterus tigerinus,-35.16103,138.46965
2345644,2345644,Genypterus tigerinus,-34.980941,138.510314
2345644,2345644,Genypterus tigerinus,-35.306959,138.447257
2345644,2345644,Genypterus tigerinus,-34.975586,138.509468
2345644,2345644,Genypterus tigerinus,-35.193262,138.469453
2345644,2345644,Genypterus tigerinus,-35.037421,138.515535
2345644,2345644,Genypterus tigerinus,-34.984558,138.510436
2345644,2345644,Genypterus tigerinus,-35.15974,138.46965
2345644,2345644,Genypterus tigerinus,-34.902357,138.488013
2345644,2345644,Genypterus tigerinus,-34.975804,138.508624
2345644,2345644,Genypterus tigerinus,-35.167931,138.465744
2345644,2345644,Genypterus tigerinus,-34.975762,138.508902
2345644,2345644,Genypterus tigerinus,-35.154731,138.46912
2345644,2345644,Genypterus tigerinus,-34.903814,138.488575
2345644,2345644,Genypterus tigerinus,-35.226579,138.46856
2345644,2345644,Genypterus tigerinus,-35.193763,138.469308
2345644,2345644,Genypterus tigerinus,-35.161545,138.469712
2345644,2345644,Genypterus tigerinus,-35.335155,138.446656
2345644,2345644,Genypterus tigerinus,-35.083233,138.49402
2345644,2345644,Genypterus tigerinus,-34.836921,138.47825
2345644,2345644,Genypterus tigerinus,-35.444412,138.30841
2345644,2345644,Genypterus tigerinus,-35.278341,138.44777
2345644,2345644,Genypterus tigerinus,-35.199053,138.470563
2345644,2345644,Genypterus tigerinus,-35.258552,138.461681
2345644,2345644,Genypterus tigerinus,-35.035678,138.516375
2345644,2345644,Genypterus tigerinus,-35.44491,138.30793
2345644,2345644,Genypterus tigerinus,-34.847908,138.476794
2345644,2345644,Genypterus tigerinus,-35.117591,138.46975
2345644,2345644,Genypterus tigerinus,-34.832089,138.480768
2345644,2345644,Genypterus tigerinus,-35.160577,138.469635
2345644,2345644,Genypterus tigerinus,-34.984059,138.510451
2345644,2345644,Genypterus tigerinus,-35.445436,138.319183
2345644,2345644,Genypterus tigerinus,-35.159195,138.469543
2345644,2345644,Genypterus tigerinus,-35.123727,138.46825
2345644,2345644,Genypterus tigerinus,-34.986718,138.509809
2345644,2345644,Genypterus tigerinus,-35.015083,138.51367
2345644,2345644,Genypterus tigerinus,-34.984581,138.51042
2345644,2345644,Genypterus tigerinus,-35.160109,138.469473
2345644,2345644,Genypterus tigerinus,-35.280116,138.443043
2345644,2345644,Genypterus tigerinus,-35.168586,138.465789
2345644,2345644,Genypterus tigerinus,-35.167867,138.465806
2345644,2345644,Genypterus tigerinus,-34.89027,138.484969
2345644,2345644,Genypterus tigerinus,-35.150367,138.468547
2345644,2345644,Genypterus tigerinus,-35.193763,138.469308
2345644,2345644,Genypterus tigerinus,-35.341773,138.443532
2345644,2345644,Genypterus tigerinus,-34.976027,138.509018
2345644,2345644,Genypterus tigerinus,-35.193763,138.469308
2345644,2345644,Genypterus tigerinus,-35.281358,138.441851
2345644,2345644,Genypterus tigerinus,-34.84836,138.475175
2345644,2345644,Genypterus tigerinus,-35.168197,138.465667
2345644,2345644,Genypterus tigerinus,-35.252408,138.462127
2345644,2345644,Genypterus tigerinus,-34.976009,138.508989
2345644,2345644,Genypterus tigerinus,-35.03156,138.516743
2345644,2345644,Genypterus tigerinus,-35.027994,138.516424
2345644,2345644,Genypterus tigerinus,-35.181533,138.467575
2345644,2345644,Genypterus tigerinus,-35.031225,138.516271
2345644,2345644,Genypterus tigerinus,-35.08573,138.491653
2345644,2345644,Genypterus tigerinus,-34.883177,138.482812
2345644,2345644,Genypterus tigerinus,-34.984044,138.510453
2345644,2345644,Genypterus tigerinus,-35.029037,138.516889
2345644,2345644,Genypterus tigerinus,-34.981931,138.510253
2345644,2345644,Genypterus tigerinus,-35.024719,138.515762
2345644,2345644,Genypterus tigerinus,-35.037068,138.515567
2345644,2345644,Genypterus tigerinus,-34.955109,138.505051
2345644,2345644,Genypterus tigerinus,-35.031216,138.516252
2345644,2345644,Genypterus tigerinus,-34.895524,138.486445
2345644,2345644,Genypterus tigerinus,-34.981925,138.510239
2345644,2345644,Genypterus tigerinus,-34.810365,138.488845
2345644,2345644,Genypterus tigerinus,-38.335503,144.87366
2345644,2345644,Genypterus tigerinus,-38.273533,144.647788
2345644,2345644,Genypterus tigerinus,-38.341056,144.871806
2345644,2345644,Genypterus tigerinus,-35.08476,137.749808
2345644,2345644,Genypterus tigerinus,-34.075034,137.54239
2345644,2345644,Genypterus tigerinus,-34.074977,137.541435
2345644,2345644,Genypterus tigerinus,-38.356699,144.77325
2345644,2345644,Genypterus tigerinus,-38.493083,142.680922
2345644,2345644,Genypterus tigerinus,-38.356245,144.773872
2345644,2345644,Genypterus tigerinus,-38.071021,145.119047
2345644,2345644,Genypterus tigerinus,-38.418918,144.178031
2345644,2345644,Genypterus tigerinus,-38.32735,144.94981
2345644,2345644,Genypterus tigerinus,-38.356127,144.773323
2345644,2345644,Genypterus tigerinus,-35.522854,138.185421
2345644,2345644,Genypterus tigerinus,-38.341779,144.873819
2345644,2345644,Genypterus tigerinus,-35.514336,138.723935
2345644,2345644,Genypterus tigerinus,-38.475792,145.028653
2345644,2345644,Genypterus tigerinus,-38.459407,145.102529
2345644,2345644,Genypterus tigerinus,-38.368615,144.821492
2345644,2345644,Genypterus tigerinus,-38.369894,144.822172
2345644,2345644,Genypterus tigerinus,-35.084753,137.750075
2345644,2345644,Genypterus tigerinus,-35.5208,138.185046
2345644,2345644,Genypterus tigerinus,-38.300412,144.339695
2345644,2345644,Genypterus tigerinus,-38.356031,144.77395
2345644,2345644,Genypterus tigerinus,-35.519497,138.185132
2345644,2345644,Genypterus tigerinus,-38.475767,145.027408
2345644,2345644,Genypterus tigerinus,-38.343714,141.610237
2345644,2345644,Genypterus tigerinus,-38.355933,144.773
2345644,2345644,Genypterus tigerinus,-35.449099,138.199676
2345644,2345644,Genypterus tigerinus,-35.272069,138.442018
2345644,2345644,Genypterus tigerinus,-35.345876,138.442543
2345644,2345644,Genypterus tigerinus,-35.343105,138.44295
2345644,2345644,Genypterus tigerinus,-35.52263,138.185195
2345644,2345644,Genypterus tigerinus,-35.52263,138.185195
2345644,2345644,Genypterus tigerinus,-41.140349,146.155437
2345644,2345644,Genypterus tigerinus,-35.427862,138.314772
2345644,2345644,Genypterus tigerinus,-35.350357,138.440786
2345644,2345644,Genypterus tigerinus,-38.289156,144.605062
2345644,2345644,Genypterus tigerinus,-35.346142,138.442441
2345644,2345644,Genypterus tigerinus,-35.329725,138.447088
2345644,2345644,Genypterus tigerinus,-38.229603,144.886412
2345644,2345644,Genypterus tigerinus,-38.475492,145.02649
2345644,2345644,Genypterus tigerinus,-38.276298,144.649751
2345644,2345644,Genypterus tigerinus,-35.509953,138.216064
2345644,2345644,Genypterus tigerinus,-38.395368,145.157676
2345644,2345644,Genypterus tigerinus,-38.475612,145.02703
2345644,2345644,Genypterus tigerinus,-37.89,147.97
2345644,2345644,Genypterus tigerinus,-37.89,147.97
2345644,2345644,Genypterus tigerinus,-38.15,144.72
2345644,2345644,Genypterus tigerinus,-35.59,138.11
2345644,2345644,Genypterus tigerinus,-35.59,138.11
2345644,2345644,Genypterus tigerinus,-39.0877,146.4407
2345644,2345644,Genypterus tigerinus,-31.973355,132.445022
2345644,2345644,Genypterus tigerinus,-35.14,138.46
2345644,2345644,Genypterus tigerinus,-34.893492,138.489747
2345644,2345644,Genypterus tigerinus,-35.42,138.32
2345644,2345644,Genypterus tigerinus,-35.52,138.18
2345644,2345644,Genypterus tigerinus,-40.916667,145.616667
2345644,2345644,Genypterus tigerinus,-40.916667,145.616667
2345644,2345644,Genypterus tigerinus,-35.55,138.64
2345644,2345644,Genypterus tigerinus,-35.51,138.22
2345644,2345644,Genypterus tigerinus,-38.16,144.72
2345644,2345644,Genypterus tigerinus,-38.31,144.8
2345644,2345644,Genypterus tigerinus,-35.509798,138.215384
2345644,2345644,Genypterus tigerinus,-35.67,137.05
2345644,2345644,Genypterus tigerinus,-35.69,136.86
2345644,2345644,Genypterus tigerinus,-35.75,136.65
2345644,2345644,Genypterus tigerinus,-35.584075,137.543832
2345644,2345644,Genypterus tigerinus,-35.670578,137.071193
2345644,2345644,Genypterus tigerinus,-33.92681,136.77175
2345644,2345644,Genypterus tigerinus,-35.2399,138.159
2345644,2345644,Genypterus tigerinus,-42.19954,145.20023
2345644,2345644,Genypterus tigerinus,-35.4453,137.945
2345644,2345644,Genypterus tigerinus,-35.4453,137.945
2345644,2345644,Genypterus tigerinus,-35.084847,137.749254
2345644,2345644,Genypterus tigerinus,-38.48,145.03
2345644,2345644,Genypterus tigerinus,-34.1083,136.938
2345644,2345644,Genypterus tigerinus,-34.1083,136.938
2345644,10244638,Genypterus tigerinus,-34.10833,136.93832
2345644,2345644,Genypterus tigerinus,-33.8308,137.537
2345644,2345644,Genypterus tigerinus,-38.25,147.75
2345644,2345644,Genypterus tigerinus,-38.25,149.75
2345644,2345644,Genypterus tigerinus,-37.25,139.75
2345644,2345644,Genypterus tigerinus,-37.75,147.75
2345644,2345644,Genypterus tigerinus,-36.75,139.25
2345644,2345644,Genypterus tigerinus,-37.75,148.25
2345644,2345644,Genypterus tigerinus,-40.25,144.25
2345644,2345644,Genypterus tigerinus,-40.25,147.75
2345644,2345644,Genypterus tigerinus,-41.25,148.25
2345644,2345644,Genypterus tigerinus,-40.25,148.25
2345644,2345644,Genypterus tigerinus,-41.25,144.75
2345644,2345644,Genypterus tigerinus,-43.75,146.25
2345644,2345644,Genypterus tigerinus,-41.25,146.25
2345644,2345644,Genypterus tigerinus,-40.75,148.25
2345644,2345644,Genypterus tigerinus,-40.75,145.75
2345644,2345644,Genypterus tigerinus,-38.25,149.25
2345644,2345644,Genypterus tigerinus,-38.25,147.25
2345644,2345644,Genypterus tigerinus,-39.75,148.25
2345644,2345644,Genypterus tigerinus,-37.25,139.25
2345644,2345644,Genypterus tigerinus,-38.25,145.25
2345644,2345644,Genypterus tigerinus,-37.75,139.75
2345644,2345644,Genypterus tigerinus,-41.25,145.75
2345644,2345644,Genypterus tigerinus,-36.75,138.75
2345644,2345644,Genypterus tigerinus,-36.25,138.25
2345644,2345644,Genypterus tigerinus,-36.25,139.25
2345644,2345644,Genypterus tigerinus,-37.75,148.25
2345644,2345644,Genypterus tigerinus,-39.75,147.75
2345644,2345644,Genypterus tigerinus,-41.25,145.75
2345644,2345644,Genypterus tigerinus,-40.25,147.75
2345644,2345644,Genypterus tigerinus,-40.25,148.25
2345644,2345644,Genypterus tigerinus,-38.75,147.25
2345644,2345644,Genypterus tigerinus,-38.75,146.75
2345644,2345644,Genypterus tigerinus,-39.75,148.75
2345644,2345644,Genypterus tigerinus,-40.75,144.75
2345644,2345644,Genypterus tigerinus,-37.75,140.25
2345644,2345644,Genypterus tigerinus,-36.75,139.75
2345644,2345644,Genypterus tigerinus,-37.75,149.75
2345644,2345644,Genypterus tigerinus,-39.25,146.25
2345644,2345644,Genypterus tigerinus,-37.75,147.75
2345644,2345644,Genypterus tigerinus,-38.25,147.75
2345644,2345644,Genypterus tigerinus,-37.25,139.75
2345644,2345644,Genypterus tigerinus,-38.75,146.25
2345644,2345644,Genypterus tigerinus,-40.25,145.25
2345644,2345644,Genypterus tigerinus,-39.75,148.25
2345644,2345644,Genypterus tigerinus,-36.25,139.75
2345644,2345644,Genypterus tigerinus,-35.75,139.25
2345644,2345644,Genypterus tigerinus,-36.25,138.75
2345644,2345644,Genypterus tigerinus,-36.75,139.25
2345644,2345644,Genypterus tigerinus,-40.75,147.75
2345644,2345644,Genypterus tigerinus,-40.75,145.75
2345644,2345644,Genypterus tigerinus,-40.75,148.25
2345644,2345644,Genypterus tigerinus,-38.25,147.25
2345644,2345644,Genypterus tigerinus,-35.75,138.75
2345644,2345644,Genypterus tigerinus,-39.0246,146.242
2345644,2345644,Genypterus tigerinus,-34.937116,137.933559
2345644,2345644,Genypterus tigerinus,-34.971929,137.928613
2345644,2345644,Genypterus tigerinus,-35.280248,138.390524
2345644,2345644,Genypterus tigerinus,-34.937116,137.933559
2345644,2345644,Genypterus tigerinus,-34.971929,137.928613
2345644,2345644,Genypterus tigerinus,-35.280248,138.390524
2345644,2345644,Genypterus tigerinus,-41.25,146.75
2345644,2345644,Genypterus tigerinus,-36.75,138.25
2345644,2345644,Genypterus tigerinus,-38.25,147.25
2345644,2345644,Genypterus tigerinus,-38.75,146.75
2345644,2345644,Genypterus tigerinus,-36.75,139.25
2345644,2345644,Genypterus tigerinus,-39.75,147.25
2345644,2345644,Genypterus tigerinus,-38.25,149.25
2345644,2345644,Genypterus tigerinus,-40.75,145.25
2345644,2345644,Genypterus tigerinus,-40.25,148.25
2345644,2345644,Genypterus tigerinus,-37.75,149.25
2345644,2345644,Genypterus tigerinus,-37.75,147.75
2345644,2345644,Genypterus tigerinus,-38.25,147.75
2345644,2345644,Genypterus tigerinus,-39.25,148.75
2345644,2345644,Genypterus tigerinus,-41.25,145.75
2345644,2345644,Genypterus tigerinus,-36.25,139.25
2345644,2345644,Genypterus tigerinus,-37.25,139.25
2345644,2345644,Genypterus tigerinus,-40.75,147.75
2345644,2345644,Genypterus tigerinus,-40.75,148.25
2345644,2345644,Genypterus tigerinus,-38.75,148.25
2345644,2345644,Genypterus tigerinus,-38.75,146.25
2345644,2345644,Genypterus tigerinus,-37.75,148.25
2345644,2345644,Genypterus tigerinus,-37.75,139.75
2345644,2345644,Genypterus tigerinus,-38.25,149.75
2345644,2345644,Genypterus tigerinus,-39.75,148.75
2345644,2345644,Genypterus tigerinus,-36.25,138.75
2345644,2345644,Genypterus tigerinus,-43.75,146.25
2345644,2345644,Genypterus tigerinus,-37.8906,144.917
2345644,2345644,Genypterus tigerinus,-38.12,144.65
2345644,2345644,Genypterus tigerinus,-38.1167,144.36
2345644,2345644,Genypterus tigerinus,-38.1517,144.563
2345644,2345644,Genypterus tigerinus,-37.8667,144.963
2345644,2345644,Genypterus tigerinus,-40.88017,147.81383
2345644,2345644,Genypterus tigerinus,-40.8745,147.85467
2345644,2345644,Genypterus tigerinus,-38.2817,145.007
2345644,2345644,Genypterus tigerinus,-38.25,144.749
2345644,2345644,Genypterus tigerinus,-35.53,138.18
2345644,2345644,Genypterus tigerinus,-37.93,148.2275
2345644,2345644,Genypterus tigerinus,-35.103053,134.241604
2345644,2345644,Genypterus tigerinus,-34.55,138.166667
2345644,2345644,Genypterus tigerinus,-38.16917,144.75983
2345644,2345644,Genypterus tigerinus,-38.11167,144.56417
2345644,2345644,Genypterus tigerinus,-38.00583,145.05683
2345644,2345644,Genypterus tigerinus,-37.97,144.9
2345644,2345644,Genypterus tigerinus,-38.25333,145.00667
2345644,2345644,Genypterus tigerinus,-38.106,144.4
2345644,2345644,Genypterus tigerinus,-38.1125,144.38583
2345644,2345644,Genypterus tigerinus,-37.97333,144.90183
2345644,2345644,Genypterus tigerinus,-38.1755,144.74533
2345644,2345644,Genypterus tigerinus,-38.11167,144.56417
2345644,2345644,Genypterus tigerinus,-38.11067,144.564
2345644,2345644,Genypterus tigerinus,-38.16917,144.75983
2345644,2345644,Genypterus tigerinus,-37.9315,144.90667
2345644,2345644,Genypterus tigerinus,-37.9315,144.90667
2345644,2345644,Genypterus tigerinus,-38.05833,144.79467
2345644,2345644,Genypterus tigerinus,-38.1755,144.7825
2345644,2345644,Genypterus tigerinus,-37.995,144.7235
2345644,2345644,Genypterus tigerinus,-38.1755,144.7825
2345644,2345644,Genypterus tigerinus,-38.106,144.4
2345644,2345644,Genypterus tigerinus,-37.9285,144.90833
2345644,2345644,Genypterus tigerinus,-38.20167,144.90533
2345644,2345644,Genypterus tigerinus,-38.1125,144.38583
2345644,2345644,Genypterus tigerinus,-37.995,144.7235
2345644,2345644,Genypterus tigerinus,-38.05,144.87083
2345644,2345644,Genypterus tigerinus,-38.17617,144.76233
2345644,2345644,Genypterus tigerinus,-37.995,144.7235
2345644,2345644,Genypterus tigerinus,-38.17333,144.78317
2345644,2345644,Genypterus tigerinus,-38.03817,145.01167
2345644,2345644,Genypterus tigerinus,-38.03817,145.01167
2345644,2345644,Genypterus tigerinus,-38.20167,144.90533
2345644,2345644,Genypterus tigerinus,-38.20167,144.9075
2345644,2345644,Genypterus tigerinus,-37.9285,144.90833
2345644,2345644,Genypterus tigerinus,-38.1125,144.38583
2345644,2345644,Genypterus tigerinus,-38.11067,144.564
2345644,2345644,Genypterus tigerinus,-38.106,144.4
2345644,2345644,Genypterus tigerinus,-38.1125,144.38583
2345644,2345644,Genypterus tigerinus,-38.027,145.075
2345644,2345644,Genypterus tigerinus,-35.1667,137.9167
2345644,2345644,Genypterus tigerinus,-35.15,138.48
2345644,2345644,Genypterus tigerinus,-34.88,138.5
2345644,2345644,Genypterus tigerinus,-38.435,145.255
2345644,2345644,Genypterus tigerinus,-41.55,144.583333
2345644,2345644,Genypterus tigerinus,-41.6,144.433333
2345644,2345644,Genypterus tigerinus,-40.733333,143.633333
2345644,2345644,Genypterus tigerinus,-37.74653,149.12379
2345644,2345644,Genypterus tigerinus,-40.733333,143.633333
2345644,2345644,Genypterus tigerinus,-41.6,144.433333
2345644,2345644,Genypterus tigerinus,-41.55,144.583333
2345644,2345644,Genypterus tigerinus,-43.571667,145.838333
2345644,2345644,Genypterus tigerinus,-43.571667,145.838333
2345644,2345644,Genypterus tigerinus,-41.971667,145.025
2345644,2345644,Genypterus tigerinus,-41.511667,144.723333
2345644,2345644,Genypterus tigerinus,-43.523333,145.93
2345644,2345644,Genypterus tigerinus,-39.945,148.601667
2345644,2345644,Genypterus tigerinus,-41.971667,145.025
2345644,2345644,Genypterus tigerinus,-39.945,148.601667
2345644,2345644,Genypterus tigerinus,-43.523333,145.93
2345644,2345644,Genypterus tigerinus,-41.511667,144.723333
2345644,2345644,Genypterus tigerinus,-39.95,148.433333
2345644,2345644,Genypterus tigerinus,-39.95,148.433333
2345644,2345644,Genypterus tigerinus,-43.566667,145.85
2345644,2345644,Genypterus tigerinus,-41.596667,144.431667
2345644,2345644,Genypterus tigerinus,-39.966667,148.766667
2345644,2345644,Genypterus tigerinus,-40.25,144.716667
2345644,2345644,Genypterus tigerinus,-43.566667,145.85
2345644,2345644,Genypterus tigerinus,-39.966667,148.766667
2345644,2345644,Genypterus tigerinus,-41.596667,144.431667
2345644,2345644,Genypterus tigerinus,-40.25,144.716667
2345644,2345644,Genypterus tigerinus,-39.97,148.6
2345644,2345644,Genypterus tigerinus,-39.97,148.6
2345644,2345644,Genypterus tigerinus,-36.2667,139.7167
2345644,2345644,Genypterus tigerinus,-39.04,146.465
2345644,2345644,Genypterus tigerinus,-39.025,146.292
2345644,2345644,Genypterus tigerinus,-39.04,146.465
2345644,2345644,Genypterus tigerinus,-37.83,147.83
2345644,2345644,Genypterus tigerinus,-35.333332,137.83333
2345644,2345644,Genypterus tigerinus,-35.522854,138.185421
2345644,2345644,Genypterus tigerinus,-37.95,144.95
2345644,2345644,Genypterus tigerinus,-35.35,150.58333
2345644,2345644,Genypterus tigerinus,-35.05,150.73334
2345644,2345644,Genypterus tigerinus,-37.85,144.93333
2345644,2345644,Genypterus tigerinus,-37.85,144.93333
2345644,2345644,Genypterus tigerinus,-37.85,144.93333
2345644,2345644,Genypterus tigerinus,-37.85,144.93333
2345644,2345644,Genypterus tigerinus,-34.43,137.92
2345644,2345644,Genypterus tigerinus,-41.06667,146.8
2345644,2345644,Genypterus tigerinus,-32.2,115.66667
2345644,2345644,Genypterus tigerinus,-33.65,115.333333
2345644,2345644,Genypterus tigerinus,-38,145
2345644,2345644,Genypterus tigerinus,-38,145
2345644,2345644,Genypterus tigerinus,-38,145
2345644,2345644,Genypterus tigerinus,-38,145
2345644,2345644,Genypterus tigerinus,-34.033333,123.316667
2345644,2345644,Genypterus tigerinus,-37.97,144.9
2345644,2345644,Genypterus tigerinus,-37.97,144.9
2345644,2345644,Genypterus tigerinus,-35.7889,138.0722
