requested_taxonKey,record_taxonKey,species_name,decimalLatitude,decimalLongitude
2345401,2345423,Netuma bilineata,-21.837667,114.238086
2345401,2345402,Netuma thalassina,-22.62918,113.55942
2345401,2345402,Netuma thalassina,-22.61773,113.5636
2345401,2345402,Netuma thalassina,-22.7122,113.51365
2345401,2345402,Netuma thalassina,-22.7122,113.51365
2345401,2345402,Netuma thalassina,-22.62918,113.55942
2345401,2345402,Netuma thalassina,-22.7122,113.51365
2345401,2345402,Netuma thalassina,-22.7122,113.51365
2345401,2345402,Netuma thalassina,-22.7122,113.51365
2345401,2345402,Netuma thalassina,-22.61773,113.5636
2345401,2345402,Netuma thalassina,-22.61773,113.5636
2345401,2345402,Netuma thalassina,-22.61773,113.5636
2345401,2345402,Netuma thalassina,-22.61773,113.5636
2345401,2345402,Netuma thalassina,-22.61773,113.5636
2345401,2345402,Netuma thalassina,-22.010576,114.193379
2345401,2345418,Netuma proxima,-27.425431,153.23463
2345401,2345418,Netuma proxima,-27.425431,153.23463
2345401,2345418,Netuma proxima,-27.397866,153.439061
2345401,2345418,Netuma proxima,-27.397866,153.439061
2345401,2345401,"Netuma Bleeker, 1858",-16.57132,122.62973
2345401,2345401,"Netuma Bleeker, 1858",-17.5261,122.06065
2345401,2345401,"Netuma Bleeker, 1858",-16.2419,122.9654
2345401,2345401,"Netuma Bleeker, 1858",-20.36217,116.1025
2345401,2345418,Netuma proxima,-27.425431,153.23463
2345401,2345418,Netuma proxima,-27.425431,153.23463
2345401,2345418,Netuma proxima,-27.425431,153.23463
2345401,2345402,Netuma thalassina,-20.3619,116.4712
2345401,2345402,Netuma thalassina,-21.81253,114.19267
2345401,2345402,Netuma thalassina,-21.81253,114.19267
2345401,2345402,Netuma thalassina,-21.81253,114.19267
2345401,2345402,Netuma thalassina,-21.81253,114.19267
2345401,2345402,Netuma thalassina,-21.81253,114.19267
2345401,2345402,Netuma thalassina,-20.35543,115.5017
2345401,2345402,Netuma thalassina,-33,151.83333
2345401,2345402,Netuma thalassina,-19.64417,116.895
2345401,2345402,Netuma thalassina,-19.65166,115.81834
2345401,2345402,Netuma thalassina,-19.76667,115.69334
2345401,2345402,Netuma thalassina,-19.115,117.78834
2345401,2345402,Netuma thalassina,-19.36833,116.9725
2345401,2345402,Netuma thalassina,-19.245,117.735
2345401,2345402,Netuma thalassina,-18.87417,118.0575
2345401,2345402,Netuma thalassina,-19.2625,117.36084
2345401,2345402,Netuma thalassina,-19.09083,117.74084
2345401,2345402,Netuma thalassina,-19.16833,117.7925
2345401,2345402,Netuma thalassina,-19.49916,118.93
2345401,2345402,Netuma thalassina,-19.325,117.0925
2345401,2345402,Netuma thalassina,-19.20666,117.63584
2345401,2345402,Netuma thalassina,-18.81333,118.74417
2345401,2345402,Netuma thalassina,-19.49083,118.35417
2345401,2345402,Netuma thalassina,-19.716667,116.5
2345401,2345402,Netuma thalassina,-19.68,116.53
2345401,10256567,Netuma thalassina,-19.683,116.533
2345401,2345402,Netuma thalassina,-19.68,116.53
2345401,2345402,Netuma thalassina,-20.41416,114.92917
2345401,2345402,Netuma thalassina,-19.7075,116.51667
2345401,2345402,Netuma thalassina,-19.6475,116.55833
2345401,2345402,Netuma thalassina,-19.16416,117.45917
2345401,2345402,Netuma thalassina,-19.716667,116.5
2345401,2345402,Netuma thalassina,-18.85,117.965
2345401,2345402,Netuma thalassina,-18.57083,118.805
2345401,2345402,Netuma thalassina,-19.31417,117.61084
2345401,2345402,Netuma thalassina,-19.25583,117.60417
2345401,2345402,Netuma thalassina,-18.52,118.74
2345401,2345402,Netuma thalassina,-20.56583,115.02834
2345401,2345402,Netuma thalassina,-20.47416,114.92917
2345401,2345402,Netuma thalassina,-20.905,114.97667
2345401,2345402,Netuma thalassina,-20.2225,115.50584
2345401,2345402,Netuma thalassina,-20.32333,116.42167
2345401,2345402,Netuma thalassina,-19.19416,117.14334
2345401,2345402,Netuma thalassina,-19.1775,117.52167
2345401,2345402,Netuma thalassina,-18.88666,118.16167
2345401,2345402,Netuma thalassina,-18.53333,118.49083
2345401,2345402,Netuma thalassina,-18.67916,118.72
2345401,2345402,Netuma thalassina,-19.76166,116.965
2345401,2345402,Netuma thalassina,-19.1575,117.54584
2345401,2345402,Netuma thalassina,-18.9775,117.995
2345401,2345402,Netuma thalassina,-19.38833,118.16417
2345401,2345402,Netuma thalassina,-18.925,118.115
2345401,2345402,Netuma thalassina,-18.70333,118.16417
2345401,2345402,Netuma thalassina,-20.02916,115.14084
2345401,2345402,Netuma thalassina,-20.29833,116.7225
2345401,2345402,Netuma thalassina,-20.3875,116.03417
2345401,2345402,Netuma thalassina,-18.85,118.17334
2345401,2345402,Netuma thalassina,-19.16083,117.63584
2345401,2345402,Netuma thalassina,-18.92,118.0675
2345401,2345402,Netuma thalassina,-19.02166,117.8075
2345401,2345402,Netuma thalassina,-19.325,117.21084
2345401,2345402,Netuma thalassina,-19.385,116.71333
2345401,2345402,Netuma thalassina,-19.5775,116.3375
2345401,2345402,Netuma thalassina,-18.80166,118.71167
2345401,2345402,Netuma thalassina,-19.04417,117.81084
2345401,2345402,Netuma thalassina,-18.49083,118.9675
2345401,2345402,Netuma thalassina,-18.72333,118.12917
2345401,2345402,Netuma thalassina,-19.1025,117.63833
2345401,2345402,Netuma thalassina,-19.32666,117.3275
2345401,2345402,Netuma thalassina,-20.42333,116.44834
2345401,2345402,Netuma thalassina,-20.52416,114.87417
2345401,2345402,Netuma thalassina,-19.29583,117.20083
2345401,2345402,Netuma thalassina,-19.385,117.11667
2345401,2345402,Netuma thalassina,-19.23583,117.05084
2345401,2345402,Netuma thalassina,-19.33166,117.08917
2345401,2345402,Netuma thalassina,-18.96666,117.87667
2345401,2345402,Netuma thalassina,-20.4125,115.94833
2345401,2345402,Netuma thalassina,-19.0125,117.59584
2345401,2345402,Netuma thalassina,-19.36666,117.71417
2345401,2345402,Netuma thalassina,-18.79583,118.6375
2345401,2345402,Netuma thalassina,-18.82333,118.3225
2345401,2345402,Netuma thalassina,-18.76333,118.62417
2345401,2345402,Netuma thalassina,-18.59333,118.39584
2345401,2345402,Netuma thalassina,-19.24,117.49917
2345401,2345402,Netuma thalassina,-18.61083,118.55334
2345401,2345402,Netuma thalassina,-19.23583,117.59667
2345401,2345402,Netuma thalassina,-20.4425,114.90417
2345401,2345402,Netuma thalassina,-18.94916,118.10667
2345401,2345402,Netuma thalassina,-19.11833,117.56667
2345401,2345402,Netuma thalassina,-18.9225,118.03
2345401,2345402,Netuma thalassina,-19.015,117.41334
2345401,2345402,Netuma thalassina,-19.32916,116.92417
2345401,2345402,Netuma thalassina,-18.80833,117.94083
2345401,2345402,Netuma thalassina,-19.445,117.49667
2345401,2345402,Netuma thalassina,-18.67333,118.3625
2345401,2345402,Netuma thalassina,-18.80833,118.8625
2345401,2345402,Netuma thalassina,-19.06833,118.00083
2345401,2345402,Netuma thalassina,-20.19083,117.365
2345401,2345402,Netuma thalassina,-18.99916,117.99583
2345401,2345402,Netuma thalassina,-20.27417,117.16167
2345401,2345402,Netuma thalassina,-19.05167,118.195
2345401,2345402,Netuma thalassina,-18.8225,118.61667
2345401,2345402,Netuma thalassina,-19.07583,118.2625
2345401,2345402,Netuma thalassina,-18.97333,118.04917
2345401,2345402,Netuma thalassina,-18.8675,118.64667
2345401,2345402,Netuma thalassina,-18.90916,118.43083
2345401,2345402,Netuma thalassina,-19.3575,117.22
2345401,2345402,Netuma thalassina,-20.28166,114.99084
2345401,2345402,Netuma thalassina,-19.335,117.51
2345401,2345402,Netuma thalassina,-20.86416,115.14584
2345401,2345402,Netuma thalassina,-20.095,115.14833
2345401,2345402,Netuma thalassina,-18.98333,117.9975
2345401,2345402,Netuma thalassina,-20.92667,115.09417
2345401,2345402,Netuma thalassina,-19.93583,116.4475
2345401,2345402,Netuma thalassina,-18.96917,118.145
2345401,2345402,Netuma thalassina,-18.82083,117.86167
2345401,2345402,Netuma thalassina,-18.56,118.50667
2345401,2345402,Netuma thalassina,-19.42166,116.54417
2345401,2345402,Netuma thalassina,-19.27167,116.83917
2345401,2345402,Netuma thalassina,-19.25833,117.56584
2345401,2345402,Netuma thalassina,-19.405,116.54417
2345401,2345423,Netuma bilineata,-19.05,118.483
2345401,2345423,Netuma bilineata,-19.583,119.833
2345401,2345402,Netuma thalassina,-19.75833,118.32667
2345401,2345402,Netuma thalassina,-19.17667,117.71167
2345401,2345402,Netuma thalassina,-19.43667,118.12667
2345401,2345402,Netuma thalassina,-19.575,118.32333
2345401,2345402,Netuma thalassina,-19.65833,118.585
2345401,2345402,Netuma thalassina,-19.2775,118.86584
2345401,2345402,Netuma thalassina,-19.5025,118.8275
2345401,2345402,Netuma thalassina,-19.09,118.85084
2345401,2345402,Netuma thalassina,-19.71916,117.92834
2345401,2345402,Netuma thalassina,-19.4375,118.515
2345401,2345402,Netuma thalassina,-19.51833,118.67084
2345401,2345402,Netuma thalassina,-19.08416,118.8725
2345401,2345402,Netuma thalassina,-19.38417,116.9775
2345401,2345402,Netuma thalassina,-19.36083,118.71667
2345401,2345402,Netuma thalassina,-19.7175,118.73584
2345401,2345402,Netuma thalassina,-19.04417,118.21584
2345401,2345402,Netuma thalassina,-19.69917,116.27167
2345401,2345402,Netuma thalassina,-19.10916,118.0025
2345401,2345402,Netuma thalassina,-18.89916,118.19834
2345401,2345402,Netuma thalassina,-19.21583,117.015
2345401,2345402,Netuma thalassina,-19.415,116.835
2345401,2345402,Netuma thalassina,-18.77083,118.43167
2345401,2345402,Netuma thalassina,-19.375,116.4175
2345401,2345402,Netuma thalassina,-19.52,116.295
2345401,2345402,Netuma thalassina,-19.1275,117.76084
2345401,2345402,Netuma thalassina,-18.78833,118.35
2345401,2345402,Netuma thalassina,-18.67833,118.68084
2345401,2345402,Netuma thalassina,-19.67916,118.13917
2345401,2345418,Netuma proxima,-20.583334,116.78333
2345401,2345402,Netuma thalassina,-18.42666,118.79167
2345401,2345402,Netuma thalassina,-18.8375,117.94583
2345401,2345402,Netuma thalassina,-18.78,118.2025
2345401,2345402,Netuma thalassina,-19.2975,117.0075
2345401,2345402,Netuma thalassina,-19.42666,117.56167
2345401,2345402,Netuma thalassina,-19.41833,116.72417
2345401,2345402,Netuma thalassina,-19.27416,116.70417
2345401,2345402,Netuma thalassina,-18.6975,118.32334
2345401,2345402,Netuma thalassina,-19.37666,117.15084
2345401,2345402,Netuma thalassina,-19.28333,118.54417
2345401,2345402,Netuma thalassina,-19.01917,117.77834
2345401,2345402,Netuma thalassina,-19.10583,117.6575
2345401,2345402,Netuma thalassina,-19.08416,117.875
2345401,2345402,Netuma thalassina,-19.38666,117.16334
2345401,2345402,Netuma thalassina,-19.09416,117.50833
2345401,2345402,Netuma thalassina,-19.36416,116.77
2345401,2345402,Netuma thalassina,-20.43833,116.32667
2345401,2345402,Netuma thalassina,-19.215,117.86
2345401,2345402,Netuma thalassina,-19.47917,117.19167
2345401,2345402,Netuma thalassina,-19.5925,117.285
2345401,2345402,Netuma thalassina,-18.60916,118.94333
2345401,2345402,Netuma thalassina,-18.68917,118.3725
2345401,2345402,Netuma thalassina,-19.24333,117.57167
2345401,2345402,Netuma thalassina,-18.99416,117.81583
2345401,2345402,Netuma thalassina,-19.025,118.04167
2345401,2345402,Netuma thalassina,-19,118.20834
2345401,2345402,Netuma thalassina,-19.99167,117.83333
2345401,2345402,Netuma thalassina,-19.28333,117.45834
2345401,2345402,Netuma thalassina,-19.09166,117.93333
2345401,2345402,Netuma thalassina,-19.05,117.66667
2345401,2345402,Netuma thalassina,-19.23333,117.06667
2345401,2345402,Netuma thalassina,-19.71667,118.35
2345401,2345402,Netuma thalassina,-19.4,116.8
2345401,2345402,Netuma thalassina,-19.09166,117.55834
2345401,2345402,Netuma thalassina,-19.425,117.19167
2345401,2345402,Netuma thalassina,-18.50833,118.60834
2345401,2345402,Netuma thalassina,-19.3675,117.03584
2345401,2345402,Netuma thalassina,-19.06,118.25667
2345401,2345402,Netuma thalassina,-19.14916,118.78084
2345401,2345402,Netuma thalassina,-19.11833,117.735
2345401,2345402,Netuma thalassina,-19.04,117.91167
2345401,2345402,Netuma thalassina,-20.16333,117.43583
2345401,2345402,Netuma thalassina,-19.41333,116.74
2345401,2345402,Netuma thalassina,-19.5125,116.4675
2345401,2345402,Netuma thalassina,-19.00583,118.04833000000001
2345401,2345402,Netuma thalassina,-18.71083,118.4975
2345401,2345402,Netuma thalassina,-19.31083,116.75917
2345401,2345402,Netuma thalassina,-19.2825,116.95917
2345401,2345402,Netuma thalassina,-19.16166,117.81083
2345401,2345402,Netuma thalassina,-19.44583,117.08584
2345401,2345402,Netuma thalassina,-19.46,116.54167
2345401,2345402,Netuma thalassina,-19.23,117.57584
2345401,2345402,Netuma thalassina,-19.4225,116.665
2345401,2345402,Netuma thalassina,-19.53667,117.22334
2345401,2345402,Netuma thalassina,-19.22583,117.22917
2345401,2345402,Netuma thalassina,-19.03583,118.25667
2345401,2345402,Netuma thalassina,-19.57917,118.76584
2345401,2345402,Netuma thalassina,-18.9725,118.64834
2345401,2345401,"Netuma Bleeker, 1858",-19.65,117.42
2345401,2345401,"Netuma Bleeker, 1858",-19.65,117.42
2345401,2345401,"Netuma Bleeker, 1858",-19.53,117.22
2345401,2345401,"Netuma Bleeker, 1858",-19.52,117.3
2345401,2345402,Netuma thalassina,-19.53,117.22
2345401,2345418,Netuma proxima,-28.283333,153.566667
2345401,2345402,Netuma thalassina,-19.64166,116.2
2345401,2345402,Netuma thalassina,-19.675,116.18334
2345401,2345402,Netuma thalassina,-20.35,114.98334
2345401,2345402,Netuma thalassina,-20.35,114.98334
2345401,2345402,Netuma thalassina,-20.35,114.98334
2345401,2345402,Netuma thalassina,-20.35,114.98334
2345401,2345402,Netuma thalassina,-20.35,114.98334
2345401,2345402,Netuma thalassina,-20.35,114.98334
2345401,2345402,Netuma thalassina,-18.30833,119.18334
2345401,2345402,Netuma thalassina,-19.09166,120.50834
2345401,2345402,Netuma thalassina,-17.80833,120.3
2345401,2345402,Netuma thalassina,-18.16666,120.05
2345401,2345402,Netuma thalassina,-18.125,119.35834
2345401,2345402,Netuma thalassina,-19.73333,117.275
2345401,2345402,Netuma thalassina,-18.625,119.325
2345401,2345402,Netuma thalassina,-18.16666,120.05
2345401,2345402,Netuma thalassina,-16.08,121.63
2345401,2345402,Netuma thalassina,-19.25,118.65
2345401,2345402,Netuma thalassina,-16.08,121.53
2345401,2345402,Netuma thalassina,-19.33,117.6
2345401,2345402,Netuma thalassina,-20.16,116.36
2345401,2345402,Netuma thalassina,-19.33,116.33
2345401,2345402,Netuma thalassina,-19.48,116.5
2345401,2345402,Netuma thalassina,-19.4,117.46
2345401,2345402,Netuma thalassina,-19.58,116.6
2345401,2345402,Netuma thalassina,-19.46,116.8
2345401,2345402,Netuma thalassina,-20.16,116.16
2345401,2345402,Netuma thalassina,-19.65,117.5
2345401,2345402,Netuma thalassina,-19.56,117.41
2345401,2345402,Netuma thalassina,-19.43,117.5
2345401,2345402,Netuma thalassina,-20.16,116.36
2345401,2345402,Netuma thalassina,-19.58,116.5
2345401,2345402,Netuma thalassina,-19.58,116.5
2345401,2345402,Netuma thalassina,-19.71,117.46
2345401,2345402,Netuma thalassina,-19.53,117.26
2345401,2345402,Netuma thalassina,-19.43,117.4
2345401,2345402,Netuma thalassina,-19.6,117.45
2345401,2345402,Netuma thalassina,-19.53,117.26
2345401,2345402,Netuma thalassina,-19.6,117.45
2345401,2345402,Netuma thalassina,-19.6,117.45
2345401,2345402,Netuma thalassina,-19.43,117.4
2345401,2345402,Netuma thalassina,-19.43,117.4
2345401,2345402,Netuma thalassina,-19.6,117.45
2345401,2345402,Netuma thalassina,-19.6,117.26
2345401,2345402,Netuma thalassina,-19.53,117.26
2345401,2345402,Netuma thalassina,-19.6,117.45
2345401,2345402,Netuma thalassina,-19.43,117.4
2345401,2345402,Netuma thalassina,-19.6,117.45
2345401,2345402,Netuma thalassina,-19.6,117.45
2345401,2345402,Netuma thalassina,-19.53,117.26
2345401,2345402,Netuma thalassina,-19.6,117.45
2345401,2345402,Netuma thalassina,-19.6,117.45
2345401,2345402,Netuma thalassina,-19.6,117.45
2345401,2345402,Netuma thalassina,-19.6,117.45
2345401,2345402,Netuma thalassina,-19.43,117.4
2345401,2345402,Netuma thalassina,-19.43,117.4
2345401,2345402,Netuma thalassina,-19.53,117.26
2345401,2345402,Netuma thalassina,-19.53,117.26
2345401,2345402,Netuma thalassina,-19.53,117.26
2345401,2345402,Netuma thalassina,-19.6,117.45
2345401,2345402,Netuma thalassina,-19.43,117.4
2345401,2345402,Netuma thalassina,-19.53,117.26
2345401,2345402,Netuma thalassina,-19.53,117.26
2345401,2345402,Netuma thalassina,-19.53,117.26
2345401,2345402,Netuma thalassina,-19.43,117.4
2345401,2345402,Netuma thalassina,-19.53,117.26
2345401,2345402,Netuma thalassina,-19.6,117.26
2345401,2345402,Netuma thalassina,-19.53,117.26
2345401,2345402,Netuma thalassina,-19.43,117.4
2345401,2345402,Netuma thalassina,-19.53,117.26
2345401,2345402,Netuma thalassina,-19.53,117.26
2345401,2345402,Netuma thalassina,-19.43,117.4
2345401,2345402,Netuma thalassina,-19.51,117.5
2345401,2345402,Netuma thalassina,-19.86,116.85
2345401,2345402,Netuma thalassina,-19.58,117.51
2345401,2345402,Netuma thalassina,-19.68,117.51
2345401,2345402,Netuma thalassina,-19.5,117.8
2345401,2345402,Netuma thalassina,-19.76,116.95
2345401,2345402,Netuma thalassina,-19.325,120.56667
2345401,2345402,Netuma thalassina,-20.35833,116.5
2345401,2345402,Netuma thalassina,-19.5,117.10833
2345401,2345402,Netuma thalassina,-18.71666,119.875
2345401,2345402,Netuma thalassina,-19.95833,118
2345401,2345402,Netuma thalassina,-18.84166,119.58334
2345401,2345402,Netuma thalassina,-18.41667,118.84167
2345401,2345402,Netuma thalassina,-20.4,116.5
2345401,2345402,Netuma thalassina,-20.38,116.45
2345401,2345402,Netuma thalassina,-20.35,116.48
2345401,2345402,Netuma thalassina,-20.35,116.5
2345401,2345402,Netuma thalassina,-20.4,116.48
2345401,2345402,Netuma thalassina,-21.05,115.18
2345401,2345402,Netuma thalassina,-18.35833,119.21667
2345401,2345402,Netuma thalassina,-18.41667,118.975
2345401,2345402,Netuma thalassina,-20.56,115.21
2345401,2345402,Netuma thalassina,-20.43,115.78
2345401,2345402,Netuma thalassina,-20.41,115.73
2345401,2345402,Netuma thalassina,-20.38,115.76
2345401,2345402,Netuma thalassina,-20.38,115.75
2345401,2345402,Netuma thalassina,-20.48,116.35
2345401,2345402,Netuma thalassina,-20.41,116.51
2345401,2345402,Netuma thalassina,-19.433333,116.516667
2345401,2345402,Netuma thalassina,-19.08333,117.6
2345401,2345402,Netuma thalassina,-18.4,119.03334
2345401,2345402,Netuma thalassina,-18.95833,118.24167
2345401,2345402,Netuma thalassina,-19.43333,116.54167
2345401,2345402,Netuma thalassina,-19.433333,116.516667
2345401,2345402,Netuma thalassina,-18.29167,120.3
2345401,2345402,Netuma thalassina,-18.26667,120.51667
2345401,2345402,Netuma thalassina,-18.24166,119.53334
2345401,2345402,Netuma thalassina,-18.09166,119.75
2345401,2345402,Netuma thalassina,-19.1,118.025
2345401,2345402,Netuma thalassina,-19.1,118.025
2345401,2345402,Netuma thalassina,-19.1,118.025
2345401,2345402,Netuma thalassina,-19.16666,117.49167
2345401,2345418,Netuma proxima,-27.35,153.233333
2345401,2345402,Netuma thalassina,-19.5,116.55028
2345401,2345402,Netuma thalassina,-19.3343,116.34223
2345401,2345402,Netuma thalassina,-33.775,151.125
2345401,2345402,Netuma thalassina,-20.43514,114.98444
2345401,2345402,Netuma thalassina,-20.23389,116.11014
2345401,2345402,Netuma thalassina,-19.37625,116.77528
2345401,2345402,Netuma thalassina,-19.88528,116.79167
2345401,2345402,Netuma thalassina,-24.62694,112.80903
2345401,2345418,Netuma proxima,-33,151.91667
2345401,2345402,Netuma thalassina,-21.85,114.65
2345401,2345402,Netuma thalassina,-17.966667,122.23333
2345401,2345418,Netuma proxima,-27.833334,153.41667
2345401,2345418,Netuma proxima,-17.966667,122.21667
2345401,2345402,Netuma thalassina,-33.85,151.33333
2345401,2345418,Netuma proxima,-17.966667,122.23333
2345401,2345402,Netuma thalassina,-33,151
2345401,2345402,Netuma thalassina,-33,151
2345401,2345402,Netuma thalassina,-33.82,151.26666
2345401,2345423,Netuma bilineata,-21.58333,117.06667
2345401,2345423,Netuma bilineata,-21.58333,117.06667
2345401,2345423,Netuma bilineata,-26.35,113.28333
2345401,2345402,Netuma thalassina,-22.25,114.08333
2345401,2345402,Netuma thalassina,-34.96667,117.35
2345401,2345423,Netuma bilineata,-17.3,123.63333
2345401,2345423,Netuma bilineata,-20.9,116.66667
2345401,2345402,Netuma thalassina,-28.4,113.71667
2345401,2345402,Netuma thalassina,-26.13333,113.16667
2345401,2345423,Netuma bilineata,-21.05,116.1
2345401,2345402,Netuma thalassina,-21.88333,114.36667
2345401,2345418,Netuma proxima,-20.66667,116.71667
2345401,2345402,Netuma thalassina,-22.25,114.333333
2345401,2345402,Netuma thalassina,-32.05,115.73333
2345401,2345402,Netuma thalassina,-21.686944,115.023056
2345401,2345402,Netuma thalassina,-21.98333,114.3
2345401,2345423,Netuma bilineata,-21.58333,117.06667
2345401,2345423,Netuma bilineata,-21.58333,117.06667
2345401,2345423,Netuma bilineata,-21.58333,117.06667
2345401,2345423,Netuma bilineata,-17.66667,120.56667
2345401,2345418,Netuma proxima,-17.96667,122.23333
2345401,2345423,Netuma bilineata,-21.58333,117.06667
2345401,2345423,Netuma bilineata,-21.58333,117.06667
2345401,2345423,Netuma bilineata,-21.58333,117.06667
2345401,2345423,Netuma bilineata,-21.58333,117.06667
2345401,2345418,Netuma proxima,-30.3,153.15
2345401,2345418,Netuma proxima,-27.333333,153.083333
2345401,2345418,Netuma proxima,-27.583333,153.316667
2345401,2345402,Netuma thalassina,-29,152
