requested_taxonKey,record_taxonKey,species_name,decimalLatitude,decimalLongitude
2345931,2345931,Homostolus acer,-22.012556,113.729703
2345931,2345931,Homostolus acer,-22.012556,113.729703
2345931,2345931,Homostolus acer,-18.5714,117.457
2345931,2345931,Homostolus acer,-18.57,117.464
2345931,2345931,Homostolus acer,-18.006167,118.1165
2345931,10525289,Homostolus acer,-17.9,118.25
2345931,2345931,Homostolus acer,-18.006167,118.1165
2345931,2345931,Homostolus acer,-16.366667,120.416667
2345931,2345931,Homostolus acer,-16.233333,120.516667
2345931,10525289,Homostolus acer,-16.45,120.4
2345931,10525289,Homostolus acer,-16.13333,120.46667
2345931,2345931,Homostolus acer,-16.366667,120.416667
2345931,2345931,Homostolus acer,-16.233333,120.516667
2345931,2345931,Homostolus acer,-33.583,152.017
2345931,2345931,Homostolus acer,-33.733,151.867
2345931,2345931,Homostolus acer,-33.683334,151.925
2345931,2345931,Homostolus acer,-33.683,151.917
2345931,2345931,Homostolus acer,-18.883333,116.166664
2345931,2345931,Homostolus acer,-33.733,151.917
2345931,2345931,Homostolus acer,-33.575,152.01666
2345931,2345931,Homostolus acer,-33.6,151.983
2345931,2345931,Homostolus acer,-33.583,152.017
2345931,2345931,Homostolus acer,-33.767,151.85
2345931,2345932,Homostolus acer,-18.08,118.13
2345931,2345931,Homostolus acer,-18.666666,116.7
2345931,2345931,Homostolus acer,-18.525,116.83334
2345931,2345931,Homostolus acer,-18.71667,116.56667
2345931,2345931,Homostolus acer,-18.8,116.85
2345931,2345931,Homostolus acer,-18.75,116.4
2345931,2345931,Homostolus acer,-18.63333,116.88334
2345931,2345931,Homostolus acer,-18.41666,117.575
2345931,2345931,Homostolus acer,-18.625,116.75
2345931,2345931,Homostolus acer,-18.675,116.75834
2345931,2345931,Homostolus acer,-33.683,151.883
2345931,2345931,Homostolus acer,-33.7,151.917
2345931,2345931,Homostolus acer,-28,153.967
