requested_taxonKey,record_taxonKey,species_name,decimalLatitude,decimalLongitude
2345938,2345938,Dannevigia tusca,-33.488167,131.074
2345938,2345938,Dannevigia tusca,-33.488167,131.074
2345938,10093687,Dannevigia tusca,-33.49233,131.062
2345938,10093687,Dannevigia tusca,-33.49233,131.062
2345938,2345938,Dannevigia tusca,-33.488167,131.074
2345938,2345938,Dannevigia tusca,-33.488167,131.074
2345938,2345938,Dannevigia tusca,-18.512167,117.691833
2345938,2345938,Dannevigia tusca,-18.512167,117.691833
2345938,2345938,Dannevigia tusca,-33.25,131.75
2345938,2345938,Dannevigia tusca,-33.75,131.75
2345938,2345938,Dannevigia tusca,-33.25,129.25
2345938,2345938,Dannevigia tusca,-33.25,128.25
2345938,2345938,Dannevigia tusca,-37.25,139.25
2345938,2345938,Dannevigia tusca,-33.25,130.25
2345938,2345938,Dannevigia tusca,-33.25,125.75
2345938,2345938,Dannevigia tusca,-33.25,126.75
2345938,2345938,Dannevigia tusca,-33.25,127.25
2345938,2345938,Dannevigia tusca,-31.75,114.75
2345938,2345938,Dannevigia tusca,-33.25,128.75
2345938,2345938,Dannevigia tusca,-33.25,129.75
2345938,2345938,Dannevigia tusca,-37.75,139.75
2345938,2345938,Dannevigia tusca,-33.25,131.25
2345938,2345938,Dannevigia tusca,-33.75,132.25
2345938,2345938,Dannevigia tusca,-33.25,127.75
2345938,2345938,Dannevigia tusca,-33.25,126.25
2345938,2345938,Dannevigia tusca,-31.25,114.75
2345938,2345938,Dannevigia tusca,-33.75,132.25
2345938,2345938,Dannevigia tusca,-37.75,139.75
2345938,2345938,Dannevigia tusca,-33.75,131.75
2345938,2345938,Dannevigia tusca,-33.25,131.25
2345938,2345938,Dannevigia tusca,-31.25,114.75
2345938,2345938,Dannevigia tusca,-33.25,129.25
2345938,2345938,Dannevigia tusca,-33.25,127.75
2345938,2345938,Dannevigia tusca,-33.25,130.25
2345938,2345938,Dannevigia tusca,-33.25,128.25
2345938,2345938,Dannevigia tusca,-33.25,128.75
2345938,2345938,Dannevigia tusca,-33.25,130.75
2345938,2345938,Dannevigia tusca,-36.75,136.75
2345938,2345938,Dannevigia tusca,-33.25,131.75
2345938,2345938,Dannevigia tusca,-38.25,149.25
2345938,2345938,Dannevigia tusca,-33.25,129.75
2345938,2345938,Dannevigia tusca,-33.25,127.25
2345938,2345938,Dannevigia tusca,-33.25,126.75
2345938,2345938,Dannevigia tusca,-34.25,132.75
2345938,2345938,Dannevigia tusca,-37.25,139.25
2345938,2345938,Dannevigia tusca,-33.25,128.25
2345938,2345938,Dannevigia tusca,-33.75,131.75
2345938,2345938,Dannevigia tusca,-33.25,128.75
2345938,2345938,Dannevigia tusca,-33.25,130.75
2345938,2345938,Dannevigia tusca,-33.25,127.25
2345938,2345938,Dannevigia tusca,-33.25,131.75
2345938,2345938,Dannevigia tusca,-33.25,129.75
2345938,2345938,Dannevigia tusca,-38.25,148.75
2345938,2345938,Dannevigia tusca,-33.25,129.25
2345938,2345938,Dannevigia tusca,-37.75,139.75
2345938,2345938,Dannevigia tusca,-33.75,132.25
2345938,2345938,Dannevigia tusca,-33.25,130.25
2345938,2345938,Dannevigia tusca,-33.25,131.25
2345938,2345938,Dannevigia tusca,-33.25,127.75
2345938,2345938,Dannevigia tusca,-36.75,136.75
2345938,2345938,Dannevigia tusca,-33.25,126.75
2345938,2345938,Dannevigia tusca,-38.25,149.25
2345938,10093687,Dannevigia tusca,-33,131
2345938,10093687,Dannevigia tusca,-33,131
2345938,10093687,Dannevigia tusca,-33,131
2345938,10093687,Dannevigia tusca,-33,131
2345938,10093687,Dannevigia tusca,-33,131
2345938,2345938,Dannevigia tusca,-33.401667,114.523333
2345938,2345938,Dannevigia tusca,-33.38833,114.52667
2345938,2345938,Dannevigia tusca,-33.401667,114.523333
2345938,2345938,Dannevigia tusca,-38.58333,140.96667
2345938,2345938,Dannevigia tusca,-37.183333,138.7
2345938,2345938,Dannevigia tusca,-37.18,138.7
2345938,2345938,Dannevigia tusca,-37.183333,138.7
2345938,2345938,Dannevigia tusca,-33.4,128.933333
2345938,2345938,Dannevigia tusca,-33.4,128.933333
2345938,2345938,Dannevigia tusca,-18.84333,117.68417
2345938,2345938,Dannevigia tusca,-33.33,130.2
2345938,2345938,Dannevigia tusca,-33.33333,130.18334
2345938,2345938,Dannevigia tusca,-33.36,130.883333
2345938,2345938,Dannevigia tusca,-33.35,130.86667
2345938,2345938,Dannevigia tusca,-33.36,130.883333
2345938,2345938,Dannevigia tusca,-33.16667,128.30834
2345938,2345938,Dannevigia tusca,-33.36667,129.95
2345938,2345938,Dannevigia tusca,-33.38333,128.975
2345938,2345938,Dannevigia tusca,-33.38333,128.975
2345938,2345938,Dannevigia tusca,-33.38333,128.975
2345938,2345938,Dannevigia tusca,-33.38333,128.975
2345938,2345938,Dannevigia tusca,-33.38333,128.975
2345938,2345938,Dannevigia tusca,-33.38333,128.975
2345938,2345938,Dannevigia tusca,-33.38333,128.975
2345938,2345938,Dannevigia tusca,-33.38333,128.975
2345938,2345938,Dannevigia tusca,-33.38333,128.975
2345938,2345938,Dannevigia tusca,-33.38333,128.975
2345938,2345938,Dannevigia tusca,-33.38333,127.95833
2345938,2345938,Dannevigia tusca,-33.38333,128.975
2345938,2345938,Dannevigia tusca,-33.38333,128.975
2345938,2345938,Dannevigia tusca,-33.38333,128.975
2345938,2345938,Dannevigia tusca,-33.38333,128.975
2345938,2345938,Dannevigia tusca,-38.5939,141.26
2345938,2345938,Dannevigia tusca,-33.33333,128.075
2345938,2345938,Dannevigia tusca,-33.31667,128.975
2345938,2345938,Dannevigia tusca,-33.31667,128.70833
2345938,2345938,Dannevigia tusca,-33.3,128.65
2345938,2345938,Dannevigia tusca,-33.3,128.60833
2345938,2345938,Dannevigia tusca,-33.35,128.95
2345938,2345938,Dannevigia tusca,-33.3,128.575
2345938,2345938,Dannevigia tusca,-33.3,128.58334
2345938,2345938,Dannevigia tusca,-38.35,140.45
2345938,2345938,Dannevigia tusca,-38.35,140.45
2345938,2345938,Dannevigia tusca,-38.35,140.45
2345938,2345938,Dannevigia tusca,-38.35,140.45
2345938,2345938,Dannevigia tusca,-33.13333,125.25834
2345938,2345938,Dannevigia tusca,-33.16806,127.85917
2345938,2345938,Dannevigia tusca,-33.27611,128.35903
2345938,2345938,Dannevigia tusca,-33.31861,128.34236
2345938,2345938,Dannevigia tusca,-33.35138,129.12708
2345938,2345938,Dannevigia tusca,-33.31889,129.33445
2345938,2345938,Dannevigia tusca,-33.28361,128.34278
2345938,2345938,Dannevigia tusca,-33.26875,128.27639
2345938,2345938,Dannevigia tusca,-33.26806,128.17681
2345938,2345938,Dannevigia tusca,-33.31875,128.49278
2345938,2345938,Dannevigia tusca,-33.2843,128.19389
2345938,2345938,Dannevigia tusca,-33.31778,128.13473
2345938,2345938,Dannevigia tusca,-33.26694,128.09375
2345938,2345938,Dannevigia tusca,-33.31055,128.56792
2345938,2345938,Dannevigia tusca,-33.21805,126.50167
2345938,2345938,Dannevigia tusca,-33.2925,128.4425
2345938,2345938,Dannevigia tusca,-33.20903,126.51695
2345938,2345938,Dannevigia tusca,-33.31917,129.47653
2345938,2345938,Dannevigia tusca,-33.17625,128.51736
2345938,2345938,Dannevigia tusca,-33.07722,128.95917
2345938,2345938,Dannevigia tusca,-33.35083,129.19264
2345938,2345938,Dannevigia tusca,-33.23486,128.30917
2345938,2345938,Dannevigia tusca,-33.30944,130.4682
2345938,2345938,Dannevigia tusca,-33.24319,128.62639
2345938,2345938,Dannevigia tusca,-33.35,127.48445
2345938,2345938,Dannevigia tusca,-33.35,130.61708
2345938,2345938,Dannevigia tusca,-33.32597,127.52556
2345938,2345938,Dannevigia tusca,-33.32597,127.52556
2345938,2345938,Dannevigia tusca,-33.32597,127.52556
2345938,2345938,Dannevigia tusca,-33.32597,127.52556
2345938,2345938,Dannevigia tusca,-33.32597,127.52556
2345938,2345938,Dannevigia tusca,-33.32597,127.52556
2345938,2345938,Dannevigia tusca,-33.32597,127.52556
2345938,2345938,Dannevigia tusca,-33.32597,127.52556
2345938,2345938,Dannevigia tusca,-33.32597,127.52556
2345938,2345938,Dannevigia tusca,-33.32597,127.52556
2345938,2345938,Dannevigia tusca,-33.32597,127.52556
2345938,2345938,Dannevigia tusca,-33.32597,127.52556
2345938,2345938,Dannevigia tusca,-33.32597,127.52556
2345938,2345938,Dannevigia tusca,-33.32597,127.52556
2345938,2345938,Dannevigia tusca,-33.32597,127.52556
2345938,2345938,Dannevigia tusca,-33.32597,127.52556
2345938,2345938,Dannevigia tusca,-33.43389,125.97556
2345938,2345938,Dannevigia tusca,-33.30833,126.80903
2345938,2345938,Dannevigia tusca,-33.32597,127.52556
2345938,2345938,Dannevigia tusca,-34.07569,133.11736
2345938,2345938,Dannevigia tusca,-33.32597,127.52556
2345938,2345938,Dannevigia tusca,-33.32597,127.52556
2345938,2345938,Dannevigia tusca,-33.32597,127.52556
2345938,2345938,Dannevigia tusca,-33.32597,127.52556
2345938,2345938,Dannevigia tusca,-33.32597,127.52556
2345938,2345938,Dannevigia tusca,-33.32597,127.52556
2345938,2345938,Dannevigia tusca,-33.32597,127.52556
2345938,2345938,Dannevigia tusca,-33.32597,127.52556
2345938,2345938,Dannevigia tusca,-33.32597,127.52556
2345938,2345938,Dannevigia tusca,-33.32597,127.52556
2345938,2345938,Dannevigia tusca,-33.32597,127.52556
2345938,2345938,Dannevigia tusca,-33.3,126.08403
2345938,2345938,Dannevigia tusca,-33.35875,128.44306
2345938,2345938,Dannevigia tusca,-33.36667,128.05139
2345938,2345938,Dannevigia tusca,-33.35833,126.27584
2345938,2345938,Dannevigia tusca,-33.35,126.04167
2345938,2345938,Dannevigia tusca,-40.20097,146.80125
2345938,2345938,Dannevigia tusca,-39.93389,146.54306
2345938,2345938,Dannevigia tusca,-33.35153,128.425
2345938,2345938,Dannevigia tusca,-40.46666,146.87598
2345938,2345938,Dannevigia tusca,-33.30167,126.52653
2345938,2345938,Dannevigia tusca,-33.31667,130.46737
2345938,2345938,Dannevigia tusca,-33.41667,128.31667
2345938,2345938,Dannevigia tusca,-33.31806,129.2
2345938,2345938,Dannevigia tusca,-33.33375,127.34334
2345938,2345938,Dannevigia tusca,-33.32597,126.3675
2345938,2345938,Dannevigia tusca,-33.31736,127.45
2345938,2345938,Dannevigia tusca,-33.3593,129.84167
2345938,2345938,Dannevigia tusca,-33.33402,129.375
2345938,2345938,Dannevigia tusca,-33.31847,129.99236
2345938,2345938,Dannevigia tusca,-33.31778,127.375
2345938,2345938,Dannevigia tusca,-33.58333,125.80945
2345938,2345938,Dannevigia tusca,-33.31806,129.10028
2345938,2345938,Dannevigia tusca,-33.33333,129.94167
2345938,2345938,Dannevigia tusca,-33.33333,129.30903
2345938,2345938,Dannevigia tusca,-33.30069,126.14236
2345938,2345938,Dannevigia tusca,-33.33333,129.95
2345938,2345938,Dannevigia tusca,-33.46694,125.95931
2345938,2345938,Dannevigia tusca,-33.30944,126.1257
2345938,2345938,Dannevigia tusca,-33.35125,126.04264
2345938,2345938,Dannevigia tusca,-40.41722,146.75098
2345938,2345938,Dannevigia tusca,-19.5,116.57
2345938,2345938,Dannevigia tusca,-32,128.75
2345938,2345938,Dannevigia tusca,-32,128
2345938,2345938,Dannevigia tusca,-33.49025,131.068
2345938,2345938,Dannevigia tusca,-33.49025,131.068
