requested_taxonKey,record_taxonKey,species_name,decimalLatitude,decimalLongitude
2345855,2345855,Sirembo jerdoni,-19.5,116.57
2345855,2345855,Sirembo jerdoni,-19.75,116.633333
2345855,2345855,Sirembo jerdoni,-19.75,116.633333
2345855,2345855,Sirembo jerdoni,-19.75,116.633333
2345855,2345855,Sirembo jerdoni,-19.75,116.633333
2345855,2345855,Sirembo jerdoni,-19.75,116.633333
2345855,2345855,Sirembo jerdoni,-19.75,116.633333
2345855,2345855,Sirembo jerdoni,-17.925,119.56667
2345855,2345855,Sirembo jerdoni,-17.41666,119.88334
