requested_taxonKey,record_taxonKey,species_name,decimalLatitude,decimalLongitude
2345731,2345731,Neobythites bimaculatus,-18.512167,117.691833
2345731,2345731,Neobythites bimaculatus,-18.512167,117.691833
2345731,2345731,Neobythites bimaculatus,-18.017,118.383
2345731,2345731,Neobythites bimaculatus,-17.867,118.467
2345731,2345731,Neobythites bimaculatus,-16.866667,120.383333
2345731,2345731,Neobythites bimaculatus,-17.016667,120.216667
2345731,2345731,Neobythites bimaculatus,-17.016667,120.216667
2345731,2345731,Neobythites bimaculatus,-16.866667,120.383333
2345731,2345731,Neobythites bimaculatus,-17,120.183333
2345731,2345731,Neobythites bimaculatus,-17,120.183333
2345731,2345731,Neobythites bimaculatus,-17.617,118.667
2345731,2345731,Neobythites bimaculatus,-17.65,118.633
2345731,2345731,Neobythites bimaculatus,-17.678333,119.03
2345731,2345731,Neobythites bimaculatus,-18.058333,118.216667
2345731,2345731,Neobythites bimaculatus,-18.058333,118.216667
2345731,2345731,Neobythites bimaculatus,-18.058333,118.216667
2345731,2345731,Neobythites bimaculatus,-18.058333,118.216667
2345731,2345731,Neobythites bimaculatus,-17.678333,119.03
2345731,2345731,Neobythites bimaculatus,-18.133333,118.216667
2345731,2345731,Neobythites bimaculatus,-18.08,118.13
2345731,2345731,Neobythites bimaculatus,-17.983334,118.28333
2345731,2345731,Neobythites bimaculatus,-18.1,117.75
2345731,2345731,Neobythites bimaculatus,-18.266666,118.2
2345731,2345731,Neobythites bimaculatus,-17.28333,119.95
2345731,2345731,Neobythites bimaculatus,-18.08333,118.1
2345731,2345731,Neobythites bimaculatus,-18.08333,118.16667
2345731,2345731,Neobythites bimaculatus,-18.13333,118.51667
2345731,2345731,Neobythites bimaculatus,-17.38333,118.86667
2345731,2345731,Neobythites bimaculatus,-17.95,118.283333
2345731,2345731,Neobythites bimaculatus,-16.316667,120.283333
2345731,2345731,Neobythites bimaculatus,-21.4545,113.9998
