requested_taxonKey,record_taxonKey,species_name,decimalLatitude,decimalLongitude
2345952,2345952,Hoplobrotula armata,-18.512167,117.691833
2345952,10129319,Hoplobrotula armata,-18.4167,117.7667
2345952,2345952,Hoplobrotula armata,-18.512167,117.691833
2345952,2345952,Hoplobrotula armata,-18.9725,116.393333
2345952,2345952,Hoplobrotula armata,-18.9725,116.393333
2345952,2345952,Hoplobrotula armata,-18.243333,118.186667
2345952,2345952,Hoplobrotula armata,-18.243333,118.186667
2345952,2345952,Hoplobrotula armata,-21.745,113.871667
2345952,2345952,Hoplobrotula armata,-21.745,113.871667
2345952,2345952,Hoplobrotula armata,-26.75,112.61
2345952,2345952,Hoplobrotula armata,-26.75,112.61
2345952,2345952,Hoplobrotula armata,-26.703333,112.64083
2345952,2345952,Hoplobrotula armata,-26.76916,112.60417
2345952,2345952,Hoplobrotula armata,-21.74333,113.87334
2345952,2345952,Hoplobrotula armata,-21.745,113.871667
2345952,2345952,Hoplobrotula armata,-26.75,112.61
2345952,2345952,Hoplobrotula armata,-26.75,112.61
2345952,2345952,Hoplobrotula armata,-21.745,113.871667
2345952,2345952,Hoplobrotula armata,-27.146667,112.746667
2345952,2345952,Hoplobrotula armata,-27.146667,112.746667
2345952,2345952,Hoplobrotula armata,-17.867,118.467
2345952,2345952,Hoplobrotula armata,-18.016667,118.25
2345952,2345952,Hoplobrotula armata,-18.016667,118.25
2345952,2345952,Hoplobrotula armata,-18.016667,118.25
2345952,2345952,Hoplobrotula armata,-18.016667,118.25
2345952,2345952,Hoplobrotula armata,-25.6,112.166667
2345952,2345952,Hoplobrotula armata,-25.6,112.166667
2345952,2345952,Hoplobrotula armata,-19.105,117.13167
2345952,2345952,Hoplobrotula armata,-17.617,118.667
2345952,2345952,Hoplobrotula armata,-34.383,151.367
2345952,2345952,Hoplobrotula armata,-29.833,153.683
2345952,2345952,Hoplobrotula armata,-33.517,152.033
2345952,2345952,Hoplobrotula armata,-29.85,153.683
2345952,2345952,Hoplobrotula armata,-29.883,153.7
2345952,2345952,Hoplobrotula armata,-29.9,153.683
2345952,2345952,Hoplobrotula armata,-29.91,153.68
2345952,2345952,Hoplobrotula armata,-17.433333,119.866667
2345952,2345952,Hoplobrotula armata,-28.067,153.967
2345952,2345952,Hoplobrotula armata,-28.1,153.933
2345952,2345952,Hoplobrotula armata,-17.433333,119.866667
2345952,2345952,Hoplobrotula armata,-29.8,153.717
2345952,2345952,Hoplobrotula armata,-29.783,153.717
2345952,2345952,Hoplobrotula armata,-29.583,153.8
2345952,2345952,Hoplobrotula armata,-34.35,151.417
2345952,2345952,Hoplobrotula armata,-29.883,153.7
2345952,2345952,Hoplobrotula armata,-18.3,118.13333
2345952,2345952,Hoplobrotula armata,-17.55,119.71667
