requested_taxonKey,record_taxonKey,species_name,decimalLatitude,decimalLongitude
2345940,2345940,Brotulotaenia crassa,-40.98,143.82
2345940,2345940,Brotulotaenia crassa,-40.98,143.82
2345940,2345940,Brotulotaenia crassa,-40.98,143.82
2345940,2345940,Brotulotaenia crassa,-40.98,143.82
2345940,2345940,Brotulotaenia crassa,-40.98,143.82
2345940,2345940,Brotulotaenia crassa,-40.98,143.82
2345940,2345940,Brotulotaenia crassa,-40.98,143.82
2345940,2345940,Brotulotaenia crassa,-40.98,143.82
2345940,2345940,Brotulotaenia crassa,-40.98,143.82
2345940,2345940,Brotulotaenia crassa,-40.98,143.82
2345940,2345940,Brotulotaenia crassa,-40.98,143.82
2345940,10194028,Brotulotaenia crassa,-40.983,143.817
2345940,10194028,Brotulotaenia crassa,-41.367,144.333
2345940,2345940,Brotulotaenia crassa,-33.9617,131.44
2345940,2345940,Brotulotaenia crassa,-41.8,144.433333
2345940,2345940,Brotulotaenia crassa,-41.8,144.433333
2345940,2345940,Brotulotaenia crassa,-41.883333,144.4
2345940,2345940,Brotulotaenia crassa,-41.883333,144.4
2345940,2345940,Brotulotaenia crassa,-39.85,143.83
2345940,2345940,Brotulotaenia crassa,-32.916668,153.03334
2345940,2345940,Brotulotaenia crassa,-32.92,153.03
