requested_taxonKey,record_taxonKey,species_name,decimalLatitude,decimalLongitude
2345567,2345567,Spectrunculus grandis,-35.715833,131.656333
2345567,2345567,Spectrunculus grandis,-35.715833,131.656333
2345567,2345567,Spectrunculus grandis,-35.7287,131.6815
2345567,2345567,Spectrunculus grandis,-35.7287,131.6815
2345567,2345567,Spectrunculus grandis,-35.715833,131.656333
2345567,2345567,Spectrunculus grandis,-35.715833,131.656333
2345567,2345567,Spectrunculus grandis,-36.355,150.644
2345567,2345567,Spectrunculus grandis,-36.355,150.644
2345567,2345567,Spectrunculus grandis,-32.968333,152.952
2345567,2345567,Spectrunculus grandis,-39.462,149.276
2345567,2345567,Spectrunculus grandis,-39.462,149.276
2345567,2345567,Spectrunculus grandis,-36.355,150.644
2345567,2345567,Spectrunculus grandis,-39.462,149.276
2345567,10511589,Spectrunculus grandis,-33.009,152.548
2345567,2345567,Spectrunculus grandis,-32.968333,152.952
2345567,2345567,Spectrunculus grandis,-36.355,150.644
2345567,2345567,Spectrunculus grandis,-28.6765,154.203
2345567,2345567,Spectrunculus grandis,-32.575,153.162
2345567,2345567,Spectrunculus grandis,-28.6765,154.203
2345567,2345567,Spectrunculus grandis,-32.575,153.162
2345567,2345567,Spectrunculus grandis,-32.575,153.162
2345567,2345567,Spectrunculus grandis,-32.575,153.162
2345567,2345567,Spectrunculus grandis,-28.6765,154.203
2345567,2345567,Spectrunculus grandis,-28.6765,154.203
2345567,2345567,Spectrunculus grandis,-35.165167,130.665
2345567,2345567,Spectrunculus grandis,-35.1684,130.65
2345567,2345567,Spectrunculus grandis,-35.165167,130.665
