requested_taxonKey,record_taxonKey,species_name,decimalLatitude,decimalLongitude
2345670,2345670,Brotula multibarbata,-12.1669,96.81712
2345670,2345670,Brotula multibarbata,-12.18167,96.86118
2345670,2345670,Brotula multibarbata,-12.19748,96.83409
2345670,2345670,Brotula multibarbata,-12.16638,96.90721
2345670,2345670,Brotula multibarbata,-20.2042,115.139
2345670,2345670,Brotula multibarbata,-20.2042,115.139
2345670,2345670,Brotula multibarbata,-20.2042,115.139
2345670,2345670,Brotula multibarbata,-29.375,153.77667
2345670,2345670,Brotula multibarbata,-29.4,153.767
2345670,2345670,Brotula multibarbata,-29.38,153.78
2345670,2345670,Brotula multibarbata,-19.603333,118.953333
2345670,2345670,Brotula multibarbata,-19.603333,118.953333
2345670,2345670,Brotula multibarbata,-10.5,105.666664
2345670,2345670,Brotula multibarbata,-33.733334,151.3
2345670,2345670,Brotula multibarbata,-21.08333,114.91667
2345670,2345670,Brotula multibarbata,-10.48333,105.66667
2345670,2345670,Brotula multibarbata,-10.48333,105.66667
2345670,2345670,Brotula multibarbata,-10.48333,105.66667
2345670,2345670,Brotula multibarbata,-17.93333,119.93333
2345670,2345670,Brotula multibarbata,-10.48333,105.66667
2345670,2345670,Brotula multibarbata,-17.3,119.316667
2345670,2345670,Brotula multibarbata,-10.45,105.65
2345670,2345670,Brotula multibarbata,-10.45,105.56667
2345670,2345670,Brotula multibarbata,-10.41667,105.66667
2345670,2345670,Brotula multibarbata,-10.45,105.65
2345670,2345670,Brotula multibarbata,-10.43333,105.66667
2345670,2345670,Brotula multibarbata,-11.83333,96.81667
2345670,2345670,Brotula multibarbata,-11.83333,96.81667
2345670,2345670,Brotula multibarbata,-12.18333,96.86667
2345670,2345670,Brotula multibarbata,-11.81667,96.81667
2345670,2345670,Brotula multibarbata,-22.837222,113.8
