requested_taxonKey,record_taxonKey,species_name,decimalLatitude,decimalLongitude
2346062,2346062,"Alionematichthys Møller & Schwarzhans, 2008",-20.46667,116.53333
2346062,2346076,Alionematichthys crassiceps,-20.46667,116.53333
2346062,2346071,Alionematichthys piger,-10.48333,105.66667
2346062,2346071,Alionematichthys piger,-17.96667,122.16667
2346062,2346071,Alionematichthys piger,-10.46667,105.7
2346062,2346062,"Alionematichthys Møller & Schwarzhans, 2008",-10.45,105.65
2346062,2346071,Alionematichthys piger,-10.46667,105.58333
2346062,2346062,"Alionematichthys Møller & Schwarzhans, 2008",-12.08333,96.85
2346062,2346076,Alionematichthys crassiceps,-16.433333,123.35
2346062,2346062,"Alionematichthys Møller & Schwarzhans, 2008",-16.266667,123.5
2346062,2346077,Alionematichthys riukiuensis,-17.43333,122.16667
