requested_taxonKey,record_taxonKey,species_name,decimalLatitude,decimalLongitude
2346933,2346933,Echiostoma barbatum,-20.848331,112.853868
2346933,2346933,Echiostoma barbatum,-20.848331,112.853868
2346933,2346933,Echiostoma barbatum,-35.384445,151.34889
2346933,2346933,Echiostoma barbatum,-35.384445,151.34889
2346933,2346933,Echiostoma barbatum,-19.5875,113.342667
2346933,2346933,Echiostoma barbatum,-19.5875,113.342667
2346933,2346933,Echiostoma barbatum,-25.868333,111.453333
2346933,2346933,Echiostoma barbatum,-25.868333,111.453333
2346933,2346933,Echiostoma barbatum,-32.85,152.81667
2346933,2346933,Echiostoma barbatum,-18.133333,116.71667
2346933,2346933,Echiostoma barbatum,-33.34167,153.1
2346933,2346933,Echiostoma barbatum,-33.475,152.19167
2346933,2346933,Echiostoma barbatum,-33.266666,153.14166
2346933,2346933,Echiostoma barbatum,-33.266666,153.14166
2346933,2346933,Echiostoma barbatum,-33.15,153.08333
2346933,2346933,Echiostoma barbatum,-32.916668,152.95
2346933,2346933,Echiostoma barbatum,-33.583332,152.11667
2346933,2346933,Echiostoma barbatum,-34.25,151.96666
2346933,2346933,Echiostoma barbatum,-34.38,151.92
2346933,2346933,Echiostoma barbatum,-34.458332,151.48334
2346933,2346933,Echiostoma barbatum,-35.35,131.7833
2346933,2346933,Echiostoma barbatum,-38.3833,137.7167
2346933,2346933,Echiostoma barbatum,-26,110
2346933,2346933,Echiostoma barbatum,-35,114.716667
