requested_taxonKey,record_taxonKey,species_name,decimalLatitude,decimalLongitude
2346487,2346487,Pyramodon punctatus,-17.0183,119.591
2346487,2346487,Pyramodon punctatus,-31.745,114.995
2346487,2346487,Pyramodon punctatus,-31.2833,114.877
2346487,2346487,Pyramodon punctatus,-34.308334,151.44167
2346487,2346487,Pyramodon punctatus,-34.3,151.45
2346487,2346487,Pyramodon punctatus,-33.683334,151.95
2346487,2346487,Pyramodon punctatus,-33.683,151.95
2346487,2346487,Pyramodon punctatus,-33.567,152.05
2346487,2346487,Pyramodon punctatus,-33.291668,153.08333
2346487,2346487,Pyramodon punctatus,-28.035,154.06833
2346487,2346487,Pyramodon punctatus,-27.933,154.05
2346487,2346487,Pyramodon punctatus,-28.05,154.067
2346487,2346487,Pyramodon punctatus,-33.7,151.883
2346487,2346487,Pyramodon punctatus,-33.69,151.89
2346487,2346487,Pyramodon punctatus,-29.383333,153.825
2346487,2346487,Pyramodon punctatus,-31.874722,115.219444
