requested_taxonKey,record_taxonKey,species_name,decimalLatitude,decimalLongitude
2346169,2346169,Brosmophyciops pautzkei,-32.714488,152.151356
2346169,2346169,Brosmophyciops pautzkei,-33.84722,151.2714
2346169,2346169,Brosmophyciops pautzkei,-11.816667,96.816666
2346169,2346169,Brosmophyciops pautzkei,-21.68333,114.33333
2346169,2346169,Brosmophyciops pautzkei,-10.48333,105.66667
2346169,2346169,Brosmophyciops pautzkei,-10.483333,105.666667
2346169,2346169,Brosmophyciops pautzkei,-10.48333,105.66667
2346169,2346169,Brosmophyciops pautzkei,-17.25,119.33333
2346169,2346169,Brosmophyciops pautzkei,-10.43333,105.66667
2346169,2346169,Brosmophyciops pautzkei,-12.08333,96.88333
