requested_taxonKey,record_taxonKey,species_name,decimalLatitude,decimalLongitude
2346808,2346808,Ichthyococcus ovatus,-24.46578,109.99983
2346808,2346808,Ichthyococcus ovatus,-22.94838,110.00007
2346808,2346808,Ichthyococcus ovatus,-23.01534,110.01863
2346808,2346808,Ichthyococcus ovatus,-26.06298,110.00674
2346808,2346808,Ichthyococcus ovatus,-20.03994,110.09998
2346808,2346808,Ichthyococcus ovatus,-22.97203,109.99987
2346808,2346808,Ichthyococcus ovatus,-27.52037,110.0473
2346808,2346808,Ichthyococcus ovatus,-24.49228,110.00034
2346808,2346808,Ichthyococcus ovatus,-26.0348,109.99607
2346808,2346808,Ichthyococcus ovatus,-35.20083,152.03306
2346808,2346808,Ichthyococcus ovatus,-35.0047,151.162
2346808,2346808,Ichthyococcus ovatus,-34.12,151.9
2346808,2346808,Ichthyococcus ovatus,-33.78,151.8
2346808,2346808,Ichthyococcus ovatus,-34.28,151.58
2346808,2346808,Ichthyococcus ovatus,-35.7019,135.0847
2346808,2346808,Ichthyococcus ovatus,-33.016666,153.01666
2346808,2346808,Ichthyococcus ovatus,-33.291668,153.08333
2346808,2346808,Ichthyococcus ovatus,-33.291668,153.08333
2346808,2346808,Ichthyococcus ovatus,-32.983334,153.03334
2346808,2346808,Ichthyococcus ovatus,-33.2,152.78334
2346808,2346808,Ichthyococcus ovatus,-35.625,150.925
2346808,2346808,Ichthyococcus ovatus,-34.183334,152.05
2346808,2346808,Ichthyococcus ovatus,-33.383335,152.55
2346808,2346808,Ichthyococcus ovatus,-33.35,152.44167
2346808,2346808,Ichthyococcus ovatus,-33.366665,152.525
2346808,2346808,Ichthyococcus ovatus,-34.183334,152.16667
2346808,2346808,Ichthyococcus ovatus,-34.083332,152.25
