requested_taxonKey,record_taxonKey,species_name,decimalLatitude,decimalLongitude
2346772,2346772,Polymetme corythaeola,-22.374408,113.628927
2346772,2346772,Polymetme corythaeola,-22.374408,113.628927
2346772,2346772,Polymetme corythaeola,-21.721115,113.858302
2346772,2346772,Polymetme corythaeola,-21.721115,113.858302
2346772,10159355,Polymetme corythaeola,-10.43,105.547165
2346772,2346772,Polymetme corythaeola,-29.009833,113.713
2346772,2346772,Polymetme corythaeola,-27.1335,112.751
2346772,2346772,Polymetme corythaeola,-29.009833,113.713
2346772,2346772,Polymetme corythaeola,-27.1335,112.751
2346772,2346772,Polymetme corythaeola,-14.751333,95.400833
2346772,2346772,Polymetme corythaeola,-14.751333,95.400833
2346772,2346772,Polymetme corythaeola,-14.751333,95.400833
2346772,2346772,Polymetme corythaeola,-14.751333,95.400833
2346772,2346772,Polymetme corythaeola,-18.883333,115.983333
2346772,2346772,Polymetme corythaeola,-18.883333,115.983333
2346772,2346772,Polymetme corythaeola,-18.883333,115.983333
2346772,2346772,Polymetme corythaeola,-18.883333,115.983333
2346772,2346772,Polymetme corythaeola,-22.979166,113.23917
2346772,2346772,Polymetme corythaeola,-22.97916,113.23917
2346772,2346772,Polymetme corythaeola,-26.2275,112.04667
2346772,2346772,Polymetme corythaeola,-25.69667,111.51
2346772,2346772,Polymetme corythaeola,-25.3025,111.94
2346772,2346772,Polymetme corythaeola,-26.69416,112.55167
2346772,2346772,Polymetme corythaeola,-26.96,112.36417
2346772,2346772,Polymetme corythaeola,-30.26583,114.49917
2346772,2346772,Polymetme corythaeola,-29.98833,114.44667
2346772,2346772,Polymetme corythaeola,-31.89417,115.08584
2346772,2346772,Polymetme corythaeola,-31.26583,114.87417
2346772,2346772,Polymetme corythaeola,-27.275,112.7475
2346772,2346772,Polymetme corythaeola,-29.25,113.866667
2346772,2346772,Polymetme corythaeola,-29.25,113.866667
2346772,2346772,Polymetme corythaeola,-28.19,113.263333
2346772,2346772,Polymetme corythaeola,-28.19,113.263333
2346772,2346772,Polymetme corythaeola,-33.886665,152.37416
2346772,2346772,Polymetme corythaeola,-28.216667,113.116667
2346772,2346772,Polymetme corythaeola,-29.716667,114.3
2346772,2346772,Polymetme corythaeola,-28.216667,113.116667
2346772,2346772,Polymetme corythaeola,-29.716667,114.3
2346772,2346772,Polymetme corythaeola,-28.216667,113.116667
2346772,2346772,Polymetme corythaeola,-28.216667,113.116667
2346772,2346772,Polymetme corythaeola,-20.638333,114.705
2346772,2346772,Polymetme corythaeola,-20.638333,114.705
2346772,2346772,Polymetme corythaeola,-34.6,151.25
2346772,2346772,Polymetme corythaeola,-34.6,151.25
2346772,2346772,Polymetme corythaeola,-34.266666,151.44167
2346772,2346772,Polymetme corythaeola,-32.35,152.975
2346772,2346772,Polymetme corythaeola,-17.533,118.8
2346772,2346772,Polymetme corythaeola,-17.85,118.483
2346772,2346772,Polymetme corythaeola,-17.867,118.467
2346772,2346772,Polymetme corythaeola,-17.683,118.617
2346772,2346772,Polymetme corythaeola,-38.2433,149.37
2346772,2346772,Polymetme corythaeola,-38.2433,149.37
2346772,2346772,Polymetme corythaeola,-38.26666,149.26667
2346772,2346772,Polymetme corythaeola,-38.1667,149.877
2346772,2346772,Polymetme corythaeola,-33.72,151.87
2346772,2346772,Polymetme corythaeola,-18.1,117.75
2346772,2346772,Polymetme corythaeola,-18.66667,117.2
2346772,2346772,Polymetme corythaeola,-18.6,117.15
2346772,2346772,Polymetme corythaeola,-18.41666,117.575
2346772,2346772,Polymetme corythaeola,-18.575,116.99167
2346772,2346772,Polymetme corythaeola,-18.53333,117.33334
2346772,2346772,Polymetme corythaeola,-18.75,116.5
2346772,2346772,Polymetme corythaeola,-18.68333,116.95
2346772,2346772,Polymetme corythaeola,-17.81666,118.48334
2346772,2346772,Polymetme corythaeola,-18.675,116.75834
2346772,2346772,Polymetme corythaeola,-33.33333,128.275
2346772,2346772,Polymetme corythaeola,-33.40833,129.55833
2346772,2346772,Polymetme corythaeola,-33.73333,151.83333
2346772,2346772,Polymetme corythaeola,-34.685,151.205
2346772,2346772,Polymetme corythaeola,-34.383335,124.21667
2346772,2346772,Polymetme corythaeola,-34.383335,124.21667
2346772,2346772,Polymetme corythaeola,-33.391666,152.11667
2346772,2346772,Polymetme corythaeola,-37.15,150.35
2346772,2346772,Polymetme corythaeola,-37.05,150.35
2346772,2346772,Polymetme corythaeola,-37.25,150.35
2346772,2346772,Polymetme corythaeola,-37.15,150.35
2346772,2346772,Polymetme corythaeola,-37.15,150.35
2346772,2346772,Polymetme corythaeola,-37.25,150.35
2346772,2346772,Polymetme corythaeola,-37.05,150.35
2346772,2346772,Polymetme corythaeola,-37.15,150.35
2346772,2346772,Polymetme corythaeola,-35.691666,150.675
2346772,2346772,Polymetme corythaeola,-33.066666,152.475
2346772,2346772,Polymetme corythaeola,-32.533333,152.88333
2346772,2346772,Polymetme corythaeola,-32.116665,153.05
2346772,2346772,Polymetme corythaeola,-34.425,151.2
2346772,2346772,Polymetme corythaeola,-33.633335,151.94167
2346772,2346772,Polymetme corythaeola,-33.658333,151.95833
2346772,2346772,Polymetme corythaeola,-33.825,151.78334
2346772,2346772,Polymetme corythaeola,-34.083332,152.25
2346772,2346772,Polymetme corythaeola,-32.866665,152.65
2346772,2346772,Polymetme corythaeola,-33.75,151.81667
2346772,2346772,Polymetme corythaeola,-34.983334,151.11667
2346772,2346772,Polymetme corythaeola,-25.08333,112.05
2346772,2346772,Polymetme corythaeola,-18.13333,118.51667
2346772,2346772,Polymetme corythaeola,-17.85,118.41667
2346772,2346772,Polymetme corythaeola,-18.15,118.05
2346772,2346772,Polymetme corythaeola,-24.666667,112.166667
2346772,2346772,Polymetme corythaeola,-31.266667,114.833333
2346772,2346772,Polymetme corythaeola,-31.874722,115.219444
