requested_taxonKey,record_taxonKey,species_name,decimalLatitude,decimalLongitude
2346768,2347494,Maurolicus australis,-38.877667,148.504833
2346768,2347494,Maurolicus australis,-38.877667,148.504833
2346768,2347494,Maurolicus australis,-39.044339,148.5885
2346768,2347494,Maurolicus australis,-39.29805,148.65133
2346768,2347494,Maurolicus australis,-39.044339,148.5885
2346768,2347494,Maurolicus australis,-39.29805,148.65133
2346768,2347494,Maurolicus australis,-39.293888,148.65639
2346768,2347494,Maurolicus australis,-35.157833,134.101333
2346768,10354409,BOLD:AAB8655,-35.1578,134.101
2346768,2347494,Maurolicus australis,-35.157833,134.101333
2346768,2347494,Maurolicus australis,-37.63222,139.52417
2346768,2347494,Maurolicus australis,-36.45431,136.45111
2346768,2346768,"Maurolicus Cocco, 1838",-43,147
2346768,2347494,Maurolicus australis,-41.85,144.61
2346768,2347494,Maurolicus australis,-41.85,144.61
2346768,2347494,Maurolicus australis,-41.85,144.61
2346768,2347494,Maurolicus australis,-41.85,144.61
2346768,2347494,Maurolicus australis,-41.85,144.61
2346768,2347494,Maurolicus australis,-41.85,144.61
2346768,2347494,Maurolicus australis,-41.85,144.61
2346768,2347494,Maurolicus australis,-41.85,144.61
2346768,2347494,Maurolicus australis,-41.85,144.61
2346768,2347494,Maurolicus australis,-41.85,144.61
2346768,2347494,Maurolicus australis,-41.85,144.61
2346768,2347494,Maurolicus australis,-41.85,144.61
2346768,2347494,Maurolicus australis,-41.85,144.61
2346768,2347494,Maurolicus australis,-41.85,144.61
2346768,2347494,Maurolicus australis,-41.85,144.61
2346768,2347494,Maurolicus australis,-41.85,144.61
2346768,2347494,Maurolicus australis,-41.85,144.6
2346768,2347494,Maurolicus australis,-41.85,144.6
2346768,2347494,Maurolicus australis,-41.85,144.6
2346768,2347494,Maurolicus australis,-41.85,144.6
2346768,2347494,Maurolicus australis,-41.85,144.6
2346768,2347494,Maurolicus australis,-41.85,144.6
2346768,2347494,Maurolicus australis,-36.49083,150.30083
2346768,2347494,Maurolicus australis,-36.92333,150.3125
2346768,2347494,Maurolicus australis,-38.57,148.38667
2346768,2347494,Maurolicus australis,-37.41833,150.29
2346768,2347494,Maurolicus australis,-36.85667,150.29834
2346768,2347494,Maurolicus australis,-38.19167,149.26167
2346768,2347494,Maurolicus australis,-38.19333,149.26833
2346768,2347494,Maurolicus australis,-34.58,151.27
2346768,2347494,Maurolicus australis,-34.266666,151.44167
2346768,2347494,Maurolicus australis,-31.866667,153.15834
2346768,2347494,Maurolicus australis,-32.35,152.975
2346768,2347494,Maurolicus australis,-34.28,151.58
2346768,2347494,Maurolicus australis,-35.7019,135.0847
2346768,2347494,Maurolicus australis,-33.366667,130.316667
2346768,2347494,Maurolicus australis,-35.35,131.783333
2346768,2347494,Maurolicus australis,-35.35,131.783333
2346768,2347494,Maurolicus australis,-33.366667,130.316667
2346768,2347494,Maurolicus australis,-33.4,130.65
2346768,2347494,Maurolicus australis,-33.4,130.65
2346768,2347494,Maurolicus australis,-35.241665,150.94167
2346768,2347494,Maurolicus australis,-37.725,150.14166
2346768,2347494,Maurolicus australis,-34.25833,124.43334
2346768,2347494,Maurolicus australis,-34.25833,124.425
2346768,2347494,Maurolicus australis,-34.25833,124.45
2346768,2347494,Maurolicus australis,-34.383335,124.21667
2346768,2347494,Maurolicus australis,-34.383335,124.21667
2346768,2347494,Maurolicus australis,-33.61666,152.56667
2346768,2347494,Maurolicus australis,-33.28333,152.58334
2346768,2347494,Maurolicus australis,-33.1,152.66667
2346768,2347494,Maurolicus australis,-33.24166,152.63333
2346768,2347494,Maurolicus australis,-33.3,152.275
2346768,2347494,Maurolicus australis,-33.09166,152.68333
2346768,2347494,Maurolicus australis,-33.20833,152.575
2346768,2347494,Maurolicus australis,-33.24166,152.60834
2346768,2347494,Maurolicus australis,-33.28333,152.275
2346768,2347494,Maurolicus australis,-33.2,152.39167
2346768,2347494,Maurolicus australis,-33.46667,152.225
2346768,2347494,Maurolicus australis,-33.575,152.05834
2346768,2347494,Maurolicus australis,-33.975,152.15
2346768,2347494,Maurolicus australis,-33.50833,152.325
2346768,2347494,Maurolicus australis,-35.95,150.55
2346768,2347494,Maurolicus australis,-35.95,150.55
2346768,2347494,Maurolicus australis,-38.25,149.05
2346768,2347494,Maurolicus australis,-37.85,150.15
2346768,2347494,Maurolicus australis,-37.85,150.15
2346768,2347494,Maurolicus australis,-38.25,149.05
2346768,2347494,Maurolicus australis,-34.25,151.45
2346768,2347494,Maurolicus australis,-34.25,151.45
2346768,2347494,Maurolicus australis,-35.625,150.925
2346768,2347494,Maurolicus australis,-35.35,150.81667
2346768,2347494,Maurolicus australis,-35.466667,150.78334
2346768,2347494,Maurolicus australis,-33.55,152.3
2346768,2347494,Maurolicus australis,-33.45,152.5
2346768,2347494,Maurolicus australis,-33.45,152.5
2346768,2347494,Maurolicus australis,-38.45,149.45
2346768,2347494,Maurolicus australis,-38.45,149.45
2346768,2347494,Maurolicus australis,-36.05,150.35
2346768,2347494,Maurolicus australis,-36.05,150.35
2346768,2347494,Maurolicus australis,-36.15,150.375
2346768,2347494,Maurolicus australis,-34.216667,151.38333
2346768,2347501,Maurolicus muelleri,-34.22,151.08
2346768,2347494,Maurolicus australis,-33.833332,151.6
2346768,2347494,Maurolicus australis,-34.425,151.2
2346768,2347501,Maurolicus muelleri,-33.41819,130.00042
2346768,2347501,Maurolicus muelleri,-33.36806,127.58445
2346768,2347501,Maurolicus muelleri,-33.55833,131.08334
2346768,2347501,Maurolicus muelleri,-33.41667,128.1682
2346768,2347501,Maurolicus muelleri,-33.55903,130.89167
2346768,2347501,Maurolicus muelleri,-33.55903,130.89167
2346768,2347501,Maurolicus muelleri,-33.55903,130.89167
2346768,2347501,Maurolicus muelleri,-33.55903,130.89167
2346768,2347501,Maurolicus muelleri,-33.55903,130.89167
2346768,2347501,Maurolicus muelleri,-33.48333,129.60834
2346768,2347501,Maurolicus muelleri,-33.48333,129.60834
2346768,2347501,Maurolicus muelleri,-33.55903,130.89167
2346768,2347501,Maurolicus muelleri,-33.55903,130.89167
2346768,2347501,Maurolicus muelleri,-33.48333,129.60834
2346768,2347501,Maurolicus muelleri,-33.48333,129.60834
2346768,2347501,Maurolicus muelleri,-33.48333,129.60834
2346768,2347501,Maurolicus muelleri,-33.56666,131.74167
2346768,2347494,Maurolicus australis,-38.7,149.383333
2346768,2347494,Maurolicus australis,-38.7,149.383333
2346768,2347494,Maurolicus australis,-32,115.15
2346768,2347494,Maurolicus australis,-32,115.15
2346768,2347494,Maurolicus australis,-23.08333,113.18333
2346768,2347494,Maurolicus australis,-23.08333,113.18333
2346768,2347494,Maurolicus australis,-27.98333,112.96667
2346768,2347494,Maurolicus australis,-32,115.16667
2346768,2347500,Maurolicus javanicus,-21.83333,113.76667
2346768,2347500,Maurolicus javanicus,-24.06667,112.55
2346768,2347494,Maurolicus australis,-32,115
2346768,2347494,Maurolicus australis,-32,115.15
2346768,2347494,Maurolicus australis,-32,115.15
2346768,2347500,Maurolicus javanicus,-31.874722,115.219444
2346768,2347500,Maurolicus javanicus,-32.126944,115.223611
2346768,2347500,Maurolicus javanicus,-32.163611,115.264444
2346768,2347500,Maurolicus javanicus,-31.926944,115.196111
2346768,2347500,Maurolicus javanicus,-10.06667,97.91667
