requested_taxonKey,record_taxonKey,species_name,decimalLatitude,decimalLongitude
2346011,2346011,Lamprogrammus niger,-22.368333,113.5347
2346011,2346011,Lamprogrammus niger,-20.848331,112.853868
2346011,2346011,Lamprogrammus niger,-22.368333,113.5347
2346011,2346011,Lamprogrammus niger,-22.368333,113.5347
2346011,2346011,Lamprogrammus niger,-22.368333,113.5347
2346011,2346011,Lamprogrammus niger,-20.848331,112.853868
2346011,2346011,Lamprogrammus niger,-22.368333,113.5347
2346011,2346011,Lamprogrammus niger,-22.368333,113.5347
2346011,2346011,Lamprogrammus niger,-24.017444,111.963586
2346011,2346011,Lamprogrammus niger,-24.017444,111.963586
2346011,10322995,Lamprogrammus niger,-10.4365,105.58767
2346011,2346011,Lamprogrammus niger,-19.5875,113.342667
2346011,2346011,Lamprogrammus niger,-19.5875,113.342667
2346011,2346011,Lamprogrammus niger,-19.7135,113.233
2346011,2346011,Lamprogrammus niger,-19.5875,113.342667
2346011,2346011,Lamprogrammus niger,-19.5875,113.342667
2346011,2346011,Lamprogrammus niger,-19.7135,113.233
2346011,2346011,Lamprogrammus niger,-11.701,103.683667
2346011,2346011,Lamprogrammus niger,-11.9675,101.083333
2346011,2346011,Lamprogrammus niger,-11.701,103.683667
2346011,2346011,Lamprogrammus niger,-11.9675,101.083333
2346011,2346011,Lamprogrammus niger,-11.701,103.683667
2346011,2346011,Lamprogrammus niger,-11.9675,101.083333
2346011,2346011,Lamprogrammus niger,-11.701,103.683667
2346011,2346011,Lamprogrammus niger,-11.9675,101.083333
2346011,2346011,Lamprogrammus niger,-11.701,103.683667
2346011,2346011,Lamprogrammus niger,-11.9675,101.083333
2346011,2346011,Lamprogrammus niger,-11.701,103.683667
2346011,2346011,Lamprogrammus niger,-11.9675,101.083333
2346011,2346011,Lamprogrammus niger,-33.8,129.6
2346011,2346011,Lamprogrammus niger,-33.8,129.6
2346011,2346011,Lamprogrammus niger,-20.13,112.92833
2346011,2346011,Lamprogrammus niger,-20.13,112.918333
2346011,2346011,Lamprogrammus niger,-20.13,112.918333
2346011,2346011,Lamprogrammus niger,-20.13,112.918333
2346011,2346011,Lamprogrammus niger,-20.13,112.918333
2346011,2346011,Lamprogrammus niger,-20.13,112.918333
2346011,2346011,Lamprogrammus niger,-20.13,112.918333
2346011,2346011,Lamprogrammus niger,-20.13,112.918333
2346011,2346011,Lamprogrammus niger,-20.13,112.918333
2346011,2346011,Lamprogrammus niger,-20.13,112.918333
2346011,2346011,Lamprogrammus niger,-20.13,112.918333
2346011,2346011,Lamprogrammus niger,-20.13,112.918333
2346011,2346011,Lamprogrammus niger,-20.13,112.918333
