requested_taxonKey,record_taxonKey,species_name,decimalLatitude,decimalLongitude
2346114,2346114,Diancistrus jeffjohnsoni,-24.483333,113.416667
2346114,2346114,Diancistrus jeffjohnsoni,-24.483333,113.416667
2346114,2346114,Diancistrus jeffjohnsoni,-24.48333,113.41667
2346114,2346114,Diancistrus jeffjohnsoni,-24.48333,113.41667
2346114,2346114,Diancistrus jeffjohnsoni,-20.43333,115.58333
2346114,2346114,Diancistrus jeffjohnsoni,-16.316667,123.316667
2346114,2346114,Diancistrus jeffjohnsoni,-16.85,122.66667
2346114,2346114,Diancistrus jeffjohnsoni,-17.43333,122.16667
