requested_taxonKey,record_taxonKey,species_name,decimalLatitude,decimalLongitude
2346956,2346956,"Bathophilus Giglioli, 1882",-27.52653,110.05784
2346956,2346956,"Bathophilus Giglioli, 1882",-35.308334,151.36667
2346956,5203173,Bathophilus abarbatus,-35.31722,151.70583
2346956,5203173,Bathophilus abarbatus,-35.31806,151.81139
2346956,5203173,Bathophilus abarbatus,-35.31806,151.81139
2346956,2346956,"Bathophilus Giglioli, 1882",-35.181168,130.688
2346956,5203174,Bathophilus ater,-35.170833,130.687
2346956,5203174,Bathophilus ater,-35.170833,130.687
2346956,2346956,"Bathophilus Giglioli, 1882",-35.15783,134.10133
2346956,5203174,Bathophilus ater,-35.157833,134.101333
2346956,5203174,Bathophilus ater,-35.157833,134.101333
2346956,5203173,Bathophilus abarbatus,-35.5,150.89166
2346956,2346956,"Bathophilus Giglioli, 1882",-39.3167,148.809
2346956,2346956,"Bathophilus Giglioli, 1882",-35.0717,151.21
2346956,5203173,Bathophilus abarbatus,-34.958332,151.21666
2346956,5203173,Bathophilus abarbatus,-33.716667,152.025
2346956,5203174,Bathophilus ater,-33.733333,129.6
2346956,5203174,Bathophilus ater,-33.733333,129.6
2346956,5203167,Bathophilus pawneei,-37.116667,150.383333
2346956,5203173,Bathophilus abarbatus,-36.88,150.28
2346956,5203166,Bathophilus longipinnis,-36.93,150.37
2346956,5203167,Bathophilus pawneei,-32.12,153.1
2346956,5203167,Bathophilus pawneei,-33.85,151.82
2346956,5203167,Bathophilus pawneei,-37.116667,150.383333
2346956,5203154,Bathophilus indicus,-18.666666,116.73333
2346956,5203154,Bathophilus indicus,-18.666666,116.7
2346956,2346956,"Bathophilus Giglioli, 1882",-18.75,116.5
2346956,5203173,Bathophilus abarbatus,-33.475,152.19167
2346956,5203167,Bathophilus pawneei,-33.475,152.19167
2346956,5203173,Bathophilus abarbatus,-33.266666,153.14166
2346956,5203166,Bathophilus longipinnis,-33.066666,153.13333
2346956,5203173,Bathophilus abarbatus,-33.2,152.78334
2346956,5203166,Bathophilus longipinnis,-32.983334,153.03334
2346956,5203173,Bathophilus abarbatus,-33.266666,153.14166
2346956,5203174,Bathophilus ater,-38.5,141.6
2346956,5203173,Bathophilus abarbatus,-34.391666,151.65
2346956,5203166,Bathophilus longipinnis,-35.625,150.925
2346956,5203167,Bathophilus pawneei,-33.575,152.35
2346956,5203167,Bathophilus pawneei,-33.35,152.63333
2346956,5203173,Bathophilus abarbatus,-34.15,152.01666
2346956,5203173,Bathophilus abarbatus,-34.375,151.91667
2346956,5203167,Bathophilus pawneei,-34.458332,151.48334
2346956,5203167,Bathophilus pawneei,-34.166668,151.98334
2346956,5203174,Bathophilus ater,-36.102,116.95
2346956,5203174,Bathophilus ater,-34.575,127.15
2346956,5203157,Bathophilus digitatus,-34.8,123.433
2346956,5203154,Bathophilus indicus,-8,99.033333
2346956,5203154,Bathophilus indicus,-12.083333,96.75
2346956,5203154,Bathophilus indicus,-12.083333,96.75
2346956,5203154,Bathophilus indicus,-12.083333,96.75
2346956,5203154,Bathophilus indicus,-12.083333,96.75
2346956,2346956,"Bathophilus Giglioli, 1882",-9.983333,97.933333
2346956,5203167,Bathophilus pawneei,-12.083333,96.75
2346956,5203174,Bathophilus ater,-35.6833,133.05
2346956,5203171,Bathophilus nigerrimus,-32,115.5
2346956,2346956,"Bathophilus Giglioli, 1882",-32,110.2
