requested_taxonKey,record_taxonKey,species_name,decimalLatitude,decimalLongitude
2346804,2346804,Phosichthys argenteus,-39.0805,148.666667
2346804,2346804,Phosichthys argenteus,-39.0805,148.666667
2346804,2346804,Phosichthys argenteus,-39.0805,148.666667
2346804,2346804,Phosichthys argenteus,-39.0805,148.666667
2346804,2346804,Phosichthys argenteus,-22.351616,113.220259
2346804,2346804,Phosichthys argenteus,-22.351616,113.220259
2346804,2346804,Phosichthys argenteus,-35.19139,151.94417
2346804,2346804,Phosichthys argenteus,-35.55111,151.76361
2346804,2346804,Phosichthys argenteus,-35.55111,151.76361
2346804,2346804,Phosichthys argenteus,-35.3,151.7275
2346804,2346804,Phosichthys argenteus,-35.3,151.7275
2346804,2346804,Phosichthys argenteus,-34.674333,132.479333
2346804,2346804,Phosichthys argenteus,-34.6673,132.467
2346804,2346804,Phosichthys argenteus,-34.674333,132.479333
2346804,2346804,Phosichthys argenteus,-35.16745,134.109
2346804,2346804,Phosichthys argenteus,-36.50722,136.40861
2346804,2346804,Phosichthys argenteus,-36.50722,136.40861
2346804,2346804,Phosichthys argenteus,-36.50722,136.40861
2346804,2346804,Phosichthys argenteus,-41.33332,148.23333
2346804,2346804,Phosichthys argenteus,-41.33332,148.23333
2346804,2346804,Phosichthys argenteus,-35.4285,118.364
2346804,2346804,Phosichthys argenteus,-35.4285,118.364
2346804,9858296,Phosichthys argenteus,-35.429,118.364
2346804,2346804,Phosichthys argenteus,-37.45283,149.99433
2346804,2346804,Phosichthys argenteus,-37.066666,149.91667
2346804,2346804,Phosichthys argenteus,-24.485834,111.8525
2346804,2346804,Phosichthys argenteus,-21.993334,113.145
2346804,2346804,Phosichthys argenteus,-27.355833,112.17667
2346804,2346804,Phosichthys argenteus,-27.533333,112.21167
2346804,2346804,Phosichthys argenteus,-37.275,138.56667
2346804,2346804,Phosichthys argenteus,-36.96667,137.40833
2346804,2346804,Phosichthys argenteus,-37.25833,138.275
2346804,2346804,Phosichthys argenteus,-36.875,137.24167
2346804,2346804,Phosichthys argenteus,-37.45833,138.91667
2346804,2346804,Phosichthys argenteus,-37.3,138.56667
2346804,2346804,Phosichthys argenteus,-37.25,138.45
2346804,2346804,Phosichthys argenteus,-37.29166,138.85
2346804,2346804,Phosichthys argenteus,-36.94166,137.38334
2346804,2346804,Phosichthys argenteus,-37.325,138.65
2346804,2346804,Phosichthys argenteus,-37.14166,138.075
2346804,2346804,Phosichthys argenteus,-36.98333,137.475
2346804,2346804,Phosichthys argenteus,-37.3,138.76667
2346804,2346804,Phosichthys argenteus,-37.25,138.34167
2346804,2346804,Phosichthys argenteus,-36.86666,137.2
2346804,2346804,Phosichthys argenteus,-37.35833,138.83334
2346804,2346804,Phosichthys argenteus,-37.25,138.40833
2346804,2346804,Phosichthys argenteus,-37.34166,138.54167
2346804,2346804,Phosichthys argenteus,-37.69166,139.125
2346804,2346804,Phosichthys argenteus,-37.73333,139.275
2346804,2346804,Phosichthys argenteus,-38.10833,140.05
2346804,2346804,Phosichthys argenteus,-37.70833,139.30834
2346804,2346804,Phosichthys argenteus,-38.29166,140.34167
2346804,2346804,Phosichthys argenteus,-37.675,139.31667
2346804,2346804,Phosichthys argenteus,-37.65833,139.025
2346804,2346804,Phosichthys argenteus,-37.89166,139.75
2346804,2346804,Phosichthys argenteus,-37.55833,138.96667
2346804,2346804,Phosichthys argenteus,-37.68333,139.31667
2346804,2346804,Phosichthys argenteus,-37.84166,139.53334
2346804,2346804,Phosichthys argenteus,-37.79166,139.59167
2346804,2346804,Phosichthys argenteus,-37.56666,138.94167
2346804,2346804,Phosichthys argenteus,-37.51666,138.99167
2346804,2346804,Phosichthys argenteus,-37.64166,139.13334
2346804,2346804,Phosichthys argenteus,-40.35833,143.26667
2346804,2346804,Phosichthys argenteus,-40.98333,143.74167
2346804,2346804,Phosichthys argenteus,-40.53333,143.30834
2346804,2346804,Phosichthys argenteus,-41.48333,144.26667
2346804,2346804,Phosichthys argenteus,-42.08333,144.58333
2346804,2346804,Phosichthys argenteus,-41.76666,144.425
2346804,2346804,Phosichthys argenteus,-41.8,144.425
2346804,2346804,Phosichthys argenteus,-38.875,141.98334
2346804,2346804,Phosichthys argenteus,-38.85,141.66667
2346804,2346804,Phosichthys argenteus,-41.65833,144.34167
2346804,2346804,Phosichthys argenteus,-41.51666,144.30834
2346804,2346804,Phosichthys argenteus,-39.30833,142.65
2346804,2346804,Phosichthys argenteus,-41.06666,143.8
2346804,2346804,Phosichthys argenteus,-42.43333,144.71667
2346804,2346804,Phosichthys argenteus,-39.03333,142.31667
2346804,2346804,Phosichthys argenteus,-41.94166,144.525
2346804,2346804,Phosichthys argenteus,-38.925,142.04167
2346804,2346804,Phosichthys argenteus,-41.3,144
2346804,2346804,Phosichthys argenteus,-38.84166,141.50834
2346804,2346804,Phosichthys argenteus,-42.70833,144.83333
2346804,2346804,Phosichthys argenteus,-38.725,141.23334
2346804,2346804,Phosichthys argenteus,-38.9,141.94167
2346804,2346804,Phosichthys argenteus,-41.66666,144.33333
2346804,2346804,Phosichthys argenteus,-42.83333,144.84167
2346804,2346804,Phosichthys argenteus,-40.28333,143.28333
2346804,2346804,Phosichthys argenteus,-39.26666,148.825
2346804,2346804,Phosichthys argenteus,-33.47,130.58
2346804,2346804,Phosichthys argenteus,-37.325,138.78334
2346804,2346804,Phosichthys argenteus,-37.29166,138.63334
2346804,2346804,Phosichthys argenteus,-37.01667,137.375
2346804,2346804,Phosichthys argenteus,-36.91667,137.29167
2346804,2346804,Phosichthys argenteus,-37.31667,138.525
2346804,2346804,Phosichthys argenteus,-38.30833,140.375
2346804,2346804,Phosichthys argenteus,-38.56667,140.925
2346804,2346804,Phosichthys argenteus,-38.58333,141
2346804,2346804,Phosichthys argenteus,-38.56667,140.91667
2346804,2346804,Phosichthys argenteus,-37.86666,139.58334
2346804,2346804,Phosichthys argenteus,-41.56666,144.28334
2346804,2346804,Phosichthys argenteus,-40.35,143.31667
2346804,2346804,Phosichthys argenteus,-41.89166,144.5
2346804,2346804,Phosichthys argenteus,-40.36666,143.275
2346804,2346804,Phosichthys argenteus,-42.36666,144.69167
2346804,2346804,Phosichthys argenteus,-42.86666,144.89167
2346804,2346804,Phosichthys argenteus,-40.58333,143.35
2346804,2346804,Phosichthys argenteus,-42.78333,144.81667
2346804,2346804,Phosichthys argenteus,-40.9,143.65834
2346804,2346804,Phosichthys argenteus,-40.925,143.70834
2346804,2346804,Phosichthys argenteus,-42.84166,144.85834
2346804,2346804,Phosichthys argenteus,-42.41666,144.73334
2346804,2346804,Phosichthys argenteus,-42.41666,144.64167
2346804,2346804,Phosichthys argenteus,-40.60833,143.4
2346804,2346804,Phosichthys argenteus,-41.95833,144.475
2346804,2346804,Phosichthys argenteus,-38.95,142.11667
2346804,2346804,Phosichthys argenteus,-40.90833,143.675
2346804,2346804,Phosichthys argenteus,-42.73333,144.83333
2346804,2346804,Phosichthys argenteus,-41.53333,144.275
2346804,2346804,Phosichthys argenteus,-39.3167,148.809
2346804,2346804,Phosichthys argenteus,-39.031,148.739
2346804,2346804,Phosichthys argenteus,-35.5092,150.882
2346804,2346804,Phosichthys argenteus,-38.94166,148.69167
2346804,2346804,Phosichthys argenteus,-38.3,149.68334
2346804,2346804,Phosichthys argenteus,-39.125,148.78333
2346804,2346804,Phosichthys argenteus,-35.49167,150.83334
2346804,2346804,Phosichthys argenteus,-33.383,130.083
2346804,2346804,Phosichthys argenteus,-34.9217,119.222
2346804,2346804,Phosichthys argenteus,-34.5733,121.372
2346804,2346804,Phosichthys argenteus,-34.8823,151.378
2346804,2346804,Phosichthys argenteus,-34.9462,151.248
2346804,2346804,Phosichthys argenteus,-33.466667,152.225
2346804,2346804,Phosichthys argenteus,-43.34,145.375
2346804,2346804,Phosichthys argenteus,-41.8267,144.387
2346804,2346804,Phosichthys argenteus,-43.34,145.375
2346804,2346804,Phosichthys argenteus,-38.6538,149.25
2346804,2346804,Phosichthys argenteus,-34.8228,151.28
2346804,2346804,Phosichthys argenteus,-34.8225,151.391
2346804,2346804,Phosichthys argenteus,-35.0067,151.278
2346804,2346804,Phosichthys argenteus,-38.4533,149.162
2346804,2346804,Phosichthys argenteus,-34.8225,151.391
2346804,2346804,Phosichthys argenteus,-35.0067,151.278
2346804,2346804,Phosichthys argenteus,-38.3383,149.307
2346804,2346804,Phosichthys argenteus,-35.0717,151.21
2346804,2346804,Phosichthys argenteus,-34.8225,151.391
2346804,2346804,Phosichthys argenteus,-35.0067,151.278
2346804,2346804,Phosichthys argenteus,-38.4043,149.167
2346804,2346804,Phosichthys argenteus,-38.3717,149.302
2346804,2346804,Phosichthys argenteus,-38.3383,149.307
2346804,2346804,Phosichthys argenteus,-38.3388,149.32
2346804,2346804,Phosichthys argenteus,-38.4043,149.167
2346804,2346804,Phosichthys argenteus,-39.0233,148.645
2346804,2346804,Phosichthys argenteus,-39.3417,148.772
2346804,2346804,Phosichthys argenteus,-38.0267,150.075
2346804,2346804,Phosichthys argenteus,-40.94167,143.775
2346804,2346804,Phosichthys argenteus,-37.71666,150.225
2346804,2346804,Phosichthys argenteus,-39.325,148.75
2346804,2346804,Phosichthys argenteus,-38,150.075
2346804,2346804,Phosichthys argenteus,-37.63333,150.25
2346804,2346804,Phosichthys argenteus,-37.658333,150.35834
2346804,2346804,Phosichthys argenteus,-38.1917,149.942
2346804,2346804,Phosichthys argenteus,-39.0483,148.675
2346804,2346804,Phosichthys argenteus,-39.0733,148.647
2346804,2346804,Phosichthys argenteus,-34.88,132.82
2346804,2346804,Phosichthys argenteus,-33.442,128.567
2346804,2346804,Phosichthys argenteus,-37.63,150.37
2346804,2346804,Phosichthys argenteus,-42.3,144.65
2346804,2346804,Phosichthys argenteus,-41.833333,144.466667
2346804,2346804,Phosichthys argenteus,-33.741665,151.94167
2346804,2346804,Phosichthys argenteus,-41.82,144.47
2346804,2346804,Phosichthys argenteus,-42.3,144.65
2346804,2346804,Phosichthys argenteus,-41.833333,144.466667
2346804,2346804,Phosichthys argenteus,-40.55,143.3
2346804,2346804,Phosichthys argenteus,-40.75,143.5
2346804,2346804,Phosichthys argenteus,-36.93,150.37
2346804,2346804,Phosichthys argenteus,-36.6,150.38
2346804,2346804,Phosichthys argenteus,-37.3,150.4
2346804,2346804,Phosichthys argenteus,-37.12,150.38
2346804,2346804,Phosichthys argenteus,-34.12,151.9
2346804,2346804,Phosichthys argenteus,-36.88,150.28
2346804,2346804,Phosichthys argenteus,-32.7,153
2346804,2346804,Phosichthys argenteus,-40.75,143.5
2346804,2346804,Phosichthys argenteus,-37.85,139.62
2346804,2346804,Phosichthys argenteus,-32.98,124.52
2346804,2346804,Phosichthys argenteus,-40.733333,143.5
2346804,2346804,Phosichthys argenteus,-40.733333,143.5
2346804,2346804,Phosichthys argenteus,-38.57,141.07
2346804,2346804,Phosichthys argenteus,-38.83,141.77
2346804,2346804,Phosichthys argenteus,-33.325,152.35
2346804,2346804,Phosichthys argenteus,-33.266666,153.14166
2346804,2346804,Phosichthys argenteus,-33.066666,153.13333
2346804,2346804,Phosichthys argenteus,-40.15,148.95
2346804,2346804,Phosichthys argenteus,-40.15,148.95
2346804,2346804,Phosichthys argenteus,-35.625,150.925
2346804,2346804,Phosichthys argenteus,-34.183334,152.05
2346804,2346804,Phosichthys argenteus,-34.625,151.26666
2346804,2346804,Phosichthys argenteus,-37.433334,150.525
2346804,2346804,Phosichthys argenteus,-37.43,150.53
2346804,2346805,Phosichthys argenteus,-33.42,152.53
2346804,2346804,Phosichthys argenteus,-33.35,152.44167
2346804,2346804,Phosichthys argenteus,-34.15,152.01666
2346804,2346804,Phosichthys argenteus,-33.483334,127.25
2346804,2346804,Phosichthys argenteus,-34.066666,128.03334
2346804,2346804,Phosichthys argenteus,-34.116665,152.56667
2346804,2346804,Phosichthys argenteus,-34.133335,152.21666
2346804,2346804,Phosichthys argenteus,-34.083332,152.25
2346804,2346804,Phosichthys argenteus,-34.15,152.11667
2346804,2346804,Phosichthys argenteus,-34.083332,151.93333
2346804,2346804,Phosichthys argenteus,-33.333332,152.28334
2346804,2346804,Phosichthys argenteus,-35.12,133.77
