requested_taxonKey,record_taxonKey,species_name,decimalLatitude,decimalLongitude
2346886,2346886,"Leptostomias Gilbert, 1905",-31.89398,109.99274
2346886,2346886,"Leptostomias Gilbert, 1905",-16.99759,110.04886
2346886,2346886,"Leptostomias Gilbert, 1905",-16.94186,110.01605
2346886,2346886,"Leptostomias Gilbert, 1905",-15.46146,110.02749
2346886,2346886,"Leptostomias Gilbert, 1905",-35.54861,151.85806
2346886,2346886,"Leptostomias Gilbert, 1905",-35.53722,151.7025
2346886,10434531,BOLD:AAI1389,-29.078,113.63
2346886,2346886,"Leptostomias Gilbert, 1905",-17.4836,114.518
2346886,2346886,"Leptostomias Gilbert, 1905",-38.3388,149.32
2346886,2346886,"Leptostomias Gilbert, 1905",-18.625,116.75
2346886,2346886,"Leptostomias Gilbert, 1905",-18.75,116.4
2346886,2346886,"Leptostomias Gilbert, 1905",-17.4692,111.852
2346886,2346886,"Leptostomias Gilbert, 1905",-16.95,112.75
2346886,2346886,"Leptostomias Gilbert, 1905",-34.983333,114.433333
