requested_taxonKey,record_taxonKey,species_name,decimalLatitude,decimalLongitude
2346841,2346841,Vinciguerria nimbaria,-21.45624,109.99955
2346841,2346841,Vinciguerria nimbaria,-21.45624,109.99955
2346841,2346841,Vinciguerria nimbaria,-22.94838,110.00007
2346841,2346841,Vinciguerria nimbaria,-24.47108,109.99986
2346841,2346841,Vinciguerria nimbaria,-21.52317,110.06467
2346841,2346841,Vinciguerria nimbaria,-33.50191,109.99376
2346841,2346841,Vinciguerria nimbaria,-23.0192,110.02096
2346841,2346841,Vinciguerria nimbaria,-25.96675,109.99716
2346841,2346841,Vinciguerria nimbaria,-25.96675,109.99716
2346841,2346841,Vinciguerria nimbaria,-24.46035,109.99987
2346841,2346841,Vinciguerria nimbaria,-33.46776,109.99965
2346841,2346841,Vinciguerria nimbaria,-26.06298,110.00674
2346841,2346841,Vinciguerria nimbaria,-18.4556,109.9994
2346841,2346841,Vinciguerria nimbaria,-20.04423,110.10901
2346841,2346841,Vinciguerria nimbaria,-18.46718,109.99944
2346841,2346841,Vinciguerria nimbaria,-20.03388,110.08757
2346841,2346841,Vinciguerria nimbaria,-28.97356,110.00198
2346841,2346841,Vinciguerria nimbaria,-28.97356,110.00198
2346841,2346841,Vinciguerria nimbaria,-27.44145,109.99827
2346841,2346841,Vinciguerria nimbaria,-27.44145,109.99827
2346841,2346841,Vinciguerria nimbaria,-27.44145,109.99827
2346841,2346841,Vinciguerria nimbaria,-22.99906,110.00667
2346841,2346841,Vinciguerria nimbaria,-28.96174,110.00143
2346841,2346841,Vinciguerria nimbaria,-30.52094,109.9994
2346841,2346841,Vinciguerria nimbaria,-31.99165,110.01721
2346841,2346841,Vinciguerria nimbaria,-27.52351,110.0526
2346841,2346841,Vinciguerria nimbaria,-33.45462,110.00009
2346841,2346841,Vinciguerria nimbaria,-20.00022,110.0008
2346841,2346841,Vinciguerria nimbaria,-20.00022,110.0008
2346841,2346841,Vinciguerria nimbaria,-31.90173,109.99127
2346841,2346841,Vinciguerria nimbaria,-31.90173,109.99127
2346841,2346841,Vinciguerria nimbaria,-29.02236,110.06511
2346841,2346841,Vinciguerria nimbaria,-30.48056,109.99495
2346841,2346841,Vinciguerria nimbaria,-30.48056,109.99495
2346841,2346841,Vinciguerria nimbaria,-30.51524,110.00194
2346841,2346841,Vinciguerria nimbaria,-31.90926,109.98974
2346841,2346841,Vinciguerria nimbaria,-31.90926,109.98974
2346841,2346841,Vinciguerria nimbaria,-25.97144,109.99731
2346841,2346841,Vinciguerria nimbaria,-25.97144,109.99731
2346841,2346841,Vinciguerria nimbaria,-31.90926,109.98974
2346841,2346841,Vinciguerria nimbaria,-25.97144,109.99731
2346841,2346841,Vinciguerria nimbaria,-19.99877,110.00724
2346841,2346841,Vinciguerria nimbaria,-21.52038,110.05886
2346841,2346841,Vinciguerria nimbaria,-24.55053,110.04237
2346841,2346841,Vinciguerria nimbaria,-24.55053,110.04237
2346841,2346841,Vinciguerria nimbaria,-21.46285,109.99969
2346841,2346841,Vinciguerria nimbaria,-27.50816,110.02732
2346841,2346841,Vinciguerria nimbaria,-22.95634,109.99989
2346841,2346841,Vinciguerria nimbaria,-22.95634,109.99989
2346841,2346841,Vinciguerria nimbaria,-21.44999,109.99951
2346841,2346841,Vinciguerria nimbaria,-26.0348,109.99607
2346841,2346841,Vinciguerria nimbaria,-23.01534,110.01863
2346841,2346841,Vinciguerria nimbaria,-22.94036,110.00008
2346841,2346841,Vinciguerria nimbaria,-22.94036,110.00008
2346841,2346841,Vinciguerria nimbaria,-24.58772,110.06524
2346841,2346841,Vinciguerria nimbaria,-31.99328,109.98227
2346841,2346841,Vinciguerria nimbaria,-30.4767,109.99475
2346841,2346841,Vinciguerria nimbaria,-30.4767,109.99475
2346841,2346841,Vinciguerria nimbaria,-29.0187,110.04442
2346841,2346841,Vinciguerria nimbaria,-24.46578,109.99983
2346841,2346841,Vinciguerria nimbaria,-24.46578,109.99983
2346841,2346841,Vinciguerria nimbaria,-18.46149,109.99942
2346841,2346841,Vinciguerria nimbaria,-18.46149,109.99942
2346841,2346841,Vinciguerria nimbaria,-29.01505,110.03143
2346841,2346841,Vinciguerria nimbaria,-28.97945,110.00298
2346841,2346841,Vinciguerria nimbaria,-31.93786,109.98418
2346841,2346841,Vinciguerria nimbaria,-29.02383,110.07288
2346841,2346841,Vinciguerria nimbaria,-18.47291,109.99955
2346841,2346841,Vinciguerria nimbaria,-30.49281,109.99442
2346841,2346841,Vinciguerria nimbaria,-20.03072,110.08105
2346841,2346841,Vinciguerria nimbaria,-28.9675,110.00161
2346841,2346841,Vinciguerria nimbaria,-33.44812,109.99999
2346841,2346841,Vinciguerria nimbaria,-31.89398,109.99274
2346841,2346841,Vinciguerria nimbaria,-27.4348,109.99633
2346841,2346841,Vinciguerria nimbaria,-29.0212,110.05841
2346841,2346841,Vinciguerria nimbaria,-20.00035,110.00459
2346841,2346841,Vinciguerria nimbaria,-30.51211,110.00331
2346841,2346841,Vinciguerria nimbaria,-26.06899,110.0087
2346841,2346841,Vinciguerria nimbaria,-30.51819,110.00064
2346841,2346841,Vinciguerria nimbaria,-27.52653,110.05784
2346841,2346841,Vinciguerria nimbaria,-33.4609,109.99994
2346841,2346841,Vinciguerria nimbaria,-28.95553,110.00148
2346841,2346841,Vinciguerria nimbaria,-33.4609,109.99994
2346841,2346841,Vinciguerria nimbaria,-15.51062,110.06425
2346841,2346841,Vinciguerria nimbaria,-12.46712,109.99953
2346841,2346841,Vinciguerria nimbaria,-12.50772,110.05594
2346841,2346841,Vinciguerria nimbaria,-12.45564,109.99964
2346841,2346841,Vinciguerria nimbaria,-15.46724,110.02913
2346841,2346841,Vinciguerria nimbaria,-15.46724,110.02913
2346841,2346841,Vinciguerria nimbaria,-11.51157,109.99982
2346841,2346841,Vinciguerria nimbaria,-11.51157,109.99982
2346841,2346841,Vinciguerria nimbaria,-12.45564,109.99964
2346841,2346841,Vinciguerria nimbaria,-12.5078,110.04543
2346841,2346841,Vinciguerria nimbaria,-11.50341,110.01982
2346841,2346841,Vinciguerria nimbaria,-11.50341,110.01982
2346841,2346841,Vinciguerria nimbaria,-16.95684,110.01898
2346841,2346841,Vinciguerria nimbaria,-16.99815,110.05445
2346841,2346841,Vinciguerria nimbaria,-15.4555,110.02579
2346841,2346841,Vinciguerria nimbaria,-12.46143,109.99961
2346841,2346841,Vinciguerria nimbaria,-15.51159,110.06969
2346841,2346841,Vinciguerria nimbaria,-12.50781,110.05128
2346841,2346841,Vinciguerria nimbaria,-11.51991,110.03537
2346841,2346841,Vinciguerria nimbaria,-15.50411,110.03514
2346841,2346841,Vinciguerria nimbaria,-11.50699,110.02292
2346841,2346841,Vinciguerria nimbaria,-12.50832,110.02342
2346841,2346841,Vinciguerria nimbaria,-13.96989,110.00018
2346841,2346841,Vinciguerria nimbaria,-13.96989,110.00018
2346841,2346841,Vinciguerria nimbaria,-16.99759,110.04886
2346841,2346841,Vinciguerria nimbaria,-14.02838,110.02591
2346841,2346841,Vinciguerria nimbaria,-15.46146,110.02749
2346841,2346841,Vinciguerria nimbaria,-15.46146,110.02749
2346841,2346841,Vinciguerria nimbaria,-16.94942,110.01765
2346841,2346841,Vinciguerria nimbaria,-16.94942,110.01765
2346841,2346841,Vinciguerria nimbaria,-34.8823,151.378
2346841,2346841,Vinciguerria nimbaria,-34.951,151.34
2346841,2346841,Vinciguerria nimbaria,-34.935,151.245
2346841,2346841,Vinciguerria nimbaria,-38.5022,149.259
2346841,2346841,Vinciguerria nimbaria,-38.5267,149.397
2346841,2346841,Vinciguerria nimbaria,-34.8228,151.28
2346841,2346841,Vinciguerria nimbaria,-38.5267,149.397
2346841,2346841,Vinciguerria nimbaria,-35.0717,151.21
2346841,2346841,Vinciguerria nimbaria,-38.4533,149.162
2346841,2346841,Vinciguerria nimbaria,-38.4067,149.083
2346841,2346841,Vinciguerria nimbaria,-38.3383,149.307
2346841,2346841,Vinciguerria nimbaria,-38.3388,149.32
2346841,2346841,Vinciguerria nimbaria,-38.4043,149.167
2346841,2346841,Vinciguerria nimbaria,-38.306,149.435
2346841,2346841,Vinciguerria nimbaria,-39.0983,148.707
2346841,2346841,Vinciguerria nimbaria,-34.45,151.3
2346841,2346841,Vinciguerria nimbaria,-33.83,152.03
2346841,2346841,Vinciguerria nimbaria,-34.03,151.72
2346841,2346841,Vinciguerria nimbaria,-33.85,151.82
2346841,2346841,Vinciguerria nimbaria,-33.07,152.63
2346841,2346841,Vinciguerria nimbaria,-34.28,151.58
2346841,2346841,Vinciguerria nimbaria,-33.10833,152.76667
2346841,2346841,Vinciguerria nimbaria,-32.73333,153.7
2346841,2346841,Vinciguerria nimbaria,-33.3,152.35833
2346841,2346841,Vinciguerria nimbaria,-33.71667,152.5
2346841,2346841,Vinciguerria nimbaria,-33.20833,152.575
2346841,2346841,Vinciguerria nimbaria,-33.18333,152.41667
2346841,2346841,Vinciguerria nimbaria,-33.28333,152.58334
2346841,2346841,Vinciguerria nimbaria,-33.09166,152.68333
2346841,2346841,Vinciguerria nimbaria,-33.23333,153.3
2346841,2346841,Vinciguerria nimbaria,-33.24166,152.63333
2346841,2346841,Vinciguerria nimbaria,-33.61666,152.56667
2346841,2346841,Vinciguerria nimbaria,-33.28333,152.275
2346841,2346841,Vinciguerria nimbaria,-33.24166,152.60834
2346841,2346841,Vinciguerria nimbaria,-33.4,153.11667
2346841,2346841,Vinciguerria nimbaria,-33.46667,152.225
2346841,2346841,Vinciguerria nimbaria,-33.34167,153.1
2346841,2346841,Vinciguerria nimbaria,-33.475,152.19167
2346841,2346841,Vinciguerria nimbaria,-33.44166,153.11667
2346841,2346841,Vinciguerria nimbaria,-33.53333,152.50834
2346841,2346841,Vinciguerria nimbaria,-33.50833,152.35
2346841,2346841,Vinciguerria nimbaria,-33.575,152.05834
2346841,2346841,Vinciguerria nimbaria,-33.25833,153.04167
2346841,2346841,Vinciguerria nimbaria,-33.725,153.03334
2346841,2346841,Vinciguerria nimbaria,-33.94166,152.55834
2346841,2346841,Vinciguerria nimbaria,-22.2,112.88333
2346841,2346841,Vinciguerria nimbaria,-40.15,148.95
2346841,2346841,Vinciguerria nimbaria,-40.15,148.95
2346841,2346841,Vinciguerria nimbaria,-33.55,152.3
2346841,2346841,Vinciguerria nimbaria,-33.383335,152.55
2346841,2346841,Vinciguerria nimbaria,-34.375,151.91667
2346841,2346841,Vinciguerria nimbaria,-34.458332,151.48334
2346841,2346841,Vinciguerria nimbaria,-34.2,151.6
2346841,2346841,Vinciguerria nimbaria,-34.116665,152.56667
2346841,2346841,Vinciguerria nimbaria,-34.183334,152.16667
2346841,2346841,Vinciguerria nimbaria,-34.083332,152.25
2346841,2346841,Vinciguerria nimbaria,-34.166668,151.98334
2346841,2346841,Vinciguerria nimbaria,-34.033333,152.2
2346841,2346841,Vinciguerria nimbaria,-33.333332,152.28334
2346841,2346841,Vinciguerria nimbaria,-39.47,147.33
2346841,2346841,Vinciguerria nimbaria,-39.633333,148.6
2346841,2346841,Vinciguerria nimbaria,-39.633333,148.6
2346841,2346841,Vinciguerria nimbaria,-39.333333,148.833333
2346841,2346841,Vinciguerria nimbaria,-39.333333,148.833333
2346841,2346841,Vinciguerria nimbaria,-35.05,151.133333
2346841,2346841,Vinciguerria nimbaria,-35.05,151.133333
2346841,2346841,Vinciguerria nimbaria,-31.15,153.366667
2346841,2346841,Vinciguerria nimbaria,-31.15,153.366667
2346841,2346841,Vinciguerria nimbaria,-34.2,151.566667
2346841,2346841,Vinciguerria nimbaria,-34.083333,151.6
2346841,2346841,Vinciguerria nimbaria,-34.2,151.566667
2346841,2346841,Vinciguerria nimbaria,-34.083333,151.6
2346841,2346841,Vinciguerria nimbaria,-32.136667,111.31
2346841,2346841,Vinciguerria nimbaria,-36.216667,150.15
2346841,2346841,Vinciguerria nimbaria,-28,153.53334
