requested_taxonKey,record_taxonKey,species_name,decimalLatitude,decimalLongitude
2346545,2346545,Encheliophis gracilis,-19.9195,116.692167
2346545,9972408,Encheliophis gracilis,-19.93817,116.67133
2346545,9972408,Encheliophis gracilis,-20.07067,116.332
2346545,9972408,Encheliophis gracilis,-20.16883,116.3665
2346545,2346545,Encheliophis gracilis,-20.059167,116.356167
2346545,2346545,Encheliophis gracilis,-20.169833,116.338333
2346545,2346545,Encheliophis gracilis,-20.059167,116.356167
2346545,2346545,Encheliophis gracilis,-19.9195,116.692167
2346545,2346545,Encheliophis gracilis,-20.169833,116.338333
2346545,9972408,Encheliophis gracilis,-20.1185,116.144
2346545,9972408,Encheliophis gracilis,-20.36217,116.1025
2346545,9972408,Encheliophis gracilis,-20.36217,116.1025
2346545,2346545,Encheliophis gracilis,-20.337667,116.117833
2346545,2346545,Encheliophis gracilis,-20.337667,116.117833
2346545,2346545,Encheliophis gracilis,-20.107667,116.170167
2346545,2346545,Encheliophis gracilis,-20.3278,116.1238
2346545,2346545,Encheliophis gracilis,-20.3278,116.1238
2346545,2346545,Encheliophis gracilis,-20.0897,116.205
2346545,2346545,Encheliophis gracilis,-20.0995,116.1912
2346545,2346545,Encheliophis gracilis,-20.0995,116.1912
2346545,2346545,Encheliophis gracilis,-20.337667,116.117833
2346545,2346545,Encheliophis gracilis,-20.337667,116.117833
2346545,2346545,Encheliophis gracilis,-20.107667,116.170167
2346545,2346545,Encheliophis gracilis,-20.426667,116.13
2346545,2346545,Encheliophis gracilis,-20.34667,116.1125
2346545,2346545,Encheliophis gracilis,-20.41167,116.13667
2346545,2346545,Encheliophis gracilis,-20.426667,116.13
2346545,2346545,Encheliophis gracilis,-19.765,116.49917
2346545,2346545,Encheliophis gracilis,-20.05,115.8
2346545,2346545,Encheliophis gracilis,-20.217,116.3
2346545,2346545,Encheliophis gracilis,-20.75,115.983333
2346545,2346545,Encheliophis gracilis,-20.75,115.983333
