requested_taxonKey,record_taxonKey,species_name,decimalLatitude,decimalLongitude
2346786,2346786,Polymetme illustris,-38.143,149.946167
2346786,2346786,Polymetme illustris,-38.143,149.946167
2346786,2346786,Polymetme illustris,-34.315667,132.618833
2346786,2346786,Polymetme illustris,-34.315667,132.618833
2346786,2346786,Polymetme illustris,-35.044,134.09
2346786,2346786,Polymetme illustris,-35.044,134.09
2346786,2346786,Polymetme illustris,-35.044,134.09
2346786,2346786,Polymetme illustris,-33.516667,131.133333
2346786,2346786,Polymetme illustris,-33.516667,131.133333
2346786,2346786,Polymetme illustris,-33.516667,131.133333
2346786,2346786,Polymetme illustris,-33.516667,131.133333
2346786,2346786,Polymetme illustris,-33.616667,129.666667
2346786,2346786,Polymetme illustris,-33.466667,129.083333
2346786,2346786,Polymetme illustris,-33.433333,129.083333
2346786,2346786,Polymetme illustris,-33.466667,129.083333
2346786,2346786,Polymetme illustris,-33.616667,129.666667
2346786,2346786,Polymetme illustris,-33.433333,129.083333
2346786,2346786,Polymetme illustris,-28.066667,153.966667
2346786,2346786,Polymetme illustris,-33.33,128.3
2346786,2346786,Polymetme illustris,-32.57,129.53
2346786,2346786,Polymetme illustris,-33.33,128.3
2346786,2346786,Polymetme illustris,-33.433333,129.766667
2346786,2346786,Polymetme illustris,-33.516667,129.45
2346786,2346786,Polymetme illustris,-33.433333,129.766667
2346786,2346786,Polymetme illustris,-33.516667,129.45
2346786,2346786,Polymetme illustris,-33.333333,128.45
2346786,2346786,Polymetme illustris,-33.333333,128.45
2346786,2346786,Polymetme illustris,-33.333333,128.45
2346786,2346786,Polymetme illustris,-33.333333,128.45
2346786,2346786,Polymetme illustris,-34.266666,151.41667
2346786,2346786,Polymetme illustris,-37.583332,149.91667
2346786,2346786,Polymetme illustris,-37.65,149.91667
2346786,2346786,Polymetme illustris,-31.883333,128.88333
2346786,2346786,Polymetme illustris,-31.883333,128.88333
2346786,2346786,Polymetme illustris,-31.883333,128.88333
2346786,2346786,Polymetme illustris,-33.4333,129.4333
