requested_taxonKey,record_taxonKey,species_name,decimalLatitude,decimalLongitude
2346993,2346993,Rhadinesthes decimus,-21.30904,110.34747
2346993,2346993,Rhadinesthes decimus,-21.30904,110.34747
2346993,2346993,Rhadinesthes decimus,-21.30904,110.34747
2346993,2346993,Rhadinesthes decimus,-21.30904,110.34747
2346993,2346993,Rhadinesthes decimus,-22.20177,113.64602
2346993,2346993,Rhadinesthes decimus,-22.99232,112.47763
2346993,2346993,Rhadinesthes decimus,-22.99232,112.47763
2346993,2346993,Rhadinesthes decimus,-12.033333,96.716667
