requested_taxonKey,record_taxonKey,species_name,decimalLatitude,decimalLongitude
2346489,2346489,Pyramodon ventralis,-34.277833,132.693
2346489,2346489,Pyramodon ventralis,-34.277833,132.693
2346489,10315893,Pyramodon ventralis,-34.28667,132.698
2346489,10315893,Pyramodon ventralis,-34.28667,132.698
2346489,10315893,Pyramodon ventralis,-34.28667,132.698
2346489,10315893,Pyramodon ventralis,-34.28667,132.698
2346489,2346489,Pyramodon ventralis,-34.28225,132.6955
2346489,2346489,Pyramodon ventralis,-34.28225,132.6955
2346489,2346489,Pyramodon ventralis,-34.28225,132.6955
2346489,2346489,Pyramodon ventralis,-34.28225,132.6955
2346489,2346489,Pyramodon ventralis,-34.277833,132.693
2346489,2346489,Pyramodon ventralis,-34.277833,132.693
2346489,10315893,Pyramodon ventralis,-31.623169999999998,114.966
2346489,2346489,Pyramodon ventralis,-31.618,114.972
2346489,2346489,Pyramodon ventralis,-31.618,114.972
2346489,2346489,Pyramodon ventralis,-31.618,114.972
2346489,2346489,Pyramodon ventralis,-31.618,114.972
2346489,2346489,Pyramodon ventralis,-28.99,113.765
2346489,2346489,Pyramodon ventralis,-29.867667,114.387
2346489,10315893,Pyramodon ventralis,-29.86667,114.38333
2346489,10315893,Pyramodon ventralis,-29.86667,114.38333
2346489,10315893,Pyramodon ventralis,-28.98333,113.76667
2346489,10315893,Pyramodon ventralis,-28.98333,113.76667
2346489,10315893,Pyramodon ventralis,-27.94417,113.088
2346489,10315893,Pyramodon ventralis,-27.14667,112.762
2346489,2346489,Pyramodon ventralis,-27.1335,112.751
2346489,2346489,Pyramodon ventralis,-27.935167,113.081
2346489,2346489,Pyramodon ventralis,-27.935167,113.081
2346489,2346489,Pyramodon ventralis,-28.99,113.765
2346489,2346489,Pyramodon ventralis,-27.1335,112.751
2346489,2346489,Pyramodon ventralis,-27.935167,113.081
2346489,2346489,Pyramodon ventralis,-27.935167,113.081
2346489,2346489,Pyramodon ventralis,-29.867667,114.387
2346489,2346489,Pyramodon ventralis,-26.673333,112.545
2346489,2346489,Pyramodon ventralis,-26.673333,112.545
2346489,2346489,Pyramodon ventralis,-26.703333,112.64083
2346489,2346489,Pyramodon ventralis,-26.76916,112.60417
2346489,2346489,Pyramodon ventralis,-26.69416,112.55167
2346489,2346489,Pyramodon ventralis,-20.28583,113.215
2346489,2346489,Pyramodon ventralis,-26.673333,112.545
2346489,2346489,Pyramodon ventralis,-26.673333,112.545
2346489,2346489,Pyramodon ventralis,-27.286667,112.753333
2346489,2346489,Pyramodon ventralis,-27.146667,112.746667
2346489,2346489,Pyramodon ventralis,-27.275,112.7475
2346489,2346489,Pyramodon ventralis,-33.30833,114.51167
2346489,2346489,Pyramodon ventralis,-31.73083,114.98667
2346489,2346489,Pyramodon ventralis,-27.275,112.7475
2346489,2346489,Pyramodon ventralis,-27.286667,112.753333
2346489,2346489,Pyramodon ventralis,-27.146667,112.746667
2346489,2346489,Pyramodon ventralis,-25.6,112.166667
2346489,2346489,Pyramodon ventralis,-25.6,112.166667
