requested_taxonKey,record_taxonKey,species_name,decimalLatitude,decimalLongitude
2346007,2346007,Lamprogrammus brunswigi,-11.756833,103.280333
2346007,2346007,Lamprogrammus brunswigi,-13.651833,96.6985
2346007,2346007,Lamprogrammus brunswigi,-11.756833,103.280333
2346007,2346007,Lamprogrammus brunswigi,-13.651833,96.6985
2346007,2346007,Lamprogrammus brunswigi,-22.368333,113.5347
2346007,2346007,Lamprogrammus brunswigi,-22.368333,113.5347
2346007,2346007,Lamprogrammus brunswigi,-22.368333,113.5347
2346007,2346007,Lamprogrammus brunswigi,-22.368333,113.5347
2346007,2346007,Lamprogrammus brunswigi,-11.4045,104.407
2346007,2346007,Lamprogrammus brunswigi,-11.563167,104.283833
2346007,2346007,Lamprogrammus brunswigi,-11.374167,104.485333
2346007,2346007,Lamprogrammus brunswigi,-11.4045,104.407
2346007,10359997,Lamprogrammus brunswigi,-11.4127,104.965
2346007,10359997,Lamprogrammus brunswigi,-11.37,104.504
2346007,10359997,Lamprogrammus brunswigi,-11.3705,104.504
2346007,10359997,Lamprogrammus brunswigi,-11.37,104.504
2346007,10359997,Lamprogrammus brunswigi,-11.5542,104.322
2346007,10359997,Lamprogrammus brunswigi,-10.554167,105.536
2346007,2346007,Lamprogrammus brunswigi,-11.4045,104.407
2346007,2346007,Lamprogrammus brunswigi,-11.563167,104.283833
2346007,2346007,Lamprogrammus brunswigi,-11.374167,104.485333
2346007,2346007,Lamprogrammus brunswigi,-11.4045,104.407
2346007,2346007,Lamprogrammus brunswigi,-16.6344,119.154
2346007,2346007,Lamprogrammus brunswigi,-16.6447,119.136
2346007,2346007,Lamprogrammus brunswigi,-11.368167,104.9515
2346007,2346007,Lamprogrammus brunswigi,-11.368167,104.9515
2346007,2346007,Lamprogrammus brunswigi,-11.368167,104.9515
2346007,2346007,Lamprogrammus brunswigi,-11.368167,104.9515
2346007,2346007,Lamprogrammus brunswigi,-11.701,103.683667
2346007,2346007,Lamprogrammus brunswigi,-11.701,103.683667
