requested_taxonKey,record_taxonKey,species_name,decimalLatitude,decimalLongitude
2347368,2347368,Heterophotus ophistoma,-23.155489,112.811544
2347368,2347368,Heterophotus ophistoma,-23.155489,112.811544
2347368,2347368,Heterophotus ophistoma,-20.13,112.918333
2347368,2347368,Heterophotus ophistoma,-20.13,112.90083
2347368,2347368,Heterophotus ophistoma,-21.475834,113.65667
2347368,2347368,Heterophotus ophistoma,-20.13,112.918333
2347368,2347368,Heterophotus ophistoma,-17.933333,118.233333
2347368,2347368,Heterophotus ophistoma,-17.933333,118.233333
2347368,2347368,Heterophotus ophistoma,-18.533333,116.833336
2347368,2347368,Heterophotus ophistoma,-18.666666,116.5
2347368,2347368,Heterophotus ophistoma,-33.016666,153.01666
