requested_taxonKey,record_taxonKey,species_name,decimalLatitude,decimalLongitude
2347494,2347494,Maurolicus australis,-38.877667,148.504833
2347494,2347494,Maurolicus australis,-38.877667,148.504833
2347494,2347494,Maurolicus australis,-39.044339,148.5885
2347494,2347494,Maurolicus australis,-39.29805,148.65133
2347494,2347494,Maurolicus australis,-39.044339,148.5885
2347494,2347494,Maurolicus australis,-39.29805,148.65133
2347494,2347494,Maurolicus australis,-39.293888,148.65639
2347494,2347494,Maurolicus australis,-35.157833,134.101333
2347494,2347494,Maurolicus australis,-35.157833,134.101333
2347494,2347494,Maurolicus australis,-37.63222,139.52417
2347494,2347494,Maurolicus australis,-36.45431,136.45111
2347494,2347494,Maurolicus australis,-41.85,144.61
2347494,2347494,Maurolicus australis,-41.85,144.61
2347494,2347494,Maurolicus australis,-41.85,144.61
2347494,2347494,Maurolicus australis,-41.85,144.61
2347494,2347494,Maurolicus australis,-41.85,144.61
2347494,2347494,Maurolicus australis,-41.85,144.61
2347494,2347494,Maurolicus australis,-41.85,144.61
2347494,2347494,Maurolicus australis,-41.85,144.61
2347494,2347494,Maurolicus australis,-41.85,144.61
2347494,2347494,Maurolicus australis,-41.85,144.61
2347494,2347494,Maurolicus australis,-41.85,144.61
2347494,2347494,Maurolicus australis,-41.85,144.61
2347494,2347494,Maurolicus australis,-41.85,144.61
2347494,2347494,Maurolicus australis,-41.85,144.61
2347494,2347494,Maurolicus australis,-41.85,144.61
2347494,2347494,Maurolicus australis,-41.85,144.61
2347494,2347494,Maurolicus australis,-41.85,144.6
2347494,2347494,Maurolicus australis,-41.85,144.6
2347494,2347494,Maurolicus australis,-41.85,144.6
2347494,2347494,Maurolicus australis,-41.85,144.6
2347494,2347494,Maurolicus australis,-41.85,144.6
2347494,2347494,Maurolicus australis,-41.85,144.6
2347494,2347494,Maurolicus australis,-36.49083,150.30083
2347494,2347494,Maurolicus australis,-36.92333,150.3125
2347494,2347494,Maurolicus australis,-38.57,148.38667
2347494,2347494,Maurolicus australis,-37.41833,150.29
2347494,2347494,Maurolicus australis,-36.85667,150.29834
2347494,2347494,Maurolicus australis,-38.19167,149.26167
2347494,2347494,Maurolicus australis,-38.19333,149.26833
2347494,2347494,Maurolicus australis,-34.58,151.27
2347494,2347494,Maurolicus australis,-34.266666,151.44167
2347494,2347494,Maurolicus australis,-31.866667,153.15834
2347494,2347494,Maurolicus australis,-32.35,152.975
2347494,2347494,Maurolicus australis,-34.28,151.58
2347494,2347494,Maurolicus australis,-35.7019,135.0847
2347494,2347494,Maurolicus australis,-33.366667,130.316667
2347494,2347494,Maurolicus australis,-35.35,131.783333
2347494,2347494,Maurolicus australis,-35.35,131.783333
2347494,2347494,Maurolicus australis,-33.366667,130.316667
2347494,2347494,Maurolicus australis,-33.4,130.65
2347494,2347494,Maurolicus australis,-33.4,130.65
2347494,2347494,Maurolicus australis,-35.241665,150.94167
2347494,2347494,Maurolicus australis,-37.725,150.14166
2347494,2347494,Maurolicus australis,-34.25833,124.43334
2347494,2347494,Maurolicus australis,-34.25833,124.425
2347494,2347494,Maurolicus australis,-34.25833,124.45
2347494,2347494,Maurolicus australis,-34.383335,124.21667
2347494,2347494,Maurolicus australis,-34.383335,124.21667
2347494,2347494,Maurolicus australis,-33.61666,152.56667
2347494,2347494,Maurolicus australis,-33.28333,152.58334
2347494,2347494,Maurolicus australis,-33.1,152.66667
2347494,2347494,Maurolicus australis,-33.24166,152.63333
2347494,2347494,Maurolicus australis,-33.3,152.275
2347494,2347494,Maurolicus australis,-33.09166,152.68333
2347494,2347494,Maurolicus australis,-33.20833,152.575
2347494,2347494,Maurolicus australis,-33.24166,152.60834
2347494,2347494,Maurolicus australis,-33.28333,152.275
2347494,2347494,Maurolicus australis,-33.2,152.39167
2347494,2347494,Maurolicus australis,-33.46667,152.225
2347494,2347494,Maurolicus australis,-33.575,152.05834
2347494,2347494,Maurolicus australis,-33.975,152.15
2347494,2347494,Maurolicus australis,-33.50833,152.325
2347494,2347494,Maurolicus australis,-35.95,150.55
2347494,2347494,Maurolicus australis,-35.95,150.55
2347494,2347494,Maurolicus australis,-38.25,149.05
2347494,2347494,Maurolicus australis,-37.85,150.15
2347494,2347494,Maurolicus australis,-37.85,150.15
2347494,2347494,Maurolicus australis,-38.25,149.05
2347494,2347494,Maurolicus australis,-34.25,151.45
2347494,2347494,Maurolicus australis,-34.25,151.45
2347494,2347494,Maurolicus australis,-35.625,150.925
2347494,2347494,Maurolicus australis,-35.35,150.81667
2347494,2347494,Maurolicus australis,-35.466667,150.78334
2347494,2347494,Maurolicus australis,-33.55,152.3
2347494,2347494,Maurolicus australis,-33.45,152.5
2347494,2347494,Maurolicus australis,-33.45,152.5
2347494,2347494,Maurolicus australis,-38.45,149.45
2347494,2347494,Maurolicus australis,-38.45,149.45
2347494,2347494,Maurolicus australis,-36.05,150.35
2347494,2347494,Maurolicus australis,-36.05,150.35
2347494,2347494,Maurolicus australis,-36.15,150.375
2347494,2347494,Maurolicus australis,-34.216667,151.38333
2347494,2347494,Maurolicus australis,-33.833332,151.6
2347494,2347494,Maurolicus australis,-34.425,151.2
2347494,2347494,Maurolicus australis,-38.7,149.383333
2347494,2347494,Maurolicus australis,-38.7,149.383333
2347494,2347494,Maurolicus australis,-32,115.15
2347494,2347494,Maurolicus australis,-32,115.15
2347494,2347494,Maurolicus australis,-23.08333,113.18333
2347494,2347494,Maurolicus australis,-23.08333,113.18333
2347494,2347494,Maurolicus australis,-27.98333,112.96667
2347494,2347494,Maurolicus australis,-32,115.16667
2347494,2347494,Maurolicus australis,-32,115
2347494,2347494,Maurolicus australis,-32,115.15
2347494,2347494,Maurolicus australis,-32,115.15
