requested_taxonKey,record_taxonKey,species_name,decimalLatitude,decimalLongitude
2347378,2347378,Malacosteus niger,-38.925,142.04167
2347378,2347378,Malacosteus niger,-33.8125,152.31166
2347378,2347378,Malacosteus niger,-37.19166,138.09167
2347378,2347378,Malacosteus niger,-38.58333,141
2347378,2347378,Malacosteus niger,-38.30833,140.31667
2347378,2347378,Malacosteus niger,-42.41666,144.64167
2347378,2347378,Malacosteus niger,-42.25,144.625
2347378,2347378,Malacosteus niger,-42.73333,144.83333
2347378,2347378,Malacosteus niger,-42.78333,144.81667
2347378,2347378,Malacosteus niger,-39.24166,148.8
2347378,2347378,Malacosteus niger,-39.01666,148.675
2347378,2347378,Malacosteus niger,-39.03333,148.70834
2347378,2347378,Malacosteus niger,-38.94166,148.69167
2347378,2347378,Malacosteus niger,-35.48333,150.85
2347378,2347378,Malacosteus niger,-35.0067,151.278
2347378,2347378,Malacosteus niger,-40.55,143.3
2347378,2347378,Malacosteus niger,-41.57,144.3
2347378,2347378,Malacosteus niger,-33.25833,153.04167
2347378,2347378,Malacosteus niger,-33.066666,153.13333
2347378,2347378,Malacosteus niger,-34.083332,151.93333
2347378,2347378,Malacosteus niger,-12.033333,96.716667
2347378,2347378,Malacosteus niger,-12.033333,96.716667
