requested_taxonKey,record_taxonKey,species_name,decimalLatitude,decimalLongitude
2347567,2347567,Argyropelecus hemigymnus,-21.049474,112.636707
2347567,2347567,Argyropelecus hemigymnus,-21.049474,112.636707
2347567,2347567,Argyropelecus hemigymnus,-21.00611,111.353333
2347567,2347567,Argyropelecus hemigymnus,-21.00611,111.353333
2347567,2347567,Argyropelecus hemigymnus,-31.99328,109.98227
2347567,2347567,Argyropelecus hemigymnus,-18.48534,109.9991
2347567,2347567,Argyropelecus hemigymnus,-18.48534,109.9991
2347567,2347567,Argyropelecus hemigymnus,-21.48888,110.00061
2347567,2347567,Argyropelecus hemigymnus,-27.50816,110.02732
2347567,2347567,Argyropelecus hemigymnus,-33.48628,109.99178
2347567,2347567,Argyropelecus hemigymnus,-21.50753,110.03072
2347567,2347567,Argyropelecus hemigymnus,-11.50341,110.01982
2347567,2347567,Argyropelecus hemigymnus,-12.47858,109.99964
2347567,2347567,Argyropelecus hemigymnus,-14.01891,110.00798
2347567,2347567,Argyropelecus hemigymnus,-11.50699,110.02292
2347567,2347567,Argyropelecus hemigymnus,-14.01661,110.00346
2347567,2347567,Argyropelecus hemigymnus,-12.4842,109.99962
2347567,2347567,Argyropelecus hemigymnus,-34.764833,130.700167
2347567,2347567,Argyropelecus hemigymnus,-35.814333,131.702667
2347567,2347567,Argyropelecus hemigymnus,-35.83185,131.6675
2347567,2347567,Argyropelecus hemigymnus,-35.814333,131.702667
2347567,2347567,Argyropelecus hemigymnus,-34.764833,130.700167
2347567,2347567,Argyropelecus hemigymnus,-36.3507,150.914
2347567,2347567,Argyropelecus hemigymnus,-28.371,154.649
2347567,2347567,Argyropelecus hemigymnus,-35.64833,151.76083
2347567,2347567,Argyropelecus hemigymnus,-35.64833,151.76083
2347567,2347567,Argyropelecus hemigymnus,-35.64833,151.76083
2347567,2347567,Argyropelecus hemigymnus,-35.64833,151.76083
2347567,2347567,Argyropelecus hemigymnus,-35.64833,151.76083
2347567,2347567,Argyropelecus hemigymnus,-35.64833,151.76083
2347567,2347567,Argyropelecus hemigymnus,-35.64833,151.76083
2347567,2347567,Argyropelecus hemigymnus,-35.64833,151.76083
2347567,2347567,Argyropelecus hemigymnus,-35.64833,151.76083
2347567,2347567,Argyropelecus hemigymnus,-35.1555,131.640667
2347567,2347567,Argyropelecus hemigymnus,-34.3863,131.782
2347567,2347567,Argyropelecus hemigymnus,-34.41425,130.031
2347567,2347567,Argyropelecus hemigymnus,-35.1686,131.6315
2347567,2347567,Argyropelecus hemigymnus,-35.24015,131.6775
2347567,2347567,Argyropelecus hemigymnus,-35.1555,131.640667
2347567,2347567,Argyropelecus hemigymnus,-34.641,130.28
2347567,2347567,Argyropelecus hemigymnus,-34.0827,130.2495
2347567,2347567,Argyropelecus hemigymnus,-33.73065,130.6595
2347567,2347567,Argyropelecus hemigymnus,-33.9382,131.0605
2347567,2347567,Argyropelecus hemigymnus,-35.152333,134.099
2347567,2347567,Argyropelecus hemigymnus,-35.044,134.09
2347567,9898371,Argyropelecus hemigymnus,-35.1523,134.099
2347567,2347567,Argyropelecus hemigymnus,-35.1524,134.099
2347567,2347567,Argyropelecus hemigymnus,-35.044,134.09
2347567,2347567,Argyropelecus hemigymnus,-35.044,134.09
2347567,2347567,Argyropelecus hemigymnus,-35.152333,134.099
2347567,2347567,Argyropelecus hemigymnus,-35.52222,117.21
2347567,2347567,Argyropelecus hemigymnus,-41.33332,148.23333
2347567,2347567,Argyropelecus hemigymnus,-20.275,113.225
2347567,2347567,Argyropelecus hemigymnus,-20.275,113.225
2347567,2347567,Argyropelecus hemigymnus,-33.891666,152.44833
2347567,2347567,Argyropelecus hemigymnus,-35.5092,150.882
2347567,2347567,Argyropelecus hemigymnus,-34.951,151.34
2347567,2347567,Argyropelecus hemigymnus,-34.9462,151.248
2347567,2347567,Argyropelecus hemigymnus,-34.935,151.245
2347567,2347567,Argyropelecus hemigymnus,-38.5022,149.259
2347567,2347567,Argyropelecus hemigymnus,-34.8823,151.378
2347567,2347567,Argyropelecus hemigymnus,-38.6538,149.25
2347567,2347567,Argyropelecus hemigymnus,-38.5267,149.397
2347567,2347567,Argyropelecus hemigymnus,-34.8228,151.28
2347567,2347567,Argyropelecus hemigymnus,-34.8225,151.391
2347567,2347567,Argyropelecus hemigymnus,-38.4533,149.162
2347567,2347567,Argyropelecus hemigymnus,-35.0717,151.21
2347567,2347567,Argyropelecus hemigymnus,-38.4533,149.162
2347567,2347567,Argyropelecus hemigymnus,-35.0717,151.21
2347567,2347567,Argyropelecus hemigymnus,-35.0047,151.162
2347567,2347567,Argyropelecus hemigymnus,-35.0067,151.278
2347567,2347567,Argyropelecus hemigymnus,-38.3383,149.307
2347567,2347567,Argyropelecus hemigymnus,-38.3717,149.302
2347567,2347567,Argyropelecus hemigymnus,-38.306,149.435
2347567,2347567,Argyropelecus hemigymnus,-38.3383,149.307
2347567,2347567,Argyropelecus hemigymnus,-38.4043,149.167
2347567,2347567,Argyropelecus hemigymnus,-38.3388,149.32
2347567,2347567,Argyropelecus hemigymnus,-38.3717,149.302
2347567,2347567,Argyropelecus hemigymnus,-39.0983,148.707
2347567,2347567,Argyropelecus hemigymnus,-39.0983,148.707
2347567,2347567,Argyropelecus hemigymnus,-33.575,152.01666
2347567,2347567,Argyropelecus hemigymnus,-37.12,150.38
2347567,2347567,Argyropelecus hemigymnus,-36.6,150.38
2347567,2347567,Argyropelecus hemigymnus,-36.93,150.37
2347567,2347567,Argyropelecus hemigymnus,-37.3,150.4
2347567,2347567,Argyropelecus hemigymnus,-37.52,150.35
2347567,2347567,Argyropelecus hemigymnus,-33.85,151.82
2347567,2347567,Argyropelecus hemigymnus,-33.83,152.03
2347567,2347567,Argyropelecus hemigymnus,-34.25,151.45
2347567,2347567,Argyropelecus hemigymnus,-37.55,150.37
2347567,2347567,Argyropelecus hemigymnus,-37.55,150.37
2347567,2347567,Argyropelecus hemigymnus,-36.5,150.38
2347567,2347567,Argyropelecus hemigymnus,-34.28,151.52
2347567,2347567,Argyropelecus hemigymnus,-33.07,152.63
2347567,2347567,Argyropelecus hemigymnus,-32.98,152.55
2347567,2347567,Argyropelecus hemigymnus,-34.22,151.55
2347567,2347567,Argyropelecus hemigymnus,-32.7,153
2347567,2347567,Argyropelecus hemigymnus,-33.37,151.55
2347567,2347567,Argyropelecus hemigymnus,-36.87,150.37
2347567,2347567,Argyropelecus hemigymnus,-34.28,151.58
2347567,2347567,Argyropelecus hemigymnus,-37.17,150.37
2347567,2347567,Argyropelecus hemigymnus,-36.466667,151.31667
2347567,2347567,Argyropelecus hemigymnus,-32.98,124.52
2347567,2347567,Argyropelecus hemigymnus,-35.7019,135.0847
2347567,2347567,Argyropelecus hemigymnus,-40.0583,142.9433
2347567,2347567,Argyropelecus hemigymnus,-40.0583,142.9433
2347567,2347567,Argyropelecus hemigymnus,-40.06,142.9433
2347567,2347567,Argyropelecus hemigymnus,-40.0583,142.9433
2347567,2347567,Argyropelecus hemigymnus,-33.28333,152.58334
2347567,2347567,Argyropelecus hemigymnus,-33.1,152.66667
2347567,2347567,Argyropelecus hemigymnus,-32.73333,153.7
2347567,2347567,Argyropelecus hemigymnus,-33.28333,152.275
2347567,2347567,Argyropelecus hemigymnus,-33.70833,152.48333
2347567,2347567,Argyropelecus hemigymnus,-33.14166,152.74167
2347567,2347567,Argyropelecus hemigymnus,-33.125,152.75834
2347567,2347567,Argyropelecus hemigymnus,-33.49166,152.35834
2347567,2347567,Argyropelecus hemigymnus,-33.45833,152.24167
2347567,2347567,Argyropelecus hemigymnus,-33.525,152.54167
2347567,2347567,Argyropelecus hemigymnus,-34.225,152.30834
2347567,2347567,Argyropelecus hemigymnus,-33.875,152.91667
2347567,2347567,Argyropelecus hemigymnus,-33.975,152.15
2347567,2347567,Argyropelecus hemigymnus,-33.53333,152.50834
2347567,2347567,Argyropelecus hemigymnus,-33.50833,152.325
2347567,2347567,Argyropelecus hemigymnus,-35.625,150.925
2347567,2347567,Argyropelecus hemigymnus,-34.183334,152.05
2347567,2347567,Argyropelecus hemigymnus,-33.533333,152.575
2347567,2347567,Argyropelecus hemigymnus,-34.375,151.91667
2347567,2347567,Argyropelecus hemigymnus,-34.116665,152.56667
2347567,2347567,Argyropelecus hemigymnus,-34.183334,152.16667
2347567,2347567,Argyropelecus hemigymnus,-34.083332,152.25
2347567,2347567,Argyropelecus hemigymnus,-34.133335,152.21666
2347567,2347567,Argyropelecus hemigymnus,-34.15,152.11667
2347567,2347567,Argyropelecus hemigymnus,-34.083332,151.93333
2347567,2347567,Argyropelecus hemigymnus,-34.083332,151.93333
2347567,2347567,Argyropelecus hemigymnus,-33.333332,152.28334
2347567,2347567,Argyropelecus hemigymnus,-12.083333,96.75
2347567,2347567,Argyropelecus hemigymnus,-12.033333,96.716667
2347567,2347567,Argyropelecus hemigymnus,-12.083333,96.75
2347567,2347567,Argyropelecus hemigymnus,-10.136667,97.248333
2347567,2347567,Argyropelecus hemigymnus,-35.05125,131.0775
