requested_taxonKey,record_taxonKey,species_name,decimalLatitude,decimalLongitude
2347053,2347053,Astronesthes indicus,-22.012556,113.729703
2347053,2347053,Astronesthes indicus,-22.012556,113.729703
2347053,2347053,Astronesthes indicus,-21.723735,113.85555
2347053,2347053,Astronesthes indicus,-21.723735,113.85555
2347053,2347053,Astronesthes indicus,-21.735139,113.854635
2347053,2347053,Astronesthes indicus,-21.735139,113.854635
2347053,2347053,Astronesthes indicus,-33.886665,152.37416
2347053,2347053,Astronesthes indicus,-32.816666,152.81667
2347053,2347053,Astronesthes indicus,-35.0717,151.21
2347053,2347053,Astronesthes indicus,-33.491665,152.2
2347053,2347053,Astronesthes indicus,-32.83,152.77
2347053,2347053,Astronesthes indicus,-18.533333,116.833336
2347053,2347053,Astronesthes indicus,-18.666666,116.5
2347053,2347053,Astronesthes indicus,-38.0233,150.235
2347053,2347053,Astronesthes indicus,-33.016666,153.01666
2347053,2347053,Astronesthes indicus,-33.15,153.08333
2347053,2347053,Astronesthes indicus,-32.983334,153.03334
2347053,2347053,Astronesthes indicus,-33.2,152.78334
2347053,2347053,Astronesthes indicus,-22.2,112.88333
2347053,2347053,Astronesthes indicus,-33.52,152.33
2347053,2347053,Astronesthes indicus,-33.55,152.3
2347053,2347053,Astronesthes indicus,-33.533333,152.575
2347053,2347053,Astronesthes indicus,-34.15,152.01666
2347053,2347053,Astronesthes indicus,-33.475,152.1
2347053,2347053,Astronesthes indicus,-34.458332,151.48334
2347053,2347053,Astronesthes indicus,-12.083333,96.75
