requested_taxonKey,record_taxonKey,species_name,decimalLatitude,decimalLongitude
2347601,2347601,Valenciennellus tripunctulatus,-27.51741,110.04235
2347601,2347601,Valenciennellus tripunctulatus,-30.52387,109.99804
2347601,2347601,Valenciennellus tripunctulatus,-24.49228,110.00034
2347601,2347601,Valenciennellus tripunctulatus,-27.51114,110.03239
2347601,2347601,Valenciennellus tripunctulatus,-21.46944,109.99999
2347601,2347601,Valenciennellus tripunctulatus,-24.48193,110.00004
2347601,2347601,Valenciennellus tripunctulatus,-22.94838,110.00007
2347601,2347601,Valenciennellus tripunctulatus,-33.50191,109.99376
2347601,2347601,Valenciennellus tripunctulatus,-23.01165,110.01617
2347601,2347601,Valenciennellus tripunctulatus,-29.02004,110.05136
2347601,2347601,Valenciennellus tripunctulatus,-22.98714,109.99957
2347601,2347601,Valenciennellus tripunctulatus,-26.05189,110.00273
2347601,2347601,Valenciennellus tripunctulatus,-20.03994,110.09998
2347601,2347601,Valenciennellus tripunctulatus,-31.99292,109.98851
2347601,2347601,Valenciennellus tripunctulatus,-18.46718,109.99944
2347601,2347601,Valenciennellus tripunctulatus,-22.97203,109.99987
2347601,2347601,Valenciennellus tripunctulatus,-31.93038,109.98553
2347601,2347601,Valenciennellus tripunctulatus,-20.00018,110.00511
2347601,2347601,Valenciennellus tripunctulatus,-21.50753,110.03072
2347601,2347601,Valenciennellus tripunctulatus,-21.50753,110.03072
2347601,2347601,Valenciennellus tripunctulatus,-27.46749,110.00434
2347601,2347601,Valenciennellus tripunctulatus,-21.48888,110.00061
2347601,2347601,Valenciennellus tripunctulatus,-25.98075,109.9975
2347601,2347601,Valenciennellus tripunctulatus,-33.50175,110.02898
2347601,2347601,Valenciennellus tripunctulatus,-18.47914,109.99932
2347601,2347601,Valenciennellus tripunctulatus,-21.51533,110.04793
2347601,2347601,Valenciennellus tripunctulatus,-27.50816,110.02732
2347601,2347601,Valenciennellus tripunctulatus,-21.46285,109.99969
2347601,2347601,Valenciennellus tripunctulatus,-24.47647,109.99999
2347601,2347601,Valenciennellus tripunctulatus,-22.95634,109.99989
2347601,2347601,Valenciennellus tripunctulatus,-23.01534,110.01863
2347601,2347601,Valenciennellus tripunctulatus,-30.4767,109.99475
2347601,2347601,Valenciennellus tripunctulatus,-24.46578,109.99983
2347601,2347601,Valenciennellus tripunctulatus,-23.00809,110.01371
2347601,2347601,Valenciennellus tripunctulatus,-29.0187,110.04442
2347601,2347601,Valenciennellus tripunctulatus,-29.01505,110.03143
2347601,2347601,Valenciennellus tripunctulatus,-22.97972,109.99978
2347601,2347601,Valenciennellus tripunctulatus,-22.97972,109.99978
2347601,2347601,Valenciennellus tripunctulatus,-33.48628,109.99178
2347601,2347601,Valenciennellus tripunctulatus,-26.04582,110.00047000000001
2347601,2347601,Valenciennellus tripunctulatus,-19.99976,110.00543
2347601,2347601,Valenciennellus tripunctulatus,-21.51014,110.03639
2347601,2347601,Valenciennellus tripunctulatus,-30.48451,109.99498
2347601,2347601,Valenciennellus tripunctulatus,-15.47863,110.03231
2347601,2347601,Valenciennellus tripunctulatus,-12.46712,109.99953
2347601,2347601,Valenciennellus tripunctulatus,-12.45564,109.99964
2347601,2347601,Valenciennellus tripunctulatus,-16.9942,110.02285
2347601,2347601,Valenciennellus tripunctulatus,-12.5078,110.04543
2347601,2347601,Valenciennellus tripunctulatus,-11.51666,110.03211
2347601,2347601,Valenciennellus tripunctulatus,-11.51028,110.02591
2347601,2347601,Valenciennellus tripunctulatus,-11.49918,110.01365
2347601,2347601,Valenciennellus tripunctulatus,-13.98272,110.00044
2347601,2347601,Valenciennellus tripunctulatus,-13.98272,110.00044
2347601,2347601,Valenciennellus tripunctulatus,-16.97104,110.02046
2347601,2347601,Valenciennellus tripunctulatus,-11.51314,110.01309
2347601,2347601,Valenciennellus tripunctulatus,-13.97429,110.0001
2347601,2347601,Valenciennellus tripunctulatus,-12.46143,109.99961
2347601,2347601,Valenciennellus tripunctulatus,-12.50807,110.03938
2347601,2347601,Valenciennellus tripunctulatus,-11.51345,110.02885
2347601,2347601,Valenciennellus tripunctulatus,-12.4728,109.99969
2347601,2347601,Valenciennellus tripunctulatus,-11.50699,110.02292
2347601,2347601,Valenciennellus tripunctulatus,-13.9786,110.00013
2347601,2347601,Valenciennellus tripunctulatus,-11.50376,110.01639
2347601,4353033,Valenciennellus tripunctulatus,-35.20083,152.03306
2347601,4353033,Valenciennellus tripunctulatus,-35.20083,152.03306
2347601,4353033,Valenciennellus tripunctulatus,-35.20083,152.03306
2347601,4353033,Valenciennellus tripunctulatus,-35.20083,152.03306
2347601,4353033,Valenciennellus tripunctulatus,-35.20083,152.03306
2347601,4353033,Valenciennellus tripunctulatus,-35.20083,152.03306
2347601,2347601,Valenciennellus tripunctulatus,-33.8125,152.31166
2347601,2347601,Valenciennellus tripunctulatus,-33.891666,152.44833
2347601,2347601,Valenciennellus tripunctulatus,-34.9462,151.248
2347601,2347601,Valenciennellus tripunctulatus,-34.9462,151.248
2347601,2347601,Valenciennellus tripunctulatus,-35.0717,151.21
2347601,2347601,Valenciennellus tripunctulatus,-38.3383,149.307
2347601,2347601,Valenciennellus tripunctulatus,-35.0047,151.162
2347601,2347601,Valenciennellus tripunctulatus,-33.28333,152.58334
2347601,2347601,Valenciennellus tripunctulatus,-33.3,152.275
2347601,2347601,Valenciennellus tripunctulatus,-33.28333,152.275
2347601,2347601,Valenciennellus tripunctulatus,-33.70833,152.48333
2347601,2347601,Valenciennellus tripunctulatus,-33.45833,152.24167
2347601,2347601,Valenciennellus tripunctulatus,-34.225,152.30834
2347601,2347601,Valenciennellus tripunctulatus,-33.96666,152.25
2347601,2347601,Valenciennellus tripunctulatus,-33.575,152.05834
2347601,2347601,Valenciennellus tripunctulatus,-33.975,152.15
2347601,2347601,Valenciennellus tripunctulatus,-33.383335,152.55
2347601,2347601,Valenciennellus tripunctulatus,-33.366665,152.525
2347601,2347601,Valenciennellus tripunctulatus,-34.183334,152.16667
2347601,2347601,Valenciennellus tripunctulatus,-34.133335,152.21666
2347601,2347601,Valenciennellus tripunctulatus,-34.083332,152.25
2347601,2347601,Valenciennellus tripunctulatus,-29.83333,114.28333
2347601,2347601,Valenciennellus tripunctulatus,-29.83333,114.28333
2347601,2347601,Valenciennellus tripunctulatus,-29.83333,114.28333
2347601,2347601,Valenciennellus tripunctulatus,-29.83333,114.28333
2347601,2347601,Valenciennellus tripunctulatus,-29.83333,114.28333
2347601,2347601,Valenciennellus tripunctulatus,-29.83333,114.28333
2347601,2347601,Valenciennellus tripunctulatus,-29.83333,114.28333
2347601,2347601,Valenciennellus tripunctulatus,-29.83333,114.28333
2347601,2347601,Valenciennellus tripunctulatus,-29.83333,114.28333
2347601,2347601,Valenciennellus tripunctulatus,-29.83333,114.28333
2347601,2347601,Valenciennellus tripunctulatus,-29.83333,114.28333
