requested_taxonKey,record_taxonKey,species_name,decimalLatitude,decimalLongitude
2347055,2347055,Astronesthes boulengeri,-35.181167,130.687667
2347055,2347055,Astronesthes boulengeri,-35.181167,130.687667
2347055,2347055,Astronesthes boulengeri,-33.8125,152.31166
2347055,2347055,Astronesthes boulengeri,-35.5052,150.852
2347055,2347055,Astronesthes boulengeri,-34.685,122.423
2347055,2347055,Astronesthes boulengeri,-33.466667,152.225
2347055,2347055,Astronesthes boulengeri,-38.4533,149.162
2347055,2347055,Astronesthes boulengeri,-41.583333,144.3
2347055,2347055,Astronesthes boulengeri,-41.583333,144.3
2347055,2347055,Astronesthes boulengeri,-35.825,150.55833
2347055,2347055,Astronesthes boulengeri,-35.83,150.56
2347055,2347055,Astronesthes boulengeri,-34.67,121.92
2347055,2347055,Astronesthes boulengeri,-35.7019,135.0847
2347055,2347055,Astronesthes boulengeri,-33.71667,152.5
2347055,2347055,Astronesthes boulengeri,-33.14166,152.74167
2347055,2347055,Astronesthes boulengeri,-33.10833,152.76667
2347055,2347055,Astronesthes boulengeri,-32.73333,153.7
2347055,2347055,Astronesthes boulengeri,-33.3,152.35833
2347055,2347055,Astronesthes boulengeri,-33.23333,153.3
2347055,2347055,Astronesthes boulengeri,-33.266666,153.14166
2347055,2347055,Astronesthes boulengeri,-33.15,153.08333
2347055,2347055,Astronesthes boulengeri,-34.183334,152.05
2347055,2347055,Astronesthes boulengeri,-34.625,151.26666
2347055,2347055,Astronesthes boulengeri,-33.25,151.49167
2347055,2347055,Astronesthes boulengeri,-33.533333,152.575
2347055,2347055,Astronesthes boulengeri,-33.633335,151.95
2347055,2347055,Astronesthes boulengeri,-34.2,151.6
2347055,2347055,Astronesthes boulengeri,-34.083332,151.93333
2347055,2347055,Astronesthes boulengeri,-37.1,150.583333
2347055,2347055,Astronesthes boulengeri,-37.1,150.583333
2347055,2347055,Astronesthes boulengeri,-36.283333,150.416667
2347055,2347055,Astronesthes boulengeri,-36.283333,150.416667
2347055,2347055,Astronesthes boulengeri,-38.3833,137.7167
