requested_taxonKey,record_taxonKey,species_name,decimalLatitude,decimalLongitude
2347448,2347448,Cyclothone microdon,-23.9847,111.97035
2347448,2347448,Cyclothone microdon,-33.86,152.13167
2347448,2347448,Cyclothone microdon,-34.038334,152.62666
2347448,2347448,Cyclothone microdon,-34.67,120.412
2347448,2347448,Cyclothone microdon,-34.951,151.34
2347448,2347448,Cyclothone microdon,-34.8823,151.378
2347448,2347448,Cyclothone microdon,-38.5022,149.259
2347448,2347448,Cyclothone microdon,-38.5022,149.259
2347448,2347448,Cyclothone microdon,-34.935,151.245
2347448,2347448,Cyclothone microdon,-34.935,151.245
2347448,2347448,Cyclothone microdon,-38.5022,149.259
2347448,2347448,Cyclothone microdon,-34.992,151.099
2347448,2347448,Cyclothone microdon,-38.5267,149.397
2347448,2347448,Cyclothone microdon,-38.3383,149.307
2347448,2347448,Cyclothone microdon,-38.4533,149.162
2347448,2347448,Cyclothone microdon,-35.0717,151.21
2347448,2347448,Cyclothone microdon,-34.8225,151.391
2347448,2347448,Cyclothone microdon,-38.5267,149.397
2347448,2347448,Cyclothone microdon,-38.4533,149.162
2347448,2347448,Cyclothone microdon,-38.6538,149.25
2347448,2347448,Cyclothone microdon,-35.0067,151.278
2347448,2347448,Cyclothone microdon,-38.3383,149.307
2347448,2347448,Cyclothone microdon,-38.3383,149.307
2347448,2347448,Cyclothone microdon,-18.133333,116.71667
2347448,2347448,Cyclothone microdon,-33.266666,153.14166
2347448,2347448,Cyclothone microdon,-35.625,150.925
2347448,2347448,Cyclothone microdon,-34.183334,152.05
2347448,2347448,Cyclothone microdon,-35.625,150.925
2347448,2347448,Cyclothone microdon,-33.575,152.35
2347448,2347448,Cyclothone microdon,-33.575,152.35
2347448,2347448,Cyclothone microdon,-33.35,152.44167
2347448,2347448,Cyclothone microdon,-33.45,152.5
2347448,2347448,Cyclothone microdon,-34.15,152.01666
2347448,2347448,Cyclothone microdon,-34.116665,152.56667
2347448,2347448,Cyclothone microdon,-34.133335,152.21666
2347448,2347448,Cyclothone microdon,-36.316667,150.6
2347448,2347448,Cyclothone microdon,-36.316667,150.6
2347448,2347448,Cyclothone microdon,-34.083333,151.6
2347448,2347448,Cyclothone microdon,-34.083333,151.6
