requested_taxonKey,record_taxonKey,species_name,decimalLatitude,decimalLongitude
2347127,2347128,Pachystomias microdon,-34.6,132.333333
2347127,2347128,Pachystomias microdon,-34.6,132.333333
2347127,2347128,Pachystomias microdon,-18.45,116.55
2347127,2347128,Pachystomias microdon,-33.066666,153.13333
2347127,2347128,Pachystomias microdon,-32.983334,153.03334
2347127,2347128,Pachystomias microdon,-33.35,152.44167
2347127,2347128,Pachystomias microdon,-33.533333,152.575
2347127,2347128,Pachystomias microdon,-34.15,152.01666
