requested_taxonKey,record_taxonKey,species_name,decimalLatitude,decimalLongitude
2347561,2347561,Sternoptyx pseudodiaphana,-34.773667,130.7135
2347561,2347561,Sternoptyx pseudodiaphana,-34.7669,130.7135
2347561,2347561,Sternoptyx pseudodiaphana,-34.773667,130.7135
2347561,2347561,Sternoptyx pseudodiaphana,-34.775167,131.731333
2347561,2347561,Sternoptyx pseudodiaphana,-34.78695,131.738
2347561,2347561,Sternoptyx pseudodiaphana,-34.78695,131.738
2347561,2347561,Sternoptyx pseudodiaphana,-34.775167,131.731333
2347561,2347561,Sternoptyx pseudodiaphana,-35.801667,132.028667
2347561,2347561,Sternoptyx pseudodiaphana,-35.801667,132.028667
2347561,2347561,Sternoptyx pseudodiaphana,-34.641,130.28
2347561,2347561,Sternoptyx pseudodiaphana,-35.3196,132.691
2347561,2347561,Sternoptyx pseudodiaphana,-34.0827,130.2495
2347561,2347561,Sternoptyx pseudodiaphana,-35.4955,150.858
2347561,2347561,Sternoptyx pseudodiaphana,-38.3485,149.639
2347561,2347561,Sternoptyx pseudodiaphana,-42.381667,144.688333
2347561,2347561,Sternoptyx pseudodiaphana,-40.928333,143.675
2347561,2347561,Sternoptyx pseudodiaphana,-40.928333,143.675
2347561,2347561,Sternoptyx pseudodiaphana,-42.381667,144.688333
2347561,2347561,Sternoptyx pseudodiaphana,-35.625,150.925
2347561,2347561,Sternoptyx pseudodiaphana,-34.183334,152.05
2347561,2347561,Sternoptyx pseudodiaphana,-34.625,151.26666
2347561,2347561,Sternoptyx pseudodiaphana,-37.433334,150.525
2347561,2347561,Sternoptyx pseudodiaphana,-33.575,152.35
2347561,2347561,Sternoptyx pseudodiaphana,-33.35,152.44167
2347561,2347561,Sternoptyx pseudodiaphana,-33.35,152.63333
2347561,2347561,Sternoptyx pseudodiaphana,-34.116665,152.56667
2347561,2347561,Sternoptyx pseudodiaphana,-34.133335,152.21666
2347561,2347561,Sternoptyx pseudodiaphana,-34.15,152.11667
2347561,2347561,Sternoptyx pseudodiaphana,-34.083332,151.93333
2347561,2347561,Sternoptyx pseudodiaphana,-42,138.46667
