requested_taxonKey,record_taxonKey,species_name,decimalLatitude,decimalLongitude
2347450,2347450,Cyclothone pallida,-20.8072,111.73201
2347450,2347450,Cyclothone pallida,-20.8752,111.44704
2347450,2347450,Cyclothone pallida,-33.86,152.13167
2347450,2347450,Cyclothone pallida,-34.038334,152.62666
2347450,2347450,Cyclothone pallida,-34.951,151.34
2347450,2347450,Cyclothone pallida,-38.5022,149.259
2347450,2347450,Cyclothone pallida,-38.3383,149.307
2347450,2347450,Cyclothone pallida,-18.133333,116.71667
2347450,2347450,Cyclothone pallida,-18.45,116.55
2347450,2347450,Cyclothone pallida,-33.266666,153.14166
2347450,2347450,Cyclothone pallida,-33.016666,153
2347450,2347450,Cyclothone pallida,-35.625,150.925
2347450,2347450,Cyclothone pallida,-33.35,152.44167
2347450,2347450,Cyclothone pallida,-33.45,152.5
2347450,2347450,Cyclothone pallida,-34.116665,152.56667
2347450,2347450,Cyclothone pallida,-10.136667,97.248333
