requested_taxonKey,record_taxonKey,species_name,decimalLatitude,decimalLongitude
2347421,2347421,Sigmops bathyphilus,-21.085354,112.625818
2347421,2347421,Sigmops bathyphilus,-21.049474,112.636707
2347421,2347421,Sigmops bathyphilus,-21.085354,112.625818
2347421,2347421,Sigmops bathyphilus,-21.049474,112.636707
2347421,2347421,Sigmops bathyphilus,-23.749801,111.244269
2347421,2347421,Sigmops bathyphilus,-23.749801,111.244269
2347421,2347421,Sigmops bathyphilus,-23.838167,111.740837
2347421,2347421,Sigmops bathyphilus,-23.838167,111.740837
2347421,2347421,Sigmops bathyphilus,-34.629333,132.356167
2347421,2347421,Sigmops bathyphilus,-34.6338,132.371
2347421,2347421,Sigmops bathyphilus,-34.629333,132.356167
2347421,2347421,Sigmops bathyphilus,-35.7975,132.693
2347421,2347421,Sigmops bathyphilus,-35.7975,132.693
2347421,2347421,Sigmops bathyphilus,-38.578667,149.472167
2347421,2347421,Sigmops bathyphilus,-38.578667,149.472167
2347421,2347421,Sigmops bathyphilus,-38.578667,149.472167
2347421,2347421,Sigmops bathyphilus,-38.578667,149.472167
2347421,2347421,Sigmops bathyphilus,-34.951,151.34
2347421,2347421,Sigmops bathyphilus,-33.525,152.16667
2347421,2347421,Sigmops bathyphilus,-41.688333,144.12
2347421,2347421,Sigmops bathyphilus,-41.688333,144.12
2347421,2347421,Sigmops bathyphilus,-35.0047,151.162
2347421,2347421,Sigmops bathyphilus,-34.8225,151.391
2347421,2347421,Sigmops bathyphilus,-38.3717,149.302
2347421,2347421,Sigmops bathyphilus,-38.306,149.435
2347421,2347421,Sigmops bathyphilus,-32.9,152.88333
2347421,2347421,Sigmops bathyphilus,-33.575,152.35
2347421,2347421,Sigmops bathyphilus,-33.35,152.44167
2347421,2347421,Sigmops bathyphilus,-35.7876,132.68
2347421,2347421,Sigmops bathyphilus,-34.8556,130.711
