requested_taxonKey,record_taxonKey,species_name,decimalLatitude,decimalLongitude
2347168,2347168,Melanostomias niger,-35.063667,130.689167
2347168,2347168,Melanostomias niger,-35.063667,130.689167
2347168,2347168,Melanostomias niger,-33.9617,131.44
2347168,2347168,Melanostomias niger,-32.816666,152.83333
2347168,2347168,Melanostomias niger,-33.491665,152.2
2347168,2347168,Melanostomias niger,-38.5022,149.259
2347168,2347168,Melanostomias niger,-37.433334,150.525
2347168,2347168,Melanostomias niger,-34.5833,130.2
