requested_taxonKey,record_taxonKey,species_name,decimalLatitude,decimalLongitude
2347465,2347465,Cyclothone pseudopallida,-22.99232,112.47763
2347465,2347465,Cyclothone pseudopallida,-20.8752,111.44704
2347465,2347465,Cyclothone pseudopallida,-20.8752,111.44704
2347465,2347465,Cyclothone pseudopallida,-20.8752,111.44704
2347465,2347465,Cyclothone pseudopallida,-20.8752,111.44704
2347465,2347465,Cyclothone pseudopallida,-11.50341,110.01982
2347465,2347465,Cyclothone pseudopallida,-13.99215,110.00296
2347465,2347465,Cyclothone pseudopallida,-14.01661,110.00346
2347465,2347465,Cyclothone pseudopallida,-12.4842,109.99962
2347465,2347465,Cyclothone pseudopallida,-33.86,152.13167
2347465,2347465,Cyclothone pseudopallida,-34.038334,152.62666
2347465,2347465,Cyclothone pseudopallida,-34.951,151.34
2347465,2347465,Cyclothone pseudopallida,-34.935,151.245
2347465,2347465,Cyclothone pseudopallida,-38.5022,149.259
2347465,2347465,Cyclothone pseudopallida,-34.8823,151.378
2347465,2347465,Cyclothone pseudopallida,-38.5022,149.259
2347465,2347465,Cyclothone pseudopallida,-38.4043,149.167
2347465,2347465,Cyclothone pseudopallida,-38.3717,149.302
2347465,2347465,Cyclothone pseudopallida,-38.3717,149.302
2347465,2347465,Cyclothone pseudopallida,-38.3383,149.307
2347465,2347465,Cyclothone pseudopallida,-38.4043,149.167
2347465,2347465,Cyclothone pseudopallida,-18.133333,116.71667
2347465,2347465,Cyclothone pseudopallida,-33.266666,153.14166
2347465,2347465,Cyclothone pseudopallida,-33.35,152.44167
2347465,2347465,Cyclothone pseudopallida,-34.116665,152.56667
2347465,2347465,Cyclothone pseudopallida,-34.133335,152.21666
2347465,2347465,Cyclothone pseudopallida,-33.283333,152.75
