requested_taxonKey,record_taxonKey,species_name,decimalLatitude,decimalLongitude
2347532,2347532,Polyipnus tridentifer,-34.315667,132.618833
2347532,2347532,Polyipnus tridentifer,-33.418667,130.756333
2347532,2347532,Polyipnus tridentifer,-33.42485,130.7275
2347532,2347532,Polyipnus tridentifer,-33.42485,130.7275
2347532,2347532,Polyipnus tridentifer,-34.315667,132.618833
2347532,2347532,Polyipnus tridentifer,-33.418667,130.756333
2347532,2347532,Polyipnus tridentifer,-18.512167,117.691833
2347532,2347532,Polyipnus tridentifer,-18.512167,117.691833
2347532,2347532,Polyipnus tridentifer,-18.43,117.78
2347532,2347532,Polyipnus tridentifer,-18.43,117.78
2347532,2347532,Polyipnus tridentifer,-18.43,117.78
2347532,2347532,Polyipnus tridentifer,-18.512167,117.691833
2347532,2347532,Polyipnus tridentifer,-18.512167,117.691833
2347532,2347532,Polyipnus tridentifer,-22.071833,113.756
2347532,2347532,Polyipnus tridentifer,-21.970167,113.793
2347532,2347532,Polyipnus tridentifer,-22.071833,113.756
2347532,2347532,Polyipnus tridentifer,-22.846833,113.338
2347532,2347532,Polyipnus tridentifer,-21.970167,113.793
2347532,2347532,Polyipnus tridentifer,-22.071833,113.756
2347532,2347532,Polyipnus tridentifer,-21.970167,113.793
2347532,2347532,Polyipnus tridentifer,-22.071833,113.756
2347532,2347532,Polyipnus tridentifer,-22.846833,113.338
2347532,2347532,Polyipnus tridentifer,-21.970167,113.793
2347532,2347532,Polyipnus tridentifer,-31.27,114.837
2347532,2347532,Polyipnus tridentifer,-18.017,118.383
2347532,2347532,Polyipnus tridentifer,-33.6,125.895
2347532,2347532,Polyipnus tridentifer,-33.43,130.5
2347532,2347532,Polyipnus tridentifer,-38.3717,149.302
2347532,2347532,Polyipnus tridentifer,-17.367,118.633
2347532,2347532,Polyipnus tridentifer,-17.533,118.8
2347532,2347532,Polyipnus tridentifer,-17.383,118.95
2347532,2347532,Polyipnus tridentifer,-17.617,118.667
2347532,2347532,Polyipnus tridentifer,-41.26666,144.15
2347532,2347532,Polyipnus tridentifer,-33.516667,131.133333
2347532,2347532,Polyipnus tridentifer,-33.516667,131.133333
2347532,2347532,Polyipnus tridentifer,-33.433333,129.083333
2347532,2347532,Polyipnus tridentifer,-33.466667,129.083333
2347532,2347532,Polyipnus tridentifer,-33.433333,129.083333
2347532,2347532,Polyipnus tridentifer,-33.466667,129.083333
2347532,2347532,Polyipnus tridentifer,-33.466667,129.8
2347532,2347532,Polyipnus tridentifer,-33.433333,129.766667
2347532,2347532,Polyipnus tridentifer,-33.433333,129.766667
2347532,2347532,Polyipnus tridentifer,-33.466667,129.8
2347532,2347532,Polyipnus tridentifer,-33.50833,131.01667
2347532,2347532,Polyipnus tridentifer,-33.483334,127.25
2347532,2347532,Polyipnus tridentifer,-33.483334,127.25
2347532,2347532,Polyipnus tridentifer,-34.01666,132.13334
2347532,2347532,Polyipnus tridentifer,-34.08333,132.9257
2347532,2347532,Polyipnus tridentifer,-16.56833,120.48431
2347532,2347532,Polyipnus tridentifer,-33.36806,127.58445
2347532,2347532,Polyipnus tridentifer,-33.41819,130.00042
2347532,2347532,Polyipnus tridentifer,-33.41667,128.1682
2347532,2347532,Polyipnus tridentifer,-33.41667,128.1682
2347532,2347532,Polyipnus tridentifer,-33.41667,128.1682
2347532,2347532,Polyipnus tridentifer,-33.41667,128.1682
2347532,2347532,Polyipnus tridentifer,-33.41667,128.1682
2347532,2347532,Polyipnus tridentifer,-33.41667,128.1682
2347532,2347532,Polyipnus tridentifer,-33.55833,131.08334
2347532,2347532,Polyipnus tridentifer,-33.73333,130.99167
2347532,2347532,Polyipnus tridentifer,-33.45903,128.88334
2347532,2347532,Polyipnus tridentifer,-33.55903,130.89167
2347532,2347532,Polyipnus tridentifer,-33.45903,128.88334
2347532,2347532,Polyipnus tridentifer,-33.48333,129.60834
2347532,2347532,Polyipnus tridentifer,-33.73333,130.99167
2347532,2347532,Polyipnus tridentifer,-33.73333,130.99167
2347532,2347532,Polyipnus tridentifer,-33.73333,130.99167
2347532,2347532,Polyipnus tridentifer,-33.48333,129.60834
2347532,2347532,Polyipnus tridentifer,-33.48333,129.60834
2347532,2347532,Polyipnus tridentifer,-33.48333,129.60834
2347532,2347532,Polyipnus tridentifer,-33.48402,126.91667
2347532,2347532,Polyipnus tridentifer,-33.45903,128.88334
2347532,2347532,Polyipnus tridentifer,-33.73333,131.975
2347532,2347532,Polyipnus tridentifer,-15.40833,120.65875
2347532,2347532,Polyipnus tridentifer,-15.65069,120.70834
2347532,2347532,Polyipnus tridentifer,-32,128.75
2347532,2347532,Polyipnus tridentifer,-32,128.75
2347532,2347532,Polyipnus tridentifer,-33.52,128.95
2347532,2347532,Polyipnus tridentifer,-34.75,134.5
2347532,2347532,Polyipnus tridentifer,-34.725,135.336
2347532,2347532,Polyipnus tridentifer,-18.55,121.01667
2347532,2347532,Polyipnus tridentifer,-18.08333,118.1
2347532,2347532,Polyipnus tridentifer,-18.08333,118.16667
2347532,2347532,Polyipnus tridentifer,-18.01667,118.21667
2347532,2347532,Polyipnus tridentifer,-17.38333,118.86667
2347532,2347532,Polyipnus tridentifer,-18.25,118.03333
2347532,2347532,Polyipnus tridentifer,-18.58333,117.35
2347532,2347532,Polyipnus tridentifer,-27.766667,112.916667
2347532,2347532,Polyipnus tridentifer,-31.71667,129.46667
2347532,2347532,Polyipnus tridentifer,-17.08333,119.8
2347532,2347532,Polyipnus tridentifer,-32,129.466667
2347532,2347532,Polyipnus tridentifer,-32,129.466667
2347532,2347532,Polyipnus tridentifer,-32,129.466667
2347532,2347532,Polyipnus tridentifer,-32,129.466667
2347532,2347532,Polyipnus tridentifer,-32,129.466667
