requested_taxonKey,record_taxonKey,species_name,decimalLatitude,decimalLongitude
2347454,2347454,Cyclothone braueri,-30.52927,109.99581
2347454,2347454,Cyclothone braueri,-33.86,152.13167
2347454,2347454,Cyclothone braueri,-34.038334,152.62666
2347454,2347454,Cyclothone braueri,-38.6538,149.25
2347454,2347454,Cyclothone braueri,-35.0067,151.278
2347454,2347454,Cyclothone braueri,-34.8228,151.28
2347454,2347454,Cyclothone braueri,-38.3383,149.307
2347454,2347454,Cyclothone braueri,-34.116665,152.56667
2347454,2347454,Cyclothone braueri,-34.133335,152.21666
