requested_taxonKey,record_taxonKey,species_name,decimalLatitude,decimalLongitude
2347557,2347557,Sternoptyx diaphana,-21.355221,111.52273
2347557,2347557,Sternoptyx diaphana,-21.355221,111.52273
2347557,2347557,Sternoptyx diaphana,-22.20177,113.64602
2347557,2347557,Sternoptyx diaphana,-23.13834,112.81376
2347557,2347557,Sternoptyx diaphana,-23.9847,111.97035
2347557,2347557,Sternoptyx diaphana,-23.9847,111.97035
2347557,2347557,Sternoptyx diaphana,-23.9847,111.97035
2347557,2347557,Sternoptyx diaphana,-23.9847,111.97035
2347557,2347557,Sternoptyx diaphana,-23.13834,112.81376
2347557,2347557,Sternoptyx diaphana,-23.13834,112.81376
2347557,2347557,Sternoptyx diaphana,-23.13834,112.81376
2347557,2347557,Sternoptyx diaphana,-23.13834,112.81376
2347557,2347557,Sternoptyx diaphana,-18.48534,109.9991
2347557,2347557,Sternoptyx diaphana,-35.19139,151.94417
2347557,2347557,Sternoptyx diaphana,-34.074,129.182
2347557,2347557,Sternoptyx diaphana,-34.074,129.182
2347557,9841076,Sternoptyx diaphana,-21.946,113.714
2347557,2347557,Sternoptyx diaphana,-21.937333,113.723
2347557,2347557,Sternoptyx diaphana,-21.937333,113.723
2347557,2347557,Sternoptyx diaphana,-20.13,112.918333
2347557,2347557,Sternoptyx diaphana,-20.13,112.918333
2347557,2347557,Sternoptyx diaphana,-32.5767,114.453
2347557,2347557,Sternoptyx diaphana,-37.34166,138.54167
2347557,2347557,Sternoptyx diaphana,-33.8125,152.31166
2347557,2347557,Sternoptyx diaphana,-33.8125,152.31166
2347557,2347557,Sternoptyx diaphana,-33.891666,152.44833
2347557,2347557,Sternoptyx diaphana,-38.5022,149.259
2347557,2347557,Sternoptyx diaphana,-34.8823,151.378
2347557,2347557,Sternoptyx diaphana,-34.951,151.34
2347557,2347557,Sternoptyx diaphana,-38.5022,149.259
2347557,2347557,Sternoptyx diaphana,-34.8823,151.378
2347557,2347557,Sternoptyx diaphana,-34.935,151.245
2347557,2347557,Sternoptyx diaphana,-38.6538,149.25
2347557,2347557,Sternoptyx diaphana,-38.5267,149.397
2347557,2347557,Sternoptyx diaphana,-34.8225,151.391
2347557,2347557,Sternoptyx diaphana,-38.4533,149.162
2347557,2347557,Sternoptyx diaphana,-35.0717,151.21
2347557,2347557,Sternoptyx diaphana,-34.91,151.23
2347557,2347557,Sternoptyx diaphana,-37.23,150.37
2347557,2347557,Sternoptyx diaphana,-32.98,124.52
2347557,2347557,Sternoptyx diaphana,-34.63,151.27
2347557,2347557,Sternoptyx diaphana,-36.25,150.333333
2347557,2347557,Sternoptyx diaphana,-36.25,150.333333
2347557,2347557,Sternoptyx diaphana,-12.033333,96.716667
2347557,2347557,Sternoptyx diaphana,-12.083333,96.75
2347557,2347557,Sternoptyx diaphana,-10.1333,97.2333
2347557,2347557,Sternoptyx diaphana,-10.133889,97.235833
2347557,2347557,Sternoptyx diaphana,-10.133889,97.235833
2347557,2347557,Sternoptyx diaphana,-35.033333,114.766667
