requested_taxonKey,record_taxonKey,species_name,decimalLatitude,decimalLongitude
2347501,2347501,Maurolicus muelleri,-34.22,151.08
2347501,2347501,Maurolicus muelleri,-33.41819,130.00042
2347501,2347501,Maurolicus muelleri,-33.36806,127.58445
2347501,2347501,Maurolicus muelleri,-33.55833,131.08334
2347501,2347501,Maurolicus muelleri,-33.41667,128.1682
2347501,2347501,Maurolicus muelleri,-33.55903,130.89167
2347501,2347501,Maurolicus muelleri,-33.55903,130.89167
2347501,2347501,Maurolicus muelleri,-33.55903,130.89167
2347501,2347501,Maurolicus muelleri,-33.55903,130.89167
2347501,2347501,Maurolicus muelleri,-33.55903,130.89167
2347501,2347501,Maurolicus muelleri,-33.48333,129.60834
2347501,2347501,Maurolicus muelleri,-33.48333,129.60834
2347501,2347501,Maurolicus muelleri,-33.55903,130.89167
2347501,2347501,Maurolicus muelleri,-33.55903,130.89167
2347501,2347501,Maurolicus muelleri,-33.48333,129.60834
2347501,2347501,Maurolicus muelleri,-33.48333,129.60834
2347501,2347501,Maurolicus muelleri,-33.48333,129.60834
2347501,2347501,Maurolicus muelleri,-33.56666,131.74167
