requested_taxonKey,record_taxonKey,species_name,decimalLatitude,decimalLongitude
2347579,2347579,Argyropelecus aculeatus,-37.979738,150.110072
2347579,2347579,Argyropelecus aculeatus,-37.979738,150.110072
2347579,2347579,Argyropelecus aculeatus,-38.578667,149.472167
2347579,2347579,Argyropelecus aculeatus,-38.578667,149.472167
2347579,2347579,Argyropelecus aculeatus,-23.991667,111.901667
2347579,2347579,Argyropelecus aculeatus,-25.696667,111.51
2347579,2347579,Argyropelecus aculeatus,-23.991667,111.901667
2347579,2347579,Argyropelecus aculeatus,-27.983334,112.6925
2347579,2347579,Argyropelecus aculeatus,-33.886665,152.37416
2347579,2347579,Argyropelecus aculeatus,-33.82,152.2525
2347579,2347579,Argyropelecus aculeatus,-33.891666,152.44833
2347579,2347579,Argyropelecus aculeatus,-42.421,144.745333
2347579,2347579,Argyropelecus aculeatus,-40.927667,143.681667
2347579,2347579,Argyropelecus aculeatus,-40.927667,143.681667
2347579,2347579,Argyropelecus aculeatus,-38.3283,149.416
2347579,2347579,Argyropelecus aculeatus,-35.5215,150.831
2347579,2347579,Argyropelecus aculeatus,-38.3485,149.639
2347579,2347579,Argyropelecus aculeatus,-34.685,122.423
2347579,2347579,Argyropelecus aculeatus,-35.155,115.573
2347579,2347579,Argyropelecus aculeatus,-41.8,144.433333
2347579,2347579,Argyropelecus aculeatus,-41.8,144.433333
2347579,2347579,Argyropelecus aculeatus,-35.0047,151.162
2347579,2347579,Argyropelecus aculeatus,-34.9587,151.134
2347579,2347579,Argyropelecus aculeatus,-35.0717,151.21
2347579,2347579,Argyropelecus aculeatus,-35.0047,151.162
2347579,2347579,Argyropelecus aculeatus,-38.3388,149.32
2347579,2347579,Argyropelecus aculeatus,-33.575,152.01666
2347579,2347579,Argyropelecus aculeatus,-37.55,150.366667
2347579,2347579,Argyropelecus aculeatus,-37.3,150.4
2347579,2347579,Argyropelecus aculeatus,-36.93,150.37
2347579,2347579,Argyropelecus aculeatus,-37.12,150.38
2347579,2347579,Argyropelecus aculeatus,-37.52,150.35
2347579,2347579,Argyropelecus aculeatus,-33.83,152.03
2347579,2347579,Argyropelecus aculeatus,-33.85,151.82
2347579,2347579,Argyropelecus aculeatus,-36.15,150.45
2347579,2347579,Argyropelecus aculeatus,-37.55,150.37
2347579,2347579,Argyropelecus aculeatus,-37.68,150.23
2347579,2347579,Argyropelecus aculeatus,-40.27,147.38
2347579,2347579,Argyropelecus aculeatus,-36.38,150.37
2347579,2347579,Argyropelecus aculeatus,-36.72,150.33
2347579,2347579,Argyropelecus aculeatus,-36.15,150.45
2347579,2347579,Argyropelecus aculeatus,-37.62,150.25
2347579,2347579,Argyropelecus aculeatus,-32.83,152.77
2347579,2347579,Argyropelecus aculeatus,-32.98,152.55
2347579,2347579,Argyropelecus aculeatus,-33.07,152.63
2347579,2347579,Argyropelecus aculeatus,-34.22,151.55
2347579,2347579,Argyropelecus aculeatus,-32.8,152.95
2347579,2347579,Argyropelecus aculeatus,-32.7,153
2347579,2347579,Argyropelecus aculeatus,-37.55,150.366667
2347579,2347579,Argyropelecus aculeatus,-33.37,151.55
2347579,2347579,Argyropelecus aculeatus,-37.23,150.37
2347579,2347579,Argyropelecus aculeatus,-36.87,150.37
2347579,2347579,Argyropelecus aculeatus,-32.98,124.52
2347579,2347579,Argyropelecus aculeatus,-38.0233,150.235
2347579,2347579,Argyropelecus aculeatus,-37.82,150.252
2347579,2347579,Argyropelecus aculeatus,-33.1,130.2
2347579,2347579,Argyropelecus aculeatus,-33.28333,152.58334
2347579,2347579,Argyropelecus aculeatus,-33.1,152.66667
2347579,2347579,Argyropelecus aculeatus,-32.73333,153.7
2347579,2347579,Argyropelecus aculeatus,-33.28333,152.275
2347579,2347579,Argyropelecus aculeatus,-33.70833,152.48333
2347579,2347579,Argyropelecus aculeatus,-33.10833,152.76667
2347579,2347579,Argyropelecus aculeatus,-33.14166,152.74167
2347579,2347579,Argyropelecus aculeatus,-33.125,152.75834
2347579,2347579,Argyropelecus aculeatus,-33.2,152.39167
2347579,2347579,Argyropelecus aculeatus,-33.49166,152.35834
2347579,2347579,Argyropelecus aculeatus,-33.44166,153.11667
2347579,2347579,Argyropelecus aculeatus,-33.475,152.19167
2347579,2347579,Argyropelecus aculeatus,-33.725,153.03334
2347579,2347579,Argyropelecus aculeatus,-33.525,152.54167
2347579,2347579,Argyropelecus aculeatus,-34.225,152.30834
2347579,2347579,Argyropelecus aculeatus,-33.875,152.91667
2347579,2347579,Argyropelecus aculeatus,-33.975,152.15
2347579,2347579,Argyropelecus aculeatus,-33.50833,152.35
2347579,2347579,Argyropelecus aculeatus,-33.81666,152.23333
2347579,2347579,Argyropelecus aculeatus,-33.89166,152.975
2347579,2347579,Argyropelecus aculeatus,-33.53333,152.50834
2347579,2347579,Argyropelecus aculeatus,-33.93333,152.14167
2347579,2347579,Argyropelecus aculeatus,-33.50833,152.325
2347579,2347579,Argyropelecus aculeatus,-34.9,151.225
2347579,2347579,Argyropelecus aculeatus,-38.15,149.55
2347579,2347579,Argyropelecus aculeatus,-37.35,150.45
2347579,2347579,Argyropelecus aculeatus,-37.35,150.45
2347579,2347579,Argyropelecus aculeatus,-38.15,149.55
2347579,2347579,Argyropelecus aculeatus,-34.183334,152.05
2347579,2347579,Argyropelecus aculeatus,-35.625,150.925
2347579,2347579,Argyropelecus aculeatus,-37.433334,150.525
2347579,2347579,Argyropelecus aculeatus,-34.625,151.26666
2347579,2347579,Argyropelecus aculeatus,-34.63,151.27
2347579,2347579,Argyropelecus aculeatus,-33.35,152.44167
2347579,2347579,Argyropelecus aculeatus,-33.55,152.3
2347579,2347579,Argyropelecus aculeatus,-33.575,152.35
2347579,2347579,Argyropelecus aculeatus,-33.35,152.63333
2347579,2347579,Argyropelecus aculeatus,-33.383335,152.55
2347579,2347579,Argyropelecus aculeatus,-34.375,151.91667
2347579,2347579,Argyropelecus aculeatus,-35.691666,150.675
2347579,2347579,Argyropelecus aculeatus,-34.391666,151.41667
2347579,2347579,Argyropelecus aculeatus,-33.643333,151.95166
2347579,2347579,Argyropelecus aculeatus,-34.458332,151.48334
2347579,2347579,Argyropelecus aculeatus,-33.616665,151.99167
2347579,2347579,Argyropelecus aculeatus,-33.8,151.875
2347579,2347579,Argyropelecus aculeatus,-33.8,151.875
2347579,2347579,Argyropelecus aculeatus,-33.666668,151.975
2347579,2347579,Argyropelecus aculeatus,-33.7,151.94167
2347579,2347579,Argyropelecus aculeatus,-34.183334,152.16667
2347579,2347579,Argyropelecus aculeatus,-34.083332,152.25
2347579,2347579,Argyropelecus aculeatus,-34.133335,152.21666
2347579,2347579,Argyropelecus aculeatus,-34.15,152.11667
2347579,2347579,Argyropelecus aculeatus,-33.7,151.86667
2347579,2347579,Argyropelecus aculeatus,-33.333332,152.28334
2347579,2347579,Argyropelecus aculeatus,-33.48402,126.91667
2347579,2347579,Argyropelecus aculeatus,-33.83333,131.25
2347579,2347579,Argyropelecus aculeatus,-33.46806,128.675
2347579,2347579,Argyropelecus aculeatus,-33.46806,128.675
2347579,2347579,Argyropelecus aculeatus,-33.46806,128.675
2347579,2347579,Argyropelecus aculeatus,-33.46806,128.675
2347579,2347579,Argyropelecus aculeatus,-33.46806,128.675
2347579,2347579,Argyropelecus aculeatus,-33.3,128.38486
2347579,2347579,Argyropelecus aculeatus,-33.27667,126.05097
2347579,2347579,Argyropelecus aculeatus,-32.783333,152.666667
2347579,2347579,Argyropelecus aculeatus,-32.783333,152.666667
2347579,2347579,Argyropelecus aculeatus,-34.05,151.65
2347579,2347579,Argyropelecus aculeatus,-34.05,151.65
2347579,2347579,Argyropelecus aculeatus,-34.05,151.65
2347579,2347579,Argyropelecus aculeatus,-33.283333,152.75
