requested_taxonKey,record_taxonKey,species_name,decimalLatitude,decimalLongitude
2347588,2347588,Argyropelecus sladeni,-22.172297,112.067261
2347588,2347588,Argyropelecus sladeni,-22.172297,112.067261
2347588,2347588,Argyropelecus sladeni,-20.00035,110.00459
2347588,2347588,Argyropelecus sladeni,-22.99906,110.00667
2347588,2347588,Argyropelecus sladeni,-20.00022,110.0008
2347588,2347588,Argyropelecus sladeni,-18.47914,109.99932
2347588,2347588,Argyropelecus sladeni,-27.51114,110.03239
2347588,2347588,Argyropelecus sladeni,-24.55053,110.04237
2347588,2347588,Argyropelecus sladeni,-22.97972,109.99978
2347588,2347588,Argyropelecus sladeni,-20.00034,110.00369
2347588,2347588,Argyropelecus sladeni,-30.50017,109.99389
2347588,2347588,Argyropelecus sladeni,-31.92318,109.98692
2347588,2347588,Argyropelecus sladeni,-33.50127,110.03633
2347588,2347588,Argyropelecus sladeni,-18.48534,109.9991
2347588,2347588,Argyropelecus sladeni,-22.98714,109.99957
2347588,2347588,Argyropelecus sladeni,-21.48888,110.00061
2347588,2347588,Argyropelecus sladeni,-27.50816,110.02732
2347588,2347588,Argyropelecus sladeni,-30.52927,109.99581
2347588,2347588,Argyropelecus sladeni,-31.93786,109.98418
2347588,2347588,Argyropelecus sladeni,-18.49113,109.99913
2347588,2347588,Argyropelecus sladeni,-24.49228,110.00034
2347588,2347588,Argyropelecus sladeni,-27.47451,110.00602
2347588,2347588,Argyropelecus sladeni,-21.50753,110.03072
2347588,2347588,Argyropelecus sladeni,-30.52685,109.99683
2347588,2347588,Argyropelecus sladeni,-29.01505,110.03143
2347588,2347588,Argyropelecus sladeni,-23.00188,110.00882
2347588,2347588,Argyropelecus sladeni,-15.49072,110.03585
2347588,2347588,Argyropelecus sladeni,-15.48439,110.03397
2347588,2347588,Argyropelecus sladeni,-16.97755,110.02132
2347588,2347588,Argyropelecus sladeni,-16.9942,110.02285
2347588,2347588,Argyropelecus sladeni,-14.02126,110.01248
2347588,2347588,Argyropelecus sladeni,-12.50828,110.02909
2347588,2347588,Argyropelecus sladeni,-16.97104,110.02046
2347588,2347588,Argyropelecus sladeni,-14.01891,110.00798
2347588,2347588,Argyropelecus sladeni,-11.50699,110.02292
2347588,2347588,Argyropelecus sladeni,-11.49918,110.01365
2347588,2347588,Argyropelecus sladeni,-14.01661,110.00346
2347588,2347588,Argyropelecus sladeni,-13.98716,110.00166
2347588,2347588,Argyropelecus sladeni,-22.79,113.22
2347588,2347588,Argyropelecus sladeni,-22.79,113.22
2347588,2347588,Argyropelecus sladeni,-38.3383,149.307
2347588,2347588,Argyropelecus sladeni,-34.375,151.91667
2347588,2347588,Argyropelecus sladeni,-12.083333,96.75
