requested_taxonKey,record_taxonKey,species_name,decimalLatitude,decimalLongitude
2347213,2347213,Borostomias antarcticus,-17.933333,118.233333
2347213,2347213,Borostomias antarcticus,-17.933333,118.233333
2347213,2347213,Borostomias antarcticus,-42.305,144.618
2347213,2347213,Borostomias antarcticus,-35.0067,151.278
2347213,2347213,Borostomias antarcticus,-38.5267,149.397
2347213,2347213,Borostomias antarcticus,-38.3717,149.302
2347213,2347213,Borostomias antarcticus,-40.55,143.3
2347213,2347213,Borostomias antarcticus,-40.55,143.3
2347213,2347213,Borostomias antarcticus,-34.733334,151.25833
2347213,2347213,Borostomias antarcticus,-35.625,150.925
2347213,2347213,Borostomias antarcticus,-37.433334,150.525
2347213,2347213,Borostomias antarcticus,-34.375,151.91667
