requested_taxonKey,record_taxonKey,species_name,decimalLatitude,decimalLongitude
2347461,2347461,Cyclothone alba,-21.9981,113.73516
2347461,2347461,Cyclothone alba,-21.9981,113.73516
2347461,2347461,Cyclothone alba,-22.20177,113.64602
2347461,2347461,Cyclothone alba,-21.71621,113.86374
2347461,2347461,Cyclothone alba,-20.8752,111.44704
2347461,2347461,Cyclothone alba,-20.8752,111.44704
2347461,2347461,Cyclothone alba,-20.8752,111.44704
2347461,2347461,Cyclothone alba,-20.8752,111.44704
2347461,2347461,Cyclothone alba,-20.8752,111.44704
2347461,2347461,Cyclothone alba,-20.8752,111.44704
2347461,2347461,Cyclothone alba,-20.8752,111.44704
2347461,2347461,Cyclothone alba,-20.8752,111.44704
2347461,2347461,Cyclothone alba,-20.8752,111.44704
2347461,2347461,Cyclothone alba,-33.86,152.13167
2347461,2347461,Cyclothone alba,-38.4533,149.162
2347461,2347461,Cyclothone alba,-35.0047,151.162
2347461,2347461,Cyclothone alba,-34.8228,151.28
2347461,2347461,Cyclothone alba,-34.116665,152.56667
2347461,2347461,Cyclothone alba,-34.133335,152.21666
2347461,2347461,Cyclothone alba,-33.05,152.53334
2347461,2347461,Cyclothone alba,-10.1333,97.2333
