requested_taxonKey,record_taxonKey,species_name,decimalLatitude,decimalLongitude
2347002,2347042,Astronesthes lucifer,-21.735139,113.854635
2347002,2347042,Astronesthes lucifer,-21.735139,113.854635
2347002,2347053,Astronesthes indicus,-22.012556,113.729703
2347002,2347042,Astronesthes lucifer,-21.735139,113.854635
2347002,2347042,Astronesthes lucifer,-21.735139,113.854635
2347002,2347053,Astronesthes indicus,-22.012556,113.729703
2347002,2347053,Astronesthes indicus,-21.723735,113.85555
2347002,2347042,Astronesthes lucifer,-22.374408,113.628927
2347002,2347059,Astronesthes trifibulatus,-22.374408,113.628927
2347002,2347053,Astronesthes indicus,-21.723735,113.85555
2347002,2347042,Astronesthes lucifer,-22.374408,113.628927
2347002,2347059,Astronesthes trifibulatus,-22.374408,113.628927
2347002,2347066,Astronesthes chrysophekadion,-22.20177,113.64602
2347002,2347053,Astronesthes indicus,-21.735139,113.854635
2347002,2347053,Astronesthes indicus,-21.735139,113.854635
2347002,2347002,"Astronesthes Richardson, 1845",-29.02236,110.06511
2347002,2347002,"Astronesthes Richardson, 1845",-21.51776,110.05306
2347002,2347002,"Astronesthes Richardson, 1845",-19.99946,110.00605
2347002,2347002,"Astronesthes Richardson, 1845",-27.52351,110.0526
2347002,2347002,"Astronesthes Richardson, 1845",-21.52038,110.05886
2347002,2347002,"Astronesthes Richardson, 1845",-24.57497,110.05746
2347002,2347002,"Astronesthes Richardson, 1845",-18.46149,109.99942
2347002,2347002,"Astronesthes Richardson, 1845",-12.45564,109.99964
2347002,2347002,"Astronesthes Richardson, 1845",-11.51157,109.99982
2347002,2347002,"Astronesthes Richardson, 1845",-12.46712,109.99953
2347002,2347002,"Astronesthes Richardson, 1845",-16.99815,110.05445
2347002,2347002,"Astronesthes Richardson, 1845",-13.96989,110.00018
2347002,2347002,"Astronesthes Richardson, 1845",-35.083332,151.51666
2347002,2347028,Astronesthes bilobatus,-35.066666,151.45
2347002,2347002,"Astronesthes Richardson, 1845",-35.083332,151.51666
2347002,2347028,Astronesthes bilobatus,-35.066666,151.45
2347002,2347059,Astronesthes trifibulatus,-35.57667,151.69667
2347002,2347028,Astronesthes bilobatus,-35.29528,151.88861
2347002,2347055,Astronesthes boulengeri,-35.181167,130.687667
2347002,2347055,Astronesthes boulengeri,-35.181167,130.687667
2347002,2347002,"Astronesthes Richardson, 1845",-19.56,113.28
2347002,2347002,"Astronesthes Richardson, 1845",-43,147
2347002,10644030,BOLD:AAU1039,-17.4,118.93333
2347002,10644030,BOLD:AAU1039,-17.5,118.85
2347002,10644030,BOLD:AAU1039,-17.4,118.93333
2347002,10644030,BOLD:AAU1039,-17.5,118.85
2347002,2347002,"Astronesthes Richardson, 1845",-17.5,118.85
2347002,2347002,"Astronesthes Richardson, 1845",-17.4,118.93
2347002,2347002,"Astronesthes Richardson, 1845",-17.4,118.93
2347002,2347002,"Astronesthes Richardson, 1845",-17.5,118.85
2347002,2347042,Astronesthes lucifer,-35.56,150.74
2347002,2347037,Astronesthes ijimai,-35.566666,150.75
2347002,2347002,"Astronesthes Richardson, 1845",-34,151.58333
2347002,2347002,"Astronesthes Richardson, 1845",-33.95,151.44333
2347002,2347002,"Astronesthes Richardson, 1845",-33.95,151.44333
2347002,2347002,"Astronesthes Richardson, 1845",-34.9,150.895
2347002,2347028,Astronesthes bilobatus,-22.979166,113.23917
2347002,2347002,"Astronesthes Richardson, 1845",-27.083334,112.37666
2347002,2347037,Astronesthes ijimai,-18.017,118.383
2347002,2347002,"Astronesthes Richardson, 1845",-33.52,130.43
2347002,2347040,Astronesthes indopacificus,-33.86,152.13167
2347002,2347040,Astronesthes indopacificus,-33.861668,152.45166
2347002,2347053,Astronesthes indicus,-33.886665,152.37416
2347002,2347055,Astronesthes boulengeri,-33.8125,152.31166
2347002,2347055,Astronesthes boulengeri,-35.5052,150.852
2347002,2347055,Astronesthes boulengeri,-34.685,122.423
2347002,2347053,Astronesthes indicus,-32.816666,152.81667
2347002,2347013,Astronesthes niger,-29.084167,113.41389
2347002,2347055,Astronesthes boulengeri,-33.466667,152.225
2347002,2347002,"Astronesthes Richardson, 1845",-33.583332,152.01666
2347002,2347055,Astronesthes boulengeri,-38.4533,149.162
2347002,2347053,Astronesthes indicus,-35.0717,151.21
2347002,2347002,"Astronesthes Richardson, 1845",-35.0067,151.278
2347002,2347002,"Astronesthes Richardson, 1845",-35.0717,151.21
2347002,2347002,"Astronesthes Richardson, 1845",-38.3388,149.32
2347002,2347002,"Astronesthes Richardson, 1845",-33.483334,151.96666
2347002,2347002,"Astronesthes Richardson, 1845",-31.866667,153.08333
2347002,2347042,Astronesthes lucifer,-31.316668,153.28334
2347002,2347002,"Astronesthes Richardson, 1845",-33.483334,151.96666
2347002,2347037,Astronesthes ijimai,-18,118.267
2347002,2347037,Astronesthes ijimai,-17.683,118.617
2347002,2347037,Astronesthes ijimai,-17.85,118.5
2347002,2347037,Astronesthes ijimai,-17.867,118.45
2347002,2347053,Astronesthes indicus,-33.491665,152.2
2347002,2347002,"Astronesthes Richardson, 1845",-38.566666,148.8
2347002,2347002,"Astronesthes Richardson, 1845",-31.983334,153.16667
2347002,2347002,"Astronesthes Richardson, 1845",-30.016666,153.76666
2347002,2347002,"Astronesthes Richardson, 1845",-29,153.88333
2347002,2347055,Astronesthes boulengeri,-41.583333,144.3
2347002,2347055,Astronesthes boulengeri,-41.583333,144.3
2347002,2347042,Astronesthes lucifer,-36.88,150.28
2347002,2347002,"Astronesthes Richardson, 1845",-34.12,151.9
2347002,2347002,"Astronesthes Richardson, 1845",-32.83,152.77
2347002,2347053,Astronesthes indicus,-32.83,152.77
2347002,2347037,Astronesthes ijimai,-17.983334,118.28333
2347002,2347059,Astronesthes trifibulatus,-18.1,117.75
2347002,2347053,Astronesthes indicus,-18.533333,116.833336
2347002,2347053,Astronesthes indicus,-18.666666,116.5
2347002,2347037,Astronesthes ijimai,-18.983334,117.166664
2347002,2347037,Astronesthes ijimai,-19.016666,117.2
2347002,2347042,Astronesthes lucifer,-17.81666,118.48334
2347002,2347059,Astronesthes trifibulatus,-18.90833,117.01667
2347002,2347028,Astronesthes bilobatus,-18.61667,116.64167
2347002,2347002,"Astronesthes Richardson, 1845",-18.66667,117.2
2347002,2347042,Astronesthes lucifer,-18.725,117.325
2347002,2347059,Astronesthes trifibulatus,-18.68333,116.95
2347002,2347059,Astronesthes trifibulatus,-18.8,116.85
2347002,2347059,Astronesthes trifibulatus,-18.6,117.15
2347002,2347028,Astronesthes bilobatus,-18.525,116.83334
2347002,2347002,"Astronesthes Richardson, 1845",-18.94166,117.33334
2347002,2347042,Astronesthes lucifer,-27.583333,154
2347002,2347055,Astronesthes boulengeri,-35.825,150.55833
2347002,2347055,Astronesthes boulengeri,-35.83,150.56
2347002,2347055,Astronesthes boulengeri,-34.67,121.92
2347002,2347053,Astronesthes indicus,-38.0233,150.235
2347002,2347002,"Astronesthes Richardson, 1845",-34.67,121.92
2347002,2347055,Astronesthes boulengeri,-35.7019,135.0847
2347002,2347062,Astronesthes psychrolutes,-38.383333,137.716667
2347002,2347062,Astronesthes psychrolutes,-38.383333,137.716667
2347002,2347055,Astronesthes boulengeri,-33.71667,152.5
2347002,2347055,Astronesthes boulengeri,-33.14166,152.74167
2347002,2347055,Astronesthes boulengeri,-33.10833,152.76667
2347002,2347055,Astronesthes boulengeri,-32.73333,153.7
2347002,2347055,Astronesthes boulengeri,-33.3,152.35833
2347002,2347055,Astronesthes boulengeri,-33.23333,153.3
2347002,2347013,Astronesthes niger,-33.49166,152.35834
2347002,2347055,Astronesthes boulengeri,-33.266666,153.14166
2347002,2347055,Astronesthes boulengeri,-33.15,153.08333
2347002,2347002,"Astronesthes Richardson, 1845",-33.016666,153.01666
2347002,2347053,Astronesthes indicus,-33.016666,153.01666
2347002,2347053,Astronesthes indicus,-33.15,153.08333
2347002,2347002,"Astronesthes Richardson, 1845",-33.15,153.08333
2347002,2347028,Astronesthes bilobatus,-32.916668,152.95
2347002,2347053,Astronesthes indicus,-32.983334,153.03334
2347002,2347053,Astronesthes indicus,-33.2,152.78334
2347002,2347053,Astronesthes indicus,-22.2,112.88333
2347002,2347040,Astronesthes indopacificus,-33.583332,152.11667
2347002,2347037,Astronesthes ijimai,-28.008333,153.98334
2347002,2347037,Astronesthes ijimai,-15.25,121.48333
2347002,2347055,Astronesthes boulengeri,-34.183334,152.05
2347002,2347055,Astronesthes boulengeri,-34.625,151.26666
2347002,2347053,Astronesthes indicus,-33.52,152.33
2347002,2347002,"Astronesthes Richardson, 1845",-33.575,152.35
2347002,2347053,Astronesthes indicus,-33.55,152.3
2347002,2347002,"Astronesthes Richardson, 1845",-33.45,152.5
2347002,2347055,Astronesthes boulengeri,-33.25,151.49167
2347002,2347002,"Astronesthes Richardson, 1845",-33.366665,152.525
2347002,2347028,Astronesthes bilobatus,-33.366665,152.525
2347002,2347053,Astronesthes indicus,-33.533333,152.575
2347002,2347055,Astronesthes boulengeri,-33.533333,152.575
2347002,2347053,Astronesthes indicus,-34.15,152.01666
2347002,2347037,Astronesthes ijimai,-33.491665,152.05833
2347002,2347053,Astronesthes indicus,-33.475,152.1
2347002,2347055,Astronesthes boulengeri,-33.633335,151.95
2347002,2347053,Astronesthes indicus,-34.458332,151.48334
2347002,2347002,"Astronesthes Richardson, 1845",-34.458332,151.48334
2347002,2347037,Astronesthes ijimai,-34.2,151.6
2347002,2347055,Astronesthes boulengeri,-34.2,151.6
2347002,2347059,Astronesthes trifibulatus,-34.2,151.6
2347002,2347037,Astronesthes ijimai,-34.333332,151
2347002,2347037,Astronesthes ijimai,-34.425,151.2
2347002,2347055,Astronesthes boulengeri,-34.083332,151.93333
2347002,2347055,Astronesthes boulengeri,-37.1,150.583333
2347002,2347055,Astronesthes boulengeri,-37.1,150.583333
2347002,2347055,Astronesthes boulengeri,-36.283333,150.416667
2347002,2347055,Astronesthes boulengeri,-36.283333,150.416667
2347002,2347012,Astronesthes lupina,-32.666667,152.366667
2347002,2347012,Astronesthes lupina,-32.666667,152.366667
2347002,2347053,Astronesthes indicus,-12.083333,96.75
2347002,2347055,Astronesthes boulengeri,-38.3833,137.7167
2347002,2347062,Astronesthes psychrolutes,-38.3833,137.7167
2347002,2347062,Astronesthes psychrolutes,-35.6,132.75
2347002,2347037,Astronesthes ijimai,-16.83333,120.05
2347002,2347037,Astronesthes ijimai,-16.93333,120.1
2347002,2347037,Astronesthes ijimai,-17.68333,118.56667
2347002,2347059,Astronesthes trifibulatus,-18.15,118.05
2347002,2347059,Astronesthes trifibulatus,-18.56667,117.28333
2347002,2347002,"Astronesthes Richardson, 1845",-32,114.91667
2347002,2347037,Astronesthes ijimai,-18.733334,117.03333
2347002,2347059,Astronesthes trifibulatus,-18.733334,117.03333
2347002,2347012,Astronesthes lupina,-32.66667,152.36667
2347002,2347002,"Astronesthes Richardson, 1845",-33.95,151.44333
2347002,2347037,Astronesthes ijimai,-33.558334,152
2347002,2347037,Astronesthes ijimai,-33.633335,151.95
