requested_taxonKey,record_taxonKey,species_name,decimalLatitude,decimalLongitude
2347037,2347037,Astronesthes ijimai,-35.566666,150.75
2347037,2347037,Astronesthes ijimai,-18.017,118.383
2347037,2347037,Astronesthes ijimai,-18,118.267
2347037,2347037,Astronesthes ijimai,-17.683,118.617
2347037,2347037,Astronesthes ijimai,-17.85,118.5
2347037,2347037,Astronesthes ijimai,-17.867,118.45
2347037,2347037,Astronesthes ijimai,-17.983334,118.28333
2347037,2347037,Astronesthes ijimai,-18.983334,117.166664
2347037,2347037,Astronesthes ijimai,-19.016666,117.2
2347037,2347037,Astronesthes ijimai,-28.008333,153.98334
2347037,2347037,Astronesthes ijimai,-15.25,121.48333
2347037,2347037,Astronesthes ijimai,-33.491665,152.05833
2347037,2347037,Astronesthes ijimai,-34.2,151.6
2347037,2347037,Astronesthes ijimai,-34.333332,151
2347037,2347037,Astronesthes ijimai,-34.425,151.2
2347037,2347037,Astronesthes ijimai,-16.83333,120.05
2347037,2347037,Astronesthes ijimai,-16.93333,120.1
2347037,2347037,Astronesthes ijimai,-17.68333,118.56667
2347037,2347037,Astronesthes ijimai,-18.733334,117.03333
2347037,2347037,Astronesthes ijimai,-33.558334,152
2347037,2347037,Astronesthes ijimai,-33.633335,151.95
