requested_taxonKey,record_taxonKey,species_name,decimalLatitude,decimalLongitude
2347480,2347480,Margrethia obtusirostra,-20.81838,111.727402
2347480,2347480,Margrethia obtusirostra,-20.81838,111.727402
2347480,2347480,Margrethia obtusirostra,-23.00475,110.01114
2347480,2347480,Margrethia obtusirostra,-18.46718,109.99944
2347480,2347480,Margrethia obtusirostra,-22.96433,109.99982
2347480,2347480,Margrethia obtusirostra,-20.03684,110.09366
2347480,2347480,Margrethia obtusirostra,-19.99976,110.00543
2347480,2347480,Margrethia obtusirostra,-30.52094,109.9994
2347480,2347480,Margrethia obtusirostra,-24.56832,110.05336
2347480,2347480,Margrethia obtusirostra,-27.51741,110.04235
2347480,2347480,Margrethia obtusirostra,-24.47647,109.99999
2347480,2347480,Margrethia obtusirostra,-22.97203,109.99987
2347480,2347480,Margrethia obtusirostra,-26.05189,110.00273
2347480,2347480,Margrethia obtusirostra,-28.97356,110.00198
2347480,2347480,Margrethia obtusirostra,-26.04582,110.00047000000001
2347480,2347480,Margrethia obtusirostra,-15.47304,110.03069
2347480,2347480,Margrethia obtusirostra,-35.20083,152.03306
2347480,2347480,Margrethia obtusirostra,-33.55,152.3
2347480,2347480,Margrethia obtusirostra,-33.35,152.44167
2347480,2347480,Margrethia obtusirostra,-34.166668,151.98334
