requested_taxonKey,record_taxonKey,species_name,decimalLatitude,decimalLongitude
2347059,2347059,Astronesthes trifibulatus,-22.374408,113.628927
2347059,2347059,Astronesthes trifibulatus,-22.374408,113.628927
2347059,2347059,Astronesthes trifibulatus,-35.57667,151.69667
2347059,2347059,Astronesthes trifibulatus,-18.1,117.75
2347059,2347059,Astronesthes trifibulatus,-18.90833,117.01667
2347059,2347059,Astronesthes trifibulatus,-18.68333,116.95
2347059,2347059,Astronesthes trifibulatus,-18.8,116.85
2347059,2347059,Astronesthes trifibulatus,-18.6,117.15
2347059,2347059,Astronesthes trifibulatus,-34.2,151.6
2347059,2347059,Astronesthes trifibulatus,-18.15,118.05
2347059,2347059,Astronesthes trifibulatus,-18.56667,117.28333
2347059,2347059,Astronesthes trifibulatus,-18.733334,117.03333
