requested_taxonKey,record_taxonKey,species_name,decimalLatitude,decimalLongitude
2350792,2350792,Batrachomoeus trispinosus,-27.495193,153.398738
2350792,2350792,Batrachomoeus trispinosus,-21.820759,114.202354
2350792,2350792,Batrachomoeus trispinosus,-20.29866,118.638911
2350792,2350792,Batrachomoeus trispinosus,-20.300034,118.627513
2350792,2350792,Batrachomoeus trispinosus,-19.7837,116.735
2350792,2350792,Batrachomoeus trispinosus,-19.7837,116.735
2350792,2350792,Batrachomoeus trispinosus,-19.7837,116.735
2350792,2350792,Batrachomoeus trispinosus,-20.93134,115.85894
2350792,2350792,Batrachomoeus trispinosus,-21.12796,115.35765
2350792,2350792,Batrachomoeus trispinosus,-20.97797,115.55261
2350792,2350792,Batrachomoeus trispinosus,-20.36309,115.37201
2350792,2350792,Batrachomoeus trispinosus,-21.61924,115.11137
2350792,2350792,Batrachomoeus trispinosus,-21.22025,115.36937
2350792,2350792,Batrachomoeus trispinosus,-21.85,114.166667
2350792,2350792,Batrachomoeus trispinosus,-10,107.5
2350792,2350792,Batrachomoeus trispinosus,-20.76667,115.4
2350792,2350792,Batrachomoeus trispinosus,-16.83333,123.5
2350792,2350792,Batrachomoeus trispinosus,-20.513333,116.614722
2350792,2350792,Batrachomoeus trispinosus,-20.53333,116.58333
2350792,2350792,Batrachomoeus trispinosus,-21.6192,115.1114
2350792,2350792,Batrachomoeus trispinosus,-20.978,115.5526
2350792,2350792,Batrachomoeus trispinosus,-20.9325,115.8629
