requested_taxonKey,record_taxonKey,species_name,decimalLatitude,decimalLongitude
2351705,2351705,Barbourisia rufa,-19.5875,113.342667
2351705,2351705,Barbourisia rufa,-19.5875,113.342667
2351705,2351705,Barbourisia rufa,-11.351333,104.966667
2351705,2351705,Barbourisia rufa,-11.351333,104.966667
2351705,2351705,Barbourisia rufa,-38.65,141.15
2351705,2351705,Barbourisia rufa,-38.65,141.15
2351705,2351705,Barbourisia rufa,-38.65,141.15
2351705,2351705,Barbourisia rufa,-38.65,141.15
2351705,2351705,Barbourisia rufa,-38.65,141.15
2351705,2351705,Barbourisia rufa,-38.65,141.15
2351705,2351705,Barbourisia rufa,-38.65,141.15
2351705,2351705,Barbourisia rufa,-39.85,143.83
2351705,2351705,Barbourisia rufa,-33.916667,131.3
2351705,2351705,Barbourisia rufa,-33.966667,131.4
2351705,2351705,Barbourisia rufa,-33.825,131.75833
2351705,2351705,Barbourisia rufa,-33.825,131.75833
2351705,2351705,Barbourisia rufa,-33.825,131.75833
2351705,2351705,Barbourisia rufa,-33.825,131.75833
2351705,2351705,Barbourisia rufa,-33.825,131.75833
2351705,2351705,Barbourisia rufa,-33.825,131.75833
2351705,2351705,Barbourisia rufa,-33.825,131.75833
2351705,2351705,Barbourisia rufa,-33.825,131.75833
2351705,2351705,Barbourisia rufa,-33.825,131.75833
2351705,2351705,Barbourisia rufa,-33.825,131.75833
2351705,2351705,Barbourisia rufa,-33.825,131.75833
2351705,2351705,Barbourisia rufa,-33.825,131.75833
2351705,2351705,Barbourisia rufa,-33.825,131.75833
2351705,2351705,Barbourisia rufa,-33.916667,131.3
2351705,2351705,Barbourisia rufa,-33.966667,131.4
2351705,2351705,Barbourisia rufa,-33.875,131.35
2351705,2351705,Barbourisia rufa,-33.875,131.35
2351705,2351705,Barbourisia rufa,-33.875,131.35
2351705,2351705,Barbourisia rufa,-33.875,131.35
2351705,2351705,Barbourisia rufa,-33.858334,130.325
2351705,2351705,Barbourisia rufa,-33.858334,130.325
2351705,2351705,Barbourisia rufa,-33.858334,130.325
2351705,2351705,Barbourisia rufa,-33.908333,130.93333
2351705,2351705,Barbourisia rufa,-33.908333,130.93333
2351705,2351705,Barbourisia rufa,-33.908333,130.93333
2351705,2351705,Barbourisia rufa,-33.875,131.35
2351705,2351705,Barbourisia rufa,-33.875,131.35
2351705,2351705,Barbourisia rufa,-22.008333,113.14
2351705,2351705,Barbourisia rufa,-20.904167,112.865
2351705,2351705,Barbourisia rufa,-20.904167,112.865
2351705,2351705,Barbourisia rufa,-20.904167,112.865
2351705,2351705,Barbourisia rufa,-24.1425,111.6575
2351705,2351705,Barbourisia rufa,-21.88,113.68667
2351705,2351705,Barbourisia rufa,-21.993334,113.145
2351705,2351705,Barbourisia rufa,-21.993334,113.145
2351705,2351705,Barbourisia rufa,-21.993334,113.145
2351705,2351705,Barbourisia rufa,-20.905,112.865
2351705,2351705,Barbourisia rufa,-21.99333,113.1425
2351705,2351705,Barbourisia rufa,-24.1425,111.6575
2351705,2351705,Barbourisia rufa,-21.88,113.68667
2351705,2351705,Barbourisia rufa,-22.008333,113.14
2351705,2351705,Barbourisia rufa,-35.75,137.61667
2351705,2351705,Barbourisia rufa,-35.75,137.61667
2351705,2351705,Barbourisia rufa,-35.75,137.61667
2351705,2351705,Barbourisia rufa,-35.75,137.61667
2351705,2351705,Barbourisia rufa,-35.75,137.61667
2351705,2351705,Barbourisia rufa,-35.75,137.61667
2351705,2351705,Barbourisia rufa,-34.733334,133.78334
2351705,2351705,Barbourisia rufa,-34.733334,133.78334
2351705,2351705,Barbourisia rufa,-34.733334,133.78334
2351705,2351705,Barbourisia rufa,-34.733334,135.91667
2351705,2351705,Barbourisia rufa,-34.733334,135.91667
2351705,2351705,Barbourisia rufa,-34.733334,135.91667
2351705,2351705,Barbourisia rufa,-35.75,137.61667
2351705,2351705,Barbourisia rufa,-35.75,137.61667
2351705,2351705,Barbourisia rufa,-35.75,137.61667
2351705,2351705,Barbourisia rufa,-34.025,131.48361
2351705,2351705,Barbourisia rufa,-34.025,131.48361
2351705,2351705,Barbourisia rufa,-34.025,131.48361
2351705,2351705,Barbourisia rufa,-34.025,131.48361
2351705,2351705,Barbourisia rufa,-34.025,131.48361
2351705,2351705,Barbourisia rufa,-34.025,131.48361
2351705,2351705,Barbourisia rufa,-34.025,131.48361
2351705,2351705,Barbourisia rufa,-34.025,131.48361
2351705,2351705,Barbourisia rufa,-35.15,133.9
2351705,2351705,Barbourisia rufa,-35.15,133.9
2351705,2351705,Barbourisia rufa,-35.15,133.9
2351705,2351705,Barbourisia rufa,-41.616667,144.366667
2351705,2351705,Barbourisia rufa,-41.616667,144.366667
2351705,2351705,Barbourisia rufa,-18.133333,116.71667
2351705,2351705,Barbourisia rufa,-36.8667,137.25
2351705,2351705,Barbourisia rufa,-36.75,137.375
2351705,2351705,Barbourisia rufa,-34.27,132.08
