requested_taxonKey,record_taxonKey,species_name,decimalLatitude,decimalLongitude
2351975,2403025,Moringua javanica,-12.09179,96.88267
2351975,2403025,Moringua javanica,-12.16638,96.90721
2351975,10603255,Moringua edwardsi,-17.509,118.963
2351975,10603255,Moringua edwardsi,-17.509,118.963
2351975,9963228,BOLD:AAV0872,-21.9838,113.835
2351975,2351975,"Moringua Gray, 1831",-28.80183,153.59717
2351975,2351975,"Moringua Gray, 1831",-17.533,118.983
2351975,2351975,"Moringua Gray, 1831",-17.083,119.583
2351975,2351975,"Moringua Gray, 1831",-17.083,119.583
2351975,2403032,Moringua ferruginea,-33.94166,152.55834
2351975,2403032,Moringua ferruginea,-33.575,152.05834
2351975,2403034,Moringua microchir,-10.5,105.666664
2351975,2403034,Moringua microchir,-10.5,105.666664
2351975,2403024,Moringua macrochir,-10.48333,105.66667
2351975,2351975,"Moringua Gray, 1831",-10.48333,105.66667
2351975,2403032,Moringua ferruginea,-10.48333,105.66667
2351975,2351975,"Moringua Gray, 1831",-10.48333,105.66667
2351975,2403025,Moringua javanica,-10.48333,105.66667
2351975,2351975,"Moringua Gray, 1831",-17.3,119.36667
2351975,2403022,Moringua abbreviata,-17.3,119.36667
2351975,2351975,"Moringua Gray, 1831",-17.3,119.36667
2351975,2403024,Moringua macrochir,-10.43333,105.66667
2351975,2351975,"Moringua Gray, 1831",-10.46667,105.7
2351975,2403024,Moringua macrochir,-10.45,105.65
2351975,2351975,"Moringua Gray, 1831",-10.43333,105.66667
2351975,2403025,Moringua javanica,-10.41667,105.66667
2351975,2403025,Moringua javanica,-10.41667,105.66667
2351975,2403024,Moringua macrochir,-10.45,105.65
2351975,2403032,Moringua ferruginea,-12.2,96.83333
2351975,2403032,Moringua ferruginea,-12.08333,96.83333
2351975,2403025,Moringua javanica,-12.18333,96.86667
2351975,2403034,Moringua microchir,-12.18333,96.86667
2351975,2403032,Moringua ferruginea,-12.18333,96.86667
2351975,2403024,Moringua macrochir,-32,115.08333
2351975,2351975,"Moringua Gray, 1831",-17.50573,118.96272
