requested_taxonKey,record_taxonKey,species_name,decimalLatitude,decimalLongitude
2356812,2356812,Sargocentron microstoma,-10.428872,105.668114
2356812,2356812,Sargocentron microstoma,-10.463056,105.643757
2356812,2356812,Sargocentron microstoma,-10.463056,105.643757
2356812,2356812,Sargocentron microstoma,-28.6114,153.629
2356812,2356812,Sargocentron microstoma,-17.5022,118.9628
2356812,2356812,Sargocentron microstoma,-17.11,119.63
2356812,2356812,Sargocentron microstoma,-10.4266,105.6708
2356812,2356812,Sargocentron microstoma,-10.4281,105.6658
2356812,2356812,Sargocentron microstoma,-10.4296,105.6681
2356812,2356812,Sargocentron microstoma,-10.4296,105.6681
2356812,2356812,Sargocentron microstoma,-10.43,105.67
2356812,2356812,Sargocentron microstoma,-10.47,105.56
2356812,2356812,Sargocentron microstoma,-29.7,153.66667
2356812,2356812,Sargocentron microstoma,-29.7,153.68
2356812,2356812,Sargocentron microstoma,-17.3,119.36667
2356812,2356812,Sargocentron microstoma,-10.5,105.666664
2356812,2356812,Sargocentron microstoma,-10.5,105.666664
2356812,2356812,Sargocentron microstoma,-10.5,105.666664
2356812,2356812,Sargocentron microstoma,-10.5,105.666664
2356812,2356812,Sargocentron microstoma,-10.5,105.666664
2356812,2356812,Sargocentron microstoma,-10.5,105.66667
2356812,2356812,Sargocentron microstoma,-10.5,105.66667
2356812,2356812,Sargocentron microstoma,-10.5,105.66667
2356812,2356812,Sargocentron microstoma,-10.5,105.66667
2356812,2356812,Sargocentron microstoma,-10.5,105.66667
2356812,2356812,Sargocentron microstoma,-10.48333,105.66667
2356812,2356812,Sargocentron microstoma,-10.48333,105.66667
2356812,2356812,Sargocentron microstoma,-10.48333,105.66667
2356812,2356812,Sargocentron microstoma,-17.3,119.36667
2356812,2356812,Sargocentron microstoma,-17.3,119.316667
2356812,2356812,Sargocentron microstoma,-10.43333,105.66667
2356812,2356812,Sargocentron microstoma,-10.45,105.65
2356812,2356812,Sargocentron microstoma,-10.5,105.66667
2356812,2356812,Sargocentron microstoma,-10.5,105.66667
2356812,2356812,Sargocentron microstoma,-17.50915,118.96316
