requested_taxonKey,record_taxonKey,species_name,decimalLatitude,decimalLongitude
2356613,2356613,Beryx decadactylus,-28.224167,153.910333
2356613,10352617,Beryx decadactylus,-28.24083,153.90083
2356613,2356613,Beryx decadactylus,-28.224167,153.910333
2356613,2356613,Beryx decadactylus,-39.566667,148.833333
2356613,2356613,Beryx decadactylus,-39.566667,148.833333
2356613,10352617,Beryx decadactylus,-39.5667,148.833
2356613,10352617,Beryx decadactylus,-39.5667,148.833
2356613,2356613,Beryx decadactylus,-39.566667,148.833333
2356613,2356613,Beryx decadactylus,-39.566667,148.833333
2356613,10352617,Beryx decadactylus,-31.633,153
2356613,2356613,Beryx decadactylus,-31.633333,153
2356613,2356613,Beryx decadactylus,-31.633333,153
2356613,2356613,Beryx decadactylus,-34.033333,151.75
2356613,2356613,Beryx decadactylus,-34.033333,151.75
2356613,2356613,Beryx decadactylus,-34.033333,151.75
2356613,10352617,Beryx decadactylus,-34.033,151.75
2356613,2356613,Beryx decadactylus,-34.25,151.25
2356613,2356613,Beryx decadactylus,-34.25,150.75
2356613,2356613,Beryx decadactylus,-38.75,148.75
2356613,2356613,Beryx decadactylus,-35.25,150.75
2356613,2356613,Beryx decadactylus,-35.25,151.25
2356613,2356613,Beryx decadactylus,-35.25,150.25
2356613,2356613,Beryx decadactylus,-34.75,151.25
2356613,2356613,Beryx decadactylus,-35.75,150.75
2356613,2356613,Beryx decadactylus,-41.25,144.25
2356613,2356613,Beryx decadactylus,-41.75,144.25
2356613,2356613,Beryx decadactylus,-34.25,151.75
2356613,2356613,Beryx decadactylus,-34.75,150.75
2356613,2356613,Beryx decadactylus,-35.75,150.25
2356613,2356613,Beryx decadactylus,-39.25,148.75
2356613,2356613,Beryx decadactylus,-34.75,151.75
2356613,2356613,Beryx decadactylus,-36.433,150.35
2356613,2356613,Beryx decadactylus,-36.433,150.35
2356613,2356613,Beryx decadactylus,-39.75,148.75
2356613,2356613,Beryx decadactylus,-38.75,148.75
2356613,2356613,Beryx decadactylus,-36.417,150.333
2356613,2356613,Beryx decadactylus,-38.245667,149.681
2356613,2356613,Beryx decadactylus,-36.467,150.35
2356613,2356613,Beryx decadactylus,-38.245667,149.681
2356613,2356613,Beryx decadactylus,-36.45,150.35
2356613,2356613,Beryx decadactylus,-36.217,150.4
2356613,2356613,Beryx decadactylus,-39.25,148.75
2356613,2356613,Beryx decadactylus,-34.75,151.25
2356613,2356613,Beryx decadactylus,-36.75,149.75
2356613,2356613,Beryx decadactylus,-36.25,150.75
2356613,2356613,Beryx decadactylus,-36.25,150.25
2356613,2356613,Beryx decadactylus,-36.75,150.25
2356613,2356613,Beryx decadactylus,-41.75,144.25
2356613,2356613,Beryx decadactylus,-38.75,148.75
2356613,2356613,Beryx decadactylus,-37.717,150.233
2356613,2356613,Beryx decadactylus,-35.583,150.733
2356613,2356613,Beryx decadactylus,-33.65,151.933
2356613,2356613,Beryx decadactylus,-33.567,152.017
2356613,2356613,Beryx decadactylus,-33.517,152.05
2356613,2356613,Beryx decadactylus,-37.65,150.25
2356613,2356613,Beryx decadactylus,-33.683,151.95
2356613,2356613,Beryx decadactylus,-33.667,151.933
2356613,2356613,Beryx decadactylus,-37.733,150.233
2356613,2356613,Beryx decadactylus,-34,151
2356613,10352617,Beryx decadactylus,-34,151
2356613,2356613,Beryx decadactylus,-34,151
2356613,2356613,Beryx decadactylus,-35.35,150.48334
2356613,2356613,Beryx decadactylus,-34.533,151.317
2356613,2356613,Beryx decadactylus,-34.308334,151.44167
2356613,2356613,Beryx decadactylus,-31.867,153.2
2356613,2356613,Beryx decadactylus,-34.3,151.45
2356613,2356613,Beryx decadactylus,-34.31,151.44
2356613,2356613,Beryx decadactylus,-36.633,150.35
2356613,2356613,Beryx decadactylus,-40.54166,143.44167
2356613,2356613,Beryx decadactylus,-39.03333,148.63334
2356613,2356613,Beryx decadactylus,-37.63333,150.25
2356613,2356613,Beryx decadactylus,-42.12,144.7
2356613,2356613,Beryx decadactylus,-41.6,144.4
2356613,2356613,Beryx decadactylus,-42.8,144.666667
2356613,2356613,Beryx decadactylus,-42.8,144.666667
2356613,2356613,Beryx decadactylus,-37.833332,150.05833
2356613,2356613,Beryx decadactylus,-34.767,151.233
2356613,2356613,Beryx decadactylus,-37.983,150.067
2356613,2356613,Beryx decadactylus,-33.2,152.35
2356613,2356613,Beryx decadactylus,-33.067,152.45
2356613,2356613,Beryx decadactylus,-33.017,152.567
2356613,2356613,Beryx decadactylus,-36.43,150.08
2356613,2356613,Beryx decadactylus,-37.333,150.35
2356613,2356613,Beryx decadactylus,-35.55,150.75
2356613,2356613,Beryx decadactylus,-34.667,151.25
2356613,2356613,Beryx decadactylus,-41.25,148.3
2356613,2356613,Beryx decadactylus,-37.95,150.083
2356613,2356613,Beryx decadactylus,-34.3,151.433
2356613,2356613,Beryx decadactylus,-37.733,150.2
2356613,2356613,Beryx decadactylus,-33.433,152.117
2356613,2356613,Beryx decadactylus,-35.016666,150.85
2356613,2356613,Beryx decadactylus,-35.833,150.567
2356613,2356613,Beryx decadactylus,-35.583,150.733
2356613,2356613,Beryx decadactylus,-29.616667,153.79167
2356613,2356613,Beryx decadactylus,-29.583,153.8
2356613,2356613,Beryx decadactylus,-32.4,153.017
2356613,2356613,Beryx decadactylus,-33.458332,152.06667
2356613,2356613,Beryx decadactylus,-33.467,152.067
2356613,2356613,Beryx decadactylus,-33.46,152.07
2356613,2356613,Beryx decadactylus,-33.667,151.883
2356613,2356613,Beryx decadactylus,-37.65,150.25
2356613,2356613,Beryx decadactylus,-33.68,151.88
2356613,2356613,Beryx decadactylus,-35.533333,150.76666
2356613,2356613,Beryx decadactylus,-35.55,150.767
2356613,2356613,Beryx decadactylus,-37.7,150.233
2356613,2356613,Beryx decadactylus,-37.733,150.217
2356613,2356613,Beryx decadactylus,-35.55,150.767
2356613,2356613,Beryx decadactylus,-35.575,150.73334
2356613,2356613,Beryx decadactylus,-35.533,150.767
2356613,2356613,Beryx decadactylus,-35.55,150.733
2356613,2356613,Beryx decadactylus,-34.3,151.43333
2356613,2356613,Beryx decadactylus,-33.583332,151.5
2356613,2356613,Beryx decadactylus,-34.5,151
2356613,2356613,Beryx decadactylus,-37.833332,149.33333
2356613,2356613,Beryx decadactylus,-38,150.08333
2356613,2356613,Beryx decadactylus,-38,149
2356613,2356613,Beryx decadactylus,-38.5,148.5
2356613,2356613,Beryx decadactylus,-35.83,138.5
2356613,2356613,Beryx decadactylus,-37.8,149.266667
2356613,2356613,Beryx decadactylus,-38,149
2356613,2356613,Beryx decadactylus,-38,149
2356613,2356613,Beryx decadactylus,-38,149
2356613,2356613,Beryx decadactylus,-34.791668,151.23334
