requested_taxonKey,record_taxonKey,species_name,decimalLatitude,decimalLongitude
2356760,2356760,Sargocentron tiere,-10.463903,105.600459
2356760,2356760,Sargocentron tiere,-17.0764,119.6539
2356760,2356760,Sargocentron tiere,-10.4266,105.6708
2356760,2356760,Sargocentron tiere,-10.4266,105.6708
2356760,2356760,Sargocentron tiere,-10.4281,105.6658
2356760,2356760,Sargocentron tiere,-10.4197,105.6723
2356760,2356760,Sargocentron tiere,-10.4685,105.5578
2356760,2356760,Sargocentron tiere,-10.4685,105.5578
2356760,2356760,Sargocentron tiere,-10.4637,105.7084
2356760,2356760,Sargocentron tiere,-10.4637,105.7084
2356760,2356760,Sargocentron tiere,-10.42,105.67
2356760,2356760,Sargocentron tiere,-10.43,105.67
2356760,2356760,Sargocentron tiere,-10.47,105.56
2356760,2356760,Sargocentron tiere,-10.4237,105.6698
2356760,2356760,Sargocentron tiere,-10.4237,105.6698
2356760,2356760,Sargocentron tiere,-10.429,105.6698
2356760,2356760,Sargocentron tiere,-17.333,119.333
2356760,2356760,Sargocentron tiere,-17.083,119.583
2356760,2356760,Sargocentron tiere,-10.5,105.666664
2356760,2356760,Sargocentron tiere,-21.65,114.33333
2356760,2356760,Sargocentron tiere,-10.48333,105.66667
2356760,2356760,Sargocentron tiere,-10.48333,105.66667
