requested_taxonKey,record_taxonKey,species_name,decimalLatitude,decimalLongitude
2356993,2356993,Myripristis murdjan,-29.929429,153.391466
2356993,2356993,Myripristis murdjan,-33.800412,151.294701
2356993,2356993,Myripristis murdjan,-33.800302,151.294567
2356993,2356993,Myripristis murdjan,-30.938409,153.100668
2356993,2356993,Myripristis murdjan,-28.611316,153.628768
2356993,2356993,Myripristis murdjan,-30.9384,153.100684
2356993,2356993,Myripristis murdjan,-29.928274,153.389727
2356993,2356993,Myripristis murdjan,-30.205483,153.26693
2356993,2356993,Myripristis murdjan,-29.929429,153.391466
2356993,2356993,Myripristis murdjan,-30.205483,153.26693
2356993,2356993,Myripristis murdjan,-30.205483,153.26693
2356993,2356993,Myripristis murdjan,-23.16108,113.75875
2356993,2356993,Myripristis murdjan,-30.205483,153.26693
2356993,2356993,Myripristis murdjan,-30.205483,153.26693
2356993,2356993,Myripristis murdjan,-29.929429,153.391466
2356993,2356993,Myripristis murdjan,-12.094565,96.886182
2356993,2356993,Myripristis murdjan,-30.939265,153.101117
2356993,2356993,Myripristis murdjan,-30.939266,153.101117
2356993,2356993,Myripristis murdjan,-30.205483,153.26693
2356993,2356993,Myripristis murdjan,-30.205483,153.26693
2356993,2356993,Myripristis murdjan,-29.92857,153.39038
2356993,2356993,Myripristis murdjan,-30.205483,153.26693
2356993,2356993,Myripristis murdjan,-29.922415,153.388123
2356993,2356993,Myripristis murdjan,-30.205483,153.26693
2356993,2356993,Myripristis murdjan,-30.205483,153.26693
2356993,2356993,Myripristis murdjan,-30.205483,153.26693
2356993,2356993,Myripristis murdjan,-30.205483,153.26693
2356993,2356993,Myripristis murdjan,-30.205483,153.26693
2356993,2356993,Myripristis murdjan,-30.205483,153.26693
2356993,2356993,Myripristis murdjan,-30.205483,153.26693
2356993,2356993,Myripristis murdjan,-21.660977,114.341616
2356993,2356993,Myripristis murdjan,-27.4,153.566667
2356993,2356993,Myripristis murdjan,-28.193333,153.58
2356993,2356993,Myripristis murdjan,-28.193333,153.58
2356993,2356993,Myripristis murdjan,-30.939266,153.101117
2356993,2356993,Myripristis murdjan,-30.9384,153.100684
2356993,2356993,Myripristis murdjan,-23.118728,113.752653
2356993,2356993,Myripristis murdjan,-27.413122,153.520881
2356993,2356993,Myripristis murdjan,-30.940248,153.101039
2356993,2356993,Myripristis murdjan,-30.894712,153.089848
2356993,2356993,Myripristis murdjan,-33.800618,151.293754
2356993,2356993,Myripristis murdjan,-30.938772,153.100918
2356993,2356993,Myripristis murdjan,-21.816829,114.191704
2356993,2356993,Myripristis murdjan,-27.9707,153.4275
2356993,2356993,Myripristis murdjan,-23.2,113.7635
2356993,2356993,Myripristis murdjan,-23.2,113.7635
2356993,2356993,Myripristis murdjan,-21.8392,114.1756
2356993,2356993,Myripristis murdjan,-21.8363,114.1778
2356993,2356993,Myripristis murdjan,-23.048,113.8189
2356993,2356993,Myripristis murdjan,-30.0188,153.2698
2356993,2356993,Myripristis murdjan,-30.02,153.27
2356993,2356993,Myripristis murdjan,-17.5022,118.9628
2356993,2356993,Myripristis murdjan,-23.135,113.7404
2356993,2356993,Myripristis murdjan,-23.135,113.7404
2356993,2356993,Myripristis murdjan,-23.135,113.7404
2356993,2356993,Myripristis murdjan,-21.8363,114.1778
2356993,2356993,Myripristis murdjan,-30.203886,153.265441
2356993,2356993,Myripristis murdjan,-30.0176,153.2692
2356993,2356993,Myripristis murdjan,-21.799115,114.120046
2356993,2356993,Myripristis murdjan,-29.9231,153.3881
2356993,2356993,Myripristis murdjan,-21.6671,114.3336
2356993,2356993,Myripristis murdjan,-21.66711,114.33362
2356993,2356993,Myripristis murdjan,-28.611,153.6283
2356993,2356993,Myripristis murdjan,-28.611,153.62831
2356993,2356993,Myripristis murdjan,-10.4296,105.6681
2356993,2356993,Myripristis murdjan,-10.4296,105.6681
2356993,2356993,Myripristis murdjan,-10.4266,105.6708
2356993,2356993,Myripristis murdjan,-10.4266,105.6708
2356993,2356993,Myripristis murdjan,-10.4281,105.6658
2356993,2356993,Myripristis murdjan,-10.4281,105.6658
2356993,2356993,Myripristis murdjan,-10.4296,105.6681
2356993,2356993,Myripristis murdjan,-10.4296,105.6681
2356993,2356993,Myripristis murdjan,-29.930467,153.390499
2356993,2356993,Myripristis murdjan,-29.9127,153.3834
2356993,2356993,Myripristis murdjan,-30.2045,153.2678
2356993,2356993,Myripristis murdjan,-30.2019,153.2676
2356993,2356993,Myripristis murdjan,-29.9304,153.3898
2356993,2356993,Myripristis murdjan,-29.9304,153.3898
2356993,2356993,Myripristis murdjan,-29.9304,153.3898
2356993,2356993,Myripristis murdjan,-29.91274,153.38342
2356993,2356993,Myripristis murdjan,-30.20451,153.26781
2356993,2356993,Myripristis murdjan,-30.2019,153.2676
2356993,2356993,Myripristis murdjan,-29.93044,153.38984
2356993,2356993,Myripristis murdjan,-29.93044,153.38984
2356993,2356993,Myripristis murdjan,-29.93044,153.38984
2356993,2356993,Myripristis murdjan,-30.93938,153.100388
2356993,2356993,Myripristis murdjan,-30.93938,153.100388
2356993,2356993,Myripristis murdjan,-30.93938,153.100388
2356993,2356993,Myripristis murdjan,-30.205442,153.266058
2356993,2356993,Myripristis murdjan,-30.2017,153.2664
2356993,2356993,Myripristis murdjan,-30.2017,153.2664
2356993,2356993,Myripristis murdjan,-30.20167,153.26635
2356993,2356993,Myripristis murdjan,-30.20167,153.26635
2356993,2356993,Myripristis murdjan,-30.2,153.27
2356993,2356993,Myripristis murdjan,-30.939177,153.100504
2356993,2356993,Myripristis murdjan,-30.207158,153.267388
2356993,2356993,Myripristis murdjan,-27.4,153.516667
2356993,2356993,Myripristis murdjan,-27.416667,153.55
2356993,2356993,Myripristis murdjan,-27.416667,153.55
2356993,2356993,Myripristis murdjan,-21.572778,114.662778
2356993,2356993,Myripristis murdjan,-21.685,114.311667
2356993,2356993,Myripristis murdjan,-21.473333,114.980833
2356993,2356993,Myripristis murdjan,-21.630833,114.690278
2356993,2356993,Myripristis murdjan,-17.333,119.333
2356993,2356993,Myripristis murdjan,-19.28583,118.18
2356993,2356993,Myripristis murdjan,-20.1575,115.29417
2356993,2356993,Myripristis murdjan,-19.23,118.03
2356993,2356993,Myripristis murdjan,-19.85583,116.425
2356993,2356993,Myripristis murdjan,-19.9975,115.5275
2356993,2356993,Myripristis murdjan,-17.533,118.983
2356993,2356993,Myripristis murdjan,-19.06,118.25667
2356993,2356993,Myripristis murdjan,-19.5575,117.96167
2356993,2356993,Myripristis murdjan,-20.175,115.26667
2356993,2356993,Myripristis murdjan,-20.18333,115.29167
2356993,2356993,Myripristis murdjan,-19.01667,117.96667
2356993,2356993,Myripristis murdjan,-10.5,105.666664
2356993,2356993,Myripristis murdjan,-10.5,105.666664
2356993,2356993,Myripristis murdjan,-21.933332,113.96667
2356993,2356993,Myripristis murdjan,-16.30013,121.00042
2356993,2356993,Myripristis murdjan,-19.4593,116.56778
2356993,2356993,Myripristis murdjan,-19.21736,118.4
2356993,2356993,Myripristis murdjan,-19.20861,117.78403
2356993,2356993,Myripristis murdjan,-19.16666,118.48473
2356993,2356993,Myripristis murdjan,-12.141302,96.868644
2356993,2356993,Myripristis murdjan,-10.5,105.66667
2356993,2356993,Myripristis murdjan,-10.5,105.66667
2356993,2356993,Myripristis murdjan,-21.91667,113.95
2356993,2356993,Myripristis murdjan,-10.48333,105.66667
2356993,2356993,Myripristis murdjan,-10.48333,105.66667
2356993,2356993,Myripristis murdjan,-10.48333,105.66667
2356993,2356993,Myripristis murdjan,-10.48333,105.66667
2356993,2356993,Myripristis murdjan,-10.48333,105.66667
2356993,2356993,Myripristis murdjan,-10.48333,105.66667
2356993,2356993,Myripristis murdjan,-10.48333,105.66667
2356993,2356993,Myripristis murdjan,-18.96667,119.03333
2356993,2356993,Myripristis murdjan,-24.48333,113.41667
2356993,2356993,Myripristis murdjan,-20.43333,115.58333
2356993,2356993,Myripristis murdjan,-17.3,119.316667
2356993,2356993,Myripristis murdjan,-10.41667,105.66667
2356993,2356993,Myripristis murdjan,-10.43333,105.66667
2356993,2356993,Myripristis murdjan,-12.08333,96.88333
2356993,2356993,Myripristis murdjan,-22.55,113.65
2356993,2356993,Myripristis murdjan,-10.5,105.66667
2356993,2356993,Myripristis murdjan,-24.48333,113.41667
2356993,2356993,Myripristis murdjan,-25.952246,113.638599
