requested_taxonKey,record_taxonKey,species_name,decimalLatitude,decimalLongitude
2356594,2356594,Eurypegasus draconis,-33.839857,151.253823
2356594,2356594,Eurypegasus draconis,-33.840098,151.253496
2356594,2356594,Eurypegasus draconis,-33.839843,151.25344
2356594,2356594,Eurypegasus draconis,-33.840025,151.253682
2356594,2356594,Eurypegasus draconis,-33.84,151.25
2356594,2356594,Eurypegasus draconis,-33.84,151.25
2356594,2356594,Eurypegasus draconis,-33.840064,151.253681
2356594,2356594,Eurypegasus draconis,-34.0389,151.367554
2356594,2356594,Eurypegasus draconis,-34.001488,151.224378
2356594,2356594,Eurypegasus draconis,-34.191352,151.255824
2356594,2356594,Eurypegasus draconis,-19.995,117.053833
2356594,2356594,Eurypegasus draconis,-19.836167,117.725333
2356594,10128997,Eurypegasus draconis,-19.99767,117.05117
2356594,10128997,Eurypegasus draconis,-20.00033,115.8845
2356594,10128997,Eurypegasus draconis,-19.4795,116.275
2356594,2356594,Eurypegasus draconis,-20.309333,116.975167
2356594,2356594,Eurypegasus draconis,-19.997167,115.887
2356594,2356594,Eurypegasus draconis,-19.729667,116.659167
2356594,2356594,Eurypegasus draconis,-19.798,116.463
2356594,2356594,Eurypegasus draconis,-19.995,117.053833
2356594,2356594,Eurypegasus draconis,-20.309333,116.975167
2356594,2356594,Eurypegasus draconis,-19.997167,115.887
2356594,2356594,Eurypegasus draconis,-19.729667,116.659167
2356594,2356594,Eurypegasus draconis,-19.798,116.463
2356594,2356594,Eurypegasus draconis,-19.836167,117.725333
2356594,2356594,Eurypegasus draconis,-20.199,115.787
2356594,2356594,Eurypegasus draconis,-20.199,115.787
2356594,2356594,Eurypegasus draconis,-32.71714,152.104864
2356594,10128997,Eurypegasus draconis,-21.6395,114.431
2356594,2356594,Eurypegasus draconis,-21.63905,114.4308
2356594,2356594,Eurypegasus draconis,-33.956183,151.262685
2356594,2356594,Eurypegasus draconis,-20.15,117.691667
2356594,2356594,Eurypegasus draconis,-20.15,117.691667
2356594,2356594,Eurypegasus draconis,-19.766667,118.218333
2356594,2356594,Eurypegasus draconis,-19.75917,118.23
2356594,2356594,Eurypegasus draconis,-19.766667,118.218333
2356594,2356594,Eurypegasus draconis,-34.133335,151.18333
2356594,2356594,Eurypegasus draconis,-19.5875,117.43917
2356594,2356594,Eurypegasus draconis,-33.740276,151.42027
2356594,2356594,Eurypegasus draconis,-19.51,117.86167
2356594,2356594,Eurypegasus draconis,-20.04583,117.17167
2356594,2356594,Eurypegasus draconis,-19.473333,117.868333
2356594,2356594,Eurypegasus draconis,-19.473333,117.868333
2356594,2356594,Eurypegasus draconis,-19.68667,116.55417
2356594,2356594,Eurypegasus draconis,-19.6675,116.31167
2356594,2356594,Eurypegasus draconis,-19.62583,117.09833
2356594,2356594,Eurypegasus draconis,-19.56333,117.9425
2356594,2356594,Eurypegasus draconis,-19.87666,117.25417
2356594,2356594,Eurypegasus draconis,-20.12417,116.01667
2356594,2356594,Eurypegasus draconis,-20.11083,115.7075
2356594,2356594,Eurypegasus draconis,-20.215,115.89833
2356594,2356594,Eurypegasus draconis,-20.03833,117.45
2356594,2356594,Eurypegasus draconis,-27.983334,154.31667
2356594,2356594,Eurypegasus draconis,-19.99,117.84417
2356594,2356594,Eurypegasus draconis,-19.98333,116.9975
2356594,2356594,Eurypegasus draconis,-20.0175,116.98667
2356594,2356594,Eurypegasus draconis,-31.016666,153.31667
2356594,2356594,Eurypegasus draconis,-19.35333,118.1525
2356594,2356594,Eurypegasus draconis,-19.92167,116.47084
2356594,2356594,Eurypegasus draconis,-19,117
2356594,2356594,Eurypegasus draconis,-20.06667,117.875
2356594,2356594,Eurypegasus draconis,-20.02833,117.22833
2356594,2356594,Eurypegasus draconis,-20.11833,117.38
2356594,2356594,Eurypegasus draconis,-19.46333,118.445
2356594,2356594,Eurypegasus draconis,-20.09833,117.4275
2356594,2356594,Eurypegasus draconis,-20.14583,117.53667
2356594,2356594,Eurypegasus draconis,-19.70416,117.04417
2356594,2356594,Eurypegasus draconis,-19.53667,117.22334
2356594,2356594,Eurypegasus draconis,-19.655,117.02917
2356594,2356594,Eurypegasus draconis,-34,151.23334
2356594,2356594,Eurypegasus draconis,-19.66667,117.03334
2356594,2356594,Eurypegasus draconis,-20.38333,116.26667
2356594,2356594,Eurypegasus draconis,-20.05,115.95
2356594,2356594,Eurypegasus draconis,-20.65,115.966667
2356594,2356594,Eurypegasus draconis,-20.603257,115.824045
2356594,2356594,Eurypegasus draconis,-20.65,115.966667
2356594,2356594,Eurypegasus draconis,-20.05,115.95
2356594,2356594,Eurypegasus draconis,-36.73,149.98
2356594,2356594,Eurypegasus draconis,-33.783333,151.26666
2356594,2356594,Eurypegasus draconis,-33.85,151.26666
2356594,2356594,Eurypegasus draconis,-20.28333,116.01667
2356594,2356594,Eurypegasus draconis,-19.08333,118.9
2356594,2356594,Eurypegasus draconis,-19.06667,118.8
2356594,2356594,Eurypegasus draconis,-19.05,119.05
2356594,2356594,Eurypegasus draconis,-20,117
2356594,2356594,Eurypegasus draconis,-19.98333,117.85
2356594,2356594,Eurypegasus draconis,-20.433333,115.616667
2356594,2356594,Eurypegasus draconis,-21.63333,115.11667
2356594,2356594,Eurypegasus draconis,-33.85,151.25
2356594,2356594,Eurypegasus draconis,-28.806667,113.9775
2356594,2356594,Eurypegasus draconis,-21.6391,114.4308
2356594,2356594,Eurypegasus draconis,-22.314167,114.0325
