requested_taxonKey,record_taxonKey,species_name,decimalLatitude,decimalLongitude
2356824,2356824,Sargocentron caudimaculatum,-10.43946,105.620379
2356824,2356824,Sargocentron caudimaculatum,-17.044221,119.638655
2356824,2356824,Sargocentron caudimaculatum,-10.42855,105.669059
2356824,2356824,Sargocentron caudimaculatum,-10.446154,105.560985
2356824,2356824,Sargocentron caudimaculatum,-10.42879,105.668922
2356824,2356824,Sargocentron caudimaculatum,-17.301001,119.387409
2356824,2356824,Sargocentron caudimaculatum,-10.463056,105.643757
2356824,2356824,Sargocentron caudimaculatum,-10.44461,105.633919
2356824,2356824,Sargocentron caudimaculatum,-10.463339,105.605166
2356824,2356824,Sargocentron caudimaculatum,-21.785859,114.133072
2356824,2356824,Sargocentron caudimaculatum,-10.420181,105.725811
2356824,2356824,Sargocentron caudimaculatum,-22,114
2356824,2356824,Sargocentron caudimaculatum,-21.796902,114.129948
2356824,2356824,Sargocentron caudimaculatum,-17.548,118.9737
2356824,2356824,Sargocentron caudimaculatum,-17.548,118.9737
2356824,2356824,Sargocentron caudimaculatum,-17.5531,118.9738
2356824,2356824,Sargocentron caudimaculatum,-17.5531,118.9738
2356824,2356824,Sargocentron caudimaculatum,-17.5071,118.9664
2356824,2356824,Sargocentron caudimaculatum,-17.5022,118.9628
2356824,2356824,Sargocentron caudimaculatum,-17.5022,118.9628
2356824,2356824,Sargocentron caudimaculatum,-17.0764,119.6539
2356824,2356824,Sargocentron caudimaculatum,-17.0764,119.6539
2356824,2356824,Sargocentron caudimaculatum,-17.0764,119.6539
2356824,2356824,Sargocentron caudimaculatum,-17.0658,119.6494
2356824,2356824,Sargocentron caudimaculatum,-17.062,119.6482
2356824,2356824,Sargocentron caudimaculatum,-17.0721,119.6533
2356824,2356824,Sargocentron caudimaculatum,-17.0818,119.6552
2356824,2356824,Sargocentron caudimaculatum,-17.0818,119.6552
2356824,2356824,Sargocentron caudimaculatum,-17.0818,119.6552
2356824,2356824,Sargocentron caudimaculatum,-17.06,119.65
2356824,2356824,Sargocentron caudimaculatum,-17.06,119.65
2356824,2356824,Sargocentron caudimaculatum,-17.2461,119.352
2356824,2356824,Sargocentron caudimaculatum,-17.2461,119.3471
2356824,2356824,Sargocentron caudimaculatum,-17.2461,119.3471
2356824,2356824,Sargocentron caudimaculatum,-17.2461,119.3471
2356824,2356824,Sargocentron caudimaculatum,-17.2461,119.352
2356824,2356824,Sargocentron caudimaculatum,-17.2461,119.352
2356824,2356824,Sargocentron caudimaculatum,-17.288,119.3775
2356824,2356824,Sargocentron caudimaculatum,-17.288,119.3775
2356824,2356824,Sargocentron caudimaculatum,-17.253,119.3604
2356824,2356824,Sargocentron caudimaculatum,-17.2909,119.3593
2356824,2356824,Sargocentron caudimaculatum,-17.3552,119.3839
2356824,2356824,Sargocentron caudimaculatum,-20.7837,115.5001
2356824,2356824,Sargocentron caudimaculatum,-17.29,119.38
2356824,2356824,Sargocentron caudimaculatum,-17.29,119.38
2356824,2356824,Sargocentron caudimaculatum,-17.36,119.38
2356824,2356824,Sargocentron caudimaculatum,-17.32,119.36
2356824,2356824,Sargocentron caudimaculatum,-10.4296,105.6681
2356824,2356824,Sargocentron caudimaculatum,-10.4296,105.6681
2356824,2356824,Sargocentron caudimaculatum,-10.4266,105.6708
2356824,2356824,Sargocentron caudimaculatum,-10.4266,105.6708
2356824,2356824,Sargocentron caudimaculatum,-10.4281,105.6658
2356824,2356824,Sargocentron caudimaculatum,-10.4197,105.6723
2356824,2356824,Sargocentron caudimaculatum,-10.4197,105.6723
2356824,2356824,Sargocentron caudimaculatum,-10.4614,105.5816
2356824,2356824,Sargocentron caudimaculatum,-10.4562,105.6359
2356824,2356824,Sargocentron caudimaculatum,-10.4562,105.6359
2356824,2356824,Sargocentron caudimaculatum,-10.4685,105.5578
2356824,2356824,Sargocentron caudimaculatum,-10.4685,105.5578
2356824,2356824,Sargocentron caudimaculatum,-10.4296,105.6681
2356824,2356824,Sargocentron caudimaculatum,-10.43,105.67
2356824,2356824,Sargocentron caudimaculatum,-10.42,105.67
2356824,2356824,Sargocentron caudimaculatum,-10.43,105.67
2356824,2356824,Sargocentron caudimaculatum,-10.43,105.67
2356824,2356824,Sargocentron caudimaculatum,-10.47,105.56
2356824,2356824,Sargocentron caudimaculatum,-10.43,105.67
2356824,2356824,Sargocentron caudimaculatum,-10.42,105.67
2356824,2356824,Sargocentron caudimaculatum,-10.4237,105.6698
2356824,2356824,Sargocentron caudimaculatum,-10.4607,105.6282
2356824,2356824,Sargocentron caudimaculatum,-10.4616,105.581
2356824,2356824,Sargocentron caudimaculatum,-12.4616,105.581
2356824,2356824,Sargocentron caudimaculatum,-12.4607,105.6282
2356824,2356824,Sargocentron caudimaculatum,-10.5,105.666664
2356824,2356824,Sargocentron caudimaculatum,-10.5,105.666664
2356824,2356824,Sargocentron caudimaculatum,-10.5,105.666664
2356824,2356824,Sargocentron caudimaculatum,-23.09236,113.425
2356824,2356824,Sargocentron caudimaculatum,-10.48333,105.66667
2356824,2356824,Sargocentron caudimaculatum,-10.48333,105.66667
2356824,2356824,Sargocentron caudimaculatum,-10.48333,105.66667
2356824,2356824,Sargocentron caudimaculatum,-17.3,119.36667
2356824,2356824,Sargocentron caudimaculatum,-10.41667,105.66667
2356824,2356824,Sargocentron caudimaculatum,-12.08333,96.85
2356824,2356824,Sargocentron caudimaculatum,-20.50062,116.50217
