requested_taxonKey,record_taxonKey,species_name,decimalLatitude,decimalLongitude
2356611,2356611,"Beryx Cuvier, 1829",-36.3095,150.347167
2356611,2356611,"Beryx Cuvier, 1829",-36.3095,150.347167
2356611,2356612,Beryx splendens,-38.206667,149.742667
2356611,2356611,"Beryx Cuvier, 1829",-39.108167,148.652167
2356611,2356612,Beryx splendens,-38.206667,149.742667
2356611,2356611,"Beryx Cuvier, 1829",-39.108167,148.652167
2356611,2356611,"Beryx Cuvier, 1829",-36.41348,150.347998
2356611,2356611,"Beryx Cuvier, 1829",-36.41348,150.347998
2356611,2356612,Beryx splendens,-36.425835,150.35
2356611,2356612,Beryx splendens,-36.425835,150.35
2356611,2356622,Beryx mollis,-21.71621,113.86374
2356611,2356622,Beryx mollis,-21.71621,113.86374
2356611,2356622,Beryx mollis,-21.71621,113.86374
2356611,2356612,Beryx splendens,-21.71621,113.86374
2356611,2356622,Beryx mollis,-21.71621,113.86374
2356611,2356613,Beryx decadactylus,-28.224167,153.910333
2356611,10352617,Beryx decadactylus,-28.24083,153.90083
2356611,2356613,Beryx decadactylus,-28.224167,153.910333
2356611,2356612,Beryx splendens,-39.566667,148.833333
2356611,2356613,Beryx decadactylus,-39.566667,148.833333
2356611,2356613,Beryx decadactylus,-39.566667,148.833333
2356611,10352617,Beryx decadactylus,-39.5667,148.833
2356611,10352617,Beryx decadactylus,-39.5667,148.833
2356611,10330325,Beryx splendens,-39.5667,148.833
2356611,2356612,Beryx splendens,-39.566667,148.833333
2356611,2356613,Beryx decadactylus,-39.566667,148.833333
2356611,2356613,Beryx decadactylus,-39.566667,148.833333
2356611,10352617,Beryx decadactylus,-31.633,153
2356611,2356613,Beryx decadactylus,-31.633333,153
2356611,2356613,Beryx decadactylus,-31.633333,153
2356611,2356613,Beryx decadactylus,-34.033333,151.75
2356611,2356613,Beryx decadactylus,-34.033333,151.75
2356611,2356613,Beryx decadactylus,-34.033333,151.75
2356611,10352617,Beryx decadactylus,-34.033,151.75
2356611,2356612,Beryx splendens,-41.25,144.25
2356611,2356612,Beryx splendens,-43.25,145.25
2356611,2356612,Beryx splendens,-32.75,152.25
2356611,2356612,Beryx splendens,-34.75,151.25
2356611,2356612,Beryx splendens,-32.25,153.25
2356611,2356612,Beryx splendens,-32.75,151.75
2356611,2356612,Beryx splendens,-32.25,152.25
2356611,2356612,Beryx splendens,-35.25,150.75
2356611,2356612,Beryx splendens,-34.75,151.75
2356611,2356612,Beryx splendens,-33.25,151.25
2356611,2356612,Beryx splendens,-33.75,151.25
2356611,2356612,Beryx splendens,-33.75,151.75
2356611,2356612,Beryx splendens,-36.25,150.25
2356611,2356612,Beryx splendens,-35.75,150.75
2356611,2356612,Beryx splendens,-29.25,153.25
2356611,2356612,Beryx splendens,-38.75,148.25
2356611,2356612,Beryx splendens,-37.75,139.25
2356611,2356612,Beryx splendens,-36.75,149.75
2356611,2356612,Beryx splendens,-29.25,154.25
2356611,2356612,Beryx splendens,-37.25,149.75
2356611,2356612,Beryx splendens,-29.75,153.25
2356611,2356612,Beryx splendens,-38.25,149.25
2356611,2356613,Beryx decadactylus,-34.25,151.25
2356611,2356612,Beryx splendens,-41.75,144.25
2356611,2356613,Beryx decadactylus,-34.25,150.75
2356611,2356612,Beryx splendens,-42.25,144.75
2356611,2356613,Beryx decadactylus,-38.75,148.75
2356611,2356613,Beryx decadactylus,-35.25,150.75
2356611,2356613,Beryx decadactylus,-35.25,151.25
2356611,2356613,Beryx decadactylus,-35.25,150.25
2356611,2356613,Beryx decadactylus,-34.75,151.25
2356611,2356612,Beryx splendens,-34.75,150.75
2356611,2356612,Beryx splendens,-33.75,152.25
2356611,2356612,Beryx splendens,-36.75,150.25
2356611,2356612,Beryx splendens,-37.25,150.25
2356611,2356612,Beryx splendens,-40.25,143.25
2356611,2356613,Beryx decadactylus,-35.75,150.75
2356611,2356612,Beryx splendens,-37.75,150.25
2356611,2356612,Beryx splendens,-37.75,149.75
2356611,2356612,Beryx splendens,-43.75,145.75
2356611,2356612,Beryx splendens,-39.25,142.75
2356611,2356612,Beryx splendens,-29.75,153.75
2356611,2356612,Beryx splendens,-37.25,139.25
2356611,2356612,Beryx splendens,-38.75,148.75
2356611,2356612,Beryx splendens,-33.25,152.75
2356611,2356612,Beryx splendens,-34.25,151.25
2356611,2356612,Beryx splendens,-38.25,148.75
2356611,2356612,Beryx splendens,-39.25,148.75
2356611,2356612,Beryx splendens,-34.25,150.75
2356611,2356612,Beryx splendens,-36.25,150.75
2356611,2356612,Beryx splendens,-35.25,150.25
2356611,2356612,Beryx splendens,-35.75,150.25
2356611,2356612,Beryx splendens,-34.25,151.75
2356611,2356612,Beryx splendens,-35.25,151.25
2356611,2356612,Beryx splendens,-29.25,153.75
2356611,2356612,Beryx splendens,-33.25,151.75
2356611,2356612,Beryx splendens,-39.75,148.75
2356611,2356612,Beryx splendens,-32.25,152.75
2356611,2356612,Beryx splendens,-32.75,153.25
2356611,2356612,Beryx splendens,-32.75,152.75
2356611,2356612,Beryx splendens,-40.75,143.75
2356611,2356613,Beryx decadactylus,-41.25,144.25
2356611,2356612,Beryx splendens,-40.25,148.75
2356611,2356612,Beryx splendens,-41.75,144.75
2356611,2356613,Beryx decadactylus,-41.75,144.25
2356611,2356612,Beryx splendens,-41.25,143.75
2356611,2356613,Beryx decadactylus,-34.25,151.75
2356611,2356613,Beryx decadactylus,-34.75,150.75
2356611,2356613,Beryx decadactylus,-35.75,150.25
2356611,2356613,Beryx decadactylus,-39.25,148.75
2356611,2356613,Beryx decadactylus,-34.75,151.75
2356611,2356612,Beryx splendens,-33.25,152.25
2356611,2356612,Beryx splendens,-36.433334,150.35
2356611,2356612,Beryx splendens,-36.433334,150.35
2356611,2356612,Beryx splendens,-36.433334,150.35
2356611,2356612,Beryx splendens,-36.433,150.35
2356611,2356613,Beryx decadactylus,-36.433,150.35
2356611,2356613,Beryx decadactylus,-36.433,150.35
2356611,2356612,Beryx splendens,-36.433,150.35
2356611,2356612,Beryx splendens,-36.483,150.333
2356611,2356612,Beryx splendens,-36.667,150.333
2356611,2356612,Beryx splendens,-36.417,150.35
2356611,2356612,Beryx splendens,-36.217,150.4
2356611,2356612,Beryx splendens,-36.2,150.4
2356611,2356612,Beryx splendens,-28.25,154.25
2356611,2356612,Beryx splendens,-28.25,153.75
2356611,2356612,Beryx splendens,-42.75,144.75
2356611,2356612,Beryx splendens,-43.75,146.25
2356611,2356612,Beryx splendens,-37.75,149.75
2356611,2356612,Beryx splendens,-29.25,153.75
2356611,2356612,Beryx splendens,-36.75,149.75
2356611,2356612,Beryx splendens,-29.25,154.25
2356611,2356612,Beryx splendens,-29.75,153.25
2356611,2356612,Beryx splendens,-38.75,142.25
2356611,2356613,Beryx decadactylus,-39.75,148.75
2356611,2356612,Beryx splendens,-34.75,150.75
2356611,2356612,Beryx splendens,-34.25,151.75
2356611,2356612,Beryx splendens,-33.75,152.25
2356611,2356612,Beryx splendens,-33.25,152.75
2356611,2356612,Beryx splendens,-41.75,144.75
2356611,2356612,Beryx splendens,-37.75,150.25
2356611,2356612,Beryx splendens,-30.25,153.75
2356611,2356612,Beryx splendens,-31.75,153.25
2356611,2356612,Beryx splendens,-31.75,152.75
2356611,2356612,Beryx splendens,-38.25,148.75
2356611,2356612,Beryx splendens,-30.75,153.25
2356611,2356612,Beryx splendens,-38.25,149.25
2356611,2356612,Beryx splendens,-32.75,152.25
2356611,2356612,Beryx splendens,-39.75,148.75
2356611,2356612,Beryx splendens,-33.25,151.25
2356611,2356612,Beryx splendens,-32.25,152.25
2356611,2356612,Beryx splendens,-33.75,151.25
2356611,2356612,Beryx splendens,-34.75,151.75
2356611,2356612,Beryx splendens,-32.75,152.75
2356611,2356612,Beryx splendens,-35.25,150.75
2356611,2356612,Beryx splendens,-35.75,150.25
2356611,2356612,Beryx splendens,-36.25,150.25
2356611,2356612,Beryx splendens,-36.75,150.25
2356611,2356612,Beryx splendens,-32.25,153.25
2356611,2356612,Beryx splendens,-28.75,153.25
2356611,2356612,Beryx splendens,-33.75,151.75
2356611,2356612,Beryx splendens,-30.75,152.75
2356611,2356612,Beryx splendens,-34.25,150.75
2356611,2356612,Beryx splendens,-33.25,152.25
2356611,2356612,Beryx splendens,-35.25,151.25
2356611,2356612,Beryx splendens,-35.25,150.25
2356611,2356612,Beryx splendens,-36.75,150.75
2356611,2356612,Beryx splendens,-34.75,151.25
2356611,2356612,Beryx splendens,-36.25,150.75
2356611,2356612,Beryx splendens,-34.25,151.25
2356611,2356612,Beryx splendens,-40.25,148.75
2356611,2356612,Beryx splendens,-40.75,143.75
2356611,2356612,Beryx splendens,-42.25,144.75
2356611,2356612,Beryx splendens,-37.25,150.25
2356611,2356612,Beryx splendens,-43.25,145.25
2356611,2356612,Beryx splendens,-28.75,154.25
2356611,2356612,Beryx splendens,-30.25,153.25
2356611,2356612,Beryx splendens,-32.75,151.75
2356611,2356612,Beryx splendens,-28.75,153.75
2356611,2356612,Beryx splendens,-32.25,152.75
2356611,2356612,Beryx splendens,-31.25,153.25
2356611,2356612,Beryx splendens,-37.25,149.75
2356611,2356612,Beryx splendens,-37.25,139.25
2356611,2356612,Beryx splendens,-39.25,142.25
2356611,2356612,Beryx splendens,-33.25,151.75
2356611,2356612,Beryx splendens,-31.25,152.75
2356611,2356612,Beryx splendens,-38.75,148.75
2356611,2356612,Beryx splendens,-29.25,153.25
2356611,2356612,Beryx splendens,-29.75,153.75
2356611,2356612,Beryx splendens,-39.25,148.75
2356611,2356612,Beryx splendens,-32.75,153.25
2356611,2356613,Beryx decadactylus,-38.75,148.75
2356611,2356612,Beryx splendens,-35.75,150.75
2356611,2356612,Beryx splendens,-38.75,148.25
2356611,2356613,Beryx decadactylus,-36.417,150.333
2356611,2356613,Beryx decadactylus,-38.245667,149.681
2356611,2356613,Beryx decadactylus,-36.467,150.35
2356611,2356613,Beryx decadactylus,-38.245667,149.681
2356611,2356613,Beryx decadactylus,-36.45,150.35
2356611,2356612,Beryx splendens,-36.417,150.333
2356611,2356613,Beryx decadactylus,-36.217,150.4
2356611,2356612,Beryx splendens,-36.2,150.383
2356611,2356613,Beryx decadactylus,-39.25,148.75
2356611,2356613,Beryx decadactylus,-34.75,151.25
2356611,2356613,Beryx decadactylus,-36.75,149.75
2356611,2356612,Beryx splendens,-35.75,150.75
2356611,2356612,Beryx splendens,-41.75,144.75
2356611,2356612,Beryx splendens,-35.25,150.25
2356611,2356612,Beryx splendens,-35.75,150.25
2356611,2356612,Beryx splendens,-36.75,150.25
2356611,2356612,Beryx splendens,-34.75,151.25
2356611,2356612,Beryx splendens,-36.25,150.25
2356611,2356612,Beryx splendens,-34.25,151.25
2356611,2356612,Beryx splendens,-40.25,148.75
2356611,2356612,Beryx splendens,-34.75,150.75
2356611,2356612,Beryx splendens,-32.75,114.75
2356611,2356612,Beryx splendens,-38.25,148.75
2356611,2356612,Beryx splendens,-37.25,149.75
2356611,2356612,Beryx splendens,-38.75,148.25
2356611,2356612,Beryx splendens,-39.25,148.75
2356611,2356612,Beryx splendens,-38.25,149.25
2356611,2356613,Beryx decadactylus,-36.25,150.75
2356611,2356612,Beryx splendens,-37.75,149.75
2356611,2356612,Beryx splendens,-37.25,150.25
2356611,2356613,Beryx decadactylus,-36.25,150.25
2356611,2356612,Beryx splendens,-43.75,146.25
2356611,2356612,Beryx splendens,-41.25,148.25
2356611,2356612,Beryx splendens,-42.75,144.75
2356611,2356612,Beryx splendens,-37.75,150.25
2356611,2356612,Beryx splendens,-36.25,150.75
2356611,2356613,Beryx decadactylus,-36.75,150.25
2356611,2356612,Beryx splendens,-42.25,144.75
2356611,2356613,Beryx decadactylus,-41.75,144.25
2356611,2356612,Beryx splendens,-32.25,114.75
2356611,2356612,Beryx splendens,-36.75,149.75
2356611,2356612,Beryx splendens,-38.75,148.75
2356611,2356612,Beryx splendens,-39.75,148.75
2356611,2356612,Beryx splendens,-38.25,147.75
2356611,2356612,Beryx splendens,-38.25,149.75
2356611,2356613,Beryx decadactylus,-38.75,148.75
2356611,2356612,Beryx splendens,-35.25,151.25
2356611,2356612,Beryx splendens,-34.75,151.75
2356611,2356612,Beryx splendens,-34.25,150.75
2356611,2356612,Beryx splendens,-35.25,150.75
2356611,2356612,Beryx splendens,-34.25,151.75
2356611,2356612,Beryx splendens,-36.2,150.4
2356611,2356612,Beryx splendens,-36.433,150.333
2356611,2356612,Beryx splendens,-36.433,150.333
2356611,2356612,Beryx splendens,-37.717,150.233
2356611,2356613,Beryx decadactylus,-37.717,150.233
2356611,2356612,Beryx splendens,-37.733,150.25
2356611,2356612,Beryx splendens,-35.617,150.7
2356611,2356613,Beryx decadactylus,-35.583,150.733
2356611,2356613,Beryx decadactylus,-33.65,151.933
2356611,2356613,Beryx decadactylus,-33.567,152.017
2356611,2356613,Beryx decadactylus,-33.517,152.05
2356611,10330325,Beryx splendens,-33.533,152.05
2356611,2356612,Beryx splendens,-33.566667,152.016667
2356611,2356612,Beryx splendens,-33.566667,152.016667
2356611,2356612,Beryx splendens,-37.683,150.267
2356611,2356613,Beryx decadactylus,-37.65,150.25
2356611,2356612,Beryx splendens,-33.717,151.9
2356611,2356613,Beryx decadactylus,-33.683,151.95
2356611,2356613,Beryx decadactylus,-33.667,151.933
2356611,2356613,Beryx decadactylus,-37.733,150.233
2356611,2356612,Beryx splendens,-35.583,150.667
2356611,2356612,Beryx splendens,-36.87,150.31168
2356611,2356612,Beryx splendens,-36.87,150.31168
2356611,2356613,Beryx decadactylus,-34,151
2356611,10352617,Beryx decadactylus,-34,151
2356611,2356613,Beryx decadactylus,-34,151
2356611,2356611,"Beryx Cuvier, 1829",-33.95,151.4433
2356611,2356613,Beryx decadactylus,-35.35,150.48334
2356611,2356612,Beryx splendens,-18.8,116.116667
2356611,2356612,Beryx splendens,-18.8,116.116667
2356611,2356612,Beryx splendens,-24.855,112.118333
2356611,2356611,"Beryx Cuvier, 1829",-21.625,113.93
2356611,2356611,"Beryx Cuvier, 1829",-21.625,113.93
2356611,2356611,"Beryx Cuvier, 1829",-21.625,113.93
2356611,2356611,"Beryx Cuvier, 1829",-21.625,113.93
2356611,2356611,"Beryx Cuvier, 1829",-21.625,113.93
2356611,2356611,"Beryx Cuvier, 1829",-21.625,113.93
2356611,2356611,"Beryx Cuvier, 1829",-21.625,113.93
2356611,2356611,"Beryx Cuvier, 1829",-21.625,113.93
2356611,2356611,"Beryx Cuvier, 1829",-21.625,113.93
2356611,2356612,Beryx splendens,-21.64333,113.97917
2356611,2356612,Beryx splendens,-24.84333,112.11833
2356611,2356612,Beryx splendens,-26.69416,112.55167
2356611,2356612,Beryx splendens,-24.87083,112.1225
2356611,2356612,Beryx splendens,-25.3025,111.94
2356611,2356612,Beryx splendens,-24.855,112.118333
2356611,2356612,Beryx splendens,-32.0383,114.908
2356611,2356612,Beryx splendens,-29.98833,114.44667
2356611,2356612,Beryx splendens,-27.275,112.7475
2356611,2356612,Beryx splendens,-32.02583,114.9125
2356611,2356611,"Beryx Cuvier, 1829",-33.9,151.46666
2356611,2356611,"Beryx Cuvier, 1829",-33.9,151.4667
2356611,2356612,Beryx splendens,-29.236667,113.87
2356611,2356612,Beryx splendens,-29.236667,113.87
2356611,2356612,Beryx splendens,-31.516667,114.883333
2356611,2356612,Beryx splendens,-31.516667,114.883333
2356611,2356612,Beryx splendens,-38.217,149.75
2356611,2356612,Beryx splendens,-31.516667,114.883333
2356611,2356612,Beryx splendens,-31.516667,114.883333
2356611,2356612,Beryx splendens,-34.608334,123.3925
2356611,2356612,Beryx splendens,-35.033333,115.033333
2356611,2356612,Beryx splendens,-35.033333,115.033333
2356611,2356612,Beryx splendens,-35.033333,115.033333
2356611,2356612,Beryx splendens,-35.033333,115.033333
2356611,2356612,Beryx splendens,-26.416667,112.333333
2356611,2356612,Beryx splendens,-26.416667,112.333333
2356611,2356612,Beryx splendens,-26.416667,112.333333
2356611,2356612,Beryx splendens,-26.416667,112.333333
2356611,2356612,Beryx splendens,-26.416667,112.333333
2356611,2356612,Beryx splendens,-26.416667,112.333333
2356611,2356612,Beryx splendens,-26.416667,112.333333
2356611,2356612,Beryx splendens,-26.416667,112.333333
2356611,2356612,Beryx splendens,-26.416667,112.333333
2356611,2356612,Beryx splendens,-26.416667,112.333333
2356611,2356612,Beryx splendens,-26.416667,112.333333
2356611,2356612,Beryx splendens,-35.033333,115.033333
2356611,2356612,Beryx splendens,-26.416667,112.333333
2356611,2356612,Beryx splendens,-26.416667,112.333333
2356611,2356612,Beryx splendens,-26.416667,112.333333
2356611,2356612,Beryx splendens,-35.033333,115.033333
2356611,2356612,Beryx splendens,-26.416667,112.333333
2356611,2356612,Beryx splendens,-35.033333,115.033333
2356611,2356612,Beryx splendens,-26.416667,112.333333
2356611,2356612,Beryx splendens,-35.033333,115.033333
2356611,2356612,Beryx splendens,-26.416667,112.333333
2356611,2356612,Beryx splendens,-26.416667,112.333333
2356611,2356611,"Beryx Cuvier, 1829",-24.666666,112.166664
2356611,2356612,Beryx splendens,-28.566667,155.5
2356611,2356613,Beryx decadactylus,-34.533,151.317
2356611,2356612,Beryx splendens,-34.308334,151.44167
2356611,2356613,Beryx decadactylus,-34.308334,151.44167
2356611,2356613,Beryx decadactylus,-31.867,153.2
2356611,2356613,Beryx decadactylus,-34.3,151.45
2356611,2356612,Beryx splendens,-34.3,151.45
2356611,2356613,Beryx decadactylus,-34.31,151.44
2356611,2356612,Beryx splendens,-33.033,152.5
2356611,2356612,Beryx splendens,-33.017,152.55
2356611,2356612,Beryx splendens,-32.233,153.033
2356611,2356612,Beryx splendens,-34.333,151.4
2356611,2356612,Beryx splendens,-38.1517,149.9
2356611,2356612,Beryx splendens,-17.65,118.633
2356611,2356612,Beryx splendens,-39.025,148.60834
2356611,2356613,Beryx decadactylus,-36.633,150.35
2356611,2356613,Beryx decadactylus,-40.54166,143.44167
2356611,2356612,Beryx splendens,-33.733,151.817
2356611,2356612,Beryx splendens,-33.8,151.783
2356611,2356612,Beryx splendens,-37.25,150.33333
2356611,2356612,Beryx splendens,-35.95,150.50834
2356611,2356613,Beryx decadactylus,-39.03333,148.63334
2356611,2356613,Beryx decadactylus,-37.63333,150.25
2356611,2356612,Beryx splendens,-33.516666,129.63333
2356611,2356612,Beryx splendens,-34.817,151.183
2356611,2356611,"Beryx Cuvier, 1829",-28,154.1667
2356611,2356611,"Beryx Cuvier, 1829",-29.9833,153.85
2356611,2356611,"Beryx Cuvier, 1829",-30.9833,153.55
2356611,2356611,"Beryx Cuvier, 1829",-30.9833,153.3833
2356611,2356611,"Beryx Cuvier, 1829",-30.9833,153.4667
2356611,2356611,"Beryx Cuvier, 1829",-28,154.0833
2356611,2356611,"Beryx Cuvier, 1829",-30,153.4833
2356611,2356611,"Beryx Cuvier, 1829",-30.0167,153.7667
2356611,2356611,"Beryx Cuvier, 1829",-29,154.1333
2356611,2356611,"Beryx Cuvier, 1829",-31.0167,153.65
2356611,2356613,Beryx decadactylus,-42.12,144.7
2356611,2356612,Beryx splendens,-42.12,144.7
2356611,2356612,Beryx splendens,-41.12,143.95
2356611,2356612,Beryx splendens,-41.62,144.42
2356611,2356612,Beryx splendens,-34.333,151.417
2356611,2356612,Beryx splendens,-34.383,151.367
2356611,2356612,Beryx splendens,-32.717,152.8
2356611,2356612,Beryx splendens,-34.65,151.25
2356611,2356613,Beryx decadactylus,-41.6,144.4
2356611,2356612,Beryx splendens,-29.817,153.717
2356611,2356613,Beryx decadactylus,-42.8,144.666667
2356611,2356613,Beryx decadactylus,-42.8,144.666667
2356611,2356612,Beryx splendens,-33.767,151.833
2356611,2356612,Beryx splendens,-27.916667,153.983333
2356611,2356611,"Beryx Cuvier, 1829",-29.0167,153.7333
2356611,2356611,"Beryx Cuvier, 1829",-29.0167,153.6333
2356611,2356611,"Beryx Cuvier, 1829",-29,153.8667
2356611,2356612,Beryx splendens,-34.317,151.417
2356611,2356613,Beryx decadactylus,-37.833332,150.05833
2356611,2356613,Beryx decadactylus,-34.767,151.233
2356611,2356612,Beryx splendens,-34.767,151.233
2356611,2356613,Beryx decadactylus,-37.983,150.067
2356611,2356613,Beryx decadactylus,-33.2,152.35
2356611,2356613,Beryx decadactylus,-33.067,152.45
2356611,2356613,Beryx decadactylus,-33.017,152.567
2356611,2356612,Beryx splendens,-29.95,153.667
2356611,2356612,Beryx splendens,-32.967,152.617
2356611,2356613,Beryx decadactylus,-36.43,150.08
2356611,2356613,Beryx decadactylus,-37.333,150.35
2356611,2356613,Beryx decadactylus,-35.55,150.75
2356611,2356613,Beryx decadactylus,-34.667,151.25
2356611,2356612,Beryx splendens,-34.367,151.35
2356611,2356613,Beryx decadactylus,-41.25,148.3
2356611,2356613,Beryx decadactylus,-37.95,150.083
2356611,2356612,Beryx splendens,-33.467,152.067
2356611,2356612,Beryx splendens,-33.483,152.033
2356611,2356612,Beryx splendens,-34.317,151.45
2356611,2356612,Beryx splendens,-34.917,151.167
2356611,2356612,Beryx splendens,-33,152.55
2356611,2356612,Beryx splendens,-32.967,152.583
2356611,2356612,Beryx splendens,-33.133,152.417
2356611,2356612,Beryx splendens,-42.22,144.72
2356611,2356612,Beryx splendens,-41.02,144.02
2356611,2356612,Beryx splendens,-40.52,143.45
2356611,2356612,Beryx splendens,-40.92,143.92
2356611,2356612,Beryx splendens,-35,151.117
2356611,2356613,Beryx decadactylus,-34.3,151.433
2356611,2356612,Beryx splendens,-34.3,151.433
2356611,2356613,Beryx decadactylus,-37.733,150.2
2356611,2356612,Beryx splendens,-34.35,151.4
2356611,2356612,Beryx splendens,-33.45,152.067
2356611,2356613,Beryx decadactylus,-33.433,152.117
2356611,2356612,Beryx splendens,-33.583,152
2356611,2356613,Beryx decadactylus,-35.016666,150.85
2356611,2356612,Beryx splendens,-35.483,150.767
2356611,2356612,Beryx splendens,-35.55,150.767
2356611,2356613,Beryx decadactylus,-35.833,150.567
2356611,2356612,Beryx splendens,-33.45,152.083
2356611,2356612,Beryx splendens,-34.867,151.183
2356611,2356612,Beryx splendens,-33.533,152.033
2356611,2356613,Beryx decadactylus,-35.583,150.733
2356611,2356612,Beryx splendens,-33.517,152.033
2356611,2356612,Beryx splendens,-36.05,150.45
2356611,2356612,Beryx splendens,-33.7,151.85
2356611,2356612,Beryx splendens,-34.608334,151.25
2356611,2356612,Beryx splendens,-34.667,151.25
2356611,2356612,Beryx splendens,-34.317,151.433
2356611,2356612,Beryx splendens,-34.283,151.433
2356611,2356612,Beryx splendens,-32.383,152.983
2356611,2356613,Beryx decadactylus,-29.616667,153.79167
2356611,2356612,Beryx splendens,-29.783,153.733
2356611,2356612,Beryx splendens,-29.533,153.8
2356611,2356613,Beryx decadactylus,-29.583,153.8
2356611,2356612,Beryx splendens,-29.583,153.8
2356611,2356612,Beryx splendens,-32.4,153.017
2356611,2356612,Beryx splendens,-32.45,152.967
2356611,2356613,Beryx decadactylus,-32.4,153.017
2356611,2356612,Beryx splendens,-34.65,151.25
2356611,2356612,Beryx splendens,-34.35,151.417
2356611,2356612,Beryx splendens,-34.367,151.417
2356611,2356612,Beryx splendens,-33.458332,152.06667
2356611,2356613,Beryx decadactylus,-33.458332,152.06667
2356611,2356613,Beryx decadactylus,-33.467,152.067
2356611,2356612,Beryx splendens,-33.467,152.067
2356611,2356613,Beryx decadactylus,-33.46,152.07
2356611,2356613,Beryx decadactylus,-33.667,151.883
2356611,2356613,Beryx decadactylus,-37.65,150.25
2356611,2356613,Beryx decadactylus,-33.68,151.88
2356611,2356613,Beryx decadactylus,-35.533333,150.76666
2356611,2356611,"Beryx Cuvier, 1829",-29.858334,153.71666
2356611,2356612,Beryx splendens,-29.891666,153.69167
2356611,2356613,Beryx decadactylus,-35.55,150.767
2356611,2356612,Beryx splendens,-29.867,153.717
2356611,2356612,Beryx splendens,-29.883,153.7
2356611,2356612,Beryx splendens,-33.7,151.867
2356611,2356612,Beryx splendens,-33.7,151.883
2356611,2356613,Beryx decadactylus,-37.7,150.233
2356611,2356613,Beryx decadactylus,-37.733,150.217
2356611,2356612,Beryx splendens,-34.516666,151.33333
2356611,2356612,Beryx splendens,-34.533,151.333
2356611,2356612,Beryx splendens,-33.75,151.85
2356611,2356612,Beryx splendens,-33.75,151.8
2356611,2356612,Beryx splendens,-34.333,151.417
2356611,2356613,Beryx decadactylus,-35.55,150.767
2356611,2356612,Beryx splendens,-33.633,151.917
2356611,2356612,Beryx splendens,-35.533333,150.76
2356611,2356612,Beryx splendens,-35.533,150.75
2356611,2356612,Beryx splendens,-35.533,150.75
2356611,2356612,Beryx splendens,-33.533,152.05
2356611,2356612,Beryx splendens,-33.45,152.1
2356611,2356612,Beryx splendens,-35.575,150.73334
2356611,2356613,Beryx decadactylus,-35.575,150.73334
2356611,2356612,Beryx splendens,-33.483,152.05
2356611,2356612,Beryx splendens,-35.55,150.733
2356611,2356612,Beryx splendens,-35.533,150.767
2356611,2356613,Beryx decadactylus,-35.533,150.767
2356611,2356612,Beryx splendens,-35.667,150.667
2356611,2356613,Beryx decadactylus,-35.55,150.733
2356611,2356612,Beryx splendens,-43.65,142.95
2356611,2356612,Beryx splendens,-43.65,142.95
2356611,2356613,Beryx decadactylus,-34.3,151.43333
2356611,2356612,Beryx splendens,-34.291668,151.43333
2356611,2356612,Beryx splendens,-33.741665,151.875
2356611,2356613,Beryx decadactylus,-33.583332,151.5
2356611,2356611,"Beryx Cuvier, 1829",-33.39208,127.99195
2356611,2356612,Beryx splendens,-33.233334,152.35834
2356611,2356613,Beryx decadactylus,-34.5,151
2356611,2356612,Beryx splendens,-37.7,150.25
2356611,2356611,"Beryx Cuvier, 1829",-19.10958,119.44292
2356611,2356612,Beryx splendens,-32.58333,128.07528
2356611,2356612,Beryx splendens,-33.20138,126.72625
2356611,2356612,Beryx splendens,-33.25944,126.55056
2356611,2356612,Beryx splendens,-34.18389,132.72681
2356611,2356612,Beryx splendens,-33.31736,131.12611
2356611,2356612,Beryx splendens,-33.30139,126.71667
2356611,2356612,Beryx splendens,-33.57555,125.83417
2356611,2356612,Beryx splendens,-34.57569,134.21778
2356611,2356612,Beryx splendens,-33.23486,126.87653
2356611,2356612,Beryx splendens,-33.30125,126.85847
2356611,2356612,Beryx splendens,-33.40903,126.12612
2356611,2356612,Beryx splendens,-33.35875,128.44306
2356611,2356612,Beryx splendens,-33.33402,128.16736
2356611,2356612,Beryx splendens,-33.25069,126.28334
2356611,2356612,Beryx splendens,-33.24208,126.29209
2356611,2356612,Beryx splendens,-33.23388,126.30084
2356611,2356612,Beryx splendens,-33.35958,128.16681
2356611,2356613,Beryx decadactylus,-37.833332,149.33333
2356611,2356612,Beryx splendens,-37.95,149.5
2356611,2356613,Beryx decadactylus,-38,150.08333
2356611,2356613,Beryx decadactylus,-38,149
2356611,2356613,Beryx decadactylus,-38.5,148.5
2356611,2356613,Beryx decadactylus,-35.83,138.5
2356611,2356612,Beryx splendens,-16.91667,119.91667
2356611,2356612,Beryx splendens,-18.25,118.03333
2356611,2356612,Beryx splendens,-18.16667,118.26667
2356611,2356612,Beryx splendens,-17.93333,118.43333
2356611,2356612,Beryx splendens,-24.666667,112.166667
2356611,2356612,Beryx splendens,-34.716667,114.533333
2356611,2356612,Beryx splendens,-34.983333,114.8
2356611,4839790,Beryx muelleri,-35,118
2356611,2356613,Beryx decadactylus,-37.8,149.266667
2356611,2356613,Beryx decadactylus,-38,149
2356611,2356613,Beryx decadactylus,-38,149
2356611,2356613,Beryx decadactylus,-38,149
2356611,2356612,Beryx splendens,-37.875,139.783
2356611,2356613,Beryx decadactylus,-34.791668,151.23334
