requested_taxonKey,record_taxonKey,species_name,decimalLatitude,decimalLongitude
2356683,2356683,Diretmichthys parini,-20.848331,112.853868
2356683,2356683,Diretmichthys parini,-20.848331,112.853868
2356683,2356683,Diretmichthys parini,-24.017444,111.963586
2356683,2356683,Diretmichthys parini,-24.017444,111.963586
2356683,2356683,Diretmichthys parini,-18.57,117.464
2356683,2356683,Diretmichthys parini,-19.7135,113.233
2356683,2356683,Diretmichthys parini,-19.7135,113.233
2356683,2356683,Diretmichthys parini,-41.75,144.75
2356683,2356683,Diretmichthys parini,-41.25,144.25
2356683,2356683,Diretmichthys parini,-40.75,143.75
2356683,2356683,Diretmichthys parini,-42.25,144.75
2356683,2356683,Diretmichthys parini,-41.75,144.25
2356683,2356683,Diretmichthys parini,-40.25,143.25
2356683,2356683,Diretmichthys parini,-25.25,111.75
2356683,2356683,Diretmichthys parini,-37.85,150.13333
2356683,2356683,Diretmichthys parini,-37.85,150.13333
2356683,2356683,Diretmichthys parini,-37.3,138.38
2356683,2356683,Diretmichthys parini,-37.3,138.38
2356683,2356683,Diretmichthys parini,-21.47,113.643333
2356683,2356683,Diretmichthys parini,-24.485834,111.8525
2356683,2356683,Diretmichthys parini,-24.485834,111.8525
2356683,2356683,Diretmichthys parini,-24.485834,111.8525
2356683,2356683,Diretmichthys parini,-23.9925,111.90417
2356683,2356683,Diretmichthys parini,-22.77666,113.22334
2356683,2356683,Diretmichthys parini,-21.47583,113.65667
2356683,2356683,Diretmichthys parini,-27.35583,112.17667
2356683,2356683,Diretmichthys parini,-24.52333,111.82417
2356683,2356683,Diretmichthys parini,-25.84666,111.4475
2356683,2356683,Diretmichthys parini,-26.08083,111.78167
2356683,2356683,Diretmichthys parini,-25.69667,111.51
2356683,2356683,Diretmichthys parini,-23.9925,111.90417
2356683,2356683,Diretmichthys parini,-24.48583,111.8525
2356683,2356683,Diretmichthys parini,-24.1425,111.6575
2356683,2356683,Diretmichthys parini,-20.905,112.865
2356683,2356683,Diretmichthys parini,-21.47,113.643333
2356683,2356683,Diretmichthys parini,-27.98333,112.6925
2356683,2356683,Diretmichthys parini,-30.85333,114.61834
2356683,2356683,Diretmichthys parini,-29.57833,113.74667
2356683,2356683,Diretmichthys parini,-28.03916,112.70417
2356683,2356683,Diretmichthys parini,-29.35166,113.77084
2356683,2356683,Diretmichthys parini,-33.28083,114.1975
2356683,2356683,Diretmichthys parini,-32.66,114.455
2356683,2356683,Diretmichthys parini,-36.875,137.24167
2356683,2356683,Diretmichthys parini,-37.29166,138.71667
2356683,2356683,Diretmichthys parini,-37.31667,138.525
2356683,2356683,Diretmichthys parini,-37.29166,138.85
2356683,2356683,Diretmichthys parini,-36.975,137.38334
2356683,2356683,Diretmichthys parini,-38.375,140.51667
2356683,2356683,Diretmichthys parini,-42.125,144.61667
2356683,2356683,Diretmichthys parini,-42.80833,144.85834
2356683,2356683,Diretmichthys parini,-40.80833,143.56667
2356683,2356683,Diretmichthys parini,-42.64166,144.81667
2356683,2356683,Diretmichthys parini,-42.06666,144.55
2356683,2356683,Diretmichthys parini,-42.70833,144.83333
2356683,2356683,Diretmichthys parini,-42.15,144.65834
2356683,2356683,Diretmichthys parini,-42.44167,144.70834
2356683,2356683,Diretmichthys parini,-40.80833,143.6
2356683,2356683,Diretmichthys parini,-42.3,144.71667
2356683,2356683,Diretmichthys parini,-40.55833,143.375
2356683,2356683,Diretmichthys parini,-42.375,144.74167
2356683,2356683,Diretmichthys parini,-32.85,152.8
2356683,2356683,Diretmichthys parini,-35.067,151.117
2356683,2356683,Diretmichthys parini,-34.883,151.217
2356683,2356683,Diretmichthys parini,-33.691666,130.69167
2356683,2356683,Diretmichthys parini,-35.533333,117.8
2356683,2356683,Diretmichthys parini,-35.033333,115.016667
2356683,2356683,Diretmichthys parini,-35.033333,115.016667
2356683,2356683,Diretmichthys parini,-35.533333,117.8
2356683,2356683,Diretmichthys parini,-37.3173,138.518
2356683,2356683,Diretmichthys parini,-37.31667,138.525
2356683,2356683,Diretmichthys parini,-37.86666,139.55834
2356683,2356683,Diretmichthys parini,-34.867,151.25
2356683,2356683,Diretmichthys parini,-41.93333,144.48334
2356683,2356683,Diretmichthys parini,-40.15,143.2
2356683,2356683,Diretmichthys parini,-42.43333,144.74167
2356683,2356683,Diretmichthys parini,-40.3,143.29167
2356683,2356683,Diretmichthys parini,-40.36666,143.275
2356683,2356683,Diretmichthys parini,-42.84166,144.85834
2356683,2356683,Diretmichthys parini,-40.925,143.70834
2356683,2356683,Diretmichthys parini,-41.93333,144.5
2356683,2356683,Diretmichthys parini,-39.05,148.68334
2356683,2356683,Diretmichthys parini,-35.45833,150.86667
2356683,2356683,Diretmichthys parini,-39.3,148.8
2356683,2356683,Diretmichthys parini,-35.46667,150.85834
2356683,2356683,Diretmichthys parini,-33.983,126.008
2356683,2356683,Diretmichthys parini,-34.67,120.412
2356683,2356683,Diretmichthys parini,-32.967,152.7
2356683,2356683,Diretmichthys parini,-33.483,152.2
2356683,2356683,Diretmichthys parini,-33.833332,151.33333
2356683,2356683,Diretmichthys parini,-32.367,153.05
2356683,2356683,Diretmichthys parini,-33.867,151.85
2356683,2356683,Diretmichthys parini,-32.883,152.767
2356683,2356683,Diretmichthys parini,-33.2,152.417
2356683,2356683,Diretmichthys parini,-35.467,150.867
2356683,2356683,Diretmichthys parini,-35.367,150.967
2356683,2356683,Diretmichthys parini,-35.65,150.683
2356683,2356683,Diretmichthys parini,-38.2567,149.703
2356683,2356683,Diretmichthys parini,-40.37,143.23
2356683,2356683,Diretmichthys parini,-34.17,131.95
2356683,2356683,Diretmichthys parini,-17.65,118.683
2356683,2356683,Diretmichthys parini,-17.867,118.45
2356683,2356683,Diretmichthys parini,-33.483,152.133
2356683,2356683,Diretmichthys parini,-34.6,151.3
2356683,2356683,Diretmichthys parini,-34.583,151.283
2356683,2356683,Diretmichthys parini,-34.833,151.217
2356683,2356683,Diretmichthys parini,-35.633,150.733
2356683,2356683,Diretmichthys parini,-32.067,153.15
2356683,2356683,Diretmichthys parini,-33.683,151.95
2356683,2356683,Diretmichthys parini,-33.567,152.05
2356683,2356683,Diretmichthys parini,-33.68,151.95
2356683,2356683,Diretmichthys parini,-34.6,151.35
2356683,2356683,Diretmichthys parini,-34.8,151.217
2356683,2356683,Diretmichthys parini,-34.47,132.05
2356683,2356683,Diretmichthys parini,-37.66666,150.275
2356683,2356683,Diretmichthys parini,-41.77,144.37
2356683,2356683,Diretmichthys parini,-41.8,144.433333
2356683,2356683,Diretmichthys parini,-41.8,144.433333
2356683,2356683,Diretmichthys parini,-40.6,143.4
2356683,2356683,Diretmichthys parini,-33.066667,152.633333
2356683,2356683,Diretmichthys parini,-40.483333,143.35
2356683,2356683,Diretmichthys parini,-40.483333,143.35
2356683,2356683,Diretmichthys parini,-33.066667,152.633333
2356683,2356683,Diretmichthys parini,-17.983334,118.28333
2356683,2356683,Diretmichthys parini,-18.666666,116.7
2356683,2356683,Diretmichthys parini,-18.575,116.99167
2356683,2356683,Diretmichthys parini,-18.625,116.75
2356683,2356683,Diretmichthys parini,-18.53333,117.33334
2356683,2356683,Diretmichthys parini,-18.90833,117.01667
2356683,2356683,Diretmichthys parini,-18.61667,116.64167
2356683,2356683,Diretmichthys parini,-18.66667,116.73334
2356683,2356683,Diretmichthys parini,-17.53333,118.63334
2356683,2356683,Diretmichthys parini,-18.36667,117.76667
2356683,2356683,Diretmichthys parini,-18.675,116.75834
2356683,2356683,Diretmichthys parini,-18.66667,116.44167
2356683,2356683,Diretmichthys parini,-18.75,116.5
2356683,2356683,Diretmichthys parini,-18.68333,116.95
2356683,2356683,Diretmichthys parini,-18.725,117.325
2356683,2356683,Diretmichthys parini,-18.7,116.36667
2356683,2356683,Diretmichthys parini,-18.68333,116.5
2356683,2356683,Diretmichthys parini,-18.49166,117.5
2356683,2356683,Diretmichthys parini,-18.8,116.85
2356683,2356683,Diretmichthys parini,-18.75,116.4
2356683,2356683,Diretmichthys parini,-18.6,117.15
2356683,2356683,Diretmichthys parini,-18.63333,116.88334
2356683,2356683,Diretmichthys parini,-18.41666,117.575
2356683,2356683,Diretmichthys parini,-18.525,116.83334
2356683,2356683,Diretmichthys parini,-18.71667,116.56667
2356683,2356683,Diretmichthys parini,-18.66667,117.2
2356683,2356683,Diretmichthys parini,-18.766666,117
2356683,2356683,Diretmichthys parini,-40.733333,143.5
2356683,2356683,Diretmichthys parini,-40.733333,143.5
2356683,2356683,Diretmichthys parini,-33.475,152.19167
2356683,2356683,Diretmichthys parini,-33.49166,152.35834
2356683,2356683,Diretmichthys parini,-33.44166,153.11667
2356683,2356683,Diretmichthys parini,-33.50833,152.35
2356683,2356683,Diretmichthys parini,-33.50833,152.325
2356683,2356683,Diretmichthys parini,-33.53333,152.50834
2356683,2356683,Diretmichthys parini,-33.525,152.54167
2356683,2356683,Diretmichthys parini,-33.575,152.05834
2356683,2356683,Diretmichthys parini,-32.983334,153.03334
2356683,2356683,Diretmichthys parini,-33.567,152.067
2356683,2356683,Diretmichthys parini,-38.233,149.8
2356683,2356683,Diretmichthys parini,-38.133335,150.01666
2356683,2356683,Diretmichthys parini,-38.167,149.967
2356683,2356683,Diretmichthys parini,-34.625,151.26666
2356683,2356683,Diretmichthys parini,-34.516666,151.33333
2356683,2356683,Diretmichthys parini,-34.533,151.333
2356683,2356683,Diretmichthys parini,-34.63,151.27
2356683,2356683,Diretmichthys parini,-34.55,151.3
2356683,2356683,Diretmichthys parini,-34.9,151.18333
2356683,2356683,Diretmichthys parini,-36.317,137.208
2356683,2356683,Diretmichthys parini,-18.08333,118.1
2356683,2356683,Diretmichthys parini,-18.01667,118.21667
2356683,2356683,Diretmichthys parini,-18.06667,118.25
2356683,2356683,Diretmichthys parini,-33.283333,114.2
2356683,2356683,Diretmichthys parini,-17.95,118.283333
2356683,2356683,Diretmichthys parini,-19.28333,115.63333
