requested_taxonKey,record_taxonKey,species_name,decimalLatitude,decimalLongitude
2356984,2356984,Myripristis kuntee,-30.205483,153.26693
2356984,2356984,Myripristis kuntee,-23.16108,113.75875
2356984,2356984,Myripristis kuntee,-23.16108,113.75875
2356984,2356984,Myripristis kuntee,-29.928705,153.390206
2356984,2356984,Myripristis kuntee,-29.929429,153.391466
2356984,2356984,Myripristis kuntee,-21.828929,114.182073
2356984,2356984,Myripristis kuntee,-12.09179,96.88267
2356984,2356984,Myripristis kuntee,-12.1506,96.81774
2356984,2356984,Myripristis kuntee,-12.13953,96.81373
2356984,2356984,Myripristis kuntee,-12.09784,96.87671
2356984,2356984,Myripristis kuntee,-12.1876,96.87086
2356984,2356984,Myripristis kuntee,-23.2,113.7635
2356984,2356984,Myripristis kuntee,-21.6368,114.3908
2356984,2356984,Myripristis kuntee,-21.48864,114.88738
2356984,2356984,Myripristis kuntee,-17.0698,119.6437
2356984,2356984,Myripristis kuntee,-23.2,113.7635
2356984,2356984,Myripristis kuntee,-23.2,113.7635
2356984,2356984,Myripristis kuntee,-23.135,113.7404
2356984,2356984,Myripristis kuntee,-23.2,113.76
2356984,2356984,Myripristis kuntee,-29.9231,153.3881
2356984,2356984,Myripristis kuntee,-21.6414,114.3567
2356984,2356984,Myripristis kuntee,-21.6414,114.3567
2356984,2356984,Myripristis kuntee,-21.6671,114.3336
2356984,2356984,Myripristis kuntee,-21.6671,114.3336
2356984,2356984,Myripristis kuntee,-21.64135,114.35673
2356984,2356984,Myripristis kuntee,-21.64135,114.35673
2356984,2356984,Myripristis kuntee,-21.66711,114.33362
2356984,2356984,Myripristis kuntee,-21.66711,114.33362
2356984,2356984,Myripristis kuntee,-21.67,114.33
2356984,2356984,Myripristis kuntee,-21.67,114.33
2356984,2356984,Myripristis kuntee,-28.611,153.6283
2356984,2356984,Myripristis kuntee,-27.389,153.551
2356984,2356984,Myripristis kuntee,-27.4135,153.5252
2356984,2356984,Myripristis kuntee,-27.4142,153.5268
2356984,2356984,Myripristis kuntee,-27.4142,153.5268
2356984,2356984,Myripristis kuntee,-27.4142,153.5268
2356984,2356984,Myripristis kuntee,-27.4142,153.5268
2356984,2356984,Myripristis kuntee,-28.611,153.62831
2356984,2356984,Myripristis kuntee,-27.38898,153.55097
2356984,2356984,Myripristis kuntee,-27.41351,153.52519
2356984,2356984,Myripristis kuntee,-27.41422,153.52683
2356984,2356984,Myripristis kuntee,-27.41422,153.52683
2356984,2356984,Myripristis kuntee,-27.41422,153.52683
2356984,2356984,Myripristis kuntee,-27.41422,153.52683
2356984,2356984,Myripristis kuntee,-10.4296,105.6681
2356984,2356984,Myripristis kuntee,-10.4296,105.6681
2356984,2356984,Myripristis kuntee,-10.42,105.67
2356984,2356984,Myripristis kuntee,-10.43,105.67
2356984,2356984,Myripristis kuntee,-21.703858,114.419174
2356984,2356984,Myripristis kuntee,-29.922995,153.387947
2356984,2356984,Myripristis kuntee,-21.572778,114.662778
2356984,2356984,Myripristis kuntee,-21.592778,114.510556
2356984,2356984,Myripristis kuntee,-17.583,118.983
2356984,2356984,Myripristis kuntee,-20.48333,116.53333
2356984,2356984,Myripristis kuntee,-21.65,114.33333
2356984,2356984,Myripristis kuntee,-10.48333,105.66667
2356984,2356984,Myripristis kuntee,-21.95,113.91667
2356984,2356984,Myripristis kuntee,-17.3,119.36667
2356984,2356984,Myripristis kuntee,-17.3,119.316667
2356984,2356984,Myripristis kuntee,-12.1,96.85
