requested_taxonKey,record_taxonKey,species_name,decimalLatitude,decimalLongitude
2356971,2356971,Plectrypops lima,-28.193333,153.58
2356971,2356971,Plectrypops lima,-28.193333,153.58
2356971,2356971,Plectrypops lima,-17.333,119.333
2356971,2356971,Plectrypops lima,-17.533,118.983
2356971,2356971,Plectrypops lima,-10.5,105.666664
2356971,2356971,Plectrypops lima,-10.48333,105.66667
2356971,2356971,Plectrypops lima,-10.48333,105.66667
2356971,2356971,Plectrypops lima,-10.483333,105.666667
2356971,2356971,Plectrypops lima,-10.48333,105.66667
2356971,2356971,Plectrypops lima,-10.48333,105.66667
2356971,2356971,Plectrypops lima,-10.43333,105.66667
2356971,2356971,Plectrypops lima,-10.43333,105.66667
2356971,2356971,Plectrypops lima,-12.08333,96.88333
2356971,2356971,Plectrypops lima,-11.83333,96.81667
