requested_taxonKey,record_taxonKey,species_name,decimalLatitude,decimalLongitude
2356794,2356794,Sargocentron cornutum,-21.8363,114.1778
2356794,2356794,Sargocentron cornutum,-21.6414,114.3567
2356794,2356794,Sargocentron cornutum,-21.64135,114.35673
2356794,2356794,Sargocentron cornutum,-20.5259,116.6598
2356794,2356794,Sargocentron cornutum,-20.5536,116.6346
2356794,2356794,Sargocentron cornutum,-20.55362,116.63464
2356794,2356794,Sargocentron cornutum,-20.52588,116.65978
2356794,2356794,Sargocentron cornutum,-20.53,116.66
2356794,2356794,Sargocentron cornutum,-27.4142,153.5268
2356794,2356794,Sargocentron cornutum,-27.4142,153.5268
2356794,2356794,Sargocentron cornutum,-27.41422,153.52683
2356794,2356794,Sargocentron cornutum,-27.41422,153.52683
2356794,2356794,Sargocentron cornutum,-21.94953,113.94197
2356794,2356794,Sargocentron cornutum,-18.73333,119.925
2356794,2356794,Sargocentron cornutum,-19.95833,116.09306
2356794,2356794,Sargocentron cornutum,-19.21736,118.4
2356794,2356794,Sargocentron cornutum,-24.48333,113.08333
2356794,2356794,Sargocentron cornutum,-17.3,119.36667
