requested_taxonKey,record_taxonKey,species_name,decimalLatitude,decimalLongitude
2356873,2356873,Sargocentron spiniferum,-12.086153,96.857548
2356873,2356873,Sargocentron spiniferum,-11.992588,96.888445
2356873,2356873,Sargocentron spiniferum,-17.274563,119.380321
2356873,2356873,Sargocentron spiniferum,-17.339361,119.360515
2356873,2356873,Sargocentron spiniferum,-17.561952,119.008942
2356873,2356873,Sargocentron spiniferum,-17.6089,118.9636
2356873,2356873,Sargocentron spiniferum,-17.579,118.9687
2356873,2356873,Sargocentron spiniferum,-17.548,118.9737
2356873,2356873,Sargocentron spiniferum,-17.5473,118.9668
2356873,2356873,Sargocentron spiniferum,-17.5582,118.9724
2356873,2356873,Sargocentron spiniferum,-17.5071,118.9664
2356873,2356873,Sargocentron spiniferum,-17.5071,118.9664
2356873,2356873,Sargocentron spiniferum,-17.5022,118.9628
2356873,2356873,Sargocentron spiniferum,-17.1337,119.6339
2356873,2356873,Sargocentron spiniferum,-17.0737,119.6455
2356873,2356873,Sargocentron spiniferum,-17.0737,119.6455
2356873,2356873,Sargocentron spiniferum,-17.0664,119.6417
2356873,2356873,Sargocentron spiniferum,-17.0664,119.6417
2356873,2356873,Sargocentron spiniferum,-17.0818,119.6552
2356873,2356873,Sargocentron spiniferum,-17.0818,119.6552
2356873,2356873,Sargocentron spiniferum,-17.08,119.65
2356873,2356873,Sargocentron spiniferum,-17.07,119.64
2356873,2356873,Sargocentron spiniferum,-17.2461,119.352
2356873,2356873,Sargocentron spiniferum,-17.2461,119.3471
2356873,2356873,Sargocentron spiniferum,-17.2461,119.3471
2356873,2356873,Sargocentron spiniferum,-17.2461,119.352
2356873,2356873,Sargocentron spiniferum,-17.288,119.3775
2356873,2356873,Sargocentron spiniferum,-17.288,119.3775
2356873,2356873,Sargocentron spiniferum,-17.3069,119.3706
2356873,2356873,Sargocentron spiniferum,-17.2909,119.3593
2356873,2356873,Sargocentron spiniferum,-17.3139,119.3782
2356873,2356873,Sargocentron spiniferum,-20.366,115.5087
2356873,2356873,Sargocentron spiniferum,-20.366,115.5087
2356873,2356873,Sargocentron spiniferum,-20.4527,115.4784
2356873,2356873,Sargocentron spiniferum,-17.531,118.972
2356873,2356873,Sargocentron spiniferum,-17.083,119.583
2356873,2356873,Sargocentron spiniferum,-17.333,119.333
2356873,2356873,Sargocentron spiniferum,-17.083,119.583
2356873,2356873,Sargocentron spiniferum,-17.5,119.5
2356873,2356873,Sargocentron spiniferum,-10.48333,105.66667
2356873,2356873,Sargocentron spiniferum,-17.3,119.36667
