requested_taxonKey,record_taxonKey,species_name,decimalLatitude,decimalLongitude
2356728,2356728,Sargocentron punctatissimum,-30.173813,153.190759
2356728,2356728,Sargocentron punctatissimum,-21.784434,114.167484
2356728,2356728,Sargocentron punctatissimum,-12.1476,96.8175
2356728,2356728,Sargocentron punctatissimum,-12.20715,96.84333
2356728,2356728,Sargocentron punctatissimum,-12.1506,96.81774
2356728,2356728,Sargocentron punctatissimum,-12.15806,96.81563
2356728,2356728,Sargocentron punctatissimum,-12.18167,96.86118
2356728,2356728,Sargocentron punctatissimum,-12.15872,96.82032
2356728,2356728,Sargocentron punctatissimum,-12.10669,96.88353
2356728,2356728,Sargocentron punctatissimum,-12.14305,96.81695
2356728,2356728,Sargocentron punctatissimum,-12.19575,96.86962
2356728,2356728,Sargocentron punctatissimum,-12.1669,96.81712
2356728,2356728,Sargocentron punctatissimum,-12.1876,96.87086
2356728,2356728,Sargocentron punctatissimum,-12.16214,96.90469
2356728,2356728,Sargocentron punctatissimum,-12.16638,96.90721
2356728,2356728,Sargocentron punctatissimum,-17.3,119.36667
2356728,2356728,Sargocentron punctatissimum,-10.5,105.666664
2356728,2356728,Sargocentron punctatissimum,-17.5,119.5
2356728,2356728,Sargocentron punctatissimum,-10.48333,105.66667
2356728,2356728,Sargocentron punctatissimum,-17.3,119.38333
2356728,2356728,Sargocentron punctatissimum,-17.3,119.36667
2356728,2356728,Sargocentron punctatissimum,-17.3,119.36667
2356728,2356728,Sargocentron punctatissimum,-10.46667,105.7
2356728,2356728,Sargocentron punctatissimum,-12.08333,96.85
2356728,2356728,Sargocentron punctatissimum,-20.45,115.5
2356728,2356728,Sargocentron punctatissimum,-21.634722,114.396667
2356728,2356728,Sargocentron punctatissimum,-17.50573,118.96272
2356728,2356728,Sargocentron punctatissimum,-17.50915,118.96316
