requested_taxonKey,record_taxonKey,species_name,decimalLatitude,decimalLongitude
2356688,2356688,Diretmoides pauciradiatus,-22.20177,113.64602
2356688,2356688,Diretmoides pauciradiatus,-22.20177,113.64602
2356688,2356688,Diretmoides pauciradiatus,-22.20177,113.64602
2356688,2356688,Diretmoides pauciradiatus,-22.20177,113.64602
2356688,2356688,Diretmoides pauciradiatus,-22.20177,113.64602
2356688,2356688,Diretmoides pauciradiatus,-22.99232,112.47763
2356688,2356688,Diretmoides pauciradiatus,-22.99232,112.47763
2356688,2356688,Diretmoides pauciradiatus,-23.1279,113.45837
2356688,2356688,Diretmoides pauciradiatus,-22.99232,112.47763
2356688,2356688,Diretmoides pauciradiatus,-22.99232,112.47763
2356688,2356688,Diretmoides pauciradiatus,-22.20177,113.64602
2356688,2356688,Diretmoides pauciradiatus,-23.83777,113.35799
2356688,2356688,Diretmoides pauciradiatus,-22.99232,112.47763
2356688,2356688,Diretmoides pauciradiatus,-23.83777,113.35799
2356688,2356688,Diretmoides pauciradiatus,-22.20177,113.64602
2356688,2356688,Diretmoides pauciradiatus,-18.13333,118.08334
