requested_taxonKey,record_taxonKey,species_name,decimalLatitude,decimalLongitude
2356848,2356848,Sargocentron ittodai,-30.205483,153.26693
2356848,2356848,Sargocentron ittodai,-30.205483,153.26693
2356848,2356848,Sargocentron ittodai,-29.929429,153.391466
2356848,2356848,Sargocentron ittodai,-30.205483,153.26693
2356848,2356848,Sargocentron ittodai,-27.390784,153.551464
2356848,2356848,Sargocentron ittodai,-30.205483,153.26693
2356848,2356848,Sargocentron ittodai,-30.205483,153.26693
2356848,2356848,Sargocentron ittodai,-30.205483,153.26693
2356848,2356848,Sargocentron ittodai,-30.205483,153.26693
2356848,2356848,Sargocentron ittodai,-32.629214,152.317324
2356848,2356848,Sargocentron ittodai,-30.205489,153.265929
2356848,2356848,Sargocentron ittodai,-27.4142,153.5268
2356848,2356848,Sargocentron ittodai,-27.4142,153.5268
2356848,2356848,Sargocentron ittodai,-27.41422,153.52683
2356848,2356848,Sargocentron ittodai,-27.41422,153.52683
2356848,2356848,Sargocentron ittodai,-30.2052,153.267045
