requested_taxonKey,record_taxonKey,species_name,decimalLatitude,decimalLongitude
2356699,2356699,Monocentris japonica,-19.3175,116.925
2356699,2356699,Monocentris japonica,-19.76667,115.69334
2356699,2356699,Monocentris japonica,-19.20583,116.90833
2356699,2356699,Monocentris japonica,-19.11333,117.015
2356699,2356699,Monocentris japonica,-18.90417,117.62417
2356699,2356699,Monocentris japonica,-18.72083,118.46
2356699,2356699,Monocentris japonica,-20.0975,117.3725
2356699,2356699,Monocentris japonica,-19.72416,117.91833
2356699,2356699,Monocentris japonica,-18.835,117.69
2356699,2356699,Monocentris japonica,-19.02166,117.8075
2356699,2356699,Monocentris japonica,-19.11333,117.1225
2356699,2356699,Monocentris japonica,-18.8675,117.57584
2356699,2356699,Monocentris japonica,-19.1825,116.78
2356699,2356699,Monocentris japonica,-19.75833,117.48167
2356699,2356699,Monocentris japonica,-19.753333,117.47
2356699,2356699,Monocentris japonica,-19.753333,117.47
2356699,2356699,Monocentris japonica,-19.99666,115.12834
2356699,2356699,Monocentris japonica,-19.12666,117.06333
2356699,2356699,Monocentris japonica,-19.77583,115.79417
2356699,2356699,Monocentris japonica,-19.11917,117.08833
2356699,2356699,Monocentris japonica,-19.65,115.6275
2356699,2356699,Monocentris japonica,-19.72666,118.35917
2356699,2356699,Monocentris japonica,-18.89916,117.535
2356699,2356699,Monocentris japonica,-18.7625,117.96833
2356699,2356699,Monocentris japonica,-19.67083,115.59
2356699,2356699,Monocentris japonica,-18.97166,117.4675
2356699,2356699,Monocentris japonica,-19.66666,115.67917
2356699,2356699,Monocentris japonica,-19.105,117.13167
2356699,2356699,Monocentris japonica,-19.14416,116.88917
2356699,2356699,Monocentris japonica,-18.55666,118.89167
2356699,2356699,Monocentris japonica,-18.83333,117.69834
2356699,2356699,Monocentris japonica,-19.02166,118.07334
2356699,2356699,Monocentris japonica,-20.52583,116.09417
2356699,2356699,Monocentris japonica,-19.38667,117.10917
2356699,2356699,Monocentris japonica,-19.2525,116.66417
2356699,2356699,Monocentris japonica,-19.14666,116.98917
2356699,2356699,Monocentris japonica,-18.89333,117.73167
2356699,2356699,Monocentris japonica,-18.86917,118.04583
2356699,2356699,Monocentris japonica,-19.51833,118.67084
2356699,2356699,Monocentris japonica,-19.90416,117.93084
2356699,2356699,Monocentris japonica,-19.71916,117.92834
2356699,2356699,Monocentris japonica,-19.02083,117.54334
2356699,2356699,Monocentris japonica,-18.85416,117.85917
2356699,2356699,Monocentris japonica,-19.2,118.667
2356699,2356699,Monocentris japonica,-18.84333,117.68417
2356699,2356699,Monocentris japonica,-19.19416,116.7325
2356699,2356699,Monocentris japonica,-18.75,117.81
2356699,2356699,Monocentris japonica,-19.20666,116.9475
2356699,2356699,Monocentris japonica,-20.19166,117.97333
2356699,2356699,Monocentris japonica,-19.36416,116.77
2356699,2356699,Monocentris japonica,-18.466667,118.25
2356699,2356699,Monocentris japonica,-18.55,118.35
2356699,2356699,Monocentris japonica,-18.4,118.5
2356699,2356699,Monocentris japonica,-20,117.26667
2356699,2356699,Monocentris japonica,-19.016666,117.2
2356699,2356699,Monocentris japonica,-18.35,118.43334
2356699,2356699,Monocentris japonica,-18.65833,117.875
2356699,2356699,Monocentris japonica,-18.94166,117.33334
2356699,2356699,Monocentris japonica,-19.20833,117.625
2356699,2356699,Monocentris japonica,-18.525,118.14167
2356699,2356699,Monocentris japonica,-19.06667,117.075
2356699,2356699,Monocentris japonica,-19.23333,116.95
2356699,2356699,Monocentris japonica,-18.975,117.50834
2356699,2356699,Monocentris japonica,-18.68333,117.88334
2356699,2356699,Monocentris japonica,-19.075,117.3
2356699,2356699,Monocentris japonica,-19.98333,117.38334
2356699,2356699,Monocentris japonica,-19.10583,117.26584
2356699,2356699,Monocentris japonica,-19.16333,116.93083
2356699,2356699,Monocentris japonica,-20.03166,117.89333
2356699,2356699,Monocentris japonica,-18.116667,119.35
2356699,2356699,Monocentris japonica,-18.116667,119.35
2356699,2356699,Monocentris japonica,-18.125,119.35834
2356699,2356699,Monocentris japonica,-18.30833,119.18334
2356699,2356699,Monocentris japonica,-18.125,119.35834
2356699,2356699,Monocentris japonica,-18.116667,119.35
2356699,2356699,Monocentris japonica,-18.116667,119.35
2356699,2356699,Monocentris japonica,-20.416666,116.183334
2356699,2356699,Monocentris japonica,-18.05,121.79167
2356699,2356699,Monocentris japonica,-19.9,116.525
2356699,2356699,Monocentris japonica,-19.95833,118
2356699,2356699,Monocentris japonica,-20.35,115.65
2356699,2356699,Monocentris japonica,-20.35,115.65
2356699,2356699,Monocentris japonica,-18.175,118.95
2356699,2356699,Monocentris japonica,-19.95833,115.21667
2356699,2356699,Monocentris japonica,-16.86666,120.81667
2356699,2356699,Monocentris japonica,-17.925,119.56667
2356699,2356699,Monocentris japonica,-16.9,120.825
2356699,2356699,Monocentris japonica,-16.54166,120.85834
2356699,2356699,Monocentris japonica,-17.75,119.94167
2356699,2356699,Monocentris japonica,-27.28375,113.45
2356699,2356699,Monocentris japonica,-29.775,114.525
2356699,2356699,Monocentris japonica,-21.43375,114.11736
2356699,2356699,Monocentris japonica,-29.35111,114.53362
2356699,2356699,Monocentris japonica,-27.01666,113.08459
2356699,2356699,Monocentris japonica,-29.90097,114.55987
2356699,2356699,Monocentris japonica,-29.48444,114.525
2356699,2356699,Monocentris japonica,-26.78361,113.25
2356699,2356699,Monocentris japonica,-35.35916,117.21736
2356699,2356699,Monocentris japonica,-25.04166,112.68472
2356699,2356699,Monocentris japonica,-19.16666,116.84236
2356699,2356699,Monocentris japonica,-34,151.08333
2356699,2356699,Monocentris japonica,-25.52611,112.7757
2356699,2356699,Monocentris japonica,-30.63514,114.78445
2356699,2356699,Monocentris japonica,-24.86667,113.38333
2356699,2356699,Monocentris japonica,-21.88333,114.86667
2356699,2356699,Monocentris japonica,-22.25,114.08333
2356699,2356699,Monocentris japonica,-22.08333,114.25
2356699,2356699,Monocentris japonica,-19.95,115.216667
2356699,2356699,Monocentris japonica,-19.16667,116.76667
2356699,2356699,Monocentris japonica,-18.18333,118.95
2356699,2356699,Monocentris japonica,-18.43333,119.48333
2356699,2356699,Monocentris japonica,-24.91667,113.5
2356699,2356699,Monocentris japonica,-25.083889,113.360556
2356699,2356699,Monocentris japonica,-22.654722,114.240556
