requested_taxonKey,record_taxonKey,species_name,decimalLatitude,decimalLongitude
2356867,2356867,Sargocentron diadema,-29.929429,153.391466
2356867,2356867,Sargocentron diadema,-30.205483,153.26693
2356867,2356867,Sargocentron diadema,-30.205483,153.26693
2356867,2356867,Sargocentron diadema,-30.205483,153.26693
2356867,2356867,Sargocentron diadema,-30.9384,153.100684
2356867,2356867,Sargocentron diadema,-21.82479,114.185879
2356867,2356867,Sargocentron diadema,-30.017673,153.270535
2356867,2356867,Sargocentron diadema,-30.2023,153.2658
2356867,2356867,Sargocentron diadema,-30.0188,153.2698
2356867,2356867,Sargocentron diadema,-17.07,119.64
2356867,2356867,Sargocentron diadema,-17.5,118.96
2356867,2356867,Sargocentron diadema,-17.2461,119.3471
2356867,2356867,Sargocentron diadema,-10.4616,105.581
2356867,2356867,Sargocentron diadema,-12.4616,105.581
2356867,2356867,Sargocentron diadema,-21.9106,113.96164
2356867,2356867,Sargocentron diadema,-27.4,153.516667
2356867,2356867,Sargocentron diadema,-27.416667,153.55
2356867,2356867,Sargocentron diadema,-27.466667,153.416667
2356867,2356867,Sargocentron diadema,-27.4,153.433333
2356867,2356867,Sargocentron diadema,-21.592778,114.510556
2356867,2356867,Sargocentron diadema,-21.272778,115.021667
2356867,2356867,Sargocentron diadema,-21.685,114.311667
2356867,2356867,Sargocentron diadema,-21.445278,114.992222
2356867,2356867,Sargocentron diadema,-28.616667,153.633333
2356867,2356867,Sargocentron diadema,-17.533,118.983
2356867,2356867,Sargocentron diadema,-17.333,119.333
2356867,2356867,Sargocentron diadema,-17.083,119.583
2356867,2356867,Sargocentron diadema,-17.083,119.583
2356867,2356867,Sargocentron diadema,-17.366667,119.35
2356867,2356867,Sargocentron diadema,-33.85,151.26666
2356867,2356867,Sargocentron diadema,-32.183334,152.5
2356867,2356867,Sargocentron diadema,-10.48333,105.66667
2356867,2356867,Sargocentron diadema,-10.48333,105.66667
2356867,2356867,Sargocentron diadema,-10.48333,105.66667
2356867,2356867,Sargocentron diadema,-17.3,119.36667
2356867,2356867,Sargocentron diadema,-17.3,119.35
2356867,2356867,Sargocentron diadema,-17.3,119.36667
2356867,2356867,Sargocentron diadema,-17.26667,119.36667
2356867,2356867,Sargocentron diadema,-17.3,119.36667
2356867,2356867,Sargocentron diadema,-17.3,119.36667
2356867,2356867,Sargocentron diadema,-17.26667,119.36667
2356867,2356867,Sargocentron diadema,-17.3,119.33333
2356867,2356867,Sargocentron diadema,-12.11667,96.83333
2356867,2356867,Sargocentron diadema,-28.166667,153.55
