requested_taxonKey,record_taxonKey,species_name,decimalLatitude,decimalLongitude
2356630,2356630,Centroberyx australis,-34.0984,114.75005
2356630,2356630,Centroberyx australis,-34.0984,114.75005
2356630,2356630,Centroberyx australis,-34.0984,114.75005
2356630,2356630,Centroberyx australis,-34.0984,114.75005
2356630,2356630,Centroberyx australis,-33.97433,114.69277
2356630,2356630,Centroberyx australis,-33.97433,114.69277
2356630,2356630,Centroberyx australis,-33.97433,114.69277
2356630,2356630,Centroberyx australis,-33.97433,114.69277
2356630,2356630,Centroberyx australis,-33.97433,114.69277
2356630,2356630,Centroberyx australis,-33.97433,114.69277
2356630,2356630,Centroberyx australis,-33.97433,114.69277
2356630,2356630,Centroberyx australis,-33.97433,114.69277
2356630,2356630,Centroberyx australis,-33.97433,114.69277
2356630,2356630,Centroberyx australis,-33.99284,114.69664
2356630,2356630,Centroberyx australis,-33.97433,114.69277
2356630,2356630,Centroberyx australis,-33.97433,114.69277
2356630,2356630,Centroberyx australis,-33.97433,114.69277
2356630,2356630,Centroberyx australis,-33.97433,114.69277
2356630,2356630,Centroberyx australis,-33.97433,114.69277
2356630,2356630,Centroberyx australis,-33.97433,114.69277
2356630,2356630,Centroberyx australis,-33.97433,114.69277
2356630,2356630,Centroberyx australis,-33.97433,114.69277
2356630,2356630,Centroberyx australis,-33.97433,114.69277
2356630,2356630,Centroberyx australis,-33.97433,114.69277
2356630,2356630,Centroberyx australis,-35.094167,134.243667
2356630,2356630,Centroberyx australis,-33.39944,131.42069
2356630,2356630,Centroberyx australis,-33.39944,131.42069
2356630,2356630,Centroberyx australis,-31.876,115.305
2356630,2356630,Centroberyx australis,-31.876,115.305
2356630,2356630,Centroberyx australis,-31.8758,115.305
2356630,2356630,Centroberyx australis,-31.8758,115.305
2356630,10086190,Centroberyx australis,-31.9,115.3
2356630,10086190,Centroberyx australis,-31.9,115.3
2356630,2356630,Centroberyx australis,-31.876,115.305
2356630,2356630,Centroberyx australis,-31.876,115.305
2356630,2356630,Centroberyx australis,-37.38166,149.99001
2356630,2356630,Centroberyx australis,-33,114.5
2356630,2356630,Centroberyx australis,-33,114.5
2356630,2356630,Centroberyx australis,-33,114.5
2356630,2356630,Centroberyx australis,-33,114.5
2356630,2356630,Centroberyx australis,-37.47,150
2356630,2356630,Centroberyx australis,-37.47,150
2356630,2356630,Centroberyx australis,-37.47,150
2356630,2356630,Centroberyx australis,-37.47,150
2356630,2356630,Centroberyx australis,-37.47,150
2356630,2356630,Centroberyx australis,-37.47,150
2356630,2356630,Centroberyx australis,-37.47,150
2356630,2356630,Centroberyx australis,-36.97,150.2
2356630,2356630,Centroberyx australis,-37.74666,150.06334
2356630,2356630,Centroberyx australis,-26.705,112.64
2356630,2356630,Centroberyx australis,-26.695,112.68
2356630,2356630,Centroberyx australis,-26.705,112.64
2356630,2356630,Centroberyx australis,-32.17,115.136667
2356630,2356630,Centroberyx australis,-27.365,112.86417
2356630,2356630,Centroberyx australis,-27.365,112.86417
2356630,2356630,Centroberyx australis,-32.17,115.137
2356630,2356630,Centroberyx australis,-30.0017,114.463
2356630,2356630,Centroberyx australis,-29.2633,113.947
2356630,2356630,Centroberyx australis,-33.38833,114.52667
2356630,2356630,Centroberyx australis,-27.365,112.86417
2356630,2356630,Centroberyx australis,-32.17,115.136667
2356630,2356630,Centroberyx australis,-33.4342,131.689
2356630,2356630,Centroberyx australis,-33.4342,131.689
2356630,2356630,Centroberyx australis,-29.236667,113.87
2356630,2356630,Centroberyx australis,-27.551667,112.966667
2356630,2356630,Centroberyx australis,-29.236667,113.87
2356630,2356630,Centroberyx australis,-27.551667,112.966667
2356630,2356630,Centroberyx australis,-28.5,113.453333
2356630,2356630,Centroberyx australis,-28.5,113.453333
2356630,2356630,Centroberyx australis,-32,115.5
2356630,2356630,Centroberyx australis,-33.2,127.033333
2356630,2356630,Centroberyx australis,-33.116667,127.033333
2356630,2356630,Centroberyx australis,-33.116667,127.033333
2356630,2356630,Centroberyx australis,-31.78333,115.73333
2356630,2356630,Centroberyx australis,-21.66667,114.33333
2356630,2356630,Centroberyx australis,-27.73333,113.23333
2356630,2356630,Centroberyx australis,-27.06667,112.8
2356630,2356630,Centroberyx australis,-31.55,115.61667
2356630,2356630,Centroberyx australis,-31.5,115.58333
2356630,2356630,Centroberyx australis,-31.78333,115.63333
2356630,2356630,Centroberyx australis,-31.78333,115.63333
2356630,2356630,Centroberyx australis,-31.83333,115.75
2356630,2356630,Centroberyx australis,-33.2,127.03333
2356630,2356630,Centroberyx australis,-31.78333,115.33333
2356630,2356630,Centroberyx australis,-32.004113,115.515101
2356630,2356630,Centroberyx australis,-32.004113,115.515101
2356630,2356630,Centroberyx australis,-32.004113,115.515101
