requested_taxonKey,record_taxonKey,species_name,decimalLatitude,decimalLongitude
2357075,2357075,Paratrachichthys macleayi,-39.29805,148.65133
2357075,2357075,Paratrachichthys macleayi,-39.29805,148.65133
2357075,2357075,Paratrachichthys macleayi,-39.29805,148.65133
2357075,2357075,Paratrachichthys macleayi,-39.29805,148.65133
2357075,2357075,Paratrachichthys macleayi,-39.293888,148.65639
2357075,2357075,Paratrachichthys macleayi,-39.293888,148.65639
2357075,2357075,Paratrachichthys macleayi,-43.77309,146.3717
2357075,2357075,Paratrachichthys macleayi,-43.75312,146.30639
2357075,2357075,Paratrachichthys macleayi,-43.75312,146.30639
2357075,2357075,Paratrachichthys macleayi,-43.75312,146.30639
2357075,2357075,Paratrachichthys macleayi,-43.75497,146.3089
2357075,2357075,Paratrachichthys macleayi,-43.71685,146.27627
2357075,2357075,Paratrachichthys macleayi,-43.77309,146.3717
2357075,2357075,Paratrachichthys macleayi,-43.71685,146.27627
2357075,2357075,Paratrachichthys macleayi,-43.71685,146.27627
2357075,2357075,Paratrachichthys macleayi,-43.71685,146.27627
2357075,2357075,Paratrachichthys macleayi,-43.71685,146.27627
2357075,2357075,Paratrachichthys macleayi,-43.76818,146.3672
2357075,2357075,Paratrachichthys macleayi,-43.76818,146.3672
2357075,2357075,Paratrachichthys macleayi,-43.71685,146.27627
2357075,2357075,Paratrachichthys macleayi,-43.75312,146.30639
2357075,2357075,Paratrachichthys macleayi,-43.75312,146.30639
2357075,2357075,Paratrachichthys macleayi,-43.77309,146.3717
2357075,2357075,Paratrachichthys macleayi,-43.77309,146.3717
2357075,2357075,Paratrachichthys macleayi,-43.75497,146.3089
2357075,2357075,Paratrachichthys macleayi,-43.75497,146.3089
2357075,2357075,Paratrachichthys macleayi,-43.75497,146.3089
2357075,2357075,Paratrachichthys macleayi,-43.75497,146.3089
2357075,2357075,Paratrachichthys macleayi,-43.75312,146.30639
2357075,2357075,Paratrachichthys macleayi,-43.75497,146.3089
2357075,2357075,Paratrachichthys macleayi,-43.75497,146.3089
2357075,2357075,Paratrachichthys macleayi,-43.75497,146.3089
2357075,2357075,Paratrachichthys macleayi,-33.37278,130.51458
2357075,2357075,Paratrachichthys macleayi,-33.37278,130.51458
2357075,2357075,Paratrachichthys macleayi,-33.37278,130.51458
2357075,2357075,Paratrachichthys macleayi,-37.62944,139.61833
2357075,2357075,Paratrachichthys macleayi,-34.92718,136.75254
2357075,2357075,Paratrachichthys macleayi,-35.4079,137.911
2357075,2357075,Paratrachichthys macleayi,-33.357,130.92
2357075,2357075,Paratrachichthys macleayi,-38.3069,144.801
2357075,2357075,Paratrachichthys macleayi,-39.0249,146.471
2357075,2357075,Paratrachichthys macleayi,-33,125
2357075,2357075,Paratrachichthys macleayi,-33,125
2357075,2357075,Paratrachichthys macleayi,-37.9414,149.26625
2357075,2357075,Paratrachichthys macleayi,-37.7349,150.04865
2357075,2357075,Paratrachichthys macleayi,-37.7349,150.04865
2357075,2357075,Paratrachichthys macleayi,-37.9414,149.26625
2357075,2357075,Paratrachichthys macleayi,-37.9414,149.26625
2357075,2357075,Paratrachichthys macleayi,-37.9414,149.26625
2357075,2357075,Paratrachichthys macleayi,-37.9414,149.26625
2357075,2357075,Paratrachichthys macleayi,-37.9414,149.26625
2357075,2357075,Paratrachichthys macleayi,-37.9414,149.26625
2357075,2357075,Paratrachichthys macleayi,-37.9414,149.26625
2357075,2357075,Paratrachichthys macleayi,-37.7349,150.04865
2357075,2357075,Paratrachichthys macleayi,-38.099,149.31595
2357075,2357075,Paratrachichthys macleayi,-38.099,149.31595
2357075,2357075,Paratrachichthys macleayi,-38.099,149.31595
2357075,2357075,Paratrachichthys macleayi,-38.099,149.31595
2357075,2357075,Paratrachichthys macleayi,-38.099,149.31595
2357075,2357075,Paratrachichthys macleayi,-38.099,149.31595
2357075,2357075,Paratrachichthys macleayi,-38.099,149.31595
2357075,2357075,Paratrachichthys macleayi,-38.099,149.31595
2357075,2357075,Paratrachichthys macleayi,-38.099,149.31595
2357075,2357075,Paratrachichthys macleayi,-38.099,149.31595
2357075,2357075,Paratrachichthys macleayi,-38.099,149.31595
2357075,2357075,Paratrachichthys macleayi,-38.099,149.31595
2357075,2357075,Paratrachichthys macleayi,-38.099,149.31595
2357075,2357075,Paratrachichthys macleayi,-37.9414,149.26625
2357075,2357075,Paratrachichthys macleayi,-37.9414,149.26625
2357075,2357075,Paratrachichthys macleayi,-38.17083,149.28584
2357075,2357075,Paratrachichthys macleayi,-38.17083,149.28584
2357075,2357075,Paratrachichthys macleayi,-38.17083,149.28584
2357075,2357075,Paratrachichthys macleayi,-38.17083,149.28584
2357075,2357075,Paratrachichthys macleayi,-38.17083,149.28584
2357075,2357075,Paratrachichthys macleayi,-38.17083,149.28584
2357075,2357075,Paratrachichthys macleayi,-38.17083,149.28584
2357075,2357075,Paratrachichthys macleayi,-38.17083,149.28584
2357075,2357075,Paratrachichthys macleayi,-38.17083,149.28584
2357075,2357075,Paratrachichthys macleayi,-38.17083,149.28584
2357075,2357075,Paratrachichthys macleayi,-38.17083,149.28584
2357075,2357075,Paratrachichthys macleayi,-38.17083,149.28584
2357075,2357075,Paratrachichthys macleayi,-38.17083,149.28584
2357075,2357075,Paratrachichthys macleayi,-38.17083,149.28584
2357075,2357075,Paratrachichthys macleayi,-38.17083,149.28584
2357075,2357075,Paratrachichthys macleayi,-38.17083,149.28584
2357075,2357075,Paratrachichthys macleayi,-38.17083,149.28584
2357075,2357075,Paratrachichthys macleayi,-38.17083,149.28584
2357075,2357075,Paratrachichthys macleayi,-38.17083,149.28584
2357075,2357075,Paratrachichthys macleayi,-38.17083,149.28584
2357075,2357075,Paratrachichthys macleayi,-38.17083,149.28584
2357075,2357075,Paratrachichthys macleayi,-38.17083,149.28584
2357075,2357075,Paratrachichthys macleayi,-38.17083,149.28584
2357075,2357075,Paratrachichthys macleayi,-38.17083,149.28584
2357075,2357075,Paratrachichthys macleayi,-38.17083,149.28584
2357075,2357075,Paratrachichthys macleayi,-38.17083,149.28584
2357075,2357075,Paratrachichthys macleayi,-38.17083,149.28584
2357075,2357075,Paratrachichthys macleayi,-38.17083,149.28584
2357075,2357075,Paratrachichthys macleayi,-38.54666,148.42084
2357075,2357075,Paratrachichthys macleayi,-37.633,150.233
2357075,2357075,Paratrachichthys macleayi,-38.1775,149.27417
2357075,2357075,Paratrachichthys macleayi,-38.19166,149.28917
2357075,2357075,Paratrachichthys macleayi,-38.52833,148.42333
2357075,2357075,Paratrachichthys macleayi,-38.11333,149.34251
2357075,2357075,Paratrachichthys macleayi,-36.87,150.31168
2357075,2357075,Paratrachichthys macleayi,-38.12083,149.29583
2357075,2357075,Paratrachichthys macleayi,-38.12083,149.29583
2357075,2357075,Paratrachichthys macleayi,-38.12083,149.29583
2357075,2357075,Paratrachichthys macleayi,-38.12083,149.29583
2357075,2357075,Paratrachichthys macleayi,-38.12083,149.29583
2357075,2357075,Paratrachichthys macleayi,-38.12083,149.29583
2357075,2357075,Paratrachichthys macleayi,-38.10583,149.33333
2357075,2357075,Paratrachichthys macleayi,-38.11333,149.34251
2357075,2357075,Paratrachichthys macleayi,-38.11333,149.34251
2357075,2357075,Paratrachichthys macleayi,-38.11333,149.34251
2357075,2357075,Paratrachichthys macleayi,-38.11333,149.34251
2357075,2357075,Paratrachichthys macleayi,-38.11333,149.34251
2357075,2357075,Paratrachichthys macleayi,-38.11333,149.34251
2357075,2357075,Paratrachichthys macleayi,-38.11333,149.34251
2357075,2357075,Paratrachichthys macleayi,-38.11333,149.34251
2357075,2357075,Paratrachichthys macleayi,-38.11333,149.34251
2357075,2357075,Paratrachichthys macleayi,-38.11333,149.34251
2357075,2357075,Paratrachichthys macleayi,-36.87,150.31168
2357075,2357075,Paratrachichthys macleayi,-36.87,150.31168
2357075,2357075,Paratrachichthys macleayi,-36.87,150.31168
2357075,2357075,Paratrachichthys macleayi,-36.87,150.31168
2357075,2357075,Paratrachichthys macleayi,-36.87,150.31168
2357075,2357075,Paratrachichthys macleayi,-36.87,150.31168
2357075,2357075,Paratrachichthys macleayi,-38.12083,149.29583
2357075,2357075,Paratrachichthys macleayi,-38.12083,149.29583
2357075,2357075,Paratrachichthys macleayi,-38.12083,149.29583
2357075,2357075,Paratrachichthys macleayi,-38.12083,149.29583
2357075,2357075,Paratrachichthys macleayi,-38.12083,149.29583
2357075,2357075,Paratrachichthys macleayi,-38.12083,149.29583
2357075,2357075,Paratrachichthys macleayi,-38.12083,149.29583
2357075,2357075,Paratrachichthys macleayi,-43.75,146.1
2357075,2357075,Paratrachichthys macleayi,-43.75,146.1
2357075,2357075,Paratrachichthys macleayi,-43.75,146.1
2357075,2357075,Paratrachichthys macleayi,-43.75,146.1
2357075,2357075,Paratrachichthys macleayi,-36.6,150.08
2357075,2357075,Paratrachichthys macleayi,-36.617,150.067
2357075,2357075,Paratrachichthys macleayi,-35.617,150.45
2357075,2357075,Paratrachichthys macleayi,-37.70333,149.93584
2357075,2357075,Paratrachichthys macleayi,-35.633,150.45
2357075,2357075,Paratrachichthys macleayi,-35.633,150.433
2357075,2357075,Paratrachichthys macleayi,-35.625,150.44167
2357075,2357075,Paratrachichthys macleayi,-36.6,150.175
2357075,2357075,Paratrachichthys macleayi,-36.6,150.175
2357075,2357075,Paratrachichthys macleayi,-36.6,150.175
2357075,2357075,Paratrachichthys macleayi,-36.6,150.175
2357075,2357075,Paratrachichthys macleayi,-36.6,150.167
2357075,2357075,Paratrachichthys macleayi,-36.55,150.183
2357075,2357075,Paratrachichthys macleayi,-35.633,150.45
2357075,2357075,Paratrachichthys macleayi,-38.555,148.428333
2357075,2357075,Paratrachichthys macleayi,-38.54416,148.43083
2357075,2357075,Paratrachichthys macleayi,-38.19391,149.28284
2357075,2357075,Paratrachichthys macleayi,-38.19391,149.28284
2357075,2357075,Paratrachichthys macleayi,-38.555,148.428333
2357075,2357075,Paratrachichthys macleayi,-36.6,150.167
2357075,2357075,Paratrachichthys macleayi,-36.667,150.15
2357075,2357075,Paratrachichthys macleayi,-38.03167,149.17417
2357075,2357075,Paratrachichthys macleayi,-38.19333,149.28834
2357075,2357075,Paratrachichthys macleayi,-38.195,149.28667
2357075,2357075,Paratrachichthys macleayi,-38.19,149.27
2357075,2357075,Paratrachichthys macleayi,-38.16866,149.62925
2357075,2357075,Paratrachichthys macleayi,-38.19833,149.42417
2357075,2357075,Paratrachichthys macleayi,-38.16866,149.62925
2357075,2357075,Paratrachichthys macleayi,-38.16866,149.62925
2357075,2357075,Paratrachichthys macleayi,-38.16866,149.62925
2357075,2357075,Paratrachichthys macleayi,-38.16866,149.62925
2357075,2357075,Paratrachichthys macleayi,-38.16866,149.62925
2357075,2357075,Paratrachichthys macleayi,-38.16866,149.62925
2357075,2357075,Paratrachichthys macleayi,-38.16866,149.62925
2357075,2357075,Paratrachichthys macleayi,-38.16866,149.62925
2357075,2357075,Paratrachichthys macleayi,-38.16866,149.62925
2357075,2357075,Paratrachichthys macleayi,-38.16866,149.62925
2357075,2357075,Paratrachichthys macleayi,-38.16866,149.62925
2357075,2357075,Paratrachichthys macleayi,-38.16866,149.62925
2357075,2357075,Paratrachichthys macleayi,-38.16866,149.62925
2357075,2357075,Paratrachichthys macleayi,-38.16866,149.62925
2357075,2357075,Paratrachichthys macleayi,-38.16866,149.62925
2357075,2357075,Paratrachichthys macleayi,-38.16866,149.62925
2357075,2357075,Paratrachichthys macleayi,-38.16866,149.62925
2357075,2357075,Paratrachichthys macleayi,-38.16866,149.62925
2357075,2357075,Paratrachichthys macleayi,-38.16866,149.62925
2357075,2357075,Paratrachichthys macleayi,-38.16866,149.62925
2357075,2357075,Paratrachichthys macleayi,-38.16866,149.62925
2357075,2357075,Paratrachichthys macleayi,-38.16866,149.62925
2357075,2357075,Paratrachichthys macleayi,-38.16866,149.62925
2357075,2357075,Paratrachichthys macleayi,-38.16866,149.62925
2357075,2357075,Paratrachichthys macleayi,-38.16866,149.62925
2357075,2357075,Paratrachichthys macleayi,-38.16866,149.62925
2357075,2357075,Paratrachichthys macleayi,-38.16866,149.62925
2357075,2357075,Paratrachichthys macleayi,-38.16866,149.62925
2357075,2357075,Paratrachichthys macleayi,-38.16866,149.62925
2357075,2357075,Paratrachichthys macleayi,-38.16866,149.62925
2357075,2357075,Paratrachichthys macleayi,-38.16866,149.62925
2357075,2357075,Paratrachichthys macleayi,-38.16866,149.62925
2357075,2357075,Paratrachichthys macleayi,-38.16866,149.62925
2357075,2357075,Paratrachichthys macleayi,-38.16866,149.62925
2357075,2357075,Paratrachichthys macleayi,-38.16866,149.62925
2357075,2357075,Paratrachichthys macleayi,-38.16866,149.62925
2357075,2357075,Paratrachichthys macleayi,-38.16866,149.62925
2357075,2357075,Paratrachichthys macleayi,-38.16866,149.62925
2357075,2357075,Paratrachichthys macleayi,-38.16866,149.62925
2357075,2357075,Paratrachichthys macleayi,-38.16866,149.62925
2357075,2357075,Paratrachichthys macleayi,-38.16866,149.62925
2357075,2357075,Paratrachichthys macleayi,-38.16866,149.62925
2357075,2357075,Paratrachichthys macleayi,-38.16866,149.62925
2357075,2357075,Paratrachichthys macleayi,-38.16866,149.62925
2357075,2357075,Paratrachichthys macleayi,-38.16866,149.62925
2357075,2357075,Paratrachichthys macleayi,-38.16866,149.62925
2357075,2357075,Paratrachichthys macleayi,-38.16866,149.62925
2357075,2357075,Paratrachichthys macleayi,-38.16866,149.62925
2357075,2357075,Paratrachichthys macleayi,-38.16866,149.62925
2357075,2357075,Paratrachichthys macleayi,-38.16866,149.62925
2357075,2357075,Paratrachichthys macleayi,-38.16866,149.62925
2357075,2357075,Paratrachichthys macleayi,-38.16866,149.62925
2357075,2357075,Paratrachichthys macleayi,-38.16866,149.62925
2357075,2357075,Paratrachichthys macleayi,-38.16866,149.62925
2357075,2357075,Paratrachichthys macleayi,-38.16866,149.62925
2357075,2357075,Paratrachichthys macleayi,-38.16866,149.62925
2357075,2357075,Paratrachichthys macleayi,-38.16866,149.62925
2357075,2357075,Paratrachichthys macleayi,-35.633,150.45
2357075,2357075,Paratrachichthys macleayi,-43.1085,145.528167
2357075,2357075,Paratrachichthys macleayi,-43.1085,145.528167
2357075,2357075,Paratrachichthys macleayi,-35.42,134.68
2357075,2357075,Paratrachichthys macleayi,-34.2,151.183
2357075,2357075,Paratrachichthys macleayi,-36.067,150.417
2357075,2357075,Paratrachichthys macleayi,-33,128
2357075,2357075,Paratrachichthys macleayi,-34.47,133.28
2357075,2357075,Paratrachichthys macleayi,-36.0733,139.925
2357075,2357075,Paratrachichthys macleayi,-38.0217,149.182
2357075,2357075,Paratrachichthys macleayi,-37.9212,149.172
2357075,2357075,Paratrachichthys macleayi,-33.23333,125.4
2357075,2357075,Paratrachichthys macleayi,-34.34166,123.70834
2357075,2357075,Paratrachichthys macleayi,-33.3833,130.85
2357075,2357075,Paratrachichthys macleayi,-33.3833,130.85
2357075,2357075,Paratrachichthys macleayi,-33.65,131.98
2357075,2357075,Paratrachichthys macleayi,-34.41667,133.4
2357075,2357075,Paratrachichthys macleayi,-33.368333,130.813333
2357075,2357075,Paratrachichthys macleayi,-33.368333,130.813333
2357075,2357075,Paratrachichthys macleayi,-33.7189,132.1189
2357075,2357075,Paratrachichthys macleayi,-33.73333,132.125
2357075,2357075,Paratrachichthys macleayi,-33.73333,132.125
2357075,2357075,Paratrachichthys macleayi,-33.73333,132.125
2357075,2357075,Paratrachichthys macleayi,-33.73333,132.125
2357075,2357075,Paratrachichthys macleayi,-33.73333,132.125
2357075,2357075,Paratrachichthys macleayi,-33.73333,132.125
2357075,2357075,Paratrachichthys macleayi,-33.73333,132.125
2357075,2357075,Paratrachichthys macleayi,-33.73333,132.125
2357075,2357075,Paratrachichthys macleayi,-33.73333,132.125
2357075,2357075,Paratrachichthys macleayi,-33.73333,132.125
2357075,2357075,Paratrachichthys macleayi,-33.73333,132.125
2357075,2357075,Paratrachichthys macleayi,-33.73333,132.125
2357075,2357075,Paratrachichthys macleayi,-33.73333,132.125
2357075,2357075,Paratrachichthys macleayi,-33.73333,132.125
2357075,2357075,Paratrachichthys macleayi,-33.73333,132.125
2357075,2357075,Paratrachichthys macleayi,-33.73333,132.125
2357075,2357075,Paratrachichthys macleayi,-33.368333,130.813333
2357075,2357075,Paratrachichthys macleayi,-33.368333,130.813333
2357075,2357075,Paratrachichthys macleayi,-35.483,150.8
2357075,2357075,Paratrachichthys macleayi,-35.525,150.775
2357075,2357075,Paratrachichthys macleayi,-34.2,124.58334
2357075,2357075,Paratrachichthys macleayi,-34.2,124.55
2357075,2357075,Paratrachichthys macleayi,-34.2,124.58334
2357075,2357075,Paratrachichthys macleayi,-30.691668,153.275
2357075,2357075,Paratrachichthys macleayi,-34.15,152.01666
2357075,2357075,Paratrachichthys macleayi,-38.75,142.35
2357075,2357075,Paratrachichthys macleayi,-38.75,142.35
2357075,2357075,Paratrachichthys macleayi,-38.75,142.35
2357075,2357075,Paratrachichthys macleayi,-38.75,142.35
2357075,2357075,Paratrachichthys macleayi,-33.30833,129.46667
2357075,2357075,Paratrachichthys macleayi,-33.35069,130.73403
2357075,2357075,Paratrachichthys macleayi,-33.26777,126.65833
2357075,2357075,Paratrachichthys macleayi,-34.21736,132.62611
2357075,2357075,Paratrachichthys macleayi,-33.90833,132.65
2357075,2357075,Paratrachichthys macleayi,-33.20014,128.375
2357075,2357075,Paratrachichthys macleayi,-40.1,146.23
2357075,2357075,Paratrachichthys macleayi,-33.28527,129.5682
2357075,2357075,Paratrachichthys macleayi,-33.31708,130.56028
2357075,2357075,Paratrachichthys macleayi,-33.39166,129.92736
2357075,2357075,Paratrachichthys macleayi,-33.30139,130.56014
2357075,2357075,Paratrachichthys macleayi,-39.32722,143.85167
2357075,2357075,Paratrachichthys macleayi,-33.25944,126.25042
2357075,2357075,Paratrachichthys macleayi,-33.32569,129.65111
2357075,2357075,Paratrachichthys macleayi,-33.35847,130.03403
2357075,2357075,Paratrachichthys macleayi,-33.35125,130.10833
2357075,2357075,Paratrachichthys macleayi,-33.25944,129.93375
2357075,2357075,Paratrachichthys macleayi,-33.05833,127.73334
2357075,2357075,Paratrachichthys macleayi,-33.05833,127.73334
2357075,2357075,Paratrachichthys macleayi,-33.05833,127.73334
2357075,2357075,Paratrachichthys macleayi,-33.05833,127.73334
2357075,2357075,Paratrachichthys macleayi,-33.05833,127.73334
2357075,2357075,Paratrachichthys macleayi,-33.30139,129.9257
2357075,2357075,Paratrachichthys macleayi,-33.30139,129.9257
2357075,2357075,Paratrachichthys macleayi,-33.30139,129.9257
2357075,2357075,Paratrachichthys macleayi,-33.05833,127.73334
2357075,2357075,Paratrachichthys macleayi,-33.05833,127.73334
2357075,2357075,Paratrachichthys macleayi,-33.30139,129.9257
2357075,2357075,Paratrachichthys macleayi,-33.30139,129.9257
2357075,2357075,Paratrachichthys macleayi,-33.30139,129.9257
2357075,2357075,Paratrachichthys macleayi,-33.30139,129.9257
2357075,2357075,Paratrachichthys macleayi,-33.05833,127.73334
2357075,2357075,Paratrachichthys macleayi,-33.05833,127.73334
2357075,2357075,Paratrachichthys macleayi,-33.05833,127.73334
2357075,2357075,Paratrachichthys macleayi,-33.30139,129.9257
2357075,2357075,Paratrachichthys macleayi,-33.30139,129.9257
2357075,2357075,Paratrachichthys macleayi,-33.30139,129.9257
2357075,2357075,Paratrachichthys macleayi,-33.05833,127.73334
2357075,2357075,Paratrachichthys macleayi,-33.27597,130.01722
2357075,2357075,Paratrachichthys macleayi,-33.25917,130.04306
2357075,2357075,Paratrachichthys macleayi,-33.2675,130.0432
2357075,2357075,Paratrachichthys macleayi,-33.22611,130.19167
2357075,2357075,Paratrachichthys macleayi,-33.23403,130.175
2357075,2357075,Paratrachichthys macleayi,-33.20833,130.12611
2357075,2357075,Paratrachichthys macleayi,-33.335,127.71889
2357075,2357075,Paratrachichthys macleayi,-33.3343,128.48403
2357075,2357075,Paratrachichthys macleayi,-33.21889,128.18472
2357075,2357075,Paratrachichthys macleayi,-33.45097,129.5175
2357075,2357075,Paratrachichthys macleayi,-33.51764,128.22611
2357075,2357075,Paratrachichthys macleayi,-33.44333,129.31778
2357075,2357075,Paratrachichthys macleayi,-33.35028,129.21778
2357075,2357075,Paratrachichthys macleayi,-33.35028,129.21778
2357075,2357075,Paratrachichthys macleayi,-33.35028,129.21778
2357075,2357075,Paratrachichthys macleayi,-33.35028,129.21778
2357075,2357075,Paratrachichthys macleayi,-33.35028,129.21778
2357075,2357075,Paratrachichthys macleayi,-33.35028,129.21778
2357075,2357075,Paratrachichthys macleayi,-33.35028,129.21778
2357075,2357075,Paratrachichthys macleayi,-33.35028,129.21778
2357075,2357075,Paratrachichthys macleayi,-33.35028,129.21778
2357075,2357075,Paratrachichthys macleayi,-33.35028,129.21778
2357075,2357075,Paratrachichthys macleayi,-33.25972,128.09236
2357075,2357075,Paratrachichthys macleayi,-33.28389,127.97723
2357075,2357075,Paratrachichthys macleayi,-33.28361,128.44278
2357075,2357075,Paratrachichthys macleayi,-33.31917,128.05931
2357075,2357075,Paratrachichthys macleayi,-33.27611,128.35903
2357075,2357075,Paratrachichthys macleayi,-33.36736,129.39292
2357075,2357075,Paratrachichthys macleayi,-33.36028,129.11792
2357075,2357075,Paratrachichthys macleayi,-33.31778,128.26834
2357075,2357075,Paratrachichthys macleayi,-33.33472,128.25042
2357075,2357075,Paratrachichthys macleayi,-33.35138,129.12708
2357075,2357075,Paratrachichthys macleayi,-33.26736,128.32597
2357075,2357075,Paratrachichthys macleayi,-33.26861,128.13403
2357075,2357075,Paratrachichthys macleayi,-33.12611,126.56709
2357075,2357075,Paratrachichthys macleayi,-33.36791,129.52625
2357075,2357075,Paratrachichthys macleayi,-33.35028,129.21778
2357075,2357075,Paratrachichthys macleayi,-33.35028,129.21778
2357075,2357075,Paratrachichthys macleayi,-33.35028,129.21778
2357075,2357075,Paratrachichthys macleayi,-33.35028,129.21778
2357075,2357075,Paratrachichthys macleayi,-33.35028,129.21778
2357075,2357075,Paratrachichthys macleayi,-33.35028,129.21778
2357075,2357075,Paratrachichthys macleayi,-33.35028,129.21778
2357075,2357075,Paratrachichthys macleayi,-33.35028,129.21778
2357075,2357075,Paratrachichthys macleayi,-33.35028,129.21778
2357075,2357075,Paratrachichthys macleayi,-33.25,128.28459
2357075,2357075,Paratrachichthys macleayi,-33.28444,128.35111
2357075,2357075,Paratrachichthys macleayi,-33.36806,129.14306
2357075,2357075,Paratrachichthys macleayi,-33.26806,128.17681
2357075,2357075,Paratrachichthys macleayi,-33.35028,129.21778
2357075,2357075,Paratrachichthys macleayi,-33.35125,129.21042
2357075,2357075,Paratrachichthys macleayi,-33.31763,128.31
2357075,2357075,Paratrachichthys macleayi,-33.2843,128.19389
2357075,2357075,Paratrachichthys macleayi,-33.31917,128.15014
2357075,2357075,Paratrachichthys macleayi,-33.34278,128.9925
2357075,2357075,Paratrachichthys macleayi,-33.36806,129.26736
2357075,2357075,Paratrachichthys macleayi,-33.3525,129.22612
2357075,2357075,Paratrachichthys macleayi,-33.36667,129.2507
2357075,2357075,Paratrachichthys macleayi,-33.26736,128.23333
2357075,2357075,Paratrachichthys macleayi,-33.27625,126.23389
2357075,2357075,Paratrachichthys macleayi,-34.49278,134.20875
2357075,2357075,Paratrachichthys macleayi,-35.49333,135.14181
2357075,2357075,Paratrachichthys macleayi,-33.30944,126.11723
2357075,2357075,Paratrachichthys macleayi,-33.60139,134.18334
2357075,2357075,Paratrachichthys macleayi,-33.25875,128.37695
2357075,2357075,Paratrachichthys macleayi,-33.35014,129.04208
2357075,2357075,Paratrachichthys macleayi,-33.17625,128.51736
2357075,2357075,Paratrachichthys macleayi,-33.40069,129.79208
2357075,2357075,Paratrachichthys macleayi,-33.53416,131.63486
2357075,2357075,Paratrachichthys macleayi,-33.16764,128.26778
2357075,2357075,Paratrachichthys macleayi,-33.26861,128.22514
2357075,2357075,Paratrachichthys macleayi,-33.26764,128.46778
2357075,2357075,Paratrachichthys macleayi,-33.35125,129.18389
2357075,2357075,Paratrachichthys macleayi,-33.26736,128.25945
2357075,2357075,Paratrachichthys macleayi,-33.25917,128.27639
2357075,2357075,Paratrachichthys macleayi,-33.25097,128.55083
2357075,2357075,Paratrachichthys macleayi,-33.31014,129.36722
2357075,2357075,Paratrachichthys macleayi,-33.40028,129.15945
2357075,2357075,Paratrachichthys macleayi,-33.2593,126.42625
2357075,2357075,Paratrachichthys macleayi,-33.20222,127.55959
2357075,2357075,Paratrachichthys macleayi,-33.18333,128.64306
2357075,2357075,Paratrachichthys macleayi,-33.18514,129.70097
2357075,2357075,Paratrachichthys macleayi,-31.88333,129.08389
2357075,2357075,Paratrachichthys macleayi,-32.45986,125.94237
2357075,2357075,Paratrachichthys macleayi,-34.18389,132.72681
2357075,2357075,Paratrachichthys macleayi,-33.3168,128.75042
2357075,2357075,Paratrachichthys macleayi,-33.32583,129.25056
2357075,2357075,Paratrachichthys macleayi,-33.98333,132.55167
2357075,2357075,Paratrachichthys macleayi,-33.35,129.2
2357075,2357075,Paratrachichthys macleayi,-33.30069,130.275
2357075,2357075,Paratrachichthys macleayi,-33.32597,129.53403
2357075,2357075,Paratrachichthys macleayi,-33.26889,126.8675
2357075,2357075,Paratrachichthys macleayi,-33.80055,124.8507
2357075,2357075,Paratrachichthys macleayi,-31.95,131
2357075,2357075,Paratrachichthys macleayi,-33.43389,125.97556
2357075,2357075,Paratrachichthys macleayi,-33.4,130.84237
2357075,2357075,Paratrachichthys macleayi,-33.30083,129.41764
2357075,2357075,Paratrachichthys macleayi,-32.71736,126.975
2357075,2357075,Paratrachichthys macleayi,-35.06777,134.11722
2357075,2357075,Paratrachichthys macleayi,-34.57569,134.21778
2357075,2357075,Paratrachichthys macleayi,-33.40069,131.06667
2357075,2357075,Paratrachichthys macleayi,-33.3,126.08403
2357075,2357075,Paratrachichthys macleayi,-33.26764,126.28334
2357075,2357075,Paratrachichthys macleayi,-33.33556,129.18431
2357075,2357075,Paratrachichthys macleayi,-33.35875,128.44306
2357075,2357075,Paratrachichthys macleayi,-33.35139,128.1432
2357075,2357075,Paratrachichthys macleayi,-33.35125,128.11014
2357075,2357075,Paratrachichthys macleayi,-33.35833,126.27584
2357075,2357075,Paratrachichthys macleayi,-36.40138,139.43528
2357075,2357075,Paratrachichthys macleayi,-33.35139,128.03361
2357075,2357075,Paratrachichthys macleayi,-33.55069,125.78334
2357075,2357075,Paratrachichthys macleayi,-33.85,132.65
2357075,2357075,Paratrachichthys macleayi,-34.14166,124.68334
2357075,2357075,Paratrachichthys macleayi,-33.64167,125.62584
2357075,2357075,Paratrachichthys macleayi,-33.33389,128.21806
2357075,2357075,Paratrachichthys macleayi,-33.30833,126.45945
2357075,2357075,Paratrachichthys macleayi,-33.23333,128.43334
2357075,2357075,Paratrachichthys macleayi,-34.26666,132.71667
2357075,2357075,Paratrachichthys macleayi,-33.31667,129.775
2357075,2357075,Paratrachichthys macleayi,-34.1,132.4
2357075,2357075,Paratrachichthys macleayi,-33.33333,129.43334
2357075,2357075,Paratrachichthys macleayi,-33.26667,126.25834
2357075,2357075,Paratrachichthys macleayi,-34.11667,132.55834
2357075,2357075,Paratrachichthys macleayi,-34.29167,132.70833
2357075,2357075,Paratrachichthys macleayi,-33.73333,131.975
2357075,2357075,Paratrachichthys macleayi,-33.84166,132.43334
2357075,2357075,Paratrachichthys macleayi,-34.2,132.66667
2357075,2357075,Paratrachichthys macleayi,-33.86667,132.34167
2357075,2357075,Paratrachichthys macleayi,-33.29166,128.425
2357075,2357075,Paratrachichthys macleayi,-33.31806,129.2
2357075,2357075,Paratrachichthys macleayi,-33.31847,129.08389
2357075,2357075,Paratrachichthys macleayi,-33.32639,129.46695
2357075,2357075,Paratrachichthys macleayi,-33.34236,130.03334
2357075,2357075,Paratrachichthys macleayi,-33.3018,129.26695
2357075,2357075,Paratrachichthys macleayi,-33.31819,129.34278
2357075,2357075,Paratrachichthys macleayi,-33.31819,129.28348
2357075,2357075,Paratrachichthys macleayi,-33.31736,127.45
2357075,2357075,Paratrachichthys macleayi,-33.33444,128.71014
2357075,2357075,Paratrachichthys macleayi,-33.31833,129.05
2357075,2357075,Paratrachichthys macleayi,-33.31778,129.28403
2357075,2357075,Paratrachichthys macleayi,-33.31847,129.99236
2357075,2357075,Paratrachichthys macleayi,-33.32652,129.46806
2357075,2357075,Paratrachichthys macleayi,-33.26667,126.25834
2357075,2357075,Paratrachichthys macleayi,-33.26667,126.25834
2357075,2357075,Paratrachichthys macleayi,-33.26667,126.25834
2357075,2357075,Paratrachichthys macleayi,-33.26667,126.25834
2357075,2357075,Paratrachichthys macleayi,-33.26667,126.25834
2357075,2357075,Paratrachichthys macleayi,-33.26667,126.25834
2357075,2357075,Paratrachichthys macleayi,-33.26667,126.25834
2357075,2357075,Paratrachichthys macleayi,-33.26667,126.25834
2357075,2357075,Paratrachichthys macleayi,-33.26667,126.25834
2357075,2357075,Paratrachichthys macleayi,-33.26667,126.25834
2357075,2357075,Paratrachichthys macleayi,-34.25833,132.8
2357075,2357075,Paratrachichthys macleayi,-33.27569,130.225
2357075,2357075,Paratrachichthys macleayi,-33.33333,129.73334
2357075,2357075,Paratrachichthys macleayi,-33.33333,130.13334
2357075,2357075,Paratrachichthys macleayi,-33.3,126.25834
2357075,2357075,Paratrachichthys macleayi,-33.36667,128.30834
2357075,2357075,Paratrachichthys macleayi,-33.25069,126.45945
2357075,2357075,Paratrachichthys macleayi,-33.31736,129.30903
2357075,2357075,Paratrachichthys macleayi,-33.31778,129.27598
2357075,2357075,Paratrachichthys macleayi,-33.225,126.46681
2357075,2357075,Paratrachichthys macleayi,-33.31667,129.25
2357075,2357075,Paratrachichthys macleayi,-33.30138,129.29195
2357075,2357075,Paratrachichthys macleayi,-33.31833,129.14222
2357075,2357075,Paratrachichthys macleayi,-33.30194,129.30875
2357075,2357075,Paratrachichthys macleayi,-33.30902,129.31806
2357075,2357075,Paratrachichthys macleayi,-33.35917,129.7425
2357075,2357075,Paratrachichthys macleayi,-33.33402,128.16736
2357075,2357075,Paratrachichthys macleayi,-33.26667,126.25834
2357075,2357075,Paratrachichthys macleayi,-33.26667,126.25834
2357075,2357075,Paratrachichthys macleayi,-33.26667,126.25834
2357075,2357075,Paratrachichthys macleayi,-33.26667,126.25834
2357075,2357075,Paratrachichthys macleayi,-33.26667,126.25834
2357075,2357075,Paratrachichthys macleayi,-33.36667,129.58334
2357075,2357075,Paratrachichthys macleayi,-33.575,131.825
2357075,2357075,Paratrachichthys macleayi,-33.35903,129.50834
2357075,2357075,Paratrachichthys macleayi,-33.325,128.20834
2357075,2357075,Paratrachichthys macleayi,-33.35,126.06
2357075,2357075,Paratrachichthys macleayi,-33.25069,126.28334
2357075,2357075,Paratrachichthys macleayi,-33.30944,126.1257
2357075,2357075,Paratrachichthys macleayi,-33.28458,126.17667
2357075,2357075,Paratrachichthys macleayi,-33.23333,126.26848
2357075,2357075,Paratrachichthys macleayi,-33.23333,126.26848
2357075,2357075,Paratrachichthys macleayi,-33.23333,126.26848
2357075,2357075,Paratrachichthys macleayi,-33.23333,126.26848
2357075,2357075,Paratrachichthys macleayi,-33.23333,126.26848
2357075,2357075,Paratrachichthys macleayi,-33.23333,126.26848
2357075,2357075,Paratrachichthys macleayi,-33.23333,126.26848
2357075,2357075,Paratrachichthys macleayi,-33.23333,126.26848
2357075,2357075,Paratrachichthys macleayi,-33.23333,126.26848
2357075,2357075,Paratrachichthys macleayi,-33.23333,126.26848
2357075,2357075,Paratrachichthys macleayi,-33.23333,126.26848
2357075,2357075,Paratrachichthys macleayi,-33.23333,126.26848
2357075,2357075,Paratrachichthys macleayi,-33.23333,126.26848
2357075,2357075,Paratrachichthys macleayi,-33.23333,126.26848
2357075,2357075,Paratrachichthys macleayi,-33.23333,126.26848
2357075,2357075,Paratrachichthys macleayi,-33.25833,126.23403
2357075,2357075,Paratrachichthys macleayi,-33.23333,126.26848
2357075,2357075,Paratrachichthys macleayi,-33.23333,126.26848
2357075,2357075,Paratrachichthys macleayi,-33.23333,126.26848
2357075,2357075,Paratrachichthys macleayi,-33.23333,126.26848
2357075,2357075,Paratrachichthys macleayi,-33.23333,126.26848
2357075,2357075,Paratrachichthys macleayi,-33.23333,126.26848
2357075,2357075,Paratrachichthys macleayi,-31.68416,130.58542
2357075,2357075,Paratrachichthys macleayi,-33.37597,129.03403
2357075,2357075,Paratrachichthys macleayi,-33.45013,128.00181
2357075,2357075,Paratrachichthys macleayi,-33.37555,129.09167
2357075,2357075,Paratrachichthys macleayi,-33.85944,125.49167
2357075,2357075,Paratrachichthys macleayi,-33.31722,129.10945
2357075,2357075,Paratrachichthys macleayi,-33.37597,129.03403
2357075,2357075,Paratrachichthys macleayi,-33.31722,129.10945
2357075,2357075,Paratrachichthys macleayi,-33.37597,129.03403
2357075,2357075,Paratrachichthys macleayi,-33.31722,129.10945
2357075,2357075,Paratrachichthys macleayi,-33.37597,129.03403
2357075,2357075,Paratrachichthys macleayi,-33.31722,129.10945
2357075,2357075,Paratrachichthys macleayi,-33.37597,129.03403
2357075,2357075,Paratrachichthys macleayi,-33.31722,129.10945
2357075,2357075,Paratrachichthys macleayi,-33.31722,129.10945
2357075,2357075,Paratrachichthys macleayi,-33.37597,129.03403
2357075,2357075,Paratrachichthys macleayi,-33.31722,129.10945
2357075,2357075,Paratrachichthys macleayi,-33.37597,129.03403
2357075,2357075,Paratrachichthys macleayi,-33.37597,129.03403
2357075,2357075,Paratrachichthys macleayi,-33.37597,129.03403
2357075,2357075,Paratrachichthys macleayi,-33.37597,129.03403
2357075,2357075,Paratrachichthys macleayi,-33.37597,129.03403
2357075,2357075,Paratrachichthys macleayi,-33.37597,129.03403
2357075,2357075,Paratrachichthys macleayi,-33.37597,129.03403
2357075,2357075,Paratrachichthys macleayi,-33.37597,129.03403
2357075,2357075,Paratrachichthys macleayi,-33.37597,129.03403
2357075,2357075,Paratrachichthys macleayi,-33.37597,129.03403
2357075,2357075,Paratrachichthys macleayi,-33.37597,129.03403
2357075,2357075,Paratrachichthys macleayi,-33.37597,129.03403
2357075,2357075,Paratrachichthys macleayi,-33.29389,128.63458
2357075,2357075,Paratrachichthys macleayi,-33.33458,129.2507
2357075,2357075,Paratrachichthys macleayi,-33.25069,128.67584
2357075,2357075,Paratrachichthys macleayi,-33.31722,129.10945
2357075,2357075,Paratrachichthys macleayi,-33.60097,125.6757
2357075,2357075,Paratrachichthys macleayi,-33.31722,129.10945
2357075,2357075,Paratrachichthys macleayi,-33.37597,129.03403
2357075,2357075,Paratrachichthys macleayi,-33.31722,129.10945
2357075,2357075,Paratrachichthys macleayi,-33.37597,129.03403
2357075,2357075,Paratrachichthys macleayi,-33.31722,129.10945
2357075,2357075,Paratrachichthys macleayi,-33.37597,129.03403
2357075,2357075,Paratrachichthys macleayi,-33.37597,129.03403
2357075,2357075,Paratrachichthys macleayi,-33.37597,129.03403
2357075,2357075,Paratrachichthys macleayi,-33.37597,129.03403
2357075,2357075,Paratrachichthys macleayi,-33.37597,129.03403
2357075,2357075,Paratrachichthys macleayi,-33.37597,129.03403
2357075,2357075,Paratrachichthys macleayi,-33.37597,129.03403
2357075,2357075,Paratrachichthys macleayi,-42.9168,145.15945
2357075,2357075,Paratrachichthys macleayi,-42.9168,145.15945
2357075,2357075,Paratrachichthys macleayi,-42.9168,145.15945
2357075,2357075,Paratrachichthys macleayi,-42.9168,145.15945
2357075,2357075,Paratrachichthys macleayi,-42.9168,145.15945
2357075,2357075,Paratrachichthys macleayi,-41.62611,144.55875
2357075,2357075,Paratrachichthys macleayi,-41.8425,144.79181
2357075,2357075,Paratrachichthys macleayi,-33.22611,126.38431
2357075,2357075,Paratrachichthys macleayi,-41.62611,144.55875
2357075,2357075,Paratrachichthys macleayi,-41.62611,144.55875
2357075,2357075,Paratrachichthys macleayi,-41.62611,144.55875
2357075,2357075,Paratrachichthys macleayi,-41.62611,144.55875
2357075,2357075,Paratrachichthys macleayi,-41.62611,144.55875
2357075,2357075,Paratrachichthys macleayi,-33.25875,129.16792
2357075,2357075,Paratrachichthys macleayi,-33.25944,129.22514
2357075,2357075,Paratrachichthys macleayi,-33.28402,128.74236
2357075,2357075,Paratrachichthys macleayi,-33.27694,126.66737
2357075,2357075,Paratrachichthys macleayi,-33.56875,125.71736
2357075,2357075,Paratrachichthys macleayi,-33.28486,128.33514
2357075,2357075,Paratrachichthys macleayi,-33.33361,125.87611
2357075,2357075,Paratrachichthys macleayi,-33.18361,126.50098
2357075,2357075,Paratrachichthys macleayi,-33.25,126.36722
2357075,2357075,Paratrachichthys macleayi,-33.29236,128.90917
2357075,2357075,Paratrachichthys macleayi,-33.32583,128.28389
2357075,2357075,Paratrachichthys macleayi,-33.30944,125.91778
2357075,2357075,Paratrachichthys macleayi,-33.25944,126.2757
2357075,2357075,Paratrachichthys macleayi,-33.23527,126.35222
2357075,2357075,Paratrachichthys macleayi,-33.30944,126.10973
2357075,2357075,Paratrachichthys macleayi,-33.25944,129.25903
2357075,2357075,Paratrachichthys macleayi,-33.31,125.9425
2357075,2357075,Paratrachichthys macleayi,-33.35916,125.83375
2357075,2357075,Paratrachichthys macleayi,-33.25916,126.30181
2357075,2357075,Paratrachichthys macleayi,-33.51014,125.73403
2357075,2357075,Paratrachichthys macleayi,-33.18361,126.50098
2357075,2357075,Paratrachichthys macleayi,-33.18361,126.50098
2357075,2357075,Paratrachichthys macleayi,-33.18361,126.50098
2357075,2357075,Paratrachichthys macleayi,-33.18361,126.50098
2357075,2357075,Paratrachichthys macleayi,-33.18361,126.50098
2357075,2357075,Paratrachichthys macleayi,-33.18361,126.50098
2357075,2357075,Paratrachichthys macleayi,-33.18361,126.50098
2357075,2357075,Paratrachichthys macleayi,-33.18361,126.50098
2357075,2357075,Paratrachichthys macleayi,-33.18361,126.50098
2357075,2357075,Paratrachichthys macleayi,-33.18361,126.50098
2357075,2357075,Paratrachichthys macleayi,-33.18361,126.50098
2357075,2357075,Paratrachichthys macleayi,-33.18361,126.50098
2357075,2357075,Paratrachichthys macleayi,-33.18361,126.50098
2357075,2357075,Paratrachichthys macleayi,-33.18361,126.50098
2357075,2357075,Paratrachichthys macleayi,-33.18361,126.50098
2357075,2357075,Paratrachichthys macleayi,-33.28375,128.54264
2357075,2357075,Paratrachichthys macleayi,-33.32666,125.87514
2357075,2357075,Paratrachichthys macleayi,-33.28361,128.81861
2357075,2357075,Paratrachichthys macleayi,-33.28486,128.35917
2357075,2357075,Paratrachichthys macleayi,-33.25056,127.82667
2357075,2357075,Paratrachichthys macleayi,-33.53402,125.82597
2357075,2357075,Paratrachichthys macleayi,-33.18361,126.50098
2357075,2357075,Paratrachichthys macleayi,-33.18361,126.50098
2357075,2357075,Paratrachichthys macleayi,-33.18361,126.50098
2357075,2357075,Paratrachichthys macleayi,-33.18361,126.50098
2357075,2357075,Paratrachichthys macleayi,-33.18361,126.50098
2357075,2357075,Paratrachichthys macleayi,-33.18361,126.50098
2357075,2357075,Paratrachichthys macleayi,-33.18361,126.50098
2357075,2357075,Paratrachichthys macleayi,-33.18361,126.50098
2357075,2357075,Paratrachichthys macleayi,-33.18361,126.50098
2357075,2357075,Paratrachichthys macleayi,-33.18361,126.50098
2357075,2357075,Paratrachichthys macleayi,-33.583332,151.5
2357075,2357075,Paratrachichthys macleayi,-32.7,152.16667
2357075,2357075,Paratrachichthys macleayi,-32.7,152.16667
2357075,2357075,Paratrachichthys macleayi,-32.7,152.16667
2357075,2357075,Paratrachichthys macleayi,-38.27,144.67
2357075,2357075,Paratrachichthys macleayi,-40,148.55
2357075,2357075,Paratrachichthys macleayi,-40,148.55
2357075,2357075,Paratrachichthys macleayi,-39.85,147.9
2357075,2357075,Paratrachichthys macleayi,-40.016666,148.7
2357075,2357075,Paratrachichthys macleayi,-40,148.55
2357075,2357075,Paratrachichthys macleayi,-33.717,130.975
2357075,2357075,Paratrachichthys macleayi,-38.333333,141.666667
2357075,2357075,Paratrachichthys macleayi,-40.016667,148.033333
2357075,2357075,Paratrachichthys macleayi,-40,148.33333
2357075,2357075,Paratrachichthys macleayi,-40,148.33333
2357075,2357075,Paratrachichthys macleayi,-40,148.33333
2357075,2357075,Paratrachichthys macleayi,-40,148.33333
2357075,2357075,Paratrachichthys macleayi,-40,148.33333
2357075,2357075,Paratrachichthys macleayi,-40,148.33333
2357075,2357075,Paratrachichthys macleayi,-40,148.33333
2357075,2357075,Paratrachichthys macleayi,-40,148.33
2357075,2357075,Paratrachichthys macleayi,-37.98,147.72
2357075,2357075,Paratrachichthys macleayi,-38.0883,140.7128
2357075,2357075,Paratrachichthys macleayi,-36.05,150.41667
2357075,2357075,Paratrachichthys macleayi,-35.625,150.45833
2357075,2357075,Paratrachichthys macleayi,-37.658333,150.225
2357075,2357075,Paratrachichthys macleayi,-36.625,150.06667
