requested_taxonKey,record_taxonKey,species_name,decimalLatitude,decimalLongitude
2357128,2357128,Hoplostethus latus,-34.277833,132.693
2357128,10205168,Hoplostethus latus,-34.28667,132.698
2357128,2357128,Hoplostethus latus,-33.3666,130.7355
2357128,2357128,Hoplostethus latus,-34.28225,132.6955
2357128,2357128,Hoplostethus latus,-34.277833,132.693
2357128,2357128,Hoplostethus latus,-31.8,115.03
2357128,10205168,Hoplostethus latus,-31.833,115.017
2357128,10205168,Hoplostethus latus,-31.833,115.017
2357128,10205168,Hoplostethus latus,-31.833,115.017
2357128,2357128,Hoplostethus latus,-31.8,115.03
2357128,2357128,Hoplostethus latus,-29.979333,114.4775
2357128,2357128,Hoplostethus latus,-29.979333,114.4775
2357128,2357128,Hoplostethus latus,-35.381667,117.207
2357128,10205168,Hoplostethus latus,-35.38167,117.207
2357128,2357128,Hoplostethus latus,-35.381667,117.207
2357128,2357128,Hoplostethus latus,-27.935167,113.081
2357128,2357128,Hoplostethus latus,-25.927667,112.243
2357128,2357128,Hoplostethus latus,-31.0125,114.825
2357128,2357128,Hoplostethus latus,-27.935167,113.081
2357128,10205168,Hoplostethus latus,-29.87383,114.398
2357128,10205168,Hoplostethus latus,-25.93817,112.246
2357128,10205168,Hoplostethus latus,-27.14667,112.762
2357128,10205168,Hoplostethus latus,-25.93817,112.246
2357128,10205168,Hoplostethus latus,-31.00467,114.823
2357128,10205168,Hoplostethus latus,-27.94417,113.088
2357128,10205168,Hoplostethus latus,-29.87383,114.398
2357128,10205168,Hoplostethus latus,-27.94417,113.088
2357128,10205168,Hoplostethus latus,-31.00467,114.823
2357128,2357128,Hoplostethus latus,-27.935167,113.081
2357128,2357128,Hoplostethus latus,-25.927667,112.243
2357128,2357128,Hoplostethus latus,-27.935167,113.081
2357128,2357128,Hoplostethus latus,-31.0125,114.825
2357128,2357128,Hoplostethus latus,-29.867667,114.387
2357128,2357128,Hoplostethus latus,-27.1335,112.751
2357128,2357128,Hoplostethus latus,-29.867667,114.387
2357128,2357128,Hoplostethus latus,-27.1335,112.751
2357128,2357128,Hoplostethus latus,-24.881667,112.13
2357128,2357128,Hoplostethus latus,-26.673333,112.545
2357128,2357128,Hoplostethus latus,-26.673333,112.545
2357128,2357128,Hoplostethus latus,-24.870832,112.121666
2357128,2357128,Hoplostethus latus,-26.694166,112.55167
2357128,2357128,Hoplostethus latus,-26.694166,112.55167
2357128,2357128,Hoplostethus latus,-26.694166,112.55167
2357128,2357128,Hoplostethus latus,-26.694166,112.55167
2357128,2357128,Hoplostethus latus,-26.703333,112.64083
2357128,2357128,Hoplostethus latus,-24.87083,112.1225
2357128,2357128,Hoplostethus latus,-26.69416,112.55167
2357128,2357128,Hoplostethus latus,-26.76916,112.60417
2357128,2357128,Hoplostethus latus,-24.881667,112.13
2357128,2357128,Hoplostethus latus,-26.673333,112.545
2357128,2357128,Hoplostethus latus,-26.673333,112.545
2357128,2357128,Hoplostethus latus,-30.001667,114.463333
2357128,2357128,Hoplostethus latus,-29.97,114.45
2357128,2357128,Hoplostethus latus,-29.97,114.45
2357128,2357128,Hoplostethus latus,-29.97,114.45
2357128,2357128,Hoplostethus latus,-29.97,114.45
2357128,2357128,Hoplostethus latus,-29.97,114.45
2357128,2357128,Hoplostethus latus,-29.3417,113.972
2357128,2357128,Hoplostethus latus,-30.0017,114.463
2357128,10205168,Hoplostethus latus,-29.97,114.45
2357128,10205168,Hoplostethus latus,-29.97,114.45
2357128,10205168,Hoplostethus latus,-29.97,114.45
2357128,10205168,Hoplostethus latus,-29.97,114.45
2357128,10205168,Hoplostethus latus,-29.97,114.45
2357128,2357128,Hoplostethus latus,-29.97,114.45
2357128,2357128,Hoplostethus latus,-29.97,114.45
2357128,2357128,Hoplostethus latus,-29.97,114.45
2357128,2357128,Hoplostethus latus,-29.97,114.45
2357128,2357128,Hoplostethus latus,-29.97,114.45
2357128,2357128,Hoplostethus latus,-31.89417,115.08584
2357128,2357128,Hoplostethus latus,-31.73083,114.98667
2357128,2357128,Hoplostethus latus,-29.32583,113.95917
2357128,2357128,Hoplostethus latus,-33.30833,114.51167
2357128,2357128,Hoplostethus latus,-32.02416,115.155
2357128,2357128,Hoplostethus latus,-31.26583,114.87417
2357128,2357128,Hoplostethus latus,-29.98833,114.44667
2357128,2357128,Hoplostethus latus,-30.001667,114.463333
2357128,2357128,Hoplostethus latus,-28.5,113.453333
2357128,2357128,Hoplostethus latus,-32.991667,114.556667
2357128,2357128,Hoplostethus latus,-28.5,113.453333
2357128,2357128,Hoplostethus latus,-32.991667,114.556667
2357128,2357128,Hoplostethus latus,-33.333333,114.5
2357128,2357128,Hoplostethus latus,-29.716667,114.3
2357128,2357128,Hoplostethus latus,-33.333333,114.5
2357128,2357128,Hoplostethus latus,-29.716667,114.3
2357128,2357128,Hoplostethus latus,-37.19166,138.38334
2357128,2357128,Hoplostethus latus,-37.24166,138.625
2357128,2357128,Hoplostethus latus,-37.25,138.8
2357128,2357128,Hoplostethus latus,-34.5767,121.547
2357128,2357128,Hoplostethus latus,-34.685,122.45
2357128,2357128,Hoplostethus latus,-33.133,152.417
2357128,2357128,Hoplostethus latus,-32.23555,128.61667
2357128,2357128,Hoplostethus latus,-35.07652,134.72542
2357128,2357128,Hoplostethus latus,-33.99208,132.86833
2357128,2357128,Hoplostethus latus,-33.69264,125.66681
2357128,2357128,Hoplostethus latus,-34.01069,133.73431
2357128,2357128,Hoplostethus latus,-35.39291,135.13486
2357128,2357128,Hoplostethus latus,-33.80055,124.8507
2357128,2357128,Hoplostethus latus,-33.83333,131.25
2357128,2357128,Hoplostethus latus,-33.80833,131.05
2357128,2357128,Hoplostethus latus,-33.48402,126.91667
2357128,2357128,Hoplostethus latus,-33.56666,131.74167
2357128,2357128,Hoplostethus latus,-15.40833,120.65875
2357128,2357128,Hoplostethus latus,-33.52,128.95
2357128,2357128,Hoplostethus latus,-33.52,128.95
2357128,2357128,Hoplostethus latus,-33.52,128.95
2357128,2357128,Hoplostethus latus,-33.333332,126
2357128,2357128,Hoplostethus latus,-33.483334,126
2357128,2357128,Hoplostethus latus,-33.483334,126
2357128,2357128,Hoplostethus latus,-33.483334,126
2357128,2357128,Hoplostethus latus,-33.33,126
2357128,2357128,Hoplostethus latus,-34.725,135.336
2357128,2357128,Hoplostethus latus,-31.68333,126.5
2357128,2357128,Hoplostethus latus,-26,112.366667
2357128,2357128,Hoplostethus latus,-33.33333,126
2357128,2357128,Hoplostethus latus,-33.2,126.763885
2357128,2357128,Hoplostethus latus,-33.2,126.763885
