requested_taxonKey,record_taxonKey,species_name,decimalLatitude,decimalLongitude
2357106,2357106,Aulotrachichthys novaezelandicus,-29.808332,153.51917
2357106,2357106,Aulotrachichthys novaezelandicus,-29.808332,153.51917
2357106,2357106,Aulotrachichthys novaezelandicus,-28.501112,153.85083
2357106,2357106,Aulotrachichthys novaezelandicus,-30.819723,153.1939
2357106,2357106,Aulotrachichthys novaezelandicus,-30.819723,153.1939
2357106,2357106,Aulotrachichthys novaezelandicus,-28.501112,153.85083
2357106,2357106,Aulotrachichthys novaezelandicus,-27.6,153.6
2357106,2357106,Aulotrachichthys novaezelandicus,-28.866667,153.83833
2357106,2357106,Aulotrachichthys novaezelandicus,-28.866667,153.83833
2357106,10326704,Aulotrachichthys novaezelandicus,-28.79833,153.845
2357106,10326704,Aulotrachichthys novaezelandicus,-28.79833,153.845
2357106,10326704,Aulotrachichthys novaezelandicus,-28.79833,153.845
2357106,2357106,Aulotrachichthys novaezelandicus,-29.45,153.6
2357106,2357106,Aulotrachichthys novaezelandicus,-33.083,151.917
2357106,2357106,Aulotrachichthys novaezelandicus,-32.983,152.217
2357106,2357106,Aulotrachichthys novaezelandicus,-32.917,152.283
2357106,2357106,Aulotrachichthys novaezelandicus,-33.017,152.217
2357106,2357106,Aulotrachichthys novaezelandicus,-34.524723,151.22028
2357106,2357106,Aulotrachichthys novaezelandicus,-32.983,152.2
2357106,2357106,Aulotrachichthys novaezelandicus,-34.283,151.217
2357106,2357106,Aulotrachichthys novaezelandicus,-32.983,152.25
2357106,2357106,Aulotrachichthys novaezelandicus,-34.717,151.1
2357106,2357106,Aulotrachichthys novaezelandicus,-33.083,151.933
2357106,2357106,Aulotrachichthys novaezelandicus,-32.967,152.233
2357106,2357106,Aulotrachichthys novaezelandicus,-32.917,152.3
2357106,2357106,Aulotrachichthys novaezelandicus,-34.333,151.2
2357106,2357106,Aulotrachichthys novaezelandicus,-32.983,152.233
2357106,2357106,Aulotrachichthys novaezelandicus,-32.917,152.3
2357106,2357106,Aulotrachichthys novaezelandicus,-32.933,152.3
2357106,2357106,Aulotrachichthys novaezelandicus,-32.9,152.3
2357106,2357106,Aulotrachichthys novaezelandicus,-33.1,151.917
2357106,2357106,Aulotrachichthys novaezelandicus,-32.967,152.233
2357106,2357106,Aulotrachichthys novaezelandicus,-32.983,152.25
2357106,2357106,Aulotrachichthys novaezelandicus,-32.933,152.3
2357106,2357106,Aulotrachichthys novaezelandicus,-32.95,152.3
2357106,2357106,Aulotrachichthys novaezelandicus,-32.933,152.283
2357106,2357106,Aulotrachichthys novaezelandicus,-33.017,151.983
2357106,2357106,Aulotrachichthys novaezelandicus,-30.35,153.4
2357106,2357106,Aulotrachichthys novaezelandicus,-32.3,152.783
2357106,2357106,Aulotrachichthys novaezelandicus,-30.55,153.317
2357106,2357106,Aulotrachichthys novaezelandicus,-28.45,153.833
2357106,2357106,Aulotrachichthys novaezelandicus,-31.917,152.85
2357106,2357106,Aulotrachichthys novaezelandicus,-31.917,152.85
2357106,2357106,Aulotrachichthys novaezelandicus,-31.917,152.85
2357106,2357106,Aulotrachichthys novaezelandicus,-31.917,152.85
2357106,2357106,Aulotrachichthys novaezelandicus,-31.917,152.85
2357106,2357106,Aulotrachichthys novaezelandicus,-31.917,152.85
2357106,2357106,Aulotrachichthys novaezelandicus,-31.917,152.85
2357106,2357106,Aulotrachichthys novaezelandicus,-33.567,151.883
2357106,2357106,Aulotrachichthys novaezelandicus,-33.6,151.867
2357106,2357106,Aulotrachichthys novaezelandicus,-33.667,151.8
2357106,2357106,Aulotrachichthys novaezelandicus,-33.55,151.9
2357106,2357106,Aulotrachichthys novaezelandicus,-33.617,151.85
2357106,2357106,Aulotrachichthys novaezelandicus,-33.5,151.933
2357106,2357106,Aulotrachichthys novaezelandicus,-33.583,151.867
2357106,2357106,Aulotrachichthys novaezelandicus,-33.633,151.833
2357106,2357106,Aulotrachichthys novaezelandicus,-33.533,151.917
2357106,2357106,Aulotrachichthys novaezelandicus,-33.65,151.817
2357106,2357106,Aulotrachichthys novaezelandicus,-33.55,151.9
2357106,2357106,Aulotrachichthys novaezelandicus,-33.55,151.883
2357106,2357106,Aulotrachichthys novaezelandicus,-33.017,152.233
2357106,2357106,Aulotrachichthys novaezelandicus,-33.017,152.133
2357106,2357106,Aulotrachichthys novaezelandicus,-32.983,152.183
2357106,2357106,Aulotrachichthys novaezelandicus,-33,152.217
2357106,2357106,Aulotrachichthys novaezelandicus,-32.95,152.167
2357106,2357106,Aulotrachichthys novaezelandicus,-33.017,152.217
2357106,2357106,Aulotrachichthys novaezelandicus,-32.983,152.183
2357106,2357106,Aulotrachichthys novaezelandicus,-33.033,152.217
2357106,2357106,Aulotrachichthys novaezelandicus,-33.05,152.25
2357106,2357106,Aulotrachichthys novaezelandicus,-28.383,153.833
2357106,2357106,Aulotrachichthys novaezelandicus,-29.05,153.817
2357106,2357106,Aulotrachichthys novaezelandicus,-30.483,153.35
2357106,2357106,Aulotrachichthys novaezelandicus,-31.917,152.85
2357106,2357106,Aulotrachichthys novaezelandicus,-29.417,153.583
2357106,2357106,Aulotrachichthys novaezelandicus,-31.917,152.85
2357106,2357106,Aulotrachichthys novaezelandicus,-31.917,152.85
2357106,2357106,Aulotrachichthys novaezelandicus,-33.583,151.683
2357106,2357106,Aulotrachichthys novaezelandicus,-34.867,150.983
2357106,2357106,Aulotrachichthys novaezelandicus,-33.458332,151.81667
2357106,2357106,Aulotrachichthys novaezelandicus,-33.483,151.767
2357106,2357106,Aulotrachichthys novaezelandicus,-33.45,151.817
2357106,2357106,Aulotrachichthys novaezelandicus,-33.467,151.817
2357106,2357106,Aulotrachichthys novaezelandicus,-33.383,151.833
2357106,2357106,Aulotrachichthys novaezelandicus,-33.517,151.783
2357106,2357106,Aulotrachichthys novaezelandicus,-33.583,151.7
2357106,2357106,Aulotrachichthys novaezelandicus,-34.35,151.167
2357106,2357106,Aulotrachichthys novaezelandicus,-34.267,151.167
2357106,2357106,Aulotrachichthys novaezelandicus,-34.167,151.233
2357106,2357106,Aulotrachichthys novaezelandicus,-33.717,151.767
2357106,2357106,Aulotrachichthys novaezelandicus,-33.8,151.55
2357106,2357106,Aulotrachichthys novaezelandicus,-35.217,150.95
2357106,2357106,Aulotrachichthys novaezelandicus,-33.567,151.883
2357106,2357106,Aulotrachichthys novaezelandicus,-27.966667,153.866667
2357106,2357106,Aulotrachichthys novaezelandicus,-33.567,151.717
2357106,2357106,Aulotrachichthys novaezelandicus,-30.408333,153.38333
2357106,2357106,Aulotrachichthys novaezelandicus,-30.408333,153.38333
2357106,2357106,Aulotrachichthys novaezelandicus,-30.433,153.367
2357106,2357106,Aulotrachichthys novaezelandicus,-30.367,153.4
2357106,2357106,Aulotrachichthys novaezelandicus,-33.817,151.55
2357106,2357106,Aulotrachichthys novaezelandicus,-34.067,151.35
2357106,2357106,Aulotrachichthys novaezelandicus,-28.29,153.83
2357106,2357106,Aulotrachichthys novaezelandicus,-29.883333,153.60834
2357106,2357106,Aulotrachichthys novaezelandicus,-28.6,153.84166
2357106,2357106,Aulotrachichthys novaezelandicus,-28.25,153.875
2357106,2357106,Aulotrachichthys novaezelandicus,-29.9,153.6
2357106,2357106,Aulotrachichthys novaezelandicus,-28.017,153.833
2357106,2357106,Aulotrachichthys novaezelandicus,-28.25,153.883
2357106,2357106,Aulotrachichthys novaezelandicus,-28.617,153.833
2357106,2357106,Aulotrachichthys novaezelandicus,-28.567,153.833
2357106,2357106,Aulotrachichthys novaezelandicus,-30.717,153.267
2357106,2357106,Aulotrachichthys novaezelandicus,-31.058332,153.21666
2357106,2357106,Aulotrachichthys novaezelandicus,-31.05,153.217
2357106,2357106,Aulotrachichthys novaezelandicus,-33.533333,152.575
2357106,2357106,Aulotrachichthys novaezelandicus,-33.533333,152.575
2357106,2357106,Aulotrachichthys novaezelandicus,-35.583332,150.5
