requested_taxonKey,record_taxonKey,species_name,decimalLatitude,decimalLongitude
2357022,2357022,Myripristis vittata,-10.463903,105.600459
2357022,2357022,Myripristis vittata,-10.465057,105.61114
2357022,2357022,Myripristis vittata,-10.446154,105.560985
2357022,2357022,Myripristis vittata,-10.435295,105.661215
2357022,2357022,Myripristis vittata,-10.463056,105.643757
2357022,2357022,Myripristis vittata,-17.313866,119.385411
2357022,2357022,Myripristis vittata,-17.070371,119.646604
2357022,2357022,Myripristis vittata,-10.463056,105.643757
2357022,2357022,Myripristis vittata,-17.328642,119.380808
2357022,2357022,Myripristis vittata,-10.437059,105.592601
2357022,2357022,Myripristis vittata,-17.0658,119.6494
2357022,2357022,Myripristis vittata,-17.0658,119.6494
2357022,2357022,Myripristis vittata,-17.16,119.63
2357022,2357022,Myripristis vittata,-17.32,119.36
2357022,2357022,Myripristis vittata,-12.086034,96.877734
2357022,2357022,Myripristis vittata,-10.4296,105.6681
2357022,2357022,Myripristis vittata,-10.4281,105.6658
2357022,2357022,Myripristis vittata,-10.4281,105.6658
2357022,2357022,Myripristis vittata,-10.4637,105.7084
2357022,2357022,Myripristis vittata,-10.4637,105.7084
2357022,2357022,Myripristis vittata,-10.4607,105.6282
2357022,2357022,Myripristis vittata,-10.4292,105.6689
2357022,2357022,Myripristis vittata,-12.6669,105.6669
2357022,2357022,Myripristis vittata,-12.4607,105.6282
2357022,2357022,Myripristis vittata,-10.446286,105.575523
2357022,2357022,Myripristis vittata,-10.446286,105.575523
2357022,2357022,Myripristis vittata,-12.083333,96.85
2357022,2357022,Myripristis vittata,-11.816667,96.816666
2357022,2357022,Myripristis vittata,-17.333,119.333
2357022,2357022,Myripristis vittata,-17.083,119.583
2357022,2357022,Myripristis vittata,-10.5,105.666664
2357022,2357022,Myripristis vittata,-10.48333,105.66667
2357022,2357022,Myripristis vittata,-10.48333,105.66667
2357022,2357022,Myripristis vittata,-10.48333,105.66667
2357022,2357022,Myripristis vittata,-17.26667,119.36667
2357022,2357022,Myripristis vittata,-10.43333,105.66667
2357022,2357022,Myripristis vittata,-10.45,105.55
2357022,2357022,Myripristis vittata,-12.08333,96.83333
2357022,2357022,Myripristis vittata,-11.83333,96.81667
2357022,2357022,Myripristis vittata,-12.11667,96.83333
