requested_taxonKey,record_taxonKey,species_name,decimalLatitude,decimalLongitude
2357010,2357010,Myripristis botche,-22.66875,113.56282
2357010,2357010,Myripristis botche,-22.66875,113.56282
2357010,2357010,Myripristis botche,-22.66875,113.56282
2357010,2357010,Myripristis botche,-21.70252,114.07748
2357010,2357010,Myripristis botche,-21.70252,114.07748
2357010,2357010,Myripristis botche,-22.66875,113.56282
2357010,2357010,Myripristis botche,-22.66875,113.56282
2357010,2357010,Myripristis botche,-22.66875,113.56282
2357010,2357010,Myripristis botche,-22.66875,113.56282
2357010,2357010,Myripristis botche,-22.66875,113.56282
2357010,2357010,Myripristis botche,-22.66875,113.56282
2357010,2357010,Myripristis botche,-22.66875,113.56282
2357010,2357010,Myripristis botche,-22.66875,113.56282
2357010,2357010,Myripristis botche,-22.66875,113.56282
2357010,2357010,Myripristis botche,-21.70252,114.07748
2357010,2357010,Myripristis botche,-21.70252,114.07748
2357010,2357010,Myripristis botche,-21.70252,114.07748
2357010,2357010,Myripristis botche,-21.70252,114.07748
2357010,2357010,Myripristis botche,-19.939667,116.661
2357010,2357010,Myripristis botche,-19.479167,117.580667
2357010,10087998,Myripristis botche,-19.49233,117.55683
2357010,10087998,Myripristis botche,-19.9585,116.641
2357010,10087998,Myripristis botche,-19.88767,117.2365
2357010,2357010,Myripristis botche,-19.479167,117.580667
2357010,2357010,Myripristis botche,-19.8745,117.260833
2357010,2357010,Myripristis botche,-19.479167,117.580667
2357010,2357010,Myripristis botche,-19.479167,117.580667
2357010,2357010,Myripristis botche,-19.939667,116.661
2357010,2357010,Myripristis botche,-19.8745,117.260833
2357010,2357010,Myripristis botche,-20.8865,115.19398
2357010,2357010,Myripristis botche,-20.8865,115.19398
2357010,2357010,Myripristis botche,-20.8865,115.19398
2357010,2357010,Myripristis botche,-20.8865,115.19398
2357010,2357010,Myripristis botche,-22.84784,113.72724
2357010,2357010,Myripristis botche,-20.8865,115.19398
2357010,2357010,Myripristis botche,-21.9086,113.9668
2357010,2357010,Myripristis botche,-19.95166,115.7625
2357010,2357010,Myripristis botche,-19.47,117.571667
2357010,2357010,Myripristis botche,-19.4775,117.58084
2357010,2357010,Myripristis botche,-19.47,117.571667
2357010,2357010,Myripristis botche,-19.217,118.6
2357010,2357010,Myripristis botche,-19.53833,117.22
2357010,2357010,Myripristis botche,-19.6125,116.63834
2357010,2357010,Myripristis botche,-18.9725,118.69167
2357010,2357010,Myripristis botche,-19.017,119.417
2357010,2357010,Myripristis botche,-19.145,118.055
2357010,2357010,Myripristis botche,-18.7925,118.6775
2357010,2357010,Myripristis botche,-20.05,115.8
2357010,2357010,Myripristis botche,-20.05,115.8
2357010,2357010,Myripristis botche,-19.425,117.19167
2357010,2357010,Myripristis botche,-19.37,117.4
2357010,2357010,Myripristis botche,-20.166667,115.25
2357010,2357010,Myripristis botche,-20.1667,115.25
2357010,2357010,Myripristis botche,-20.166667,115.25
2357010,2357010,Myripristis botche,-19.9,116.525
2357010,2357010,Myripristis botche,-19.90833,115.96667
2357010,2357010,Myripristis botche,-19.90833,115.96667
2357010,2357010,Myripristis botche,-19.9,115.95
2357010,2357010,Myripristis botche,-18.96667,119.03334
2357010,2357010,Myripristis botche,-17.71667,121.00833
2357010,2357010,Myripristis botche,-18.16667,121.28333
2357010,2357010,Myripristis botche,-18.71666,119.44167
2357010,2357010,Myripristis botche,-19.88333,116.61667
