requested_taxonKey,record_taxonKey,species_name,decimalLatitude,decimalLongitude
2357002,2357002,Myripristis berndti,-10.444715,105.653478
2357002,2357002,Myripristis berndti,-10.42879,105.668922
2357002,2357002,Myripristis berndti,-10.463056,105.643757
2357002,2357002,Myripristis berndti,-10.463056,105.643757
2357002,2357002,Myripristis berndti,-30.205483,153.26693
2357002,2357002,Myripristis berndti,-17.144949,119.659049
2357002,2357002,Myripristis berndti,-10.405995,105.62247
2357002,2357002,Myripristis berndti,-19.4723,116.8298
2357002,2357002,Myripristis berndti,-19.4792,117.5807
2357002,2357002,Myripristis berndti,-19.4792,117.5807
2357002,2357002,Myripristis berndti,-19.6235,116.5938
2357002,2357002,Myripristis berndti,-19.8607,117.286
2357002,2357002,Myripristis berndti,-19.8607,117.286
2357002,2357002,Myripristis berndti,-19.9268,116.6752
2357002,2357002,Myripristis berndti,-19.4792,117.5807
2357002,2357002,Myripristis berndti,-33.800433,151.295621
2357002,2357002,Myripristis berndti,-28.1636,153.5403
2357002,2357002,Myripristis berndti,-17.5699,118.9719
2357002,2357002,Myripristis berndti,-17.5699,118.9719
2357002,2357002,Myripristis berndti,-17.5699,118.9719
2357002,2357002,Myripristis berndti,-17.5582,118.9724
2357002,2357002,Myripristis berndti,-17.5582,118.9724
2357002,2357002,Myripristis berndti,-17.5582,118.9724
2357002,2357002,Myripristis berndti,-17.5582,118.9724
2357002,2357002,Myripristis berndti,-17.5071,118.9664
2357002,2357002,Myripristis berndti,-17.0764,119.6539
2357002,2357002,Myripristis berndti,-17.0764,119.6539
2357002,2357002,Myripristis berndti,-17.0764,119.6539
2357002,2357002,Myripristis berndti,-17.0658,119.6494
2357002,2357002,Myripristis berndti,-17.062,119.6482
2357002,2357002,Myripristis berndti,-17.062,119.6482
2357002,2357002,Myripristis berndti,-17.0666,119.6403
2357002,2357002,Myripristis berndti,-17.0721,119.6533
2357002,2357002,Myripristis berndti,-17.0721,119.6533
2357002,2357002,Myripristis berndti,-17.0818,119.6552
2357002,2357002,Myripristis berndti,-17.0818,119.6552
2357002,2357002,Myripristis berndti,-17.0277,119.6179
2357002,2357002,Myripristis berndti,-17.08,119.65
2357002,2357002,Myripristis berndti,-17.07,119.64
2357002,2357002,Myripristis berndti,-17.07,119.64
2357002,2357002,Myripristis berndti,-17.5,118.96
2357002,2357002,Myripristis berndti,-17.56,118.97
2357002,2357002,Myripristis berndti,-17.2461,119.3471
2357002,2357002,Myripristis berndti,-17.2461,119.3471
2357002,2357002,Myripristis berndti,-17.2461,119.352
2357002,2357002,Myripristis berndti,-17.2909,119.3593
2357002,2357002,Myripristis berndti,-17.288,119.3775
2357002,2357002,Myripristis berndti,-17.288,119.3775
2357002,2357002,Myripristis berndti,-17.288,119.3775
2357002,2357002,Myripristis berndti,-17.3552,119.3839
2357002,2357002,Myripristis berndti,-17.3552,119.3839
2357002,2357002,Myripristis berndti,-21.6368,114.3908
2357002,2357002,Myripristis berndti,-21.6368,114.3908
2357002,2357002,Myripristis berndti,-21.6508,114.3769
2357002,2357002,Myripristis berndti,-20.37,115.51
2357002,2357002,Myripristis berndti,-17.36,119.38
2357002,2357002,Myripristis berndti,-20.37,115.51
2357002,2357002,Myripristis berndti,-27.4142,153.5268
2357002,2357002,Myripristis berndti,-27.41422,153.52683
2357002,2357002,Myripristis berndti,-10.4296,105.6681
2357002,2357002,Myripristis berndti,-10.4296,105.6681
2357002,2357002,Myripristis berndti,-10.4266,105.6708
2357002,2357002,Myripristis berndti,-10.4266,105.6708
2357002,2357002,Myripristis berndti,-10.4281,105.6658
2357002,2357002,Myripristis berndti,-10.4281,105.6658
2357002,2357002,Myripristis berndti,-10.4197,105.6723
2357002,2357002,Myripristis berndti,-10.4197,105.6723
2357002,2357002,Myripristis berndti,-10.4614,105.5816
2357002,2357002,Myripristis berndti,-10.4614,105.5816
2357002,2357002,Myripristis berndti,-10.4562,105.6359
2357002,2357002,Myripristis berndti,-10.4562,105.6359
2357002,2357002,Myripristis berndti,-10.4685,105.5578
2357002,2357002,Myripristis berndti,-10.4685,105.5578
2357002,2357002,Myripristis berndti,-10.4637,105.7084
2357002,2357002,Myripristis berndti,-10.4637,105.7084
2357002,2357002,Myripristis berndti,-10.4296,105.6681
2357002,2357002,Myripristis berndti,-10.47,105.56
2357002,2357002,Myripristis berndti,-10.43,105.67
2357002,2357002,Myripristis berndti,-10.46,105.71
2357002,2357002,Myripristis berndti,-10.47,105.56
2357002,2357002,Myripristis berndti,-10.46,105.71
2357002,2357002,Myripristis berndti,-10.43,105.67
2357002,2357002,Myripristis berndti,-10.43,105.67
2357002,2357002,Myripristis berndti,-10.4237,105.6698
2357002,2357002,Myripristis berndti,-10.4237,105.6698
2357002,2357002,Myripristis berndti,-10.429,105.6698
2357002,2357002,Myripristis berndti,-10.463,105.7077
2357002,2357002,Myripristis berndti,-12.094258,96.884611
2357002,2357002,Myripristis berndti,-10.450337,105.602303
2357002,2357002,Myripristis berndti,-10.447525,105.690449
2357002,2357002,Myripristis berndti,-10.408357,105.693882
2357002,2357002,Myripristis berndti,-12.081862,96.85869
2357002,2357002,Myripristis berndti,-27.4,153.55
2357002,2357002,Myripristis berndti,-28.616667,153.633333
2357002,2357002,Myripristis berndti,-17.333,119.333
2357002,2357002,Myripristis berndti,-19.3675,116.32
2357002,2357002,Myripristis berndti,-17.533,118.983
2357002,2357002,Myripristis berndti,-17.333,119.333
2357002,2357002,Myripristis berndti,-33.816666,151.25
2357002,2357002,Myripristis berndti,-32.183334,152.5
2357002,2357002,Myripristis berndti,-20.38333,116.86667
2357002,2357002,Myripristis berndti,-20.28333,115.38333
2357002,2357002,Myripristis berndti,-17.5,119.5
2357002,2357002,Myripristis berndti,-21.66667,114.33333
2357002,2357002,Myripristis berndti,-17.3,119.31667
2357002,2357002,Myripristis berndti,-17.26667,119.36667
2357002,2357002,Myripristis berndti,-17.3,119.316667
2357002,2357002,Myripristis berndti,-12.08333,96.85
2357002,2357002,Myripristis berndti,-12.08333,96.88333
2357002,2357002,Myripristis berndti,-20.406667,115.56
2357002,2357002,Myripristis berndti,-20.6,116.583333
2357002,2357002,Myripristis berndti,-32.183333,152.5
2357002,2357002,Myripristis berndti,-33.816667,151.25
