requested_taxonKey,record_taxonKey,species_name,decimalLatitude,decimalLongitude
2357118,2357118,Hoplostethus mediterraneus,-39.062167,148.658
2357118,2357118,Hoplostethus mediterraneus,-39.062167,148.658
2357118,2357118,Hoplostethus mediterraneus,-39.062167,148.658
2357118,2357118,Hoplostethus mediterraneus,-39.062167,148.658
2357118,2357118,Hoplostethus mediterraneus,-39.108258,148.650899
2357118,2357118,Hoplostethus mediterraneus,-38.295526,149.033157
2357118,2357118,Hoplostethus mediterraneus,-39.108258,148.650899
2357118,2357118,Hoplostethus mediterraneus,-38.295526,149.033157
2357118,2357118,Hoplostethus mediterraneus,-38.300278,149.02167
2357118,2357118,Hoplostethus mediterraneus,-39.07028,148.66
2357118,2357118,Hoplostethus mediterraneus,-39.07028,148.66
2357118,2357118,Hoplostethus mediterraneus,-36.425835,150.35
2357118,2357118,Hoplostethus mediterraneus,-38.300278,149.02167
2357118,2357118,Hoplostethus mediterraneus,-22.99232,112.47763
2357118,2357118,Hoplostethus mediterraneus,-33.75,151.81667
2357118,2357118,Hoplostethus mediterraneus,-33.516666,151.31667
2357118,2357118,Hoplostethus mediterraneus,-35.381667,117.207
2357118,2357118,Hoplostethus mediterraneus,-35.381667,117.207
2357118,10478360,Hoplostethus mediterraneus,-35.38167,117.207
2357118,10478360,Hoplostethus mediterraneus,-35.38167,117.207
2357118,2357118,Hoplostethus mediterraneus,-35.381667,117.207
2357118,2357118,Hoplostethus mediterraneus,-35.381667,117.207
2357118,2357118,Hoplostethus mediterraneus,-41.33332,148.23333
2357118,10478360,Hoplostethus mediterraneus,-25.697338,134.02277
2357118,10478360,Hoplostethus mediterraneus,-25.697338,134.02277
2357118,2357118,Hoplostethus mediterraneus,-36.2,150.4
2357118,2357118,Hoplostethus mediterraneus,-36.433,150.35
2357118,2357118,Hoplostethus mediterraneus,-36.433,150.35
2357118,2357118,Hoplostethus mediterraneus,-36.433,150.35
2357118,2357118,Hoplostethus mediterraneus,-36.433,150.333
2357118,2357118,Hoplostethus mediterraneus,-36.65,150.333
2357118,2357118,Hoplostethus mediterraneus,-36.483,150.333
2357118,2357118,Hoplostethus mediterraneus,-36.667,150.333
2357118,2357118,Hoplostethus mediterraneus,-36.667,150.333
2357118,2357118,Hoplostethus mediterraneus,-36.667,150.35
2357118,2357118,Hoplostethus mediterraneus,-36.667,150.333
2357118,2357118,Hoplostethus mediterraneus,-36.417,150.35
2357118,2357118,Hoplostethus mediterraneus,-36.667,150.333
2357118,2357118,Hoplostethus mediterraneus,-36.417,150.35
2357118,2357118,Hoplostethus mediterraneus,-36.417,150.35
2357118,2357118,Hoplostethus mediterraneus,-36.2,150.383
2357118,2357118,Hoplostethus mediterraneus,-36.217,150.4
2357118,2357118,Hoplostethus mediterraneus,-36.2,150.4
2357118,2357118,Hoplostethus mediterraneus,-36.2,150.4
2357118,2357118,Hoplostethus mediterraneus,-36.417,150.333
2357118,2357118,Hoplostethus mediterraneus,-36.417,150.333
2357118,2357118,Hoplostethus mediterraneus,-36.417,150.333
2357118,2357118,Hoplostethus mediterraneus,-36.417,150.333
2357118,2357118,Hoplostethus mediterraneus,-38.2495,149.735167
2357118,2357118,Hoplostethus mediterraneus,-36.5,150.35
2357118,2357118,Hoplostethus mediterraneus,-36.517,150.35
2357118,2357118,Hoplostethus mediterraneus,-36.417,150.35
2357118,2357118,Hoplostethus mediterraneus,-36.467,150.35
2357118,2357118,Hoplostethus mediterraneus,-38.2495,149.735167
2357118,2357118,Hoplostethus mediterraneus,-36.45,150.35
2357118,2357118,Hoplostethus mediterraneus,-36.433,150.35
2357118,2357118,Hoplostethus mediterraneus,-36.417,150.35
2357118,2357118,Hoplostethus mediterraneus,-36.683334,150.35
2357118,2357118,Hoplostethus mediterraneus,-36.683,150.35
2357118,2357118,Hoplostethus mediterraneus,-36.7,150.35
2357118,2357118,Hoplostethus mediterraneus,-36.417,150.35
2357118,2357118,Hoplostethus mediterraneus,-36.217,150.4
2357118,2357118,Hoplostethus mediterraneus,-36.5,150.35
2357118,2357118,Hoplostethus mediterraneus,-36.417,150.35
2357118,2357118,Hoplostethus mediterraneus,-36.2,150.4
2357118,2357118,Hoplostethus mediterraneus,-36.217,150.4
2357118,2357118,Hoplostethus mediterraneus,-36.233,150.383
2357118,2357118,Hoplostethus mediterraneus,-36.167,150.417
2357118,2357118,Hoplostethus mediterraneus,-36.233,150.4
2357118,2357118,Hoplostethus mediterraneus,-36.183,150.417
2357118,2357118,Hoplostethus mediterraneus,-36.2,150.4
2357118,2357118,Hoplostethus mediterraneus,-36.433,150.333
2357118,2357118,Hoplostethus mediterraneus,-36.25,150.367
2357118,2357118,Hoplostethus mediterraneus,-36.433,150.333
2357118,2357118,Hoplostethus mediterraneus,-36.217,150.4
2357118,2357118,Hoplostethus mediterraneus,-36.433,150.333
2357118,2357118,Hoplostethus mediterraneus,-36.433,150.333
2357118,2357118,Hoplostethus mediterraneus,-36.217,150.383
2357118,2357118,Hoplostethus mediterraneus,-36.417,150.333
2357118,2357118,Hoplostethus mediterraneus,-36.467,150.35
2357118,2357118,Hoplostethus mediterraneus,-36.433,150.333
2357118,2357118,Hoplostethus mediterraneus,-36.433,150.333
2357118,2357118,Hoplostethus mediterraneus,-36.433,150.35
2357118,2357118,Hoplostethus mediterraneus,-37.667,150.267
2357118,2357118,Hoplostethus mediterraneus,-37.7,150.283
2357118,2357118,Hoplostethus mediterraneus,-37.717,150.233
2357118,2357118,Hoplostethus mediterraneus,-37.667,150.283
2357118,2357118,Hoplostethus mediterraneus,-37.683,150.283
2357118,2357118,Hoplostethus mediterraneus,-37.667,150.267
2357118,2357118,Hoplostethus mediterraneus,-37.683,150.283
2357118,2357118,Hoplostethus mediterraneus,-35.617,150.7
2357118,2357118,Hoplostethus mediterraneus,-35.583,150.733
2357118,2357118,Hoplostethus mediterraneus,-35.583,150.733
2357118,2357118,Hoplostethus mediterraneus,-33.733,151.883
2357118,2357118,Hoplostethus mediterraneus,-33.683,151.917
2357118,2357118,Hoplostethus mediterraneus,-33.767,151.867
2357118,2357118,Hoplostethus mediterraneus,-33.667,151.95
2357118,2357118,Hoplostethus mediterraneus,-33.783,151.967
2357118,2357118,Hoplostethus mediterraneus,-33.633,151.95
2357118,2357118,Hoplostethus mediterraneus,-33.55,152.05
2357118,2357118,Hoplostethus mediterraneus,-33.567,152.017
2357118,2357118,Hoplostethus mediterraneus,-33.517,152.05
2357118,2357118,Hoplostethus mediterraneus,-37.683,150.267
2357118,2357118,Hoplostethus mediterraneus,-37.667,150.283
2357118,2357118,Hoplostethus mediterraneus,-37.683,150.25
2357118,2357118,Hoplostethus mediterraneus,-37.683,150.267
2357118,2357118,Hoplostethus mediterraneus,-37.667,150.267
2357118,2357118,Hoplostethus mediterraneus,-37.633,150.283
2357118,2357118,Hoplostethus mediterraneus,-35.517,150.783
2357118,2357118,Hoplostethus mediterraneus,-35.517,150.783
2357118,2357118,Hoplostethus mediterraneus,-35.517,150.783
2357118,2357118,Hoplostethus mediterraneus,-35.583,150.733
2357118,2357118,Hoplostethus mediterraneus,-35.55,150.767
2357118,2357118,Hoplostethus mediterraneus,-35.7,150.65
2357118,2357118,Hoplostethus mediterraneus,-33.633,151.95
2357118,2357118,Hoplostethus mediterraneus,-33.65,151.967
2357118,2357118,Hoplostethus mediterraneus,-33.717,151.9
2357118,2357118,Hoplostethus mediterraneus,-33.483,152.1
2357118,2357118,Hoplostethus mediterraneus,-33.483,152.1
2357118,2357118,Hoplostethus mediterraneus,-33.567,152.033
2357118,2357118,Hoplostethus mediterraneus,-33.55,152.033
2357118,2357118,Hoplostethus mediterraneus,-33.533,152.033
2357118,2357118,Hoplostethus mediterraneus,-37.733,150.233
2357118,2357118,Hoplostethus mediterraneus,-37.65,150.283
2357118,2357118,Hoplostethus mediterraneus,-37.667,150.283
2357118,2357118,Hoplostethus mediterraneus,-37.667,150.267
2357118,2357118,Hoplostethus mediterraneus,-37.65,150.283
2357118,2357118,Hoplostethus mediterraneus,-37.65,150.3
2357118,2357118,Hoplostethus mediterraneus,-35.5,150.8
2357118,2357118,Hoplostethus mediterraneus,-35.55,150.75
2357118,2357118,Hoplostethus mediterraneus,-35.6,150.733
2357118,2357118,Hoplostethus mediterraneus,-35.6,150.7
2357118,2357118,Hoplostethus mediterraneus,-35.617,150.733
2357118,2357118,Hoplostethus mediterraneus,-35.583,150.667
2357118,2357118,Hoplostethus mediterraneus,-35.583,150.667
2357118,2357118,Hoplostethus mediterraneus,-35.583,150.75
2357118,2357118,Hoplostethus mediterraneus,-35.583,150.75
2357118,2357118,Hoplostethus mediterraneus,-35.583,150.75
2357118,2357118,Hoplostethus mediterraneus,-35.583,150.75
2357118,2357118,Hoplostethus mediterraneus,-41.916667,144.55
2357118,2357118,Hoplostethus mediterraneus,-41.92,144.55
2357118,2357118,Hoplostethus mediterraneus,-41.92,144.55
2357118,2357118,Hoplostethus mediterraneus,-41.92,144.55
2357118,10478360,Hoplostethus mediterraneus,-41.92,144.55
2357118,10478360,Hoplostethus mediterraneus,-41.92,144.55
2357118,10478360,Hoplostethus mediterraneus,-41.92,144.55
2357118,2357118,Hoplostethus mediterraneus,-41.92,144.55
2357118,2357118,Hoplostethus mediterraneus,-41.92,144.55
2357118,2357118,Hoplostethus mediterraneus,-41.92,144.55
2357118,2357118,Hoplostethus mediterraneus,-41.916667,144.55
2357118,2357118,Hoplostethus mediterraneus,-38.3845,148.731
2357118,2357118,Hoplostethus mediterraneus,-36.421667,150.356667
2357118,2357118,Hoplostethus mediterraneus,-36.421667,150.356667
2357118,2357118,Hoplostethus mediterraneus,-36.42667,150.33808
2357118,2357118,Hoplostethus mediterraneus,-36.4405,150.33167
2357118,2357118,Hoplostethus mediterraneus,-36.43917,150.3575
2357118,2357118,Hoplostethus mediterraneus,-36.421667,150.356667
2357118,2357118,Hoplostethus mediterraneus,-36.421667,150.356667
2357118,2357118,Hoplostethus mediterraneus,-35.5,150.767
2357118,2357118,Hoplostethus mediterraneus,-37.433,150.317
2357118,2357118,Hoplostethus mediterraneus,-32.883,152.717
2357118,2357118,Hoplostethus mediterraneus,-32.933,152.767
2357118,2357118,Hoplostethus mediterraneus,-35.067,151.117
2357118,2357118,Hoplostethus mediterraneus,-33.2,152.4
2357118,2357118,Hoplostethus mediterraneus,-33.183,152.45
2357118,2357118,Hoplostethus mediterraneus,-35.7,150.717
2357118,2357118,Hoplostethus mediterraneus,-35.633,150.717
2357118,2357118,Hoplostethus mediterraneus,-35.6,150.75
2357118,2357118,Hoplostethus mediterraneus,-35.45,150.867
2357118,2357118,Hoplostethus mediterraneus,-33.7,151.983
2357118,2357118,Hoplostethus mediterraneus,-33.05,152.6
2357118,2357118,Hoplostethus mediterraneus,-32.983,152.667
2357118,2357118,Hoplostethus mediterraneus,-33.5,152.117
2357118,2357118,Hoplostethus mediterraneus,-35.433,150.85
2357118,2357118,Hoplostethus mediterraneus,-32.717,152.817
2357118,2357118,Hoplostethus mediterraneus,-34.767,151.233
2357118,2357118,Hoplostethus mediterraneus,-33.65,151.983
2357118,2357118,Hoplostethus mediterraneus,-34.93,133.33
2357118,2357118,Hoplostethus mediterraneus,-35.03,133.57
2357118,2357118,Hoplostethus mediterraneus,-35.03,133.57
2357118,2357118,Hoplostethus mediterraneus,-35.73,136.2
2357118,2357118,Hoplostethus mediterraneus,-35.033333,115.033333
2357118,2357118,Hoplostethus mediterraneus,-35.033333,115.033333
2357118,2357118,Hoplostethus mediterraneus,-33.067,152.567
2357118,2357118,Hoplostethus mediterraneus,-33,152.633
2357118,2357118,Hoplostethus mediterraneus,-33.983,126.008
2357118,2357118,Hoplostethus mediterraneus,-34.75,119.54
2357118,2357118,Hoplostethus mediterraneus,-33.75,151.883
2357118,2357118,Hoplostethus mediterraneus,-34.65,151.3
2357118,2357118,Hoplostethus mediterraneus,-34.6,151.333
2357118,2357118,Hoplostethus mediterraneus,-34.3,151.5
2357118,2357118,Hoplostethus mediterraneus,-33.417,152.133
2357118,2357118,Hoplostethus mediterraneus,-34.046944,151.65
2357118,2357118,Hoplostethus mediterraneus,-34.25,151.5
2357118,2357118,Hoplostethus mediterraneus,-34.25,151.483
2357118,2357118,Hoplostethus mediterraneus,-34.667,151.283
2357118,2357118,Hoplostethus mediterraneus,-33.867,151.85
2357118,2357118,Hoplostethus mediterraneus,-34.883,151.2
2357118,2357118,Hoplostethus mediterraneus,-34.3,151.45
2357118,2357118,Hoplostethus mediterraneus,-33.5,152.083
2357118,2357118,Hoplostethus mediterraneus,-34.767,151.217
2357118,2357118,Hoplostethus mediterraneus,-34.317,151.417
2357118,2357118,Hoplostethus mediterraneus,-34.8225,151.391
2357118,2357118,Hoplostethus mediterraneus,-34.933,151.167
2357118,2357118,Hoplostethus mediterraneus,-34.6,151.267
2357118,2357118,Hoplostethus mediterraneus,-35.65,150.683
2357118,2357118,Hoplostethus mediterraneus,-40.46,143.393
2357118,2357118,Hoplostethus mediterraneus,-38.2483,149.693
2357118,2357118,Hoplostethus mediterraneus,-38.1033,150.068
2357118,2357118,Hoplostethus mediterraneus,-38.2483,149.693
2357118,2357118,Hoplostethus mediterraneus,-34.8,151.2
2357118,2357118,Hoplostethus mediterraneus,-33.733,151.867
2357118,2357118,Hoplostethus mediterraneus,-33.483,152.05
2357118,2357118,Hoplostethus mediterraneus,-33.6,151.95
2357118,2357118,Hoplostethus mediterraneus,-33.733,151.883
2357118,2357118,Hoplostethus mediterraneus,-33.583,152.05
2357118,2357118,Hoplostethus mediterraneus,-34.6,151.3
2357118,2357118,Hoplostethus mediterraneus,-35.633,150.733
2357118,2357118,Hoplostethus mediterraneus,-34.583,151.283
2357118,2357118,Hoplostethus mediterraneus,-33.733,151.917
2357118,2357118,Hoplostethus mediterraneus,-33.583,152.033
2357118,2357118,Hoplostethus mediterraneus,-33.55,152.1
2357118,2357118,Hoplostethus mediterraneus,-37.65,150.333
2357118,2357118,Hoplostethus mediterraneus,-38.19166,149.79167
2357118,2357118,Hoplostethus mediterraneus,-39.025,148.60834
2357118,2357118,Hoplostethus mediterraneus,-39.05833,148.675
2357118,2357118,Hoplostethus mediterraneus,-37.71666,150.225
2357118,2357118,Hoplostethus mediterraneus,-38.26666,149.26667
2357118,2357118,Hoplostethus mediterraneus,-38.20833,149.775
2357118,2357118,Hoplostethus mediterraneus,-37.73333,150.25834
2357118,2357118,Hoplostethus mediterraneus,-36.633,150.35
2357118,2357118,Hoplostethus mediterraneus,-36.483,150.333
2357118,2357118,Hoplostethus mediterraneus,-35.65,150.7
2357118,2357118,Hoplostethus mediterraneus,-41.71666,144.44167
2357118,2357118,Hoplostethus mediterraneus,-40.54166,143.44167
2357118,2357118,Hoplostethus mediterraneus,-33.8,151.783
2357118,2357118,Hoplostethus mediterraneus,-33.583,152.017
2357118,2357118,Hoplostethus mediterraneus,-34.283,151.433
2357118,2357118,Hoplostethus mediterraneus,-33.783,151.8
2357118,2357118,Hoplostethus mediterraneus,-33.733,151.817
2357118,2357118,Hoplostethus mediterraneus,-33.6,151.983
2357118,2357118,Hoplostethus mediterraneus,-33.683,151.95
2357118,2357118,Hoplostethus mediterraneus,-33.567,152.05
2357118,2357118,Hoplostethus mediterraneus,-37.25,150.33333
2357118,2357118,Hoplostethus mediterraneus,-35.95,150.50834
2357118,2357118,Hoplostethus mediterraneus,-39.02,148.67
2357118,2357118,Hoplostethus mediterraneus,-39.02,148.67
2357118,2357118,Hoplostethus mediterraneus,-39.27,148.735
2357118,2357118,Hoplostethus mediterraneus,-39.355,148.775
2357118,2357118,Hoplostethus mediterraneus,-39.02,148.67
2357118,2357118,Hoplostethus mediterraneus,-39.05,148.65
2357118,2357118,Hoplostethus mediterraneus,-34.25,151.5
2357118,2357118,Hoplostethus mediterraneus,-34.617,151.317
2357118,2357118,Hoplostethus mediterraneus,-34.667,151.25
2357118,2357118,Hoplostethus mediterraneus,-34.8,151.217
2357118,2357118,Hoplostethus mediterraneus,-39.03333,148.63334
2357118,2357118,Hoplostethus mediterraneus,-37.63333,150.25
2357118,2357118,Hoplostethus mediterraneus,-38.26666,149.275
2357118,2357118,Hoplostethus mediterraneus,-39.29167,148.75
2357118,2357118,Hoplostethus mediterraneus,-38,150.075
2357118,2357118,Hoplostethus mediterraneus,-37.64167,150.3
2357118,2357118,Hoplostethus mediterraneus,-39.325,148.75
2357118,2357118,Hoplostethus mediterraneus,-38.18333,149.925
2357118,2357118,Hoplostethus mediterraneus,-38.175,149.83334
2357118,2357118,Hoplostethus mediterraneus,-39.15,148.675
2357118,2357118,Hoplostethus mediterraneus,-38.125,150
2357118,2357118,Hoplostethus mediterraneus,-39.04167,148.66667
2357118,2357118,Hoplostethus mediterraneus,-39.05833,148.675
2357118,2357118,Hoplostethus mediterraneus,-39.05,148.625
2357118,2357118,Hoplostethus mediterraneus,-38.175,149.84167
2357118,2357118,Hoplostethus mediterraneus,-38.16666,149.95833
2357118,2357118,Hoplostethus mediterraneus,-39.325,148.75833
2357118,2357118,Hoplostethus mediterraneus,-37.66666,150.275
2357118,2357118,Hoplostethus mediterraneus,-39.175,148.68333
2357118,2357118,Hoplostethus mediterraneus,-37.725,150.23334
2357118,2357118,Hoplostethus mediterraneus,-39.29166,148.75
2357118,2357118,Hoplostethus mediterraneus,-34.817,151.183
2357118,2357118,Hoplostethus mediterraneus,-34.733,151.217
2357118,2357118,Hoplostethus mediterraneus,-34.317,151.433
2357118,2357118,Hoplostethus mediterraneus,-33.767,151.85
2357118,2357118,Hoplostethus mediterraneus,-42.12,144.7
2357118,2357118,Hoplostethus mediterraneus,-33.683,151.9
2357118,2357118,Hoplostethus mediterraneus,-38.5467,148.448
2357118,2357118,Hoplostethus mediterraneus,-34.283,151.45
2357118,2357118,Hoplostethus mediterraneus,-37.633333,150.233333
2357118,2357118,Hoplostethus mediterraneus,-37.633333,150.233333
2357118,2357118,Hoplostethus mediterraneus,-37.633333,150.233333
2357118,2357118,Hoplostethus mediterraneus,-37.633333,150.233333
2357118,2357118,Hoplostethus mediterraneus,-37.633333,150.233333
2357118,2357118,Hoplostethus mediterraneus,-37.633333,150.233333
2357118,2357118,Hoplostethus mediterraneus,-37.633333,150.233333
2357118,2357118,Hoplostethus mediterraneus,-37.633333,150.233333
2357118,2357118,Hoplostethus mediterraneus,-34.65,151.25
2357118,2357118,Hoplostethus mediterraneus,-38.067,150.083
2357118,2357118,Hoplostethus mediterraneus,-38.05,150.15
2357118,2357118,Hoplostethus mediterraneus,-33.733,151.867
2357118,2357118,Hoplostethus mediterraneus,-38.033,150.067
2357118,2357118,Hoplostethus mediterraneus,-33.7,151.917
2357118,2357118,Hoplostethus mediterraneus,-33.767,151.833
2357118,2357118,Hoplostethus mediterraneus,-36.433,150.333
2357118,2357118,Hoplostethus mediterraneus,-37.983,150.067
2357118,2357118,Hoplostethus mediterraneus,-38.167,149.95
2357118,2357118,Hoplostethus mediterraneus,-38.083,150.017
2357118,2357118,Hoplostethus mediterraneus,-35.583,150.717
2357118,2357118,Hoplostethus mediterraneus,-35.55,150.75
2357118,2357118,Hoplostethus mediterraneus,-37.183,150.367
2357118,2357118,Hoplostethus mediterraneus,-37.683,150.267
2357118,2357118,Hoplostethus mediterraneus,-36.417,150.417
2357118,2357118,Hoplostethus mediterraneus,-38.1,150.017
2357118,2357118,Hoplostethus mediterraneus,-37.7,150.233
2357118,2357118,Hoplostethus mediterraneus,-37.7,150.233
2357118,2357118,Hoplostethus mediterraneus,-38.133,149.933
2357118,2357118,Hoplostethus mediterraneus,-38.083,149.983
2357118,2357118,Hoplostethus mediterraneus,-38.15,149.967
2357118,2357118,Hoplostethus mediterraneus,-38.2,149.85
2357118,2357118,Hoplostethus mediterraneus,-37.733,150.233
2357118,2357118,Hoplostethus mediterraneus,-32.967,152.617
2357118,2357118,Hoplostethus mediterraneus,-34.65,151.25
2357118,2357118,Hoplostethus mediterraneus,-33,151
2357118,2357131,Hoplostethus mediterraneus,-33.77,151.82
2357118,2357118,Hoplostethus mediterraneus,-33.75,151.825
2357118,2357118,Hoplostethus mediterraneus,-33.73333,151.83333
2357118,2357118,Hoplostethus mediterraneus,-33.77,151.82
2357118,2357118,Hoplostethus mediterraneus,-34.667,151.25
2357118,2357118,Hoplostethus mediterraneus,-33.767,151.817
2357118,2357118,Hoplostethus mediterraneus,-34.517,151.3
2357118,2357118,Hoplostethus mediterraneus,-35.55,150.75
2357118,2357118,Hoplostethus mediterraneus,-34.367,151.383
2357118,2357118,Hoplostethus mediterraneus,-38.217,149.767
2357118,2357118,Hoplostethus mediterraneus,-38.133,149.967
2357118,2357118,Hoplostethus mediterraneus,-38.133,149.983
2357118,2357118,Hoplostethus mediterraneus,-35.517,150.783
2357118,2357118,Hoplostethus mediterraneus,-37.75,150.217
2357118,2357118,Hoplostethus mediterraneus,-35.533,150.767
2357118,2357118,Hoplostethus mediterraneus,-39.27,148.75
2357118,2357118,Hoplostethus mediterraneus,-33.483,152.033
2357118,2357118,Hoplostethus mediterraneus,-34.833,151.2
2357118,2357118,Hoplostethus mediterraneus,-32.967,152.583
2357118,2357118,Hoplostethus mediterraneus,-33,152.55
2357118,2357118,Hoplostethus mediterraneus,-33.133,152.417
2357118,2357118,Hoplostethus mediterraneus,-34.317,151.45
2357118,2357118,Hoplostethus mediterraneus,-34.917,151.167
2357118,2357118,Hoplostethus mediterraneus,-33.11,152.44
2357118,2357118,Hoplostethus mediterraneus,-33.108334,152.44167
2357118,2357118,Hoplostethus mediterraneus,-34.967,151.133
2357118,2357118,Hoplostethus mediterraneus,-33.433,152.1
2357118,2357118,Hoplostethus mediterraneus,-41.07,143.9
2357118,2357118,Hoplostethus mediterraneus,-33.89166,125.4
2357118,2357118,Hoplostethus mediterraneus,-33.88333,125.4
2357118,2357118,Hoplostethus mediterraneus,-35.583,150.767
2357118,2357118,Hoplostethus mediterraneus,-37.733,150.2
2357118,2357118,Hoplostethus mediterraneus,-37.75,150.233
2357118,2357118,Hoplostethus mediterraneus,-34.317,151.45
2357118,2357118,Hoplostethus mediterraneus,-33.567,152
2357118,2357118,Hoplostethus mediterraneus,-34.35,151.4
2357118,2357118,Hoplostethus mediterraneus,-33.433,152.117
2357118,2357118,Hoplostethus mediterraneus,-35.833,150.567
2357118,2357118,Hoplostethus mediterraneus,-32.917,152.633
2357118,2357118,Hoplostethus mediterraneus,-35.033,151.1
2357118,2357118,Hoplostethus mediterraneus,-33.75,151.867
2357118,2357118,Hoplostethus mediterraneus,-33.383,152.133
2357118,2357118,Hoplostethus mediterraneus,-33.517,152.033
2357118,2357118,Hoplostethus mediterraneus,-34.35,151.417
2357118,2357118,Hoplostethus mediterraneus,-33.617,151.95
2357118,2357118,Hoplostethus mediterraneus,-33.8,151.817
2357118,2357118,Hoplostethus mediterraneus,-37.7,150.283
2357118,2357118,Hoplostethus mediterraneus,-35.567,150.767
2357118,2357118,Hoplostethus mediterraneus,-36.05,150.467
2357118,2357118,Hoplostethus mediterraneus,-33.541668,152.08333
2357118,2357118,Hoplostethus mediterraneus,-33.567,152.067
2357118,2357118,Hoplostethus mediterraneus,-33.55,152.033
2357118,2357118,Hoplostethus mediterraneus,-33.7,151.85
2357118,2357118,Hoplostethus mediterraneus,-32.46667,128.40833
2357118,2357118,Hoplostethus mediterraneus,-33.75,151.75
2357118,2357118,Hoplostethus mediterraneus,-34.317,151.433
2357118,2357118,Hoplostethus mediterraneus,-34.283,151.433
2357118,2357118,Hoplostethus mediterraneus,-33.733,151.867
2357118,2357118,Hoplostethus mediterraneus,-35.5,150.8
2357118,2357118,Hoplostethus mediterraneus,-35.533,150.767
2357118,2357118,Hoplostethus mediterraneus,-32.833,152.7
2357118,2357118,Hoplostethus mediterraneus,-34.9,151.217
2357118,2357118,Hoplostethus mediterraneus,-34.367,151.417
2357118,2357118,Hoplostethus mediterraneus,-34.35,151.417
2357118,2357118,Hoplostethus mediterraneus,-37.617,150.283
2357118,2357118,Hoplostethus mediterraneus,-38.233,149.8
2357118,2357118,Hoplostethus mediterraneus,-38.217,149.8
2357118,2357118,Hoplostethus mediterraneus,-33.75,151.833
2357118,2357118,Hoplostethus mediterraneus,-35.517,150.8
2357118,2357118,Hoplostethus mediterraneus,-35.583,150.733
2357118,2357118,Hoplostethus mediterraneus,-35.583,150.733
2357118,2357118,Hoplostethus mediterraneus,-35.55,150.75
2357118,2357118,Hoplostethus mediterraneus,-20.21667,116.19237
2357118,2357118,Hoplostethus mediterraneus,-33.65,151.9
2357118,2357118,Hoplostethus mediterraneus,-33.75,151.85
2357118,2357118,Hoplostethus mediterraneus,-33.7,151.85
2357118,2357118,Hoplostethus mediterraneus,-33.733,151.85
2357118,2357118,Hoplostethus mediterraneus,-33.667,151.9
2357118,2357118,Hoplostethus mediterraneus,-33.617,151.95
2357118,2357118,Hoplostethus mediterraneus,-33.5,152.083
2357118,2357118,Hoplostethus mediterraneus,-33.5,152.067
2357118,2357118,Hoplostethus mediterraneus,-33.55,152
2357118,2357118,Hoplostethus mediterraneus,-33.633,151.933
2357118,2357118,Hoplostethus mediterraneus,-33.583,151.95
2357118,2357118,Hoplostethus mediterraneus,-33.667,151.883
2357118,2357118,Hoplostethus mediterraneus,-38.2,149.85
2357118,2357118,Hoplostethus mediterraneus,-37.767,150.233
2357118,2357118,Hoplostethus mediterraneus,-37.65,150.25
2357118,2357118,Hoplostethus mediterraneus,-37.7,150.267
2357118,2357118,Hoplostethus mediterraneus,-38.167,149.967
2357118,2357118,Hoplostethus mediterraneus,-38.067,150.05
2357118,2357118,Hoplostethus mediterraneus,-29.858334,153.71666
2357118,2357118,Hoplostethus mediterraneus,-35.767,150.6
2357118,2357118,Hoplostethus mediterraneus,-35.55,150.767
2357118,2357118,Hoplostethus mediterraneus,-35.667,150.667
2357118,2357118,Hoplostethus mediterraneus,-35.75,150.617
2357118,2357118,Hoplostethus mediterraneus,-35.533,150.75
2357118,2357118,Hoplostethus mediterraneus,-33.7,151.883
2357118,2357118,Hoplostethus mediterraneus,-35.55,150.75
2357118,2357118,Hoplostethus mediterraneus,-29.867,153.717
2357118,2357118,Hoplostethus mediterraneus,-33.517,152.05
2357118,2357118,Hoplostethus mediterraneus,-33.633,151.967
2357118,2357118,Hoplostethus mediterraneus,-33.6,151.95
2357118,2357118,Hoplostethus mediterraneus,-33.583,151.967
2357118,2357118,Hoplostethus mediterraneus,-33.667,151.917
2357118,2357118,Hoplostethus mediterraneus,-33.633,151.983
2357118,2357118,Hoplostethus mediterraneus,-33.7,151.883
2357118,2357118,Hoplostethus mediterraneus,-33.517,152.033
2357118,2357118,Hoplostethus mediterraneus,-33.55,152.033
2357118,2357118,Hoplostethus mediterraneus,-37.217,150.367
2357118,2357118,Hoplostethus mediterraneus,-37.7,150.233
2357118,2357118,Hoplostethus mediterraneus,-37.783,150.217
2357118,2357118,Hoplostethus mediterraneus,-37.733,150.217
2357118,2357118,Hoplostethus mediterraneus,-37.683,150.267
2357118,2357118,Hoplostethus mediterraneus,-37.7,150.267
2357118,2357118,Hoplostethus mediterraneus,-37.717,150.233
2357118,2357118,Hoplostethus mediterraneus,-37.65,150.283
2357118,2357118,Hoplostethus mediterraneus,-37.783,150.233
2357118,2357118,Hoplostethus mediterraneus,-37.683,150.283
2357118,2357118,Hoplostethus mediterraneus,-37.733,150.283
2357118,2357118,Hoplostethus mediterraneus,-33.75,151.85
2357118,2357118,Hoplostethus mediterraneus,-34.533,151.333
2357118,2357118,Hoplostethus mediterraneus,-35.55,150.767
2357118,2357118,Hoplostethus mediterraneus,-33.717,151.817
2357118,2357118,Hoplostethus mediterraneus,-37.733,150.233
2357118,2357118,Hoplostethus mediterraneus,-35.5,150.767
2357118,2357118,Hoplostethus mediterraneus,-35.55,150.767
2357118,2357118,Hoplostethus mediterraneus,-34.967,151.117
2357118,2357118,Hoplostethus mediterraneus,-33.633,151.933
2357118,2357118,Hoplostethus mediterraneus,-33.567,152.017
2357118,2357118,Hoplostethus mediterraneus,-33.167,152.4
2357118,2357118,Hoplostethus mediterraneus,-33.483334,127.25
2357118,2357118,Hoplostethus mediterraneus,-33.65,151.917
2357118,2357118,Hoplostethus mediterraneus,-35.683,150.683
2357118,2357118,Hoplostethus mediterraneus,-35.533,150.75
2357118,2357118,Hoplostethus mediterraneus,-35.517,150.767
2357118,2357118,Hoplostethus mediterraneus,-33.533,152
2357118,2357118,Hoplostethus mediterraneus,-35.55,150.767
2357118,2357118,Hoplostethus mediterraneus,-33.633,151.917
2357118,2357118,Hoplostethus mediterraneus,-35.55,150.76666
2357118,2357118,Hoplostethus mediterraneus,-35.533,150.75
2357118,2357118,Hoplostethus mediterraneus,-35.533,150.75
2357118,2357118,Hoplostethus mediterraneus,-35.533,150.783
2357118,2357118,Hoplostethus mediterraneus,-35.5,150.8
2357118,2357118,Hoplostethus mediterraneus,-35.45,150.85
2357118,2357118,Hoplostethus mediterraneus,-35.45,150.85
2357118,2357118,Hoplostethus mediterraneus,-33.433,152.15
2357118,2357118,Hoplostethus mediterraneus,-33.467,152.117
2357118,2357118,Hoplostethus mediterraneus,-33.533,152.05
2357118,2357118,Hoplostethus mediterraneus,-33.45,152.15
2357118,2357118,Hoplostethus mediterraneus,-33.517,152.083
2357118,2357118,Hoplostethus mediterraneus,-33.617,152
2357118,2357118,Hoplostethus mediterraneus,-33.483,152.05
2357118,2357118,Hoplostethus mediterraneus,-35.567,150.75
2357118,2357118,Hoplostethus mediterraneus,-33.55,151.983
2357118,2357118,Hoplostethus mediterraneus,-35.717,150.65
2357118,2357118,Hoplostethus mediterraneus,-35.7,150.65
2357118,2357118,Hoplostethus mediterraneus,-35.783,150.6
2357118,2357118,Hoplostethus mediterraneus,-35.55,150.733
2357118,2357118,Hoplostethus mediterraneus,-35.55,150.75
2357118,2357118,Hoplostethus mediterraneus,-35.667,150.667
2357118,2357118,Hoplostethus mediterraneus,-34.391666,151.41667
2357118,2357118,Hoplostethus mediterraneus,-34.4,151.417
2357118,2357118,Hoplostethus mediterraneus,-35.7,150.65
2357118,2357118,Hoplostethus mediterraneus,-35.583,150.733
2357118,2357118,Hoplostethus mediterraneus,-33.633,151.95
2357118,2357118,Hoplostethus mediterraneus,-33.55,152
2357118,2357118,Hoplostethus mediterraneus,-34.39,151.42
2357118,2357118,Hoplostethus mediterraneus,-33.066666,152.475
2357118,2357118,Hoplostethus mediterraneus,-33.458332,152.08333
2357118,2357118,Hoplostethus mediterraneus,-33.458332,152.08333
2357118,2357118,Hoplostethus mediterraneus,-33.458332,152.08333
2357118,2357118,Hoplostethus mediterraneus,-33.458332,152.08333
2357118,2357118,Hoplostethus mediterraneus,-33.741665,151.875
2357118,2357118,Hoplostethus mediterraneus,-34.08333,132.9257
2357118,2357118,Hoplostethus mediterraneus,-33.32513,126.54237
2357118,2357118,Hoplostethus mediterraneus,-33.35,127.57584
2357118,2357118,Hoplostethus mediterraneus,-34.01666,132.13334
2357118,2357118,Hoplostethus mediterraneus,-33.633335,151.94167
2357118,2357118,Hoplostethus mediterraneus,-33.766666,151.86667
2357118,2357118,Hoplostethus mediterraneus,-33.708332,151.9
2357118,2357118,Hoplostethus mediterraneus,-32.808334,152.73334
2357118,2357118,Hoplostethus mediterraneus,-34.966667,151.14166
2357118,2357118,Hoplostethus mediterraneus,-37.7,150.25
2357118,2357118,Hoplostethus mediterraneus,-33.41819,130.00042
2357118,2357118,Hoplostethus mediterraneus,-33.73333,130.99167
2357118,2357118,Hoplostethus mediterraneus,-33.48402,126.91667
2357118,2357131,Hoplostethus mediterraneus,-38.166667,149.916667
2357118,2357131,Hoplostethus mediterraneus,-38.166667,149.916667
2357118,2357131,Hoplostethus mediterraneus,-38.166667,149.916667
2357118,2357131,Hoplostethus mediterraneus,-38.166667,149.916667
2357118,2357118,Hoplostethus mediterraneus,-38,149
2357118,2357118,Hoplostethus mediterraneus,-32,128.48334
2357118,2357118,Hoplostethus mediterraneus,-32,128.48334
2357118,2357118,Hoplostethus mediterraneus,-32,128.48334
2357118,2357118,Hoplostethus mediterraneus,-32,128.48334
2357118,2357118,Hoplostethus mediterraneus,-32,128.48334
2357118,2357118,Hoplostethus mediterraneus,-32,128.48334
2357118,2357118,Hoplostethus mediterraneus,-32,128.48334
2357118,2357118,Hoplostethus mediterraneus,-37,149.9
2357118,2357118,Hoplostethus mediterraneus,-37,149.9
2357118,2357118,Hoplostethus mediterraneus,-37,149.9
2357118,2357118,Hoplostethus mediterraneus,-33.866665,151.8
2357118,2357118,Hoplostethus mediterraneus,-41.418631,144.741056
2357118,2357118,Hoplostethus mediterraneus,-35.83,138.5
2357118,2357118,Hoplostethus mediterraneus,-31.68333,128.88333
2357118,2357118,Hoplostethus mediterraneus,-32.25,126.7
2357118,2357118,Hoplostethus mediterraneus,-31.71667,128.48333
2357118,2357118,Hoplostethus mediterraneus,-31.833333,128.866667
2357118,2357118,Hoplostethus mediterraneus,-33.3,126.78333
2357118,2357118,Hoplostethus mediterraneus,-33.3,126.78333
2357118,2357118,Hoplostethus mediterraneus,-33.3,126.78333
2357118,2357118,Hoplostethus mediterraneus,-35.35,150
