requested_taxonKey,record_taxonKey,species_name,decimalLatitude,decimalLongitude
2357018,2357018,Myripristis adusta,-12.164165,96.870956
2357018,2357018,Myripristis adusta,-17.328642,119.380808
2357018,2357018,Myripristis adusta,-17.5071,118.9664
2357018,2357018,Myripristis adusta,-17.0698,119.6437
2357018,2357018,Myripristis adusta,-17.0664,119.6417
2357018,2357018,Myripristis adusta,-17.0666,119.6403
2357018,2357018,Myripristis adusta,-17.0666,119.6403
2357018,2357018,Myripristis adusta,-17.0666,119.6403
2357018,2357018,Myripristis adusta,-17.0818,119.6552
2357018,2357018,Myripristis adusta,-17.07,119.64
2357018,2357018,Myripristis adusta,-17.07,119.64
2357018,2357018,Myripristis adusta,-17.253,119.3604
2357018,2357018,Myripristis adusta,-17.2909,119.3593
2357018,2357018,Myripristis adusta,-17.3552,119.3839
2357018,2357018,Myripristis adusta,-17.36,119.38
2357018,2357018,Myripristis adusta,-10.43,105.67
2357018,2357018,Myripristis adusta,-17.5,119.5
