requested_taxonKey,record_taxonKey,species_name,decimalLatitude,decimalLongitude
2357130,2357130,Hoplostethus gigas,-38.83,141.88
2357130,2357130,Hoplostethus gigas,-38.83,141.88
2357130,2357130,Hoplostethus gigas,-38.83,141.88
2357130,2357130,Hoplostethus gigas,-38.83,141.88
2357130,2357130,Hoplostethus gigas,-38.83,141.88
2357130,2357130,Hoplostethus gigas,-38.83,141.88
2357130,2357130,Hoplostethus gigas,-38.83,141.88
2357130,2357130,Hoplostethus gigas,-38.83,141.88
2357130,10601574,Hoplostethus gigas,-38.833,141.883
2357130,2357130,Hoplostethus gigas,-38.83,141.88
2357130,2357130,Hoplostethus gigas,-38.83,141.88
2357130,2357130,Hoplostethus gigas,-33.316667,128.416667
2357130,2357130,Hoplostethus gigas,-33.316667,128.416667
2357130,2357130,Hoplostethus gigas,-33.316667,128.416667
2357130,2357130,Hoplostethus gigas,-33.316667,128.416667
2357130,2357130,Hoplostethus gigas,-33.316667,128.416667
2357130,2357130,Hoplostethus gigas,-33.316667,128.416667
2357130,2357130,Hoplostethus gigas,-33.32,128.42
2357130,2357130,Hoplostethus gigas,-33.32,128.42
2357130,2357130,Hoplostethus gigas,-33.32,128.42
2357130,2357130,Hoplostethus gigas,-33.32,128.42
2357130,2357130,Hoplostethus gigas,-33.32,128.42
2357130,10601574,Hoplostethus gigas,-33.3167,128.417
2357130,10601574,Hoplostethus gigas,-33.3167,128.417
2357130,10601574,Hoplostethus gigas,-33.3167,128.417
2357130,10601574,Hoplostethus gigas,-33.3167,128.417
2357130,10601574,Hoplostethus gigas,-33.3167,128.417
2357130,2357130,Hoplostethus gigas,-33.32,128.42
2357130,2357130,Hoplostethus gigas,-33.32,128.42
2357130,2357130,Hoplostethus gigas,-33.32,128.42
2357130,2357130,Hoplostethus gigas,-33.32,128.42
2357130,2357130,Hoplostethus gigas,-33.32,128.42
2357130,2357130,Hoplostethus gigas,-33.316667,128.416667
2357130,2357130,Hoplostethus gigas,-33.316667,128.416667
2357130,2357130,Hoplostethus gigas,-33.316667,128.416667
2357130,2357130,Hoplostethus gigas,-33.316667,128.416667
2357130,2357130,Hoplostethus gigas,-33.316667,128.416667
2357130,2357130,Hoplostethus gigas,-33.316667,128.416667
2357130,2357130,Hoplostethus gigas,-33.3783,128.53
2357130,2357130,Hoplostethus gigas,-33.5,131.85833
2357130,2357130,Hoplostethus gigas,-33.52,128.95
2357130,2357130,Hoplostethus gigas,-33.3,126.78
2357130,2357130,Hoplostethus gigas,-32.5,128
2357130,2357130,Hoplostethus gigas,-32.5,126
2357130,2357130,Hoplostethus gigas,-35.516666,150.775
2357130,2357130,Hoplostethus gigas,-33.3,126.7
2357130,10601574,Hoplostethus gigas,-38.8,141.73334
