requested_taxonKey,record_taxonKey,species_name,decimalLatitude,decimalLongitude
2357054,2357054,Myripristis pralinia,-30.938695,153.1007
2357054,2357054,Myripristis pralinia,-10.463056,105.643757
2357054,2357054,Myripristis pralinia,-10.452026,105.58239
2357054,7439400,Myripristis pralinia,-21.572778,114.662778
2357054,2357054,Myripristis pralinia,-17.333,119.333
2357054,2357054,Myripristis pralinia,-12.083333,96.85
2357054,2357054,Myripristis pralinia,-17.533,118.983
2357054,2357054,Myripristis pralinia,-17.333,119.333
2357054,2357054,Myripristis pralinia,-17.083,119.583
2357054,2357054,Myripristis pralinia,-10.5,105.666664
2357054,2357054,Myripristis pralinia,-10.5,105.666664
2357054,2357054,Myripristis pralinia,-19.89278,117.58389
2357054,2357054,Myripristis pralinia,-19.95833,117.475
2357054,2357054,Myripristis pralinia,-19.60861,117.68528
2357054,2357054,Myripristis pralinia,-10.48333,105.66667
2357054,2357054,Myripristis pralinia,-10.48333,105.66667
2357054,2357054,Myripristis pralinia,-10.48333,105.66667
2357054,2357054,Myripristis pralinia,-10.48333,105.66667
2357054,2357054,Myripristis pralinia,-17.3,119.36667
2357054,2357054,Myripristis pralinia,-17.3,119.31667
2357054,2357054,Myripristis pralinia,-17.3,119.36667
2357054,2357054,Myripristis pralinia,-17.3,119.36667
2357054,2357054,Myripristis pralinia,-17.26667,119.36667
2357054,2357054,Myripristis pralinia,-17.3,119.316667
2357054,2357054,Myripristis pralinia,-10.43333,105.66667
2357054,2357054,Myripristis pralinia,-12.11667,96.83333
