requested_taxonKey,record_taxonKey,species_name,decimalLatitude,decimalLongitude
2357088,2357088,Gephyroberyx darwinii,-21.723735,113.85555
2357088,2357088,Gephyroberyx darwinii,-21.723735,113.85555
2357088,2357088,Gephyroberyx darwinii,-21.66616,113.95848
2357088,2357088,Gephyroberyx darwinii,-21.71621,113.86374
2357088,10536128,Gephyroberyx darwinii,-31.8333,115.0167
2357088,10536128,Gephyroberyx darwinii,-31.8344,115.0189
2357088,10536128,Gephyroberyx darwinii,-31.8344,115.0189
2357088,10536128,Gephyroberyx darwinii,-27.14667,112.762
2357088,10536128,Gephyroberyx darwinii,-23.99333,112.537
2357088,10536128,Gephyroberyx darwinii,-36.267,150.367
2357088,2357088,Gephyroberyx darwinii,-25.25,112.25
2357088,2357088,Gephyroberyx darwinii,-31.75,114.75
2357088,2357088,Gephyroberyx darwinii,-31.25,114.75
2357088,2357088,Gephyroberyx darwinii,-31.25,114.75
2357088,2357088,Gephyroberyx darwinii,-32.25,114.75
2357088,2357088,Gephyroberyx darwinii,-26.5,112.2
2357088,2357088,Gephyroberyx darwinii,-26.5,112.2
2357088,2357088,Gephyroberyx darwinii,-16.783,119.967
2357088,2357088,Gephyroberyx darwinii,-34.25,114.25
2357088,2357088,Gephyroberyx darwinii,-31.75,114.75
2357088,2357088,Gephyroberyx darwinii,-33.75,114.25
2357088,2357088,Gephyroberyx darwinii,-29.25,114.25
2357088,2357088,Gephyroberyx darwinii,-18.25,118.25
2357088,2357088,Gephyroberyx darwinii,-33.316667,128.416667
2357088,2357088,Gephyroberyx darwinii,-33.316667,128.416667
2357088,2357088,Gephyroberyx darwinii,-33.316667,128.416667
2357088,2357088,Gephyroberyx darwinii,-33.316667,128.416667
2357088,2357088,Gephyroberyx darwinii,-33.316667,128.416667
2357088,2357088,Gephyroberyx darwinii,-33.316667,128.416667
2357088,2357088,Gephyroberyx darwinii,-18.95,117.23
2357088,10536128,Gephyroberyx darwinii,-18.95,117.233
2357088,2357088,Gephyroberyx darwinii,-18.95,117.23
2357088,2357088,Gephyroberyx darwinii,-41.366667,144.316667
2357088,2357088,Gephyroberyx darwinii,-41.38,144.35
2357088,10536128,Gephyroberyx darwinii,-41.38,144.35
2357088,2357088,Gephyroberyx darwinii,-41.38,144.35
2357088,2357088,Gephyroberyx darwinii,-41.366667,144.316667
2357088,2357088,Gephyroberyx darwinii,-21.743334,113.87334
2357088,2357088,Gephyroberyx darwinii,-21.74333,113.87334
2357088,2357088,Gephyroberyx darwinii,-21.743334,113.87334
2357088,2357088,Gephyroberyx darwinii,-27.126667,112.74084
2357088,2357088,Gephyroberyx darwinii,-27.126667,112.74084
2357088,2357088,Gephyroberyx darwinii,-27.126667,112.74084
2357088,2357088,Gephyroberyx darwinii,-30.0017,114.463
2357088,2357088,Gephyroberyx darwinii,-30,114.118
2357088,2357088,Gephyroberyx darwinii,-31.2833,114.877
2357088,2357088,Gephyroberyx darwinii,-29.3417,113.972
2357088,2357088,Gephyroberyx darwinii,-27.126667,112.74084
2357088,2357088,Gephyroberyx darwinii,-29.32583,113.95917
2357088,2357088,Gephyroberyx darwinii,-31.26583,114.87417
2357088,2357088,Gephyroberyx darwinii,-29.98833,114.44667
2357088,2357088,Gephyroberyx darwinii,-31.89417,115.08584
2357088,2357088,Gephyroberyx darwinii,-38.58,141.93
2357088,2357088,Gephyroberyx darwinii,-19.817,113.567
2357088,2357088,Gephyroberyx darwinii,-32.991667,114.556667
2357088,2357088,Gephyroberyx darwinii,-32.991667,114.556667
2357088,2357088,Gephyroberyx darwinii,-17.016667,120.233333
2357088,2357088,Gephyroberyx darwinii,-17.016667,120.233333
2357088,2357088,Gephyroberyx darwinii,-37.5,149.98334
2357088,2357088,Gephyroberyx darwinii,-34.593887,123.744446
2357088,2357088,Gephyroberyx darwinii,-17.083,119.5
2357088,2357088,Gephyroberyx darwinii,-29.716667,114.3
2357088,2357088,Gephyroberyx darwinii,-29.716667,114.3
2357088,2357088,Gephyroberyx darwinii,-17.85,118.5
2357088,2357088,Gephyroberyx darwinii,-27.917,153.917
2357088,2357088,Gephyroberyx darwinii,-27.94,153.92
2357088,2357088,Gephyroberyx darwinii,-32.358334,152.99167
2357088,2357088,Gephyroberyx darwinii,-32.383,152.983
2357088,2357088,Gephyroberyx darwinii,-33.80055,124.8507
2357088,2357088,Gephyroberyx darwinii,-34.75,137.65
2357088,2357088,Gephyroberyx darwinii,-17.96667,118.3
2357088,2357088,Gephyroberyx darwinii,-25.333333,112.15
2357088,2357088,Gephyroberyx darwinii,-27.766667,112.916667
2357088,2357088,Gephyroberyx darwinii,-36.2,150.38333
2357088,2357088,Gephyroberyx darwinii,-36.2,150.38333
