requested_taxonKey,record_taxonKey,species_name,decimalLatitude,decimalLongitude
2357097,2357097,Sorosichthys ananassa,-23.969361,113.361148
2357097,2357097,Sorosichthys ananassa,-23.969361,113.361148
2357097,2357097,Sorosichthys ananassa,-35.407833,137.911
2357097,10147553,Sorosichthys ananassa,-35.4078,137.911
2357097,2357097,Sorosichthys ananassa,-35.407833,137.911
2357097,2357097,Sorosichthys ananassa,-34.56069,136.54807
2357097,2357097,Sorosichthys ananassa,-35.2139,137.825
2357097,2357097,Sorosichthys ananassa,-35.2139,137.825
2357097,10147553,Sorosichthys ananassa,-35.2139,137.825
2357097,2357097,Sorosichthys ananassa,-25.902167,112.829
2357097,10147553,Sorosichthys ananassa,-25.9063,112.827
2357097,2357097,Sorosichthys ananassa,-25.902167,112.829
2357097,2357097,Sorosichthys ananassa,-32.083332,115.416664
2357097,2357097,Sorosichthys ananassa,-33,129.533333
2357097,2357097,Sorosichthys ananassa,-33,129.533333
2357097,2357097,Sorosichthys ananassa,-34.4333,123.7333
2357097,2357097,Sorosichthys ananassa,-34.33,123.7
2357097,2357097,Sorosichthys ananassa,-33.633,124.8
2357097,2357097,Sorosichthys ananassa,-32.3,115.5
2357097,2357097,Sorosichthys ananassa,-28.8,114.05
2357097,2357097,Sorosichthys ananassa,-32.25,115.66667
2357097,2357097,Sorosichthys ananassa,-34.15,121.76667
2357097,2357097,Sorosichthys ananassa,-32.53333,115.11667
2357097,2357097,Sorosichthys ananassa,-21.2,115.63333
2357097,2357097,Sorosichthys ananassa,-28.75,113.83333
2357097,2357097,Sorosichthys ananassa,-27.3,113.26667
2357097,2357097,Sorosichthys ananassa,-34.95,116.48333
2357097,2357097,Sorosichthys ananassa,-32.2,115.66667
2357097,2357097,Sorosichthys ananassa,-34.083333,123.266667
2357097,2357097,Sorosichthys ananassa,-35.116667,116.25
2357097,2357097,Sorosichthys ananassa,-28.4575,113.843611
