requested_taxonKey,record_taxonKey,species_name,decimalLatitude,decimalLongitude
2357028,2357028,Myripristis violacea,-12.200564,96.866186
2357028,2357028,Myripristis violacea,-21.9157,113.970103
2357028,2357028,Myripristis violacea,-17.328642,119.380808
2357028,2357028,Myripristis violacea,-21.827099,114.181747
2357028,2357028,Myripristis violacea,-21.622136,114.381132
2357028,2357028,Myripristis violacea,-23.04,113.82
2357028,2357028,Myripristis violacea,-23.04,113.82
2357028,2357028,Myripristis violacea,-17.5699,118.9719
2357028,2357028,Myripristis violacea,-17.5699,118.9719
2357028,2357028,Myripristis violacea,-17.5699,118.9719
2357028,2357028,Myripristis violacea,-17.5699,118.9719
2357028,2357028,Myripristis violacea,-17.6102,118.9747
2357028,2357028,Myripristis violacea,-17.6102,118.9747
2357028,2357028,Myripristis violacea,-17.548,118.9737
2357028,2357028,Myripristis violacea,-17.548,118.9737
2357028,2357028,Myripristis violacea,-17.5473,118.9668
2357028,2357028,Myripristis violacea,-17.5531,118.9738
2357028,2357028,Myripristis violacea,-17.5475,118.9688
2357028,2357028,Myripristis violacea,-17.5582,118.9724
2357028,2357028,Myripristis violacea,-17.5582,118.9724
2357028,2357028,Myripristis violacea,-17.5582,118.9724
2357028,2357028,Myripristis violacea,-17.5582,118.9724
2357028,2357028,Myripristis violacea,-17.5022,118.9628
2357028,2357028,Myripristis violacea,-17.1337,119.6339
2357028,2357028,Myripristis violacea,-17.0764,119.6539
2357028,2357028,Myripristis violacea,-17.0658,119.6494
2357028,2357028,Myripristis violacea,-17.0658,119.6494
2357028,2357028,Myripristis violacea,-17.0698,119.6437
2357028,2357028,Myripristis violacea,-17.0698,119.6437
2357028,2357028,Myripristis violacea,-17.062,119.6482
2357028,2357028,Myripristis violacea,-17.062,119.6482
2357028,2357028,Myripristis violacea,-17.0818,119.6552
2357028,2357028,Myripristis violacea,-17.0818,119.6552
2357028,2357028,Myripristis violacea,-17.07,119.64
2357028,2357028,Myripristis violacea,-17.08,119.65
2357028,2357028,Myripristis violacea,-17.5,118.96
2357028,2357028,Myripristis violacea,-17.03,119.62
2357028,2357028,Myripristis violacea,-17.2461,119.352
2357028,2357028,Myripristis violacea,-17.2461,119.352
2357028,2357028,Myripristis violacea,-17.3552,119.3839
2357028,2357028,Myripristis violacea,-17.3552,119.3839
2357028,2357028,Myripristis violacea,-20.4367,117.1048
2357028,2357028,Myripristis violacea,-20.366,115.5087
2357028,2357028,Myripristis violacea,-20.366,115.5087
2357028,2357028,Myripristis violacea,-20.5066,115.5647
2357028,2357028,Myripristis violacea,-20.4659,115.5468
2357028,2357028,Myripristis violacea,-20.5066,115.5647
2357028,2357028,Myripristis violacea,-20.5066,115.5647
2357028,2357028,Myripristis violacea,-20.51,115.56
2357028,2357028,Myripristis violacea,-21.8697,114.1581
2357028,2357028,Myripristis violacea,-21.82729,114.1801
2357028,2357028,Myripristis violacea,-21.9041,113.9433
2357028,2357028,Myripristis violacea,-21.90414,113.94328
2357028,2357028,Myripristis violacea,-21.6,114.510556
2357028,2357028,Myripristis violacea,-21.572778,114.662778
2357028,2357028,Myripristis violacea,-21.601667,114.625278
2357028,2357028,Myripristis violacea,-21.445278,114.992222
2357028,2357028,Myripristis violacea,-17.333,119.333
2357028,2357028,Myripristis violacea,-17.333,119.333
2357028,2357028,Myripristis violacea,-17.333,119.333
2357028,2357028,Myripristis violacea,-17.083,119.583
2357028,2357028,Myripristis violacea,-17.083,119.583
2357028,2357028,Myripristis violacea,-36.09236,139.01833
2357028,2357028,Myripristis violacea,-20.46667,116.53333
2357028,2357028,Myripristis violacea,-17.3,119.36667
2357028,2357028,Myripristis violacea,-17.3,119.35
2357028,2357028,Myripristis violacea,-17.3,119.36667
2357028,2357028,Myripristis violacea,-17.3,119.36667
2357028,2357028,Myripristis violacea,-17.3,119.36667
2357028,2357028,Myripristis violacea,-12.15,96.85
2357028,2357028,Myripristis violacea,-22.55,113.65
2357028,2357028,Myripristis violacea,-20.406667,115.56
2357028,2357028,Myripristis violacea,-20.468333,115.545
2357028,2357028,Myripristis violacea,-20.35,116.833333
2357028,2357028,Myripristis violacea,-17.0724,119.62708
