requested_taxonKey,record_taxonKey,species_name,decimalLatitude,decimalLongitude
2357039,2357039,Myripristis hexagona,-21.822134,114.188629
2357039,2357039,Myripristis hexagona,-19.58,119.1106
2357039,2357039,Myripristis hexagona,-19.5758,119.1067
2357039,2357039,Myripristis hexagona,-19.5887,119.1113
2357039,2357039,Myripristis hexagona,-19.5909,119.1106
2357039,2357039,Myripristis hexagona,-19.5909,119.1106
2357039,2357039,Myripristis hexagona,-20.4367,117.1048
2357039,2357039,Myripristis hexagona,-20.4367,117.1048
2357039,2357039,Myripristis hexagona,-20.4005,116.9171
2357039,2357039,Myripristis hexagona,-20.4568,116.5864
2357039,2357039,Myripristis hexagona,-20.4568,116.5864
2357039,2357039,Myripristis hexagona,-20.4629,116.5745
2357039,2357039,Myripristis hexagona,-20.4568,116.5864
2357039,2357039,Myripristis hexagona,-20.4629,116.5745
2357039,2357039,Myripristis hexagona,-20.6151,116.4763
2357039,2357039,Myripristis hexagona,-20.4513,115.6051
2357039,2357039,Myripristis hexagona,-20.4513,115.6051
2357039,2357039,Myripristis hexagona,-20.4513,115.6051
2357039,2357039,Myripristis hexagona,-20.4513,115.6051
2357039,2357039,Myripristis hexagona,-20.366,115.5087
2357039,2357039,Myripristis hexagona,-20.366,115.5087
2357039,2357039,Myripristis hexagona,-20.556,115.5725
2357039,2357039,Myripristis hexagona,-20.556,115.5725
2357039,2357039,Myripristis hexagona,-20.556,115.5725
2357039,2357039,Myripristis hexagona,-20.555,115.5731
2357039,2357039,Myripristis hexagona,-20.555,115.5731
2357039,2357039,Myripristis hexagona,-20.629,115.5832
2357039,2357039,Myripristis hexagona,-20.629,115.5832
2357039,2357039,Myripristis hexagona,-21.6508,114.3769
2357039,2357039,Myripristis hexagona,-21.6702,114.3525
2357039,2357039,Myripristis hexagona,-20.6195,116.5185
2357039,2357039,Myripristis hexagona,-20.63,115.58
2357039,2357039,Myripristis hexagona,-20.63,115.58
2357039,2357039,Myripristis hexagona,-20.46,115.55
2357039,2357039,Myripristis hexagona,-20.45,115.48
2357039,2357039,Myripristis hexagona,-21.08,115.51
2357039,2357039,Myripristis hexagona,-20.76,115.57
2357039,2357039,Myripristis hexagona,-21.65,114.38
2357039,2357039,Myripristis hexagona,-20.55,115.57
2357039,2357039,Myripristis hexagona,-20.48333,116.61667
2357039,2357039,Myripristis hexagona,-20.48333,116.53333
2357039,2357039,Myripristis hexagona,-20.48333,116.53333
2357039,2357039,Myripristis hexagona,-20.46667,116.53333
2357039,2357039,Myripristis hexagona,-28.63333,153.61667
2357039,2357039,Myripristis hexagona,-20.468333,115.545
2357039,2357039,Myripristis hexagona,-20.6,116.583333
2357039,2357039,Myripristis hexagona,-20.433333,116.666667
2357039,2357039,Myripristis hexagona,-20.4,116.766667
2357039,2357039,Myripristis hexagona,-20.4,116.916667
2357039,2357039,Myripristis hexagona,-20.35,116.833333
2357039,2357039,Myripristis hexagona,-20.35,116.833333
2357039,2357039,Myripristis hexagona,-20.583333,116.466667
